date,low,high,open,coinbase_close,coinbase_volume
2021-01-01,332.0,355.84,342.55,342.72,45970.52299785
2021-01-02,334.15,368.97,342.56,354.53,86995.24590346
2021-01-03,354.48,434.95,354.72,424.27,212418.06389755
2021-01-04,378.89,467.76,424.33,405.59,164047.17843106
2021-01-05,389.72,426.14,405.91,419.7,95110.91175342
2021-01-06,411.46,459.0,419.86,454.24,106084.98848917
2021-01-07,427.28,484.18,454.8,448.75,142798.85312883
2021-01-08,402.0,455.63,448.95,437.37,93507.96295658
2021-01-09,418.18,654.32,437.25,577.79,289479.29614261
2021-01-10,550.0,632.64,577.78,600.21,415719.60992654
2021-01-11,397.46,603.38,600.21,478.37,447891.8902595
2021-01-12,443.12,512.44,478.17,451.82,172152.73651821
2021-01-13,433.83,501.0,451.92,496.39,146304.6449443
2021-01-14,481.45,538.89,495.86,526.68,126133.37852909
2021-01-15,452.62,535.0,526.71,491.47,122795.36929696
2021-01-16,473.87,515.12,491.61,489.65,93847.79247922
2021-01-17,461.44,495.13,489.78,479.61,63199.77536512
2021-01-18,468.0,514.0,479.57,508.46,84002.19480882
2021-01-19,502.44,554.74,508.45,508.16,121567.4677295
2021-01-20,471.2,518.48,507.92,497.64,75321.39050207
2021-01-21,404.35,499.93,497.64,418.46,106433.45040223
2021-01-22,391.0,452.55,418.29,439.69,110386.74824813
2021-01-23,419.25,444.62,439.72,431.58,60341.79864175
2021-01-24,421.64,449.0,431.73,439.87,44438.77827314
2021-01-25,429.81,465.8,439.88,432.26,86911.3444891
2021-01-26,413.54,440.63,432.13,427.87,54866.62029175
2021-01-27,369.92,428.39,427.89,378.23,77431.64535495
2021-01-28,371.23,415.69,378.44,405.97,86394.69706132
2021-01-29,391.75,439.79,405.96,407.64,142005.24443104
2021-01-30,392.0,419.73,407.76,417.76,60047.33548659
2021-01-31,391.2,417.68,417.68,400.14,54406.95869503
2021-02-01,390.01,444.64,399.94,414.39,93222.24028441
2021-02-02,411.02,435.16,414.59,430.46,76292.99236503
2021-02-03,428.7,450.47,430.62,447.31,74807.37387661
2021-02-04,412.96,455.9,447.17,421.6,92326.79010837
2021-02-05,417.84,449.0,421.6,448.0,87172.5278414
2021-02-06,446.25,490.61,447.99,458.66,183829.99760323
2021-02-07,430.0,464.94,459.03,445.56,95176.00917736
2021-02-08,437.03,488.85,445.61,484.79,102877.88383984
2021-02-09,473.31,520.0,484.8,515.74,144363.39315742
2021-02-10,469.26,539.68,515.6,495.06,163789.46103338
2021-02-11,490.71,542.31,495.06,530.41,128771.28548889
2021-02-12,510.19,581.25,530.39,577.48,135994.75445629
2021-02-13,542.03,671.96,577.45,669.29,230977.89880507
2021-02-14,650.0,754.22,668.8,722.73,284929.89540937
2021-02-15,600.0,773.89,722.57,716.08,310876.99844031
2021-02-16,669.49,744.89,716.0,706.08,138665.27666866
2021-02-17,675.54,728.0,705.32,717.31,109594.07609682
2021-02-18,689.71,730.0,717.18,703.56,78910.49176879
2021-02-19,680.0,743.0,704.15,719.76,95604.75015374
2021-02-20,630.01,748.93,720.04,680.0,129327.86937687
2021-02-21,667.01,736.54,680.0,707.23,84900.99726577
2021-02-22,530.16,711.35,707.38,629.44,153115.29865925
2021-02-23,445.0,634.74,628.99,516.48,244703.62283097
2021-02-24,495.26,578.04,516.48,527.74,136412.12290565
2021-02-25,493.89,558.44,527.84,500.29,88704.36275812
2021-02-26,456.05,508.97,499.9,484.82,89988.47139185
2021-02-27,473.98,502.0,484.76,484.22,49999.4092521
2021-02-28,432.0,485.99,484.16,461.23,78353.53039828
2021-03-01,458.3,507.12,460.81,501.5,62316.73853365
2021-03-02,494.63,550.0,501.79,517.87,95710.39776257
2021-03-03,511.5,556.0,517.76,521.17,63431.41865251
2021-03-04,492.64,538.87,521.18,505.03,57103.58700511
2021-03-05,472.78,507.62,505.18,497.4,58205.35782918
2021-03-06,482.38,505.28,497.33,500.59,27624.56490844
2021-03-07,501.32,520.59,501.32,516.37,32329.96323585
2021-03-08,502.0,529.84,516.67,529.75,44246.58115084
2021-03-09,523.6,547.53,529.46,545.59,51791.09611203
2021-03-10,517.23,568.81,545.81,546.9,72387.27372912
2021-03-11,528.5,564.79,547.02,550.21,49637.04650786
2021-03-12,509.54,563.68,550.35,539.0,52117.67513146
2021-03-13,521.64,608.82,538.96,593.8,84127.59523841
2021-03-14,552.0,601.63,593.96,552.77,50089.56119246
2021-03-15,514.68,567.91,552.77,524.0,71227.4655976
2021-03-16,502.35,537.96,523.76,528.68,47970.5158271
2021-03-17,511.8,542.0,528.6,541.57,31174.07541363
2021-03-18,522.73,547.14,541.82,528.3,31491.35112799
2021-03-19,516.99,550.91,528.67,532.47,36264.86985709
2021-03-20,529.62,551.93,532.31,536.23,30403.34117926
2021-03-21,515.63,543.44,536.25,524.38,25680.51959957
2021-03-22,506.56,539.14,524.38,509.65,41770.51304527
2021-03-23,505.69,532.93,509.43,510.92,49922.63743174
2021-03-24,442.79,529.99,510.67,473.97,72925.92030331
2021-03-25,450.75,482.73,473.75,472.76,65519.04299076
2021-03-26,470.25,508.48,472.75,506.33,45600.46669751
2021-03-27,485.4,510.17,506.68,500.61,31711.26788893
2021-03-28,488.21,505.85,500.84,497.16,29671.91155409
2021-03-29,491.21,524.0,497.17,518.42,44096.5646604
2021-03-30,511.07,536.68,518.36,525.75,35984.58391517
2021-03-31,502.85,545.0,525.86,541.16,58726.31349419
2021-04-01,529.1,559.72,541.44,555.92,51304.11431622
2021-04-02,545.25,597.86,556.72,580.65,59063.71013505
2021-04-03,530.01,595.64,580.55,531.44,47903.77576754
2021-04-04,521.75,564.17,531.12,560.87,40576.88412652
2021-04-05,553.63,647.33,560.96,646.81,94270.10133873
2021-04-06,615.0,674.0,646.96,662.24,82939.44029189
2021-04-07,595.8,693.36,662.74,616.43,113324.08057379
2021-04-08,610.53,643.77,616.09,643.26,38096.91126637
2021-04-09,625.39,649.71,643.35,631.31,37409.81771686
2021-04-10,624.4,680.81,631.56,673.31,51647.35165647
2021-04-11,669.45,715.0,673.57,689.38,59876.03920084
2021-04-12,652.38,696.15,689.44,670.46,38110.72466758
2021-04-13,666.97,751.64,670.41,744.81,77695.34176475
2021-04-14,744.81,845.67,744.81,815.05,163900.96922332
2021-04-15,797.39,879.0,814.86,866.3,94253.49538265
2021-04-16,820.09,1177.11,866.31,1105.38,344009.68626071
2021-04-17,990.75,1216.45,1105.38,992.74,194652.81196487
2021-04-18,820.0,1017.93,992.55,975.73,232248.16558312
2021-04-19,870.41,1042.32,974.45,892.36,142349.45160041
2021-04-20,828.28,975.0,892.71,941.9,160667.83599554
2021-04-21,900.0,999.99,941.28,910.22,101457.33043524
2021-04-22,841.23,972.0,910.29,853.97,129486.84885394
2021-04-23,689.0,874.2,853.8,840.39,177999.36750354
2021-04-24,749.05,840.76,840.65,772.47,75571.12726733
2021-04-25,716.57,807.0,772.74,760.47,61892.89633507
2021-04-26,751.95,850.67,760.45,849.98,82874.87684904
2021-04-27,822.38,892.99,849.53,890.85,62924.91140158
2021-04-28,853.82,930.51,890.88,911.14,88504.6924459
2021-04-29,859.08,915.71,912.0,880.71,56485.88157341
2021-04-30,869.69,1000.02,880.99,997.0,90742.20199313
2021-05-01,977.11,1031.97,996.99,1005.22,73206.08286777
2021-05-02,951.62,1011.67,1005.1,973.45,50022.23059767
2021-05-03,972.5,1049.63,973.39,1015.68,83278.82523396
2021-05-04,933.77,1055.0,1016.07,951.03,121416.48688027
2021-05-05,940.0,1484.95,951.48,1454.85,328944.2629073
2021-05-06,1271.16,1608.62,1454.46,1509.89,284698.77423906
2021-05-07,1273.27,1512.34,1509.92,1341.6,150719.09875605
2021-05-08,1323.9,1450.0,1342.29,1399.02,97084.26844093
2021-05-09,1283.83,1431.99,1398.64,1430.3,77010.5481303
2021-05-10,1198.84,1572.45,1429.78,1321.83,171428.8737463
2021-05-11,1301.55,1552.02,1322.18,1550.88,143505.24997143
2021-05-12,1201.0,1642.0,1550.21,1232.08,179258.04688065
2021-05-13,1129.98,1345.68,1232.09,1257.95,219815.45315365
2021-05-14,1225.35,1363.51,1257.48,1297.39,87353.56973618
2021-05-15,1160.0,1336.97,1297.99,1170.99,89415.28155637
2021-05-16,1098.3,1282.72,1170.75,1167.59,102489.84114769
2021-05-17,989.71,1169.34,1168.14,1068.76,177401.48111957
2021-05-18,1051.69,1166.99,1069.29,1091.45,74892.32082333
2021-05-19,500.0,1113.44,1090.56,695.99,299168.98059428
2021-05-20,614.28,868.55,696.14,820.88,242224.47291015
2021-05-21,604.61,853.13,820.87,689.13,258904.84950128
2021-05-22,600.08,722.79,688.9,630.53,172443.59868483
2021-05-23,467.8,659.84,630.9,553.42,263633.8636651
2021-05-24,539.19,761.24,553.05,754.4,201836.92094018
2021-05-25,671.06,793.98,755.0,719.9,194845.43600995
2021-05-26,707.71,789.99,720.48,765.34,129112.59119841
2021-05-27,701.0,807.27,765.15,750.59,111969.3636732
2021-05-28,652.96,761.58,750.06,689.2,132889.56158619
2021-05-29,618.45,721.6,689.45,652.42,103252.6437019
2021-05-30,616.87,689.02,652.6,661.57,89226.89462324
2021-05-31,635.02,714.2,662.01,702.65,81598.33652328
2021-06-01,668.15,721.11,702.55,691.25,55250.18239841
2021-06-02,674.72,716.42,691.22,697.69,41651.99231221
2021-06-03,687.84,735.65,697.86,718.85,40854.735849
2021-06-04,643.22,720.24,718.98,671.48,48365.21799658
2021-06-05,634.19,688.86,671.73,649.48,41430.57402033
2021-06-06,644.79,670.3,649.35,655.95,31637.8479804
2021-06-07,590.78,670.11,656.36,596.36,44798.39470561
2021-06-08,543.77,605.79,596.37,595.93,82802.6399501
2021-06-09,566.47,638.4,595.6,635.0,55455.80962343
2021-06-10,588.93,640.0,635.0,601.59,36405.49428675
2021-06-11,569.74,611.27,601.97,577.12,33169.87300373
2021-06-12,547.76,592.0,577.12,580.0,35964.94363258
2021-06-13,558.92,615.42,580.23,613.88,32080.81750568
2021-06-14,599.17,641.72,613.87,641.68,37736.8903138
2021-06-15,616.3,650.0,641.69,627.14,32659.809125
2021-06-16,589.86,627.75,627.15,593.47,32527.36885773
2021-06-17,583.45,620.91,593.46,599.24,28683.59152429
2021-06-18,545.17,599.68,598.98,562.94,33256.22656091
2021-06-19,551.6,581.86,563.26,552.32,22904.45532687
2021-06-20,513.94,560.89,551.89,556.71,24692.4916121
2021-06-21,454.99,559.7,556.19,455.7,71321.60212657
2021-06-22,387.33,478.49,455.61,444.44,109690.66958203
2021-06-23,428.34,486.0,444.48,473.08,46043.38288028
2021-06-24,455.42,495.85,473.08,486.88,31894.58983862
2021-06-25,449.42,497.13,486.95,449.42,29553.10780535
2021-06-26,428.53,464.51,449.13,460.31,27823.17490778
2021-06-27,446.92,478.37,460.17,477.73,23755.87247532
2021-06-28,472.07,518.55,478.3,501.62,57191.84182421
2021-06-29,499.58,547.22,501.62,524.14,38138.73373268
2021-06-30,498.45,534.55,524.13,526.9,28577.77894068
2021-07-01,485.69,527.23,527.23,496.62,44363.41851345
2021-07-02,475.84,504.81,496.62,496.14,21351.64244986
2021-07-03,488.15,514.72,495.98,505.41,13967.9481143
2021-07-04,495.51,541.85,505.74,526.96,21089.13944032
2021-07-05,487.37,527.13,526.48,504.61,20641.42489021
2021-07-06,500.0,525.89,504.57,511.52,14905.45093201
2021-07-07,505.47,537.99,511.13,509.09,24444.2759977
2021-07-08,479.47,511.0,508.21,490.38,22132.93324675
2021-07-09,470.84,510.24,490.24,504.38,22147.52867419
2021-07-10,483.86,511.3,504.46,497.27,14572.50852091
2021-07-11,489.29,503.75,497.28,498.15,11165.78745128
2021-07-12,471.25,509.09,498.15,479.92,17509.62584202
2021-07-13,459.93,484.69,479.45,465.05,20264.49297474
2021-07-14,443.78,478.34,465.1,467.2,22588.20625937
2021-07-15,443.83,473.76,467.2,455.75,18984.2687905
2021-07-16,436.97,464.65,455.77,438.14,17270.2681479
2021-07-17,430.15,446.84,438.28,436.09,20194.13848897
2021-07-18,431.95,453.48,436.36,438.29,10434.9470256
2021-07-19,413.11,441.52,438.07,414.97,18538.29277213
2021-07-20,384.26,422.29,415.04,398.67,34660.28743033
2021-07-21,392.23,435.63,398.67,431.01,22213.75139814
2021-07-22,424.34,445.49,430.83,442.01,12666.01113249
2021-07-23,431.41,456.32,442.18,454.97,12156.81386999
2021-07-24,450.39,465.0,455.14,459.08,19567.40004677
2021-07-25,441.66,459.99,459.05,455.47,18280.94806124
2021-07-26,453.28,518.03,455.44,481.32,65220.43007622
2021-07-27,467.61,504.12,481.42,502.14,39152.35311024
2021-07-28,489.94,519.5,502.14,511.9,41215.26768635
2021-07-29,498.77,547.22,511.9,539.0,37129.24259145
2021-07-30,517.66,553.57,539.0,553.24,32537.0753777
2021-07-31,537.19,559.48,553.32,546.05,20646.20359136
2021-08-01,514.08,563.56,546.2,526.31,30232.43438011
2021-08-02,519.75,567.44,526.46,543.31,37887.26722357
2021-08-03,521.73,551.95,543.36,538.5,25330.12437589
2021-08-04,524.68,552.6,538.5,545.62,24399.41687665
2021-08-05,522.91,550.88,545.62,548.99,31594.4012852
2021-08-06,537.05,561.0,549.0,557.61,30231.54619369
2021-08-07,553.83,590.89,557.69,584.14,34543.85330798
2021-08-08,555.0,590.09,583.99,556.3,25963.14415622
2021-08-09,543.26,601.11,556.14,591.62,41690.11731478
2021-08-10,573.69,606.87,591.5,592.43,29755.81142868
2021-08-11,590.65,632.98,592.12,620.74,33393.22253983
2021-08-12,592.29,649.96,620.57,606.51,33508.0701133
2021-08-13,601.85,655.71,606.5,654.95,44071.27831011
2021-08-14,642.55,693.21,654.77,692.35,34118.10006023
2021-08-15,672.79,709.79,692.16,703.59,37366.61259082
2021-08-16,673.25,715.0,703.6,673.58,34502.28648577
2021-08-17,637.66,691.28,673.27,638.77,44051.37927661
2021-08-18,620.14,655.45,638.12,631.94,34231.61019384
2021-08-19,619.71,660.19,631.75,660.19,21956.46527922
2021-08-20,652.35,700.21,659.91,694.41,26956.21121327
2021-08-21,671.92,700.46,694.42,675.8,25283.30500855
2021-08-22,652.85,690.0,675.86,672.42,18281.00010719
2021-08-23,664.36,694.93,672.86,678.63,26986.85641345
2021-08-24,633.83,684.07,678.53,637.44,30894.42797158
2021-08-25,626.87,659.05,636.61,651.15,21902.52987456
2021-08-26,605.13,656.56,650.61,606.26,32878.51860628
2021-08-27,596.16,636.63,606.46,635.98,24600.55774778
2021-08-28,622.73,647.15,636.15,646.99,17847.52613722
2021-08-29,646.73,692.83,647.06,659.64,50179.3479553
2021-08-30,630.72,665.67,659.74,633.0,33184.75602956
2021-08-31,624.28,651.53,632.9,636.82,28311.88752953
2021-09-01,626.13,657.44,636.58,655.74,29433.51234349
2021-09-02,652.69,674.47,655.82,664.59,27487.99648269
2021-09-03,651.35,721.81,664.69,713.91,56377.39879882
2021-09-04,696.85,735.08,714.13,709.53,33700.75508649
2021-09-05,698.71,767.81,709.58,765.18,38517.7745923
2021-09-06,741.61,804.17,765.0,784.93,55028.22331018
2021-09-07,582.28,788.27,785.19,673.48,78873.73065341
2021-09-08,644.19,680.1,673.52,662.92,37723.7484191
2021-09-09,655.43,673.71,662.92,661.28,23917.78274565
2021-09-10,618.22,673.85,661.39,628.72,21902.25061296
2021-09-11,625.7,647.89,628.56,636.48,14913.94509769
2021-09-12,623.2,655.28,636.48,646.55,16750.33187251
2021-09-13,591.55,661.22,646.37,614.35,41640.14087516
2021-09-14,608.93,643.15,614.45,640.94,21774.64440205
2021-09-15,632.48,657.2,640.83,653.1,15232.011457
2021-09-16,626.08,655.52,653.32,639.3,37151.50257434
2021-09-17,612.78,647.93,639.33,621.33,34163.40616144
2021-09-18,614.65,638.29,621.69,630.71,21257.04756273
2021-09-19,602.46,647.43,630.88,609.05,30005.35295841
2021-09-20,530.19,609.44,609.05,542.23,54274.66317539
2021-09-21,496.83,552.44,542.59,504.22,42351.9263722
2021-09-22,496.74,548.32,505.47,547.92,31196.62825873
2021-09-23,532.62,554.06,547.87,553.06,24981.52717905
2021-09-24,479.12,556.9,552.89,513.61,51736.52152477
2021-09-25,502.14,523.47,513.74,517.03,24296.19088635
2021-09-26,481.08,520.21,517.17,503.39,30975.61774183
2021-09-27,487.84,515.43,503.41,488.31,28097.4460837
2021-09-28,472.58,499.29,488.31,474.09,29725.67017242
2021-09-29,471.2,498.0,473.89,484.86,30368.58144308
2021-09-30,481.74,505.95,484.91,502.81,23643.71745727
2021-10-01,500.43,545.0,502.85,544.01,29999.5722749
2021-10-02,536.82,560.23,544.0,552.25,17997.25578292
2021-10-03,544.87,579.32,552.66,571.41,21629.24532481
2021-10-04,530.56,571.5,571.5,550.68,30933.74935466
2021-10-05,549.01,599.99,550.89,594.7,42712.06581392
2021-10-06,562.34,625.86,595.08,617.19,69567.36378291
2021-10-07,598.07,636.84,617.32,611.62,49347.90335678
2021-10-08,587.77,617.99,611.67,596.51,35208.37718908
2021-10-09,591.58,625.0,596.66,615.27,38146.659467
2021-10-10,582.47,623.31,615.38,585.11,30792.50752381
2021-10-11,576.59,618.42,584.67,600.93,35710.97439271
2021-10-12,567.98,600.93,600.88,587.92,33094.97799
2021-10-13,571.3,594.73,587.85,593.29,28417.74579548
2021-10-14,590.31,608.26,593.29,599.13,27975.34515364
2021-10-15,585.67,636.96,599.15,625.5,61588.48971314
2021-10-16,623.55,648.84,625.44,625.36,31255.94214588
2021-10-17,590.0,628.68,625.67,612.41,25785.94217942
2021-10-18,598.23,619.77,612.41,611.26,21400.05716202
2021-10-19,599.17,624.98,611.34,618.5,28593.55792132
2021-10-20,605.26,648.75,618.36,644.73,39173.14891641
2021-10-21,621.0,655.98,644.76,623.29,48728.67880672
2021-10-22,612.37,637.15,623.44,624.17,30245.47578266
2021-10-23,614.39,638.0,624.25,629.11,25458.77739352
2021-10-24,605.16,633.13,629.16,617.08,19628.3564758
2021-10-25,614.81,628.47,617.06,621.54,17520.59704252
2021-10-26,600.08,632.49,621.67,611.81,28489.05306571
2021-10-27,533.21,619.08,611.94,548.86,63082.41256745
2021-10-28,544.11,592.46,548.95,578.95,38444.59792441
2021-10-29,574.38,596.92,579.0,595.14,27737.72988838
2021-10-30,576.28,601.06,595.15,585.33,18967.0203097
2021-10-31,574.27,604.88,585.56,597.04,27794.77234543
2021-11-01,579.04,600.0,597.3,587.37,19365.03504045
2021-11-02,582.83,609.04,587.45,599.07,21716.663407
2021-11-03,589.12,619.41,598.85,611.44,31659.30564436
2021-11-04,586.97,613.51,611.63,596.13,17685.94915364
2021-11-05,592.2,636.04,595.95,598.22,43075.02925717
2021-11-06,577.41,602.9,598.11,588.08,15602.70507278
2021-11-07,586.29,600.9,588.12,600.9,8661.68864813
2021-11-08,599.41,643.0,600.9,638.53,40205.62162573
2021-11-09,636.75,731.88,638.56,717.57,103801.06653085
2021-11-10,645.22,729.16,717.77,663.19,72232.88874156
2021-11-11,658.8,680.8,663.03,676.34,30542.70874295
2021-11-12,646.82,684.63,676.04,668.38,49393.43178426
2021-11-13,655.63,670.64,668.32,665.63,17351.9513766
2021-11-14,657.4,679.9,665.81,679.31,18786.46156575
2021-11-15,664.46,686.0,679.32,665.72,18814.3800039
2021-11-16,572.57,665.89,665.85,598.72,50038.81992321
2021-11-17,577.93,603.73,598.44,595.05,24637.8499992
2021-11-18,543.55,602.1,595.17,554.52,37452.13975101
2021-11-19,547.42,578.41,554.62,574.89,24545.16232214
2021-11-20,565.15,588.84,574.73,584.79,17861.61744778
2021-11-21,569.07,585.82,584.99,575.13,10505.35010515
2021-11-22,547.27,578.73,575.7,557.19,24438.81712613
2021-11-23,546.67,576.01,557.22,571.23,16845.55462225
2021-11-24,558.67,620.12,571.18,618.86,47529.75288872
2021-11-25,607.98,641.81,618.62,616.85,44915.52865835
2021-11-26,542.0,619.19,617.4,557.5,63580.93996894
2021-11-27,555.39,573.59,557.62,563.2,17218.06290044
2021-11-28,531.44,569.45,563.0,569.26,25238.48807107
2021-11-29,557.46,581.95,569.45,575.75,24804.57466907
2021-11-30,557.4,588.18,576.17,570.69,23330.57869122
2021-12-01,565.27,587.11,570.95,570.92,22691.88003239
2021-12-02,558.63,575.28,570.9,561.71,17106.94010967
2021-12-03,520.01,568.47,561.89,532.62,28127.06770381
2021-12-04,348.28,535.36,532.64,473.7,99131.62180388
2021-12-05,435.81,478.53,473.94,453.74,67370.46296979
2021-12-06,419.46,481.77,453.85,475.54,88034.99149019
2021-12-07,464.25,503.02,474.98,474.53,67173.0366273
2021-12-08,464.04,488.39,474.66,480.86,52466.149237
2021-12-09,448.22,483.38,481.14,449.0,37717.27920677
2021-12-10,436.96,469.02,448.8,438.44,32171.86057894
2021-12-11,431.96,461.9,438.49,459.49,21522.63493475
2021-12-12,442.2,462.83,459.72,458.25,17389.82511373
2021-12-13,414.47,460.43,458.18,421.77,37258.57525284
2021-12-14,418.74,442.31,421.94,436.95,41655.34982222
2021-12-15,416.91,450.69,437.13,447.95,38358.03682563
2021-12-16,437.07,454.34,447.91,438.49,22112.3470586
2021-12-17,417.77,441.44,438.54,424.69,21501.91984389
2021-12-18,419.28,439.45,424.75,435.97,12535.12938981
2021-12-19,432.03,445.72,435.97,432.94,13235.71828535
2021-12-20,419.18,439.79,432.88,430.28,18385.27694272
2021-12-21,426.76,440.81,430.59,437.99,14263.27154707
2021-12-22,434.81,447.03,438.02,438.39,14893.18634392
2021-12-23,434.74,458.47,438.75,455.93,18118.01496723
2021-12-24,449.15,461.48,456.0,452.27,19570.09953365
2021-12-25,447.82,460.69,452.27,455.36,9911.93320507
2021-12-26,444.8,455.47,455.47,451.86,10549.97749534
2021-12-27,447.86,476.18,451.77,465.45,25063.80939722
2021-12-28,437.91,465.47,465.45,438.78,20863.87609964
2021-12-29,426.91,445.67,439.04,430.11,25867.08447568
2021-12-30,423.88,437.25,429.9,431.58,16756.7690599
2021-12-31,419.33,437.23,431.56,430.15,27795.52195144
2022-01-01,430.33,445.92,430.35,445.07,19486.08817465
2022-01-02,442.68,452.37,445.03,447.83,12498.08260005
2022-01-03,431.08,448.0,447.85,434.61,11092.36969617
2022-01-04,425.34,439.45,434.72,427.38,15085.4085812
2022-01-05,390.9,432.45,427.29,399.79,24531.81246033
2022-01-06,387.27,402.85,399.72,399.76,25303.53924127
2022-01-07,375.32,401.4,400.1,385.89,31320.07923374
2022-01-08,361.58,391.59,385.96,372.84,22160.27764143
2022-01-09,367.92,381.16,372.98,376.94,15945.8843024
2022-01-10,348.0,378.57,376.87,363.56,25866.12621872
2022-01-11,361.75,374.94,363.43,369.84,17391.6313924
2022-01-12,367.95,385.81,369.94,383.83,16559.53533969
2022-01-13,376.42,391.72,383.98,377.67,14375.08318769
2022-01-14,375.85,393.75,377.86,385.73,17555.03794432
2022-01-15,383.29,393.09,385.74,390.86,10773.86727814
2022-01-16,382.58,393.63,390.76,388.48,9408.21312206
2022-01-17,373.27,389.35,388.5,380.75,12956.10717298
2022-01-18,374.7,398.92,380.77,381.47,33391.59023657
2022-01-19,365.99,384.53,381.5,369.1,16592.79111894
2022-01-20,356.45,384.28,369.07,357.74,16935.55122867
2022-01-21,308.46,360.08,357.6,315.04,39759.79114304
2022-01-22,265.43,318.98,314.85,291.88,66391.60127886
2022-01-23,283.99,303.64,292.08,302.74,49587.50402906
2022-01-24,259.6,302.77,302.51,292.51,65303.99471894
2022-01-25,283.45,295.14,292.48,291.7,30930.27800336
2022-01-26,284.1,315.18,291.67,289.42,41824.86325418
2022-01-27,277.69,295.2,289.03,289.64,31575.44471592
2022-01-28,281.94,297.49,289.71,296.79,23275.25201287
2022-01-29,291.49,302.25,296.94,299.03,14406.81774958
2022-01-30,287.83,302.45,299.12,290.02,13931.23532845
2022-01-31,278.25,290.6,290.03,285.23,32050.73101592
2022-02-01,282.69,291.12,285.23,287.95,20612.14589036
2022-02-02,276.41,296.94,288.25,278.0,20414.05420291
2022-02-03,271.2,281.76,278.1,281.46,31381.46991961
2022-02-04,276.63,307.1,281.39,306.37,33536.71257099
2022-02-05,302.71,329.24,306.4,320.93,32288.11293038
2022-02-06,312.61,328.83,320.93,324.8,19416.72543676
2022-02-07,318.29,344.19,324.8,343.44,39984.52160116
2022-02-08,325.13,355.96,343.48,335.57,36096.42149844
2022-02-09,328.55,348.0,335.84,346.21,25994.25652331
2022-02-10,336.64,362.96,346.21,341.1,29430.75121564
2022-02-11,316.72,342.05,341.09,320.83,24886.47341003
2022-02-12,312.37,330.84,320.83,330.64,21271.60334019
2022-02-13,324.69,340.1,330.65,333.81,24108.80652941
2022-02-14,318.44,337.95,333.9,330.51,21887.82163227
2022-02-15,329.05,345.05,330.77,343.69,21137.48026906
2022-02-16,329.07,343.61,343.61,334.55,20719.65369038
2022-02-17,308.86,336.53,334.59,313.15,19434.14778494
2022-02-18,306.32,319.24,313.39,310.33,16107.3311614
2022-02-19,305.16,316.38,310.14,312.05,12607.69915659
2022-02-20,296.71,312.74,312.16,302.87,17400.5799283
2022-02-21,282.38,310.95,302.9,283.16,28163.33139612
2022-02-22,275.64,295.8,283.33,293.48,24985.16310573
2022-02-23,287.15,305.21,293.49,288.61,21470.31093753
2022-02-24,259.84,309.81,288.51,300.96,47317.71141827
2022-02-25,290.35,312.35,301.42,309.04,26382.56042338
2022-02-26,307.16,324.33,309.09,315.56,20749.643454
2022-02-27,299.34,321.54,315.61,304.12,17097.22765418
2022-02-28,300.7,339.27,304.02,339.27,26548.71554407
2022-03-01,320.49,343.99,339.1,328.79,27043.26538466
2022-03-02,318.05,331.51,328.78,320.3,15235.14243881
2022-03-03,305.65,322.01,320.15,315.29,21121.25757838
2022-03-04,285.78,315.62,315.14,290.61,19404.37835021
2022-03-05,283.53,295.58,290.6,294.47,11060.35320747
2022-03-06,281.28,296.26,294.31,282.11,11571.28362444
2022-03-07,270.01,291.09,282.11,273.86,28936.15418628
2022-03-08,272.34,289.71,273.84,284.46,25750.46707003
2022-03-09,283.67,318.45,284.59,307.25,35493.17521566
2022-03-10,283.55,309.01,307.34,289.53,29534.1463003
2022-03-11,281.23,295.08,289.53,287.73,27960.51795901
2022-03-12,287.3,294.26,287.57,290.9,16719.11788578
2022-03-13,278.04,296.02,290.69,279.78,18610.40816928
2022-03-14,277.06,290.0,279.65,289.43,22096.72783329
2022-03-15,281.72,292.87,289.49,289.46,22178.32847379
2022-03-16,286.41,302.38,289.62,299.91,32673.31948309
2022-03-17,294.51,301.22,299.95,296.28,14615.66078066
2022-03-18,290.64,306.74,296.41,305.71,21889.77283386
2022-03-19,305.66,328.81,305.66,328.01,29154.84556975
2022-03-20,315.66,332.81,328.03,327.74,26411.75524216
2022-03-21,320.35,340.61,327.99,334.93,33589.6261342
2022-03-22,334.38,387.0,334.89,375.54,73412.9256873
2022-03-23,353.28,384.53,375.37,364.06,51246.34037775
2022-03-24,351.87,367.86,364.04,366.47,41605.68514191
2022-03-25,353.12,374.67,366.52,365.21,50440.64163037
2022-03-26,356.83,366.55,365.35,362.07,18236.09033246
2022-03-27,354.96,377.39,362.18,376.78,21259.28394534
2022-03-28,363.05,385.95,376.76,368.1,34167.30563708
2022-03-29,366.44,387.74,368.4,372.34,29855.14438103
2022-03-30,363.08,386.75,372.26,380.13,35129.86641423
2022-03-31,362.54,391.38,380.03,384.15,37468.1243652
2022-04-01,363.31,389.61,384.21,377.35,27675.76730414
2022-04-02,370.26,383.05,377.41,373.15,17450.13536865
2022-04-03,368.31,381.3,373.03,378.78,14836.69582979
2022-04-04,362.68,379.64,378.85,376.11,22639.41113451
2022-04-05,365.0,382.25,376.2,365.33,15239.94636522
2022-04-06,329.18,368.22,365.3,331.0,27595.04643415
2022-04-07,326.06,339.92,330.8,336.09,18117.35647431
2022-04-08,320.74,338.67,335.86,323.38,15576.28182261
2022-04-09,321.51,327.81,323.22,326.08,7636.40690538
2022-04-10,318.41,332.59,326.34,319.95,12985.82004988
2022-04-11,290.84,321.04,319.84,294.92,19798.2497267
2022-04-12,293.32,307.5,294.85,304.99,16634.21519264
2022-04-13,301.26,349.22,304.99,341.13,50422.62994807
2022-04-14,332.64,353.34,341.2,337.51,29008.7245182
2022-04-15,333.38,345.02,337.51,340.95,18344.60630653
2022-04-16,338.9,347.61,340.96,342.9,9337.82216399
2022-04-17,327.44,348.79,342.91,328.18,13130.88639945
2022-04-18,312.9,341.0,328.04,340.48,20077.32469962
2022-04-19,332.56,343.1,340.5,340.62,13774.84669889
2022-04-20,329.0,344.89,340.47,330.55,16553.01077742
2022-04-21,311.2,345.81,330.83,315.67,17165.9582446
2022-04-22,314.23,334.67,315.47,321.19,17847.95390248
2022-04-23,311.18,324.25,321.16,312.68,7117.7793358
2022-04-24,307.18,315.07,312.58,307.63,8175.77265245
2022-04-25,299.83,315.77,307.69,314.56,20359.87660666
2022-04-26,291.43,321.95,314.57,296.43,23929.24962277
2022-04-27,293.77,309.48,295.85,307.27,14263.18121362
2022-04-28,303.29,312.59,307.31,306.57,18203.6777105
2022-04-29,290.83,309.01,306.49,294.87,17893.4339565
2022-04-30,267.76,298.2,294.92,277.83,19272.85724776
2022-05-01,272.53,287.85,277.79,284.18,14272.98059439
2022-05-02,279.74,291.01,283.88,285.05,16009.4342736
2022-05-03,275.75,289.69,285.13,279.35,12810.27239236
2022-05-04,278.17,299.99,279.34,299.99,16011.4000694
2022-05-05,272.23,302.55,299.99,277.17,15951.53594522
2022-05-06,265.51,277.91,277.12,274.81,15303.32528298
2022-05-07,263.47,277.42,274.75,267.87,8576.64737919
2022-05-08,259.82,269.78,267.96,261.75,12989.93323678
2022-05-09,215.07,266.47,261.91,217.92,35980.55254593
2022-05-10,210.5,244.28,217.73,231.66,42559.99449883
2022-05-11,183.13,249.91,231.6,193.96,62796.4751722
2022-05-12,150.0,226.27,193.93,193.69,150167.73650931
2022-05-13,191.24,221.54,193.6,201.88,63305.74315536
2022-05-14,186.28,236.91,202.29,208.47,62657.62015419
2022-05-15,202.24,215.89,208.47,214.55,37695.7437238
2022-05-16,195.83,214.66,214.6,197.37,25548.4737012
2022-05-17,194.43,214.87,197.41,206.73,36149.41393548
2022-05-18,185.55,208.95,206.61,186.73,18872.56228188
2022-05-19,180.5,198.8,186.67,196.24,26623.14078938
2022-05-20,185.92,200.34,196.3,189.86,24180.44551647
2022-05-21,186.42,195.53,189.77,192.01,12006.79589642
2022-05-22,190.04,202.16,192.44,197.72,16032.98816239
2022-05-23,188.76,208.01,197.55,191.72,22732.20135156
2022-05-24,183.15,197.22,191.76,195.37,18375.51822407
2022-05-25,188.94,201.24,195.29,190.03,22927.14215352
2022-05-26,172.21,192.67,190.0,179.2,29933.82031752
2022-05-27,171.43,184.77,179.1,174.68,31693.35550184
2022-05-28,172.76,180.49,174.63,178.55,10902.96463135
2022-05-29,175.32,186.21,178.57,184.88,15743.02742721
2022-05-30,184.35,199.28,185.15,196.88,20947.12007204
2022-05-31,191.43,207.31,196.78,204.51,43307.61959678
2022-06-01,183.99,210.83,204.55,185.8,32279.90657017
2022-06-02,182.3,189.67,185.87,188.86,14225.84382537
2022-06-03,179.84,191.73,188.9,182.79,17682.90136516
2022-06-04,179.88,189.74,182.87,188.68,11866.18600673
2022-06-05,177.85,190.17,188.71,179.68,25205.92156645
2022-06-06,178.8,189.1,179.78,185.43,23914.91318104
2022-06-07,173.08,187.95,185.47,181.8,35263.14165554
2022-06-08,174.77,182.84,181.95,176.62,17714.16024721
2022-06-09,172.18,180.67,176.7,175.52,12317.45838738
2022-06-10,165.67,177.43,175.32,167.36,24171.80689726
2022-06-11,154.53,169.69,167.37,156.57,39658.91748852
2022-06-12,145.64,158.13,156.67,145.97,42545.97910582
2022-06-13,123.84,148.79,145.86,126.93,112941.07955654
2022-06-14,117.33,134.45,126.67,125.88,112144.46066384
2022-06-15,110.04,131.3,125.75,127.9,81888.70633994
2022-06-16,107.08,130.67,127.79,109.37,63410.83210563
2022-06-17,106.64,122.0,109.18,121.36,47637.23423973
2022-06-18,109.0,125.02,121.41,115.22,88638.12902424
2022-06-19,110.92,123.65,115.71,120.39,79127.7947234
2022-06-20,115.51,124.63,120.39,118.55,92626.89204969
2022-06-21,113.44,123.24,118.5,119.44,74710.25209719
2022-06-22,112.33,119.42,119.41,112.65,41285.78416788
2022-06-23,111.58,118.36,112.61,116.28,30086.23674911
2022-06-24,114.17,121.01,116.34,114.42,65946.92677487
2022-06-25,110.96,116.13,114.44,115.47,75303.55246334
2022-06-26,112.44,119.38,115.48,112.89,54239.65834882
2022-06-27,110.19,117.08,112.82,111.44,37216.6727105
2022-06-28,101.96,112.7,111.5,103.03,68614.25880217
2022-06-29,101.21,107.8,103.12,104.45,48062.12826789
2022-06-30,97.02,104.78,104.49,103.29,54082.19564073
2022-07-01,98.13,106.39,103.34,101.28,29633.99902664
2022-07-02,100.5,106.99,101.29,106.4,25341.38241407
2022-07-03,101.59,107.91,106.42,105.93,43430.16143565
2022-07-04,102.37,108.42,105.95,108.0,34544.00423995
2022-07-05,101.58,108.56,108.08,103.96,36871.8165057
2022-07-06,102.76,107.1,103.96,105.8,35841.91445141
2022-07-07,104.95,112.4,105.86,111.48,30932.70050533
2022-07-08,106.81,113.49,111.53,108.45,30134.21641517
2022-07-09,108.16,113.01,108.49,111.36,24611.77511702
2022-07-10,105.32,111.48,111.36,106.77,17117.12341019
2022-07-11,98.42,107.24,106.84,99.04,50674.16328852
2022-07-12,96.71,101.02,99.05,97.14,23109.10923157
2022-07-13,95.15,102.66,97.11,102.51,31193.9355139
2022-07-14,99.02,104.11,102.46,102.99,34648.26688178
2022-07-15,101.69,106.96,102.99,106.07,32378.07434357
2022-07-16,103.78,110.76,106.06,109.45,30827.21693162
2022-07-17,107.85,116.3,109.47,109.99,45980.4653089
2022-07-18,110.01,122.1,110.21,121.21,45793.57405729
2022-07-19,115.92,129.68,121.25,128.38,62194.53691133
2022-07-20,119.83,131.42,128.48,121.82,57840.05063466
2022-07-21,117.56,124.35,121.82,123.04,37632.00206427
2022-07-22,119.81,129.52,122.98,123.32,45401.02498912
2022-07-23,118.08,127.19,123.28,122.39,35266.90562508
2022-07-24,122.37,135.04,122.41,131.93,43203.23030643
2022-07-25,117.66,133.04,131.86,118.03,51004.52061733
2022-07-26,113.64,119.1,118.08,118.94,30192.5549
2022-07-27,116.2,127.5,118.97,127.39,31871.34419285
2022-07-28,127.18,159.72,127.34,155.69,101774.69386705
2022-07-29,147.27,164.97,155.88,151.84,67091.27583888
2022-07-30,143.27,154.63,151.9,145.47,42508.21419574
2022-07-31,138.42,150.42,145.4,139.37,30502.84957103
2022-08-01,133.95,142.31,139.31,137.87,36716.35655308
2022-08-02,128.77,139.07,137.9,133.77,53515.6919174
2022-08-03,130.22,143.38,133.68,133.8,38253.71912673
2022-08-04,132.35,138.55,133.76,134.34,34184.42986684
2022-08-05,133.91,142.1,134.34,141.93,32767.62791744
2022-08-06,139.11,143.5,141.98,141.34,33300.67670051
2022-08-07,137.54,143.9,141.29,140.98,25926.6406094
2022-08-08,140.25,148.11,141.05,143.53,34136.46642555
2022-08-09,133.17,144.47,143.59,134.7,42227.47799905
2022-08-10,131.43,143.67,134.69,142.17,44773.55284376
2022-08-11,141.76,148.98,142.16,142.98,36790.32458769
2022-08-12,138.53,143.51,142.99,143.1,28098.12910977
2022-08-13,142.46,147.13,143.08,144.23,25362.47912234
2022-08-14,138.18,147.89,144.2,139.45,36560.39302985
2022-08-15,133.7,143.48,139.45,137.24,46840.71893983
2022-08-16,134.56,138.44,137.26,136.34,33858.19323128
2022-08-17,132.39,144.9,136.48,133.83,46694.14854852
2022-08-18,127.43,136.39,133.82,129.12,29317.45492403
2022-08-19,113.52,129.15,129.11,114.49,42492.48896209
2022-08-20,111.24,118.34,114.39,114.73,23068.34651777
2022-08-21,114.27,120.66,114.72,119.67,19003.34909492
2022-08-22,113.43,123.3,119.8,122.71,37441.74328933
2022-08-23,120.05,135.71,122.71,133.41,44789.34382096
2022-08-24,130.34,139.0,133.51,130.34,40874.07745483
2022-08-25,128.47,132.8,130.35,130.54,28606.57650636
2022-08-26,114.79,130.62,130.62,116.03,38903.55181898
2022-08-27,113.25,118.44,115.95,115.26,23340.57410674
2022-08-28,111.83,121.27,115.24,112.59,27361.92912919
2022-08-29,110.81,120.01,112.57,119.61,24867.01963987
2022-08-30,111.85,120.73,119.53,114.69,37856.98078962
2022-08-31,114.2,117.94,114.72,115.12,20221.82419801
2022-09-01,112.91,117.24,115.11,116.73,25308.86139937
2022-09-02,114.7,120.43,116.74,116.4,22957.46368101
2022-09-03,115.76,119.27,116.31,117.83,22590.20838407
2022-09-04,115.85,118.39,117.83,118.36,19947.36072043
2022-09-05,117.02,126.49,118.41,125.73,48512.23981557
2022-09-06,111.89,128.11,125.76,112.17,43330.95654394
2022-09-07,110.2,119.5,112.19,118.81,46976.83493366
2022-09-08,115.93,130.37,118.87,126.63,52012.44400604
2022-09-09,126.13,138.78,126.66,132.98,53247.98091175
2022-09-10,130.48,135.04,132.98,132.73,34000.07920863
2022-09-11,127.46,133.4,132.68,130.35,25516.98012566
2022-09-12,126.32,132.94,130.32,128.87,32734.124624
2022-09-13,115.95,133.79,128.93,117.58,42768.33717256
2022-09-14,116.04,120.76,117.48,119.99,24718.33209222
2022-09-15,116.04,123.16,119.9,117.54,26795.1580715
2022-09-16,116.09,120.9,117.62,119.56,23142.50997869
2022-09-17,119.3,123.41,119.6,122.08,18796.56159403
2022-09-18,110.61,122.22,122.16,111.74,32251.71074407
2022-09-19,106.56,113.32,111.71,112.01,40728.74424371
2022-09-20,111.0,114.87,111.97,112.79,42590.6489447
2022-09-21,108.37,119.01,112.7,108.81,34061.52833064
2022-09-22,108.6,117.31,108.82,116.62,18704.18737479
2022-09-23,112.41,120.48,116.57,120.12,28130.9376446
2022-09-24,117.22,122.2,120.06,117.34,23789.53469882
2022-09-25,112.16,118.58,117.34,113.48,27608.02914603
2022-09-26,112.4,117.64,113.46,116.33,19790.76675545
2022-09-27,112.4,120.54,116.34,114.24,28380.2491247
2022-09-28,110.07,115.86,114.25,114.17,22733.53214796
2022-09-29,113.54,117.94,114.16,117.0,21571.87511474
2022-09-30,115.43,125.0,117.0,120.1,47917.74127233
2022-10-01,115.71,121.06,120.14,117.14,28109.87154858
2022-10-02,113.81,118.5,117.09,114.3,37342.24090716
2022-10-03,113.53,116.57,114.31,116.23,24098.35907067
2022-10-04,115.51,122.13,116.22,121.16,24015.08898087
2022-10-05,118.95,123.69,121.12,122.13,32583.72952262
2022-10-06,117.75,123.83,122.14,118.32,29072.09753867
2022-10-07,115.45,120.25,118.25,116.65,21070.57804235
2022-10-08,115.59,118.77,116.61,117.04,12816.40552948
2022-10-09,116.34,118.46,117.04,117.17,11988.30166761
2022-10-10,110.74,118.04,117.16,111.51,30535.30247432
2022-10-11,109.03,112.39,111.5,111.17,17669.25985035
2022-10-12,110.65,112.76,111.15,111.75,12778.4318408
2022-10-13,101.94,113.06,111.77,108.67,32192.9357642
2022-10-14,106.6,111.78,108.83,107.49,17091.72999295
2022-10-15,106.75,109.56,107.55,107.98,10496.52569634
2022-10-16,107.86,110.93,108.01,110.28,10945.62321137
2022-10-17,109.24,111.59,110.23,110.6,16993.82187293
2022-10-18,107.12,111.53,110.58,108.74,23794.67355728
2022-10-19,105.15,108.98,108.74,105.88,13473.08767985
2022-10-20,105.0,108.97,105.86,106.38,21531.57599567
2022-10-21,102.83,107.36,106.41,107.02,22794.47178251
2022-10-22,106.17,110.6,107.06,108.58,15351.10377086
2022-10-23,107.54,111.1,108.61,110.87,17041.44403054
2022-10-24,107.4,111.31,110.8,107.91,20047.92660075
2022-10-25,107.69,114.4,107.91,112.76,25562.6265358
2022-10-26,112.03,116.56,112.97,114.45,37057.4606517
2022-10-27,111.6,117.36,114.46,112.36,26779.70461353
2022-10-28,111.0,116.42,112.28,115.67,23676.57972368
2022-10-29,115.39,120.68,115.64,118.51,30761.11071708
2022-10-30,114.5,120.3,118.51,116.17,21088.95613752
2022-10-31,113.57,117.89,116.17,115.06,29889.43581564
2022-11-01,113.82,116.55,115.06,114.97,21766.36384348
2022-11-02,111.93,122.06,114.99,113.53,53819.84499847
2022-11-03,113.11,120.0,113.53,115.62,31560.540608
2022-11-04,114.97,124.9,115.58,124.4,46459.37723196
2022-11-05,122.2,126.02,124.38,123.76,46326.69000962
2022-11-06,116.23,124.31,123.69,116.61,26400.28172225
2022-11-07,115.24,119.43,116.56,117.86,29476.00021198
2022-11-08,95.1,118.9,117.89,103.15,79128.72841045
2022-11-09,87.04,104.1,103.08,89.13,72317.27080833
2022-11-10,87.0,106.01,89.16,102.46,39016.70871381
2022-11-11,98.67,106.67,102.3,103.06,30630.77479024
2022-11-12,97.6,102.92,102.91,102.56,18375.92093722
2022-11-13,97.73,103.4,102.56,99.26,16947.1835178
2022-11-14,96.16,104.5,99.2,103.78,23335.52608721
2022-11-15,102.19,106.04,103.69,103.74,16195.57452038
2022-11-16,102.44,109.8,103.72,104.34,28637.13408327
2022-11-17,101.16,105.22,104.37,103.78,18189.24116547
2022-11-18,103.5,105.74,103.78,104.55,10572.07559607
2022-11-19,103.84,106.2,104.54,104.68,12137.5091697
2022-11-20,103.0,107.54,104.58,104.75,18347.32909057
2022-11-21,100.47,107.34,104.75,103.16,26019.86377802
2022-11-22,102.89,109.25,103.15,109.25,19290.76377121
2022-11-23,108.29,119.55,109.25,114.81,42534.70081942
2022-11-24,112.89,118.66,114.82,115.78,28520.63416933
2022-11-25,113.05,116.3,115.73,113.8,15860.96031834
2022-11-26,111.26,115.69,113.83,112.34,21538.54995114
2022-11-27,110.59,113.63,112.36,111.1,13549.55071322
2022-11-28,105.96,111.97,110.99,109.91,17937.6257134
2022-11-29,109.12,113.18,109.91,110.8,22837.78156669
2022-11-30,110.33,114.59,110.8,113.44,30986.80683133
2022-12-01,109.62,113.81,113.43,110.39,23260.8744965
2022-12-02,108.33,112.41,110.38,111.96,21802.39135365
2022-12-03,109.39,112.32,112.02,109.68,12804.70262292
2022-12-04,109.59,111.94,109.64,111.21,16179.52315443
2022-12-05,109.46,117.43,111.16,110.49,30168.04277326
2022-12-06,110.08,112.23,110.49,112.08,18517.47645281
2022-12-07,107.55,112.76,112.2,109.21,19893.59957223
2022-12-08,108.43,112.31,109.22,111.86,17598.84644202
2022-12-09,109.03,112.32,111.86,109.85,16090.13437922
2022-12-10,108.78,110.49,109.85,109.13,12899.11761798
2022-12-11,105.91,109.95,109.12,106.2,17206.34004544
2022-12-12,102.26,106.76,106.18,106.26,24548.66972335
2022-12-13,103.77,111.44,106.26,110.3,22722.68731372
2022-12-14,107.43,111.38,110.34,109.12,20381.07650112
2022-12-15,106.73,110.09,109.1,107.26,16687.27785721
2022-12-16,98.86,108.08,107.32,100.15,25984.95597487
2022-12-17,98.78,103.38,100.13,103.15,27619.24843016
2022-12-18,101.36,103.58,103.15,102.06,17336.58684875
2022-12-19,97.52,103.03,102.04,98.43,30974.24613678
2022-12-20,98.29,102.42,98.34,101.63,19223.61821973
2022-12-21,99.82,102.29,101.66,100.32,15232.30277284
2022-12-22,99.38,101.51,100.29,101.5,15377.7106384
2022-12-23,101.19,102.91,101.51,101.95,20460.22460189
2022-12-24,101.52,102.71,101.95,101.67,10340.19779387
2022-12-25,99.67,101.99,101.66,101.41,13983.2839119
2022-12-26,100.9,103.5,101.41,103.46,15180.62953401
2022-12-27,101.01,103.7,103.47,101.7,18193.6247268
2022-12-28,98.7,102.52,101.73,99.12,28295.5500389
2022-12-29,97.22,100.22,99.12,98.48,25945.88179786
2022-12-30,95.21,98.47,98.47,96.66,26271.51693427
2022-12-31,96.34,98.35,96.68,97.0,19643.70361049
2023-01-01,96.09,97.58,96.96,96.77,11078.17254808
2023-01-02,95.26,100.35,96.8,99.28,26576.10478367
2023-01-03,98.7,100.38,99.27,99.6,17004.84360366
2023-01-04,99.47,102.61,99.59,101.52,32706.47765182
2023-01-05,100.56,103.53,101.48,101.16,29398.901309
2023-01-06,98.1,101.97,101.21,101.62,29222.60660057
2023-01-07,101.25,102.17,101.58,101.51,17747.06630875
2023-01-08,100.8,103.9,101.54,103.66,17348.48029883
2023-01-09,103.6,107.85,103.64,106.82,38037.79056354
2023-01-10,105.5,109.18,106.8,107.35,24286.71713374
2023-01-11,105.5,110.09,107.34,109.82,33122.76394394
2023-01-12,107.97,125.3,109.88,119.64,103955.10084055
2023-01-13,117.8,127.75,119.77,124.58,70337.60896591
2023-01-14,119.97,131.35,124.63,125.82,75464.18348311
2023-01-15,121.52,127.3,125.84,124.92,42364.80205237
2023-01-16,119.59,127.07,124.94,124.18,54832.34162479
2023-01-17,121.83,125.72,124.18,122.78,35034.30742235
2023-01-18,116.18,127.4,122.7,118.68,44012.79393147
2023-01-19,118.56,122.47,118.59,121.71,16117.31012221
2023-01-20,120.4,128.2,121.7,128.08,21810.42767436
2023-01-21,125.28,134.17,128.04,127.89,35624.83666931
2023-01-22,127.13,132.69,127.9,128.66,20625.95881479
2023-01-23,128.49,138.53,128.66,133.31,29259.62840655
2023-01-24,125.71,137.14,133.25,128.17,29413.31088553
2023-01-25,125.34,135.05,128.17,131.91,25359.44310951
2023-01-26,129.64,135.0,131.95,133.9,22720.6594017
2023-01-27,131.71,136.29,133.93,135.3,22704.49496839
2023-01-28,131.48,135.84,135.24,132.75,11427.21856898
2023-01-29,131.99,138.6,132.69,136.53,27927.58591195
2023-01-30,127.54,136.65,136.49,131.16,31076.95833417
2023-01-31,130.69,136.44,131.22,133.19,27165.83081155
2023-02-01,129.8,136.89,133.24,136.15,28204.24153622
2023-02-02,135.61,143.51,136.24,136.79,32220.43539974
2023-02-03,136.22,139.66,136.78,137.92,21164.95469542
2023-02-04,136.09,140.15,137.93,138.05,17021.90740877
2023-02-05,132.68,138.29,138.06,134.44,16226.15199069
2023-02-06,130.21,135.07,134.41,131.67,13393.86021626
2023-02-07,131.35,137.61,131.63,135.92,27881.19490768
2023-02-08,129.76,136.84,136.02,131.63,17192.85973122
2023-02-09,122.09,133.03,131.67,126.76,63808.70010562
2023-02-10,123.99,132.12,126.82,124.32,43670.15848485
2023-02-11,123.16,127.35,124.34,124.88,15158.41164122
2023-02-12,121.32,126.61,124.84,122.84,24595.08712563
2023-02-13,119.8,124.73,122.81,123.92,47635.64985504
2023-02-14,122.84,127.17,123.95,126.69,23949.08486413
2023-02-15,125.04,135.27,126.78,134.8,36756.8866234
2023-02-16,127.65,135.82,134.76,127.95,33137.86800328
2023-02-17,127.55,134.58,128.03,133.4,22885.35069622
2023-02-18,133.29,138.73,133.36,136.13,23801.05531898
2023-02-19,134.66,141.1,136.12,136.09,25059.84042002
2023-02-20,133.29,148.97,136.11,145.01,51110.62294649
2023-02-21,142.67,154.05,144.95,145.32,108947.0191976
2023-02-22,136.9,145.7,145.29,141.91,43150.09928711
2023-02-23,137.44,143.78,141.92,138.71,35163.40324554
2023-02-24,130.36,139.66,138.75,132.69,27446.16396026
2023-02-25,129.51,135.69,132.74,133.15,28784.10337445
2023-02-26,132.2,137.5,133.15,136.28,17898.84749507
2023-02-27,133.21,138.25,136.27,135.09,29485.68622944
2023-02-28,130.55,135.25,135.11,131.97,30411.40851752
2023-03-01,131.55,135.86,131.91,134.24,24731.659906
2023-03-02,129.72,134.77,134.2,131.85,18135.38294165
2023-03-03,119.79,131.88,131.81,126.25,38240.52372262
2023-03-04,122.28,127.19,126.25,124.45,9982.06036561
2023-03-05,123.2,126.45,124.29,124.02,16893.17220382
2023-03-06,122.19,125.01,124.01,124.24,16132.47884238
2023-03-07,120.02,125.94,124.24,122.22,18883.81676164
2023-03-08,114.48,122.71,122.25,116.61,28873.46259064
2023-03-09,106.3,118.32,116.57,110.22,37415.09113451
2023-03-10,105.05,112.32,110.26,111.97,41207.39454405
2023-03-11,108.0,116.86,111.92,114.22,39390.25262497
2023-03-12,112.84,121.83,114.23,121.21,29662.80938853
2023-03-13,119.69,128.8,121.24,127.18,53373.70665483
2023-03-14,126.03,136.67,127.18,131.46,53392.60892797
2023-03-15,122.29,134.39,131.54,123.69,25503.76625398
2023-03-16,122.62,127.3,123.69,126.08,28007.68663877
2023-03-17,125.13,136.08,126.06,135.73,26626.27392892
2023-03-18,130.69,138.24,135.75,131.43,26125.7406788
2023-03-19,131.42,137.43,131.45,136.18,20649.49727481
2023-03-20,130.0,139.8,136.25,130.7,33651.47989547
2023-03-21,126.04,135.04,130.72,134.48,33372.56266623
2023-03-22,123.12,134.62,134.47,126.22,47420.89895202
2023-03-23,124.73,131.42,126.25,128.9,27260.06941591
2023-03-24,121.76,132.05,129.0,123.97,28560.86850903
2023-03-25,123.29,127.76,123.98,125.24,26717.48499603
2023-03-26,123.73,127.24,125.19,124.81,15410.6269883
2023-03-27,116.77,125.07,124.7,120.49,30602.96654575
2023-03-28,119.12,122.36,120.5,121.04,30249.20306294
2023-03-29,120.54,124.78,120.92,123.38,32911.89660542
2023-03-30,119.02,125.34,123.32,121.12,33269.00622812
2023-03-31,120.29,124.73,121.14,124.08,21167.83720655
2023-04-01,123.48,127.65,124.08,126.17,21776.98777067
2023-04-02,121.31,126.59,126.14,123.03,16086.87791067
2023-04-03,119.76,129.64,123.09,127.81,45163.46842447
2023-04-04,125.96,128.41,127.81,127.08,22652.7342578
2023-04-05,125.15,129.99,127.05,127.34,24937.2683234
2023-04-06,124.86,127.7,127.36,126.15,15673.48240104
2023-04-07,123.29,126.7,126.15,124.68,11523.91166293
2023-04-08,122.93,125.28,124.7,123.9,6498.23799338
2023-04-09,123.46,126.44,123.85,125.54,10240.1746286
2023-04-10,124.08,128.76,125.55,128.07,18496.18177729
2023-04-11,127.46,130.77,128.11,129.29,23483.37224878
2023-04-12,125.65,129.99,129.26,128.81,25477.45402524
2023-04-13,128.01,131.93,128.89,131.16,17801.6892073
2023-04-14,128.97,134.47,131.12,132.29,23277.31903811
2023-04-15,130.76,133.75,132.28,132.7,20588.02294444
2023-04-16,131.01,136.18,132.75,134.5,21353.48501575
2023-04-17,130.25,134.65,134.53,131.61,18722.59050799
2023-04-18,130.34,134.26,131.55,133.63,15618.83231918
2023-04-19,122.7,133.96,133.64,124.98,36306.09165009
2023-04-20,121.37,126.8,124.92,123.17,20606.21236336
2023-04-21,118.27,124.95,123.15,119.96,22503.5467291
2023-04-22,119.14,122.92,119.84,122.03,10144.70435791
2023-04-23,118.1,122.85,122.05,119.88,13254.50001685
2023-04-24,118.64,121.62,119.92,119.16,16353.80929503
2023-04-25,116.64,120.39,119.18,120.27,18974.83617869
2023-04-26,111.66,123.35,120.23,117.65,34909.62629715
2023-04-27,116.28,120.44,117.66,117.14,23826.80712744
2023-04-28,115.57,120.33,117.15,118.08,21045.76496597
2023-04-29,117.75,120.25,118.15,119.87,10627.07468154
2023-04-30,117.57,121.08,119.84,117.7,13691.90438819
2023-05-01,115.09,118.45,117.69,117.05,15032.18635787
2023-05-02,116.41,119.73,117.04,119.28,15129.36888637
2023-05-03,116.01,120.83,119.28,120.08,20584.93875471
2023-05-04,116.57,120.17,120.09,117.46,14751.15629372
2023-05-05,116.79,121.08,117.44,120.23,21337.19430761
2023-05-06,115.43,120.75,120.24,117.15,14998.60808764
2023-05-07,115.95,117.87,117.14,116.29,8225.7230318
2023-05-08,107.2,117.0,116.17,111.31,25716.43535033
2023-05-09,110.37,123.94,111.28,122.21,54291.59469647
2023-05-10,111.84,123.55,122.21,115.88,56984.62535184
2023-05-11,110.16,115.84,115.82,113.39,27312.56105388
2023-05-12,112.17,115.66,113.3,114.86,29903.56756055
2023-05-13,112.52,114.98,114.87,113.04,10657.41653342
2023-05-14,112.94,116.08,113.07,115.26,13611.01557275
2023-05-15,114.31,120.93,115.24,116.05,37764.505489
2023-05-16,114.05,117.66,116.02,116.73,23774.9559453
2023-05-17,115.39,118.73,116.88,117.93,16877.20504909
2023-05-18,112.89,118.04,117.93,115.28,15912.68201587
2023-05-19,114.5,116.18,115.31,115.59,9723.10226093
2023-05-20,114.61,117.04,115.56,116.66,10126.95439392
2023-05-21,113.91,117.15,116.68,114.74,11231.75173235
2023-05-22,113.03,115.24,114.75,114.68,11760.7066292
2023-05-23,114.67,117.41,114.7,115.73,15629.2254895
2023-05-24,110.89,115.83,115.8,112.03,19597.8709438
2023-05-25,109.3,112.36,112.03,111.93,16852.19037476
2023-05-26,111.47,113.81,111.95,113.25,10097.12470366
2023-05-27,112.13,114.15,113.23,113.92,6454.33967786
2023-05-28,113.78,116.87,113.93,116.46,9431.76512893
2023-05-29,114.73,117.3,116.49,114.92,12918.46058997
2023-05-30,113.96,115.77,114.95,113.97,10618.70876341
2023-05-31,112.12,114.41,113.97,113.32,17598.98502905
2023-06-01,111.6,113.6,113.35,113.39,11499.0922406
2023-06-02,112.78,115.4,113.35,114.85,10637.17669119
2023-06-03,114.24,115.29,114.86,115.0,6343.9029575
2023-06-04,114.2,116.95,114.99,115.67,10896.47679662
2023-06-05,106.99,115.68,115.66,108.77,27003.44077955
2023-06-06,107.47,114.91,108.76,114.85,19930.70555529
2023-06-07,110.02,116.83,114.87,111.2,16585.27502811
2023-06-08,110.25,112.46,111.2,111.83,9827.73182906
2023-06-09,109.58,112.04,111.82,110.82,13325.88373282
2023-06-10,90.77,111.01,110.84,103.65,98374.67745706
2023-06-11,101.7,103.8,103.68,102.85,16441.48342026
2023-06-12,100.48,104.37,102.84,102.81,16481.61813072
2023-06-13,102.2,106.81,102.81,105.37,17595.88740517
2023-06-14,100.54,106.32,105.36,101.77,22971.71372771
2023-06-15,101.68,105.0,101.76,104.76,19933.6225751
2023-06-16,102.53,109.31,104.69,108.04,17420.0819117
2023-06-17,106.09,108.53,108.04,106.67,11770.32326765
2023-06-18,105.51,108.76,106.63,106.96,15978.58453446
2023-06-19,104.72,107.32,106.98,106.84,12629.71824753
2023-06-20,105.13,110.61,106.84,110.06,23315.06516663
2023-06-21,109.73,140.3,110.08,135.67,167233.93876305
2023-06-22,128.93,149.56,135.72,133.47,101389.78183757
2023-06-23,133.46,194.55,133.46,182.26,322717.82433089
2023-06-24,179.19,221.53,182.31,212.43,278253.03146887
2023-06-25,185.98,221.17,212.63,194.12,265378.4339124
2023-06-26,187.35,234.02,194.39,223.86,259961.90936138
2023-06-27,216.26,239.0,223.85,230.11,186980.98788747
2023-06-28,220.0,243.73,230.08,225.12,147720.00204795
2023-06-29,223.73,254.5,225.03,253.23,162048.38077755
2023-06-30,252.08,329.71,253.46,304.34,452387.27146232
2023-07-01,280.0,310.21,304.35,291.31,152290.07453233
2023-07-02,268.25,308.71,291.53,299.12,170107.71035886
2023-07-03,280.0,302.61,299.12,291.95,123412.32735584
2023-07-04,271.2,293.26,291.92,272.41,88101.38290471
2023-07-05,248.43,278.72,272.41,272.14,171259.1871267
2023-07-06,268.03,303.52,271.94,274.92,248123.07586519
2023-07-07,272.33,289.21,275.14,278.52,103836.07211697
2023-07-08,261.82,283.14,278.54,271.94,55440.05760539
2023-07-09,262.09,279.4,271.94,265.61,48092.30954955
2023-07-10,258.36,287.68,265.63,274.88,110404.71977518
2023-07-11,270.24,277.58,274.88,274.05,38439.94478494
2023-07-12,272.76,295.0,274.07,282.16,105472.98212166
2023-07-13,269.11,292.39,282.23,274.18,123100.83467429
2023-07-14,254.19,278.27,274.18,264.5,88610.77827666
2023-07-15,245.78,264.12,264.11,253.48,45383.79546942
2023-07-16,247.52,261.31,253.43,250.03,53705.64981387
2023-07-17,235.61,254.67,249.96,242.14,61312.04208107
2023-07-18,231.61,248.08,242.05,243.7,61793.4581231
2023-07-19,241.16,252.12,243.75,243.98,36664.7069788
2023-07-20,240.26,255.25,243.93,244.23,43050.16943806
2023-07-21,241.49,248.22,244.2,246.14,26389.85140138
2023-07-22,237.36,247.85,246.1,239.6,21093.77081582
2023-07-23,238.61,255.6,239.55,249.51,35789.99346361
2023-07-24,235.78,253.89,249.51,238.49,41462.26835352
2023-07-25,231.94,239.64,238.46,237.04,28306.32097237
2023-07-26,233.6,244.77,237.05,242.06,49722.09377014
2023-07-27,240.67,249.52,242.11,245.24,51554.77353863
2023-07-28,240.75,245.48,245.22,240.96,27491.77910415
2023-07-29,238.34,242.52,240.97,241.94,23545.40062089
2023-07-30,241.1,266.29,242.0,253.02,59551.04462156
2023-07-31,242.42,259.49,253.0,247.92,73540.47977843
2023-08-01,238.56,248.84,247.92,244.92,41151.26579423
2023-08-02,220.91,246.8,244.87,229.06,43563.96902245
2023-08-03,222.63,231.59,229.03,225.07,28568.95199869
2023-08-04,220.56,229.79,225.08,227.32,32490.12470756
2023-08-05,222.99,228.68,227.39,226.57,25615.43721872
2023-08-06,221.23,228.33,226.59,222.71,17685.30554215
2023-08-07,217.45,245.04,222.7,237.48,84517.69829167
2023-08-08,234.46,249.3,237.47,238.6,63853.95919468
2023-08-09,233.62,239.8,238.63,238.61,28255.84573057
2023-08-10,230.25,240.3,238.64,231.75,27063.94459014
2023-08-11,227.05,232.77,231.74,228.79,18616.70774387
2023-08-12,227.29,230.85,228.85,228.49,9722.17342151
2023-08-13,224.85,230.89,228.52,228.26,18362.93522427
2023-08-14,225.28,230.96,228.17,229.87,20741.78613545
2023-08-15,225.25,236.99,229.82,228.52,41020.20407826
2023-08-16,200.43,231.03,228.52,207.85,46550.15031902
2023-08-17,164.16,211.14,207.96,183.95,71581.49184159
2023-08-18,178.47,191.5,184.09,187.36,48755.51371288
2023-08-19,184.3,192.0,187.34,187.19,20243.59332348
2023-08-20,186.57,190.78,187.17,188.87,13873.33418809
2023-08-21,180.6,199.4,188.87,185.75,27261.75561545
2023-08-22,176.75,188.15,185.77,184.88,20632.24946761
2023-08-23,184.66,196.56,184.97,193.76,26289.28620613
2023-08-24,188.6,195.04,193.73,194.04,17999.69900002
2023-08-25,188.22,194.5,194.05,191.99,15814.84242024
2023-08-26,188.76,192.22,192.0,190.04,6806.97314246
2023-08-27,189.92,201.6,190.0,197.68,14675.74492384
2023-08-28,187.27,197.93,197.64,190.47,23382.37216531
2023-08-29,188.76,228.46,190.46,225.17,77406.04309325
2023-08-30,211.42,225.86,225.23,216.0,35222.72761839
2023-08-31,203.01,222.8,216.03,207.56,43885.63617289
2023-09-01,197.61,210.95,207.57,199.62,27915.86911627
2023-09-02,190.89,201.73,199.6,195.03,28148.66914529
2023-09-03,191.22,198.13,195.08,196.12,14230.84479978
2023-09-04,189.84,199.2,196.19,193.7,23902.28970064
2023-09-05,189.33,195.0,193.74,192.0,15656.00573234
2023-09-06,189.46,195.61,191.99,193.01,19056.98288157
2023-09-07,189.88,194.37,193.01,193.61,13465.09098483
2023-09-08,190.57,197.06,193.63,193.17,21685.49174569
2023-09-09,190.92,196.41,193.17,193.05,11628.1304416
2023-09-10,183.61,193.06,193.02,190.24,24157.75187583
2023-09-11,180.48,191.71,190.28,184.21,25400.66771103
2023-09-12,184.0,210.41,184.28,198.36,63844.07577842
2023-09-13,195.78,207.0,198.32,199.54,48969.55610175
2023-09-14,198.63,210.6,199.54,207.93,38297.93488888
2023-09-15,206.1,225.8,207.93,217.14,51346.90650764
2023-09-16,212.88,223.63,217.11,214.81,37010.53177778
2023-09-17,205.31,214.82,214.82,210.02,28572.80441486
2023-09-18,207.52,225.55,210.07,217.42,57628.8330325
2023-09-19,214.67,222.47,217.32,218.84,26277.95246648
2023-09-20,211.53,221.04,218.85,215.45,31961.96426007
2023-09-21,205.81,215.86,215.51,208.54,23801.45999182
2023-09-22,204.26,210.12,208.55,207.78,21807.49880106
2023-09-23,206.62,209.64,207.84,208.24,9069.49784753
2023-09-24,203.02,210.0,208.18,204.75,11495.28431405
2023-09-25,201.94,213.59,204.72,210.3,17286.23042153
2023-09-26,209.52,215.65,210.31,214.57,22513.16886195
2023-09-27,213.27,236.86,214.6,229.19,75292.43237614
2023-09-28,227.75,245.32,229.18,238.7,80338.25210522
2023-09-29,228.95,241.24,238.75,234.97,41378.60437182
2023-09-30,231.92,239.39,234.95,234.0,20659.15992022
2023-10-01,232.87,245.0,233.89,242.23,46000.11885892
2023-10-02,240.48,255.85,242.22,246.43,99893.35890692
2023-10-03,227.53,251.48,246.47,230.37,45590.19640377
2023-10-04,223.8,234.2,230.29,233.17,26951.42422351
2023-10-05,225.28,234.89,233.2,230.96,21542.34414375
2023-10-06,226.08,234.06,231.05,230.92,17149.39079346
2023-10-07,228.5,236.42,230.91,230.44,9935.963964
2023-10-08,226.7,233.13,230.53,228.09,9270.86625843
2023-10-09,211.2,229.17,227.99,218.59,26277.74151081
2023-10-10,210.21,220.45,218.52,212.26,23624.47743803
2023-10-11,206.5,217.06,212.27,214.11,19766.54502111
2023-10-12,207.9,217.34,213.95,214.05,19098.93210863
2023-10-13,211.7,219.0,214.05,217.27,17522.78276827
2023-10-14,214.22,218.33,217.57,214.49,8314.73575706
2023-10-15,212.75,216.83,214.55,215.25,9680.13246264
2023-10-16,214.87,249.83,215.26,230.96,70603.3794618
2023-10-17,224.0,232.57,230.95,226.47,20631.85465091
2023-10-18,224.76,233.09,226.41,226.89,21451.34828069
2023-10-19,225.04,235.23,226.84,227.43,21366.36264655
2023-10-20,226.31,249.89,227.45,240.56,47316.10466967
2023-10-21,237.89,246.61,240.62,244.13,22108.9746186
2023-10-22,237.31,254.71,244.12,243.53,30813.799751
2023-10-23,240.44,264.81,243.54,261.99,68002.01904028
2023-10-24,245.58,269.96,261.83,251.88,51550.90605023
2023-10-25,248.15,259.92,251.82,254.27,35309.88094853
2023-10-26,240.57,256.8,254.29,247.34,33371.27704669
2023-10-27,233.03,247.62,247.33,239.22,23657.28569141
2023-10-28,238.92,247.85,239.22,244.91,17194.52018873
2023-10-29,242.3,249.55,244.84,246.02,14319.30833765
2023-10-30,241.3,251.06,245.99,245.95,21530.28268672
2023-10-31,235.8,249.08,246.02,245.06,21891.85618376
2023-11-01,236.64,247.43,245.0,245.23,23016.84318202
2023-11-02,230.61,249.55,245.29,235.59,28785.30786908
2023-11-03,231.08,241.01,235.3,237.56,28372.46987999
2023-11-04,235.83,240.63,237.48,240.52,7728.52677954
2023-11-05,233.3,243.29,240.5,237.79,21623.59856257
2023-11-06,235.74,244.93,237.82,242.99,18736.37905878
2023-11-07,237.24,251.88,243.02,244.01,41422.16389006
2023-11-08,241.73,247.42,243.78,245.57,23836.76676259
2023-11-09,227.11,257.84,245.59,240.09,62819.02107069
2023-11-10,233.73,242.6,240.11,239.91,25178.07189833
2023-11-11,232.0,241.85,239.78,236.55,27922.68866174
2023-11-12,230.45,239.54,236.55,236.66,16188.54836631
2023-11-13,232.0,240.35,236.71,233.99,30312.35562125
2023-11-14,220.41,238.94,233.93,232.05,29202.22628981
2023-11-15,230.16,238.44,231.94,238.05,18401.14146873
2023-11-16,230.5,245.0,238.22,233.89,40130.20574972
2023-11-17,221.56,234.84,233.97,229.95,22356.32717267
2023-11-18,221.21,229.89,229.86,227.57,10161.89834738
2023-11-19,224.2,231.04,227.54,230.36,9683.26083973
2023-11-20,224.73,230.64,230.34,226.32,12875.6930267
2023-11-21,213.2,236.32,226.24,216.79,57972.41338473
2023-11-22,215.92,224.9,216.59,223.8,20969.1810783
2023-11-23,222.0,227.68,223.83,225.25,13583.10570238
2023-11-24,224.49,230.33,225.24,226.57,14802.36432959
2023-11-25,225.73,228.36,226.68,227.66,6743.39252279
2023-11-26,221.91,229.85,227.66,226.88,10568.27346349
2023-11-27,219.39,229.51,226.95,223.2,22259.52681753
2023-11-28,219.58,224.84,223.28,223.51,14696.23081096
2023-11-29,221.16,227.16,223.44,223.25,10377.77908172
2023-11-30,220.12,223.58,223.25,221.49,7581.79562129
2023-12-01,220.66,226.84,221.51,225.28,13693.71774198
2023-12-02,224.87,228.64,225.29,228.32,23181.71223336
2023-12-03,223.82,233.16,228.36,230.13,26048.17054738
2023-12-04,229.14,256.4,230.15,252.38,122046.60356572
2023-12-05,238.5,253.08,252.23,251.13,48714.97470477
2023-12-06,242.91,264.95,251.07,244.56,77889.94908886
2023-12-07,239.21,249.27,244.5,247.0,25262.92582378
2023-12-08,245.5,254.66,247.14,253.66,24964.09640484
2023-12-09,250.24,262.96,253.61,252.71,28606.13592443
2023-12-10,244.51,255.18,252.83,251.22,12049.9616821
2023-12-11,212.31,251.71,251.19,230.46,30880.31560925
2023-12-12,226.67,234.96,230.46,231.82,10815.99023164
2023-12-13,222.81,237.17,231.8,235.3,18624.64055735
2023-12-14,226.54,237.84,235.36,237.32,22763.55496916
2023-12-15,225.16,237.43,237.38,227.18,16336.28450649
2023-12-16,224.8,231.95,227.18,229.65,9810.36098026
2023-12-17,224.85,230.35,229.63,225.75,7479.16859409
2023-12-18,217.11,228.3,225.8,228.14,20912.10905718
2023-12-19,222.5,230.82,228.14,225.19,19465.63849949
2023-12-20,223.68,234.7,225.21,229.55,29959.9807196
2023-12-21,228.6,234.5,229.53,233.08,15552.29952848
2023-12-22,231.56,244.0,233.2,238.44,29258.32360296
2023-12-23,230.21,238.84,238.48,232.9,15036.30621143
2023-12-24,225.56,234.0,232.88,229.01,13536.23463904
2023-12-25,228.19,237.48,229.14,234.86,12662.62253641
2023-12-26,220.01,235.1,234.91,229.26,23052.63957864
2023-12-27,226.35,265.68,229.26,264.27,96144.75414384
2023-12-28,257.63,278.6,264.31,261.65,97866.88282764
2023-12-29,249.15,269.48,261.68,254.11,75767.67771248
2023-12-30,253.81,287.61,253.99,270.65,93392.63948621
2023-12-31,252.0,272.12,270.43,259.5,28754.24241491
2024-01-01,255.59,269.7,259.64,268.03,27329.50098721
2024-01-02,254.17,271.27,267.98,257.13,44540.88596752
2024-01-03,214.01,268.15,257.13,234.2,66231.2235335
2024-01-04,232.41,240.52,234.29,239.81,21520.81299804
2024-01-05,229.19,242.43,239.86,239.5,40654.81661812
2024-01-06,231.0,243.63,239.22,236.33,21526.17862261
2024-01-07,229.89,240.14,236.26,232.58,19309.70181852
2024-01-08,221.21,256.24,232.15,254.19,59716.75317837
2024-01-09,239.57,257.94,254.18,244.85,46616.43732438
2024-01-10,233.33,260.33,244.79,254.65,46489.17237698
2024-01-11,250.51,289.48,254.87,276.13,81323.62824772
2024-01-12,250.0,298.64,276.23,259.33,114902.26844191
2024-01-13,250.72,262.36,259.28,254.16,35662.54991543
2024-01-14,244.95,259.01,254.13,245.57,31391.23241504
2024-01-15,244.95,257.71,245.62,250.08,30437.94213423
2024-01-16,248.84,256.28,250.17,251.23,25872.73537404
2024-01-17,240.51,251.5,251.21,244.03,21601.43864679
2024-01-18,233.01,244.87,244.01,237.52,27837.32690234
2024-01-19,226.28,237.98,237.54,236.5,29501.99734608
2024-01-20,234.82,239.91,236.5,239.01,11613.60915525
2024-01-21,236.34,242.96,238.94,236.81,14071.8499363
2024-01-22,230.04,242.5,236.76,235.3,48388.33465705
2024-01-23,218.7,237.72,235.38,229.36,40932.50652529
2024-01-24,228.24,238.1,229.42,236.18,22900.20952642
2024-01-25,234.21,238.59,236.13,236.43,28645.74925889
2024-01-26,234.39,242.82,236.45,241.81,21098.34251313
2024-01-27,239.22,245.29,241.76,243.7,22002.41525534
2024-01-28,234.79,245.97,243.69,236.87,17549.97598977
2024-01-29,234.14,241.98,236.83,241.33,17951.34183867
2024-01-30,236.3,243.78,241.38,237.44,18390.76900592
2024-01-31,232.19,238.95,237.49,234.07,19362.03864115
2024-02-01,230.16,237.31,234.01,236.63,16967.11760099
2024-02-02,234.25,237.93,236.71,236.26,10728.99663122
2024-02-03,236.02,244.0,236.26,240.81,23165.14462082
2024-02-04,232.71,244.18,240.88,235.15,30749.07733155
2024-02-05,233.77,237.74,235.09,235.49,12481.73211387
2024-02-06,233.97,238.0,235.48,235.17,12567.06376611
2024-02-07,234.38,240.95,235.17,240.53,12340.78887594
2024-02-08,240.21,245.0,240.68,244.58,16780.07412111
2024-02-09,244.6,253.97,244.6,250.42,29221.8683628
2024-02-10,243.28,251.69,250.34,247.8,13806.09689855
2024-02-11,246.77,283.92,247.78,277.63,130448.27195437
2024-02-12,266.89,289.65,277.78,280.66,81080.48062667
2024-02-13,266.5,287.8,280.72,270.53,60681.85065828
2024-02-14,264.69,293.98,270.48,281.04,66253.0777351
2024-02-15,266.39,282.78,281.03,270.69,44713.68176431
2024-02-16,265.32,275.27,270.75,274.52,53283.83703999
2024-02-17,258.74,274.6,274.51,267.4,29147.50411363
2024-02-18,264.97,271.94,267.34,270.64,13978.32230212
2024-02-19,266.78,273.76,270.54,273.22,22050.23177659
2024-02-20,255.75,274.16,273.28,265.3,46077.01409851
2024-02-21,255.2,267.1,265.32,263.12,29230.9193518
2024-02-22,258.9,265.96,263.12,260.15,29704.89696709
2024-02-23,259.25,267.04,260.19,264.75,23754.79942116
2024-02-24,262.86,270.49,264.76,267.67,22890.61925221
2024-02-25,265.52,270.95,267.62,267.89,17864.99038845
2024-02-26,262.22,276.97,267.92,274.88,34897.44279559
2024-02-27,274.51,315.69,274.8,292.98,110633.67305138
2024-02-28,279.67,314.06,292.99,296.79,88398.02735401
2024-02-29,291.24,323.58,296.78,297.98,97943.15361373
2024-03-01,297.02,319.73,298.02,316.49,65354.76087091
2024-03-02,315.67,507.68,316.57,501.86,337595.71440463
2024-03-03,455.35,530.66,501.91,471.07,184775.75150506
2024-03-04,434.21,479.07,470.9,474.22,118299.92922582
2024-03-05,340.0,482.68,474.14,401.89,121622.71684099
2024-03-06,383.92,421.43,401.86,415.98,62282.95144449
2024-03-07,398.17,440.18,415.96,432.65,46920.13627335
2024-03-08,418.5,447.43,432.68,437.38,57050.95615662
2024-03-09,426.0,458.82,437.61,433.06,41618.66857606
2024-03-10,412.72,447.31,433.16,423.95,38177.31032067
2024-03-11,401.61,456.55,423.99,448.72,65930.28781677
2024-03-12,409.76,448.68,448.63,434.8,48727.89316984
2024-03-13,424.0,454.99,434.87,442.75,49311.23275629
2024-03-14,416.0,473.66,442.74,440.32,77237.11636996
2024-03-15,382.95,444.72,440.4,416.81,50296.03178811
2024-03-16,381.82,421.5,416.85,388.41,30469.350913
2024-03-17,368.78,407.62,388.34,402.36,31150.97957332
2024-03-18,383.65,411.05,402.36,401.06,28229.45146732
2024-03-19,350.72,411.82,401.07,358.84,64937.93328348
2024-03-20,347.99,412.66,358.7,409.66,47894.75510141
2024-03-21,403.91,435.89,410.08,414.43,52532.44690447
2024-03-22,391.54,433.75,414.23,431.35,47519.27240504
2024-03-23,419.55,475.89,431.54,455.6,93040.27210623
2024-03-24,444.94,499.73,455.73,485.04,74548.84351101
2024-03-25,471.34,507.51,485.36,487.41,83641.99124114
2024-03-26,467.99,495.26,487.28,479.01,48169.0613712
2024-03-27,478.18,553.26,479.24,538.77,108964.08562394
2024-03-28,522.98,586.72,538.78,567.68,90099.68091434
2024-03-29,553.64,639.97,567.63,621.26,104417.70801122
2024-03-30,590.87,625.0,621.24,597.97,42449.93455767
2024-03-31,588.17,692.5,597.97,678.46,70060.85758473
2024-04-01,617.9,702.91,678.78,648.18,82949.99561474
2024-04-02,587.8,650.0,648.24,639.39,83925.44424471
2024-04-03,562.0,644.32,639.4,593.1,84704.06036556
2024-04-04,591.62,683.87,592.63,665.35,113955.15042701
2024-04-05,645.71,719.43,665.43,657.87,97978.02930205
2024-04-06,657.28,715.97,657.9,694.21,65200.69877683
2024-04-07,674.79,710.0,694.44,684.86,38926.2115328
2024-04-08,678.14,712.25,684.86,681.4,46440.29052656
2024-04-09,656.27,694.69,681.48,671.57,44779.07955174
2024-04-10,596.05,673.54,671.48,629.5,56411.76942939
2024-04-11,599.78,629.66,629.66,614.47,20620.74110283
2024-04-12,488.05,619.09,614.42,533.58,60779.9864961
2024-04-13,443.83,551.96,533.7,480.98,84612.01855895
2024-04-14,453.59,533.82,480.79,527.06,50890.26996097
2024-04-15,491.88,569.45,526.88,508.39,49052.13362173
2024-04-16,464.08,510.79,508.47,487.39,38213.11625577
2024-04-17,446.98,490.82,487.39,464.04,29694.44717881
2024-04-18,453.2,489.54,463.7,483.02,24962.3657593
2024-04-19,444.49,493.3,483.47,476.89,36387.76991046
2024-04-20,470.82,522.8,476.95,515.54,31729.7045754
2024-04-21,493.51,518.47,515.69,502.45,16841.10285802
2024-04-22,496.29,528.33,502.47,522.95,17288.16767234
2024-04-23,502.0,525.34,523.17,505.65,17314.56843469
2024-04-24,473.59,511.84,505.52,479.16,20503.84708316
2024-04-25,465.57,485.97,479.37,478.24,23338.77279874
2024-04-26,466.96,493.38,478.17,482.61,14029.98278809
2024-04-27,465.12,485.79,482.62,476.82,15225.48888533
2024-04-28,468.0,487.91,476.85,470.61,8776.12677149
2024-04-29,447.0,474.41,470.81,465.02,23617.60771128
2024-04-30,420.27,470.16,465.1,433.84,42061.26580948
2024-05-01,399.22,435.71,433.82,424.23,39089.33662546
2024-05-02,410.53,434.62,424.27,429.11,19602.81832831
2024-05-03,425.67,458.8,429.13,453.27,24330.37293852
2024-05-04,452.56,480.37,453.21,463.15,17066.19258754
2024-05-05,455.67,473.16,463.2,469.02,9548.73659702
2024-05-06,462.77,487.74,469.18,473.13,24912.78149822
2024-05-07,466.16,494.48,473.06,470.84,29377.70380569
2024-05-08,443.56,473.54,470.9,448.04,23185.88685729
2024-05-09,441.57,458.72,448.0,454.79,16138.3341599
2024-05-10,421.8,456.77,454.76,426.7,18444.37565216
2024-05-11,425.03,434.52,426.73,429.5,8018.01415481
2024-05-12,427.77,438.26,429.5,432.79,5557.44897442
2024-05-13,421.41,448.07,432.92,437.3,13955.56500035
2024-05-14,425.86,439.14,437.53,428.85,9358.99836674
2024-05-15,423.69,468.58,428.98,463.89,23852.41804832
2024-05-16,442.56,466.09,463.89,444.95,8244.43556192
2024-05-17,442.4,478.59,444.92,466.91,24293.85022262
2024-05-18,464.43,492.12,466.93,475.4,19808.79579249
2024-05-19,473.2,496.82,475.39,484.83,25773.96539368
2024-05-20,476.23,518.67,484.97,517.98,34801.31634382
2024-05-21,508.74,529.75,518.08,514.7,27297.79442298
2024-05-22,494.98,515.75,514.57,498.72,16145.51708782
2024-05-23,472.01,516.13,498.72,490.91,26282.22246195
2024-05-24,480.01,500.12,490.99,494.87,18678.74786829
2024-05-25,490.79,501.0,494.86,493.57,9287.07419957
2024-05-26,480.6,494.24,493.6,484.01,6815.96651386
2024-05-27,481.15,503.14,483.98,489.34,8305.15649772
2024-05-28,460.72,489.27,489.23,469.99,20177.73968443
2024-05-29,462.37,474.53,469.99,465.26,12466.87934903
2024-05-30,459.25,474.98,465.26,465.02,11880.27221925
2024-05-31,446.98,468.87,465.02,454.44,10730.49337159
2024-06-01,453.94,466.29,454.51,463.29,4705.82403574
2024-06-02,452.83,464.87,463.23,457.9,4359.23322944
2024-06-03,454.02,471.54,458.1,464.81,9752.34233676
2024-06-04,459.51,479.84,464.79,477.14,16012.60249363
2024-06-05,476.44,497.88,477.24,495.33,15447.98172002
2024-06-06,486.21,502.46,495.28,496.16,20032.95278866
2024-06-07,460.0,520.61,496.08,477.36,32171.54180659
2024-06-08,465.26,484.87,477.44,469.58,11543.41921755
2024-06-09,465.05,475.92,469.58,474.67,5371.55923193
2024-06-10,461.4,474.83,474.6,468.93,7055.94914762
2024-06-11,434.13,469.36,468.93,446.35,20466.90932062
2024-06-12,438.93,466.84,446.3,453.96,17535.05030341
2024-06-13,430.05,455.94,454.04,431.54,17710.75208512
2024-06-14,407.67,440.87,431.68,422.59,23469.95901447
2024-06-15,422.25,432.63,422.82,429.97,8921.68601704
2024-06-16,426.31,433.77,430.06,428.2,5445.93294221
2024-06-17,404.0,429.4,428.23,419.68,17073.45640838
2024-06-18,372.03,421.18,419.57,389.22,36853.96869391
2024-06-19,385.32,398.36,389.18,389.0,12944.7576087
2024-06-20,385.21,400.59,389.03,389.71,12315.74152273
2024-06-21,376.6,397.64,389.71,382.9,19688.27206921
2024-06-22,379.55,399.83,383.01,392.01,8730.52066697
2024-06-23,378.9,396.44,391.96,380.84,8244.00544469
2024-06-24,343.94,383.99,380.72,363.71,40643.19247634
2024-06-25,363.5,394.35,363.85,388.63,30777.79530211
2024-06-26,373.22,397.06,388.86,373.61,18583.25006519
2024-06-27,369.49,393.06,373.85,388.6,30381.20751796
2024-06-28,383.26,406.81,388.55,385.35,26249.34586901
2024-06-29,378.22,389.06,385.33,380.38,9139.3694099
2024-06-30,378.11,396.86,380.4,393.41,8751.77356241
2024-07-01,382.13,397.98,393.44,384.19,13910.23963421
2024-07-02,377.71,393.62,384.1,381.4,15498.59353696
2024-07-03,367.83,382.18,381.49,372.89,11213.21595688
2024-07-04,330.31,374.16,372.83,330.73,35671.9824957
2024-07-05,288.01,331.75,331.39,325.74,53892.36347484
2024-07-06,319.88,344.1,325.71,343.01,16201.51624328
2024-07-07,310.6,343.08,343.06,312.77,11874.0285076
2024-07-08,298.91,337.91,312.82,333.85,28144.85973065
2024-07-09,328.34,340.71,333.64,330.99,15725.04795417
2024-07-10,327.06,349.71,330.99,340.48,22562.14235753
2024-07-11,335.69,368.5,340.36,347.28,21729.73600657
2024-07-12,340.76,395.0,346.96,368.99,21921.90465236
2024-07-13,369.17,394.43,369.36,375.68,21671.90937563
2024-07-14,364.1,388.17,375.86,376.95,10383.07573006
2024-07-15,375.5,401.32,376.93,400.4,20405.62680691
2024-07-16,369.76,405.47,400.45,387.34,23125.66723149
2024-07-17,371.43,400.0,387.35,375.34,17782.36482229
2024-07-18,369.75,386.53,375.35,382.57,15180.48752657
2024-07-19,369.8,400.03,382.68,391.6,17188.10354108
2024-07-20,385.79,398.97,391.68,395.72,6406.14312784
2024-07-21,378.47,401.4,395.59,401.1,8331.90378566
2024-07-22,382.9,404.5,401.3,385.95,13124.26630485
2024-07-23,361.01,392.79,385.93,366.34,22757.23088672
2024-07-24,359.21,374.84,366.35,362.41,8608.2001503
2024-07-25,346.65,365.13,362.4,361.34,13385.28447547
2024-07-26,360.97,379.0,361.43,377.4,10036.18831416
2024-07-27,376.73,398.01,377.36,392.47,12271.28314611
2024-07-28,388.97,423.07,392.35,416.86,22269.17328356
2024-07-29,414.1,458.79,416.85,438.82,37933.34739278
2024-07-30,427.83,446.49,438.93,432.22,24441.63631016
2024-07-31,411.32,441.06,432.3,413.93,23186.54347814
2024-08-01,389.5,423.32,413.9,412.91,19681.04553
2024-08-02,378.14,417.05,412.89,381.23,19669.35585409
2024-08-03,354.62,385.45,381.16,364.26,19741.40417949
2024-08-04,330.88,367.04,364.24,332.28,22133.88829552
2024-08-05,273.33,335.64,332.26,309.7,59183.72930401
2024-08-06,307.46,330.28,310.08,315.19,21753.16917753
2024-08-07,309.0,328.31,315.2,312.59,19714.4031176
2024-08-08,308.32,372.59,312.61,353.04,24239.1113078
2024-08-09,336.28,357.8,353.21,347.79,17166.77861946
2024-08-10,345.54,359.02,347.81,354.92,7571.50269726
2024-08-11,327.48,358.8,355.08,330.29,7042.60726158
2024-08-12,329.0,360.1,330.32,354.9,14282.02354883
2024-08-13,343.65,365.15,354.8,351.82,12591.94215211
2024-08-14,335.0,352.75,351.78,337.91,10640.04413759
2024-08-15,327.48,344.48,337.85,334.27,12784.36733325
2024-08-16,328.39,346.51,334.44,338.19,19105.43254809
2024-08-17,335.91,348.0,338.3,341.36,9860.92748305
2024-08-18,333.1,345.37,341.36,333.21,6663.83891508
2024-08-19,330.39,339.84,333.24,338.16,6920.79949635
2024-08-20,331.49,347.05,338.08,335.3,12340.49900604
2024-08-21,333.33,355.42,335.61,349.55,15728.34589649
2024-08-22,342.24,352.1,349.49,346.62,9382.82812822
2024-08-23,346.46,369.45,346.77,365.46,13468.22062929
2024-08-24,357.57,370.58,365.51,363.89,9167.78648764
2024-08-25,350.18,364.73,363.76,356.53,12022.08790291
2024-08-26,339.58,358.37,356.54,342.5,11157.01032477
2024-08-27,314.84,347.23,342.46,324.34,12809.44680463
2024-08-28,314.44,330.38,324.37,321.95,10791.42096857
2024-08-29,317.26,331.17,322.15,322.66,7240.06430457
2024-08-30,314.99,327.0,322.49,324.83,7230.42546937
2024-08-31,319.89,326.85,324.83,322.31,3109.01793252
2024-09-01,310.6,322.82,322.35,312.72,3483.1945253
2024-09-02,310.68,325.59,312.69,323.64,9956.92598019
2024-09-03,308.45,326.17,323.64,308.85,12076.5861074
2024-09-04,296.31,319.43,309.0,315.27,12670.6395355
2024-09-05,303.65,316.99,315.27,307.66,7311.85818955
2024-09-06,286.1,312.61,307.58,294.97,20816.42259854
2024-09-07,293.14,308.35,294.93,299.45,9608.07894221
2024-09-08,298.66,308.2,299.42,305.41,5652.0178092
2024-09-09,304.77,325.97,305.36,322.2,13922.73748093
2024-09-10,318.05,331.88,322.33,329.55,10208.77538616
2024-09-11,319.64,343.84,329.54,337.4,14974.10749215
2024-09-12,329.92,341.51,337.57,333.01,9912.41106054
2024-09-13,327.0,337.6,332.82,335.86,8764.96165297
2024-09-14,325.63,338.06,335.84,327.2,4466.05344577
2024-09-15,314.16,329.27,327.14,316.71,4902.36518137
2024-09-16,307.9,317.22,316.26,311.84,10608.61749157
2024-09-17,309.4,321.61,311.77,314.35,8230.78733689
2024-09-18,306.32,327.84,314.3,326.92,10247.7298306
2024-09-19,326.34,369.1,326.92,339.95,41668.6557745
2024-09-20,332.17,345.31,340.0,335.9,11180.86719847
2024-09-21,331.0,346.82,335.96,345.54,8088.54750148
2024-09-22,334.0,347.27,345.56,342.66,7119.10871682
2024-09-23,336.25,349.06,342.77,342.18,16609.04756364
2024-09-24,336.99,351.46,342.13,348.02,12737.17618046
2024-09-25,341.26,355.64,348.02,343.46,12681.77047359
2024-09-26,338.76,358.11,343.52,351.85,16807.95357635
2024-09-27,351.93,364.67,351.93,358.79,14966.99245401
2024-09-28,345.92,361.29,358.93,352.32,7183.24965295
2024-09-29,345.63,358.31,352.47,352.81,8744.53271496
2024-09-30,334.41,353.79,352.86,337.17,9009.33994135
2024-10-01,310.48,347.33,337.23,317.81,13543.86356255
2024-10-02,309.2,324.34,317.77,316.08,10100.81761176
2024-10-03,307.96,323.0,316.13,320.42,10822.42316431
2024-10-04,318.2,326.14,320.42,324.67,10475.93864993
2024-10-05,318.27,325.66,324.96,321.84,3376.36647009
2024-10-06,320.83,325.46,321.84,324.64,2971.98450373
2024-10-07,320.19,333.0,324.67,323.5,8981.15643634
2024-10-08,321.55,333.57,323.65,329.0,7335.96792244
2024-10-09,317.82,330.31,329.0,320.46,4929.71550301
2024-10-10,316.99,325.35,320.38,322.8,6673.26583493
2024-10-11,321.73,329.0,322.76,326.85,3894.01473692
2024-10-12,324.91,333.41,326.95,329.24,4306.34813664
2024-10-13,317.38,329.75,329.26,321.22,4857.52735099
2024-10-14,318.83,370.36,321.35,369.36,22944.95531343
2024-10-15,344.54,386.29,369.36,354.48,27853.24915343
2024-10-16,351.22,371.21,354.49,365.35,28779.97597131
2024-10-17,360.39,375.6,365.48,369.75,14904.42626562
2024-10-18,362.99,377.23,369.63,367.29,13483.29190737
2024-10-19,361.41,368.83,367.3,363.31,5852.49255093
2024-10-20,357.38,371.59,363.31,369.82,7712.79255067
2024-10-21,358.93,378.6,369.76,363.59,12923.21056336
2024-10-22,353.97,366.28,363.6,357.13,6795.07643997
2024-10-23,338.2,357.35,357.15,347.73,12771.3091306
2024-10-24,346.32,370.82,347.77,367.67,17392.56784044
2024-10-25,339.36,374.0,367.7,348.67,19567.64332411
2024-10-26,345.61,356.66,348.6,347.66,6036.55549307
2024-10-27,346.72,353.8,347.66,351.79,5003.68228918
2024-10-28,343.66,368.2,351.97,365.15,14175.39011598
2024-10-29,363.66,389.31,365.21,385.92,34131.02046594
2024-10-30,365.86,387.45,385.99,368.84,21977.39595697
2024-10-31,349.57,377.93,368.85,358.38,25564.25022869
2024-11-01,343.65,360.05,358.33,349.47,17623.81005468
2024-11-02,341.18,357.43,349.38,353.67,12560.64274385
2024-11-03,333.64,354.27,353.73,339.77,16754.3168572
2024-11-04,321.92,342.4,340.13,329.11,16701.52604187
2024-11-05,326.41,346.39,329.11,343.03,14563.34510923
2024-11-06,343.01,384.15,343.05,378.65,46582.68591112
2024-11-07,370.68,387.27,378.75,377.84,19348.92296843
2024-11-08,364.42,383.95,377.93,377.46,18403.62388409
2024-11-09,369.19,407.51,377.39,405.09,21712.05842268
2024-11-10,395.38,454.68,405.09,441.64,54141.96795243
2024-11-11,423.0,482.71,441.62,472.68,43736.99209991
2024-11-12,418.46,474.69,473.13,432.9,40359.32938256
2024-11-13,403.87,451.2,432.72,439.92,37299.72733209
2024-11-14,410.0,446.0,440.42,414.91,30929.28864749
2024-11-15,409.92,436.5,414.84,431.78,22175.8198447
2024-11-16,428.71,484.35,431.5,461.65,45592.23360534
2024-11-17,425.0,488.83,461.97,433.04,30475.3158314
2024-11-18,431.35,471.89,433.03,452.86,31077.08847509
2024-11-19,438.72,460.54,452.67,447.32,28756.49246902
2024-11-20,429.22,454.91,447.43,440.38,28236.7672496
2024-11-21,429.2,536.98,440.31,485.01,122087.24738672
2024-11-22,472.79,503.48,485.3,491.14,50993.4044973
2024-11-23,487.02,568.29,490.96,510.51,84960.50216811
2024-11-24,478.14,528.43,510.61,515.74,46323.09982026
2024-11-25,483.43,532.74,515.99,491.93,54052.84135583
2024-11-26,470.8,505.19,491.75,491.93,39416.05471441
2024-11-27,484.54,524.48,492.08,517.99,40291.74470844
2024-11-28,497.89,525.49,518.0,511.33,26566.95919438
2024-11-29,500.0,522.98,511.5,518.51,16113.40697046
2024-11-30,506.0,539.98,518.52,526.91,31236.03579442
2024-12-01,510.15,538.0,526.23,532.21,27176.20454186
2024-12-02,495.14,561.98,532.4,538.22,72477.881274
2024-12-03,512.0,592.05,538.35,585.71,72959.72064238
2024-12-04,542.28,602.13,586.1,584.48,69028.72978846
2024-12-05,551.02,634.77,584.41,589.03,84163.47764067
2024-12-06,580.06,640.3,589.3,619.73,45412.30465877
2024-12-07,605.14,627.52,619.82,608.27,24139.17893744
2024-12-08,601.81,625.49,608.14,622.58,24614.27015313
2024-12-09,512.34,624.16,622.71,552.34,45606.93495872
2024-12-10,485.37,565.68,552.48,516.53,53656.22247415
2024-12-11,505.64,551.04,516.33,547.0,35482.07650782
2024-12-12,537.21,564.25,547.16,540.22,25790.84299425
2024-12-13,526.0,544.08,540.21,542.46,23405.53332954
2024-12-14,519.7,551.67,542.45,533.83,16802.56879326
2024-12-15,524.52,550.0,533.35,546.26,15635.67447754
2024-12-16,522.25,557.11,546.28,538.33,23342.67937042
2024-12-17,524.25,548.33,539.04,530.29,21813.19656256
2024-12-18,474.29,543.38,530.83,480.46,31088.95580813
2024-12-19,420.41,488.71,480.05,438.38,38960.28293212
2024-12-20,389.54,451.24,438.68,449.19,34402.16375499
2024-12-21,442.48,472.53,447.98,455.77,15052.76477661
2024-12-22,434.0,460.98,455.74,445.15,9498.22387532
2024-12-23,431.82,465.61,445.48,460.13,15663.03108601
2024-12-24,449.78,478.36,460.14,469.62,12620.10317831
2024-12-25,454.66,471.04,469.69,465.19,3694.72665696
2024-12-26,432.62,467.86,465.23,436.87,14334.36226398
2024-12-27,434.24,461.24,436.77,440.66,10724.24187482
2024-12-28,437.82,452.81,440.26,450.62,3175.23935434
2024-12-29,434.62,453.18,450.82,438.21,4258.91687173
2024-12-30,427.99,452.48,437.95,443.25,15231.19579169
2024-12-31,432.37,454.66,443.24,433.35,16707.15888606
2025-01-01,429.74,454.01,433.55,449.55,9588.37604931
2025-01-02,449.46,466.0,450.05,461.34,11203.62109519
2025-01-03,455.42,477.07,461.61,473.52,11849.92231299
2025-01-04,468.71,482.88,473.68,478.87,11558.57904651
2025-01-05,462.6,479.62,478.83,470.88,8470.261012
2025-01-06,464.32,485.99,471.6,483.13,12786.78988526
2025-01-07,435.43,486.39,482.86,436.98,18152.81659577
2025-01-08,418.04,441.97,436.97,434.29,20622.44802998
2025-01-09,411.19,437.02,434.14,421.82,13044.44831178
2025-01-10,420.56,450.61,421.83,450.02,15432.20498781
2025-01-11,435.72,451.2,450.01,440.87,5475.96643704
2025-01-12,436.33,463.78,440.84,447.81,15813.18985774
2025-01-13,396.81,453.86,447.85,427.87,22550.92476617
2025-01-14,426.17,441.23,427.79,437.58,10517.71916597
2025-01-15,430.74,463.6,437.6,460.37,15260.24079332
2025-01-16,446.27,471.32,460.37,461.5,27655.56729903
2025-01-17,461.71,500.8,461.71,489.45,31634.26911963
2025-01-18,458.01,495.13,489.46,465.96,25047.95941517
2025-01-19,418.67,470.69,465.97,427.25,30301.06584957
2025-01-20,415.44,480.0,427.17,430.45,37797.0205858
2025-01-21,419.43,454.58,430.44,446.54,16773.24479118
2025-01-22,433.33,451.09,446.25,435.14,12172.60816973
2025-01-23,425.2,447.6,435.17,437.58,13026.69589672
2025-01-24,426.26,443.0,437.48,431.89,12866.14457524
2025-01-25,430.61,455.07,431.97,445.44,12262.62111483
2025-01-26,424.84,448.02,445.42,425.2,8496.49836618
2025-01-27,396.15,429.02,425.11,427.77,19088.74995144
2025-01-28,406.57,431.68,427.45,410.51,11466.32873804
2025-01-29,404.35,421.68,410.33,415.18,13263.76080709
2025-01-30,412.61,439.16,415.09,434.77,15105.46173652
2025-01-31,419.77,445.31,434.85,424.15,13345.50528849
2025-02-01,400.05,431.45,424.13,403.95,10040.44404081
2025-02-02,341.88,410.37,403.84,360.54,27531.09838272
2025-02-03,271.65,360.61,360.61,353.61,56107.14525285
2025-02-04,321.12,356.11,353.51,329.99,31191.85888481
2025-02-05,323.31,338.46,330.01,328.14,19567.79586514
2025-02-06,313.78,335.15,328.12,316.32,25477.10851107
2025-02-07,308.55,335.35,316.36,318.61,19417.01866371
2025-02-08,314.86,324.47,318.52,323.26,7789.10553789
2025-02-09,313.0,329.68,323.27,324.47,14098.60409203
2025-02-10,315.47,334.5,324.46,329.35,13325.82039826
2025-02-11,325.69,344.39,329.36,331.28,19941.75842915
2025-02-12,321.01,346.8,331.22,343.08,18343.60211965
2025-02-13,327.44,345.67,343.23,335.0,15073.12042768
2025-02-14,334.41,351.03,335.01,341.62,13206.21627039
2025-02-15,331.15,345.75,341.62,333.14,6462.03526649
2025-02-16,325.7,334.99,333.15,326.46,6429.90639315
2025-02-17,317.16,336.92,326.36,323.78,13570.65143386
2025-02-18,307.75,325.24,323.84,316.16,14429.25682303
2025-02-19,311.69,324.34,316.13,322.75,7675.53084485
2025-02-20,320.16,327.14,322.75,325.94,6123.20622357
2025-02-21,309.62,333.98,326.01,313.68,8557.98248862
2025-02-22,312.55,322.58,313.71,320.92,3520.15512235
2025-02-23,320.81,332.38,321.01,327.85,6365.18545476
2025-02-24,287.58,329.42,327.88,291.5,15653.96500391
2025-02-25,275.3,296.85,291.5,291.48,23450.10571928
2025-02-26,284.1,300.88,291.36,293.58,13727.15708918
2025-02-27,289.67,303.2,293.67,296.56,11171.65285908
2025-02-28,269.54,319.99,296.72,315.65,33603.05999505
2025-03-01,307.53,324.12,315.63,311.36,9709.25122361
2025-03-02,309.68,341.67,311.18,334.18,24358.19731017
2025-03-03,310.91,356.75,334.18,321.12,55419.06279973
2025-03-04,291.05,329.99,321.06,320.22,36788.6093609
2025-03-05,319.49,399.48,320.64,392.09,89152.59571372
2025-03-06,383.68,419.89,392.27,394.81,47575.59820999
2025-03-07,382.75,410.45,394.86,388.84,51597.39351098
2025-03-08,376.93,396.1,388.79,385.88,23072.32402099
2025-03-09,355.92,386.82,385.59,357.3,17903.85392104
2025-03-10,330.42,372.89,357.39,331.55,40356.63797994
2025-03-11,316.01,350.35,331.53,340.07,26812.4954801
2025-03-12,330.0,360.7,340.15,353.71,36709.42435578
2025-03-13,323.89,355.63,353.88,325.82,15904.24969233
2025-03-14,325.21,335.57,325.91,331.38,15986.65461792
2025-03-15,328.15,353.0,331.52,342.38,22844.37033154
2025-03-16,325.14,342.54,342.32,333.08,12132.74871362
2025-03-17,331.02,342.26,333.12,337.5,13401.90514442
2025-03-18,329.17,343.51,337.4,335.3,10631.01242482
2025-03-19,332.36,347.03,335.3,345.45,13549.43453482
2025-03-20,330.0,349.98,345.53,333.52,13454.78137105
2025-03-21,320.15,335.52,333.52,323.02,10390.13886586
2025-03-22,320.82,326.06,322.88,322.29,8025.87301737
2025-03-23,320.49,325.94,322.19,325.34,7008.16716623
2025-03-24,321.5,336.81,325.46,332.59,15810.1837182
2025-03-25,326.5,339.87,332.47,336.05,13970.3259444
2025-03-26,328.48,342.0,336.13,335.15,27468.90278819
2025-03-27,321.0,339.84,335.16,324.71,18209.82871508
2025-03-28,304.58,328.26,324.67,307.49,20977.97581555
2025-03-29,298.69,308.92,307.41,303.21,7348.55036303
2025-03-30,293.71,308.03,303.3,299.06,9368.30046167
2025-03-31,289.86,305.96,299.14,303.41,16746.90841988
2025-04-01,302.3,318.45,303.51,308.2,11582.1694689
2025-04-02,290.03,317.12,308.25,292.79,25819.25235342
2025-04-03,291.47,307.82,293.07,301.24,20383.7915418
2025-04-04,294.05,310.15,301.31,301.33,16087.99586751
2025-04-05,296.86,304.29,301.4,304.0,6012.49056154
2025-04-06,265.16,308.0,303.98,271.93,24741.43958512
2025-04-07,249.17,281.83,272.11,275.35,39499.81690308
2025-04-08,266.57,284.66,275.36,268.86,14182.33507159
2025-04-09,258.92,318.37,268.84,301.22,43998.43850217
2025-04-10,282.24,303.83,301.14,289.8,13999.80417958
2025-04-11,289.41,315.89,289.57,312.6,18648.59139794
2025-04-12,311.19,385.0,312.6,344.62,34816.02668588
2025-04-13,335.94,353.31,344.59,342.66,12185.6282283
2025-04-14,320.28,380.0,342.68,323.44,56011.28221698
2025-04-15,317.0,337.3,323.53,319.55,22845.74209484
2025-04-16,314.18,325.8,319.54,321.58,15085.5261901
2025-04-17,320.92,340.64,321.55,334.0,22213.58859495
2025-04-18,327.4,344.99,334.0,334.89,16385.60054567
2025-04-19,332.67,340.11,334.99,335.36,4119.64403914
2025-04-20,331.67,342.64,335.33,336.19,6064.50463753
2025-04-21,335.85,348.14,336.23,344.92,17787.00877913
2025-04-22,336.84,364.85,345.03,362.28,29205.04080996
2025-04-23,353.51,364.12,362.41,358.45,25118.11920881
2025-04-24,343.35,367.32,358.47,356.91,38907.77560012
2025-04-25,348.0,384.89,356.91,373.27,38791.460792
2025-04-26,355.18,377.72,373.44,355.62,14725.726337
2025-04-27,344.91,360.27,355.68,345.57,9285.1369718
2025-04-28,341.65,370.25,345.69,364.16,21962.37781249
2025-04-29,360.67,377.85,364.27,363.91,41141.75813824
2025-04-30,355.01,369.69,363.91,365.98,17507.79462771
2025-05-01,360.11,374.79,366.07,361.15,13148.58394188
2025-05-02,359.09,386.18,361.01,382.99,25608.52985308
2025-05-03,362.49,383.69,382.98,362.86,9302.55647882
2025-05-04,353.16,371.2,362.9,356.18,7461.41808258
2025-05-05,349.01,361.12,356.27,353.44,7158.28502948
2025-05-06,350.43,374.62,353.5,374.3,21597.22553616
2025-05-07,355.29,391.29,374.68,383.47,35199.29465408
2025-05-08,380.8,484.95,383.53,421.85,70496.44284744
2025-05-09,403.05,429.43,421.82,413.83,31018.96321963
2025-05-10,409.96,433.13,413.85,430.97,16221.8910864
2025-05-11,402.22,434.07,431.08,408.37,13745.50428162
2025-05-12,396.12,419.7,408.45,410.68,16756.88806331
2025-05-13,391.51,416.0,410.84,411.28,17004.30406314
2025-05-14,398.84,414.13,411.3,402.79,8661.86821287
2025-05-15,383.0,405.2,402.82,396.06,13833.47038183
2025-05-16,392.85,403.98,396.18,395.86,6098.71885637
2025-05-17,386.24,401.79,395.99,392.32,3924.78857
2025-05-18,389.03,408.2,392.39,406.53,11301.51050329
2025-05-19,375.89,409.18,406.69,392.98,14785.20201586
2025-05-20,384.21,398.72,392.99,394.29,8239.21313212
2025-05-21,390.32,412.36,394.34,407.21,16804.69291159
2025-05-22,407.25,446.03,407.25,444.31,44464.20637439
2025-05-23,424.0,461.96,444.4,426.6,36429.55570539
2025-05-24,419.19,432.55,426.59,421.64,11434.2086804
2025-05-25,407.73,427.44,421.56,422.98,12179.18162409
2025-05-26,413.0,428.61,422.73,415.5,10100.38431136
2025-05-27,408.49,424.55,415.45,414.95,10055.4438961
2025-05-28,404.74,427.76,414.92,424.65,11382.83177043
2025-05-29,405.43,428.14,424.64,409.79,12265.21170168
2025-05-30,394.43,414.7,409.77,398.64,10732.07349207
2025-05-31,389.65,423.0,398.68,415.38,20922.96863709
2025-06-01,397.05,415.8,415.37,403.65,7257.68173734
2025-06-02,397.28,407.38,403.74,403.94,5941.56491856
2025-06-03,400.15,409.43,403.7,401.08,7160.11400235
2025-06-04,397.09,411.21,400.99,400.55,4773.57926492
2025-06-05,377.91,405.2,400.32,385.38,6880.14817588
2025-06-06,380.69,399.91,385.44,396.06,5138.55528564
2025-06-07,394.16,411.89,395.94,409.51,5976.50655936
2025-06-08,406.47,419.91,409.64,410.93,6481.49402934
2025-06-09,410.77,429.76,411.11,424.98,8804.34540135
2025-06-10,418.0,443.36,424.93,437.94,11876.5945705
2025-06-11,420.82,448.19,437.79,428.8,15113.99388089
2025-06-12,423.38,441.9,428.82,424.28,7543.58557236
2025-06-13,397.77,453.86,424.1,448.94,18259.0360223
2025-06-14,421.23,450.36,448.89,431.03,5865.89455132
2025-06-15,431.03,469.69,431.03,460.43,13297.92278174
2025-06-16,451.7,476.53,460.39,463.26,15011.53690261
2025-06-17,456.96,483.45,463.37,462.86,17678.73317281
2025-06-18,456.15,481.23,462.85,459.93,12953.94460096
2025-06-19,453.25,502.53,459.86,497.1,30869.76011022
2025-06-20,472.4,500.73,497.25,473.79,14881.41552109
2025-06-21,458.0,478.03,473.68,467.49,10645.65538907
2025-06-22,437.01,470.83,467.6,455.05,19575.21324965
2025-06-23,437.94,469.82,455.18,462.84,10395.17575742
2025-06-24,449.16,467.6,463.16,453.96,7958.63140135
2025-06-25,453.54,494.84,454.02,482.81,35658.07192192
2025-06-26,481.56,507.34,482.77,489.24,20143.9476664
2025-06-27,484.34,510.13,489.26,505.19,16134.18684697
2025-06-28,487.38,505.6,505.19,491.45,5006.54250742
2025-06-29,488.76,508.83,491.35,504.33,5020.38262535
2025-06-30,488.3,522.67,504.42,505.8,9977.44999353
2025-07-01,498.24,528.27,505.92,500.49,15608.89321692
2025-07-02,498.68,512.45,500.43,511.1,10083.86668623
2025-07-03,491.39,515.16,511.21,496.45,6916.96403139
2025-07-04,469.11,496.87,496.67,484.19,10823.20402521
2025-07-05,480.84,490.08,484.26,489.61,4452.89112187
2025-07-06,482.94,500.44,489.74,491.61,6289.72556072
2025-07-07,487.51,500.9,491.65,496.39,5153.29462575
2025-07-08,494.01,508.23,496.58,501.0,6324.08426055
2025-07-09,499.82,517.0,501.02,514.53,9615.26136023
2025-07-10,501.35,521.3,514.53,518.45,9901.30044395
2025-07-11,514.08,539.47,518.5,531.75,14153.79722688
2025-07-12,502.31,535.22,531.36,506.78,7105.71773874
2025-07-13,501.47,513.66,506.7,508.4,5514.76937979
2025-07-14,498.06,527.14,508.47,505.05,8972.96797457
2025-07-15,482.15,506.0,504.99,498.01,7437.51681385
2025-07-16,491.12,508.86,498.01,499.29,6013.13051956
2025-07-17,487.62,505.37,499.26,500.1,7759.84747301
2025-07-18,499.14,542.57,500.16,514.96,21825.60967118
2025-07-19,502.01,522.58,514.98,513.37,9370.29914065
2025-07-20,509.39,553.45,513.37,548.16,16684.89909391
2025-07-21,517.2,548.79,548.24,523.03,15816.73733974
2025-07-22,511.68,535.58,523.07,526.56,10389.98233642
2025-07-23,498.2,530.15,526.32,512.4,9150.19810584
2025-07-24,490.5,529.57,512.22,513.47,11616.17053015
2025-07-25,509.46,566.97,513.1,557.13,23398.91178507
2025-07-26,551.34,563.14,557.12,558.93,6956.71109785
2025-07-27,555.32,607.01,559.11,589.83,34257.53346908
2025-07-28,569.2,605.65,589.74,572.65,19790.65964552
2025-07-29,560.04,586.85,572.65,564.11,11290.20078428
2025-07-30,550.96,594.76,564.16,589.69,12590.90069898
2025-07-31,560.24,597.15,589.97,561.43,12902.50150085
2025-08-01,527.21,574.83,561.28,535.65,22667.47106797
2025-08-02,517.88,543.95,535.7,520.08,8987.62695239
2025-08-03,514.42,548.05,520.03,544.57,10031.61889198
2025-08-04,544.23,581.45,544.62,574.2,18029.13700993
2025-08-05,541.2,584.05,574.47,551.67,24274.89985733
2025-08-06,547.37,573.4,551.55,571.05,16334.13559661
2025-08-07,567.28,585.09,571.14,582.17,28430.42041531
2025-08-08,573.34,589.15,581.97,585.9,12401.67378143
2025-08-09,565.6,592.04,585.92,566.53,13421.26767504
2025-08-10,559.3,585.49,566.45,570.35,18265.67938541
2025-08-11,569.7,599.66,570.3,578.7,28852.56621881
2025-08-12,578.28,625.98,578.7,619.08,26130.49540141
2025-08-13,600.89,632.64,619.08,616.49,20310.27773684
2025-08-14,579.39,627.35,616.3,593.59,15382.76635064
2025-08-15,580.23,602.15,593.67,592.75,9172.58367636
2025-08-16,577.08,598.13,592.72,587.82,4566.02577725
2025-08-17,580.77,592.32,587.72,582.32,3876.46864597
2025-08-18,560.94,582.74,582.19,569.15,6669.32473003
2025-08-19,547.65,573.92,569.2,548.87,7313.42233437
2025-08-20,543.55,564.81,548.59,560.88,4695.11494871
2025-08-21,550.24,564.89,560.9,554.46,3524.08723651
2025-08-22,550.61,607.61,554.47,599.66,12644.89113473
2025-08-23,584.12,601.58,599.67,591.19,5495.36527787
2025-08-24,582.21,599.74,591.19,583.14,6521.30501651
2025-08-25,536.4,589.67,583.02,543.48,8633.35946857
2025-08-26,532.41,555.57,543.43,550.92,14832.32152647
2025-08-27,544.32,563.29,550.86,550.23,10658.8680923
2025-08-28,548.45,567.06,550.07,557.77,4821.00421194
2025-08-29,527.42,560.05,557.89,530.83,11963.51068235
2025-08-30,524.31,554.23,530.82,553.13,7370.3539896
2025-08-31,542.3,554.79,553.35,544.07,5114.07464057
2025-09-01,530.0,551.81,543.97,545.63,12160.51090081
2025-09-02,543.44,588.0,545.32,584.48,22097.40904275
2025-09-03,578.5,605.54,584.62,603.87,26700.45660571
2025-09-04,583.68,604.81,603.87,586.83,14206.81172361
2025-09-05,584.79,621.75,586.72,606.7,35714.37726245
2025-09-06,583.22,617.23,606.77,595.4,20871.77344552
2025-09-07,593.51,608.22,595.42,603.25,9492.96003145
2025-09-08,585.65,606.15,603.24,588.37,16263.31286821
2025-09-09,574.66,591.18,588.55,580.95,20902.53863043
2025-09-10,577.09,591.03,580.98,580.96,11464.12075086
2025-09-11,576.54,604.22,581.06,596.61,23970.36246529
2025-09-12,587.4,601.99,596.7,598.45,9771.58681727
2025-09-13,594.24,605.87,598.45,598.77,10637.12755416
2025-09-14,588.36,605.18,598.61,601.7,7405.483645
2025-09-15,588.14,607.55,601.86,593.85,11179.40980604
2025-09-16,589.05,602.14,593.83,598.8,6583.72896112
2025-09-17,590.75,625.52,598.97,616.67,10962.81592107
2025-09-18,612.34,650.91,616.8,624.6,25194.06751025
2025-09-19,598.39,632.52,624.47,601.1,13719.9193168
2025-09-20,594.0,606.84,600.99,595.02,5861.82092964
2025-09-21,593.89,602.53,595.02,594.06,3385.27104223
2025-09-22,554.0,595.17,593.89,567.52,13472.57787847
2025-09-23,554.0,570.34,567.69,557.04,9454.5477215
2025-09-24,548.94,564.0,556.88,556.81,5523.83159285
2025-09-25,533.37,557.87,556.65,536.76,11192.9688833
2025-09-26,534.71,551.32,536.76,548.44,8327.46885892
2025-09-27,540.15,548.4,548.4,544.11,2770.45995089
2025-09-28,536.21,558.42,544.11,556.5,5212.74723111
2025-09-29,550.15,563.42,556.55,561.38,5000.15276843
2025-09-30,549.4,563.46,561.21,560.85,7229.66636301
2025-10-01,559.61,600.0,560.91,593.04,17047.75272426
2025-10-02,581.0,598.18,592.76,595.22,18233.33721564
2025-10-03,591.0,615.91,595.28,608.84,16238.89843293
2025-10-04,584.54,609.55,608.87,590.54,11207.91223579
2025-10-05,588.01,612.33,590.44,594.61,11735.3659716
2025-10-06,592.49,607.07,594.5,598.91,7321.36533194
2025-10-07,574.54,600.1,598.9,576.77,9871.53081586
2025-10-08,573.0,588.15,576.68,583.52,4336.60234979
2025-10-09,568.68,594.33,583.59,580.28,8715.66603582
2025-10-10,474.48,601.53,580.32,513.93,35767.22941451
2025-10-11,478.41,540.86,514.52,500.64,21538.8264549
2025-10-12,496.14,545.84,500.65,540.79,17141.77951576
2025-10-13,531.61,549.9,541.21,546.97,8316.14119389
2025-10-14,508.31,547.6,546.97,538.31,23693.29604059
2025-10-15,517.85,546.21,538.17,522.54,6515.06793992
2025-10-16,501.49,529.76,522.4,504.72,7029.64433471
2025-10-17,443.0,510.72,504.63,470.03,19424.38785715
2025-10-18,462.48,481.42,470.03,468.78,4685.03185834
2025-10-19,456.96,479.21,468.78,472.57,6983.10944076
2025-10-20,467.32,486.57,472.5,479.01,5565.6965517
2025-10-21,464.21,515.67,478.94,481.12,13093.46025815
2025-10-22,461.21,485.85,481.08,473.35,8881.35567466
2025-10-23,472.76,492.46,473.46,480.54,20174.42056639
2025-10-24,478.53,514.55,480.52,503.46,9627.14704048
2025-10-25,496.02,513.79,503.35,508.49,5312.75194787
2025-10-26,508.25,565.11,508.5,559.65,14294.36049386
2025-10-27,553.0,572.1,559.42,555.44,14089.51749984
2025-10-28,550.0,570.9,555.56,557.56,13662.43884185
2025-10-29,544.28,566.65,557.56,555.84,15147.87487391
2025-10-30,526.1,576.71,555.77,541.36,15586.62340265
2025-10-31,532.84,569.81,541.36,534.8,20325.83715476
2025-11-01,530.78,561.09,534.74,553.93,8296.03489795
2025-11-02,522.74,555.69,553.84,536.96,14085.42244391
2025-11-03,493.47,536.94,536.94,505.68,13702.01024128
2025-11-04,460.22,512.52,505.6,480.08,13174.15910139
2025-11-05,460.24,494.46,480.0,489.27,6131.56894425
2025-11-06,464.0,489.71,489.09,472.54,5382.49419279
2025-11-07,470.12,524.59,472.6,512.0,16991.47276883
2025-11-08,485.72,515.12,512.0,495.27,6159.21035018
2025-11-09,488.65,506.98,495.18,503.48,6446.51016871
2025-11-10,500.97,525.9,503.47,517.18,9502.19170341
2025-11-11,503.52,531.74,517.36,505.44,9726.45016086
2025-11-12,498.54,534.36,505.52,507.1,8479.39059356
2025-11-13,493.83,531.23,507.05,509.18,12068.81826748
2025-11-14,475.5,517.5,509.16,479.43,9356.75269047
2025-11-15,479.08,519.03,479.42,502.2,11034.56796605
2025-11-16,472.33,504.01,502.1,483.27,5718.15832672
2025-11-17,480.29,524.33,483.05,489.5,12826.72387232
2025-11-18,475.2,537.61,489.45,522.9,21595.82319398
2025-11-19,470.33,523.27,523.0,486.1,12756.65805092
2025-11-20,473.3,512.59,485.75,480.34,17204.40809592
2025-11-21,446.38,558.76,480.21,533.0,42913.1927218
2025-11-22,521.01,567.86,533.04,556.92,39185.5458194
2025-11-23,536.15,558.08,556.72,538.47,30565.80106093
2025-11-24,536.69,563.4,538.41,548.72,22416.06979407
2025-11-25,516.32,549.54,549.03,527.27,14110.8211674
2025-11-26,525.76,549.49,527.3,544.08,17608.10099892
2025-11-27,531.5,552.41,544.16,532.48,11789.00107342
2025-11-28,530.58,555.15,532.42,548.83,14438.70636265
2025-11-29,517.51,549.08,548.73,521.44,17444.71011181
2025-11-30,518.27,562.1,521.45,540.84,21252.72707696
2025-12-01,508.02,544.76,540.79,523.4,26915.91981062
2025-12-02,519.76,558.27,523.3,545.48,17558.57450292
2025-12-03,543.55,609.32,545.52,590.73,38244.14294472
2025-12-04,565.63,599.02,590.55,574.89,19714.25327055
2025-12-05,555.0,596.22,574.89,559.84,28543.48674062
2025-12-06,558.12,604.99,559.79,583.49,20066.17850862
2025-12-07,568.08,605.0,583.35,598.76,21456.40709256
2025-12-08,576.17,606.58,598.85,579.11,17672.48022378
2025-12-09,567.96,591.22,579.11,584.54,16803.68971754
2025-12-10,559.2,588.76,584.79,572.83,20635.4372635
2025-12-11,551.8,576.71,572.6,574.25,10379.77902819
2025-12-12,568.4,587.64,574.4,581.95,13934.66198689
2025-12-13,569.06,586.8,581.8,580.01,8241.84119295
2025-12-14,554.32,585.45,579.81,558.16,17358.12140914
2025-12-15,518.61,573.83,558.32,536.05,17379.18359253
2025-12-16,527.71,557.23,536.09,545.99,12460.59383911
2025-12-17,541.02,568.42,545.99,546.51,14603.51082916
2025-12-18,528.0,580.43,546.42,565.65,28891.95793027
2025-12-19,556.71,631.14,565.55,624.42,34144.78091578
2025-12-20,588.08,625.53,624.36,590.95,18671.20744797
2025-12-21,576.99,602.6,591.26,590.88,13396.89220526
2025-12-22,572.84,598.39,591.08,590.04,24475.81486795
2025-12-23,570.48,593.35,590.05,572.6,13771.2499271
2025-12-24,561.11,580.48,572.59,568.28,14224.39140989
2025-12-25,566.06,599.52,568.43,589.36,18353.96480557
2025-12-26,586.51,613.72,589.28,594.23,25507.5708161
2025-12-27,592.44,625.0,594.23,622.53,18325.93859236
2025-12-28,610.01,637.12,622.58,622.11,19132.14087712
2025-12-29,592.2,626.28,621.99,598.5,29767.81550543
2025-12-30,590.5,607.55,598.46,594.99,13849.55906927
2025-12-31,592.43,602.31,595.09,598.68,12389.54292597
2026-01-01,585.28,605.23,598.5,593.01,12700.11574804
2026-01-02,585.0,618.0,593.1,609.54,21093.52948745
2026-01-03,608.31,663.25,609.6,654.22,33595.34700975
2026-01-04,635.51,662.45,654.23,638.52,28680.72796651
2026-01-05,638.66,668.76,638.76,645.5,28260.97396926
2026-01-06,624.0,656.56,645.45,637.92,24645.50428962
2026-01-07,621.67,637.93,637.93,628.65,10262.53954415
2026-01-08,618.93,653.24,628.68,631.37,23361.0360045
2026-01-09,624.48,641.79,631.38,633.71,11933.49859524
2026-01-10,630.45,686.8,633.65,643.31,17038.11331196
2026-01-11,640.0,665.0,643.38,648.27,28399.45490635
2026-01-12,600.01,660.0,648.27,620.67,39086.02940037
2026-01-13,605.0,625.71,620.65,616.57,25342.23648304
2026-01-14,594.02,619.19,616.56,597.36,28617.74562874
2026-01-15,574.76,629.11,597.36,590.76,36840.16305748
2026-01-16,589.47,606.68,590.76,599.22,12520.36099157
2026-01-17,587.67,602.29,599.23,593.72,10506.80247223
2026-01-18,587.44,601.76,593.67,591.37,11579.58909777
2026-01-19,562.0,594.3,591.0,583.55,13702.6875155
2026-01-20,564.14,586.81,583.5,571.82,18109.04752322
2026-01-21,569.37,597.08,572.14,584.14,20056.93044663
2026-01-22,583.88,603.27,584.02,598.5,13385.66340461
2026-01-23,585.74,600.75,598.5,594.98,7354.71968203
2026-01-24,589.89,598.08,594.87,592.7,3050.09880357
2026-01-25,563.76,594.87,592.65,571.43,8973.8025297
2026-01-26,570.71,582.6,571.48,577.97,7067.20838601
2026-01-27,576.53,602.88,577.95,599.3,13145.68384173
2026-01-28,588.61,601.04,599.44,590.36,6238.17385537
2026-01-29,547.48,590.65,590.24,553.3,15319.95999566
2026-01-30,532.52,558.9,553.4,552.3,15624.33722036
2026-01-31,467.54,553.19,552.35,506.79,26211.06902661
2026-02-01,505.68,537.76,506.73,515.7,20822.50106732
2026-02-02,497.0,543.88,515.75,538.89,17598.13020569
2026-02-03,509.0,541.52,538.94,526.35,13389.11810351
2026-02-04,514.0,538.56,526.26,531.28,14863.21795488
2026-02-05,451.64,541.27,531.28,452.73,35128.01305935
2026-02-06,423.94,541.91,452.87,522.96,43985.41210429
2026-02-07,513.92,540.05,522.88,524.75,27072.67072581
2026-02-08,516.46,539.86,524.76,526.32,16891.24787235
2026-02-09,510.66,538.0,526.32,533.09,10432.04730855
2026-02-10,509.03,540.0,533.12,524.09,19579.822334
2026-02-11,507.42,527.6,523.99,515.76,11563.17968043
2026-02-12,493.42,520.53,515.63,502.55,8406.64141333
2026-02-13,499.31,570.0,502.53,563.75,21748.64181711
2026-02-14,557.0,572.42,563.52,562.35,9190.46732519
2026-02-15,550.4,566.18,562.52,552.98,5586.59827363
2026-02-16,551.38,581.04,552.97,568.77,12968.50372825
2026-02-17,550.25,577.51,568.76,563.03,10727.4633073
2026-02-18,550.35,569.81,563.33,557.43,6486.49912148
2026-02-19,538.49,564.66,557.34,559.36,10480.53063397
2026-02-20,540.66,570.67,559.28,562.26,16252.26674819
2026-02-21,558.35,575.52,562.27,563.92,6834.29277573
2026-02-22,559.15,585.51,563.87,570.37,14250.5147965
2026-02-23,487.33,570.42,570.24,495.73,28735.87177321
2026-02-24,470.79,498.93,495.6,484.68,21841.99275336
2026-02-25,483.98,520.57,484.61,492.59,27495.68449257
2026-02-26,476.71,505.92,492.85,478.39,16331.99048863
2026-02-27,455.22,490.75,478.24,461.44,18062.9229184
2026-02-28,439.88,467.67,461.39,457.49,20316.85428845
2026-03-01,432.15,466.92,457.74,441.8,12239.58924529
2026-03-02,436.24,454.24,441.63,445.27,17727.5154713
2026-03-03,432.22,450.0,445.56,443.89,8367.53670691
2026-03-04,439.09,476.87,444.08,466.92,19388.519912
2026-03-05,454.88,467.82,466.88,461.59,9491.3108746
2026-03-06,442.26,463.49,461.58,449.72,8356.86888819
2026-03-07,445.81,454.09,449.72,450.42,4938.5646065
2026-03-08,440.52,455.28,450.45,442.99,4111.51766099
2026-03-09,442.9,456.74,442.96,444.58,10578.27045533
2026-03-10,442.75,454.44,444.59,446.91,9639.4102774
2026-03-11,445.69,461.97,446.91,455.27,6672.36317294
2026-03-12,451.85,461.3,455.25,455.09,2709.37300699
2026-03-13,454.72,475.0,454.97,460.99,14570.42665367
2026-03-14,454.5,468.58,460.81,467.77,3723.77671263
2026-03-15,459.01,470.55,467.67,470.4,4607.46522355
2026-03-16,465.16,483.81,470.32,478.45,8535.72761874
2026-03-17,470.4,481.18,478.38,470.66,3107.07197405
2026-03-18,446.71,472.84,470.82,456.96,5107.25078465
2026-03-19,449.88,460.52,456.89,455.61,5088.71569484
2026-03-20,455.18,475.02,455.52,474.44,8785.58076908
2026-03-21,459.83,477.17,474.63,462.21,6863.1961075
2026-03-22,457.74,471.24,462.42,467.17,5587.56673715
2026-03-23,462.72,485.57,467.49,478.08,9677.76882941
2026-03-24,468.81,479.85,478.31,477.24,9585.88850039
2026-03-25,471.35,480.09,477.34,473.51,3932.88008474
2026-03-26,458.5,474.03,473.5,461.59,5309.82167796
2026-03-27,458.0,473.16,461.58,472.62,6761.48253088
2026-03-28,470.51,483.67,472.69,480.65,6135.44948934
2026-03-29,446.83,484.19,480.65,452.19,9968.24705959
2026-03-30,450.24,466.92,452.13,459.69,7100.36980854
2026-03-31,459.63,477.34,459.63,465.81,8806.61123645
2026-04-01,453.73,466.2,465.85,455.15,6328.72998885
2026-04-02,439.6,455.8,455.12,444.27,5881.66711895
2026-04-03,439.54,446.61,444.27,442.93,3644.36717012
2026-04-04,440.87,445.06,442.93,441.08,1627.71151365
2026-04-05,420.07,442.17,441.08,428.44,6283.2108357
2026-04-06,428.45,440.58,428.45,435.22,5655.2002736
2026-04-07,430.0,448.21,435.16,445.98,5059.90245502
2026-04-08,440.09,449.83,446.04,441.44,3753.63234518
2026-04-09,433.37,446.66,441.42,443.1,3637.83045223
2026-04-10,434.28,446.94,443.16,444.05,2564.70329307
2026-04-11,436.53,445.47,444.0,437.89,2582.25779535
2026-04-12,419.84,438.2,437.81,421.32,4195.06491001
2026-04-13,421.2,440.75,421.26,438.49,2754.7065003
2026-04-14,433.79,444.42,438.71,436.5,3279.23585676
2026-04-15,427.61,443.46,436.32,440.88,5203.31621644
2026-04-16,434.16,457.42,440.94,454.99,4626.97271483
2026-04-17,446.8,461.92,454.98,453.66,4547.30899667
2026-04-18,443.64,456.18,453.53,444.0,2542.52500919
2026-04-19,434.14,446.37,443.87,435.46,3201.73713332
2026-04-20,435.46,446.45,435.48,443.74,2099.91183993
2026-04-21,440.46,449.47,443.82,449.08,2179.1817674
2026-04-22,447.58,473.96,449.12,460.55,6517.50815092
2026-04-23,453.01,461.14,460.6,460.96,3097.0381871
2026-04-24,454.65,462.58,461.13,456.32,2793.56664427
2026-04-25,451.89,456.73,456.4,453.34,1330.38367434
2026-04-26,450.54,455.84,453.3,455.18,2246.72629529
2026-04-27,446.35,465.69,455.17,449.94,7960.14626284
2026-04-28,442.7,454.11,449.88,453.69,1951.26056049
2026-04-29,440.87,455.42,453.62,447.32,3378.09598016
2026-04-30,440.16,449.03,447.4,440.88,2247.47286831
2026-05-01,440.8,458.13,440.84,450.48,3181.66062741
2026-05-02,444.18,453.11,450.54,445.76,1690.72751929
2026-05-03,442.34,447.56,445.5,443.09,1677.83585387
2026-05-04,437.03,450.67,442.93,443.81,5555.09334572
2026-05-05,442.91,464.35,443.86,461.34,8352.1537625
2026-05-06,458.44,489.17,461.39,465.63,13776.54472629
2026-05-07,448.38,466.38,465.53,450.23,4923.75821871
2026-05-08,447.7,456.11,450.22,450.48,2464.45719721
2026-05-09,448.52,453.9,450.37,449.7,2247.25614401
2026-05-10,449.0,465.15,449.81,464.24,3372.00094859
2026-05-11,447.93,465.0,464.24,450.26,4113.42028439
2026-05-12,436.0,450.31,450.06,439.68,5948.9744934
2026-05-13,430.0,444.74,439.67,434.05,4074.50824833
2026-05-14,431.4,438.86,434.1,434.95,2421.79168992
2026-05-15,423.72,439.27,434.96,426.32,5767.39424023
2026-05-16,410.49,427.85,426.36,415.65,6397.20527367
2026-05-17,399.12,417.15,415.65,404.61,6542.74146766
2026-05-18,348.14,404.48,404.48,378.64,41713.35921013
2026-05-19,360.13,386.45,378.66,370.12,15257.07636758
2026-05-20,363.82,375.06,370.16,372.94,7835.3777531
2026-05-21,372.61,383.18,372.84,380.12,9498.84678981
2026-05-22,358.85,381.56,380.24,360.31,7238.88758802
2026-05-23,342.38,364.29,360.39,355.23,13586.20379274
2026-05-24,333.33,357.56,355.4,346.87,7648.76026561
2026-05-25,343.82,352.22,346.88,351.46,3130.42827585
2026-05-26,342.32,354.78,351.43,343.07,5407.94000967
2026-05-27,331.08,346.84,343.1,334.32,5262.47257353
2026-05-28,292.58,335.72,334.2,299.71,30636.60887372
2026-05-29,293.0,310.45,299.71,302.31,15564.05194313
2026-05-30,296.5,307.69,302.13,303.53,7464.83894205
2026-05-31,297.16,307.5,303.54,302.41,7381.24310468
2026-06-01,277.94,304.35,302.41,293.28,16827.92662154
2026-06-02,265.16,293.65,293.51,268.26,23127.51924605
2026-06-03,239.4,271.2,268.44,243.12,72075.76078662
2026-06-04,230.18,249.85,243.12,244.55,15282.84846987
