date,low,high,open,coinbase_close,coinbase_volume
2021-01-01,28700.0,29688.88,28990.08,29412.84,22211.25251806
2021-01-02,29039.0,33300.0,29413.29,32225.91,46675.24652146
2021-01-03,32008.62,34810.0,32222.88,33080.66,36951.71650628
2021-01-04,27678.0,33666.99,33082.84,32019.99,46045.38968508
2021-01-05,29891.13,34499.67,32020.22,34030.64,42282.56920027
2021-01-06,33352.54,37000.0,34043.91,36859.26,45744.10320015
2021-01-07,36200.0,40425.0,36859.26,39505.56,50346.30569052
2021-01-08,36565.08,41986.37,39510.55,40665.15,48522.48490272
2021-01-09,38800.0,41406.94,40642.15,40257.43,27152.97102881
2021-01-10,34444.0,41452.12,40257.43,38171.57,43736.57031589
2021-01-11,30100.0,38273.88,38168.89,35452.59,102503.15672849
2021-01-12,32500.0,36604.51,35456.89,34038.98,48227.62752035
2021-01-13,32309.04,37888.0,34035.53,37393.66,39608.73718747
2021-01-14,36751.11,40127.66,37393.67,39125.14,31868.76049365
2021-01-15,34298.93,39697.0,39123.05,36754.67,36421.05918785
2021-01-16,35372.59,37948.0,36754.6,36006.94,20861.42545209
2021-01-17,33850.03,36860.0,36004.8,35820.0,19182.04934663
2021-01-18,34736.46,37402.0,35820.01,36624.23,16609.64108414
2021-01-19,35895.11,37857.0,36624.23,35917.28,18904.77910604
2021-01-20,33387.01,36415.34,35921.91,35503.09,25445.70800774
2021-01-21,30011.0,35628.24,35498.85,30855.95,50473.11375071
2021-01-22,28732.0,33867.0,30855.9,32984.93,48155.72161708
2021-01-23,31432.19,33488.79,32982.66,32112.01,16139.81478284
2021-01-24,30931.21,33086.53,32110.0,32288.56,13618.80097809
2021-01-25,31920.8,34888.0,32293.18,32261.87,23045.66293389
2021-01-26,30830.0,32960.37,32260.52,32510.82,23535.83891688
2021-01-27,29156.0,32584.62,32510.82,30407.13,46207.08537355
2021-01-28,29902.14,34000.0,30414.11,33488.99,36007.06269488
2021-01-29,31990.0,38570.13,33487.92,34262.11,72641.07974951
2021-01-30,32852.86,34900.0,34262.11,34315.63,21362.15173754
2021-01-31,32200.0,34387.75,34315.63,33137.74,16436.39757593
2021-02-01,32333.0,34728.57,33137.75,33533.19,21975.41378272
2021-02-02,33450.0,36000.0,33534.39,35512.67,19995.83908338
2021-02-03,35393.8,37723.72,35513.0,37678.37,23781.96945181
2021-02-04,36156.45,38769.0,37688.42,36975.0,31699.36292316
2021-02-05,36605.87,38349.0,36976.59,38311.49,17842.70173175
2021-02-06,38250.0,41000.0,38327.09,39265.43,27102.80602941
2021-02-07,37371.35,39737.83,39266.1,38871.42,20297.87256102
2021-02-08,38057.01,46750.0,38871.43,46448.1,47934.0103883
2021-02-09,45020.0,48200.0,46453.66,46514.73,36418.79365116
2021-02-10,43706.86,47349.99,46514.73,44850.0,25818.01157857
2021-02-11,44011.0,48690.0,44850.0,47997.91,26222.60477552
2021-02-12,46300.0,48912.0,47993.6,47408.34,23503.15583529
2021-02-13,46300.0,48199.0,47408.34,47232.45,12020.8773325
2021-02-14,47100.13,49700.0,47240.75,48680.69,15146.55244091
2021-02-15,45768.46,49093.44,48667.23,47936.37,19432.15278111
2021-02-16,47051.22,50645.0,47935.66,49158.71,23053.20561135
2021-02-17,48942.87,52640.35,49141.43,52170.01,25675.171441
2021-02-18,50875.0,52549.99,52170.01,51601.73,15689.40275173
2021-02-19,50725.0,56370.05,51596.0,55983.56,27961.48197104
2021-02-20,54000.1,57563.57,55983.57,55923.52,22137.82194494
2021-02-21,55531.23,58367.0,55921.44,57489.16,13530.43444443
2021-02-22,46616.0,57577.69,57489.16,54142.13,49449.16575779
2021-02-23,44888.08,54206.22,54125.67,48899.99,72300.585728
2021-02-24,47002.0,51415.41,48899.99,49737.82,30732.14949499
2021-02-25,46700.0,52107.83,49737.81,47058.48,28011.20414657
2021-02-26,44150.0,48464.64,47063.9,46326.2,36048.6181927
2021-02-27,45055.0,48356.86,46319.79,46180.75,16290.28071728
2021-02-28,43016.0,46656.0,46169.92,45231.75,22745.60600179
2021-03-01,45042.13,49829.0,45231.74,49639.4,25068.25043716
2021-03-02,47075.11,50250.0,49635.3,48511.6,17063.56302004
2021-03-03,48161.75,52666.0,48502.18,50360.0,21301.47723933
2021-03-04,47502.0,51798.33,50370.33,48368.52,23386.97957577
2021-03-05,46219.32,49473.99,48370.97,48769.47,25468.18029576
2021-03-06,47077.0,49210.0,48766.01,48909.84,11877.83755909
2021-03-07,48909.83,51459.0,48909.84,50978.61,13965.15473114
2021-03-08,49328.62,52425.0,50976.22,52415.23,18856.28684439
2021-03-09,51845.01,54936.0,52413.17,54916.38,21177.14953983
2021-03-10,53025.0,57402.14,54921.61,55890.69,28326.07770941
2021-03-11,54283.0,58113.0,55888.7,57815.47,24369.21216789
2021-03-12,55050.0,58065.92,57820.15,57225.91,21760.53824103
2021-03-13,56083.74,61788.45,57220.84,61178.5,22301.28588901
2021-03-14,58950.0,61680.0,61181.38,58972.7,13581.96759058
2021-03-15,54568.0,60601.07,58972.71,55636.15,31651.39184131
2021-03-16,53221.0,56970.0,55629.08,56927.11,24432.37878722
2021-03-17,54138.01,58996.38,56924.26,58925.54,22687.57433043
2021-03-18,56996.15,60100.0,58925.54,57644.95,21459.4962399
2021-03-19,56260.0,59461.99,57644.95,58039.66,16429.629743
2021-03-20,57827.97,59928.0,58026.91,58116.7,9725.28123717
2021-03-21,55543.89,58651.22,58126.34,57363.32,11841.63877891
2021-03-22,53739.5,58421.68,57377.29,54110.07,19512.15647151
2021-03-23,53000.0,55858.0,54111.49,54345.54,19221.75674
2021-03-24,51673.82,57209.97,54333.27,52276.16,23775.21362623
2021-03-25,50305.0,53238.0,52259.69,51325.01,29642.04415588
2021-03-26,51250.0,55125.13,51320.76,55072.44,17843.00738205
2021-03-27,53966.0,56640.0,55080.9,55856.53,11333.33349523
2021-03-28,54701.0,56587.08,55856.54,55778.82,9235.80302347
2021-03-29,54900.0,58400.0,55781.22,57613.48,17552.36885101
2021-03-30,57000.0,59397.48,57613.76,58786.46,15105.07669026
2021-03-31,56873.8,59800.0,58786.46,58800.0,17376.62672814
2021-04-01,57930.0,59474.94,58800.01,58726.48,11096.33004907
2021-04-02,58441.88,60055.02,58726.47,58981.04,10966.93017846
2021-04-03,56943.0,59752.0,58981.04,57094.34,8405.26400491
2021-04-04,56478.53,58500.0,57094.34,58215.94,6301.43187883
2021-04-05,56817.64,59251.76,58216.73,59123.02,9204.86323941
2021-04-06,57333.33,59475.0,59134.07,58019.98,10354.33014603
2021-04-07,55400.0,58630.0,58021.67,55955.75,17787.29445084
2021-04-08,55700.0,58152.0,55962.67,58083.1,8073.59731731
2021-04-09,57670.51,58869.69,58083.1,58092.68,8094.74629652
2021-04-10,57875.41,61218.97,58092.68,59778.6,12817.81106734
2021-04-11,59177.06,60658.89,59778.59,59985.26,7278.96516665
2021-04-12,59369.0,61199.0,59983.66,59839.82,11467.72752999
2021-04-13,59799.01,63774.39,59836.88,63588.22,17897.76603088
2021-04-14,61277.91,64899.0,63588.22,62971.8,22570.84113444
2021-04-15,62036.73,63831.82,62971.8,63229.04,11209.4505281
2021-04-16,60048.43,63604.34,63229.04,61427.27,19867.41322269
2021-04-17,59700.0,62572.48,61427.27,60058.86,10847.76785762
2021-04-18,51300.0,60437.97,60067.2,56274.41,36891.70959047
2021-04-19,54187.85,57600.0,56273.65,55696.83,16838.39171629
2021-04-20,53430.01,57111.0,55696.83,56499.29,18608.27983583
2021-04-21,53620.91,56810.56,56477.67,53800.86,15584.08398293
2021-04-22,50400.0,55469.98,53795.62,51701.59,30427.89153907
2021-04-23,47464.65,52130.58,51695.98,51187.27,38794.85818376
2021-04-24,48726.87,51260.61,51187.75,50089.15,11839.14355893
2021-04-25,47044.01,50591.38,50101.42,49121.0,14633.51206544
2021-04-26,48817.62,54400.0,49121.0,54053.6,18005.22399425
2021-04-27,53321.0,55509.39,54047.8,55069.62,13957.08649512
2021-04-28,53887.0,56476.17,55069.61,54894.03,16484.33677655
2021-04-29,52369.61,55226.86,54889.81,53580.0,14592.31688772
2021-04-30,53068.43,58075.01,53580.0,57798.77,16536.33288912
2021-05-01,57050.94,58550.0,57798.77,57859.28,10787.04933216
2021-05-02,56072.0,57972.26,57859.28,56625.2,7647.62578087
2021-05-03,56500.0,58986.0,56625.21,57212.73,15165.00648795
2021-05-04,53057.7,57247.24,57212.73,53241.92,23492.0586849
2021-05-05,52913.02,57980.86,53241.91,57515.69,22918.90458572
2021-05-06,55288.0,58400.0,57515.69,56440.66,18244.13605211
2021-05-07,55300.0,58735.95,56444.82,57380.39,18323.8958022
2021-05-08,56980.01,59559.84,57380.39,58958.05,15374.94442964
2021-05-09,56265.3,59300.52,58958.06,58312.57,17169.72318523
2021-05-10,53600.0,59592.2,58313.84,55866.41,24647.23540718
2021-05-11,54511.48,56962.07,55866.38,56753.19,15446.63591676
2021-05-12,48500.0,58041.0,56753.19,49498.77,29660.84273553
2021-05-13,46000.0,52500.0,49498.76,49690.11,42250.08740789
2021-05-14,48895.0,51569.56,49682.28,49893.48,21987.79362448
2021-05-15,46573.0,50730.58,49893.48,46775.51,21936.11454712
2021-05-16,43825.0,49808.28,46771.01,46450.79,30655.33064729
2021-05-17,42101.0,46646.15,46450.78,43580.5,43660.22208427
2021-05-18,42300.0,45851.0,43571.89,42857.15,28210.30024018
2021-05-19,30000.0,43591.7,42865.05,36731.75,109537.24233282
2021-05-20,35000.0,42605.0,36735.44,40623.33,51445.79735691
2021-05-21,33501.54,42275.99,40623.24,37340.77,55961.90006046
2021-05-22,35257.52,38889.76,37333.09,37476.83,29239.02738254
2021-05-23,31111.0,38319.36,37476.84,34758.67,53433.30296532
2021-05-24,34407.17,39966.87,34758.88,38878.56,44419.45827713
2021-05-25,36481.26,39878.51,38874.53,38361.81,26107.55687287
2021-05-26,37837.36,40900.0,38361.81,39293.23,25107.68631485
2021-05-27,37191.99,40440.95,39293.23,38556.88,19390.89447264
2021-05-28,34688.0,38900.0,38556.88,35680.47,36231.72333985
2021-05-29,33650.86,37325.0,35680.48,34627.82,27999.15073256
2021-05-30,33333.0,36500.0,34627.81,35669.44,16038.94658082
2021-05-31,34183.0,37534.09,35669.44,37279.31,19527.11600162
2021-06-01,35669.14,37918.97,37276.23,36685.0,15713.10281689
2021-06-02,35920.0,38237.37,36684.99,37577.91,13952.35891376
2021-06-03,37184.88,39489.82,37581.83,39248.55,14325.7560692
2021-06-04,35593.22,39291.24,39248.54,36856.52,17917.63251152
2021-06-05,34832.17,37921.35,36856.53,35539.49,13654.69033381
2021-06-06,35258.0,36477.86,35539.97,35800.48,8184.50324318
2021-06-07,33333.0,36812.39,35800.48,33575.91,18997.71626987
2021-06-08,31004.95,34069.0,33567.26,33402.13,34937.55754915
2021-06-09,32408.53,37573.99,33402.13,37403.86,26040.89793254
2021-06-10,35800.0,38425.67,37404.75,36694.05,19853.81418911
2021-06-11,35944.0,37695.0,36694.91,37338.44,14142.19349961
2021-06-12,34635.47,37448.0,37340.08,35557.33,14516.54556279
2021-06-13,34780.57,39396.0,35557.32,39015.24,15748.96203951
2021-06-14,38744.83,41076.03,39015.24,40539.47,21916.84415956
2021-06-15,39510.98,41322.55,40537.93,40162.37,17020.70299457
2021-06-16,38105.0,40499.0,40158.06,38351.0,17238.57541183
2021-06-17,37365.63,39554.98,38351.0,38095.17,15970.35031651
2021-06-18,35153.16,38216.22,38103.94,35841.81,23472.37724375
2021-06-19,34833.26,36457.18,35840.96,35484.79,16801.08670642
2021-06-20,33347.05,36139.73,35484.8,35585.78,19400.07454207
2021-06-21,31259.0,35741.54,35585.79,31609.82,41304.39903519
2021-06-22,28800.0,33352.0,31609.82,32538.37,48409.17333487
2021-06-23,31708.03,34881.02,32538.9,33688.35,23124.81248294
2021-06-24,32300.0,35295.67,33688.51,34654.58,16868.94084747
2021-06-25,31300.0,35500.0,34654.87,31594.63,26505.19266978
2021-06-26,30173.49,32711.68,31594.62,32275.19,18299.38702942
2021-06-27,32002.21,34749.0,32267.59,34709.23,14428.92978925
2021-06-28,33864.99,35301.43,34708.53,34493.22,14920.2647883
2021-06-29,34233.35,36675.0,34493.22,35904.28,17917.59826258
2021-06-30,34033.0,36094.42,35906.17,35060.0,16700.72309396
2021-07-01,32703.48,35066.54,35060.0,33516.11,13210.9509733
2021-07-02,32704.73,33972.06,33510.93,33805.02,11765.65389836
2021-07-03,33320.0,34953.07,33805.01,34682.16,6197.80112922
2021-07-04,34390.53,35951.0,34685.03,35284.05,6224.03057033
2021-07-05,33156.86,35290.82,35284.06,33697.78,9607.60619891
2021-07-06,33300.0,35100.0,33697.78,34225.73,10313.01368118
2021-07-07,33770.01,35077.46,34225.72,33878.56,9404.8979867
2021-07-08,32111.0,33934.62,33879.5,32875.95,14147.3525248
2021-07-09,32255.24,34100.0,32875.95,33824.26,8320.90649257
2021-07-10,33027.83,34267.14,33824.25,33515.35,4906.24582215
2021-07-11,33333.33,34607.37,33515.35,34259.23,7023.06500489
2021-07-12,32665.0,34670.0,34259.22,33091.1,10145.24046995
2021-07-13,32201.12,33337.61,33077.43,32734.14,9478.04218884
2021-07-14,31600.0,33125.55,32734.14,32816.39,10355.3186961
2021-07-15,31064.77,33187.6,32815.75,31868.68,11273.61174025
2021-07-16,31025.42,32259.16,31872.49,31388.06,10006.47793721
2021-07-17,31179.01,31949.99,31389.57,31533.91,5695.57411588
2021-07-18,31125.6,32450.0,31533.9,31788.25,5006.4831051
2021-07-19,30429.99,31887.82,31786.37,30842.03,11027.00528966
2021-07-20,29301.56,31052.65,30842.04,29796.16,18114.15286104
2021-07-21,29501.02,32825.0,29796.15,32135.19,15598.47830878
2021-07-22,31729.68,32611.84,32152.68,32287.74,7704.6404628
2021-07-23,32000.0,33647.27,32287.75,33647.26,9004.84262627
2021-07-24,33424.7,34525.0,33647.27,34283.01,9864.75243703
2021-07-25,33888.89,35451.04,34291.67,35428.26,9434.63002297
2021-07-26,35251.54,40593.93,35428.25,37262.77,40354.54555841
2021-07-27,36413.26,39550.0,37262.76,39470.48,24709.10440908
2021-07-28,38803.34,40925.56,39475.99,40035.1,27198.33358111
2021-07-29,39229.47,40644.85,40035.1,40039.44,11022.42512817
2021-07-30,38342.0,42320.57,40039.44,42237.95,15063.2344059
2021-07-31,41064.11,42414.61,42233.66,41495.01,9351.94288576
2021-08-01,39426.0,42605.64,41499.0,39865.41,10617.67293456
2021-08-02,38690.0,40459.68,39859.18,39149.59,12379.41216528
2021-08-03,37627.21,39785.3,39149.59,38191.44,15094.81739624
2021-08-04,37509.0,39965.1,38189.4,39722.41,15327.67624669
2021-08-05,37300.0,41447.89,39718.9,40888.74,28507.85532682
2021-08-06,39876.74,43399.26,40888.73,42869.58,20425.1145444
2021-08-07,42457.27,44750.0,42869.59,44637.34,19634.79475606
2021-08-08,43131.97,45363.83,44628.11,43829.14,18712.27158173
2021-08-09,42821.3,46497.42,43829.15,46285.48,19464.72493503
2021-08-10,44650.27,46718.44,46280.0,45595.66,13756.50066875
2021-08-11,45350.74,46781.09,45601.82,45553.49,11628.32043954
2021-08-12,43714.36,46223.95,45553.1,44422.14,13169.78176994
2021-08-13,44249.64,47953.9,44422.15,47833.64,11794.94196257
2021-08-14,46034.93,48176.52,47833.64,47109.65,8130.36769388
2021-08-15,45525.19,47400.0,47109.64,47014.49,7745.70200802
2021-08-16,45676.91,48076.52,47014.38,45902.46,10467.66031475
2021-08-17,44405.39,47174.62,45903.22,44671.58,12756.14777945
2021-08-18,44216.47,46035.27,44675.34,44707.98,10327.49887365
2021-08-19,43955.0,47088.08,44709.1,46765.87,11938.12185013
2021-08-20,46644.95,49400.0,46769.02,49342.4,13184.67048641
2021-08-21,48285.28,49821.92,49349.99,48867.02,9574.83615164
2021-08-22,48102.89,49526.13,48870.21,49284.63,6243.39643384
2021-08-23,49012.84,50505.0,49284.38,49506.5,10824.26838095
2021-08-24,47600.0,49875.9,49504.53,47682.45,12068.33823315
2021-08-25,47122.02,49277.0,47682.45,48987.33,9289.23177109
2021-08-26,46315.48,49365.1,48991.57,46851.47,11651.34373853
2021-08-27,46361.01,49185.12,46851.47,49077.57,8924.12247655
2021-08-28,48370.0,49309.83,49081.08,48942.94,4895.70191319
2021-08-29,47801.0,49667.1,48942.89,48802.58,6935.09511006
2021-08-30,46866.0,48906.51,48802.58,46993.71,12249.23741495
2021-08-31,46708.93,48259.68,46996.8,47112.5,12919.43970212
2021-09-01,46537.62,49125.0,47110.33,48839.86,13010.83839478
2021-09-02,48620.73,50392.19,48834.27,49279.37,14120.3826407
2021-09-03,48349.66,51064.44,49279.38,50025.0,14577.22621879
2021-09-04,49400.0,50558.75,50025.0,49942.98,7595.48816499
2021-09-05,49500.0,51907.08,49944.89,51789.17,7743.93472308
2021-09-06,51020.08,52802.03,51789.17,52698.81,9571.75471136
2021-09-07,42830.77,52944.96,52698.8,46894.5,29022.815351
2021-09-08,44423.49,47381.47,46894.49,46060.36,19624.55093117
2021-09-09,45511.82,47400.0,46059.94,46400.0,13594.64633403
2021-09-10,44140.48,47040.76,46396.26,44851.45,14905.54795341
2021-09-11,44730.29,45989.94,44850.37,45171.83,6207.38337004
2021-09-12,44754.31,46462.98,45173.66,46024.23,6499.85821749
2021-09-13,43465.0,46900.0,46027.8,44947.72,15015.30289712
2021-09-14,44679.92,47274.92,44953.23,47127.22,12644.16435358
2021-09-15,46705.0,48475.0,47127.81,48148.12,12139.84206628
2021-09-16,47020.82,48499.99,48144.03,47753.16,11739.27966629
2021-09-17,46752.67,48176.64,47753.15,47303.5,9088.56956453
2021-09-18,47050.0,48825.62,47306.87,48314.56,7491.03449237
2021-09-19,46850.87,48379.19,48309.86,47255.92,7086.34626236
2021-09-20,42500.0,47358.92,47253.71,43012.97,27706.67636162
2021-09-21,39600.0,43639.88,43007.69,40719.6,27275.33818249
2021-09-22,40570.42,44035.44,40736.81,43575.1,19462.53865157
2021-09-23,43096.73,45000.0,43575.19,44897.59,13446.87468684
2021-09-24,40683.29,45200.0,44896.55,42848.92,22451.57711462
2021-09-25,41675.0,42998.76,42848.44,42705.51,7383.32390261
2021-09-26,40803.0,43937.0,42705.51,43178.02,9971.64545213
2021-09-27,42111.0,44366.96,43172.17,42171.76,10094.77099806
2021-09-28,40897.7,42780.0,42166.31,41026.07,10491.81363045
2021-09-29,40750.12,42638.99,41030.19,41522.16,10303.30152312
2021-09-30,41409.67,44110.17,41519.11,43824.43,12835.9838101
2021-10-01,43287.44,48500.0,43828.89,48165.76,20095.33155568
2021-10-02,47451.0,48359.33,48165.76,47657.69,7262.63442143
2021-10-03,47120.11,49300.0,47663.74,48233.99,7989.25925892
2021-10-04,46916.7,49505.0,48233.99,49245.54,13938.64182971
2021-10-05,49057.18,51906.23,49244.13,51493.99,17828.59726658
2021-10-06,50416.01,55757.11,51499.77,55339.48,25869.64925998
2021-10-07,53379.0,55356.85,55346.95,53797.82,15820.83417633
2021-10-08,53634.41,56113.0,53805.46,53963.82,12416.9019906
2021-10-09,53675.0,55500.0,53965.18,54962.29,7123.05512404
2021-10-10,54112.95,56545.24,54963.29,54690.53,9370.1912382
2021-10-11,54411.54,57833.23,54683.09,57487.44,13422.42081815
2021-10-12,53873.78,57674.55,57485.97,56005.1,15457.00896085
2021-10-13,54236.09,57771.33,56005.1,57367.32,14691.01338574
2021-10-14,56832.32,58520.71,57367.32,57359.51,12198.02457938
2021-10-15,56867.11,62910.0,57359.51,61695.39,27105.19764492
2021-10-16,60139.01,62350.0,61690.32,60877.42,10161.25819825
2021-10-17,58943.83,61744.17,60867.05,61527.11,9153.32273471
2021-10-18,59887.74,62675.19,61530.07,62042.41,19798.1489024
2021-10-19,61333.0,64500.0,62042.4,64303.14,17380.30486176
2021-10-20,63525.0,66999.0,64303.14,66026.54,19194.45410878
2021-10-21,62050.0,66650.85,66021.26,62204.02,23474.39133313
2021-10-22,60000.0,63750.0,62204.01,60687.64,17217.70765017
2021-10-23,59650.0,61750.0,60682.88,61300.01,6708.15013802
2021-10-24,59522.89,61491.96,61300.02,60854.48,8573.72719199
2021-10-25,60653.5,63726.58,60847.91,63083.54,10496.58058683
2021-10-26,59837.07,63290.49,63081.96,60337.62,12181.48144997
2021-10-27,58100.0,61488.0,60333.19,58455.47,18856.68565412
2021-10-28,57653.88,62477.47,58462.73,60591.65,19354.49897509
2021-10-29,60188.73,62974.0,60591.63,62276.72,15497.01101939
2021-10-30,60725.01,62379.2,62287.95,61892.41,6793.59698552
2021-10-31,60001.0,62427.02,61896.38,61343.68,8371.1698899
2021-11-01,59500.0,62500.0,61346.17,60949.54,11724.34161877
2021-11-02,60672.16,64300.0,60956.4,63266.51,13694.11539462
2021-11-03,60070.0,63568.36,63266.5,62935.41,12951.87181247
2021-11-04,60728.77,63114.14,62935.4,61444.5,11051.75853921
2021-11-05,60777.0,62638.59,61444.49,61006.15,10598.79620286
2021-11-06,60125.0,61599.25,61006.14,61539.31,6366.43859189
2021-11-07,61397.86,63327.96,61539.3,63309.13,5596.02460734
2021-11-08,63309.12,67792.77,63309.12,67554.84,17661.87297159
2021-11-09,66261.79,68568.85,67554.13,66944.66,14996.62508818
2021-11-10,62800.0,69000.0,66938.76,64912.2,19030.24517744
2021-11-11,64133.78,65600.0,64912.2,64807.59,10259.51472415
2021-11-12,62300.0,65477.06,64807.73,64147.9,13658.626579
2021-11-13,63394.17,64990.0,64144.42,64400.01,5968.10354833
2021-11-14,63596.9,65525.0,64400.01,65505.02,6081.57225975
2021-11-15,63371.0,66339.9,65505.03,63624.59,10426.55522646
2021-11-16,58638.0,63624.6,63621.05,60107.98,24910.15267457
2021-11-17,58380.0,60824.38,60101.56,60351.51,20907.21545076
2021-11-18,56514.13,60977.21,60351.51,56898.0,26749.21203012
2021-11-19,55625.0,58412.12,56898.46,58122.16,18554.56064192
2021-11-20,57423.35,59900.0,58122.15,59760.76,7584.65241653
2021-11-21,58509.69,60070.0,59760.76,58671.21,6661.36635434
2021-11-22,55641.03,59526.51,58671.22,56280.81,15889.22078935
2021-11-23,55377.0,57886.03,56280.81,57566.85,14019.78167156
2021-11-24,55875.01,57607.97,57562.65,57162.66,12509.25971944
2021-11-25,57037.04,59445.99,57158.58,58987.27,10668.67680723
2021-11-26,53533.0,59194.0,58994.72,53757.67,25946.30174683
2021-11-27,53642.58,55316.67,53757.67,54759.05,7899.30349126
2021-11-28,53327.0,57490.0,54759.04,57317.17,8222.42493442
2021-11-29,56730.0,58908.27,57318.51,57838.06,13454.23335496
2021-11-30,55910.33,59249.77,57838.06,56987.97,18038.78770838
2021-12-01,56465.75,59118.84,56998.35,57226.5,16607.30872879
2021-12-02,55845.0,57423.69,57226.51,56521.46,12969.21952648
2021-12-03,51640.0,57670.68,56521.45,53638.04,19567.63113833
2021-12-04,42333.0,53876.09,53633.02,49241.12,39023.32978526
2021-12-05,47827.0,49783.0,49235.26,49484.22,21727.13821193
2021-12-06,47200.0,51105.0,49484.21,50529.56,23082.30465624
2021-12-07,50067.1,51995.0,50529.56,50625.48,14107.33216632
2021-12-08,48650.02,51250.0,50625.24,50519.68,13138.99183299
2021-12-09,47323.23,50844.86,50520.94,47568.43,15749.4243393
2021-12-10,46900.0,50148.49,47568.43,47170.94,15689.5742182
2021-12-11,46786.78,49517.18,47170.94,49407.75,11045.22374119
2021-12-12,48665.43,50828.13,49424.47,50089.64,10411.08180306
2021-12-13,45727.92,50218.42,50089.64,46727.89,20797.28834629
2021-12-14,46300.0,48686.91,46727.89,48367.43,17107.0342879
2021-12-15,46530.0,49500.0,48359.23,48884.78,21621.70983741
2021-12-16,47524.66,49459.39,48878.83,47634.22,12731.23681745
2021-12-17,45469.32,48000.0,47634.2,46166.5,18556.07900007
2021-12-18,45515.72,47368.73,46159.87,46859.46,8170.85303229
2021-12-19,46440.11,48351.92,46857.49,46687.19,9518.7071282
2021-12-20,45568.0,47548.93,46687.2,46926.07,16039.38510407
2021-12-21,46645.05,49339.31,46926.07,48914.7,15461.4105731
2021-12-22,48450.0,49595.0,48914.7,48608.62,10753.4990677
2021-12-23,48032.16,51397.82,48608.61,50842.2,16627.04627954
2021-12-24,50445.55,51878.6,50842.06,50851.38,11690.45418179
2021-12-25,50191.84,51171.68,50852.31,50428.31,5550.57153185
2021-12-26,49460.0,51295.33,50428.31,50801.79,6863.39473781
2021-12-27,50480.0,52100.0,50804.33,50717.77,11596.91468191
2021-12-28,47300.23,50720.35,50720.35,47543.09,23116.75583707
2021-12-29,46094.02,48149.58,47542.2,46471.24,20326.32142372
2021-12-30,45938.44,47926.15,46471.24,47122.08,27413.65364976
2021-12-31,45650.0,48574.7,47122.09,46211.24,19010.24134509
2022-01-01,46205.0,47967.12,46211.24,47733.43,9463.6617111
2022-01-02,46633.36,47990.0,47733.43,47299.07,6833.49845548
2022-01-03,45700.0,47583.33,47299.06,46459.56,10841.81020453
2022-01-04,45515.0,47532.89,46459.57,45814.61,16320.32712866
2022-01-05,42500.0,47076.55,45817.13,43436.04,25067.67476765
2022-01-06,42432.99,43794.5,43446.34,43083.76,20780.04784989
2022-01-07,40571.53,43144.72,43081.79,41565.18,26122.19990673
2022-01-08,40505.3,42318.97,41564.57,41684.84,15454.11315131
2022-01-09,41209.53,42831.12,41684.84,41876.52,11074.22498167
2022-01-10,39650.0,42250.0,41876.52,41824.07,25232.35739583
2022-01-11,41274.8,43130.0,41824.06,42753.44,19697.46613255
2022-01-12,42459.21,44342.83,42749.84,43920.37,16250.21469714
2022-01-13,42325.0,44453.22,43921.21,42581.65,14772.09478571
2022-01-14,41752.0,43473.98,42576.27,43090.72,13545.75086459
2022-01-15,42577.35,43819.39,43090.72,43098.2,6318.38550193
2022-01-16,42600.0,43497.24,43098.2,43104.34,6481.6580227
2022-01-17,41567.64,43200.0,43104.34,42218.01,10963.85191034
2022-01-18,41287.79,42692.71,42214.66,42369.74,13658.50365699
2022-01-19,41126.0,42586.03,42372.15,41674.27,15642.41727542
2022-01-20,40555.0,43511.99,41672.14,40670.97,17860.82318928
2022-01-21,35422.0,41127.79,40671.77,36456.94,50742.89616126
2022-01-22,34017.56,36835.93,36456.67,35066.43,30044.12486365
2022-01-23,34625.0,36555.55,35075.7,36282.47,17440.22740453
2022-01-24,32933.33,37574.63,36275.28,36693.32,38776.29020908
2022-01-25,35716.15,37579.81,36687.58,36980.0,21597.52201359
2022-01-26,36254.97,38960.0,36980.0,36840.63,27403.99125336
2022-01-27,35526.36,37249.0,36846.22,37188.37,23601.4620954
2022-01-28,36162.48,38023.74,37188.37,37741.9,22716.16494796
2022-01-29,37300.0,38748.43,37741.9,38191.1,13103.19076443
2022-01-30,37365.31,38384.07,38189.82,37901.35,10632.53591257
2022-01-31,36640.94,38785.04,37904.99,38491.93,19654.98487168
2022-02-01,38021.53,39300.0,38492.53,38716.88,16379.93141492
2022-02-02,36584.29,38888.88,38714.27,36923.39,13787.58718711
2022-02-03,36259.01,37450.75,36923.39,37329.91,13283.28624677
2022-02-04,37051.36,41788.81,37324.61,41614.64,22537.5582634
2022-02-05,40955.4,41970.0,41613.75,41404.85,11187.20118795
2022-02-06,41135.39,42719.93,41411.59,42415.16,6447.88488893
2022-02-07,41678.79,44533.0,42416.06,43868.07,20040.49860442
2022-02-08,42688.0,45519.24,43868.08,44085.59,20387.64565183
2022-02-09,43155.5,44865.46,44087.58,44416.35,12785.8117079
2022-02-10,43210.0,45855.0,44416.39,43527.71,20024.52326862
2022-02-11,42000.0,43962.13,43521.88,42386.47,19367.4151999
2022-02-12,41750.0,43050.0,42386.47,42244.97,8664.419567
2022-02-13,41885.61,42781.96,42244.91,42074.99,6208.94093653
2022-02-14,41570.0,42876.15,42073.37,42548.71,14805.98338836
2022-02-15,42433.28,44775.96,42548.71,44583.52,14154.73452625
2022-02-16,43330.59,44585.69,44580.73,43895.56,9663.44040395
2022-02-17,40099.99,44195.62,43895.55,40536.73,18630.10842181
2022-02-18,39425.07,40990.9,40537.94,39983.56,16491.0130588
2022-02-19,39655.0,40469.82,39993.64,40101.94,6277.30201343
2022-02-20,38000.0,40146.07,40101.93,38389.03,10972.32175685
2022-02-21,36811.0,39506.91,38395.99,37023.0,20970.76378699
2022-02-22,36350.0,38469.06,37022.11,38251.48,22767.08772002
2022-02-23,37055.0,39276.85,38251.67,37268.19,15510.11329997
2022-02-24,34322.0,39720.0,37268.18,38347.3,42124.51876077
2022-02-25,38016.44,39716.0,38347.3,39238.48,20761.66924479
2022-02-26,38592.04,40300.5,39242.71,39137.8,8601.67109728
2022-02-27,37020.0,39875.71,39146.97,37717.08,14440.23638182
2022-02-28,37455.71,44240.77,37716.57,43192.66,25699.68423401
2022-03-01,42850.0,44993.12,43189.61,44439.95,22596.96095342
2022-03-02,43342.16,45426.45,44440.0,43912.34,17466.98591437
2022-03-03,41811.0,44096.45,43916.47,42464.41,19278.28224695
2022-03-04,38577.01,42524.87,42464.41,39166.51,24080.60599433
2022-03-05,38587.27,39600.0,39166.5,39402.43,8440.51638896
2022-03-06,38091.02,39730.5,39407.87,38408.38,10099.98545246
2022-03-07,37161.88,39556.58,38406.82,37994.0,19544.28414901
2022-03-08,37851.54,39376.65,37991.05,38749.38,19132.76914326
2022-03-09,38655.98,42597.84,38749.16,41953.97,24651.67344036
2022-03-10,38560.85,42053.84,41949.28,39433.71,20814.01456026
2022-03-11,38234.08,40251.51,39431.4,38732.04,15908.57521389
2022-03-12,38654.02,39472.17,38732.33,38813.02,5644.14686801
2022-03-13,37580.86,39318.19,38815.56,37793.01,8046.37612453
2022-03-14,37560.4,39906.39,37793.4,39674.17,13566.81093809
2022-03-15,38135.0,39900.0,39678.51,39298.1,14924.67641882
2022-03-16,38850.0,41717.67,39298.11,41127.97,22805.48259593
2022-03-17,40521.0,41486.0,41127.96,40950.33,15717.77421989
2022-03-18,40130.0,42396.04,40950.23,41774.98,17181.15226772
2022-03-19,41534.89,42429.0,41781.37,42232.26,8630.97283924
2022-03-20,40918.72,42330.1,42232.05,41287.24,7621.03036678
2022-03-21,40509.0,41578.33,41287.24,41017.71,10996.47661055
2022-03-22,40885.19,43389.79,41017.7,42378.26,19913.28660924
2022-03-23,41766.79,43036.95,42376.03,42899.71,13745.27563632
2022-03-24,42627.48,44241.0,42899.71,44012.29,21827.93263859
2022-03-25,43605.8,45130.91,44012.36,44331.85,19128.13735444
2022-03-26,44091.09,44820.58,44336.19,44539.42,7305.17827992
2022-03-27,44437.22,46950.0,44538.21,46850.01,10356.10317002
2022-03-28,46662.28,48240.0,46850.01,47144.92,18787.66318707
2022-03-29,46589.0,48124.94,47146.92,47454.19,15776.65108647
2022-03-30,46544.89,47717.01,47448.41,47078.03,12672.44584707
2022-03-31,45211.0,47624.09,47078.02,45528.45,17454.79144251
2022-04-01,44232.86,46739.24,45525.25,46296.34,18111.13598043
2022-04-02,45642.89,47219.46,46296.36,45826.27,8380.14274375
2022-04-03,45552.07,47469.4,45826.24,46422.16,8773.77185888
2022-04-04,45129.93,46900.0,46420.08,46596.83,13802.44111729
2022-04-05,45371.16,47200.0,46594.39,45506.5,14390.57308541
2022-04-06,43115.26,45523.25,45509.92,43166.7,24250.37283725
2022-04-07,42734.69,43908.58,43166.71,43452.18,13245.36612438
2022-04-08,42112.0,44000.0,43444.71,42262.02,11929.52123708
2022-04-09,42118.96,42816.38,42261.9,42766.93,4805.71689778
2022-04-10,41885.86,43443.32,42766.46,42165.96,5770.49368126
2022-04-11,39204.59,42424.14,42165.96,39535.87,17229.3729009
2022-04-12,39250.0,40705.68,39535.88,40086.23,13866.41847396
2022-04-13,39550.0,41570.88,40086.7,41146.68,11457.63380548
2022-04-14,39573.8,41512.43,41147.15,39954.08,11020.37202049
2022-04-15,39770.22,40850.0,39953.62,40554.58,6448.01134712
2022-04-16,40005.0,40699.99,40554.6,40387.6,4084.16565112
2022-04-17,39553.07,40605.46,40387.6,39683.54,4833.31493601
2022-04-18,38550.0,41100.0,39681.11,40803.58,13090.79423386
2022-04-19,40571.99,41772.94,40810.87,41503.85,10218.113707
2022-04-20,40900.0,42209.58,41501.56,41377.61,14609.28392672
2022-04-21,39744.75,43109.47,41371.88,40480.81,17204.35326683
2022-04-22,39174.8,40802.65,40483.38,39712.25,16871.32104798
2022-04-23,39296.19,39993.82,39712.2,39465.87,6957.16710365
2022-04-24,39000.0,39945.74,39459.63,39464.56,6436.45656858
2022-04-25,38210.24,40605.3,39463.75,40439.22,20515.87532995
2022-04-26,37700.0,40817.16,40440.9,38113.82,21648.1142493
2022-04-27,37882.83,39470.0,38118.43,39251.11,20832.19649199
2022-04-28,38883.83,40400.0,39251.02,39743.22,16718.83057299
2022-04-29,38161.85,39926.8,39741.21,38593.1,14282.25993546
2022-04-30,37590.0,38795.0,38592.27,37644.1,6931.07200088
2022-05-01,37401.0,38675.37,37640.35,38473.05,7980.89975954
2022-05-02,38041.0,39181.27,38469.49,38510.89,17946.98346298
2022-05-03,37505.01,38643.48,38510.88,37719.59,17946.99450089
2022-05-04,37651.38,40038.27,37719.58,39669.56,21513.95419034
2022-05-05,35568.0,39864.55,39669.56,36537.22,28832.99792317
2022-05-06,35255.4,36664.4,36537.22,35999.1,28626.6487821
2022-05-07,34785.0,36125.0,35999.1,35458.0,11372.45319184
2022-05-08,33701.0,35499.93,35458.0,34027.91,22357.51152059
2022-05-09,30010.0,34231.54,34033.49,30078.27,55136.45332765
2022-05-10,29735.05,32645.49,30078.27,31002.39,55818.01900282
2022-05-11,27682.38,32185.9,31002.39,28972.34,61128.25296303
2022-05-12,25338.53,30091.2,28977.75,28941.95,70702.60931849
2022-05-13,28662.7,30990.0,28941.95,29232.18,34643.05118869
2022-05-14,28564.38,30287.58,29234.73,30041.88,15245.46818403
2022-05-15,29436.06,31418.35,30041.9,31290.05,16440.89298551
2022-05-16,29055.0,31293.31,31290.02,29839.89,22646.18507353
2022-05-17,29415.01,30750.0,29839.89,30412.12,19833.30676705
2022-05-18,28605.0,30675.92,30412.1,28672.94,28348.42643576
2022-05-19,28645.2,30500.0,28671.5,30274.59,29009.9710577
2022-05-20,28690.92,30729.83,30274.59,29155.75,34328.18791921
2022-05-21,28913.26,29613.34,29155.74,29408.26,9998.48360206
2022-05-22,29211.0,30457.9,29407.4,30260.87,11774.13662231
2022-05-23,28847.72,30635.39,30258.04,29082.52,25413.0825529
2022-05-24,28611.0,29802.0,29079.31,29626.44,17077.03870179
2022-05-25,29296.12,30192.08,29627.61,29503.49,17180.56600794
2022-05-26,28000.0,29850.0,29503.48,29166.06,26598.58606063
2022-05-27,28220.0,29355.4,29166.06,28598.31,21035.53736928
2022-05-28,28500.0,29239.52,28598.31,29008.99,7717.34367577
2022-05-29,28809.84,29550.0,29008.99,29447.07,6727.92770357
2022-05-30,29273.65,32232.16,29447.08,31711.42,24915.37275974
2022-05-31,31195.9,32383.96,31716.67,31784.05,21187.77667355
2022-06-01,29308.01,31964.56,31784.18,29788.79,26857.46263482
2022-06-02,29558.61,30655.0,29789.19,30433.75,18519.12608247
2022-06-03,29213.47,30674.95,30429.12,29670.85,15016.78184772
2022-06-04,29454.14,29952.0,29672.77,29843.18,6390.75942952
2022-06-05,29505.65,30158.44,29837.56,29901.54,5482.4963235
2022-06-06,29866.44,31745.0,29899.62,31343.61,20384.91220986
2022-06-07,29200.0,31549.21,31349.59,31106.9,23234.0811685
2022-06-08,29829.98,31306.32,31111.0,30177.0,16775.53319148
2022-06-09,29904.0,30679.72,30182.92,30079.62,13334.23491125
2022-06-10,28821.15,30337.83,30079.59,29063.11,23208.77056569
2022-06-11,28080.01,29411.11,29058.79,28388.63,13276.76193059
2022-06-12,26532.95,28516.33,28395.03,26555.2,18661.94193886
2022-06-13,21920.0,26869.35,26555.17,22460.97,81724.84469418
2022-06-14,20816.4,23299.22,22460.97,22120.25,47382.80135514
2022-06-15,20071.0,22769.12,22120.23,22562.33,62040.45345538
2022-06-16,20200.0,22974.1,22562.33,20372.0,37587.2170128
2022-06-17,20209.73,21338.7,20371.96,20447.86,25560.04919013
2022-06-18,17567.45,20750.0,20447.86,18948.89,52894.97568032
2022-06-19,17934.26,20795.11,18944.66,20552.44,29383.34368967
2022-06-20,19603.8,21041.62,20552.39,20549.75,24904.11647858
2022-06-21,20328.03,21711.0,20547.68,20696.96,23770.75139634
2022-06-22,19751.51,20873.52,20699.63,19968.46,26569.63207564
2022-06-23,19869.41,21211.97,19970.07,21104.45,21460.76883515
2022-06-24,20712.54,21537.46,21104.45,21223.72,21361.7652594
2022-06-25,20900.0,21594.5,21221.13,21478.04,12877.9734191
2022-06-26,20944.68,21866.0,21474.14,21027.92,11145.88852674
2022-06-27,20500.0,21520.0,21024.85,20725.17,17440.94268269
2022-06-28,20164.7,21189.99,20722.95,20252.89,17658.6604167
2022-06-29,19823.43,20410.91,20253.5,20094.79,18278.45185883
2022-06-30,18603.0,20143.53,20098.0,19985.62,28361.45876221
2022-07-01,18938.33,20879.99,19985.62,19252.76,32977.00052272
2022-07-02,18955.02,19422.02,19252.76,19224.03,10707.74160684
2022-07-03,18755.75,19622.33,19225.54,19291.33,11826.36538269
2022-07-04,19029.33,20331.76,19291.35,20211.35,14462.57230204
2022-07-05,19274.95,20734.89,20212.42,20153.51,21938.40185419
2022-07-06,19743.0,20650.0,20153.74,20542.67,18489.12900774
2022-07-07,20224.8,21855.72,20542.66,21614.6,25211.332802
2022-07-08,21172.0,22490.54,21618.04,21582.2,25311.00378887
2022-07-09,21311.04,21959.3,21582.28,21583.99,9424.31410235
2022-07-10,20636.53,21595.75,21582.23,20850.65,9610.90399408
2022-07-11,19860.12,20854.32,20850.65,19942.43,16061.45339697
2022-07-12,19226.47,20037.46,19942.44,19303.65,21631.52226271
2022-07-13,18892.0,20330.71,19304.71,20220.23,28211.91563971
2022-07-14,19607.14,20893.73,20219.69,20577.02,24371.50910244
2022-07-15,20368.67,21196.37,20574.96,20827.55,17731.34162095
2022-07-16,20475.94,21582.71,20823.06,21189.68,12479.60342503
2022-07-17,20750.1,21667.1,21189.23,20791.74,11450.67396279
2022-07-18,20755.95,22777.0,20791.74,22427.56,31445.5132866
2022-07-19,21578.57,23800.0,22434.97,23395.06,34808.90125305
2022-07-20,22899.0,24287.13,23398.46,23226.99,34094.81155381
2022-07-21,22340.07,23434.65,23225.24,23153.96,24113.43095206
2022-07-22,22505.56,23763.55,23152.76,22687.68,20884.25890814
2022-07-23,21941.01,23006.16,22688.85,22450.69,12592.30066753
2022-07-24,22263.85,23036.46,22451.36,22583.43,9132.96152481
2022-07-25,21254.97,22665.74,22583.37,21313.41,22277.31378773
2022-07-26,20715.0,21344.43,21312.06,21261.57,19333.35688939
2022-07-27,21045.73,23110.73,21260.22,22962.59,24206.7301153
2022-07-28,22580.86,24206.11,22960.74,23851.7,25681.25351287
2022-07-29,23429.71,24450.0,23851.66,23784.5,18431.00204878
2022-07-30,23516.11,24666.0,23787.84,23650.13,13265.47821461
2022-07-31,23240.01,24192.18,23648.15,23307.44,7969.64723008
2022-08-01,22850.0,23518.89,23307.44,23273.86,12543.48560075
2022-08-02,22659.06,23464.97,23273.85,22989.4,15013.77828925
2022-08-03,22694.56,23650.96,22994.78,22825.0,23966.78092491
2022-08-04,22392.88,23234.29,22824.88,22623.94,21755.96366822
2022-08-05,22589.83,23478.58,22624.44,23320.81,26745.91293062
2022-08-06,22917.49,23357.19,23320.71,22960.93,9285.19244923
2022-08-07,22852.13,23405.02,22960.86,23177.39,8297.19227173
2022-08-08,23158.32,24251.08,23180.26,23815.65,24093.33217697
2022-08-09,22871.66,23929.35,23815.68,23158.27,22349.07822206
2022-08-10,22666.23,24224.67,23158.32,23962.18,25974.49772434
2022-08-11,23862.66,24929.99,23959.3,23944.86,29681.35922757
2022-08-12,23600.01,24463.01,23944.85,24415.18,17244.15100332
2022-08-13,24302.36,24898.91,24415.08,24456.49,13678.30446343
2022-08-14,24151.63,25054.1,24456.17,24316.71,23306.17100393
2022-08-15,23777.0,25214.57,24316.58,24097.82,27821.25610894
2022-08-16,23668.0,24253.98,24099.7,23857.93,19601.90580439
2022-08-17,23180.14,24448.49,23857.89,23341.17,22747.43895287
2022-08-18,23107.27,23600.0,23344.42,23189.46,13825.6308966
2022-08-19,20782.39,23206.76,23188.94,20834.94,45962.7257428
2022-08-20,20760.93,21372.93,20834.94,21139.23,21809.4048831
2022-08-21,21067.33,21795.08,21139.22,21518.62,16024.82128336
2022-08-22,20889.69,21540.0,21514.45,21398.25,26215.93682469
2022-08-23,20889.69,21679.52,21396.37,21528.34,22744.05096265
2022-08-24,21147.41,21925.0,21526.74,21367.12,22538.91385671
2022-08-25,21307.32,21818.32,21367.12,21561.86,17065.2835044
2022-08-26,20112.78,21878.05,21561.49,20240.72,37169.02639568
2022-08-27,19800.0,20389.14,20240.63,20036.69,22160.97938125
2022-08-28,19513.74,20164.26,20035.3,19554.03,17117.31912737
2022-08-29,19545.57,20427.19,19552.31,20286.97,33436.35652183
2022-08-30,19540.14,20582.64,20286.95,19813.17,46462.27938622
2022-08-31,19799.97,20489.0,19813.97,20048.26,36587.60323535
2022-09-01,19561.01,20205.53,20048.27,20133.65,23858.64862602
2022-09-02,19755.0,20444.0,20132.67,19953.74,19929.54590305
2022-09-03,19655.0,20053.9,19953.4,19835.47,9538.49811675
2022-09-04,19588.27,20026.2,19833.59,20004.73,10670.60766559
2022-09-05,19633.11,20060.0,20003.85,19794.58,13935.11385555
2022-09-06,18663.25,20179.86,19794.59,18790.91,34029.11126955
2022-09-07,18527.0,19466.09,18790.77,19293.52,25583.39915964
2022-09-08,19014.43,19460.7,19293.03,19321.87,20327.61614165
2022-09-09,19294.49,21616.21,19322.56,21364.5,39579.81208118
2022-09-10,21127.1,21815.15,21366.61,21651.52,17750.76003376
2022-09-11,21356.37,21865.66,21656.03,21831.72,14386.63340528
2022-09-12,21555.0,22490.05,21830.16,22402.71,28404.49469955
2022-09-13,19855.0,22800.0,22402.58,20174.78,37351.56014939
2022-09-14,19625.0,20545.0,20174.78,20227.77,25139.52734416
2022-09-15,19500.0,20336.42,20227.7,19703.67,21124.30384367
2022-09-16,19305.0,19890.95,19703.65,19801.04,24863.81492556
2022-09-17,19748.89,20183.14,19800.26,20113.37,11557.14724341
2022-09-18,19335.57,20119.08,20113.37,19417.64,16437.90668757
2022-09-19,18255.0,19689.62,19417.56,19540.38,30961.4463315
2022-09-20,18722.0,19638.46,19538.31,18876.91,27437.23361358
2022-09-21,18153.13,19949.97,18876.14,18462.64,44344.46282424
2022-09-22,18358.63,19521.8,18462.66,19401.25,41006.95212665
2022-09-23,18529.0,19500.0,19399.93,19286.01,30781.38249694
2022-09-24,18808.13,19311.4,19286.03,18923.2,17644.76169841
2022-09-25,18619.88,19184.3,18920.93,18808.61,14499.16320537
2022-09-26,18681.02,19320.86,18806.3,19228.0,33108.05445715
2022-09-27,18821.55,20383.15,19226.94,19077.57,51860.03004114
2022-09-28,18487.0,19773.67,19077.56,19412.07,43710.30467197
2022-09-29,18845.3,19646.66,19412.37,19595.57,34783.53737085
2022-09-30,19154.38,20182.72,19595.59,19426.11,34243.66392923
2022-10-01,19160.0,19486.43,19423.57,19315.27,7337.45595566
2022-10-02,18923.81,19398.94,19315.26,19059.17,12951.42404465
2022-10-03,18958.29,19717.67,19059.1,19633.46,28571.64018677
2022-10-04,19495.32,20479.43,19632.43,20345.19,32685.41637125
2022-10-05,19750.0,20371.15,20345.27,20161.62,33542.20736149
2022-10-06,19855.19,20455.79,20162.15,19965.64,44044.43606305
2022-10-07,19325.0,20065.26,19963.75,19533.05,34938.97272677
2022-10-08,19250.0,19628.78,19531.68,19419.39,9745.2545363
2022-10-09,19321.0,19563.28,19421.49,19443.47,12537.63788265
2022-10-10,19028.08,19528.04,19442.7,19132.83,26596.56843638
2022-10-11,18855.19,19265.69,19130.8,19058.11,36248.01909763
2022-10-12,18971.51,19235.26,19058.42,19155.92,24862.65344825
2022-10-13,18131.0,19509.23,19153.97,19378.65,49160.49651762
2022-10-14,19076.83,19954.14,19375.55,19178.0,46208.33260444
2022-10-15,18983.0,19229.12,19179.15,19070.24,9062.82835275
2022-10-16,19065.23,19425.49,19070.62,19264.44,8310.92834083
2022-10-17,19154.72,19679.46,19261.62,19550.4,24137.12482696
2022-10-18,19091.77,19702.73,19550.39,19328.76,27645.59742478
2022-10-19,19062.1,19361.0,19328.75,19124.18,22284.13292808
2022-10-20,18905.0,19349.04,19123.77,19042.48,28405.7559743
2022-10-21,18659.0,19254.52,19043.66,19166.45,24206.36088454
2022-10-22,19110.46,19257.66,19164.92,19209.1,7044.99034028
2022-10-23,19070.92,19698.1,19209.09,19572.44,12086.31175412
2022-10-24,19159.35,19603.57,19572.2,19330.41,29432.58356293
2022-10-25,19240.76,20420.88,19332.11,20086.28,42452.33701168
2022-10-26,20055.85,21022.81,20086.27,20775.4,43618.9919315
2022-10-27,20196.01,20878.17,20773.59,20296.97,34123.58255469
2022-10-28,20000.0,20755.09,20295.77,20597.91,29581.75150226
2022-10-29,20561.2,21080.0,20597.34,20823.53,19822.75126022
2022-10-30,20523.92,20939.35,20822.38,20630.68,13737.38848362
2022-10-31,20237.0,20837.68,20629.21,20489.94,22222.73611567
2022-11-01,20326.55,20691.0,20489.55,20479.63,21147.00854592
2022-11-02,20059.53,20805.0,20480.34,20151.4,43913.21904186
2022-11-03,20032.02,20390.82,20151.29,20206.88,26837.37211156
2022-11-04,20181.61,21298.76,20208.02,21144.2,42027.16281295
2022-11-05,21082.54,21478.8,21149.03,21300.45,14076.70487828
2022-11-06,20886.26,21365.89,21300.45,20909.17,10958.4932636
2022-11-07,20394.34,21069.46,20908.15,20593.49,25279.82916936
2022-11-08,17500.0,20675.0,20593.34,18550.25,84056.63082724
2022-11-09,15512.0,18590.34,18546.07,15891.96,119633.96194081
2022-11-10,15720.0,18140.62,15894.77,17553.89,91496.98548059
2022-11-11,16336.05,17641.32,17555.44,17013.62,64776.6547934
2022-11-12,16595.25,17067.7,17014.78,16783.33,23830.0578576
2022-11-13,16214.95,16926.57,16783.32,16301.39,23266.69734743
2022-11-14,15790.25,17169.68,16298.75,16590.73,55601.93469977
2022-11-15,16502.85,17107.88,16588.41,16877.93,48155.32053543
2022-11-16,16358.66,16994.31,16879.37,16645.24,37249.70414522
2022-11-17,16396.0,16736.7,16646.58,16680.47,22484.77507436
2022-11-18,16526.28,16984.08,16680.47,16680.59,26970.34405749
2022-11-19,16534.83,16802.0,16678.85,16683.02,9396.04770097
2022-11-20,16154.65,16733.19,16680.7,16252.53,16685.1909604
2022-11-21,15460.0,16279.99,16252.43,15760.14,43799.91803333
2022-11-22,15596.22,16294.5,15758.96,16199.71,44555.90690195
2022-11-23,16142.99,16700.0,16201.15,16587.0,37143.06609396
2022-11-24,16450.62,16797.28,16585.83,16587.61,21819.50497344
2022-11-25,16333.0,16610.08,16587.6,16510.9,20800.91157317
2022-11-26,16376.1,16693.18,16510.9,16450.93,12308.57070713
2022-11-27,16395.0,16589.43,16450.32,16419.88,10825.69525321
2022-11-28,15992.64,16478.32,16421.63,16206.3,30336.24756667
2022-11-29,16092.53,16541.72,16206.23,16438.0,21901.9847881
2022-11-30,16423.37,17259.37,16437.94,17167.33,42517.61172285
2022-12-01,16855.0,17317.8,17165.44,16980.08,31798.99151828
2022-12-02,16791.02,17108.25,16980.07,17094.71,23096.43686725
2022-12-03,16863.58,17158.42,17094.25,16888.53,14081.4506716
2022-12-04,16882.86,17199.99,16889.17,17108.9,16961.10828839
2022-12-05,16865.22,17424.59,17108.9,16966.05,33618.45109026
2022-12-06,16904.04,17111.35,16966.05,17089.05,26693.6101171
2022-12-07,16679.52,17140.22,17089.18,16840.0,22635.46848793
2022-12-08,16738.0,17300.59,16839.76,17226.01,23533.23453743
2022-12-09,17060.69,17352.62,17226.03,17130.59,20976.63699864
2022-12-10,17093.42,17227.64,17130.49,17128.1,7860.58687575
2022-12-11,17073.19,17271.92,17128.1,17085.21,9948.85267032
2022-12-12,16875.83,17244.63,17085.62,17211.66,20659.65709227
2022-12-13,17089.17,17999.99,17212.9,17773.18,38316.03172467
2022-12-14,17660.93,18385.36,17772.98,17804.97,49295.42072146
2022-12-15,17275.02,17856.26,17805.36,17357.96,37834.73808374
2022-12-16,16529.53,17525.0,17359.1,16632.64,47159.86300655
2022-12-17,16585.64,16799.99,16634.29,16782.25,18446.6836015
2022-12-18,16663.76,16875.0,16782.23,16741.16,11073.43886205
2022-12-19,16273.4,16822.84,16742.33,16439.74,26856.08598724
2022-12-20,16398.22,17060.86,16439.98,16897.65,34330.28235168
2022-12-21,16725.78,16926.05,16896.17,16826.56,16743.62189364
2022-12-22,16560.84,16868.82,16825.18,16815.51,21269.7673979
2022-12-23,16719.57,16943.29,16815.28,16777.21,21958.88697726
2022-12-24,16775.88,16863.62,16777.88,16837.12,9502.80320659
2022-12-25,16720.89,16853.88,16837.24,16829.02,7065.21656572
2022-12-26,16787.97,16939.81,16829.19,16917.96,8493.27661167
2022-12-27,16585.97,16967.0,16916.66,16698.73,17482.09318834
2022-12-28,16460.0,16777.35,16698.31,16539.66,23345.55126307
2022-12-29,16479.5,16654.81,16539.66,16627.54,20088.46487471
2022-12-30,16326.16,16649.99,16627.36,16600.1,26532.28003447
2022-12-31,16462.49,16634.42,16599.98,16530.35,15414.5294044
2023-01-01,16490.0,16621.0,16531.83,16611.58,10668.73697739
2023-01-02,16542.52,16789.99,16611.9,16666.95,13560.46017964
2023-01-03,16600.0,16772.3,16666.86,16669.47,17612.35527749
2023-01-04,16645.87,16988.0,16668.95,16844.42,25922.70680625
2023-01-05,16750.07,16872.13,16844.4,16825.69,14918.22913349
2023-01-06,16670.82,17027.11,16825.53,16948.06,24235.38704157
2023-01-07,16903.58,16977.76,16948.0,16942.37,5680.11799379
2023-01-08,16910.41,17167.52,16942.37,17125.18,9195.45985397
2023-01-09,17102.97,17396.25,17125.17,17177.98,33252.15435855
2023-01-10,17145.1,17494.37,17177.94,17443.5,24901.57485784
2023-01-11,17315.08,17998.0,17443.5,17944.27,27251.01602186
2023-01-12,17904.83,19115.85,17944.15,18847.75,61938.44269045
2023-01-13,18714.8,20000.0,18847.77,19934.88,55049.6223488
2023-01-14,19893.25,21321.98,19934.07,20957.02,58239.87328811
2023-01-15,20560.16,21057.3,20956.2,20879.7,25709.30241812
2023-01-16,20611.45,21465.62,20879.67,21187.5,41151.35428763
2023-01-17,20844.73,21595.0,21191.46,21136.33,32656.47978348
2023-01-18,20370.01,21650.21,21135.01,20674.29,34600.25647175
2023-01-19,20656.52,21197.0,20674.03,21084.22,23436.75404601
2023-01-20,20865.64,22754.73,21084.05,22669.81,32810.59587882
2023-01-21,22432.45,23375.6,22671.09,22789.37,32657.60500465
2023-01-22,22298.15,23082.82,22789.34,22714.87,25548.28914044
2023-01-23,22500.01,23180.55,22714.81,22920.29,32380.77464386
2023-01-24,22460.17,23165.56,22920.67,22636.17,39180.10567306
2023-01-25,22326.24,23824.66,22636.19,23062.36,38496.91631901
2023-01-26,22853.61,23287.38,23062.36,23010.47,30187.01702655
2023-01-27,22540.76,23511.9,23011.37,23084.4,27185.13487749
2023-01-28,22884.0,23196.99,23084.38,23028.95,7466.33930339
2023-01-29,22974.75,23966.0,23029.56,23745.8,20952.76361397
2023-01-30,22500.0,23802.99,23744.34,22836.03,34312.28644397
2023-01-31,22719.68,23313.23,22836.03,23128.86,22721.77475761
2023-02-01,22760.0,23813.57,23127.15,23735.97,20292.22416962
2023-02-02,23367.87,24262.18,23735.97,23493.84,16368.92138269
2023-02-03,23208.01,23720.0,23497.29,23433.54,14215.66842983
2023-02-04,23257.71,23589.67,23433.47,23328.87,3567.13007478
2023-02-05,22758.01,23433.2,23329.47,22936.34,6574.34533251
2023-02-06,22637.51,23163.05,22936.34,22764.07,12149.94486314
2023-02-07,22748.11,23348.73,22763.42,23244.67,9803.34759825
2023-02-08,22669.09,23451.01,23244.64,22964.38,7693.59195866
2023-02-09,21700.0,23011.18,22963.91,21800.63,19277.239648
2023-02-10,21467.43,21942.41,21800.62,21628.97,12641.59512641
2023-02-11,21605.35,21904.0,21628.97,21863.73,4695.91143894
2023-02-12,21631.0,22091.88,21863.73,21789.8,5990.68642903
2023-02-13,21366.45,21903.03,21789.79,21789.14,13246.3049252
2023-02-14,21545.67,22331.76,21789.0,22206.27,14879.72784164
2023-02-15,22054.17,24386.5,22206.26,24329.04,23427.35072192
2023-02-16,23510.73,25256.83,24326.95,23516.15,30034.93494269
2023-02-17,23344.12,25025.0,23516.95,24577.6,22795.35234631
2023-02-18,24407.67,24879.33,24577.6,24636.23,6191.17379627
2023-02-19,24192.7,25200.0,24635.85,24281.31,9733.21021005
2023-02-20,23841.08,25128.11,24278.81,24844.97,13977.17943437
2023-02-21,24153.96,25288.88,24844.21,24454.43,16495.25564236
2023-02-22,23581.64,24480.0,24454.08,24184.44,17390.31077874
2023-02-23,23612.59,24600.95,24184.9,23943.32,16847.70433307
2023-02-24,22520.0,24132.67,23943.32,23186.88,20933.97488913
2023-02-25,22716.47,23220.56,23186.88,23159.71,5937.43847794
2023-02-26,23052.78,23689.77,23159.71,23556.83,6063.45918348
2023-02-27,23109.06,23895.51,23556.83,23489.52,12098.67253518
2023-02-28,23027.24,23597.98,23490.01,23145.32,9516.02766667
2023-03-01,23025.17,23999.99,23144.37,23631.52,12151.84539817
2023-03-02,23196.09,23798.62,23632.12,23468.24,9239.93644458
2023-03-03,21988.02,23477.28,23468.79,22358.18,21715.09355721
2023-03-04,22150.71,22409.82,22358.18,22350.95,2266.21497947
2023-03-05,22195.13,22654.64,22349.74,22432.69,5291.96467583
2023-03-06,22264.73,22599.99,22431.99,22410.31,10660.04864303
2023-03-07,21932.74,22557.03,22410.13,22198.48,10381.24422759
2023-03-08,21580.84,22281.55,22198.09,21698.37,13343.72575834
2023-03-09,20050.0,21825.53,21699.41,20367.01,21326.08097071
2023-03-10,19568.52,20369.78,20366.97,20230.08,32126.59207482
2023-03-11,19900.5,20964.5,20230.07,20620.54,18920.85100043
2023-03-12,20446.24,22276.69,20619.34,22219.08,19165.53317335
2023-03-13,21882.63,24710.0,22216.02,24220.0,38654.82408388
2023-03-14,24052.0,26553.9,24220.0,24762.65,44100.36444555
2023-03-15,23931.01,25300.0,24761.61,24377.16,30128.4276161
2023-03-16,24207.54,25235.28,24377.16,25051.85,20754.42573365
2023-03-17,24946.86,27834.54,25052.11,27453.62,40752.19373629
2023-03-18,26652.45,27780.0,27453.75,26980.35,18096.24372219
2023-03-19,26904.0,28478.0,26980.35,28054.46,16897.41761964
2023-03-20,27218.36,28578.63,28058.15,27823.32,23782.6567676
2023-03-21,27414.77,28605.32,27822.85,28207.33,16193.18924882
2023-03-22,26678.16,28937.73,28201.22,27325.15,33974.43697526
2023-03-23,27189.19,28839.68,27324.05,28352.94,26698.29660165
2023-03-24,27027.88,28433.34,28352.95,27489.24,22190.91292623
2023-03-25,27184.78,27818.67,27489.24,27488.18,9655.9494554
2023-03-26,27445.04,28230.32,27489.56,27992.9,9800.64299441
2023-03-27,26525.0,28053.26,27995.27,27142.87,17268.16335715
2023-03-28,26640.0,27519.99,27142.85,27274.15,14103.92919115
2023-03-29,27255.42,28654.06,27274.18,28359.54,17710.8595857
2023-03-30,27693.7,29190.04,28359.54,28035.48,20972.43924037
2023-03-31,27512.97,28650.2,28034.88,28474.4,18917.3621471
2023-04-01,28223.76,28826.45,28475.41,28471.46,6988.04239657
2023-04-02,27862.69,28544.21,28471.03,28188.34,6707.97702984
2023-04-03,27227.61,28525.0,28188.34,27811.77,16192.03702141
2023-04-04,27670.24,28450.0,27809.55,28179.64,13261.95025317
2023-04-05,27817.32,28799.99,28178.66,28175.37,15066.72449529
2023-04-06,27716.77,28199.11,28175.27,28053.46,10291.80646097
2023-04-07,27790.21,28120.71,28052.74,27931.94,5847.77200458
2023-04-08,27881.01,28175.89,27930.12,27958.81,3854.33490363
2023-04-09,27814.0,28547.67,27958.19,28340.99,6136.4286229
2023-04-10,28162.49,29794.47,28342.28,29660.41,15752.30418782
2023-04-11,29612.3,30584.58,29657.7,30227.19,18637.22157812
2023-04-12,29675.0,30517.0,30227.18,29912.2,14961.08403219
2023-04-13,29878.08,30627.05,29912.2,30406.78,12505.27274115
2023-04-14,30000.0,31050.0,30410.03,30492.92,19793.55777592
2023-04-15,30231.76,30622.38,30492.91,30324.11,5486.7222394
2023-04-16,30148.28,30572.1,30325.07,30326.09,6230.24911461
2023-04-17,29251.71,30340.21,30321.41,29449.91,13418.0380446
2023-04-18,29103.89,30500.0,29449.91,30393.4,12649.52217446
2023-04-19,28595.28,30430.72,30394.5,28809.72,20951.87851572
2023-04-20,27991.32,29102.69,28809.71,28248.18,17007.31210311
2023-04-21,27133.0,28371.88,28248.18,27253.85,19665.99126045
2023-04-22,27133.0,27887.78,27252.96,27821.41,7556.85769964
2023-04-23,27333.2,27820.99,27820.99,27592.98,6255.76778325
2023-04-24,26965.14,28000.0,27592.7,27515.05,12258.59093046
2023-04-25,27194.51,28400.0,27513.85,28304.42,12013.57991051
2023-04-26,27230.77,30050.66,28304.42,28426.08,31636.39150463
2023-04-27,28387.07,29900.0,28428.86,29483.72,24310.36359778
2023-04-28,28900.0,29606.45,29486.97,29338.63,14184.03938836
2023-04-29,29057.3,29470.0,29339.47,29249.35,4909.72717806
2023-04-30,29095.92,29969.99,29249.24,29247.14,6837.06831371
2023-05-01,27664.31,29348.6,29240.49,28077.27,17953.11670042
2023-05-02,27871.44,28899.99,28077.44,28684.4,13258.60505694
2023-05-03,28122.0,29276.12,28683.41,29038.75,15605.28754268
2023-05-04,28674.58,29383.5,29039.36,28857.23,10407.16067489
2023-05-05,28810.0,29706.57,28857.88,29536.76,14691.1261171
2023-05-06,28394.0,29850.0,29538.87,28902.66,8546.79874854
2023-05-07,28429.12,29189.71,28901.3,28474.53,5884.67007423
2023-05-08,27279.66,28676.38,28472.68,27695.06,15859.41839592
2023-05-09,27367.01,27833.64,27693.24,27647.29,8888.42683618
2023-05-10,26800.0,28334.75,27647.29,27624.01,18590.96989908
2023-05-11,26702.0,27649.85,27621.5,26986.56,13438.74631738
2023-05-12,25810.0,27099.21,26986.79,26808.84,18458.49543497
2023-05-13,26700.0,27060.24,26808.8,26789.48,4782.64422745
2023-05-14,26581.52,27221.51,26786.99,26929.98,4393.20531359
2023-05-15,26740.95,27678.73,26929.98,27171.13,11889.94842508
2023-05-16,26860.12,27302.99,27165.26,27037.68,11209.90767959
2023-05-17,26543.87,27516.58,27037.72,27407.77,13308.63176925
2023-05-18,26361.52,27487.71,27407.76,26820.49,12604.94858584
2023-05-19,26632.73,27190.35,26819.64,26890.27,7587.52629065
2023-05-20,26836.21,27178.99,26890.27,27113.61,3127.42757901
2023-05-21,26667.63,27288.02,27113.97,26752.65,5534.52475759
2023-05-22,26536.99,27105.63,26751.0,26854.73,8554.42214009
2023-05-23,26803.46,27500.0,26854.09,27223.22,11594.53703302
2023-05-24,26070.04,27225.0,27222.86,26321.4,17340.61730838
2023-05-25,25864.35,26625.93,26321.42,26479.06,12094.45706071
2023-05-26,26334.33,26950.0,26479.15,26714.86,9858.60032184
2023-05-27,26559.96,26943.6,26711.56,26867.99,3348.37908169
2023-05-28,26780.11,28277.56,26870.13,28070.04,9725.64198967
2023-05-29,27534.81,28473.93,28070.04,27744.82,11355.24110493
2023-05-30,27555.0,28057.23,27744.81,27700.15,12024.45830459
2023-05-31,26842.94,27844.89,27700.68,27223.08,15163.06255735
2023-06-01,26615.0,27360.31,27221.54,26828.42,11927.59445097
2023-06-02,26508.0,27307.44,26827.73,27250.69,12206.16873203
2023-06-03,26923.35,27341.13,27252.67,27077.6,3589.32341986
2023-06-04,26958.98,27466.83,27078.27,27122.04,4115.09881956
2023-06-05,25391.43,27137.75,27122.03,25741.5,16641.46931851
2023-06-06,25351.92,27368.67,25741.5,27243.63,18531.05925936
2023-06-07,26121.06,27402.79,27243.45,26346.41,16094.37567105
2023-06-08,26212.63,26820.3,26347.09,26508.32,8160.84833962
2023-06-09,26283.5,26780.4,26505.71,26482.81,10536.83247431
2023-06-10,25385.52,26534.95,26482.8,25856.1,16967.73205546
2023-06-11,25648.0,26219.1,25856.1,25937.02,8653.83803604
2023-06-12,25616.98,26108.64,25936.98,25905.82,10491.06768405
2023-06-13,25710.78,26435.81,25905.99,25930.23,14396.74678337
2023-06-14,24821.0,26090.0,25929.35,25123.34,14480.51749351
2023-06-15,24750.0,25749.99,25123.41,25569.99,18601.18891862
2023-06-16,25143.24,26486.56,25569.99,26329.6,16632.7425402
2023-06-17,26165.98,26783.2,26329.6,26506.56,7209.4251028
2023-06-18,26245.27,26693.11,26507.97,26336.46,5233.68378154
2023-06-19,26250.0,27040.64,26336.46,26837.78,9643.06748389
2023-06-20,26637.41,28417.11,26839.04,28320.43,28704.55295587
2023-06-21,28271.67,30800.0,28320.41,29995.08,31445.78143275
2023-06-22,29539.57,30513.25,29999.85,29886.31,18457.66785815
2023-06-23,29802.65,31443.67,29886.25,30707.61,22659.54058513
2023-06-24,30265.88,30815.92,30709.59,30547.18,6883.28318615
2023-06-25,30288.33,31057.86,30547.3,30480.24,6265.47434464
2023-06-26,29900.0,30662.66,30480.24,30272.18,12491.83081677
2023-06-27,30228.44,31020.54,30272.24,30697.38,11995.526853
2023-06-28,29840.0,30716.93,30696.06,30074.94,9391.66542094
2023-06-29,30036.18,30838.0,30074.93,30446.47,12261.34048625
2023-06-30,29417.14,31277.0,30445.67,30466.72,26013.22734909
2023-07-01,30312.8,30659.33,30466.73,30587.21,4012.76538882
2023-07-02,30165.39,30791.75,30587.22,30613.51,4829.83871313
2023-07-03,30569.0,31399.08,30613.57,31161.8,11391.98257522
2023-07-04,30628.3,31333.0,31162.71,30771.25,7233.95188576
2023-07-05,30189.56,30882.95,30772.93,30499.27,8782.6192239
2023-07-06,29850.0,31525.1,30499.27,29899.38,17229.92231032
2023-07-07,29715.87,30456.0,29895.6,30352.08,11137.14221055
2023-07-08,30047.78,30388.91,30350.35,30291.69,3856.11078847
2023-07-09,30066.95,30451.78,30291.69,30168.38,3884.04687903
2023-07-10,29955.0,31055.75,30168.26,30419.89,12703.78162563
2023-07-11,30304.45,30811.65,30419.89,30626.55,10653.5761104
2023-07-12,30200.0,31000.0,30624.65,30381.81,14881.70511963
2023-07-13,30250.73,31862.21,30383.26,31471.83,26135.6192364
2023-07-14,29920.31,31645.66,31471.83,30330.52,19272.20339271
2023-07-15,30254.67,30406.27,30330.93,30301.65,2559.07232743
2023-07-16,30075.93,30457.03,30302.01,30247.64,4021.41012275
2023-07-17,29668.58,30345.45,30247.56,30143.08,10632.8066781
2023-07-18,29525.0,30249.3,30143.08,29861.93,11124.83936583
2023-07-19,29757.44,30196.24,29861.92,29916.72,8804.54675154
2023-07-20,29564.19,30421.29,29916.69,29809.13,11494.95348803
2023-07-21,29729.48,30060.28,29809.13,29907.98,7598.61053359
2023-07-22,29626.86,30002.38,29907.15,29795.03,3629.48251055
2023-07-23,29733.55,30350.7,29793.62,30081.61,4513.83214295
2023-07-24,28850.0,30099.99,30081.61,29176.98,14484.27557634
2023-07-25,29046.0,29376.51,29176.98,29225.14,7140.85368901
2023-07-26,29089.54,29686.41,29225.11,29353.23,9635.09206614
2023-07-27,29075.0,29571.42,29350.88,29214.92,7327.4507106
2023-07-28,29115.32,29532.45,29214.93,29316.15,7105.49434797
2023-07-29,29253.44,29411.09,29316.05,29355.71,2893.05298823
2023-07-30,29033.0,29450.0,29356.65,29281.39,4387.57256615
2023-07-31,29102.65,29526.99,29280.41,29230.67,8793.83887155
2023-08-01,28477.0,29726.73,29230.61,29697.27,17751.31113096
2023-08-02,28903.79,30033.0,29699.25,29164.22,17967.34799565
2023-08-03,28938.93,29399.97,29163.87,29174.18,8920.01477716
2023-08-04,28747.1,29312.28,29174.84,29076.48,7291.14687702
2023-08-05,28946.17,29111.87,29077.04,29047.12,2490.84710469
2023-08-06,28955.0,29163.24,29047.33,29040.01,2461.64012073
2023-08-07,28660.53,29246.0,29040.01,29179.21,9200.08523317
2023-08-08,29104.65,30222.0,29179.28,29770.01,15610.25491294
2023-08-09,29344.16,30128.88,29770.01,29562.76,10451.45167511
2023-08-10,29306.0,29709.38,29562.76,29424.03,7104.55622213
2023-08-11,29213.59,29534.14,29424.04,29400.45,5961.21744691
2023-08-12,29349.98,29477.31,29400.45,29416.96,1906.1707986
2023-08-13,29247.15,29447.6,29417.19,29275.94,2128.37437697
2023-08-14,29072.96,29665.27,29275.78,29405.49,7063.46806345
2023-08-15,29046.58,29464.62,29405.49,29170.14,5815.32226178
2023-08-16,28690.37,29231.92,29170.13,28700.51,9669.42535941
2023-08-17,25234.76,28751.84,28700.51,26627.57,27723.2108711
2023-08-18,25610.0,26834.37,26627.21,26048.89,21190.13041519
2023-08-19,25793.11,26269.11,26048.9,26096.42,6554.05344759
2023-08-20,25975.01,26296.78,26096.4,26189.14,4345.07228674
2023-08-21,25814.0,26260.25,26189.36,26125.18,9936.98111023
2023-08-22,25350.0,26137.99,26125.16,26042.11,12418.87289323
2023-08-23,25796.47,26818.28,26041.94,26427.54,15743.86437208
2023-08-24,25850.0,26567.38,26427.73,26163.49,10002.33992977
2023-08-25,25750.0,26294.53,26163.49,26049.39,10926.33773703
2023-08-26,25971.44,26115.44,26049.4,26009.61,1862.15021008
2023-08-27,25961.81,26171.87,26009.62,26091.16,2069.84831133
2023-08-28,25850.0,26232.88,26091.16,26101.04,5460.42038393
2023-08-29,25903.18,28184.89,26101.03,27717.98,21402.10102797
2023-08-30,27015.75,27775.0,27717.15,27306.06,9793.95679478
2023-08-31,25660.61,27576.99,27306.06,25932.45,14462.02738125
2023-09-01,25307.37,26142.28,25931.51,25794.88,14995.72610123
2023-09-02,25707.3,25982.48,25795.61,25867.83,3810.77429103
2023-09-03,25792.29,26123.0,25867.82,25969.83,3434.5195669
2023-09-04,25627.0,26093.07,25969.83,25816.13,4635.8154655
2023-09-05,25551.36,25884.04,25816.14,25783.91,6051.14811848
2023-09-06,25358.0,26025.78,25782.49,25747.63,9374.33792185
2023-09-07,25595.8,26440.55,25747.63,26276.3,10885.13902329
2023-09-08,25640.1,26460.41,26276.38,25906.34,11149.95850667
2023-09-09,25791.45,25942.69,25906.33,25897.82,2225.82211069
2023-09-10,25578.01,26023.89,25897.82,25831.76,4361.60285333
2023-09-11,24900.0,25891.6,25831.77,25152.14,13404.11510617
2023-09-12,25120.76,26556.91,25152.13,25840.61,19789.48058328
2023-09-13,25763.43,26413.59,25839.95,26226.65,10099.7383701
2023-09-14,26128.25,26869.06,26227.16,26532.76,12929.08237721
2023-09-15,26213.96,26892.65,26532.5,26602.42,9345.93913701
2023-09-16,26453.32,26777.0,26601.71,26569.69,4132.04817572
2023-09-17,26405.04,26626.49,26569.69,26530.95,3252.26976131
2023-09-18,26382.13,27427.34,26530.96,26764.49,17493.70820354
2023-09-19,26666.93,27500.0,26764.03,27216.13,14386.07884728
2023-09-20,26798.98,27393.78,27216.52,27123.94,11590.24027633
2023-09-21,26359.7,27163.48,27122.65,26564.54,11801.98943642
2023-09-22,26467.94,26742.86,26564.54,26578.4,8563.0523313
2023-09-23,26513.0,26638.58,26578.4,26579.6,2597.25705711
2023-09-24,26118.86,26731.1,26579.59,26250.24,4587.80529114
2023-09-25,25983.78,26444.95,26248.17,26296.08,10762.98401397
2023-09-26,26080.0,26397.59,26296.07,26208.44,7016.42122845
2023-09-27,26088.37,26830.0,26208.43,26357.62,14123.89690964
2023-09-28,26321.37,27313.86,26357.56,27027.14,18975.87763693
2023-09-29,26661.71,27238.9,27027.44,26907.0,12712.27177691
2023-09-30,26884.86,27097.25,26905.57,26961.0,4413.30948101
2023-10-01,26955.25,28062.62,26961.0,27995.46,8747.06888783
2023-10-02,27302.3,28613.37,27995.46,27504.04,25148.25341854
2023-10-03,27160.47,27672.12,27504.03,27428.96,14334.10857629
2023-10-04,27208.65,27842.38,27428.96,27786.75,10238.17053376
2023-10-05,27358.05,28140.0,27786.12,27412.96,14136.04783544
2023-10-06,27173.41,28288.88,27413.15,27945.17,12908.75146274
2023-10-07,27861.2,28040.84,27945.17,27976.43,3489.91595717
2023-10-08,27708.6,28109.94,27976.44,27933.55,4118.56381073
2023-10-09,27268.63,28003.7,27933.54,27596.67,10218.62556021
2023-10-10,27291.81,27739.94,27596.67,27393.29,10265.79357936
2023-10-11,26521.32,27478.61,27393.28,26869.19,16466.26612207
2023-10-12,26537.72,26939.55,26867.97,26750.51,7881.21504857
2023-10-13,26662.62,27122.24,26752.06,26863.53,8694.60097059
2023-10-14,26797.0,26988.12,26863.54,26851.71,2786.76009652
2023-10-15,26806.06,27301.37,26851.71,27186.13,6215.85130529
2023-10-16,27135.92,30000.0,27186.13,28520.24,36471.7502374
2023-10-17,28083.19,28637.21,28520.24,28408.83,14171.43180714
2023-10-18,28151.6,28999.98,28408.51,28326.51,11820.68114047
2023-10-19,28122.57,28938.96,28326.24,28735.34,12662.68000489
2023-10-20,28591.85,30248.0,28734.51,29684.73,20095.91529217
2023-10-21,29475.06,30369.0,29684.73,29924.84,6369.9347533
2023-10-22,29670.0,30275.0,29925.91,30004.15,5720.28965895
2023-10-23,29890.89,35000.0,30004.14,33087.58,33228.46734771
2023-10-24,32851.45,35157.23,33079.72,33922.52,38506.35962554
2023-10-25,33690.91,35144.0,33921.66,34506.35,18668.45817435
2023-10-26,33735.86,34843.04,34504.33,34154.71,15867.44697165
2023-10-27,33400.0,34249.99,34153.35,33906.09,13879.04330119
2023-10-28,33867.38,34500.0,33905.96,34085.42,4372.52724873
2023-10-29,33937.31,34763.0,34085.42,34534.48,5547.09585659
2023-10-30,34077.9,34871.0,34534.48,34493.79,10183.77616922
2023-10-31,34038.79,34732.18,34493.51,34656.4,9282.02866788
2023-11-01,34079.46,35647.19,34656.38,35440.1,16197.45981756
2023-11-02,34311.73,35997.8,35440.1,34950.0,13455.65527035
2023-11-03,34100.0,34954.6,34947.92,34731.27,13961.70014519
2023-11-04,34599.85,35278.4,34730.32,35087.01,4696.70148339
2023-11-05,34500.0,35410.0,35087.43,35035.42,5892.67329337
2023-11-06,34753.66,35294.12,35035.79,35059.46,7088.27153194
2023-11-07,34530.67,35963.0,35059.46,35416.28,13841.59195597
2023-11-08,35103.14,36113.59,35416.63,35639.13,12253.15808483
2023-11-09,35555.16,37999.0,35639.13,36706.59,29045.85195583
2023-11-10,36334.46,37548.8,36704.01,37324.83,15183.168535
2023-11-11,36701.5,37424.03,37324.84,37139.12,5344.45382766
2023-11-12,36740.9,37247.0,37139.94,37086.03,3317.50278576
2023-11-13,36351.0,37442.48,37086.5,36475.67,10543.29564712
2023-11-14,34758.64,36756.16,36475.68,35554.09,16008.49077729
2023-11-15,35358.45,37987.0,35554.1,37885.35,19941.6757032
2023-11-16,35511.11,37958.75,37885.35,36161.15,18455.96829165
2023-11-17,35869.0,36831.99,36161.15,36630.38,12218.85138403
2023-11-18,36205.89,36857.15,36631.56,36594.89,3468.39821362
2023-11-19,36404.52,37546.62,36596.14,37391.19,4366.44892344
2023-11-20,36720.0,37784.07,37389.06,37475.64,14114.01039926
2023-11-21,35744.9,37675.77,37472.76,35751.89,20837.73934338
2023-11-22,35633.0,37875.0,35755.33,37424.31,17606.97239528
2023-11-23,36888.0,37653.67,37424.31,37304.05,7211.31754936
2023-11-24,37257.56,38454.0,37304.04,37745.84,17507.8900414
2023-11-25,37615.91,37920.27,37746.29,37805.99,3567.42244915
2023-11-26,37156.72,37842.17,37806.84,37462.79,6113.0562518
2023-11-27,36715.1,37578.42,37462.01,37241.63,13510.45476059
2023-11-28,36873.55,38425.96,37241.64,37838.26,18156.47258233
2023-11-29,37581.93,38480.0,37838.26,37863.84,15162.68883049
2023-11-30,37500.0,38152.18,37864.79,37732.27,8081.19248391
2023-12-01,37618.25,39000.0,37732.27,38703.54,16395.90197806
2023-12-02,38660.03,39740.0,38706.55,39478.95,7540.7688183
2023-12-03,39293.02,40221.22,39467.42,39984.81,7153.15663784
2023-12-04,39983.6,42410.46,39984.81,41987.24,21993.05995554
2023-12-05,41384.03,45000.0,41985.53,44084.39,24018.76035474
2023-12-06,43369.0,44290.37,44086.33,43764.05,15977.55938336
2023-12-07,42846.53,44057.23,43766.41,43280.95,13055.36691088
2023-12-08,43087.17,44754.99,43281.11,44192.87,13579.40860176
2023-12-09,43586.14,44384.68,44192.86,43723.25,5469.40708431
2023-12-10,43562.06,44049.51,43722.84,43793.68,3919.09423649
2023-12-11,40150.0,43811.81,43793.67,41229.61,25524.67094691
2023-12-12,40636.51,42088.56,41229.61,41477.39,13414.86773655
2023-12-13,40553.15,43475.0,41477.6,42885.54,15798.66423037
2023-12-14,41426.76,43442.15,42887.39,43027.77,15434.25971384
2023-12-15,41640.51,43095.71,43027.77,41933.89,10861.72864667
2023-12-16,41626.66,42680.2,41934.84,42237.29,5315.65582307
2023-12-17,41222.0,42367.82,42235.23,41349.59,6649.06495765
2023-12-18,40508.01,42754.79,41349.59,42650.01,13394.33474824
2023-12-19,41780.0,43461.86,42650.01,42266.22,13403.93447528
2023-12-20,42184.48,44324.86,42266.25,43674.77,19307.1089644
2023-12-21,43295.78,44250.0,43673.11,43875.32,13170.9728222
2023-12-22,43412.82,44424.36,43875.56,44013.73,10733.55348079
2023-12-23,43333.35,44033.84,44013.65,43726.35,4075.08953972
2023-12-24,42614.17,43985.67,43728.36,43025.03,4947.00165569
2023-12-25,42755.35,43818.29,43025.02,43589.67,4799.73104807
2023-12-26,41600.67,43605.0,43589.67,42515.53,13035.02745535
2023-12-27,42111.47,43709.98,42521.21,43474.4,12917.48404475
2023-12-28,42265.08,43830.34,43469.06,42581.23,13583.91599843
2023-12-29,41300.0,43137.1,42581.23,42063.45,16756.43323881
2023-12-30,41518.19,42593.73,42064.22,42141.03,11609.82377015
2023-12-31,41964.68,42850.0,42139.32,42288.06,11397.57303743
2024-01-01,42175.65,44240.8,42288.58,44220.78,7977.72851143
2024-01-02,44195.13,45925.82,44220.78,44972.8,29583.38407747
2024-01-03,40625.68,45519.32,44972.81,42862.44,32281.85234351
2024-01-04,42650.0,44800.0,42860.58,44193.29,18193.81684353
2024-01-05,42450.0,44443.37,44198.35,44186.59,18073.09561495
2024-01-06,43436.5,44260.95,44187.76,43992.44,5691.43460343
2024-01-07,43629.7,44510.01,43992.79,43950.28,5931.34650683
2024-01-08,43200.44,47330.0,43954.52,46995.1,26447.17326625
2024-01-09,44701.54,47901.0,46995.09,46124.08,26305.56366042
2024-01-10,44320.01,47732.5,46120.79,46666.11,36534.39765866
2024-01-11,45555.55,49102.29,46678.54,46342.66,38150.89478822
2024-01-12,41444.97,46522.2,46344.96,42773.03,46862.43347199
2024-01-13,42427.0,43250.0,42775.1,42839.33,10998.76404264
2024-01-14,41680.73,43064.13,42839.32,41697.33,7834.26155365
2024-01-15,41680.0,43331.91,41698.13,42490.16,10869.45830576
2024-01-16,42028.02,43569.23,42481.69,43130.45,18180.4405406
2024-01-17,42160.0,43185.47,43130.35,42739.49,16381.8407159
2024-01-18,40600.05,42877.22,42737.68,41293.5,25097.42399202
2024-01-19,40236.49,42159.52,41290.57,41624.07,22745.55271173
2024-01-20,41418.55,41846.15,41623.94,41666.67,4836.63124969
2024-01-21,41472.49,41858.59,41666.67,41554.05,3138.26294449
2024-01-22,39372.44,41658.0,41553.92,39524.27,26539.34338688
2024-01-23,38501.0,40144.49,39524.27,39878.3,21966.56334645
2024-01-24,39382.15,40527.26,39878.28,40077.78,17438.97734668
2024-01-25,39503.0,40282.87,40079.87,39941.66,12978.7331205
2024-01-26,39805.95,42243.14,39941.66,41814.8,19359.37921096
2024-01-27,41383.94,42199.99,41814.96,42126.55,3774.45056434
2024-01-28,41617.53,42839.07,42126.55,42034.59,4298.44263812
2024-01-29,41787.35,43326.77,42034.57,43306.18,12529.09255982
2024-01-30,42680.2,43872.99,43303.3,42942.78,16384.61219735
2024-01-31,42265.77,43741.94,42937.72,42548.08,15320.62044085
2024-02-01,41846.04,43276.19,42545.47,43078.81,11526.63383073
2024-02-02,42527.58,43700.0,43080.38,43181.66,12202.24125895
2024-02-03,42863.58,43358.13,43183.62,43010.67,2254.45335539
2024-02-04,42228.01,43100.0,43007.82,42568.55,2643.251649
2024-02-05,42235.0,43520.0,42571.91,42657.67,8756.87806894
2024-02-06,42516.07,43372.79,42658.3,43095.79,7940.36830921
2024-02-07,42760.44,44430.0,43097.16,44343.61,12440.36853251
2024-02-08,44335.0,45637.38,44345.94,45305.2,19283.80580787
2024-02-09,45252.93,48230.02,45304.83,47160.41,22108.85067543
2024-02-10,46889.53,48179.43,47157.01,47767.06,5663.309891
2024-02-11,47590.3,48614.0,47767.06,48316.3,5243.1260706
2024-02-12,47715.67,50363.42,48321.14,49941.81,18545.08725852
2024-02-13,48327.81,50423.42,49941.95,49725.36,20471.56790372
2024-02-14,49253.92,52111.0,49724.55,51858.59,20249.94369733
2024-02-15,51353.49,52890.0,51858.51,51934.29,18465.04404385
2024-02-16,51597.87,52608.2,51935.23,52162.64,13816.27351282
2024-02-17,50642.36,52214.05,52162.65,51666.22,5387.3486576
2024-02-18,51174.38,52400.0,51666.23,52153.63,3997.17143898
2024-02-19,51687.98,52501.01,52153.63,51787.05,6009.01451962
2024-02-20,50764.01,53000.0,51787.05,52277.52,15888.87599974
2024-02-21,50628.6,52394.91,52277.53,51851.67,13735.03407249
2024-02-22,50905.65,52076.0,51851.46,51258.7,13104.51408087
2024-02-23,50513.01,51512.68,51260.29,50747.05,11679.16625824
2024-02-24,50576.55,51696.19,50746.98,51570.65,3448.96576791
2024-02-25,51275.01,51967.82,51568.63,51731.0,3617.40106809
2024-02-26,50901.23,54980.0,51730.96,54533.48,22422.38763854
2024-02-27,54490.8,57646.81,54530.32,57077.07,28791.48651731
2024-02-28,56723.48,64100.0,57077.08,62518.9,48265.6721171
2024-02-29,60355.61,63675.48,62520.06,61179.03,36825.89535085
2024-03-01,60788.33,63267.18,61179.03,62436.72,24696.65692545
2024-03-02,61623.39,62500.0,62439.74,62045.78,6882.38410251
2024-03-03,61388.0,63260.0,62045.78,63154.49,7314.17629968
2024-03-04,62300.0,68602.98,63155.74,68360.14,40600.36656889
2024-03-05,59224.68,69324.58,68356.7,63800.78,65575.09537327
2024-03-06,62832.39,67654.06,63802.15,66122.28,34655.98799427
2024-03-07,65599.63,68098.09,66115.48,66938.21,22228.36739914
2024-03-08,66157.09,70199.0,66938.21,68289.16,33749.52797544
2024-03-09,68047.62,68700.41,68289.16,68480.0,9005.50992187
2024-03-10,68221.13,70000.0,68480.01,69032.12,12163.05713369
2024-03-11,67112.21,72943.98,69032.8,72110.98,32332.72583229
2024-03-12,68603.0,73027.63,72110.98,71475.93,29420.19277654
2024-03-13,71337.3,73709.99,71473.43,73135.04,21455.92195688
2024-03-14,68454.47,73835.57,73135.04,71364.58,34226.602618
2024-03-15,65565.7,72414.96,71364.58,69506.88,40195.84231178
2024-03-16,64774.05,70050.0,69514.87,65254.22,16532.825303
2024-03-17,64505.0,68877.82,65254.22,68343.64,12631.85084112
2024-03-18,66562.65,68933.71,68354.29,67613.04,20057.37580028
2024-03-19,61506.0,68136.39,67609.39,61906.27,40111.97553957
2024-03-20,60771.14,68150.0,61902.57,67858.8,38590.78345488
2024-03-21,64525.0,68234.56,67855.88,65484.7,18523.96247162
2024-03-22,62258.36,66651.1,65478.98,63814.56,17807.65930238
2024-03-23,63013.19,66029.09,63814.56,63998.86,7395.08270425
2024-03-24,63785.57,67637.6,63998.87,67204.93,6535.8276512
2024-03-25,66381.84,71269.92,67212.69,69890.28,22228.13803338
2024-03-26,69269.69,71582.96,69895.6,69992.4,15697.73440865
2024-03-27,68369.62,71789.85,69994.9,69435.96,18703.73738295
2024-03-28,68841.01,71635.99,69437.16,70801.18,15224.17928189
2024-03-29,69036.95,70941.7,70804.06,69903.75,7365.03204354
2024-03-30,69569.03,70363.25,69903.74,69626.87,3262.62331859
2024-03-31,69587.86,71399.91,69623.86,71288.9,4424.66955382
2024-04-01,68055.15,71313.8,71291.5,69681.82,13916.60016523
2024-04-02,64521.61,69711.0,69681.85,65464.14,23496.58634089
2024-04-03,64500.0,66944.06,65472.0,65987.92,14506.55934744
2024-04-04,65073.95,69367.19,65984.18,68525.23,18624.08140025
2024-04-05,66000.0,68783.99,68528.69,67856.51,15515.82134206
2024-04-06,67469.19,69685.0,67856.51,68919.89,3985.44167764
2024-04-07,68846.23,70312.0,68919.57,69350.34,5766.41938443
2024-04-08,69037.33,72777.0,69350.36,71622.53,16648.69284289
2024-04-09,68200.0,71761.37,71616.31,69117.01,15143.52341376
2024-04-10,67463.07,71159.6,69115.79,70634.04,16655.987797
2024-04-11,69530.0,71305.86,70638.4,70020.73,11001.16448135
2024-04-12,65110.31,71265.74,70020.71,67148.61,23509.75554216
2024-04-13,60822.01,69100.0,67148.62,64024.77,27548.47240557
2024-04-14,62150.0,65890.91,64021.36,65777.05,21604.05147827
2024-04-15,62315.08,66928.82,65764.56,63452.18,21672.73701332
2024-04-16,61645.09,64400.0,63452.18,63814.94,17710.28213211
2024-04-17,59648.33,64524.14,63814.94,61279.36,21812.15297865
2024-04-18,60816.07,64210.0,61275.73,63513.85,15249.84211445
2024-04-19,59573.32,65498.99,63514.84,63848.37,22838.07934159
2024-04-20,63121.15,65463.08,63841.96,64968.87,5157.40726514
2024-04-21,64250.0,65725.81,64960.82,64952.92,4487.48723219
2024-04-22,64520.0,67272.73,64952.92,66859.17,10977.05178637
2024-04-23,65823.66,67225.66,66856.07,66414.16,8840.16749844
2024-04-24,63542.56,67077.97,66418.0,64255.78,15083.5524347
2024-04-25,62747.18,65287.69,64255.77,64484.44,13256.29877715
2024-04-26,63287.76,64810.0,64484.44,63742.39,10151.96247701
2024-04-27,62389.0,63900.0,63742.39,63422.0,5312.16741262
2024-04-28,62743.81,64333.33,63422.34,63108.94,4415.96831554
2024-04-29,61741.01,64200.0,63109.76,63844.85,10712.13554316
2024-04-30,59040.3,64727.81,63845.01,60622.1,21106.65540758
2024-05-01,56500.0,60785.49,60621.2,58265.59,26611.9312734
2024-05-02,56903.79,59641.03,58267.81,59071.89,13593.00905888
2024-05-03,58821.05,63365.72,59070.3,62913.03,15954.29032707
2024-05-04,62565.82,64546.0,62913.03,63902.88,6414.57464352
2024-05-05,62908.34,64636.75,63902.88,64023.45,4474.5195919
2024-05-06,62704.48,65523.44,64023.45,63162.24,11241.77217344
2024-05-07,62252.64,64415.06,63161.35,62315.76,8994.93773002
2024-05-08,60851.04,63013.05,62315.75,61169.53,7486.42596849
2024-05-09,60601.6,63424.14,61169.53,63073.57,8360.0553824
2024-05-10,60150.0,63470.0,63073.55,60787.47,11511.12990976
2024-05-11,60450.13,61482.0,60787.99,60814.63,2338.06810837
2024-05-12,60576.05,61843.45,60814.64,61453.02,2694.97577935
2024-05-13,60738.51,63456.18,61453.01,62932.37,9170.80865115
2024-05-14,61024.51,63103.02,62927.44,61539.84,13456.61307634
2024-05-15,61299.57,66480.0,61539.7,66244.69,21821.38858725
2024-05-16,64588.5,66772.83,66244.68,65252.18,12012.70197182
2024-05-17,65113.46,67500.0,65252.17,67046.33,11710.00723895
2024-05-18,66624.06,67407.79,67046.34,66923.87,3880.58113972
2024-05-19,65852.02,67701.91,66923.87,66261.62,3565.11346165
2024-05-20,66057.03,71560.9,66260.04,71432.17,20415.88691709
2024-05-21,69146.01,71980.0,71432.16,70142.84,16102.06132545
2024-05-22,68887.52,70659.99,70142.88,69109.93,10889.10300904
2024-05-23,66259.0,70066.95,69109.93,67940.45,14340.27843589
2024-05-24,66587.91,69278.75,67932.79,68547.8,10374.95988085
2024-05-25,68487.44,69605.03,68545.52,69289.67,2501.11901959
2024-05-26,68097.38,69522.0,69289.69,68473.72,2037.67329089
2024-05-27,68210.12,70613.39,68470.8,69368.72,5384.62278063
2024-05-28,67194.59,69533.96,69366.31,68321.98,11975.93086328
2024-05-29,67081.66,68864.11,68321.99,67569.45,8970.02059069
2024-05-30,67092.91,69536.89,67569.44,68338.58,11841.26381893
2024-05-31,66584.47,69024.71,68338.58,67472.41,10690.85876224
2024-06-01,67371.28,67837.33,67473.07,67719.29,1949.57008052
2024-06-02,67260.0,68411.0,67719.29,67735.52,2997.15241527
2024-06-03,67568.0,70295.78,67731.14,68791.0,11884.90882705
2024-06-04,68542.37,71108.9,68791.04,70542.32,18042.19396496
2024-06-05,70356.49,71804.13,70541.68,71121.11,10123.1802918
2024-06-06,70093.98,71650.56,71120.65,70773.64,7716.5079994
2024-06-07,68298.55,71974.04,70773.63,69324.53,13768.98185265
2024-06-08,69126.22,69546.58,69326.71,69304.05,2631.94610412
2024-06-09,69123.99,69848.94,69303.8,69637.87,1826.03995531
2024-06-10,69141.51,70187.53,69641.08,69497.73,6088.40363232
2024-06-11,66018.69,69547.82,69495.97,67316.53,17354.68915468
2024-06-12,66883.32,70032.0,67316.52,68248.6,17140.01139413
2024-06-13,66200.0,68474.49,68248.59,66738.85,11916.13211129
2024-06-14,65005.0,67322.72,66746.46,66004.39,11520.15791899
2024-06-15,65800.86,66428.57,66004.36,66192.0,2004.1421548
2024-06-16,65999.0,66931.18,66192.0,66628.75,2118.65163435
2024-06-17,65050.0,67274.96,66629.38,66481.81,14487.64060903
2024-06-18,64010.01,66574.33,66481.81,65152.8,15937.73176483
2024-06-19,64635.48,65709.26,65150.9,64943.79,4958.38361329
2024-06-20,64500.0,66455.52,64945.67,64840.88,9346.70807899
2024-06-21,63300.93,65017.1,64840.89,64120.28,9816.79599936
2024-06-22,63910.01,64523.91,64120.28,64235.01,2324.21500373
2024-06-23,63125.75,64499.95,64235.0,63171.43,2054.79092364
2024-06-24,58414.28,63343.91,63169.36,60263.0,21418.04594647
2024-06-25,60217.36,62400.0,60262.16,61789.71,15201.5824773
2024-06-26,60656.8,62470.0,61794.47,60816.68,11392.79835017
2024-06-27,60546.94,62346.16,60818.86,61615.39,10530.35898848
2024-06-28,59868.0,62170.62,61611.43,60313.35,11381.0258738
2024-06-29,60273.8,61122.66,60312.36,60885.67,3199.03650127
2024-06-30,60611.01,62942.67,60884.44,62668.26,4263.22924826
2024-07-01,62448.46,63801.26,62669.14,62830.13,12326.70696465
2024-07-02,61000.0,63223.57,62830.94,62040.22,10688.64132628
2024-07-03,59332.76,62197.01,62039.44,60145.01,12066.71677065
2024-07-04,56709.73,60429.27,60145.01,57042.14,17969.35692426
2024-07-05,53499.9,57515.6,57036.45,56639.43,28052.41501655
2024-07-06,56020.32,58481.97,56634.53,58244.75,6449.32501293
2024-07-07,55717.23,58448.89,58240.36,55854.09,5320.91645368
2024-07-08,54278.93,58200.0,55852.61,56699.43,19043.04861272
2024-07-09,56276.37,58295.31,56701.18,58047.86,11757.76025902
2024-07-10,57157.28,59481.93,58047.86,57712.59,11619.63229345
2024-07-11,57036.41,59533.06,57713.4,57340.77,11433.53379518
2024-07-12,56538.33,58550.0,57343.66,57909.03,10516.60400149
2024-07-13,57770.92,59875.0,57908.61,59224.58,4255.10545721
2024-07-14,59209.2,61428.67,59224.58,60808.42,6132.37403058
2024-07-15,60666.59,64943.61,60804.97,64757.16,20601.73387957
2024-07-16,62410.33,65405.89,64757.16,65088.99,14691.92002303
2024-07-17,63853.99,66139.0,65086.55,64085.81,10647.79709095
2024-07-18,63222.6,65130.88,64085.82,63982.86,7637.52760383
2024-07-19,63289.15,67504.22,63977.64,66707.61,15163.05745737
2024-07-20,66271.0,67635.0,66707.61,67163.83,4671.38885135
2024-07-21,65820.18,68380.0,67163.82,68181.28,6027.86201344
2024-07-22,66569.42,68495.0,68181.16,67558.22,11844.79119584
2024-07-23,65444.3,67786.84,67560.03,65939.24,10791.03782177
2024-07-24,65090.61,67131.17,65939.24,65366.4,7702.25551129
2024-07-25,63412.46,66161.98,65358.86,65795.42,10452.25571747
2024-07-26,65705.6,68216.66,65795.52,67924.08,9315.20918753
2024-07-27,66635.28,69418.15,67921.46,67899.41,10233.62198513
2024-07-28,67021.8,68308.82,67901.81,68244.3,3505.5483691
2024-07-29,66400.01,70000.0,68244.3,66771.45,13641.48475825
2024-07-30,65283.68,66994.15,66767.14,66169.68,8733.57157991
2024-07-31,64500.0,66837.4,66169.68,64609.62,8986.37529253
2024-08-01,62212.81,65593.56,64609.61,65288.18,15636.72205775
2024-08-02,61150.0,65557.86,65293.48,61418.06,15390.00963957
2024-08-03,59819.13,62171.58,61418.06,60674.93,8019.39450918
2024-08-04,57123.0,61082.3,60674.93,58130.95,10319.01091658
2024-08-05,49050.01,58282.83,58131.31,54029.12,59125.78926672
2024-08-06,53965.57,57091.16,54037.9,56048.08,16897.67519536
2024-08-07,54564.15,57757.15,56048.07,55148.1,13971.5151871
2024-08-08,54737.32,62755.24,55144.14,61705.58,20623.04985861
2024-08-09,59552.46,61764.38,61704.05,60862.13,11569.80744379
2024-08-10,60255.61,61500.0,60864.71,60935.02,3157.63609699
2024-08-11,58312.63,61868.69,60935.01,58722.49,5229.37008498
2024-08-12,57653.31,60721.77,58717.44,59358.78,12183.92944247
2024-08-13,58402.01,61615.43,59358.78,60603.19,10879.76363828
2024-08-14,58453.56,61827.2,60603.19,58690.62,12938.61473824
2024-08-15,56120.0,59883.49,58690.62,57543.61,14506.63316989
2024-08-16,57096.56,59871.61,57543.57,58888.99,11930.21788221
2024-08-17,58803.45,59711.02,58888.99,59497.49,2787.56355634
2024-08-18,58422.0,60284.99,59497.49,58437.9,4325.64817169
2024-08-19,57820.0,59639.81,58436.2,59452.67,8539.29378706
2024-08-20,58571.96,61457.03,59455.81,59017.59,11062.05279919
2024-08-21,58793.89,61849.98,59017.59,61163.28,13380.11101719
2024-08-22,59750.0,61430.48,61167.54,60383.29,9608.6955368
2024-08-23,60343.2,64987.0,60383.28,64086.72,17852.77117167
2024-08-24,63564.22,64529.78,64091.63,64179.63,5020.91676004
2024-08-25,63793.74,65050.08,64179.63,64251.93,4012.30764642
2024-08-26,62806.8,64509.36,64250.01,62840.0,10741.96651081
2024-08-27,58025.49,63226.26,62840.09,59439.64,14195.89496578
2024-08-28,57851.62,60236.98,59437.68,59045.88,10001.12169866
2024-08-29,58729.39,61194.09,59047.94,59364.47,10933.22040343
2024-08-30,57700.0,59929.63,59353.12,59112.77,9382.9124508
2024-08-31,58739.31,59446.99,59117.59,58968.37,1368.21775121
2024-09-01,57200.0,59070.55,58968.37,57299.0,4411.05388122
2024-09-02,57119.01,59423.0,57291.21,59139.83,4318.6544603
2024-09-03,57394.49,59825.7,59138.89,57468.84,8264.44971184
2024-09-04,55555.0,58531.25,57460.5,57971.0,13715.96171494
2024-09-05,55628.04,58326.12,57971.0,56156.82,12281.57828747
2024-09-06,52530.0,56995.0,56156.82,53950.01,18495.45064356
2024-09-07,53733.1,54847.0,53950.0,54156.33,3284.57722628
2024-09-08,53623.95,55315.95,54159.6,54881.11,3684.86816392
2024-09-09,54565.56,58119.97,54881.1,57053.9,10203.03329517
2024-09-10,56377.76,58050.35,57047.82,57645.59,6433.21371111
2024-09-11,55534.41,58014.35,57641.15,57352.79,11678.94297124
2024-09-12,57311.15,58600.0,57352.92,58137.54,10175.62390483
2024-09-13,57630.01,60670.0,58137.33,60543.35,11935.95544754
2024-09-14,59436.8,60660.0,60543.35,60012.35,3147.39019631
2024-09-15,58695.75,60402.34,60012.34,59122.33,3975.3568185
2024-09-16,57477.0,59214.15,59122.7,58208.75,7654.10991835
2024-09-17,57620.27,61373.41,58209.76,60312.6,11701.89074715
2024-09-18,59174.5,61800.0,60317.38,61769.18,11471.50683029
2024-09-19,61569.16,63891.82,61770.38,62960.14,15075.86835522
2024-09-20,62340.0,64140.67,62956.04,63210.69,10636.1082809
2024-09-21,62755.0,63575.63,63210.94,63362.74,1960.85712028
2024-09-22,62380.55,64000.0,63362.74,63577.66,2882.2341982
2024-09-23,62566.28,64739.67,63580.39,63338.87,7014.74459935
2024-09-24,62689.15,64700.0,63338.85,64272.93,8933.46473574
2024-09-25,62932.8,64811.0,64272.93,63130.89,5909.09510453
2024-09-26,62652.99,65865.0,63131.13,65177.21,12789.85035505
2024-09-27,64827.85,66550.0,65176.39,65789.0,9529.0168808
2024-09-28,65400.0,66266.39,65787.53,65858.99,2755.22680581
2024-09-29,65433.29,66059.0,65857.33,65600.01,2721.35197741
2024-09-30,62833.95,65624.95,65600.01,63301.25,10629.74147917
2024-10-01,60150.89,64106.75,63305.52,60790.0,15970.80295516
2024-10-02,59969.2,62380.34,60792.63,60631.37,8764.03050337
2024-10-03,59824.87,61474.92,60631.36,60744.99,7834.55718072
2024-10-04,60454.5,62481.0,60745.0,62090.71,7884.21831808
2024-10-05,61686.34,62380.04,62090.7,62051.29,1783.56564961
2024-10-06,61805.85,62978.75,62051.29,62810.86,2086.21821773
2024-10-07,62113.28,64467.02,62810.93,62200.28,10707.1500015
2024-10-08,61824.48,63191.05,62203.82,62122.02,6566.33034742
2024-10-09,60255.0,62507.68,62118.44,60578.28,7582.36723494
2024-10-10,58863.9,61271.59,60578.28,60279.53,10462.57962276
2024-10-11,60029.98,63416.7,60279.53,62518.75,11454.9900534
2024-10-12,62464.15,63474.25,62518.75,63187.47,3943.90648994
2024-10-13,62033.0,63270.18,63183.08,62845.3,2257.61460657
2024-10-14,62426.67,66500.0,62847.89,66065.65,13638.71106556
2024-10-15,64778.44,67944.76,66065.64,67056.6,16324.01191342
2024-10-16,66743.0,68399.0,67056.62,67608.44,12465.75691229
2024-10-17,66629.97,67926.99,67608.45,67402.33,7912.22639285
2024-10-18,67149.24,69000.62,67399.86,68426.11,11802.74441943
2024-10-19,68005.83,68689.29,68426.11,68363.73,1868.86958754
2024-10-20,68083.18,69380.0,68363.73,69014.86,2632.89214855
2024-10-21,66802.0,69498.0,69014.87,67346.15,10226.59346669
2024-10-22,66535.0,67800.0,67346.15,67380.08,8598.06472763
2024-10-23,65149.51,67415.65,67389.7,66601.11,9021.17140157
2024-10-24,66445.32,68800.0,66601.1,68156.84,10016.19830413
2024-10-25,65500.01,68742.38,68156.84,66564.51,14485.49253537
2024-10-26,66331.95,67365.18,66564.51,67012.56,2949.2199701
2024-10-27,66836.78,68261.37,67008.15,67943.19,2819.59766921
2024-10-28,67532.48,70235.98,67943.18,69924.5,16140.14013624
2024-10-29,69705.76,73624.98,69924.49,72724.35,20616.91187006
2024-10-30,71400.01,72948.6,72724.35,72322.91,13543.49337837
2024-10-31,69559.33,72684.02,72322.91,70197.83,14726.78460342
2024-11-01,68720.0,71620.0,70198.02,69467.29,15295.28781188
2024-11-02,69000.0,69891.92,69466.64,69358.94,2203.99644104
2024-11-03,67444.0,69364.65,69360.95,68738.18,6758.88506466
2024-11-04,66783.77,69453.94,68736.4,67807.48,12431.01371517
2024-11-05,67427.53,70557.67,67810.15,69380.73,12867.66127618
2024-11-06,69285.82,76509.56,69380.64,75646.55,45398.11837369
2024-11-07,74463.96,76999.0,75646.55,75920.0,21932.40207681
2024-11-08,75654.26,77312.18,75925.0,76566.73,18378.39876264
2024-11-09,75758.58,76952.67,76566.72,76716.06,4836.57005338
2024-11-10,76535.33,81534.28,76716.06,80428.92,16728.21105103
2024-11-11,80277.34,89666.0,80427.69,88770.73,35560.11866694
2024-11-12,85010.0,90100.0,88770.74,88035.43,40111.80924643
2024-11-13,86220.5,93495.0,88035.43,90493.82,42318.6909168
2024-11-14,86672.07,91831.25,90499.4,87340.4,23422.75915863
2024-11-15,87100.83,91934.62,87338.96,91058.36,20388.33115227
2024-11-16,90069.21,91820.73,91058.36,90636.24,6598.0269304
2024-11-17,88713.64,91439.82,90638.54,89886.69,5574.55122824
2024-11-18,89372.65,92674.8,89877.11,90520.3,17340.77166451
2024-11-19,90403.24,94105.84,90521.32,92435.89,18267.16111244
2024-11-20,91600.0,94989.99,92445.04,94393.15,20329.039987
2024-11-21,94127.2,99073.53,94384.15,98439.09,31188.09394751
2024-11-22,97209.52,99860.0,98439.1,99024.03,29936.62215019
2024-11-23,97215.01,99044.11,99024.03,97778.77,12072.47203722
2024-11-24,95780.77,98700.0,97778.78,98028.18,8654.77135767
2024-11-25,92534.93,98999.0,98032.06,93000.01,20695.912495
2024-11-26,90682.58,95004.92,93001.48,91929.54,17848.01962899
2024-11-27,91747.46,97386.06,91929.53,95951.19,15213.90946356
2024-11-28,94671.59,96676.31,95951.19,95665.53,5586.55288339
2024-11-29,95383.46,98750.0,95665.53,97490.56,12587.02498942
2024-11-30,96129.73,97509.6,97489.8,96465.42,3476.04255853
2024-12-01,95753.42,97895.9,96464.95,97263.18,4039.27591451
2024-12-02,94400.63,98200.0,97259.17,95862.89,15554.61486745
2024-12-03,93571.3,96310.1,95862.89,95924.52,17898.7046212
2024-12-04,94634.85,99263.2,95924.85,98746.24,17528.92050771
2024-12-05,92055.86,104000.0,98746.24,97044.23,36399.8182427
2024-12-06,96424.2,102104.12,97049.47,99891.35,17801.21293952
2024-12-07,99012.73,100583.27,99885.37,99929.32,4774.3508777
2024-12-08,98729.66,101435.05,99919.2,101174.99,4230.35225168
2024-12-09,94220.8,101290.73,101175.0,97324.81,20103.05073464
2024-12-10,94273.38,98338.17,97330.66,96660.76,20620.53877488
2024-12-11,95722.79,101984.98,96660.75,101202.11,21190.23753294
2024-12-12,99298.39,102595.0,101211.61,100030.47,14796.92456547
2024-12-13,99220.81,101959.13,100024.75,101428.75,13327.59954074
2024-12-14,100600.0,102650.0,101428.74,101399.99,4181.40180281
2024-12-15,101221.34,105100.0,101400.0,104447.76,7796.33358128
2024-12-16,103289.21,107857.79,104445.15,106099.81,22575.87902891
2024-12-17,105337.97,108388.88,106099.98,106136.99,11994.58863972
2024-12-18,99939.82,106528.13,106145.83,100150.73,22294.42835455
2024-12-19,95539.67,102796.22,100148.6,97372.21,23522.12863874
2024-12-20,92115.66,98132.47,97372.2,97765.0,21766.62386138
2024-12-21,96368.0,99596.57,97762.75,97230.08,6451.43271418
2024-12-22,94182.98,97387.98,97230.09,95087.75,4933.50127735
2024-12-23,92360.91,96430.08,95091.15,94764.56,13476.98947566
2024-12-24,93426.25,99444.0,94767.88,98594.47,13355.36314305
2024-12-25,97557.48,99484.92,98594.47,99346.28,5254.2370598
2024-12-26,95083.93,99887.0,99358.67,95669.49,11403.37268934
2024-12-27,93234.31,97340.47,95669.4,94171.89,13169.12897588
2024-12-28,94002.72,95534.17,94171.7,95130.82,2722.6591363
2024-12-29,92841.48,95170.06,95125.59,93563.35,3417.52751094
2024-12-30,91271.19,94910.48,93563.35,92620.71,15271.24432744
2024-12-31,91887.13,96148.94,92620.7,93354.22,10348.6325655
2025-01-01,92743.63,94960.91,93347.59,94383.59,6871.73848196
2025-01-02,94177.0,97776.99,94383.59,96903.19,10912.47383962
2025-01-03,96016.63,98969.92,96905.48,98136.51,9021.88538159
2025-01-04,97516.65,98761.02,98139.85,98209.85,2742.08960614
2025-01-05,97250.0,98814.0,98209.85,98345.33,2377.92175899
2025-01-06,97900.0,102500.0,98347.65,102279.41,15173.55606778
2025-01-07,96105.11,102735.99,102279.41,96941.98,16587.2869223
2025-01-08,92500.0,97254.35,96941.98,95036.63,14182.29739458
2025-01-09,91187.0,95363.26,95033.18,92547.44,9712.37853215
2025-01-10,92209.25,95862.92,92547.44,94701.18,12634.03407823
2025-01-11,93804.05,94983.65,94701.48,94565.02,2638.69956767
2025-01-12,93670.3,95383.84,94569.91,94509.62,2025.81612971
2025-01-13,89028.64,95900.0,94507.24,94506.45,13094.86359481
2025-01-14,94311.36,97353.29,94507.35,96534.96,11210.74226727
2025-01-15,96400.0,100716.45,96534.97,100510.23,13610.74729401
2025-01-16,97277.58,100880.0,100504.27,99981.78,12312.37366854
2025-01-17,99937.81,105970.0,99981.46,104107.0,20518.30949325
2025-01-18,102233.45,104933.15,104107.0,104435.0,7835.29991824
2025-01-19,99518.0,106314.44,104435.01,101211.13,13312.63685598
2025-01-20,99416.27,109358.01,101217.78,102145.43,32342.18311338
2025-01-21,100051.0,107291.1,102145.42,106159.26,19411.23488978
2025-01-22,103100.0,106431.34,106159.27,103667.11,10730.018962
2025-01-23,101200.01,106870.87,103659.6,103926.36,25064.86499945
2025-01-24,102751.92,107200.0,103926.36,104850.27,12921.99361413
2025-01-25,104104.0,105294.0,104866.13,104733.56,3404.85308291
2025-01-26,102452.24,105478.8,104729.92,102563.0,4575.36611531
2025-01-27,97715.03,103228.46,102565.28,102062.42,23647.14111877
2025-01-28,100213.8,103770.85,102063.92,101290.0,9488.53429464
2025-01-29,101275.6,104829.64,101290.01,103747.25,11403.20278905
2025-01-30,103289.74,106484.77,103747.25,104742.64,13061.34881233
2025-01-31,101506.0,106090.0,104742.63,102411.26,13313.68104489
2025-02-01,100250.0,102781.65,102414.05,100623.85,3390.25555744
2025-02-02,96179.0,101459.84,100623.88,97676.52,10366.65062753
2025-02-03,91178.01,102599.85,97676.53,101460.2,31328.72219576
2025-02-04,96145.76,101812.23,101460.15,97795.05,14168.7031661
2025-02-05,96161.01,99230.49,97795.06,96638.33,9308.59185883
2025-02-06,95674.96,99182.15,96635.62,96564.62,9168.94674634
2025-02-07,95614.96,100235.79,96575.24,96537.08,12171.82534167
2025-02-08,95682.33,96919.05,96536.93,96476.25,2972.45715184
2025-02-09,94730.67,97342.28,96476.24,96475.82,3417.87009701
2025-02-10,95257.2,98367.23,96481.47,97444.41,6375.72539123
2025-02-11,94831.07,98500.0,97451.66,95774.08,7737.05105717
2025-02-12,94066.92,98119.98,95770.95,97862.53,9078.50356189
2025-02-13,95220.0,98100.0,97864.28,96625.29,6803.6078927
2025-02-14,96268.56,98890.11,96625.29,97509.03,7744.67640105
2025-02-15,97225.01,97997.85,97507.94,97596.94,1626.51929078
2025-02-16,96057.68,97738.22,97596.54,96119.88,2174.29326885
2025-02-17,95200.0,97050.64,96119.88,95781.8,3533.01273263
2025-02-18,93333.0,96730.0,95781.8,95607.4,8867.39878431
2025-02-19,95000.01,96880.0,95612.97,96632.03,6945.44897339
2025-02-20,96419.07,98768.54,96632.03,98347.2,10582.84622768
2025-02-21,94721.92,99517.52,98347.2,96157.03,19298.23921958
2025-02-22,95767.95,96982.52,96157.03,96582.12,7324.02366243
2025-02-23,95243.91,96679.93,96578.49,96265.98,3787.84705335
2025-02-24,91300.0,96515.41,96266.23,91510.82,12644.0435007
2025-02-25,85836.18,92549.99,91509.88,88583.74,31587.91715546
2025-02-26,82111.12,89305.68,88583.17,84111.78,21568.55463119
2025-02-27,82554.11,86993.87,84111.77,84625.19,16836.55524727
2025-02-28,78167.81,85116.19,84627.5,84297.73,30755.74245077
2025-03-01,83772.54,86534.96,84297.74,86018.76,6852.5441262
2025-03-02,85003.35,95128.88,86018.82,94265.48,16751.22972996
2025-03-03,85007.01,94415.61,94265.47,86161.1,22691.67068614
2025-03-04,81444.0,88977.27,86161.09,87249.96,23130.37098654
2025-03-05,86329.22,91000.0,87247.93,90603.73,14900.93396554
2025-03-06,87790.5,92817.29,90607.73,89921.85,13303.43744669
2025-03-07,84608.27,91280.0,89915.02,86756.98,27137.2022302
2025-03-08,85200.0,86863.38,86753.3,86206.69,3023.2478665
2025-03-09,80000.0,86480.0,86206.64,80699.17,7565.44749561
2025-03-10,77389.0,84033.66,80708.21,78544.71,21375.10120997
2025-03-11,76555.0,83600.0,78548.18,82914.51,17096.37980265
2025-03-12,80572.21,84442.69,82911.81,83659.43,12617.220582
2025-03-13,79890.0,84310.8,83659.45,81073.43,10506.80043483
2025-03-14,80771.17,85318.61,81071.5,83980.49,10857.45703924
2025-03-15,83612.24,84690.43,83989.86,84351.46,2331.92028578
2025-03-16,81969.44,85092.35,84351.45,82562.57,4059.89765099
2025-03-17,82416.98,84758.46,82562.5,84011.4,7785.97733364
2025-03-18,81125.0,84029.67,84011.39,82698.76,7316.63296603
2025-03-19,82535.53,87045.45,82699.53,86877.96,13056.03519886
2025-03-20,83596.75,87492.87,86877.97,84183.42,9880.31696275
2025-03-21,83100.0,84809.72,84183.41,84061.96,6257.63558757
2025-03-22,83659.69,84517.75,84061.96,83852.03,2108.51345069
2025-03-23,83804.67,86128.99,83852.06,86092.94,3467.46945277
2025-03-24,85533.06,88804.64,86092.95,87523.62,13107.50391644
2025-03-25,86321.97,88584.34,87518.09,87427.88,10153.98312373
2025-03-26,85850.0,88304.1,87432.82,86926.01,6885.71986041
2025-03-27,85784.0,87790.12,86926.01,87217.48,6904.09386105
2025-03-28,83533.4,87498.15,87214.07,84381.8,10031.80008987
2025-03-29,81608.99,84584.13,84381.81,82616.83,3194.24303663
2025-03-30,81538.88,83508.98,82624.06,82379.98,2472.72302228
2025-03-31,81265.16,83920.8,82379.98,82534.32,6887.94694226
2025-04-01,82403.32,85566.53,82534.31,85170.37,9130.97692565
2025-04-02,82283.01,88530.0,85166.92,82490.08,16748.28262337
2025-04-03,81177.7,83953.45,82490.1,83174.33,11800.91106566
2025-04-04,81643.54,84720.67,83178.68,83860.16,14593.03092888
2025-04-05,82346.61,84238.35,83859.78,83498.25,2836.42920662
2025-04-06,77058.99,83773.58,83505.88,78370.75,11014.8594773
2025-04-07,74420.69,81223.67,78370.15,79140.01,26706.52930797
2025-04-08,76167.35,80849.98,79140.02,76251.64,14917.02351692
2025-04-09,74553.01,83583.35,76258.8,82594.75,23584.94464084
2025-04-10,78387.24,82730.93,82593.15,79552.34,11876.12778689
2025-04-11,78919.94,84299.0,79552.34,83380.47,9964.68703141
2025-04-12,82765.26,85909.97,83379.64,85271.01,3972.49282052
2025-04-13,83010.0,86092.99,85271.02,83733.07,3904.15929557
2025-04-14,83655.27,85818.06,83733.07,84590.36,7247.02343319
2025-04-15,83592.77,86491.4,84590.36,83629.78,6461.77024421
2025-04-16,83088.02,85526.4,83622.52,84028.72,8246.73748903
2025-04-17,83711.69,85494.94,84028.71,84961.97,5865.70077325
2025-04-18,84287.06,85150.94,84961.97,84466.47,1884.07668707
2025-04-19,84353.45,85625.0,84466.47,85074.99,1683.30746873
2025-04-20,83972.82,85319.21,85074.59,85177.34,1812.14325365
2025-04-21,85135.98,88575.62,85177.33,87522.07,12603.75828155
2025-04-22,87077.17,93952.62,87513.53,93489.1,19460.09432868
2025-04-23,91902.19,94686.0,93486.57,93740.92,12538.32136507
2025-04-24,91685.18,94061.02,93740.93,94021.96,9320.8086182
2025-04-25,92880.01,95976.34,94021.97,94708.79,14148.6339475
2025-04-26,93903.01,95273.52,94707.79,94666.64,2253.98942317
2025-04-27,93654.77,95351.11,94666.64,93780.57,2304.93789541
2025-04-28,92829.44,95652.66,93780.56,95042.57,7348.4883725
2025-04-29,93761.26,95499.0,95042.56,94271.09,5979.94472886
2025-04-30,92911.88,95263.74,94271.08,94182.54,6511.31778605
2025-05-01,94136.79,97546.99,94182.55,96524.98,8334.02681063
2025-05-02,96369.69,97948.56,96524.98,96929.81,5709.61012071
2025-05-03,95765.13,96974.78,96929.81,95861.33,2077.55675998
2025-05-04,94151.67,96312.51,95865.47,94272.55,2834.39686495
2025-05-05,93500.01,95218.82,94272.54,94733.99,5181.01206583
2025-05-06,93363.28,96916.25,94733.99,96839.17,6164.34738969
2025-05-07,95800.0,97738.05,96843.84,97058.32,8328.69875473
2025-05-08,96888.25,104176.05,97058.33,103253.49,15379.43544074
2025-05-09,102330.76,104352.6,103252.2,102986.96,7318.60440182
2025-05-10,102831.41,104997.0,102986.94,104821.19,3104.17143581
2025-05-11,103360.22,104980.89,104817.83,104137.62,3055.22813204
2025-05-12,100703.71,105787.37,104137.58,102800.21,11005.40673978
2025-05-13,101447.78,105038.53,102800.22,104131.06,8727.89105836
2025-05-14,102603.27,104373.0,104131.2,103545.38,7628.70177301
2025-05-15,101400.01,104200.0,103540.91,103786.43,7563.00946962
2025-05-16,103125.51,104616.71,103786.4,103500.03,6881.65708111
2025-05-17,102612.0,103741.98,103500.03,103161.07,1848.95251021
2025-05-18,103130.95,106692.97,103162.53,106473.46,4130.60889099
2025-05-19,102105.0,107137.68,106488.77,105616.18,10104.32339011
2025-05-20,104209.18,107355.0,105616.21,106883.24,8804.38724819
2025-05-21,106128.14,110788.98,106883.24,109699.54,18333.91491262
2025-05-22,109217.23,112000.0,109697.19,111722.53,11250.38756124
2025-05-23,106800.01,111824.07,111722.54,107329.61,9638.23489571
2025-05-24,106895.77,109517.79,107332.08,107794.01,2611.3560546
2025-05-25,106632.35,109371.04,107794.01,109048.68,2996.9984274
2025-05-26,108706.04,110474.41,109048.41,109464.32,4641.38117417
2025-05-27,107536.41,110829.42,109464.33,108978.46,8827.06917845
2025-05-28,106790.16,109344.89,108978.45,107819.29,6474.20131287
2025-05-29,105315.0,108943.35,107819.26,105572.58,9305.58410478
2025-05-30,103634.48,106377.66,105572.58,104033.26,7866.16241154
2025-05-31,103110.01,104965.5,104033.0,104645.87,2403.60824408
2025-06-01,103800.81,105937.46,104645.87,105697.94,2369.92891564
2025-06-02,103685.23,106000.0,105697.93,105904.94,5818.90812007
2025-06-03,104910.01,106901.68,105909.79,105447.82,6486.4597778
2025-06-04,104202.0,106058.47,105443.95,104753.38,4505.03599201
2025-06-05,100345.73,105999.68,104753.37,101570.2,10627.57339852
2025-06-06,101132.91,105439.01,101570.2,104397.99,9677.25748525
2025-06-07,103969.7,106000.0,104398.0,105619.02,4141.10124271
2025-06-08,105028.3,106548.9,105619.02,105784.4,1998.61011035
2025-06-09,105368.27,110651.12,105784.41,110301.15,6581.24781856
2025-06-10,108362.14,110420.08,110299.69,110300.24,5433.6716937
2025-06-11,108091.74,110435.05,110300.25,108669.37,4603.3324446
2025-06-12,105706.78,108853.74,108673.77,105721.05,5734.67136139
2025-06-13,102746.01,106233.0,105716.45,106118.7,7441.52465913
2025-06-14,104351.72,106264.36,106114.53,105465.42,2256.48702523
2025-06-15,104505.05,106184.13,105465.42,105599.25,1722.80945227
2025-06-16,104982.26,109000.0,105600.21,106853.38,5952.98369341
2025-06-17,103363.3,107792.9,106853.38,104590.44,7688.94642443
2025-06-18,103512.38,105603.63,104590.44,104915.6,4918.14382744
2025-06-19,103916.37,105266.61,104915.6,104671.9,2279.05842007
2025-06-20,102357.25,106553.86,104671.4,103317.8,5047.63626176
2025-06-21,100919.19,104013.64,103317.79,102160.03,3287.51327489
2025-06-22,98225.01,103417.0,102160.36,100996.87,7872.25874446
2025-06-23,99677.07,106135.47,100996.87,105419.39,8910.86676597
2025-06-24,104681.83,106366.29,105418.4,106141.0,5773.20907668
2025-06-25,105875.0,108206.0,106141.01,107400.22,7072.65636297
2025-06-26,106605.88,108345.0,107400.22,107029.64,4900.22231656
2025-06-27,106413.79,107804.2,107029.63,107113.38,6310.43715745
2025-06-28,106868.94,107599.81,107119.17,107352.2,1227.76803255
2025-06-29,107230.0,108550.0,107352.2,108386.44,2154.86170312
2025-06-30,106724.76,108800.0,108386.44,107173.21,4839.04838063
2025-07-01,105262.0,107579.3,107173.21,105711.78,5152.72760186
2025-07-02,105119.7,109823.08,105711.77,108888.32,7995.79258367
2025-07-03,108574.31,110590.0,108887.03,109628.83,6434.57921608
2025-07-04,107268.84,109812.94,109628.83,108028.6,3129.21859997
2025-07-05,107783.1,108454.19,108028.6,108246.65,1513.15428554
2025-07-06,107837.7,109736.64,108246.66,109217.98,1651.18120197
2025-07-07,107507.0,109741.64,109217.98,108269.84,4455.08353019
2025-07-08,107438.33,109255.99,108271.49,108958.04,3785.3907416
2025-07-09,108329.87,112152.91,108953.58,111282.85,7683.83239574
2025-07-10,110541.87,116842.0,111282.84,116031.3,12920.20742934
2025-07-11,115211.74,118909.74,116031.29,117582.16,10116.886206
2025-07-12,116940.82,118244.51,117582.16,117472.65,2397.72381256
2025-07-13,117238.69,119500.0,117472.65,119130.81,3461.0430314
2025-07-14,118949.18,123231.07,119130.81,119863.71,13536.79954839
2025-07-15,115697.37,119973.3,119863.71,117781.64,23726.31356081
2025-07-16,117033.23,120134.8,117781.63,118681.68,9250.98642597
2025-07-17,117469.0,120998.76,118681.67,119273.69,8360.35130892
2025-07-18,116892.42,120918.68,119273.7,118023.05,8735.40386401
2025-07-19,117337.59,118564.59,118023.06,117914.17,1700.0997198
2025-07-20,116525.0,118921.76,117914.17,117312.7,2504.59032125
2025-07-21,116565.01,119745.93,117315.68,117428.79,5450.55450292
2025-07-22,116185.0,120300.0,117428.79,120026.42,7564.58852928
2025-07-23,117342.21,120180.93,120034.21,118810.44,5526.13819924
2025-07-24,117190.0,119557.7,118810.44,118397.04,7137.01277011
2025-07-25,114750.0,118518.2,118400.0,117633.27,24633.33644271
2025-07-26,117095.73,118371.35,117633.27,117969.63,6974.42930567
2025-07-27,117849.99,119800.0,117981.73,119465.52,4999.42180703
2025-07-28,117380.6,119839.0,119465.52,118070.59,7647.38438521
2025-07-29,116900.0,119284.78,118074.43,117933.39,6070.86335715
2025-07-30,115728.49,118809.43,117933.39,117830.15,4647.7410138
2025-07-31,115500.0,118920.0,117830.15,115761.13,4647.6521388
2025-08-01,112659.0,116065.12,115756.12,113248.73,9196.58441635
2025-08-02,112000.0,114023.58,113248.83,112542.74,2946.5811158
2025-08-03,111903.68,114794.99,112542.75,114215.73,2212.37278435
2025-08-04,114118.18,115756.06,114215.7,115051.85,4655.53866243
2025-08-05,112622.14,115112.75,115056.14,114112.95,4943.38930608
2025-08-06,113347.87,115749.99,114112.95,115028.83,4481.39474697
2025-08-07,114268.6,117687.0,115028.83,117515.49,5804.23960803
2025-08-08,115800.0,117687.0,117515.69,116683.79,4870.3042426
2025-08-09,116343.34,117937.89,116683.79,116492.51,2586.17129292
2025-08-10,116480.0,119324.08,116492.5,119309.37,2850.61404026
2025-08-11,118050.0,122319.14,119309.37,118701.84,7220.80819945
2025-08-12,118190.81,120327.0,118701.83,120113.18,4615.45835079
2025-08-13,118931.34,123740.24,120109.04,123365.63,8512.8860955
2025-08-14,117208.97,124533.0,123365.63,118389.79,10154.04939662
2025-08-15,116859.32,119339.57,118389.79,117436.96,4990.799358
2025-08-16,117222.01,118028.68,117436.95,117455.68,1781.69438526
2025-08-17,117249.49,118641.6,117455.69,117488.6,2021.61751952
2025-08-18,114703.26,117633.8,117488.59,116286.76,6762.85366719
2025-08-19,112696.56,116792.87,116286.75,112856.19,7918.58452813
2025-08-20,112344.11,114627.37,112853.66,114276.0,5764.27605073
2025-08-21,111964.0,114812.0,114276.0,112480.3,6033.74435365
2025-08-22,111649.75,117416.73,112480.29,116908.68,8547.72089091
2025-08-23,114505.0,116999.03,116911.9,115383.87,2245.41925268
2025-08-24,110635.0,115616.53,115383.87,113478.0,4602.76322486
2025-08-25,109275.74,113645.32,113478.0,110127.74,8509.20658676
2025-08-26,108670.0,112399.99,110127.74,111788.01,7735.56524843
2025-08-27,110351.11,112683.39,111788.04,111253.21,5151.42127925
2025-08-28,110858.78,113480.0,111253.22,112574.85,4637.29182209
2025-08-29,107469.13,112642.53,112574.84,108378.32,7806.0938333
2025-08-30,107369.69,108928.79,108378.32,108827.93,2828.67461609
2025-08-31,108060.79,109489.79,108827.92,108247.95,2702.50957636
2025-09-01,107250.0,109907.51,108247.95,109240.55,5396.96365977
2025-09-02,108400.0,111801.86,109240.55,111247.94,7398.40595759
2025-09-03,110533.77,112600.0,111247.94,111756.41,5205.45031255
2025-09-04,109321.0,112235.6,111756.4,110720.79,5253.71408228
2025-09-05,110202.36,113390.0,110714.48,110670.02,7218.59124481
2025-09-06,109993.0,111317.65,110670.02,110212.6,1621.65017738
2025-09-07,110200.01,111600.0,110214.21,111129.61,1646.11764246
2025-09-08,110600.0,112940.84,111120.38,112072.57,5158.43294831
2025-09-09,110765.72,113292.96,112072.57,111549.32,5158.45733241
2025-09-10,110919.55,114362.1,111546.61,113983.97,7249.99346721
2025-09-11,113433.92,115554.53,113983.98,115540.0,5575.3607407
2025-09-12,114774.19,116833.25,115540.01,116106.03,6493.57632751
2025-09-13,115177.53,116378.04,116106.03,115968.35,2173.49651785
2025-09-14,115166.0,116226.61,115968.33,115314.13,1967.88683794
2025-09-15,114395.84,116802.0,115314.12,115381.08,6142.67859527
2025-09-16,114750.0,117000.0,115381.07,116832.56,6012.58313417
2025-09-17,114724.57,117327.24,116832.56,116484.4,7151.30033814
2025-09-18,116125.08,117998.17,116484.4,117117.99,7140.41942024
2025-09-19,115132.71,117516.36,117117.99,115690.55,5874.11552075
2025-09-20,115463.22,116194.63,115690.55,115752.4,2830.8502542
2025-09-21,115237.16,115900.02,115752.9,115282.27,2071.01892785
2025-09-22,111761.22,115441.37,115282.26,112736.59,8494.39097785
2025-09-23,111502.08,113357.0,112736.59,112017.21,4512.04618772
2025-09-24,111066.07,113999.98,112017.21,113348.17,4932.88303511
2025-09-25,108623.7,113561.35,113348.16,109035.72,9197.26639402
2025-09-26,108645.02,110369.99,109036.0,109697.29,6826.16968974
2025-09-27,109116.0,109815.08,109697.29,109681.16,1950.48703402
2025-09-28,109230.98,112385.84,109681.15,112197.67,2397.09714427
2025-09-29,111582.65,114490.0,112197.66,114365.07,5553.41779958
2025-09-30,112695.85,114850.0,114361.66,114067.71,5044.09158186
2025-10-01,113975.5,118718.8,114067.71,118659.97,9687.1228881
2025-10-02,118336.01,121111.0,118662.72,120621.32,8816.90252269
2025-10-03,119327.83,123996.81,120621.33,122318.4,11835.08733617
2025-10-04,121572.64,122896.0,122318.39,122458.56,2705.28818527
2025-10-05,122195.28,125750.0,122458.55,123520.79,5820.77013157
2025-10-06,123115.77,126296.0,123520.8,124720.09,9135.3086452
2025-10-07,120636.0,125226.34,124723.57,121393.95,8699.84065383
2025-10-08,121090.06,124254.31,121393.96,123343.25,6727.94848453
2025-10-09,119713.65,123822.08,123343.24,121714.51,6980.15210285
2025-10-10,107000.0,122600.0,121714.51,112980.28,22432.34375511
2025-10-11,109683.96,113439.99,112976.01,110768.89,10041.88198008
2025-10-12,109687.46,115847.0,110768.9,115067.98,9699.03564495
2025-10-13,113700.27,116077.51,115067.96,115274.03,8147.76104518
2025-10-14,109945.86,115514.91,115274.03,113068.0,11955.35437582
2025-10-15,110185.87,113671.99,113072.18,110804.12,7440.03782479
2025-10-16,107464.53,112021.07,110804.11,108198.0,14792.78754529
2025-10-17,103516.75,109269.97,108197.99,106463.3,13824.34463474
2025-10-18,106357.69,107535.68,106462.09,107208.91,3552.60959467
2025-10-19,106091.25,109499.0,107208.91,108676.78,4841.63812975
2025-10-20,107449.91,111748.6,108676.77,110568.06,6286.43529012
2025-10-21,107444.6,114082.29,110568.05,108362.27,12890.45189253
2025-10-22,106639.0,109188.27,108357.99,107585.98,9311.33986567
2025-10-23,107511.46,111342.6,107588.02,110116.03,6881.35851313
2025-10-24,109725.51,112158.39,110116.02,111042.13,5915.09477083
2025-10-25,110693.01,111968.52,111042.13,111666.21,1478.94798996
2025-10-26,111260.33,115542.0,111666.22,114548.09,3808.17193597
2025-10-27,113833.12,116410.06,114561.69,114087.06,5491.52581938
2025-10-28,112203.0,116114.13,114087.06,112906.75,5342.86134585
2025-10-29,109000.0,113690.17,112906.75,110032.13,6110.48087693
2025-10-30,106279.33,111629.2,110031.65,108308.18,8481.34743643
2025-10-31,108266.11,111066.1,108308.02,109555.27,6858.47522213
2025-11-01,109342.47,110500.0,109555.63,110052.25,1707.44713625
2025-11-02,108800.0,111221.99,110052.25,110536.01,3777.57822519
2025-11-03,105271.67,110749.0,110533.83,106557.98,8657.30683772
2025-11-04,98892.97,107269.85,106557.98,101468.15,17052.82209797
2025-11-05,98950.0,104550.0,101468.16,103869.0,10844.84576039
2025-11-06,100235.02,104191.19,103866.67,101290.5,9488.56911128
2025-11-07,99170.0,104041.99,101290.5,103284.27,9981.70774039
2025-11-08,101422.74,103350.0,103281.79,102285.57,4365.22006206
2025-11-09,101372.58,105471.04,102285.58,104694.95,5545.42134633
2025-11-10,104240.76,106653.0,104694.23,105979.38,7737.06153627
2025-11-11,102422.43,107482.0,105979.38,103009.35,6574.79380402
2025-11-12,100803.2,105316.64,103017.21,101639.01,6053.08600012
2025-11-13,97870.0,104050.0,101636.03,99614.54,12710.66743459
2025-11-14,93951.32,99836.1,99610.49,94503.96,19645.40043753
2025-11-15,94222.2,96747.02,94501.08,95544.94,5157.02031554
2025-11-16,92943.83,96559.61,95544.94,94183.97,7161.13750207
2025-11-17,91158.35,95950.0,94182.03,92100.6,13319.956338
2025-11-18,89183.48,93775.0,92100.6,92914.46,16182.4672286
2025-11-19,88483.12,92948.0,92914.45,91461.6,15642.23320328
2025-11-20,85980.7,93080.91,91465.04,86536.88,18857.80134874
2025-11-21,80524.65,87395.93,86531.87,85068.88,31211.5604643
2025-11-22,83441.91,85547.11,85068.85,84684.0,7330.52185107
2025-11-23,84614.11,88100.0,84683.99,86808.28,9786.06365257
2025-11-24,85213.17,89225.6,86808.28,88266.2,14868.61469913
2025-11-25,86067.02,88486.82,88264.0,87325.01,10484.73675809
2025-11-26,86266.95,90628.53,87325.0,90468.84,11351.8707199
2025-11-27,90067.81,91925.4,90468.83,91316.7,8201.73046924
2025-11-28,90220.5,93161.86,91316.7,90902.7,9580.37061817
2025-11-29,90200.0,91199.99,90902.69,90828.06,3143.58444031
2025-11-30,90353.96,91980.8,90829.68,90369.51,3513.48557284
2025-12-01,83800.0,90433.7,90364.0,86282.36,16664.36191777
2025-12-02,86181.38,92342.0,86282.35,91308.05,13162.85699748
2025-12-03,91024.47,94181.41,91308.05,93453.84,9741.98216681
2025-12-04,90904.73,94087.05,93452.02,92093.54,6198.20707297
2025-12-05,88099.05,92716.42,92093.7,89345.29,8310.94183595
2025-12-06,88932.0,90296.32,89345.29,89267.97,3017.16860213
2025-12-07,87733.18,91779.99,89262.8,90402.29,4070.57697141
2025-12-08,89599.0,92291.96,90402.3,90653.86,6661.98775031
2025-12-09,89537.55,94640.66,90653.86,92690.0,9862.67083813
2025-12-10,91556.64,94500.0,92690.0,92035.99,8904.69319331
2025-12-11,89257.98,93594.76,92035.85,92542.0,9119.99377433
2025-12-12,89500.0,92791.26,92539.63,90278.0,6137.8902612
2025-12-13,89777.79,90657.0,90278.0,90255.32,1542.14542217
2025-12-14,87565.38,90496.16,90255.32,88171.61,3643.36533229
2025-12-15,85129.63,90064.74,88174.37,86417.5,9868.30482589
2025-12-16,85250.0,88148.0,86417.5,87854.01,7734.132664
2025-12-17,85267.69,90336.36,87854.0,86209.77,10021.43107061
2025-12-18,84400.0,89447.75,86209.79,85460.02,9840.74407994
2025-12-19,85052.78,89365.85,85460.85,88092.65,8046.9179144
2025-12-20,87780.0,88530.6,88092.65,88324.0,1807.74517583
2025-12-21,87501.01,89046.44,88322.01,88639.95,2361.91088803
2025-12-22,87846.17,90541.8,88639.87,88556.77,8901.70507789
2025-12-23,86533.86,88896.63,88555.03,87429.32,7050.61151888
2025-12-24,86350.0,88001.2,87429.32,87609.03,5007.9834145
2025-12-25,86899.0,88534.4,87609.02,87171.68,2819.32696132
2025-12-26,86569.53,89496.07,87171.46,87296.01,8673.64195064
2025-12-27,86944.24,87914.62,87296.17,87808.0,1955.01185796
2025-12-28,87349.52,88000.0,87806.75,87877.29,1859.62245916
2025-12-29,86675.0,90325.0,87877.28,87110.78,10415.66618294
2025-12-30,86704.98,89343.52,87110.77,88397.5,8725.01685173
2025-12-31,87082.64,89100.0,88397.24,87497.94,7261.18123917
2026-01-01,87361.74,88798.99,87497.95,88738.34,4001.39765552
2026-01-02,88272.08,90935.22,88742.0,89957.99,11442.48043957
2026-01-03,89284.13,90697.0,89958.0,90598.02,2951.65444679
2026-01-04,90598.01,91764.64,90598.01,91494.0,3198.89444605
2026-01-05,91479.28,94825.27,91489.03,93870.06,12349.57555407
2026-01-06,91203.13,94439.63,93870.06,93722.01,9651.48547871
2026-01-07,90576.24,93722.01,93722.01,91279.73,9317.16996001
2026-01-08,89200.0,91580.01,91279.73,91026.0,10333.23549339
2026-01-09,89583.58,91944.52,91024.01,90515.45,9272.64438525
2026-01-10,90251.43,90698.0,90515.12,90385.54,1733.85727298
2026-01-11,90109.0,91173.12,90387.36,90872.01,2262.85242889
2026-01-12,90003.46,92406.3,90878.51,91188.09,9683.74429824
2026-01-13,90925.17,96250.0,91188.08,95384.23,17153.5601987
2026-01-14,94518.63,97963.62,95385.59,96955.16,20696.88952587
2026-01-15,95066.19,97176.42,96954.02,95587.65,10619.32790923
2026-01-16,94229.04,95830.49,95578.2,95504.0,6286.36029783
2026-01-17,94980.12,95600.0,95503.99,95109.99,1754.07093263
2026-01-18,93559.78,95485.0,95109.99,93633.53,2607.76939988
2026-01-19,91935.3,93630.0,93630.0,92559.66,4993.56556058
2026-01-20,87767.53,92807.99,92559.65,88310.6,11134.88996796
2026-01-21,87156.0,90500.0,88310.6,89363.71,12539.4399225
2026-01-22,88408.65,90273.35,89363.71,89463.5,7075.16869109
2026-01-23,88440.65,91147.01,89463.51,89474.93,7381.22299218
2026-01-24,89007.01,89832.72,89474.94,89082.17,1801.82109589
2026-01-25,86000.13,89177.95,89082.16,86561.94,5428.58128865
2026-01-26,86411.7,88787.97,86561.94,88250.01,8219.90069049
2026-01-27,87180.01,89447.21,88250.0,89116.96,6475.09716863
2026-01-28,88706.32,90476.81,89116.96,89162.4,6636.13609913
2026-01-29,83216.21,89210.16,89162.4,84513.2,14860.94029344
2026-01-30,81000.12,84599.0,84513.19,84110.99,15232.81199203
2026-01-31,75644.15,84138.0,84110.99,78648.0,14855.0734429
2026-02-01,75612.75,79337.99,78648.0,76895.53,11545.9871474
2026-02-02,74502.21,79339.0,76895.99,78666.85,21193.37373311
2026-02-03,72859.0,79123.75,78666.84,75661.49,16467.12531015
2026-02-04,71703.72,76876.54,75661.49,72998.0,19764.62442772
2026-02-05,62181.65,73173.96,72999.0,62791.0,49371.20579141
2026-02-06,60001.0,71707.18,62788.28,70527.7,43810.88328386
2026-02-07,67293.26,71648.05,70521.08,69244.74,11251.84383408
2026-02-08,68840.83,72232.17,69250.0,70279.33,8090.44858999
2026-02-09,68233.01,71380.13,70279.32,70101.99,15546.49393947
2026-02-10,67857.0,70489.99,70101.98,68803.65,11566.41314985
2026-02-11,65702.95,69248.0,68803.65,67024.93,15121.43118138
2026-02-12,65065.47,68382.9,67032.71,66208.0,13823.46090185
2026-02-13,65799.71,69434.2,66207.99,68812.0,12104.28673482
2026-02-14,68697.63,70531.53,68812.0,69786.96,5586.9814678
2026-02-15,68020.0,70941.65,69786.96,68792.0,5965.51322769
2026-02-16,67251.81,70089.99,68792.0,68858.13,6626.85996745
2026-02-17,66569.58,69199.51,68859.55,67466.7,9122.62622708
2026-02-18,65812.57,68438.84,67466.7,66419.79,9687.16921753
2026-02-19,65604.63,67288.22,66419.78,66972.5,8505.29632895
2026-02-20,66427.23,68294.86,66972.49,67984.42,11349.70677085
2026-02-21,67516.93,68683.27,67984.42,67955.78,3287.0646747
2026-02-22,67132.81,68241.4,67955.78,67617.98,3263.5334723
2026-02-23,63855.0,67656.42,67616.01,64625.78,15198.01176266
2026-02-24,62534.61,64988.32,64625.78,64068.33,12517.40763597
2026-02-25,63912.25,70020.0,64068.33,67992.68,17322.54859823
2026-02-26,66500.92,68866.86,67992.68,67490.51,10678.27331982
2026-02-27,64942.87,68223.07,67490.5,65859.94,10276.79604611
2026-02-28,63019.6,67761.55,65859.93,66967.85,9093.24916408
2026-03-01,65008.38,68200.0,66971.54,65769.0,8511.88788603
2026-03-02,65250.12,70128.74,65771.56,68832.01,17772.46881037
2026-03-03,66138.2,69255.36,68832.0,68335.99,12823.7275946
2026-03-04,67391.17,74100.0,68335.99,72683.26,21142.77079177
2026-03-05,70639.01,73588.24,72683.26,70887.6,10891.71826063
2026-03-06,67725.14,71428.4,70887.61,68108.24,11045.21439575
2026-03-07,66921.33,68544.79,68108.23,67259.62,3245.05107908
2026-03-08,65618.51,68201.16,67259.62,65970.56,5505.17926548
2026-03-09,65820.93,69543.0,65970.56,68432.17,13303.95615379
2026-03-10,68383.5,71800.0,68432.16,69960.83,13322.43399947
2026-03-11,68980.74,71358.48,69960.83,70208.0,9851.72870494
2026-03-12,69180.01,70819.84,70208.03,70531.56,9708.42046678
2026-03-13,70398.01,73968.0,70530.02,70944.33,12304.21633821
2026-03-14,70236.02,71316.0,70944.32,71232.02,3174.08339322
2026-03-15,70868.41,73220.8,71232.01,72830.01,5785.61944649
2026-03-16,72276.24,74913.69,72830.01,74886.47,12657.43153702
2026-03-17,73400.01,76022.6,74886.46,73934.11,11357.85437394
2026-03-18,70474.83,74700.0,73934.11,71245.02,9248.1145105
2026-03-19,68772.78,71628.0,71245.01,69918.3,7794.02546506
2026-03-20,69360.0,71384.62,69917.19,70497.01,7315.89355875
2026-03-21,68562.13,71075.92,70497.01,68912.02,2856.70812643
2026-03-22,67332.05,69577.0,68912.02,67844.94,4889.89870785
2026-03-23,67425.0,71811.0,67844.94,70874.23,10354.71705596
2026-03-24,68889.0,71389.0,70874.22,70533.49,7238.74499869
2026-03-25,70357.1,72030.29,70533.48,71301.53,7665.36824144
2026-03-26,68102.36,71414.33,71301.52,68769.02,8225.19395173
2026-03-27,65498.75,69128.75,68769.02,66353.34,13681.42559929
2026-03-28,65876.61,67249.65,66353.33,66320.15,4011.39625322
2026-03-29,64938.66,67076.07,66320.16,65956.94,4588.31530898
2026-03-30,65736.63,68129.33,65957.95,66737.18,10707.53083699
2026-03-31,65924.82,68518.1,66737.08,68221.85,11831.5835043
2026-04-01,67525.59,69285.99,68221.84,68112.35,9804.6544448
2026-04-02,65696.96,68652.0,68112.34,66894.48,8813.97029196
2026-04-03,66275.01,67375.7,66899.11,66959.99,4181.03967015
2026-04-04,66770.64,67535.2,66959.98,67291.73,2412.86305009
2026-04-05,66600.0,69117.6,67291.72,69005.0,3810.37749315
2026-04-06,68332.0,70378.48,69005.0,68853.61,11182.35365631
2026-04-07,67710.01,72753.97,68853.6,71910.2,11156.72732306
2026-04-08,70684.65,72861.38,71910.21,71085.99,11083.24086941
2026-04-09,70468.74,73147.81,71083.99,71798.01,10707.78813462
2026-04-10,71431.55,73477.87,71798.01,72997.88,10066.64303661
2026-04-11,72564.35,73822.95,72997.88,73086.0,2795.93594516
2026-04-12,70512.7,73172.14,73085.99,70755.35,4443.04188961
2026-04-13,70576.27,74936.9,70755.35,74446.0,17452.66428951
2026-04-14,73854.5,76127.18,74448.0,74179.04,21086.20700901
2026-04-15,73545.0,75458.81,74176.09,74836.31,7732.11670824
2026-04-16,73298.01,75539.91,74839.97,75163.09,8138.95301491
2026-04-17,74558.21,78390.0,75163.09,77098.01,15414.90050977
2026-04-18,75473.81,77450.15,77098.01,75736.82,4245.3427458
2026-04-19,73777.86,76278.36,75736.0,73823.14,5477.34091341
2026-04-20,73741.53,76600.0,73823.27,75864.86,8979.33512634
2026-04-21,74817.27,76926.37,75864.86,76348.58,7556.91793671
2026-04-22,76145.0,79523.0,76355.73,78208.52,11757.91950096
2026-04-23,76979.99,78722.96,78208.52,78281.32,9366.75503457
2026-04-24,77289.0,78607.38,78281.32,77461.8,7766.77212029
2026-04-25,77179.2,77911.09,77461.79,77650.72,2871.67459101
2026-04-26,77346.44,78943.0,77650.72,78673.83,3942.05709744
2026-04-27,76447.51,79496.0,78673.84,77364.42,9288.76247228
2026-04-28,75646.84,77478.99,77364.48,76317.99,6625.83124653
2026-04-29,74914.0,77906.84,76317.99,75752.88,9665.58304734
2026-04-30,75290.1,76655.95,75752.87,76305.78,6282.45727649
2026-05-01,76275.01,78961.14,76305.78,78234.05,8786.48048854
2026-05-02,78034.28,79155.0,78234.05,78682.31,2444.21427844
2026-05-03,78073.01,79428.6,78682.31,78558.89,2766.87588315
2026-05-04,78205.0,80750.0,78558.88,79852.37,11539.41548269
2026-05-05,79789.5,81799.6,79852.37,80907.72,9129.50056534
2026-05-06,80699.66,82814.23,80907.72,81438.1,8276.53099017
2026-05-07,79456.0,81709.17,81438.11,80005.38,7038.15097074
2026-05-08,79520.44,80487.39,80005.38,80188.82,3086.74170459
2026-05-09,80115.33,81065.32,80188.82,80655.96,2056.58900174
2026-05-10,80273.86,82450.0,80655.97,82199.99,3971.08807704
2026-05-11,80417.72,82379.0,82199.99,81727.06,7031.61760564
2026-05-12,79802.51,81778.0,81727.09,80484.72,5247.36830885
2026-05-13,78699.83,81293.93,80484.72,79288.26,7960.11188101
2026-05-14,78885.42,82066.22,79288.26,81079.39,13222.23476392
2026-05-15,78591.99,81650.0,81078.04,79058.51,6789.73368724
2026-05-16,77608.95,79182.02,79058.5,78105.45,3053.43839711
2026-05-17,76673.54,78570.0,78105.46,77407.59,2500.63873433
2026-05-18,75992.0,77764.28,77406.57,76943.98,8825.37701993
2026-05-19,76061.12,77350.08,76943.96,76767.48,4874.41365584
2026-05-20,76433.52,77782.61,76767.48,77475.99,6016.20525065
2026-05-21,76619.02,78123.68,77475.98,77547.62,6038.75037562
2026-05-22,75266.73,77833.02,77547.25,75443.91,5132.27865239
2026-05-23,74197.11,77305.0,75446.99,76650.0,5619.0521439
2026-05-24,76000.0,77412.32,76648.65,76975.99,3695.06880542
2026-05-25,76807.04,77834.55,76975.99,77249.07,3335.38172719
2026-05-26,75555.0,78015.46,77249.07,75826.1,8614.2448817
2026-05-27,74113.95,76033.66,75826.1,74315.98,6385.20290985
2026-05-28,72445.11,74462.4,74316.71,73512.56,8579.08613888
2026-05-29,72364.13,74224.84,73512.55,73366.77,9057.16460696
2026-05-30,73107.24,74029.01,73366.77,73770.69,4015.02525805
2026-05-31,73288.0,74156.59,73770.69,73575.17,3318.87878933
2026-06-01,70555.0,73978.52,73575.18,71314.42,10835.86426218
2026-06-02,66100.01,71315.67,71314.43,66658.35,15741.32305621
2026-06-03,63985.01,67416.5,66658.45,64040.0,15790.02945596
2026-06-04,61309.25,64695.0,64039.99,63465.99,8477.34825144
