date,low,high,open,coinbase_close,coinbase_volume
2021-01-01,717.1,750.0,737.89,730.99,198060.44209411
2021-01-02,715.22,789.21,730.97,775.3,368899.31941969
2021-01-03,770.0,1015.14,775.29,980.44,858743.81908511
2021-01-04,886.33,1168.99,980.44,1042.38,1103882.9026854
2021-01-05,975.0,1136.93,1042.24,1103.73,858495.88816745
2021-01-06,1058.32,1215.98,1103.71,1212.02,821084.91284462
2021-01-07,1140.0,1291.94,1212.68,1227.34,661416.03292889
2021-01-08,1063.18,1275.0,1227.55,1217.35,781425.78426996
2021-01-09,1172.86,1310.0,1217.31,1281.45,434123.02634182
2021-01-10,1153.0,1350.88,1281.25,1255.13,670103.5931583
2021-01-11,905.0,1260.24,1255.1,1088.79,1556217.07756248
2021-01-12,1006.83,1150.0,1088.55,1049.79,656376.70350396
2021-01-13,980.0,1137.75,1050.46,1130.8,504920.57439418
2021-01-14,1087.05,1246.99,1130.79,1231.32,438467.28987015
2021-01-15,1065.0,1255.59,1231.59,1168.1,578841.8829192
2021-01-16,1152.3,1294.0,1169.04,1227.14,422140.39314774
2021-01-17,1165.78,1268.83,1227.76,1232.99,295103.60231119
2021-01-18,1181.9,1261.0,1232.6,1258.48,287749.94730348
2021-01-19,1252.01,1440.0,1258.55,1368.04,709702.99933138
2021-01-20,1234.01,1408.5,1367.7,1376.88,596370.07168489
2021-01-21,1081.0,1390.0,1377.15,1110.62,789194.34468025
2021-01-22,1039.62,1275.99,1110.61,1233.6,758560.99547401
2021-01-23,1196.74,1272.0,1233.42,1234.55,269855.02080844
2021-01-24,1221.66,1401.92,1234.47,1394.0,434746.40508943
2021-01-25,1293.65,1477.3,1394.04,1317.97,627535.52793717
2021-01-26,1245.0,1378.12,1317.98,1367.98,484756.90659865
2021-01-27,1206.05,1375.91,1367.97,1240.96,546037.67685749
2021-01-28,1220.08,1363.27,1240.62,1333.19,361803.16655087
2021-01-29,1286.56,1442.88,1333.61,1379.87,629545.82992845
2021-01-30,1327.0,1408.97,1380.04,1380.0,283799.50273321
2021-01-31,1283.0,1382.0,1380.0,1313.94,216853.04918505
2021-02-01,1271.31,1378.02,1313.95,1374.6,282549.58638538
2021-02-02,1360.27,1549.0,1374.55,1513.67,596570.35740844
2021-02-03,1509.48,1672.21,1513.85,1668.72,492422.63736011
2021-02-04,1556.0,1699.0,1668.71,1597.55,531943.12791716
2021-02-05,1589.17,1763.93,1597.34,1721.06,414535.83691975
2021-02-06,1646.7,1745.25,1721.06,1679.77,330440.89591973
2021-02-07,1493.28,1695.38,1679.76,1615.32,416691.917484
2021-02-08,1565.98,1780.0,1615.51,1752.98,454314.62328634
2021-02-09,1710.01,1824.23,1752.98,1772.16,345860.43376582
2021-02-10,1680.0,1839.0,1771.91,1742.93,368565.10934926
2021-02-11,1704.23,1819.0,1742.51,1787.32,263018.46640028
2021-02-12,1741.29,1868.9,1787.33,1845.0,324522.83669583
2021-02-13,1766.15,1877.88,1844.78,1818.01,222718.507164
2021-02-14,1785.07,1852.47,1817.85,1803.75,172443.99258151
2021-02-15,1659.93,1836.0,1803.25,1779.62,320429.97588848
2021-02-16,1725.0,1825.0,1780.59,1781.97,209801.29066471
2021-02-17,1733.87,1857.61,1782.14,1852.0,224624.79625355
2021-02-18,1851.47,1950.3,1851.9,1939.64,279501.81066288
2021-02-19,1890.0,1974.98,1939.64,1957.68,247118.43154671
2021-02-20,1811.25,2041.42,1957.9,1915.46,419107.37348279
2021-02-21,1885.0,1976.72,1915.01,1935.57,159669.07872776
2021-02-22,1507.34,1938.95,1935.67,1778.66,665395.31208108
2021-02-23,1356.0,1783.22,1778.33,1577.83,1013355.39743643
2021-02-24,1500.28,1714.0,1577.84,1625.3,440088.38004088
2021-02-25,1458.5,1672.49,1625.27,1482.62,335391.64228393
2021-02-26,1400.01,1564.11,1482.05,1445.18,380775.95904184
2021-02-27,1420.0,1526.82,1445.09,1460.57,231399.55692715
2021-02-28,1292.76,1469.96,1460.49,1422.02,460805.82144299
2021-03-01,1412.61,1574.28,1421.8,1571.82,313413.589566
2021-03-02,1455.86,1605.89,1571.87,1488.34,240668.58113618
2021-03-03,1476.72,1657.91,1488.34,1567.86,233779.70945241
2021-03-04,1504.06,1625.0,1568.4,1539.69,231528.48274717
2021-03-05,1442.32,1551.19,1539.53,1528.82,324961.01226774
2021-03-06,1512.45,1673.02,1528.82,1651.83,248888.00355718
2021-03-07,1631.07,1735.0,1651.75,1728.22,210732.49738587
2021-03-08,1664.08,1843.99,1727.95,1834.58,310581.14494936
2021-03-09,1800.0,1872.26,1834.88,1871.99,225203.26521323
2021-03-10,1756.29,1879.0,1871.93,1795.37,284059.53415917
2021-03-11,1725.0,1847.0,1795.55,1827.04,210929.2155979
2021-03-12,1721.15,1841.96,1826.53,1767.79,236995.37958528
2021-03-13,1728.3,1944.0,1766.76,1921.61,242511.38585835
2021-03-14,1836.61,1931.97,1921.76,1848.9,153591.2699543
2021-03-15,1734.87,1893.75,1848.56,1795.07,283178.47343009
2021-03-16,1706.25,1819.2,1794.08,1806.03,183635.76254277
2021-03-17,1742.0,1841.13,1805.7,1824.74,192527.7769105
2021-03-18,1758.4,1850.0,1824.45,1776.4,190138.5330396
2021-03-19,1734.29,1840.69,1776.4,1809.38,144695.63348271
2021-03-20,1800.55,1869.0,1808.95,1806.47,111937.33021974
2021-03-21,1748.25,1818.86,1806.04,1784.0,121647.31152544
2021-03-22,1657.17,1806.39,1784.11,1681.02,200417.24791012
2021-03-23,1651.58,1723.61,1681.4,1668.09,212509.86225776
2021-03-24,1545.77,1740.91,1668.37,1581.79,278130.15826272
2021-03-25,1548.69,1622.27,1581.97,1587.08,286235.84724682
2021-03-26,1586.81,1700.7,1587.01,1700.1,175253.6705026
2021-03-27,1666.4,1732.85,1699.97,1713.88,110263.21715736
2021-03-28,1662.0,1725.71,1713.96,1686.92,95999.89882024
2021-03-29,1675.28,1841.88,1686.92,1815.73,203102.37426045
2021-03-30,1785.77,1860.0,1815.73,1841.16,151376.69947985
2021-03-31,1771.94,1948.0,1841.03,1920.0,263472.22513295
2021-04-01,1886.11,1982.21,1919.99,1968.38,206220.44426132
2021-04-02,1948.67,2145.0,1968.74,2134.68,273307.72019019
2021-04-03,2000.0,2139.33,2134.38,2009.25,198152.20897275
2021-04-04,1980.0,2093.07,2008.97,2076.36,117506.19033922
2021-04-05,2003.1,2131.27,2076.31,2106.98,150633.34725495
2021-04-06,2046.08,2151.0,2107.45,2113.0,195664.36827122
2021-04-07,1929.69,2128.99,2113.55,1964.23,297887.0746854
2021-04-08,1949.34,2084.54,1964.69,2081.29,134740.59760903
2021-04-09,2048.41,2100.0,2081.29,2066.03,116343.17660276
2021-04-10,2057.2,2195.0,2066.5,2133.08,172198.2806936
2021-04-11,2112.58,2163.18,2133.07,2150.54,83861.37599123
2021-04-12,2102.55,2199.11,2150.54,2138.03,127578.86243868
2021-04-13,2135.9,2317.3,2138.02,2299.92,230007.9920857
2021-04-14,2283.26,2446.91,2300.01,2432.54,322816.09722215
2021-04-15,2401.25,2546.82,2432.16,2517.03,218658.15563428
2021-04-16,2305.0,2548.0,2517.03,2426.64,305993.48077725
2021-04-17,2305.55,2497.84,2426.64,2318.7,184015.29039346
2021-04-18,2000.0,2341.0,2319.11,2241.46,484164.17039406
2021-04-19,2050.0,2282.6,2241.67,2163.82,269095.50575273
2021-04-20,2054.25,2349.5,2163.69,2332.6,312215.54603767
2021-04-21,2237.02,2471.72,2332.18,2357.21,305022.6790685
2021-04-22,2304.0,2646.2,2357.74,2399.99,584078.8877022
2021-04-23,2040.0,2442.29,2399.21,2370.05,644161.18986279
2021-04-24,2158.36,2371.18,2369.8,2216.72,220990.83137577
2021-04-25,2166.0,2358.22,2216.18,2322.16,253708.11161981
2021-04-26,2306.03,2542.04,2322.43,2534.0,310905.02678021
2021-04-27,2484.56,2683.0,2533.99,2667.86,276539.98979416
2021-04-28,2551.0,2762.59,2667.86,2751.59,388997.91493036
2021-04-29,2672.0,2800.0,2751.56,2758.92,289566.94008224
2021-04-30,2727.0,2800.0,2758.92,2776.45,203784.33868508
2021-05-01,2757.28,2955.9,2776.76,2948.92,219121.32332416
2021-05-02,2855.29,2986.0,2948.92,2952.09,158755.45128689
2021-05-03,2952.08,3457.75,2952.21,3433.99,552087.28112543
2021-05-04,3166.12,3534.5,3433.99,3240.01,713308.42978124
2021-05-05,3201.33,3550.0,3239.61,3529.97,466260.19811275
2021-05-06,3381.11,3610.91,3529.96,3492.75,368967.13672979
2021-05-07,3356.69,3595.07,3492.33,3484.7,305837.39644288
2021-05-08,3455.0,3962.44,3484.69,3917.26,329490.02398979
2021-05-09,3726.29,3984.0,3917.26,3928.44,303199.06513222
2021-05-10,3650.01,4213.85,3928.41,3949.45,591122.82046763
2021-05-11,3760.0,4183.25,3949.45,4179.76,371785.21687275
2021-05-12,3700.0,4384.43,4179.77,3826.37,617506.79293758
2021-05-13,3525.62,4055.62,3826.37,3719.23,812296.19058095
2021-05-14,3695.0,4177.77,3719.22,4080.51,344804.82454669
2021-05-15,3632.0,4138.0,4080.51,3649.54,332664.12210277
2021-05-16,3334.88,3878.23,3648.16,3585.62,496714.18827206
2021-05-17,3101.0,3590.0,3584.79,3283.32,681492.46445778
2021-05-18,3241.06,3567.4,3283.32,3375.96,443596.42566946
2021-05-19,1860.0,3444.96,3376.98,2443.91,1664158.9063247
2021-05-20,2156.0,2999.99,2443.91,2775.07,1050830.69730324
2021-05-21,2105.0,2950.0,2775.06,2434.86,936011.86609611
2021-05-22,2156.0,2486.29,2434.86,2297.19,665111.58789821
2021-05-23,1728.0,2382.0,2296.68,2099.58,1045012.76021567
2021-05-24,2072.15,2678.25,2100.07,2651.24,860939.09041545
2021-05-25,2383.39,2768.0,2651.57,2707.56,725633.89598362
2021-05-26,2647.21,2913.68,2707.75,2889.84,532990.73904717
2021-05-27,2639.32,2893.96,2889.43,2745.51,380707.48775302
2021-05-28,2329.2,2762.91,2745.25,2413.81,657497.5191979
2021-05-29,2207.74,2574.86,2413.28,2280.72,496783.55299687
2021-05-30,2182.2,2480.69,2280.78,2387.66,388966.15183724
2021-05-31,2275.22,2720.0,2387.65,2707.12,400639.23849696
2021-06-01,2527.88,2748.0,2707.87,2634.42,341435.04494495
2021-06-02,2552.28,2803.0,2634.46,2706.64,268753.93459884
2021-06-03,2663.02,2890.0,2706.87,2856.68,254235.89167581
2021-06-04,2554.39,2859.85,2856.73,2690.68,294466.9594428
2021-06-05,2552.18,2816.92,2691.13,2629.75,228143.70836692
2021-06-06,2615.0,2745.36,2629.45,2710.97,122420.16649011
2021-06-07,2575.0,2849.15,2710.97,2592.47,267934.37140931
2021-06-08,2306.52,2621.91,2592.47,2509.11,451505.06172677
2021-06-09,2406.33,2628.16,2509.1,2611.27,291643.03769418
2021-06-10,2428.16,2625.0,2611.4,2471.59,181679.49879048
2021-06-11,2322.16,2499.34,2471.59,2355.27,189880.6813896
2021-06-12,2257.07,2452.58,2355.11,2371.49,177293.96771257
2021-06-13,2309.67,2550.0,2371.85,2510.23,172712.48563163
2021-06-14,2461.63,2609.02,2510.22,2582.86,169626.35302782
2021-06-15,2506.23,2640.0,2582.45,2543.58,168529.3479128
2021-06-16,2351.01,2555.0,2543.57,2367.73,178257.28803783
2021-06-17,2306.35,2459.53,2368.24,2373.33,153637.62400874
2021-06-18,2125.12,2377.8,2373.33,2234.47,273328.22658507
2021-06-19,2162.72,2279.0,2234.8,2164.72,162828.91242019
2021-06-20,2042.5,2275.78,2165.13,2242.9,231871.91509491
2021-06-21,1864.5,2259.1,2242.89,1885.67,598655.07269099
2021-06-22,1700.0,1996.67,1885.49,1881.65,620163.37396399
2021-06-23,1823.97,2045.0,1881.24,1968.37,287217.09052056
2021-06-24,1884.77,2035.39,1968.36,1988.81,208623.5990145
2021-06-25,1792.0,2019.39,1988.81,1809.07,370739.74744615
2021-06-26,1717.41,1851.97,1809.07,1829.17,238207.16665611
2021-06-27,1807.89,1988.62,1829.0,1984.71,177413.91064922
2021-06-28,1957.24,2143.67,1984.84,2083.79,278261.98240028
2021-06-29,2074.53,2247.03,2083.99,2166.18,215702.68781407
2021-06-30,2089.16,2288.0,2165.64,2276.72,254873.14574192
2021-07-01,2072.06,2277.44,2276.74,2107.01,240720.57482006
2021-07-02,2017.07,2159.43,2107.75,2156.0,192127.19122379
2021-07-03,2113.18,2239.69,2156.0,2226.95,98666.79185779
2021-07-04,2190.56,2389.22,2227.46,2323.15,126325.73621254
2021-07-05,2160.0,2324.44,2323.27,2197.34,156103.9362224
2021-07-06,2195.02,2350.0,2197.34,2321.84,165693.46720418
2021-07-07,2294.16,2411.19,2322.2,2316.82,159702.0440841
2021-07-08,2084.0,2325.46,2317.64,2116.95,223830.00371273
2021-07-09,2050.0,2189.28,2116.3,2147.38,190883.32617917
2021-07-10,2075.0,2192.98,2147.38,2110.55,116594.48589325
2021-07-11,2081.51,2173.37,2110.56,2140.82,89340.97126887
2021-07-12,2002.0,2169.0,2141.45,2030.72,174561.37955667
2021-07-13,1917.4,2047.72,2030.74,1940.76,217891.77262081
2021-07-14,1865.5,2019.9,1940.34,1994.11,195351.53451543
2021-07-15,1880.0,2039.99,1994.12,1918.07,229477.74435019
2021-07-16,1850.15,1965.35,1918.99,1877.22,184221.68200937
2021-07-17,1847.0,1919.0,1877.22,1899.75,113724.29716977
2021-07-18,1878.67,1994.4,1899.75,1891.46,124679.10845278
2021-07-19,1805.47,1918.65,1891.46,1818.44,191611.5191467
2021-07-20,1718.41,1840.79,1818.45,1786.46,278984.79921803
2021-07-21,1754.27,2033.16,1786.51,1996.18,263702.46075895
2021-07-22,1948.68,2046.74,1996.21,2024.75,196355.49626351
2021-07-23,1995.0,2131.51,2024.75,2125.81,177278.18951605
2021-07-24,2107.13,2200.0,2125.82,2185.95,151102.52474975
2021-07-25,2108.08,2197.05,2186.76,2193.03,129013.98912781
2021-07-26,2172.99,2437.99,2192.38,2228.26,427763.06726806
2021-07-27,2152.0,2321.0,2228.71,2300.59,253782.97390467
2021-07-28,2245.1,2347.88,2300.28,2300.42,205833.21106135
2021-07-29,2267.78,2399.99,2300.76,2383.32,172925.7166805
2021-07-30,2317.51,2474.82,2383.47,2463.9,222140.744211
2021-07-31,2422.31,2555.0,2463.88,2533.74,134549.11974341
2021-08-01,2511.5,2699.0,2533.54,2555.43,260742.0604239
2021-08-02,2503.7,2666.36,2555.99,2608.12,234264.49105555
2021-08-03,2445.58,2633.0,2608.12,2508.31,237814.06443089
2021-08-04,2455.94,2771.42,2508.16,2724.71,250129.62895073
2021-08-05,2530.69,2845.0,2724.71,2829.35,326176.98753449
2021-08-06,2721.0,2949.21,2829.49,2892.98,283374.42059615
2021-08-07,2866.58,3173.72,2892.83,3163.09,299359.36243726
2021-08-08,2948.76,3191.99,3163.09,3014.13,244654.45876056
2021-08-09,2892.5,3190.0,3014.12,3162.34,315853.32665056
2021-08-10,3051.0,3235.1,3162.33,3142.09,223500.03188943
2021-08-11,3122.22,3275.0,3142.18,3162.61,194586.91786387
2021-08-12,2980.0,3239.69,3162.16,3047.21,243214.90148817
2021-08-13,3034.52,3330.0,3047.21,3324.51,190905.3520745
2021-08-14,3206.96,3333.0,3324.51,3266.52,118892.50906903
2021-08-15,3112.96,3323.54,3266.52,3310.93,162311.47927523
2021-08-16,3135.0,3341.47,3311.02,3146.6,177756.89052157
2021-08-17,2992.15,3293.15,3146.6,3011.01,246541.89921532
2021-08-18,2951.0,3126.51,3011.77,3014.38,193245.63285215
2021-08-19,2960.0,3187.48,3014.38,3184.21,161902.28879318
2021-08-20,3178.65,3300.0,3184.32,3286.58,173202.49961989
2021-08-21,3206.96,3311.0,3286.82,3226.73,108432.72740463
2021-08-22,3128.82,3275.0,3226.38,3241.42,98417.87656735
2021-08-23,3233.19,3378.6,3241.41,3323.12,170976.09020067
2021-08-24,3133.45,3360.0,3322.76,3171.52,162665.07930976
2021-08-25,3079.92,3249.0,3170.94,3228.51,138830.69124351
2021-08-26,3056.0,3251.05,3228.51,3093.2,140286.63490594
2021-08-27,3050.0,3283.26,3092.71,3274.67,168913.62309989
2021-08-28,3212.01,3290.51,3275.32,3247.99,72183.42536015
2021-08-29,3153.75,3287.73,3247.99,3226.46,89119.39624772
2021-08-30,3145.45,3349.0,3226.45,3229.01,219625.56218696
2021-08-31,3190.56,3486.8,3229.02,3430.23,320212.11999266
2021-09-01,3384.24,3843.12,3430.0,3829.39,306568.70086335
2021-09-02,3722.65,3838.28,3829.29,3787.97,206168.93909873
2021-09-03,3710.59,4030.35,3788.2,3940.06,284766.1603865
2021-09-04,3834.57,3970.0,3940.06,3887.53,130047.41569531
2021-09-05,3835.7,3982.64,3887.58,3952.17,101339.56157838
2021-09-06,3868.0,3973.27,3951.68,3928.89,111675.62991707
2021-09-07,3009.0,3948.0,3928.72,3436.96,482489.77503547
2021-09-08,3216.0,3562.98,3436.75,3500.34,352658.69072643
2021-09-09,3393.17,3568.59,3499.54,3424.95,244244.24892658
2021-09-10,3142.67,3514.37,3424.32,3209.82,271075.68986114
2021-09-11,3199.88,3349.43,3209.29,3266.77,133373.86127026
2021-09-12,3231.75,3472.99,3266.97,3403.75,133979.51978513
2021-09-13,3111.14,3430.0,3403.81,3286.2,215497.91819641
2021-09-14,3270.74,3439.15,3285.66,3436.29,152957.54148077
2021-09-15,3359.96,3621.15,3436.29,3615.65,157550.50123984
2021-09-16,3482.97,3675.92,3615.68,3568.66,193709.08937556
2021-09-17,3350.06,3595.0,3568.77,3400.0,164813.94731616
2021-09-18,3369.53,3543.0,3400.0,3436.31,129386.37129349
2021-09-19,3278.0,3457.22,3436.59,3328.59,93362.31450909
2021-09-20,2911.81,3346.58,3328.7,2976.48,434236.7826118
2021-09-21,2651.0,3104.82,2976.36,2765.69,441567.8736938
2021-09-22,2738.24,3090.83,2765.33,3078.43,271497.54590784
2021-09-23,3035.83,3182.34,3078.42,3154.62,166485.49300907
2021-09-24,2735.0,3160.48,3154.42,2930.61,365024.83204626
2021-09-25,2800.01,2968.85,2930.59,2924.01,145561.52444175
2021-09-26,2741.34,3117.48,2923.91,3060.71,168746.48142334
2021-09-27,2925.0,3168.03,3059.92,2925.27,172472.29785812
2021-09-28,2782.6,2971.16,2926.27,2805.65,186331.02775653
2021-09-29,2781.99,2950.6,2805.64,2850.14,177979.48195163
2021-09-30,2836.21,3048.58,2849.71,3000.46,169873.45079422
2021-10-01,2967.41,3337.15,3001.14,3311.16,201035.51345113
2021-10-02,3258.94,3469.95,3311.2,3387.82,144778.38450029
2021-10-03,3343.36,3489.18,3388.67,3420.07,124271.04864619
2021-10-04,3269.67,3438.91,3419.63,3387.2,163829.62677831
2021-10-05,3365.34,3547.88,3386.9,3515.3,163084.66881477
2021-10-06,3342.16,3632.44,3517.26,3575.85,219116.78797009
2021-10-07,3471.52,3655.02,3576.45,3588.51,195554.94828114
2021-10-08,3535.0,3670.0,3588.83,3563.96,146564.44707403
2021-10-09,3538.61,3634.13,3563.96,3575.83,88782.58533301
2021-10-10,3406.44,3605.49,3575.2,3415.0,112835.1020128
2021-10-11,3373.45,3625.0,3414.75,3542.37,142525.70987846
2021-10-12,3403.51,3549.0,3542.2,3490.61,176617.45185163
2021-10-13,3412.45,3614.48,3490.17,3608.21,158955.26821205
2021-10-14,3588.55,3828.84,3608.43,3791.66,216569.69208772
2021-10-15,3734.44,3900.0,3791.06,3869.73,204682.20802319
2021-10-16,3802.0,3968.49,3869.73,3829.66,130674.36831436
2021-10-17,3643.0,3919.0,3829.7,3847.18,134515.91092357
2021-10-18,3676.35,3894.7,3847.38,3745.48,187448.53280815
2021-10-19,3700.0,3890.36,3745.13,3878.17,154012.15326702
2021-10-20,3829.59,4169.0,3878.35,4161.94,235728.75520251
2021-10-21,4010.22,4374.95,4161.83,4053.9,286201.83773073
2021-10-22,3885.25,4169.72,4053.97,3971.55,187484.20093549
2021-10-23,3935.92,4172.04,3971.89,4168.56,109253.57167984
2021-10-24,3962.05,4188.42,4168.53,4082.64,126731.47064484
2021-10-25,4069.22,4236.27,4082.09,4220.93,145753.84102089
2021-10-26,4091.31,4297.0,4221.16,4131.47,169619.87486465
2021-10-27,3911.0,4314.63,4132.19,3923.94,279555.38152718
2021-10-28,3889.05,4299.0,3925.26,4288.26,257149.82955488
2021-10-29,4266.91,4461.96,4288.25,4421.23,257148.94601167
2021-10-30,4236.99,4435.0,4421.23,4324.67,123410.59442713
2021-10-31,4168.1,4395.99,4325.55,4290.16,148206.08981334
2021-11-01,4151.0,4385.16,4290.31,4322.89,165298.66872401
2021-11-02,4287.32,4604.99,4322.89,4595.01,217839.79309642
2021-11-03,4456.0,4671.0,4594.27,4606.07,213935.75674438
2021-11-04,4423.01,4610.24,4606.07,4537.15,182872.96131449
2021-11-05,4446.01,4574.0,4537.14,4479.47,142403.14739608
2021-11-06,4329.21,4534.43,4479.47,4523.16,107961.55343832
2021-11-07,4506.99,4639.8,4523.73,4617.02,85312.85613745
2021-11-08,4616.5,4825.0,4617.27,4811.9,163884.29350308
2021-11-09,4697.9,4842.54,4811.89,4731.59,154525.60456333
2021-11-10,4460.0,4867.81,4731.58,4632.22,249949.62441734
2021-11-11,4578.05,4783.05,4632.23,4721.87,112248.30258781
2021-11-12,4508.42,4809.27,4721.07,4667.34,160383.45748095
2021-11-13,4586.8,4708.6,4667.79,4644.44,76568.33646209
2021-11-14,4516.05,4695.07,4644.43,4627.03,96933.07064437
2021-11-15,4541.0,4770.0,4626.61,4565.06,121693.76091856
2021-11-16,4108.0,4564.98,4564.34,4209.5,309826.45957038
2021-11-17,4068.24,4300.01,4209.89,4289.4,197969.47328462
2021-11-18,3960.0,4346.42,4289.4,3997.93,291477.64786245
2021-11-19,3975.24,4314.82,3998.57,4299.55,191232.56135587
2021-11-20,4206.03,4438.96,4299.55,4416.69,96882.12097892
2021-11-21,4246.07,4427.72,4416.36,4262.99,83775.31676078
2021-11-22,4024.45,4322.86,4263.04,4089.16,174572.98932477
2021-11-23,4062.28,4389.95,4089.17,4341.62,159935.23797902
2021-11-24,4168.99,4359.88,4341.58,4270.74,120268.67729032
2021-11-25,4250.0,4555.11,4270.93,4525.87,132338.28173546
2021-11-26,3915.0,4555.53,4527.03,4043.67,324817.57682312
2021-11-27,4031.56,4186.97,4043.62,4098.31,93299.56271946
2021-11-28,3950.0,4303.35,4098.53,4298.38,124752.71262005
2021-11-29,4282.07,4466.0,4298.38,4449.42,170935.20731881
2021-11-30,4350.91,4759.0,4449.42,4634.95,312105.05293146
2021-12-01,4526.94,4784.5,4636.43,4586.95,241301.695591
2021-12-02,4435.0,4637.39,4586.87,4514.59,171913.60834148
2021-12-03,4035.0,4662.75,4514.54,4216.93,312836.25058642
2021-12-04,3575.0,4240.0,4216.3,4123.13,512946.90714235
2021-12-05,4038.13,4257.0,4123.13,4203.22,250275.13989584
2021-12-06,3913.0,4380.8,4203.22,4354.22,349333.84787974
2021-12-07,4260.0,4433.99,4354.09,4310.19,198306.85854675
2021-12-08,4226.88,4456.36,4310.21,4440.51,186740.13696568
2021-12-09,4076.15,4490.72,4440.94,4106.06,222048.28315781
2021-12-10,3889.42,4232.38,4105.99,3900.91,273780.7217072
2021-12-11,3835.0,4099.87,3899.97,4091.18,166327.13830459
2021-12-12,3989.41,4186.16,4091.17,4132.92,108368.85746466
2021-12-13,3660.0,4146.1,4132.91,3783.81,305712.33000025
2021-12-14,3686.49,3884.08,3784.0,3860.74,197099.24204846
2021-12-15,3643.43,4097.0,3860.72,4021.53,319094.24570016
2021-12-16,3952.81,4116.39,4021.41,3957.28,174285.93324831
2021-12-17,3699.0,3994.81,3957.12,3876.02,209823.26509135
2021-12-18,3768.14,3999.0,3876.37,3961.92,113485.77521903
2021-12-19,3886.03,4039.73,3961.93,3925.79,102078.81232557
2021-12-20,3754.8,3984.08,3925.78,3946.16,172027.91571974
2021-12-21,3908.13,4063.89,3946.59,4017.11,137991.50149241
2021-12-22,3933.74,4075.0,4017.35,3981.12,110316.26044274
2021-12-23,3895.7,4157.82,3980.82,4113.08,180980.07790929
2021-12-24,4005.0,4138.71,4113.64,4049.65,109472.89747679
2021-12-25,4021.31,4143.13,4049.81,4097.43,68854.05530395
2021-12-26,4008.01,4106.5,4098.67,4065.91,66848.08372392
2021-12-27,4027.56,4128.9,4066.14,4038.64,108344.57109844
2021-12-28,3760.01,4038.68,4038.18,3793.67,203399.82203323
2021-12-29,3603.0,3828.18,3793.66,3630.59,167709.4231065
2021-12-30,3585.85,3769.99,3630.18,3710.02,155011.95096414
2021-12-31,3619.78,3815.04,3710.01,3675.8,171634.96154996
2022-01-01,3674.02,3777.82,3675.81,3765.72,98353.62552826
2022-01-02,3718.2,3855.77,3765.98,3828.87,78466.35113548
2022-01-03,3681.62,3851.66,3828.93,3766.04,106574.13357834
2022-01-04,3714.22,3894.12,3766.01,3785.0,148752.52638971
2022-01-05,3414.88,3848.2,3785.0,3539.0,240345.13859808
2022-01-06,3300.0,3550.02,3539.0,3406.03,282771.63777278
2022-01-07,3065.0,3415.52,3405.66,3198.82,376752.15627171
2022-01-08,3000.0,3247.89,3198.96,3080.48,231676.12058726
2022-01-09,3057.82,3212.46,3080.92,3151.66,131897.75381912
2022-01-10,2928.69,3180.29,3151.65,3083.51,260769.14044553
2022-01-11,3052.19,3265.98,3083.51,3240.83,158466.70742447
2022-01-12,3206.72,3420.08,3240.83,3373.64,165432.46044549
2022-01-13,3233.67,3413.36,3373.25,3241.88,130378.3015897
2022-01-14,3188.34,3346.81,3241.6,3310.45,110175.14720879
2022-01-15,3260.0,3373.56,3309.98,3328.12,58794.17252061
2022-01-16,3275.0,3394.45,3327.81,3349.46,58643.37423357
2022-01-17,3142.39,3360.07,3349.88,3210.98,128212.72032287
2022-01-18,3083.68,3246.2,3211.08,3160.81,151969.48482665
2022-01-19,3047.0,3176.81,3160.78,3085.27,159240.24960598
2022-01-20,2986.0,3273.32,3084.49,3000.94,185761.37491937
2022-01-21,2467.11,3034.7,3000.99,2569.01,603711.8291189
2022-01-22,2301.6,2628.36,2568.12,2411.9,457765.04354891
2022-01-23,2371.58,2551.3,2411.91,2541.19,248046.68461556
2022-01-24,2159.0,2541.74,2541.19,2441.74,583901.18061678
2022-01-25,2351.18,2509.87,2441.6,2460.68,268705.41724115
2022-01-26,2400.0,2724.0,2460.4,2465.0,409131.34465566
2022-01-27,2315.72,2521.96,2464.99,2425.82,272971.5127865
2022-01-28,2358.63,2559.55,2425.01,2546.84,231189.51401633
2022-01-29,2521.72,2640.0,2546.84,2603.74,138968.35714717
2022-01-30,2542.66,2642.0,2603.39,2602.89,103353.36641229
2022-01-31,2478.31,2708.98,2602.63,2689.72,193802.14585439
2022-02-01,2675.99,2815.49,2689.87,2789.66,212782.90255881
2022-02-02,2613.42,2814.1,2789.62,2682.66,256394.56721487
2022-02-03,2572.66,2729.01,2683.09,2697.59,197429.85205996
2022-02-04,2672.84,2999.0,2697.59,2998.19,275254.72885163
2022-02-05,2957.98,3063.48,2997.63,3014.5,159547.93620619
2022-02-06,2950.26,3076.25,3014.83,3058.22,80118.01843273
2022-02-07,2995.22,3199.08,3058.21,3141.89,232464.2844524
2022-02-08,3027.56,3234.67,3141.84,3119.57,215565.05621758
2022-02-09,3057.16,3274.0,3119.91,3246.22,159305.14378693
2022-02-10,3057.81,3284.75,3246.28,3074.85,221267.33665333
2022-02-11,2879.34,3140.86,3074.84,2929.08,268537.66433701
2022-02-12,2857.11,2987.62,2929.09,2919.99,113168.17322545
2022-02-13,2836.47,2955.65,2919.86,2872.84,82968.08334438
2022-02-14,2830.01,2966.53,2872.83,2931.01,176105.13710553
2022-02-15,2911.87,3199.0,2931.17,3186.24,180355.80323661
2022-02-16,3043.41,3190.0,3186.24,3124.45,148463.93058713
2022-02-17,2853.0,3162.35,3124.44,2893.56,210090.91381776
2022-02-18,2752.67,2945.98,2894.52,2780.08,197402.29756962
2022-02-19,2696.39,2833.3,2780.05,2764.44,111215.14420451
2022-02-20,2575.75,2765.24,2764.53,2622.47,165033.10298905
2022-02-21,2559.77,2760.71,2622.47,2569.0,235808.75914421
2022-02-22,2500.74,2667.28,2569.6,2637.98,241082.81650581
2022-02-23,2576.69,2756.9,2638.2,2580.97,189232.9352146
2022-02-24,2300.0,2750.0,2580.54,2597.42,495732.46045534
2022-02-25,2572.23,2837.23,2597.39,2769.52,232940.26531533
2022-02-26,2728.53,2880.0,2769.24,2780.71,118737.45939774
2022-02-27,2558.48,2836.26,2780.76,2618.01,193491.83696032
2022-02-28,2570.0,2960.25,2617.79,2923.08,273216.3610563
2022-03-01,2855.29,3040.7,2922.87,2977.72,249644.25411598
2022-03-02,2914.9,3045.0,2977.72,2948.56,231625.47605833
2022-03-03,2785.01,2972.07,2948.58,2833.66,191801.94423344
2022-03-04,2575.0,2835.95,2833.71,2623.07,264628.67091773
2022-03-05,2589.93,2685.93,2623.08,2665.77,74795.81490054
2022-03-06,2536.4,2677.0,2665.94,2550.77,81556.05091403
2022-03-07,2445.0,2649.81,2550.46,2491.58,209566.73792961
2022-03-08,2480.33,2626.16,2491.29,2576.72,192900.83723166
2022-03-09,2567.98,2774.26,2577.11,2727.6,178230.29132363
2022-03-10,2553.42,2734.33,2727.86,2608.22,181463.07885867
2022-03-11,2523.28,2679.56,2608.46,2556.42,155353.98026641
2022-03-12,2552.52,2617.83,2556.39,2569.3,56451.09317314
2022-03-13,2492.98,2603.56,2569.09,2516.41,71303.49491982
2022-03-14,2499.0,2609.56,2516.42,2590.23,133881.30167965
2022-03-15,2508.05,2670.53,2590.12,2619.15,161601.50858275
2022-03-16,2604.32,2789.58,2619.01,2774.89,211196.06612638
2022-03-17,2747.77,2839.59,2775.16,2814.67,228315.81827779
2022-03-18,2768.25,2987.0,2814.62,2939.17,226096.28101747
2022-03-19,2895.37,2988.89,2939.18,2952.16,101087.67252083
2022-03-20,2819.18,2965.94,2952.35,2862.44,103674.36633811
2022-03-21,2832.97,2965.26,2862.44,2891.08,148907.41126764
2022-03-22,2887.79,3053.98,2890.78,2970.51,192172.55035781
2022-03-23,2920.64,3046.99,2970.51,3038.93,212170.39198444
2022-03-24,3003.51,3130.41,3037.82,3112.52,248655.86785905
2022-03-25,3076.18,3195.0,3112.95,3104.15,220943.39724511
2022-03-26,3086.2,3154.47,3103.91,3146.22,69714.86952634
2022-03-27,3127.74,3299.99,3146.33,3296.29,122475.83176341
2022-03-28,3275.57,3437.24,3296.24,3334.47,237110.16743972
2022-03-29,3331.23,3483.87,3334.19,3401.71,174573.96933975
2022-03-30,3333.87,3448.62,3401.7,3386.68,135283.45551922
2022-03-31,3260.99,3447.03,3386.69,3283.08,168597.71177893
2022-04-01,3211.66,3482.42,3283.08,3456.48,213450.79609118
2022-04-02,3433.31,3532.85,3456.25,3445.38,117055.44343232
2022-04-03,3413.66,3581.6,3445.25,3522.78,100873.78414588
2022-04-04,3405.79,3548.51,3522.51,3520.66,155953.23125025
2022-04-05,3395.8,3555.48,3520.5,3407.0,166478.13322904
2022-04-06,3161.64,3408.0,3406.99,3168.52,311364.33037265
2022-04-07,3143.07,3269.56,3168.1,3227.56,157725.46332848
2022-04-08,3173.48,3313.79,3227.26,3192.54,137312.60396565
2022-04-09,3181.8,3269.74,3192.54,3258.99,48962.32688662
2022-04-10,3189.92,3309.28,3259.45,3203.05,58700.63987676
2022-04-11,2950.0,3214.88,3203.05,2979.55,238180.41734881
2022-04-12,2950.35,3089.87,2979.32,3027.82,201291.80136702
2022-04-13,2997.5,3129.92,3028.27,3119.0,135126.03200322
2022-04-14,2976.0,3145.19,3119.01,3021.78,131077.99214911
2022-04-15,2993.29,3058.99,3021.68,3040.19,75091.03161864
2022-04-16,3010.67,3086.83,3040.41,3060.35,46446.22013313
2022-04-17,2981.52,3082.96,3060.35,2988.4,67328.66942615
2022-04-18,2880.0,3071.26,2988.09,3056.19,165766.83949602
2022-04-19,3029.58,3132.47,3055.86,3102.26,117657.24244335
2022-04-20,3032.72,3169.29,3102.44,3077.06,117310.39372033
2022-04-21,2940.0,3179.74,3077.16,2983.94,173634.26729666
2022-04-22,2933.13,3033.76,2983.72,2963.05,147896.5340014
2022-04-23,2917.34,2979.57,2963.03,2933.44,50757.61746238
2022-04-24,2911.9,2968.31,2933.45,2921.96,47964.59818886
2022-04-25,2797.51,3026.93,2921.7,3007.22,231201.08128973
2022-04-26,2766.77,3038.6,3007.24,2809.26,191167.43185373
2022-04-27,2794.23,2920.0,2809.5,2889.78,172782.71761809
2022-04-28,2853.83,2980.36,2889.78,2935.91,167061.01272126
2022-04-29,2775.51,2946.68,2935.97,2816.94,204389.17477782
2022-04-30,2716.4,2842.08,2816.77,2726.59,98131.72028071
2022-05-01,2716.79,2849.0,2726.37,2824.86,98806.09499191
2022-05-02,2776.26,2883.0,2824.79,2856.21,205159.66957242
2022-05-03,2753.66,2861.73,2856.3,2780.34,156812.90555596
2022-05-04,2770.02,2969.86,2780.35,2939.98,173451.30953603
2022-05-05,2687.88,2953.73,2939.98,2747.43,194599.9120659
2022-05-06,2631.97,2757.78,2747.46,2691.72,184926.26187383
2022-05-07,2585.79,2703.61,2691.89,2634.8,75304.26885485
2022-05-08,2482.0,2641.4,2634.57,2519.1,136224.22284735
2022-05-09,2222.22,2529.47,2518.82,2228.5,470978.69055761
2022-05-10,2198.24,2458.09,2227.74,2340.51,464832.53812722
2022-05-11,2000.0,2451.12,2340.66,2075.93,562341.54813863
2022-05-12,1701.0,2188.14,2075.55,1954.39,803672.07576455
2022-05-13,1934.61,2145.56,1954.27,2005.48,336488.21225639
2022-05-14,1941.57,2066.4,2005.69,2053.33,118520.23264436
2022-05-15,1997.44,2164.17,2053.43,2142.69,100927.05806766
2022-05-16,1976.22,2142.82,2142.74,2020.58,188600.42878138
2022-05-17,2005.0,2120.0,2020.57,2088.96,153232.48671811
2022-05-18,1905.24,2108.8,2088.95,1911.98,180708.34004634
2022-05-19,1900.1,2039.52,1912.04,2017.57,206357.25885445
2022-05-20,1919.56,2062.45,2017.36,1956.58,197708.34053418
2022-05-21,1935.0,1988.3,1956.57,1972.64,54572.49166422
2022-05-22,1963.4,2054.01,1972.64,2040.92,81822.31011257
2022-05-23,1954.4,2087.6,2040.91,1971.06,202518.25742473
2022-05-24,1909.51,1991.51,1970.85,1978.15,163986.41926361
2022-05-25,1932.12,2020.0,1977.94,1940.83,164438.55615099
2022-05-26,1734.5,1963.68,1940.48,1790.65,289942.90063136
2022-05-27,1702.53,1820.84,1790.08,1724.83,341796.6398698
2022-05-28,1719.76,1807.68,1724.8,1790.23,107501.25754592
2022-05-29,1760.32,1825.22,1790.22,1811.1,84009.43387178
2022-05-30,1801.21,2013.0,1811.27,1998.3,218864.05954827
2022-05-31,1924.17,2015.54,1998.29,1940.59,242245.22269345
2022-06-01,1761.59,1972.5,1940.49,1816.05,266690.7084996
2022-06-02,1780.0,1852.01,1816.06,1832.45,174506.82421008
2022-06-03,1735.79,1842.43,1832.62,1773.25,190669.34154148
2022-06-04,1746.6,1814.4,1773.11,1803.35,64987.78039249
2022-06-05,1771.77,1829.16,1803.47,1804.7,59938.51406164
2022-06-06,1802.52,1918.47,1804.78,1858.21,184600.86286202
2022-06-07,1725.0,1872.82,1858.44,1811.89,212923.71432914
2022-06-08,1763.69,1838.0,1812.17,1790.72,170731.58092776
2022-06-09,1775.67,1832.31,1790.63,1787.55,124180.46274382
2022-06-10,1654.15,1802.85,1787.44,1660.78,236039.72064137
2022-06-11,1499.79,1680.43,1660.77,1531.09,295048.58494874
2022-06-12,1423.0,1545.5,1531.23,1433.19,308514.54263385
2022-06-13,1163.31,1452.97,1432.97,1207.82,954717.177807
2022-06-14,1074.64,1266.34,1207.9,1207.58,681419.51063789
2022-06-15,1012.72,1247.0,1207.58,1236.45,827548.41393819
2022-06-16,1050.39,1257.04,1236.45,1066.87,411463.97783225
2022-06-17,1049.19,1117.43,1067.07,1085.76,323648.95266925
2022-06-18,879.8,1096.64,1085.65,993.64,581590.08416866
2022-06-19,933.6,1156.99,993.64,1126.9,435976.06851744
2022-06-20,1051.3,1168.18,1126.97,1126.84,314649.45956811
2022-06-21,1107.87,1193.0,1127.04,1124.85,303835.07141015
2022-06-22,1042.36,1126.44,1124.9,1048.96,270475.56973113
2022-06-23,1043.68,1153.01,1048.93,1144.0,250147.3059031
2022-06-24,1131.02,1244.78,1144.01,1224.47,252255.18809433
2022-06-25,1178.77,1255.0,1224.26,1241.33,152145.87815948
2022-06-26,1194.01,1280.0,1241.14,1197.13,151784.21006562
2022-06-27,1171.88,1237.83,1196.99,1191.27,196439.99342204
2022-06-28,1134.9,1236.21,1191.27,1142.65,217739.97338483
2022-06-29,1085.41,1155.21,1142.47,1099.15,287668.03810615
2022-06-30,997.02,1105.61,1099.09,1070.08,338995.29713713
2022-07-01,1031.86,1115.0,1070.08,1057.57,324097.48129585
2022-07-02,1025.95,1077.5,1058.3,1065.61,114219.74455559
2022-07-03,1039.55,1087.33,1065.58,1072.88,110714.6004927
2022-07-04,1043.47,1160.0,1072.9,1149.98,205563.79288557
2022-07-05,1075.7,1172.38,1149.98,1131.26,267186.05683546
2022-07-06,1110.56,1203.2,1131.16,1185.61,284112.14163333
2022-07-07,1162.32,1254.04,1185.61,1237.13,347073.16202279
2022-07-08,1192.16,1275.51,1237.55,1213.19,321436.46883666
2022-07-09,1203.7,1233.54,1213.38,1216.78,94148.28233858
2022-07-10,1153.15,1219.41,1216.78,1167.68,110105.33274633
2022-07-11,1079.8,1170.47,1167.66,1095.56,229708.48705223
2022-07-12,1031.92,1097.35,1095.48,1037.34,334310.07377997
2022-07-13,1005.25,1118.0,1037.5,1114.26,448221.83579622
2022-07-14,1071.1,1213.26,1114.06,1192.7,340272.00761286
2022-07-15,1180.16,1288.88,1192.67,1231.1,439762.06228135
2022-07-16,1190.9,1423.31,1231.07,1355.7,281556.54770912
2022-07-17,1318.79,1386.55,1355.5,1338.2,287292.9117132
2022-07-18,1335.35,1597.58,1338.03,1581.34,586368.76273009
2022-07-19,1492.66,1631.32,1581.09,1542.63,531595.12469671
2022-07-20,1485.17,1621.44,1542.6,1522.12,399979.02882551
2022-07-21,1463.26,1606.42,1521.88,1575.68,333578.08401554
2022-07-22,1516.75,1646.13,1575.44,1535.84,301049.38716503
2022-07-23,1487.14,1596.87,1535.68,1549.15,179754.71211316
2022-07-24,1546.7,1664.41,1549.16,1597.72,181245.88687987
2022-07-25,1433.91,1610.0,1598.12,1440.75,309771.90005337
2022-07-26,1356.3,1454.56,1440.63,1449.63,283778.37687636
2022-07-27,1420.66,1645.46,1449.6,1636.4,388150.08353335
2022-07-28,1592.36,1792.55,1636.53,1725.19,446776.87871545
2022-07-29,1655.47,1766.56,1725.19,1722.25,311510.53584064
2022-07-30,1674.05,1745.05,1722.46,1698.01,180720.73885884
2022-07-31,1667.7,1754.25,1698.02,1679.31,130340.37729581
2022-08-01,1606.9,1705.0,1679.31,1630.82,180669.82560511
2022-08-02,1560.0,1679.28,1630.81,1631.28,246683.06058859
2022-08-03,1590.0,1685.87,1631.1,1618.82,328786.47691824
2022-08-04,1580.5,1663.35,1618.78,1608.16,323547.74502974
2022-08-05,1605.55,1742.52,1608.16,1736.79,415383.76775755
2022-08-06,1685.99,1750.0,1737.12,1690.81,206524.40782357
2022-08-07,1668.87,1730.26,1691.18,1700.42,177400.97769802
2022-08-08,1693.41,1818.25,1700.52,1777.36,345585.00729302
2022-08-09,1668.8,1791.33,1777.36,1703.35,353991.64333061
2022-08-10,1656.0,1886.36,1703.35,1854.12,491866.38496074
2022-08-11,1850.95,1946.21,1854.42,1881.04,451248.19043761
2022-08-12,1850.51,1966.89,1880.96,1959.91,301803.38654781
2022-08-13,1947.19,2020.73,1959.94,1984.75,282479.09097599
2022-08-14,1906.51,2031.39,1984.72,1935.85,263413.87030944
2022-08-15,1866.51,2013.47,1936.0,1899.39,473905.07822533
2022-08-16,1852.85,1915.51,1899.05,1876.57,362478.81254801
2022-08-17,1815.0,1957.59,1877.06,1834.61,450374.826949
2022-08-18,1821.02,1883.35,1834.52,1845.9,270253.66533006
2022-08-19,1602.28,1848.29,1846.15,1608.72,731158.98936189
2022-08-20,1523.54,1658.14,1608.64,1575.76,450361.01659576
2022-08-21,1562.27,1646.69,1575.76,1617.84,397164.81880075
2022-08-22,1528.93,1629.61,1617.88,1624.78,518834.55819815
2022-08-23,1563.29,1674.12,1624.89,1665.93,445250.58071281
2022-08-24,1604.6,1694.89,1665.95,1656.74,508562.94204632
2022-08-25,1653.57,1722.18,1656.54,1695.27,300950.83219719
2022-08-26,1485.94,1706.41,1695.16,1508.02,570455.80622658
2022-08-27,1446.62,1519.11,1508.04,1491.22,368067.50483068
2022-08-28,1423.85,1511.12,1490.87,1426.63,292543.93479078
2022-08-29,1420.74,1560.37,1426.29,1551.65,488169.79068986
2022-08-30,1474.14,1606.34,1551.51,1524.81,544379.70835677
2022-08-31,1524.12,1619.99,1524.61,1554.0,511240.91582582
2022-09-01,1512.83,1599.51,1554.25,1586.23,327753.13141002
2022-09-02,1546.2,1650.0,1586.1,1575.69,321184.07570982
2022-09-03,1534.54,1582.69,1575.81,1557.7,129300.81242992
2022-09-04,1540.59,1583.52,1557.55,1579.04,100143.24859449
2022-09-05,1557.04,1631.44,1578.97,1618.01,183163.38342493
2022-09-06,1554.03,1686.82,1617.87,1559.28,440790.49644997
2022-09-07,1489.98,1657.68,1558.92,1629.92,335894.82441078
2022-09-08,1594.31,1664.52,1629.61,1635.73,321019.10969844
2022-09-09,1630.51,1746.87,1635.72,1719.21,343757.70988125
2022-09-10,1706.94,1789.86,1719.38,1774.69,175467.88521982
2022-09-11,1719.01,1789.98,1774.73,1766.95,153045.89168193
2022-09-12,1692.45,1783.56,1766.97,1716.71,257983.67681215
2022-09-13,1561.06,1761.04,1716.65,1574.71,456961.84966513
2022-09-14,1552.88,1649.44,1574.4,1639.14,311641.00945194
2022-09-15,1457.69,1655.55,1639.12,1472.68,415068.57662522
2022-09-16,1404.31,1483.21,1472.85,1433.73,391498.26827311
2022-09-17,1408.79,1476.22,1433.64,1468.97,193158.36959142
2022-09-18,1325.48,1470.15,1468.9,1334.72,310480.68847119
2022-09-19,1279.0,1392.94,1334.71,1376.17,381868.12870185
2022-09-20,1312.4,1385.0,1376.23,1322.8,419548.01749631
2022-09-21,1220.0,1412.0,1322.74,1245.65,569985.27204919
2022-09-22,1237.0,1348.87,1245.36,1326.43,563572.08233165
2022-09-23,1261.9,1359.99,1326.14,1326.82,519153.45184389
2022-09-24,1306.29,1349.31,1327.24,1317.25,206779.39938562
2022-09-25,1269.41,1337.26,1317.49,1294.63,185703.74947364
2022-09-26,1278.24,1341.0,1294.65,1336.61,416561.97805353
2022-09-27,1303.66,1400.51,1336.45,1327.92,457125.64604668
2022-09-28,1253.65,1355.34,1327.87,1336.93,488408.68270425
2022-09-29,1288.12,1351.85,1336.92,1336.02,409208.96175042
2022-09-30,1315.0,1373.46,1336.04,1328.95,423994.58067369
2022-10-01,1302.65,1333.99,1328.74,1311.76,98845.97328111
2022-10-02,1269.69,1318.0,1311.79,1277.02,150803.12600735
2022-10-03,1262.45,1330.24,1276.84,1323.31,341841.34001978
2022-10-04,1318.82,1370.43,1323.44,1362.06,265741.94725719
2022-10-05,1316.54,1364.93,1362.1,1352.48,297201.24863549
2022-10-06,1345.0,1384.41,1352.37,1352.24,437205.23026817
2022-10-07,1317.54,1362.14,1352.18,1331.14,268128.07428348
2022-10-08,1303.76,1337.61,1331.12,1315.71,85052.24063383
2022-10-09,1307.21,1329.33,1315.71,1323.41,98670.85008504
2022-10-10,1287.66,1338.41,1323.27,1290.06,248135.48630736
2022-10-11,1267.0,1297.95,1289.94,1279.94,361513.38640616
2022-10-12,1274.73,1306.72,1279.87,1294.33,257271.51091194
2022-10-13,1190.0,1301.85,1294.21,1286.96,533160.99117969
2022-10-14,1283.26,1344.4,1286.89,1296.36,483178.87927368
2022-10-15,1263.6,1302.14,1296.42,1275.09,146252.46427666
2022-10-16,1274.61,1315.62,1275.16,1306.04,160206.63331032
2022-10-17,1295.36,1338.69,1305.89,1331.49,274413.38632897
2022-10-18,1286.67,1342.28,1331.57,1310.78,375586.2181984
2022-10-19,1280.02,1313.8,1310.79,1284.76,249903.49640293
2022-10-20,1270.34,1311.1,1284.92,1282.6,310500.82723664
2022-10-21,1254.0,1307.18,1282.59,1299.83,307346.53371619
2022-10-22,1294.17,1320.56,1299.94,1313.88,98142.700874
2022-10-23,1299.47,1370.66,1313.82,1364.06,182202.51780535
2022-10-24,1324.04,1370.9,1363.93,1343.71,330219.49579837
2022-10-25,1335.12,1525.38,1343.74,1460.34,738604.66673918
2022-10-26,1457.41,1595.44,1460.34,1566.37,867339.4350063
2022-10-27,1502.8,1580.0,1566.46,1514.09,768442.493559
2022-10-28,1479.41,1577.89,1514.2,1554.83,517416.22097988
2022-10-29,1547.79,1664.29,1554.81,1620.09,371454.96971093
2022-10-30,1576.24,1640.41,1620.18,1590.89,262404.11149452
2022-10-31,1546.31,1635.7,1590.88,1572.67,442623.55124963
2022-11-01,1563.05,1612.74,1572.58,1578.24,338781.998348
2022-11-02,1502.0,1622.24,1578.35,1518.04,597803.71672197
2022-11-03,1515.0,1558.95,1518.15,1530.81,417983.19723455
2022-11-04,1528.01,1677.0,1530.81,1644.61,595048.87785607
2022-11-05,1621.05,1667.03,1644.84,1627.0,191562.15441931
2022-11-06,1564.17,1638.72,1627.17,1568.34,206626.51589598
2022-11-07,1545.97,1608.66,1568.27,1568.34,420305.13392561
2022-11-08,1227.4,1580.0,1568.45,1334.25,1191644.98913668
2022-11-09,1071.11,1337.49,1333.97,1099.9,1483345.10339453
2022-11-10,1083.95,1347.62,1099.9,1295.36,898160.51223308
2022-11-11,1197.9,1307.36,1295.55,1285.29,807406.05368993
2022-11-12,1235.53,1289.16,1285.57,1255.14,252702.81256691
2022-11-13,1198.99,1272.0,1254.98,1219.43,245429.7415013
2022-11-14,1169.4,1289.17,1219.4,1241.56,524054.26384295
2022-11-15,1232.56,1289.78,1241.58,1251.74,417549.56093034
2022-11-16,1185.2,1266.99,1251.95,1215.21,430253.13724259
2022-11-17,1181.02,1227.34,1215.2,1199.44,347569.96062493
2022-11-18,1198.01,1232.37,1199.39,1210.93,276244.25355508
2022-11-19,1196.27,1231.62,1210.73,1216.12,154207.57456321
2022-11-20,1130.2,1225.26,1216.31,1140.07,309725.68130629
2022-11-21,1080.0,1145.0,1140.04,1105.91,645537.15248314
2022-11-22,1073.42,1141.26,1105.68,1138.17,571006.86329332
2022-11-23,1126.22,1189.51,1138.25,1183.53,488293.70716425
2022-11-24,1179.1,1216.1,1183.55,1202.81,347857.6927724
2022-11-25,1170.17,1206.84,1202.78,1198.66,255469.51018685
2022-11-26,1195.54,1234.97,1198.65,1204.8,194599.63009605
2022-11-27,1188.31,1222.81,1204.89,1193.3,160395.219962
2022-11-28,1150.09,1198.87,1193.46,1167.24,336303.06814697
2022-11-29,1157.37,1227.08,1167.22,1215.91,334230.25859657
2022-11-30,1212.0,1311.76,1216.04,1294.77,513868.94915466
2022-12-01,1262.85,1302.0,1294.68,1276.48,341051.44664941
2022-12-02,1265.56,1297.57,1276.48,1295.63,312335.42943569
2022-12-03,1236.42,1308.89,1295.63,1240.91,233057.32789248
2022-12-04,1240.27,1287.44,1240.91,1279.68,195680.27732029
2022-12-05,1246.73,1305.75,1279.67,1259.23,334071.84681319
2022-12-06,1241.83,1274.57,1259.32,1271.19,310591.43275838
2022-12-07,1215.0,1277.49,1271.36,1231.56,294892.06525655
2022-12-08,1221.72,1292.58,1231.49,1280.33,305010.10153789
2022-12-09,1255.61,1296.55,1280.15,1262.95,268613.51750162
2022-12-10,1259.59,1283.4,1262.75,1266.45,127080.35178923
2022-12-11,1255.7,1284.68,1266.45,1262.92,136453.26405627
2022-12-12,1240.0,1279.22,1263.08,1275.72,244239.65101571
2022-12-13,1255.67,1351.05,1275.74,1320.47,340963.9356146
2022-12-14,1300.85,1351.87,1320.47,1307.47,490007.78017941
2022-12-15,1259.37,1311.5,1307.42,1266.48,394788.38073718
2022-12-16,1155.55,1279.99,1266.48,1166.98,529307.05569583
2022-12-17,1161.83,1190.0,1166.98,1187.06,227688.40724908
2022-12-18,1172.43,1196.6,1187.17,1183.32,174291.58481891
2022-12-19,1150.34,1195.34,1183.37,1167.6,324622.25840589
2022-12-20,1163.02,1231.28,1167.59,1216.69,341462.57912696
2022-12-21,1203.06,1222.99,1216.76,1213.7,237732.89806607
2022-12-22,1182.43,1238.76,1213.7,1217.5,316565.60833412
2022-12-23,1210.6,1231.7,1217.48,1219.92,287942.04914518
2022-12-24,1213.7,1227.47,1219.99,1220.51,135682.63966273
2022-12-25,1193.17,1224.1,1220.49,1218.37,167839.6524151
2022-12-26,1209.0,1230.92,1218.41,1227.58,133431.00775547
2022-12-27,1199.58,1233.75,1227.66,1210.99,214552.81999638
2022-12-28,1180.04,1215.38,1211.06,1189.24,301571.06009872
2022-12-29,1186.13,1206.07,1189.33,1199.74,240611.27081058
2022-12-30,1180.44,1201.64,1199.73,1199.1,228129.48726539
2022-12-31,1191.01,1208.0,1199.19,1195.25,144035.63835908
2023-01-01,1190.03,1204.17,1195.25,1199.92,110146.33985965
2023-01-02,1192.41,1224.59,1199.97,1213.69,181181.02038691
2023-01-03,1204.04,1219.79,1213.77,1214.21,185992.27832726
2023-01-04,1212.17,1272.01,1214.21,1256.34,339875.39832487
2023-01-05,1239.97,1259.77,1256.35,1250.88,236940.93295139
2023-01-06,1234.2,1276.6,1250.87,1268.84,290563.27086874
2023-01-07,1260.75,1270.83,1268.94,1263.94,105755.0768252
2023-01-08,1257.34,1295.38,1263.84,1289.92,158918.85227266
2023-01-09,1285.0,1345.87,1289.73,1320.02,422757.66914599
2023-01-10,1316.63,1348.19,1320.0,1335.56,312409.22657272
2023-01-11,1319.81,1397.98,1335.69,1389.24,323378.0899808
2023-01-12,1361.39,1438.55,1389.21,1416.05,498193.37603557
2023-01-13,1400.75,1466.0,1416.05,1451.78,360619.22951853
2023-01-14,1449.38,1597.99,1451.7,1550.06,416565.15549879
2023-01-15,1516.06,1567.37,1550.06,1552.89,239830.62852681
2023-01-16,1521.01,1603.91,1552.83,1576.85,358689.23697211
2023-01-17,1540.49,1608.65,1577.01,1565.68,305156.24219933
2023-01-18,1500.32,1612.66,1565.52,1510.83,448866.83667712
2023-01-19,1508.87,1564.61,1510.9,1550.98,301311.86624594
2023-01-20,1541.94,1668.0,1550.96,1658.25,384319.56762063
2023-01-21,1617.29,1680.0,1658.36,1626.8,279483.48492139
2023-01-22,1603.39,1664.42,1626.83,1627.88,260032.85446371
2023-01-23,1584.43,1648.56,1628.01,1626.55,318174.33544585
2023-01-24,1528.95,1641.72,1626.71,1556.09,328086.36249044
2023-01-25,1513.77,1640.92,1556.1,1612.54,400283.96163126
2023-01-26,1577.61,1633.55,1612.64,1601.1,287943.16630833
2023-01-27,1550.0,1622.32,1601.14,1598.18,268869.68835868
2023-01-28,1556.21,1606.99,1598.14,1572.3,157162.92260998
2023-01-29,1566.61,1661.0,1572.4,1644.89,248495.16574301
2023-01-30,1534.71,1647.73,1644.79,1566.23,338686.64935097
2023-01-31,1561.43,1605.01,1566.23,1585.39,260524.32481966
2023-02-01,1556.83,1647.75,1585.32,1642.05,249363.55705356
2023-02-02,1625.86,1714.83,1642.06,1643.19,247393.67193925
2023-02-03,1625.0,1676.53,1643.14,1663.69,174700.87440617
2023-02-04,1645.33,1695.0,1663.63,1666.83,87920.78907165
2023-02-05,1608.91,1673.81,1666.83,1629.37,98366.95792608
2023-02-06,1605.0,1658.41,1629.44,1614.5,127337.9625051
2023-02-07,1613.26,1678.57,1614.57,1671.28,160326.3142596
2023-02-08,1630.33,1699.66,1671.27,1650.65,160919.28668196
2023-02-09,1524.31,1656.02,1650.65,1545.54,208804.37359024
2023-02-10,1491.44,1554.89,1545.64,1513.04,208821.85745678
2023-02-11,1505.05,1543.61,1513.04,1538.86,45695.84884336
2023-02-12,1493.77,1548.2,1538.85,1515.25,63658.2777464
2023-02-13,1462.0,1526.64,1515.24,1506.29,184081.98744754
2023-02-14,1490.23,1569.16,1506.29,1556.67,166683.0389409
2023-02-15,1540.85,1682.45,1556.52,1674.88,194454.22724882
2023-02-16,1633.63,1742.5,1674.8,1637.83,265109.62279703
2023-02-17,1630.2,1722.07,1637.88,1694.37,193779.10526277
2023-02-18,1680.14,1713.75,1694.32,1691.82,83934.5636202
2023-02-19,1666.67,1727.0,1691.81,1680.23,125069.25929165
2023-02-20,1650.72,1720.02,1680.42,1703.63,128111.15414263
2023-02-21,1636.42,1716.82,1703.62,1659.76,165366.23058318
2023-02-22,1594.84,1667.14,1659.76,1642.95,225280.02772351
2023-02-23,1629.3,1679.03,1642.99,1650.62,193711.79800745
2023-02-24,1575.44,1664.65,1650.62,1607.57,220198.199975
2023-02-25,1557.89,1609.05,1607.64,1594.51,101537.791246
2023-02-26,1587.64,1651.6,1594.5,1641.41,102165.02620752
2023-02-27,1608.23,1665.29,1641.34,1633.26,168619.95684808
2023-02-28,1597.32,1647.6,1633.22,1605.4,121647.07726004
2023-03-01,1595.0,1669.9,1605.59,1665.2,159957.7634787
2023-03-02,1619.0,1678.14,1665.2,1647.87,142104.54557876
2023-03-03,1547.54,1649.28,1647.82,1569.54,215881.09939694
2023-03-04,1550.0,1577.6,1569.55,1566.72,30134.44715405
2023-03-05,1553.5,1588.35,1566.72,1564.81,63988.35247481
2023-03-06,1554.8,1583.19,1564.8,1565.85,110665.70266199
2023-03-07,1535.7,1584.23,1565.82,1561.67,159584.17283139
2023-03-08,1522.73,1570.77,1561.61,1532.17,167130.97340169
2023-03-09,1407.0,1546.09,1532.11,1437.41,275519.01763011
2023-03-10,1369.79,1438.7,1437.39,1432.15,378169.2201289
2023-03-11,1416.98,1499.0,1432.15,1483.68,237241.39320646
2023-03-12,1459.79,1612.0,1483.62,1592.31,173448.47788935
2023-03-13,1571.0,1702.6,1592.04,1681.93,327008.79604186
2023-03-14,1650.45,1787.74,1681.93,1704.95,396668.70615898
2023-03-15,1613.7,1722.79,1704.9,1656.8,307749.31182138
2023-03-16,1637.72,1696.0,1656.7,1677.24,176868.38336715
2023-03-17,1666.16,1803.73,1677.36,1793.66,329141.08281765
2023-03-18,1752.52,1846.0,1793.61,1763.68,235521.57569177
2023-03-19,1762.62,1846.77,1763.88,1786.4,191354.71647603
2023-03-20,1728.52,1809.1,1786.37,1739.42,249197.06842683
2023-03-21,1724.37,1839.99,1739.28,1807.23,215769.94317511
2023-03-22,1715.17,1823.8,1806.79,1739.18,196097.23997699
2023-03-23,1733.77,1861.67,1738.99,1817.49,182879.51736378
2023-03-24,1728.27,1822.55,1817.27,1751.93,193658.46405908
2023-03-25,1715.23,1764.93,1751.79,1743.8,80639.99683541
2023-03-26,1741.01,1801.02,1743.69,1775.86,81741.29679602
2023-03-27,1688.0,1782.19,1775.85,1716.42,120123.69610665
2023-03-28,1701.81,1795.54,1716.13,1773.7,126114.46205033
2023-03-29,1772.99,1827.7,1773.82,1793.41,124064.2834112
2023-03-30,1762.94,1829.82,1793.4,1793.68,136706.00627233
2023-03-31,1779.47,1847.12,1793.68,1822.01,150470.34252747
2023-04-01,1809.12,1843.0,1822.11,1821.73,75499.214378
2023-04-02,1773.25,1825.97,1821.69,1795.37,53524.50081719
2023-04-03,1763.58,1839.99,1795.41,1810.92,156367.81692427
2023-04-04,1802.76,1892.1,1810.91,1871.36,160288.10821587
2023-04-05,1865.24,1943.64,1871.19,1908.9,159154.20039336
2023-04-06,1854.06,1910.59,1908.89,1873.29,106044.61222348
2023-04-07,1842.25,1883.35,1873.28,1865.02,59267.01815764
2023-04-08,1848.21,1880.56,1865.02,1850.06,38479.70792157
2023-04-09,1823.11,1874.78,1849.83,1859.84,57884.00934696
2023-04-10,1847.5,1920.0,1859.85,1911.23,100746.45225435
2023-04-11,1883.24,1938.85,1911.22,1891.82,115741.82211523
2023-04-12,1855.79,1934.08,1891.78,1918.91,156466.30398029
2023-04-13,1901.12,2025.0,1918.9,2013.98,199544.51674204
2023-04-14,2011.2,2131.2,2014.12,2101.85,261883.28915686
2023-04-15,2073.79,2112.88,2101.81,2092.45,82555.5452833
2023-04-16,2074.32,2142.85,2092.44,2120.07,87897.67238295
2023-04-17,2058.0,2122.02,2120.01,2075.63,111821.36109573
2023-04-18,2052.52,2125.0,2075.63,2104.61,98463.83447004
2023-04-19,1923.33,2105.9,2104.54,1934.8,180156.78946917
2023-04-20,1914.16,1983.34,1934.63,1943.16,127783.1585988
2023-04-21,1824.67,1956.81,1942.91,1848.16,184098.48749579
2023-04-22,1842.11,1887.88,1848.21,1874.48,58568.76361222
2023-04-23,1837.3,1882.6,1874.48,1861.9,59392.15616391
2023-04-24,1805.38,1890.0,1861.91,1842.17,151059.34701623
2023-04-25,1801.46,1878.16,1842.11,1866.23,121957.82152629
2023-04-26,1785.51,1965.04,1866.22,1866.73,220757.79257172
2023-04-27,1862.08,1939.56,1866.73,1908.92,173658.77646459
2023-04-28,1875.0,1924.79,1908.92,1892.54,102737.14594464
2023-04-29,1884.58,1919.15,1892.43,1908.96,43424.36883267
2023-04-30,1866.5,1939.76,1908.96,1870.76,68260.39204639
2023-05-01,1805.95,1887.12,1870.67,1831.41,123062.84388793
2023-05-02,1823.21,1882.55,1831.36,1871.26,96998.09681491
2023-05-03,1843.52,1917.16,1871.27,1905.89,104714.67015513
2023-05-04,1867.71,1918.34,1905.89,1878.01,69495.9189541
2023-05-05,1876.36,2000.0,1878.25,1995.76,181402.98639087
2023-05-06,1864.06,2020.0,1995.77,1900.12,112739.21557998
2023-05-07,1870.61,1936.45,1900.12,1873.27,74231.15468325
2023-05-08,1810.0,1886.87,1873.28,1849.11,168218.43505268
2023-05-09,1832.0,1862.57,1849.11,1847.7,93273.22792235
2023-05-10,1789.75,1888.97,1847.5,1842.47,176402.42399244
2023-05-11,1772.26,1843.62,1842.33,1795.24,133802.64396645
2023-05-12,1737.76,1817.25,1795.22,1808.35,138780.08409832
2023-05-13,1786.44,1817.32,1808.24,1795.99,51855.71796261
2023-05-14,1790.49,1824.67,1796.01,1800.03,46196.57094705
2023-05-15,1785.52,1848.05,1800.0,1816.79,117667.19574722
2023-05-16,1796.86,1833.25,1816.8,1824.64,82503.84666329
2023-05-17,1783.59,1837.15,1824.57,1822.49,94085.03920847
2023-05-18,1770.88,1831.84,1822.46,1800.61,80676.45327688
2023-05-19,1797.08,1830.0,1800.61,1812.84,64344.11418462
2023-05-20,1807.26,1829.85,1812.84,1819.96,33384.79974843
2023-05-21,1797.19,1829.53,1819.9,1805.28,33106.35974055
2023-05-22,1791.99,1829.51,1805.35,1817.76,65551.70673749
2023-05-23,1815.59,1873.7,1817.76,1854.41,86046.40887122
2023-05-24,1774.56,1854.75,1854.42,1799.75,91642.89182667
2023-05-25,1759.45,1818.94,1799.79,1805.83,83744.8701424
2023-05-26,1796.75,1838.96,1805.76,1828.43,69736.78276535
2023-05-27,1812.92,1837.0,1828.32,1830.67,28429.50747639
2023-05-28,1823.86,1921.0,1830.6,1909.25,81609.20883023
2023-05-29,1874.14,1928.51,1909.1,1893.2,91048.58194716
2023-05-30,1881.93,1917.61,1893.18,1901.11,96724.93469207
2023-05-31,1847.61,1908.04,1901.1,1874.04,93058.72475908
2023-06-01,1839.72,1889.29,1874.08,1862.43,96470.72304438
2023-06-02,1847.66,1911.31,1862.33,1907.41,87806.05449698
2023-06-03,1882.42,1909.63,1907.44,1892.62,33883.00307554
2023-06-04,1884.72,1914.83,1892.62,1890.23,32506.25336073
2023-06-05,1777.25,1891.34,1890.22,1811.21,133729.38796529
2023-06-06,1796.52,1898.25,1811.21,1884.95,117911.62779482
2023-06-07,1820.0,1898.0,1884.93,1832.49,126979.80361204
2023-06-08,1828.63,1861.59,1832.43,1845.99,53739.2409447
2023-06-09,1826.92,1855.44,1846.21,1840.46,61326.07108796
2023-06-10,1716.24,1845.19,1840.46,1752.32,180377.32723936
2023-06-11,1739.0,1778.65,1752.32,1753.1,67320.65838212
2023-06-12,1719.74,1759.58,1753.1,1742.66,104213.35741918
2023-06-13,1723.68,1766.23,1742.69,1739.54,112831.26060085
2023-06-14,1630.0,1749.85,1739.51,1650.84,124654.02551192
2023-06-15,1620.15,1678.91,1650.84,1665.28,137062.43019777
2023-06-16,1648.29,1727.8,1665.17,1716.8,88651.50050649
2023-06-17,1712.96,1769.08,1716.71,1727.09,45580.87620723
2023-06-18,1712.61,1747.4,1727.15,1720.43,37169.42339912
2023-06-19,1698.53,1750.71,1720.4,1736.58,64986.67973263
2023-06-20,1713.79,1797.24,1736.45,1792.86,131094.31127116
2023-06-21,1787.4,1901.86,1792.71,1889.57,205714.82101311
2023-06-22,1866.57,1933.72,1889.46,1872.13,136777.14234797
2023-06-23,1861.37,1936.68,1872.13,1893.66,112622.71955974
2023-06-24,1865.64,1906.86,1893.74,1875.87,44081.47507327
2023-06-25,1869.88,1930.66,1875.88,1899.73,67353.84099709
2023-06-26,1836.25,1908.95,1899.8,1859.19,89749.72763224
2023-06-27,1855.41,1912.6,1859.19,1889.82,92097.01330236
2023-06-28,1816.0,1890.49,1889.77,1827.37,101759.55539935
2023-06-29,1826.43,1879.6,1827.3,1852.11,72773.6432135
2023-06-30,1823.2,1946.75,1851.98,1933.57,211965.83457331
2023-07-01,1908.65,1944.32,1933.7,1924.14,56737.84297268
2023-07-02,1885.33,1959.7,1924.14,1937.26,85221.98862426
2023-07-03,1933.46,1976.99,1937.28,1955.76,104013.30517861
2023-07-04,1931.7,1967.07,1955.76,1936.42,61516.63477519
2023-07-05,1894.18,1942.66,1936.44,1910.14,70482.06535559
2023-07-06,1845.7,1957.76,1910.15,1845.8,124378.76917782
2023-07-07,1825.38,1878.09,1846.04,1870.93,86368.39903159
2023-07-08,1842.57,1873.23,1870.9,1865.56,49501.03716728
2023-07-09,1856.62,1879.35,1865.56,1863.01,34389.84936597
2023-07-10,1846.99,1905.83,1862.99,1880.62,90689.06095885
2023-07-11,1862.23,1891.7,1880.62,1878.66,58861.84428148
2023-07-12,1864.17,1905.0,1878.58,1871.65,91650.67609635
2023-07-13,1862.44,2014.26,1871.65,2005.95,217841.38411854
2023-07-14,1898.88,2029.34,2005.95,1938.91,164795.03146848
2023-07-15,1926.92,1947.04,1938.99,1931.9,40675.73037046
2023-07-16,1914.75,1944.15,1931.89,1923.38,39618.81522884
2023-07-17,1873.61,1936.93,1923.21,1911.38,132065.00633478
2023-07-18,1876.01,1917.49,1911.26,1897.72,129808.3219303
2023-07-19,1882.15,1922.33,1897.72,1888.73,111607.1389253
2023-07-20,1877.77,1929.03,1888.65,1891.72,100239.01603496
2023-07-21,1884.43,1905.41,1891.76,1891.92,55235.39533058
2023-07-22,1851.35,1897.62,1891.92,1866.69,42352.40590843
2023-07-23,1858.19,1905.24,1866.61,1888.65,61563.29015459
2023-07-24,1832.83,1890.93,1888.64,1849.69,127978.18134477
2023-07-25,1844.69,1868.14,1849.68,1857.28,57419.42710699
2023-07-26,1848.03,1887.75,1857.29,1871.92,72684.14808293
2023-07-27,1854.39,1886.15,1871.92,1860.88,53353.05426066
2023-07-28,1856.18,1882.77,1860.87,1874.05,52759.67579773
2023-07-29,1869.1,1886.26,1874.01,1880.71,23628.03151224
2023-07-30,1848.81,1885.46,1880.88,1861.65,49111.67488831
2023-07-31,1850.55,1876.82,1861.65,1856.0,84251.92423923
2023-08-01,1812.0,1874.88,1856.09,1872.89,160513.30855928
2023-08-02,1820.1,1878.86,1872.78,1838.92,102912.60761585
2023-08-03,1824.0,1857.6,1838.91,1834.34,70134.44959281
2023-08-04,1813.45,1849.99,1834.34,1827.3,72934.78259447
2023-08-05,1824.45,1837.16,1827.3,1834.66,24788.06790609
2023-08-06,1823.7,1836.92,1834.66,1827.5,25736.92637861
2023-08-07,1800.0,1844.11,1827.49,1826.9,80578.46482025
2023-08-08,1824.0,1876.1,1826.9,1855.71,90813.36288326
2023-08-09,1843.35,1870.85,1855.71,1854.09,67061.64786301
2023-08-10,1844.07,1864.35,1854.09,1850.38,47379.82288863
2023-08-11,1836.41,1855.54,1850.38,1846.76,51401.34991694
2023-08-12,1844.93,1852.7,1846.77,1849.09,20642.38300552
2023-08-13,1833.03,1859.99,1849.08,1838.98,28666.82026917
2023-08-14,1833.27,1854.19,1838.98,1844.01,50098.05830532
2023-08-15,1811.34,1845.65,1844.0,1827.19,50058.31066665
2023-08-16,1795.15,1829.39,1827.19,1805.51,67033.53900372
2023-08-17,1540.0,1808.18,1805.51,1681.42,189703.49281099
2023-08-18,1640.18,1699.33,1681.46,1661.4,160133.36341664
2023-08-19,1653.84,1696.0,1661.28,1669.65,54692.61607557
2023-08-20,1661.83,1694.48,1669.65,1685.39,46426.8880623
2023-08-21,1648.65,1688.1,1685.36,1667.2,79186.37606678
2023-08-22,1579.34,1669.11,1667.2,1634.33,110850.76953958
2023-08-23,1628.81,1700.46,1634.32,1679.22,111905.50727937
2023-08-24,1634.73,1683.16,1679.21,1660.36,77217.23328739
2023-08-25,1634.54,1676.19,1660.41,1652.75,83010.44896333
2023-08-26,1643.0,1654.74,1652.77,1646.25,18986.91545465
2023-08-27,1645.38,1659.43,1646.26,1657.51,22244.70853004
2023-08-28,1621.04,1662.7,1657.5,1651.94,60673.32488256
2023-08-29,1639.04,1745.88,1651.93,1729.34,122275.58410558
2023-08-30,1694.98,1730.96,1729.26,1705.47,61097.35135783
2023-08-31,1629.76,1726.16,1705.46,1645.58,116578.15874188
2023-09-01,1601.69,1654.27,1645.58,1628.46,92601.69188977
2023-09-02,1627.43,1644.64,1628.46,1636.83,30753.43898001
2023-09-03,1624.93,1646.97,1636.83,1635.68,36069.9532434
2023-09-04,1615.85,1644.57,1635.65,1629.75,43034.41180385
2023-09-05,1608.85,1646.66,1629.75,1633.85,54592.69579861
2023-09-06,1608.17,1669.0,1633.85,1632.08,64159.11336815
2023-09-07,1622.41,1659.1,1632.09,1647.44,60902.59005054
2023-09-08,1615.65,1658.29,1647.44,1635.94,58305.48970523
2023-09-09,1629.32,1637.14,1635.94,1635.14,13173.50160468
2023-09-10,1596.78,1635.66,1635.15,1616.65,46891.05891276
2023-09-11,1530.6,1618.61,1616.68,1551.36,122138.1334909
2023-09-12,1549.21,1624.99,1551.33,1593.07,92121.78663878
2023-09-13,1581.65,1618.56,1592.92,1608.06,71432.28132924
2023-09-14,1607.48,1644.4,1608.06,1627.18,84810.57469743
2023-09-15,1611.52,1653.52,1627.17,1641.49,46587.30736974
2023-09-16,1631.88,1652.54,1641.48,1634.87,25839.72626893
2023-09-17,1612.35,1635.66,1634.87,1622.83,28240.63467229
2023-09-18,1603.55,1669.43,1622.93,1636.94,82672.75437174
2023-09-19,1626.77,1661.05,1636.93,1643.42,53665.4341842
2023-09-20,1604.91,1649.57,1643.41,1622.27,69413.64809618
2023-09-21,1567.81,1625.23,1622.26,1583.86,70280.57355242
2023-09-22,1576.52,1602.43,1583.86,1593.03,49010.24393275
2023-09-23,1587.97,1598.19,1593.04,1593.85,17727.34147545
2023-09-24,1570.35,1600.89,1593.84,1580.64,32773.52822928
2023-09-25,1563.0,1597.12,1580.59,1587.75,62583.93066252
2023-09-26,1579.47,1598.84,1587.75,1593.0,49000.89806179
2023-09-27,1582.38,1632.94,1593.0,1597.65,80254.4465463
2023-09-28,1596.93,1668.55,1597.65,1652.94,136755.38213349
2023-09-29,1648.33,1688.16,1652.94,1667.21,96959.81985572
2023-09-30,1665.98,1694.25,1667.2,1670.84,52608.92316992
2023-10-01,1668.51,1755.2,1670.84,1733.4,75393.93444956
2023-10-02,1637.82,1743.84,1733.42,1662.62,158288.87222448
2023-10-03,1643.56,1670.61,1662.62,1656.91,75294.23778427
2023-10-04,1626.01,1657.91,1656.91,1646.58,80420.09102569
2023-10-05,1608.0,1655.28,1646.58,1611.63,88002.97784141
2023-10-06,1611.78,1662.23,1611.83,1645.95,71144.41944879
2023-10-07,1631.01,1648.7,1645.9,1634.65,27241.91429218
2023-10-08,1617.31,1642.33,1634.64,1633.78,38081.14823402
2023-10-09,1548.22,1636.51,1633.77,1580.13,102399.55980653
2023-10-10,1550.18,1595.15,1580.13,1567.63,79103.82961904
2023-10-11,1545.5,1578.53,1567.63,1566.46,79781.25310923
2023-10-12,1520.85,1568.05,1566.45,1539.25,68485.99935697
2023-10-13,1537.31,1574.66,1539.26,1552.04,63935.58299379
2023-10-14,1544.65,1561.53,1552.03,1554.87,20369.55429181
2023-10-15,1548.3,1566.92,1554.98,1558.01,28564.73003903
2023-10-16,1555.2,1641.41,1558.01,1600.02,140896.46861986
2023-10-17,1552.74,1601.44,1600.03,1565.24,63796.87989577
2023-10-18,1556.01,1586.27,1565.25,1563.67,57059.23546765
2023-10-19,1542.36,1576.25,1563.66,1567.48,59230.76611412
2023-10-20,1562.0,1632.11,1567.5,1604.96,110280.40281731
2023-10-21,1593.06,1644.77,1604.94,1629.38,63605.34688817
2023-10-22,1622.36,1668.28,1629.37,1664.43,64860.7669214
2023-10-23,1657.95,1799.55,1664.43,1766.27,191320.15916936
2023-10-24,1725.79,1854.62,1766.24,1785.28,261859.90084142
2023-10-25,1760.2,1818.29,1785.06,1787.58,126450.2986493
2023-10-26,1762.67,1865.86,1787.58,1803.57,162066.45814023
2023-10-27,1745.05,1804.29,1803.56,1779.81,90425.04228072
2023-10-28,1770.8,1803.48,1779.78,1776.48,34085.17268661
2023-10-29,1763.25,1811.68,1776.48,1795.74,48201.56051951
2023-10-30,1778.24,1830.64,1795.63,1809.69,80444.07174014
2023-10-31,1781.62,1820.0,1809.67,1815.14,80270.49772666
2023-11-01,1783.48,1859.0,1815.14,1847.74,139857.49667144
2023-11-02,1785.03,1875.0,1847.74,1801.31,110389.55551632
2023-11-03,1777.0,1836.16,1801.31,1833.76,79637.2413367
2023-11-04,1825.11,1870.32,1833.64,1857.23,38916.34595206
2023-11-05,1847.46,1913.57,1857.17,1893.16,82496.39953529
2023-11-06,1870.64,1916.13,1893.13,1901.68,97625.94820106
2023-11-07,1851.01,1908.07,1901.67,1885.93,122337.33944691
2023-11-08,1873.55,1905.3,1885.93,1888.84,74827.09163576
2023-11-09,1882.84,2131.91,1888.86,2121.3,290571.52840203
2023-11-10,2066.0,2136.53,2120.88,2078.57,148151.5915368
2023-11-11,2032.14,2091.61,2078.57,2053.83,84815.43690608
2023-11-12,2013.5,2066.93,2053.94,2046.06,50912.23589705
2023-11-13,2029.28,2118.65,2046.06,2053.99,144429.20318696
2023-11-14,1933.0,2065.48,2054.31,1979.61,136319.6702245
2023-11-15,1967.19,2063.58,1979.45,2059.38,152595.88274792
2023-11-16,1909.37,2100.0,2059.46,1961.76,178044.63341731
2023-11-17,1906.15,1991.25,1961.66,1961.57,125667.83736351
2023-11-18,1917.96,1972.38,1961.53,1963.76,45737.12941532
2023-11-19,1944.65,2016.6,1963.75,2012.29,55072.30287312
2023-11-20,1993.59,2067.79,2012.68,2022.55,146484.68418925
2023-11-21,1930.86,2035.77,2022.56,1933.45,136174.20007133
2023-11-22,1929.26,2092.66,1933.52,2063.94,146760.1198297
2023-11-23,2040.23,2089.18,2063.95,2062.78,84629.71524463
2023-11-24,2059.7,2134.16,2062.51,2082.61,127130.6016511
2023-11-25,2067.11,2091.72,2082.74,2084.02,32637.81834342
2023-11-26,2037.8,2095.16,2084.0,2063.09,57167.2638941
2023-11-27,1985.72,2072.0,2063.13,2027.47,125768.15951531
2023-11-28,1995.29,2076.0,2027.46,2049.08,100207.915287
2023-11-29,2019.63,2075.84,2048.94,2029.11,75542.21726307
2023-11-30,2020.96,2055.74,2029.14,2053.1,75775.80126746
2023-12-01,2045.99,2112.09,2053.08,2088.4,142736.12841928
2023-12-02,2086.97,2190.48,2088.43,2165.76,83470.66010767
2023-12-03,2150.3,2217.78,2165.85,2194.13,78192.25684803
2023-12-04,2192.41,2274.95,2194.12,2243.29,156712.86675745
2023-12-05,2187.97,2309.82,2243.25,2293.97,167077.77250219
2023-12-06,2219.61,2312.75,2293.96,2232.8,134193.65734318
2023-12-07,2222.58,2384.0,2233.08,2356.57,159654.71681372
2023-12-08,2338.25,2392.35,2356.4,2358.59,130139.81922754
2023-12-09,2329.35,2403.37,2359.01,2341.28,69627.48310609
2023-12-10,2322.53,2377.61,2341.48,2352.29,44645.61294931
2023-12-11,2127.36,2354.99,2352.71,2224.06,193291.06535168
2023-12-12,2164.82,2243.23,2224.15,2202.34,128295.68890567
2023-12-13,2144.52,2284.98,2202.39,2260.69,141516.28789964
2023-12-14,2229.9,2332.39,2260.69,2315.95,142369.02286482
2023-12-15,2199.76,2318.39,2315.81,2220.31,122773.57046315
2023-12-16,2209.68,2262.0,2220.44,2227.29,49598.43029094
2023-12-17,2189.89,2247.08,2227.19,2194.75,56323.1405293
2023-12-18,2115.22,2223.31,2194.45,2218.71,103052.23127627
2023-12-19,2134.43,2254.14,2218.58,2177.27,122574.02370214
2023-12-20,2156.96,2264.85,2177.32,2202.0,164826.68035353
2023-12-21,2182.83,2279.65,2201.93,2239.92,136641.48600479
2023-12-22,2230.66,2344.26,2239.92,2326.35,173481.66487576
2023-12-23,2266.79,2332.69,2326.49,2309.58,71690.42077486
2023-12-24,2244.79,2327.66,2309.51,2265.33,66756.02178328
2023-12-25,2253.96,2304.93,2265.45,2271.53,46049.01449884
2023-12-26,2148.1,2275.2,2271.42,2230.91,112774.77130849
2023-12-27,2212.12,2393.39,2230.93,2380.66,167830.74188422
2023-12-28,2336.7,2448.25,2380.54,2344.94,187887.79244123
2023-12-29,2255.78,2386.99,2345.08,2299.37,155499.37553718
2023-12-30,2267.63,2322.86,2299.17,2291.15,66344.10814823
2023-12-31,2259.1,2320.48,2291.51,2281.07,94453.26052695
2024-01-01,2264.86,2353.33,2281.03,2352.76,65735.83712724
2024-01-02,2342.19,2433.19,2352.8,2356.16,146957.41838868
2024-01-03,2100.0,2385.66,2356.27,2210.49,238855.87311254
2024-01-04,2203.1,2297.64,2210.49,2269.47,139871.10592444
2024-01-05,2207.6,2278.84,2269.48,2270.35,103166.13797897
2024-01-06,2217.0,2271.72,2270.29,2241.87,43380.28085198
2024-01-07,2206.66,2258.57,2241.81,2222.69,44609.45118075
2024-01-08,2167.68,2360.81,2222.86,2332.51,124227.66088047
2024-01-09,2228.42,2376.1,2332.52,2344.93,180275.73765795
2024-01-10,2340.77,2644.42,2344.97,2584.77,317568.89216896
2024-01-11,2567.08,2691.07,2584.85,2618.31,237306.47182505
2024-01-12,2455.0,2717.89,2618.37,2522.03,254977.63549268
2024-01-13,2496.41,2589.97,2522.02,2578.12,121668.19007134
2024-01-14,2467.97,2578.96,2578.13,2470.66,103969.50283893
2024-01-15,2468.6,2551.77,2470.65,2509.94,72919.16160111
2024-01-16,2498.25,2614.04,2509.85,2586.83,98820.86634244
2024-01-17,2505.19,2592.5,2586.46,2527.94,78118.40218361
2024-01-18,2423.43,2547.67,2528.02,2468.82,128802.61780602
2024-01-19,2412.4,2502.14,2468.82,2490.13,96947.20379828
2024-01-20,2452.02,2489.98,2489.98,2470.44,27547.90442945
2024-01-21,2451.26,2480.69,2470.51,2455.52,20818.01056422
2024-01-22,2301.0,2464.33,2455.09,2311.34,152916.39516189
2024-01-23,2165.01,2349.07,2311.52,2240.81,186226.75172366
2024-01-24,2195.32,2262.88,2241.1,2234.06,72772.97341402
2024-01-25,2169.47,2241.35,2234.34,2217.3,75539.58539235
2024-01-26,2194.88,2281.72,2217.29,2267.34,94910.54129622
2024-01-27,2250.9,2282.54,2267.47,2268.07,30982.52441099
2024-01-28,2239.3,2307.97,2268.12,2256.51,39248.46860701
2024-01-29,2233.15,2322.55,2256.47,2317.42,63329.25489388
2024-01-30,2296.86,2391.91,2317.63,2342.96,96526.62504443
2024-01-31,2262.47,2352.17,2342.96,2281.6,85201.8639706
2024-02-01,2239.04,2310.97,2281.55,2303.61,62864.78139733
2024-02-02,2280.43,2323.4,2303.66,2308.03,50538.33300083
2024-02-03,2292.29,2328.42,2308.06,2295.97,17826.99315399
2024-02-04,2266.14,2309.45,2295.97,2288.82,29623.64332388
2024-02-05,2268.0,2336.1,2288.82,2298.91,44870.36550212
2024-02-06,2295.79,2392.65,2298.93,2372.09,102729.57926297
2024-02-07,2352.34,2446.9,2372.09,2424.55,81310.98318267
2024-02-08,2410.77,2462.69,2424.71,2419.78,111654.90807514
2024-02-09,2418.79,2524.11,2419.78,2487.84,121261.76511101
2024-02-10,2473.32,2518.02,2487.87,2501.08,33777.58281582
2024-02-11,2494.42,2540.57,2501.08,2508.11,37979.95085055
2024-02-12,2472.17,2666.66,2508.49,2661.03,115679.36286012
2024-02-13,2590.41,2687.13,2661.13,2641.63,128589.09309863
2024-02-14,2619.36,2788.95,2641.84,2777.56,110804.3856468
2024-02-15,2761.9,2868.68,2777.37,2825.94,123679.76881122
2024-02-16,2745.48,2860.28,2825.88,2803.89,108579.83594863
2024-02-17,2719.73,2806.8,2804.09,2786.83,50463.18174055
2024-02-18,2765.55,2896.74,2787.12,2882.06,64492.75636679
2024-02-19,2857.33,2985.0,2881.91,2945.43,102810.47000218
2024-02-20,2873.82,3033.53,2944.94,3015.56,162450.24960627
2024-02-21,2868.32,3017.99,3015.53,2968.37,168311.07685356
2024-02-22,2906.13,3035.84,2968.37,2969.77,159019.68302075
2024-02-23,2905.71,2991.94,2969.75,2921.79,95313.32394229
2024-02-24,2906.2,3005.28,2921.76,2992.66,46828.0872104
2024-02-25,2983.45,3121.04,2992.41,3113.17,86028.2084838
2024-02-26,3036.62,3198.77,3113.37,3178.34,149112.056773
2024-02-27,3167.8,3291.36,3178.28,3243.84,144336.78996453
2024-02-28,3185.0,3492.31,3244.35,3386.64,231321.85685237
2024-02-29,3302.1,3521.99,3386.64,3341.78,184874.52035185
2024-03-01,3340.15,3454.95,3341.78,3436.0,108273.12334217
2024-03-02,3398.14,3462.0,3436.37,3424.04,59797.37297303
2024-03-03,3363.59,3493.78,3423.77,3489.53,65187.6206346
2024-03-04,3430.0,3650.0,3489.95,3633.23,152726.49937298
2024-03-05,3205.0,3829.93,3632.92,3557.41,365410.47754845
2024-03-06,3502.0,3903.42,3557.42,3821.82,219365.56854364
2024-03-07,3736.5,3941.57,3822.1,3875.28,137053.14296446
2024-03-08,3826.37,4000.0,3875.42,3892.6,165705.35869307
2024-03-09,3880.0,3951.37,3892.62,3913.55,62180.56431897
2024-03-10,3800.01,3972.17,3913.84,3881.96,84572.21007878
2024-03-11,3730.72,4091.67,3882.48,4066.21,189041.07032596
2024-03-12,3828.83,4093.88,4066.95,3980.34,174639.81824993
2024-03-13,3934.52,4085.57,3980.31,4007.7,133886.82772964
2024-03-14,3714.53,4013.25,4007.79,3880.45,190612.34558486
2024-03-15,3566.38,3932.39,3880.45,3742.95,252124.79920745
2024-03-16,3466.55,3781.4,3743.29,3520.1,116692.68177422
2024-03-17,3410.78,3676.76,3520.24,3641.02,109583.54224228
2024-03-18,3454.3,3642.56,3641.51,3520.66,119847.05230624
2024-03-19,3147.81,3547.97,3520.52,3156.97,257986.0718834
2024-03-20,3057.5,3536.72,3156.94,3516.68,324768.03382929
2024-03-21,3410.45,3586.59,3517.02,3491.78,148636.00452543
2024-03-22,3250.33,3542.56,3491.78,3337.41,163488.1093582
2024-03-23,3271.47,3436.39,3337.38,3330.05,94959.72106776
2024-03-24,3300.0,3471.22,3330.28,3454.67,60606.08564157
2024-03-25,3418.61,3661.7,3454.88,3591.02,119411.57116768
2024-03-26,3544.0,3681.9,3590.61,3587.67,97999.11894572
2024-03-27,3458.0,3665.95,3587.5,3499.56,113287.84057127
2024-03-28,3462.44,3612.3,3499.62,3561.1,82506.6359203
2024-03-29,3473.42,3584.9,3561.12,3511.08,60142.83951755
2024-03-30,3488.08,3568.13,3511.21,3507.51,49286.0694304
2024-03-31,3505.76,3654.87,3507.31,3645.48,53825.13202391
2024-04-01,3413.86,3646.38,3645.55,3505.85,97053.82915967
2024-04-02,3211.41,3507.69,3505.95,3279.64,148814.96574824
2024-04-03,3202.8,3369.43,3279.71,3312.43,99323.0886667
2024-04-04,3251.91,3444.95,3312.42,3329.39,108312.21150232
2024-04-05,3210.99,3348.33,3329.41,3319.26,82464.50869563
2024-04-06,3308.7,3398.8,3319.1,3352.66,35789.96297357
2024-04-07,3345.36,3459.52,3352.87,3453.67,40642.58459362
2024-04-08,3406.93,3729.16,3453.69,3694.56,117580.32397415
2024-04-09,3450.6,3726.79,3694.26,3504.58,104295.66540925
2024-04-10,3411.59,3562.51,3504.24,3546.0,83472.76785832
2024-04-11,3473.6,3617.97,3546.07,3503.06,73843.06830002
2024-04-12,3100.0,3553.03,3503.06,3239.31,158974.418562
2024-04-13,2850.0,3302.32,3238.98,3011.39,241260.34609045
2024-04-14,2911.23,3175.72,3012.01,3158.06,160742.93293593
2024-04-15,3025.0,3281.21,3158.2,3103.13,129021.87609399
2024-04-16,2990.0,3128.28,3103.4,3085.25,117411.00495166
2024-04-17,2914.01,3124.03,3085.41,2984.98,122585.77561348
2024-04-18,2952.53,3100.8,2984.9,3065.82,91513.42190694
2024-04-19,2865.71,3128.99,3065.8,3057.93,126465.06248187
2024-04-20,3019.11,3172.3,3057.9,3157.01,42703.49658553
2024-04-21,3117.46,3198.46,3156.62,3148.1,34111.84839622
2024-04-22,3129.68,3237.41,3148.06,3201.46,70530.52584425
2024-04-23,3153.41,3266.4,3201.67,3219.49,69940.4136472
2024-04-24,3102.62,3293.4,3219.42,3138.91,88784.32655222
2024-04-25,3071.79,3191.94,3139.27,3155.36,95350.39968519
2024-04-26,3101.01,3166.66,3155.27,3130.0,69330.93637665
2024-04-27,3067.27,3281.92,3130.04,3253.04,65631.20199995
2024-04-28,3239.72,3356.31,3253.04,3262.6,66716.10732189
2024-04-29,3114.56,3287.15,3262.99,3215.53,85704.21545809
2024-04-30,2916.34,3249.66,3215.89,3011.4,122376.47890903
2024-05-01,2814.12,3020.26,3011.24,2968.12,148775.73927121
2024-05-02,2890.28,3016.07,2968.18,2986.32,74253.44635959
2024-05-03,2958.55,3128.04,2986.12,3103.27,82328.62907159
2024-05-04,3093.87,3167.85,3104.11,3117.41,37445.2105609
2024-05-05,3073.7,3171.64,3117.52,3136.95,38526.42777835
2024-05-06,3045.59,3221.41,3136.77,3062.69,79596.65949657
2024-05-07,3000.0,3129.9,3062.69,3005.78,62108.80446702
2024-05-08,2937.09,3038.17,3006.09,2972.82,52553.55510881
2024-05-09,2949.52,3058.43,2972.81,3035.92,56610.30197974
2024-05-10,2878.38,3053.53,3035.92,2909.43,79016.14737388
2024-05-11,2885.8,2943.64,2909.38,2911.75,26841.15468691
2024-05-12,2900.59,2954.16,2911.77,2927.75,23851.53354001
2024-05-13,2864.35,2994.74,2927.72,2950.21,81949.54698641
2024-05-14,2858.76,2988.0,2950.09,2880.4,84843.49382255
2024-05-15,2862.36,3041.53,2880.39,3033.2,102425.75517286
2024-05-16,2923.73,3041.71,3033.23,2945.11,79847.19015756
2024-05-17,2932.68,3122.08,2944.86,3093.39,80378.06214215
2024-05-18,3085.07,3148.0,3093.2,3123.99,35887.59340775
2024-05-19,3053.74,3137.64,3123.76,3070.9,36279.72976482
2024-05-20,3048.58,3695.0,3070.83,3661.52,280881.20562155
2024-05-21,3625.58,3841.24,3661.51,3789.37,253191.48042776
2024-05-22,3653.11,3813.25,3789.41,3735.99,152993.45828385
2024-05-23,3521.24,3947.0,3736.02,3780.83,309961.25314343
2024-05-24,3627.53,3827.99,3780.42,3726.89,112184.8378011
2024-05-25,3707.41,3777.78,3726.87,3749.06,33301.97878165
2024-05-26,3731.03,3882.82,3749.23,3823.83,57883.65812154
2024-05-27,3821.01,3973.9,3823.55,3890.72,71151.44619506
2024-05-28,3769.47,3926.6,3890.72,3839.98,100613.04720901
2024-05-29,3740.75,3884.24,3840.18,3762.11,108846.32940744
2024-05-30,3700.4,3824.07,3762.07,3746.74,96742.8620579
2024-05-31,3720.52,3846.0,3746.64,3758.44,83743.90660225
2024-06-01,3748.31,3829.99,3758.44,3812.48,33739.89750423
2024-06-02,3750.59,3835.0,3812.49,3778.88,44725.20926266
2024-06-03,3757.32,3850.06,3778.88,3766.09,66419.59243831
2024-06-04,3730.56,3832.56,3766.12,3810.29,57771.03645715
2024-06-05,3777.25,3888.9,3810.24,3866.57,67943.79281961
2024-06-06,3758.19,3879.15,3866.42,3812.09,53756.6117727
2024-06-07,3575.23,3839.71,3812.04,3676.35,110370.11489481
2024-06-08,3658.0,3707.99,3676.31,3680.84,28751.32754441
2024-06-09,3666.2,3721.16,3680.89,3706.27,19656.41005708
2024-06-10,3643.02,3712.6,3706.4,3665.86,43724.86169828
2024-06-11,3381.0,3671.47,3665.86,3497.31,137575.16363517
2024-06-12,3461.52,3657.05,3497.27,3559.14,98483.84286884
2024-06-13,3425.87,3560.6,3559.14,3467.65,108846.17560996
2024-06-14,3360.62,3529.83,3467.9,3479.53,102617.12125958
2024-06-15,3470.96,3591.87,3479.53,3566.69,56700.50673905
2024-06-16,3538.74,3651.51,3566.82,3622.1,44147.59671264
2024-06-17,3463.38,3640.0,3622.53,3509.55,111781.88622712
2024-06-18,3351.0,3515.87,3509.81,3482.06,129044.70825538
2024-06-19,3464.44,3585.77,3482.07,3559.14,103693.89596402
2024-06-20,3483.5,3624.28,3559.24,3510.73,108383.66568546
2024-06-21,3444.7,3545.99,3510.73,3517.19,103321.37276566
2024-06-22,3473.78,3520.03,3517.18,3494.09,30077.22258147
2024-06-23,3405.07,3519.79,3494.09,3418.42,43942.98809967
2024-06-24,3233.75,3432.5,3418.42,3350.59,171526.13894959
2024-06-25,3334.79,3430.6,3350.6,3393.6,105747.82411729
2024-06-26,3323.0,3425.44,3393.59,3369.31,82891.50854776
2024-06-27,3359.23,3474.12,3369.76,3445.58,76984.49380219
2024-06-28,3360.01,3484.72,3445.57,3373.62,102502.65124597
2024-06-29,3366.21,3403.09,3373.75,3373.26,24185.37815898
2024-06-30,3347.21,3453.93,3373.34,3432.37,33619.80014887
2024-07-01,3420.5,3518.85,3432.37,3438.59,61636.24032048
2024-07-02,3396.76,3460.56,3438.59,3416.17,43494.06793371
2024-07-03,3248.0,3427.04,3416.17,3291.73,87308.24050746
2024-07-04,3050.0,3309.58,3291.88,3058.89,128764.42789612
2024-07-05,2809.41,3108.7,3059.08,2981.74,246354.98758317
2024-07-06,2955.67,3082.05,2981.74,3067.39,53153.51902767
2024-07-07,2921.13,3073.49,3067.38,2930.78,43012.58338564
2024-07-08,2822.64,3095.94,2930.78,3018.48,142216.07981425
2024-07-09,3003.55,3113.5,3018.47,3066.51,59915.93941771
2024-07-10,3023.8,3150.72,3066.35,3100.3,67608.08879775
2024-07-11,3055.0,3220.48,3100.35,3099.29,77797.90457066
2024-07-12,3045.8,3158.3,3099.35,3135.05,49238.51060916
2024-07-13,3114.15,3203.05,3134.84,3176.71,26046.02798174
2024-07-14,3164.66,3270.12,3176.61,3246.38,38866.26158568
2024-07-15,3233.86,3496.03,3246.38,3485.87,110069.74915363
2024-07-16,3348.0,3499.99,3485.35,3446.67,90433.49001457
2024-07-17,3376.92,3518.38,3446.67,3387.45,69258.00394095
2024-07-18,3367.65,3490.0,3387.1,3425.58,62188.79112524
2024-07-19,3375.99,3541.85,3425.58,3505.75,82780.35096942
2024-07-20,3482.03,3540.79,3505.83,3519.06,29367.4769642
2024-07-21,3413.01,3547.57,3518.99,3536.2,41195.37901679
2024-07-22,3423.94,3563.02,3536.21,3441.1,55522.37465033
2024-07-23,3390.0,3541.2,3441.09,3482.9,134627.15575407
2024-07-24,3299.16,3488.05,3482.89,3334.99,108661.70978004
2024-07-25,3086.13,3342.07,3335.0,3174.3,201536.44580506
2024-07-26,3169.59,3286.65,3174.3,3274.95,88789.0006109
2024-07-27,3190.57,3327.6,3274.84,3249.25,55872.3354621
2024-07-28,3198.23,3283.98,3249.24,3269.98,30497.48961316
2024-07-29,3256.68,3396.61,3270.15,3317.55,111549.61997732
2024-07-30,3232.55,3365.68,3317.42,3278.27,86408.39509467
2024-07-31,3213.0,3348.0,3278.42,3231.81,87723.99196968
2024-08-01,3077.17,3242.14,3231.81,3200.54,115192.55494313
2024-08-02,2964.01,3215.75,3200.53,2985.84,124022.20884018
2024-08-03,2857.35,3016.19,2985.88,2901.72,77878.90239055
2024-08-04,2626.17,2933.13,2901.98,2688.31,110939.31000409
2024-08-05,2116.02,2696.41,2688.38,2420.37,750156.04400364
2024-08-06,2415.69,2556.62,2420.79,2462.52,240973.21880433
2024-08-07,2308.94,2552.77,2462.26,2343.66,212737.26981056
2024-08-08,2321.07,2725.35,2342.82,2683.59,223682.42122768
2024-08-09,2553.08,2708.87,2683.33,2599.94,119799.43778503
2024-08-10,2577.61,2645.74,2600.1,2610.69,32933.24488872
2024-08-11,2539.86,2720.0,2610.38,2555.58,54293.38934167
2024-08-12,2509.58,2750.0,2555.09,2723.0,117387.83172402
2024-08-13,2611.59,2739.0,2723.23,2703.49,87846.22008954
2024-08-14,2633.76,2782.61,2703.49,2661.67,127821.69398089
2024-08-15,2516.07,2675.79,2661.98,2570.5,112161.44239141
2024-08-16,2551.29,2631.06,2570.22,2593.75,73034.64702326
2024-08-17,2588.17,2627.67,2593.75,2614.64,16028.49990746
2024-08-18,2594.34,2687.92,2614.64,2612.68,43718.56501864
2024-08-19,2563.98,2648.71,2612.33,2637.15,54465.58022979
2024-08-20,2555.26,2697.11,2637.63,2573.04,83115.06804761
2024-08-21,2536.49,2664.7,2572.69,2631.14,68713.01543658
2024-08-22,2584.59,2645.42,2631.18,2623.3,45949.34305893
2024-08-23,2621.38,2800.89,2623.26,2764.73,97692.03219144
2024-08-24,2732.75,2820.86,2764.89,2769.0,52952.63243867
2024-08-25,2734.52,2793.09,2768.95,2747.57,28841.52308192
2024-08-26,2667.25,2763.51,2747.06,2680.77,60514.38739416
2024-08-27,2393.38,2700.29,2680.75,2458.22,110269.50067621
2024-08-28,2418.63,2555.23,2457.84,2528.51,115962.75554378
2024-08-29,2503.09,2597.0,2528.76,2527.71,78636.42412331
2024-08-30,2430.25,2551.26,2527.76,2525.74,85657.73143674
2024-08-31,2492.03,2533.92,2525.7,2512.62,14398.21727088
2024-09-01,2399.2,2516.27,2512.49,2425.9,40597.47657667
2024-09-02,2423.56,2564.02,2425.78,2537.81,52519.15338901
2024-09-03,2410.52,2553.75,2537.99,2424.18,59281.30494802
2024-09-04,2307.12,2490.21,2424.16,2450.46,112229.09718802
2024-09-05,2347.19,2465.98,2450.26,2367.8,73779.98448771
2024-09-06,2150.0,2409.19,2367.5,2224.46,158686.218366
2024-09-07,2221.01,2311.27,2224.55,2272.88,48605.25284293
2024-09-08,2240.82,2334.03,2273.03,2297.47,48917.56725194
2024-09-09,2273.0,2381.46,2297.35,2360.1,91965.44801791
2024-09-10,2320.91,2399.99,2359.71,2388.26,63305.03364559
2024-09-11,2276.66,2389.58,2388.71,2340.54,83110.11059986
2024-09-12,2314.76,2392.13,2340.24,2361.63,67554.09932317
2024-09-13,2336.57,2466.49,2361.75,2440.96,84983.24145206
2024-09-14,2378.8,2442.56,2440.99,2418.19,29335.9983637
2024-09-15,2285.0,2430.91,2418.3,2316.37,48995.2967581
2024-09-16,2251.99,2335.18,2316.01,2295.21,83080.821853
2024-09-17,2263.05,2394.0,2295.35,2342.1,87006.28326236
2024-09-18,2277.05,2376.26,2342.09,2374.59,95717.21636064
2024-09-19,2372.73,2495.27,2374.78,2465.84,110765.46794849
2024-09-20,2437.49,2573.26,2465.79,2562.02,95098.81621245
2024-09-21,2528.75,2623.26,2562.1,2613.16,45981.75244353
2024-09-22,2525.0,2632.92,2612.77,2580.92,40733.97945098
2024-09-23,2539.64,2704.62,2580.93,2646.72,103739.53519625
2024-09-24,2591.67,2671.85,2646.93,2653.31,101399.56360844
2024-09-25,2553.93,2673.77,2653.53,2579.25,75241.26087497
2024-09-26,2558.84,2667.81,2579.84,2632.53,76698.05571684
2024-09-27,2615.45,2729.39,2632.63,2695.37,100248.85127199
2024-09-28,2650.16,2705.26,2695.37,2675.79,24386.06817246
2024-09-29,2634.38,2683.77,2675.88,2657.89,27101.55183847
2024-09-30,2573.89,2663.97,2657.9,2601.27,73292.74710664
2024-10-01,2413.11,2657.98,2601.33,2447.55,155891.69082296
2024-10-02,2351.92,2498.47,2447.54,2363.76,91854.68404245
2024-10-03,2309.17,2403.08,2363.51,2349.97,75055.04033974
2024-10-04,2338.96,2440.96,2349.73,2414.43,63427.16619712
2024-10-05,2389.68,2428.22,2414.43,2414.51,17445.77099774
2024-10-06,2406.0,2457.57,2414.89,2439.84,17368.14003888
2024-10-07,2402.32,2520.39,2439.36,2421.68,73870.56676745
2024-10-08,2399.24,2464.51,2421.68,2439.48,60536.06425091
2024-10-09,2349.63,2472.09,2439.47,2368.66,69323.07080214
2024-10-10,2327.83,2418.41,2368.35,2384.32,87146.39549393
2024-10-11,2379.84,2471.1,2384.42,2438.77,79629.60253014
2024-10-12,2433.43,2489.67,2439.15,2475.79,26831.83205704
2024-10-13,2435.88,2484.44,2475.79,2467.67,28115.6827349
2024-10-14,2442.42,2653.03,2467.95,2628.74,134863.19504511
2024-10-15,2536.47,2687.63,2628.75,2606.63,147272.65006204
2024-10-16,2588.05,2646.91,2606.73,2610.54,97943.12619857
2024-10-17,2574.29,2647.43,2610.56,2604.91,67668.26380459
2024-10-18,2594.79,2676.07,2604.9,2641.98,82644.360255
2024-10-19,2630.82,2662.99,2642.0,2647.97,17748.96060487
2024-10-20,2635.16,2758.08,2647.97,2746.22,42114.940021
2024-10-21,2653.94,2768.22,2745.91,2665.35,67046.17608835
2024-10-22,2603.37,2670.37,2665.25,2620.84,70709.73288592
2024-10-23,2448.36,2626.29,2620.84,2521.94,78368.44781749
2024-10-24,2504.7,2559.24,2521.91,2533.99,73450.47584406
2024-10-25,2379.35,2564.84,2534.0,2436.01,137844.37834249
2024-10-26,2425.54,2503.73,2435.81,2479.49,40555.3054383
2024-10-27,2460.47,2524.39,2479.49,2504.69,30629.2909461
2024-10-28,2468.81,2588.0,2504.72,2565.66,94688.91402615
2024-10-29,2559.3,2681.78,2565.66,2637.85,115494.41095118
2024-10-30,2598.87,2721.09,2638.11,2658.16,123666.92523955
2024-10-31,2500.0,2668.12,2658.15,2514.84,93810.99937796
2024-11-01,2464.83,2585.26,2514.74,2510.27,81541.95205262
2024-11-02,2469.7,2522.48,2510.27,2493.44,25043.70021838
2024-11-03,2409.53,2496.01,2493.5,2456.57,56798.1927346
2024-11-04,2355.43,2489.44,2456.15,2397.0,63678.82358185
2024-11-05,2379.3,2479.58,2396.62,2422.24,88639.61877167
2024-11-06,2420.14,2746.83,2422.24,2724.27,248257.23507707
2024-11-07,2701.52,2920.62,2724.27,2897.65,235254.1674329
2024-11-08,2888.99,2986.13,2897.65,2964.09,182093.85658108
2024-11-09,2956.8,3158.83,2964.09,3127.97,114010.46176319
2024-11-10,3069.19,3251.25,3127.96,3186.07,169077.54310611
2024-11-11,3108.1,3391.61,3186.03,3375.78,264362.44195086
2024-11-12,3210.57,3446.98,3375.79,3247.21,277504.30741055
2024-11-13,3120.8,3339.0,3247.54,3191.45,227462.32128441
2024-11-14,3028.32,3242.75,3191.34,3059.04,148297.67622951
2024-11-15,3012.94,3131.68,3058.89,3090.76,148569.2491386
2024-11-16,3072.9,3220.0,3090.76,3134.25,76918.18159684
2024-11-17,3036.64,3161.96,3134.48,3076.79,76318.32370264
2024-11-18,3050.83,3226.8,3076.79,3209.21,139240.77207001
2024-11-19,3070.0,3222.83,3209.42,3111.7,123941.60602607
2024-11-20,3031.38,3161.97,3111.63,3072.24,128820.64743852
2024-11-21,3034.15,3390.35,3072.33,3359.9,263174.60425898
2024-11-22,3260.78,3429.69,3360.11,3331.77,168501.02810417
2024-11-23,3316.55,3500.0,3332.16,3397.51,144344.7907436
2024-11-24,3286.25,3453.9,3397.51,3365.16,83921.83934738
2024-11-25,3304.11,3546.99,3365.17,3414.72,237872.13228768
2024-11-26,3252.6,3462.89,3414.64,3323.67,163133.91511773
2024-11-27,3300.76,3688.54,3323.67,3657.63,215323.88671149
2024-11-28,3530.02,3665.28,3657.2,3579.11,106524.93169029
2024-11-29,3536.44,3650.0,3579.48,3593.67,137566.64651708
2024-11-30,3569.63,3740.63,3593.38,3706.35,93227.76397971
2024-12-01,3661.12,3748.29,3706.35,3710.24,81383.91544408
2024-12-02,3556.03,3762.72,3710.08,3644.52,175600.09449684
2024-12-03,3502.29,3671.71,3644.51,3617.59,171602.2838125
2024-12-04,3616.92,3899.21,3617.82,3843.33,271861.29252455
2024-12-05,3681.0,3960.0,3843.84,3788.93,279984.20786923
2024-12-06,3781.2,4096.0,3789.07,4004.83,238314.83515241
2024-12-07,3973.19,4030.27,4005.37,4000.01,68451.91637822
2024-12-08,3926.45,4018.5,4000.02,4006.75,53096.54067022
2024-12-09,3501.0,4008.8,4007.38,3713.57,249048.23608556
2024-12-10,3516.0,3782.0,3713.56,3630.34,224597.72358534
2024-12-11,3564.36,3851.87,3630.37,3835.08,159702.34530659
2024-12-12,3799.19,3989.22,3835.08,3882.68,155214.19673209
2024-12-13,3854.0,3969.32,3882.62,3907.87,122136.22549054
2024-12-14,3824.44,3945.29,3907.7,3869.25,47709.20178216
2024-12-15,3831.09,3973.71,3869.5,3957.7,56559.95110714
2024-12-16,3881.93,4109.0,3957.7,3987.6,189528.18368088
2024-12-17,3848.76,4041.76,3987.59,3893.54,125248.61133174
2024-12-18,3615.79,3907.71,3893.44,3624.84,187093.0728241
2024-12-19,3322.19,3718.3,3624.92,3414.35,304672.23375305
2024-12-20,3095.65,3497.29,3414.35,3470.47,318980.65790952
2024-12-21,3291.31,3553.49,3470.47,3337.09,95122.34009357
2024-12-22,3217.84,3400.23,3337.05,3278.6,72542.86862482
2024-12-23,3213.85,3462.14,3278.69,3418.12,176709.65124672
2024-12-24,3353.08,3537.52,3418.12,3491.13,103337.99180753
2024-12-25,3437.42,3543.83,3491.13,3493.95,41327.45699372
2024-12-26,3301.06,3512.49,3494.36,3330.86,103793.19567204
2024-12-27,3301.27,3437.87,3331.17,3328.6,121870.90269822
2024-12-28,3317.12,3421.11,3328.34,3397.87,35155.97941995
2024-12-29,3320.0,3408.32,3397.86,3350.23,30260.81890531
2024-12-30,3293.1,3430.0,3350.24,3355.66,98737.16292017
2024-12-31,3310.0,3447.0,3355.44,3330.32,94223.76498048
2025-01-01,3308.2,3366.83,3330.52,3353.32,113635.9777943
2025-01-02,3347.19,3506.11,3353.32,3452.39,86207.50853825
2025-01-03,3420.62,3629.9,3452.39,3607.68,102329.32252706
2025-01-04,3571.29,3670.34,3607.68,3656.4,49524.86729196
2025-01-05,3593.46,3674.92,3656.4,3635.46,36837.72295697
2025-01-06,3609.58,3746.0,3635.48,3688.74,106106.62657887
2025-01-07,3356.0,3702.24,3688.73,3380.29,149342.34303939
2025-01-08,3206.95,3414.59,3380.32,3326.29,130070.303195
2025-01-09,3157.0,3356.78,3326.51,3218.81,128267.34648667
2025-01-10,3194.4,3321.91,3219.2,3266.53,115536.39025356
2025-01-11,3217.61,3318.91,3266.37,3282.01,31509.24900704
2025-01-12,3223.07,3298.2,3282.0,3266.02,39914.90204276
2025-01-13,2913.75,3336.26,3266.09,3136.08,175346.06715095
2025-01-14,3124.2,3256.46,3136.65,3223.97,99770.14179138
2025-01-15,3185.25,3475.14,3224.35,3451.58,148647.52185627
2025-01-16,3262.69,3460.6,3451.57,3307.73,136122.61797511
2025-01-17,3307.09,3527.0,3307.83,3475.47,150453.58019826
2025-01-18,3224.29,3496.48,3475.54,3304.07,151938.03835066
2025-01-19,3125.45,3445.0,3304.09,3210.03,298299.62598353
2025-01-20,3139.61,3448.0,3211.85,3280.4,290972.59781939
2025-01-21,3200.98,3368.0,3280.43,3327.57,151693.96697671
2025-01-22,3220.01,3366.1,3327.56,3241.35,92936.50329584
2025-01-23,3181.94,3349.15,3241.35,3338.67,143070.07538594
2025-01-24,3275.41,3428.25,3339.26,3309.72,156732.03584317
2025-01-25,3269.06,3350.27,3309.83,3318.37,54942.68192937
2025-01-26,3227.68,3361.16,3318.38,3231.48,73002.88372238
2025-01-27,3001.0,3253.54,3231.31,3181.93,210052.48844331
2025-01-28,3037.75,3223.56,3182.06,3076.06,114845.18340866
2025-01-29,3053.94,3181.99,3076.05,3114.03,146256.01605527
2025-01-30,3090.89,3283.5,3114.03,3247.48,115394.80466779
2025-01-31,3213.36,3438.96,3247.32,3299.99,175027.24810392
2025-02-01,3101.28,3330.9,3300.0,3116.78,78248.09835402
2025-02-02,2750.0,3162.35,3116.44,2869.25,185502.0852722
2025-02-03,2150.0,2924.6,2869.69,2883.62,740839.23312985
2025-02-04,2633.67,2891.9,2883.1,2732.07,364753.54972783
2025-02-05,2699.6,2827.94,2732.07,2788.3,192546.34864221
2025-02-06,2656.53,2858.92,2788.56,2687.1,169430.89789344
2025-02-07,2563.0,2799.59,2687.18,2622.95,182738.50499497
2025-02-08,2588.13,2668.11,2623.02,2632.62,128631.57438449
2025-02-09,2522.16,2698.72,2633.12,2627.87,91400.38607088
2025-02-10,2560.35,2694.49,2627.82,2661.87,109998.03360165
2025-02-11,2560.49,2725.74,2661.84,2602.03,129799.77478026
2025-02-12,2548.0,2796.89,2602.08,2738.58,162873.98962217
2025-02-13,2613.25,2758.18,2738.84,2676.09,127721.98336554
2025-02-14,2664.64,2793.44,2676.29,2726.32,128927.50134811
2025-02-15,2664.22,2739.55,2726.36,2693.58,40084.20408191
2025-02-16,2652.55,2726.58,2693.58,2661.51,52326.61083108
2025-02-17,2638.43,2849.53,2661.51,2744.1,137419.86385484
2025-02-18,2604.48,2756.5,2744.11,2670.59,133442.2018924
2025-02-19,2654.68,2736.29,2670.57,2715.27,100984.73251454
2025-02-20,2707.15,2771.9,2715.3,2738.65,88538.81529699
2025-02-21,2614.08,2846.53,2738.64,2661.69,298706.61877983
2025-02-22,2652.08,2797.81,2661.68,2763.5,83103.0458881
2025-02-23,2745.5,2855.23,2763.53,2819.63,95606.18967107
2025-02-24,2471.74,2839.81,2819.77,2513.35,199034.77624736
2025-02-25,2319.86,2530.99,2513.33,2492.37,367833.55676734
2025-02-26,2251.01,2504.18,2492.54,2332.93,225247.77404589
2025-02-27,2227.04,2379.47,2332.98,2305.21,161479.6523548
2025-02-28,2073.34,2312.05,2305.41,2236.36,349901.13722453
2025-03-01,2142.04,2280.48,2236.74,2216.51,87043.0102361
2025-03-02,2172.59,2551.49,2216.82,2518.39,315998.58200778
2025-03-03,2094.27,2523.84,2518.4,2147.53,322327.3085523
2025-03-04,1991.21,2222.15,2147.64,2170.92,432432.0996775
2025-03-05,2154.64,2273.29,2171.0,2241.53,165354.51710988
2025-03-06,2176.0,2320.0,2241.63,2202.42,155071.09381971
2025-03-07,2102.21,2258.02,2202.03,2140.81,262699.28057767
2025-03-08,2104.67,2234.05,2140.81,2203.03,57548.29986961
2025-03-09,1988.3,2211.66,2203.03,2020.02,127517.5417569
2025-03-10,1809.49,2152.48,2020.02,1864.12,362167.30853475
2025-03-11,1754.13,1962.83,1864.52,1923.08,340034.80127314
2025-03-12,1829.49,1956.15,1923.02,1907.93,227178.14493919
2025-03-13,1820.86,1922.09,1907.88,1863.81,156763.1076532
2025-03-14,1860.46,1946.0,1863.8,1911.65,95560.30533948
2025-03-15,1903.69,1957.51,1911.55,1937.61,37624.28395569
2025-03-16,1860.49,1940.96,1937.4,1886.8,50658.46951025
2025-03-17,1879.8,1952.24,1886.79,1926.28,80268.22626745
2025-03-18,1871.64,1935.7,1926.2,1931.25,98061.93923964
2025-03-19,1927.63,2070.6,1931.24,2057.06,196188.24544574
2025-03-20,1951.12,2068.58,2056.93,1982.67,117335.61367471
2025-03-21,1936.0,1995.27,1982.45,1964.98,82472.92563047
2025-03-22,1963.76,2005.99,1965.04,1980.35,40334.50630982
2025-03-23,1976.6,2020.54,1980.43,2005.97,48751.22482465
2025-03-24,1977.42,2104.21,2006.14,2081.62,140535.73445256
2025-03-25,2037.39,2098.11,2081.61,2066.78,78429.61811816
2025-03-26,1981.4,2079.35,2066.75,2009.72,122121.17620874
2025-03-27,1986.83,2037.61,2009.65,2003.32,85676.54038226
2025-03-28,1860.86,2015.78,2003.18,1896.23,231796.08413787
2025-03-29,1797.51,1912.8,1896.21,1827.39,103414.81225118
2025-03-30,1767.1,1848.27,1827.43,1807.31,100497.70390842
2025-03-31,1776.43,1854.2,1807.51,1822.03,139811.10321108
2025-04-01,1817.71,1928.2,1822.05,1905.13,145912.60901118
2025-04-02,1781.21,1956.55,1905.13,1794.7,257321.35292484
2025-04-03,1750.0,1845.09,1794.77,1816.36,186281.09068551
2025-04-04,1758.5,1835.49,1816.33,1816.39,215577.6441354
2025-04-05,1764.1,1826.71,1816.34,1805.09,40241.31817836
2025-04-06,1535.06,1816.28,1805.16,1579.77,269650.3588939
2025-04-07,1411.0,1638.82,1579.8,1552.64,698812.70148075
2025-04-08,1444.37,1618.25,1552.37,1471.94,261089.46902982
2025-04-09,1383.26,1688.99,1472.11,1669.27,398819.27794972
2025-04-10,1471.63,1669.52,1669.15,1521.51,228219.61361863
2025-04-11,1504.0,1590.84,1521.08,1566.13,143453.42676045
2025-04-12,1544.36,1668.88,1565.95,1643.85,87012.16952171
2025-04-13,1562.0,1649.37,1643.82,1597.04,111889.23396001
2025-04-14,1595.06,1691.0,1597.04,1624.03,130644.29007707
2025-04-15,1583.15,1660.98,1623.61,1588.64,112545.45377041
2025-04-16,1538.02,1613.22,1588.48,1577.27,119238.8795804
2025-04-17,1562.35,1616.85,1577.3,1583.83,92253.60889083
2025-04-18,1573.7,1600.74,1583.86,1588.57,37357.55064718
2025-04-19,1585.02,1630.98,1588.61,1612.87,48914.4709325
2025-04-20,1565.64,1619.14,1612.97,1587.32,64780.491809
2025-04-21,1563.06,1658.55,1587.42,1579.55,143500.37227559
2025-04-22,1538.75,1778.92,1579.54,1757.0,332380.92058947
2025-04-23,1746.09,1835.74,1757.09,1795.92,267882.65660226
2025-04-24,1723.01,1803.33,1795.81,1770.41,161354.7148951
2025-04-25,1740.0,1828.9,1770.42,1785.95,191388.58108656
2025-04-26,1779.84,1841.66,1785.8,1821.6,75293.67103679
2025-04-27,1782.9,1857.85,1821.77,1791.88,68093.85600352
2025-04-28,1744.9,1829.0,1791.89,1800.26,208134.44795148
2025-04-29,1780.6,1843.28,1800.31,1798.21,144125.8069908
2025-04-30,1732.44,1817.43,1798.2,1793.79,132367.23008547
2025-05-01,1792.67,1874.48,1793.92,1838.82,139494.50395249
2025-05-02,1813.43,1871.95,1838.78,1842.98,93279.26608996
2025-05-03,1810.38,1849.27,1842.98,1834.03,45010.41020982
2025-05-04,1803.01,1850.21,1834.11,1809.0,40428.72920351
2025-05-05,1781.7,1833.51,1808.82,1820.15,85196.59584097
2025-05-06,1751.45,1820.64,1820.2,1817.06,91421.48339979
2025-05-07,1787.01,1850.94,1817.06,1811.35,138712.13157438
2025-05-08,1808.61,2225.52,1811.36,2207.09,329557.78516842
2025-05-09,2184.39,2490.66,2206.84,2345.29,367944.3292584
2025-05-10,2317.73,2600.6,2345.42,2583.8,190174.27767839
2025-05-11,2436.47,2609.0,2583.09,2514.79,143648.21932596
2025-05-12,2407.41,2625.0,2514.79,2495.83,246104.50649036
2025-05-13,2415.65,2739.05,2495.61,2679.88,209696.06797506
2025-05-14,2547.75,2725.0,2679.82,2610.31,176653.34640214
2025-05-15,2475.0,2647.1,2610.47,2548.84,162116.56760589
2025-05-16,2530.31,2648.88,2549.16,2538.02,122465.4564135
2025-05-17,2446.89,2539.48,2537.9,2476.11,78215.46124074
2025-05-18,2323.0,2588.25,2476.11,2498.24,134969.08574025
2025-05-19,2349.73,2547.73,2498.63,2528.71,216868.76047746
2025-05-20,2444.4,2588.58,2529.28,2525.05,129646.38919276
2025-05-21,2452.79,2617.15,2525.05,2551.73,218788.745073
2025-05-22,2545.4,2692.99,2552.12,2665.39,196307.76694511
2025-05-23,2500.0,2734.04,2665.59,2527.02,201851.50906055
2025-05-24,2515.72,2577.57,2526.83,2530.99,40630.87226987
2025-05-25,2463.37,2555.3,2531.34,2552.32,58254.46870874
2025-05-26,2526.98,2600.8,2552.44,2564.32,56978.02353915
2025-05-27,2510.54,2713.78,2564.71,2662.04,166072.34229434
2025-05-28,2609.9,2690.33,2662.18,2682.16,115559.76273561
2025-05-29,2618.88,2789.5,2682.44,2631.68,191128.81924232
2025-05-30,2507.8,2649.91,2631.41,2531.94,129873.34038728
2025-05-31,2476.84,2551.67,2531.92,2529.31,51370.13572435
2025-06-01,2470.5,2550.0,2529.31,2540.38,53153.06712416
2025-06-02,2476.13,2616.87,2540.4,2609.29,127353.9733552
2025-06-03,2575.75,2657.74,2609.29,2595.03,175792.32687578
2025-06-04,2584.05,2681.0,2595.03,2609.07,105615.84491827
2025-06-05,2392.16,2642.53,2609.19,2415.34,205698.4186583
2025-06-06,2384.0,2533.09,2415.31,2478.24,127162.33645658
2025-06-07,2457.88,2545.0,2478.38,2526.14,35850.95849949
2025-06-08,2492.84,2549.57,2525.94,2510.78,33630.83013396
2025-06-09,2479.09,2695.2,2510.77,2681.29,117024.8957477
2025-06-10,2657.11,2827.18,2681.25,2816.5,268557.67044312
2025-06-11,2743.0,2880.0,2816.69,2772.39,179356.72494173
2025-06-12,2615.0,2785.93,2772.39,2643.8,152072.49988479
2025-06-13,2439.17,2646.79,2643.81,2580.21,283876.86464992
2025-06-14,2490.0,2580.86,2580.25,2531.97,67625.03115586
2025-06-15,2492.42,2559.94,2531.98,2548.03,48636.95574774
2025-06-16,2515.23,2681.97,2547.95,2545.27,177468.3139788
2025-06-17,2454.0,2619.44,2545.41,2510.7,163609.0001351
2025-06-18,2466.38,2548.52,2510.64,2525.54,92285.01272137
2025-06-19,2485.37,2548.35,2525.49,2521.52,51487.65047448
2025-06-20,2367.58,2569.2,2521.79,2407.2,140932.28117073
2025-06-21,2217.06,2449.05,2407.2,2297.28,107608.7542578
2025-06-22,2113.0,2315.15,2297.26,2228.46,224937.83363588
2025-06-23,2189.11,2440.0,2228.46,2413.0,219164.75168992
2025-06-24,2377.79,2483.38,2412.81,2449.87,156696.78441766
2025-06-25,2391.15,2470.19,2449.74,2420.09,123451.65827947
2025-06-26,2395.0,2521.67,2420.09,2417.4,114621.88775791
2025-06-27,2381.26,2464.69,2417.21,2424.2,96456.08851832
2025-06-28,2407.03,2448.97,2424.24,2437.08,29496.9317339
2025-06-29,2413.36,2526.27,2437.08,2500.69,47090.69337747
2025-06-30,2433.97,2524.85,2500.7,2486.15,115164.67938137
2025-07-01,2386.96,2501.45,2486.16,2405.32,78850.04742822
2025-07-02,2372.62,2619.98,2405.41,2571.13,167801.93789726
2025-07-03,2557.21,2637.96,2571.13,2592.13,115059.14879727
2025-07-04,2475.0,2603.7,2592.14,2508.8,77877.16679488
2025-07-05,2488.4,2530.42,2508.79,2517.01,22282.7328538
2025-07-06,2504.27,2605.38,2517.02,2570.84,41033.07311666
2025-07-07,2512.76,2591.15,2570.81,2542.38,79624.16907512
2025-07-08,2523.58,2628.95,2542.39,2616.52,100288.23984643
2025-07-09,2590.47,2797.83,2616.35,2769.83,186502.61069478
2025-07-10,2756.22,3000.0,2769.83,2951.22,236543.69036785
2025-07-11,2913.58,3040.8,2951.87,2959.12,230285.8494589
2025-07-12,2905.29,2981.01,2959.22,2944.37,63678.56454793
2025-07-13,2937.0,3022.0,2944.48,2973.38,70227.25148441
2025-07-14,2964.2,3083.52,2973.48,3014.53,192451.97265422
2025-07-15,2933.0,3144.81,3014.41,3138.01,179476.73196827
2025-07-16,3101.25,3425.89,3138.79,3373.12,292334.52407204
2025-07-17,3311.01,3526.73,3373.2,3479.77,274593.74925785
2025-07-18,3461.68,3677.4,3479.78,3549.67,337824.83515568
2025-07-19,3508.66,3610.85,3549.66,3594.3,83316.75149516
2025-07-20,3581.22,3825.36,3594.31,3758.6,146787.12978622
2025-07-21,3703.76,3860.8,3758.66,3763.75,221705.85764009
2025-07-22,3617.47,3801.63,3763.75,3748.62,225021.75942135
2025-07-23,3528.43,3766.79,3748.62,3630.34,211546.24270422
2025-07-24,3507.78,3775.0,3630.41,3708.6,224420.86882496
2025-07-25,3574.39,3747.76,3708.88,3725.84,217042.92308788
2025-07-26,3699.02,3795.0,3725.84,3743.06,72302.973587
2025-07-27,3731.71,3880.23,3743.05,3873.92,77968.55076879
2025-07-28,3753.15,3941.86,3873.92,3799.46,199027.60346952
2025-07-29,3715.14,3886.01,3799.44,3793.4,138313.68335934
2025-07-30,3676.67,3833.68,3793.5,3810.44,119425.78709017
2025-07-31,3680.01,3878.32,3810.45,3698.07,101490.47064491
2025-08-01,3429.44,3724.7,3697.85,3486.39,214413.30257873
2025-08-02,3368.03,3536.77,3486.29,3392.8,125995.90627221
2025-08-03,3354.56,3521.96,3392.81,3497.31,56152.10527646
2025-08-04,3491.5,3737.27,3497.31,3720.87,128256.57360012
2025-08-05,3546.05,3721.53,3720.86,3611.57,114099.28155356
2025-08-06,3563.44,3699.81,3611.79,3683.8,123751.95784805
2025-08-07,3647.87,3928.65,3683.78,3911.28,215879.45364256
2025-08-08,3880.19,4071.21,3910.92,4011.0,283924.61832068
2025-08-09,4007.14,4326.34,4010.72,4262.46,201072.28837789
2025-08-10,4161.16,4333.13,4262.45,4251.91,135684.68640911
2025-08-11,4165.86,4365.97,4251.89,4224.48,256938.33538629
2025-08-12,4219.92,4638.0,4224.45,4589.88,344450.27634218
2025-08-13,4562.87,4786.36,4589.71,4751.46,324934.36944854
2025-08-14,4446.15,4792.0,4751.54,4550.59,344363.7591017
2025-08-15,4370.0,4671.6,4550.83,4442.56,241688.82570246
2025-08-16,4376.02,4495.15,4442.55,4425.13,81370.11239552
2025-08-17,4397.65,4577.71,4425.49,4475.47,104186.64462627
2025-08-18,4227.01,4484.57,4475.47,4315.37,224168.99724414
2025-08-19,4066.2,4356.88,4315.95,4075.89,266984.37093954
2025-08-20,4062.24,4378.23,4075.13,4336.41,204393.53249278
2025-08-21,4203.81,4340.41,4336.42,4224.43,135477.16502351
2025-08-22,4204.86,4886.1,4224.17,4831.24,382321.64289869
2025-08-23,4660.55,4830.91,4830.18,4776.73,97399.85594592
2025-08-24,4710.0,4955.9,4776.73,4779.87,158333.15493157
2025-08-25,4335.66,4797.7,4779.52,4377.02,257426.71057578
2025-08-26,4311.68,4634.71,4377.02,4601.64,241823.89422103
2025-08-27,4481.39,4664.43,4601.63,4506.95,182804.11996722
2025-08-28,4428.0,4635.0,4506.95,4511.3,139168.54135212
2025-08-29,4268.0,4516.95,4511.3,4360.2,187412.576106
2025-08-30,4257.17,4415.29,4360.21,4374.58,66655.29676488
2025-08-31,4373.06,4498.95,4374.48,4391.91,83463.56830359
2025-09-01,4209.01,4490.0,4391.9,4314.76,119463.39453363
2025-09-02,4256.27,4417.24,4314.87,4326.57,144877.84602714
2025-09-03,4283.09,4495.45,4326.52,4452.4,143077.06609651
2025-09-04,4265.3,4484.7,4452.39,4298.37,177760.02779911
2025-09-05,4253.0,4490.0,4298.09,4307.65,209546.87120895
2025-09-06,4237.13,4328.69,4307.65,4274.15,41875.25454685
2025-09-07,4270.13,4336.44,4274.24,4305.56,37354.50429946
2025-09-08,4278.78,4384.24,4305.01,4305.84,135970.0065259
2025-09-09,4276.33,4382.03,4305.85,4309.93,110554.67476563
2025-09-10,4283.77,4454.5,4309.94,4350.0,133832.27705062
2025-09-11,4339.12,4480.92,4350.38,4460.51,128739.9909512
2025-09-12,4452.17,4744.75,4460.52,4714.66,195085.25198337
2025-09-13,4607.0,4768.6,4714.66,4669.0,74925.80480158
2025-09-14,4579.44,4694.53,4669.0,4605.93,46791.47622757
2025-09-15,4464.68,4672.0,4605.93,4524.56,117720.34314937
2025-09-16,4425.0,4538.85,4524.68,4502.7,119821.33855279
2025-09-17,4416.02,4619.18,4502.7,4592.17,164384.79307111
2025-09-18,4555.02,4646.81,4592.17,4589.4,125688.22234093
2025-09-19,4437.45,4622.25,4589.4,4471.0,97288.06053699
2025-09-20,4456.79,4513.01,4470.99,4482.69,39081.2744386
2025-09-21,4445.26,4501.1,4482.43,4447.03,37295.56770455
2025-09-22,4058.85,4458.0,4447.34,4202.42,211133.84496602
2025-09-23,4117.78,4233.0,4202.3,4165.19,100228.30178808
2025-09-24,4076.0,4208.22,4165.18,4153.9,83346.81253793
2025-09-25,3825.0,4162.65,4153.9,3875.7,282687.98643677
2025-09-26,3869.14,4071.17,3875.74,4034.27,155666.90690747
2025-09-27,3974.5,4040.95,4034.2,4020.35,41729.01532417
2025-09-28,3967.22,4145.96,4020.34,4143.25,61349.14384314
2025-09-29,4084.0,4239.99,4143.36,4217.25,111587.56348085
2025-09-30,4093.0,4248.99,4217.16,4145.99,112394.45769006
2025-10-01,4123.35,4358.96,4145.98,4350.52,151382.25097815
2025-10-02,4335.01,4521.03,4350.52,4487.49,153389.71044144
2025-10-03,4430.08,4596.19,4487.3,4515.89,194121.46395236
2025-10-04,4442.6,4521.34,4515.89,4490.01,51384.17568724
2025-10-05,4469.69,4619.31,4489.86,4515.4,85645.8875434
2025-10-06,4489.11,4739.46,4515.4,4686.32,180142.07592977
2025-10-07,4432.47,4759.16,4686.33,4449.8,198779.53212198
2025-10-08,4411.13,4559.89,4449.81,4527.3,133876.75247388
2025-10-09,4266.83,4532.97,4526.93,4370.9,141076.62781726
2025-10-10,3510.0,4397.03,4370.72,3836.15,386709.49939687
2025-10-11,3648.28,3887.34,3836.89,3750.6,155467.48573337
2025-10-12,3698.71,4200.28,3750.8,4156.21,151733.45389149
2025-10-13,4045.49,4295.57,4156.38,4244.69,153339.31784774
2025-10-14,3892.16,4267.41,4244.69,4126.39,243536.31872992
2025-10-15,3930.31,4218.58,4126.26,3987.53,157726.70619812
2025-10-16,3826.72,4090.0,3987.28,3894.91,161382.6010111
2025-10-17,3673.64,3952.8,3895.0,3832.99,202879.86788105
2025-10-18,3820.14,3930.25,3832.86,3890.4,45567.63757722
2025-10-19,3829.23,4032.4,3890.4,3983.89,89989.11920544
2025-10-20,3908.36,4086.0,3984.11,3980.42,100967.70620232
2025-10-21,3838.88,4113.15,3980.43,3874.57,167898.09575775
2025-10-22,3711.49,3891.6,3874.8,3806.12,144557.44893026
2025-10-23,3796.77,3936.1,3806.25,3858.41,112678.89994476
2025-10-24,3847.36,4024.31,3858.41,3936.1,122248.90258364
2025-10-25,3911.88,3965.44,3936.1,3954.52,25280.14115745
2025-10-26,3919.34,4178.82,3954.5,4158.81,65472.37802493
2025-10-27,4094.72,4254.23,4159.05,4120.1,131419.43492108
2025-10-28,3931.8,4177.54,4120.0,3980.25,112997.59147629
2025-10-29,3838.0,4038.7,3980.2,3904.2,118300.54341506
2025-10-30,3676.04,3949.34,3904.17,3804.02,139553.89852977
2025-10-31,3795.51,3903.62,3804.24,3845.79,123546.29718716
2025-11-01,3829.2,3908.94,3846.44,3872.16,26667.45704268
2025-11-02,3838.27,3916.5,3872.07,3905.97,31963.95389787
2025-11-03,3552.4,3914.06,3906.01,3602.88,167062.25570553
2025-11-04,3055.0,3653.6,3602.88,3286.21,314015.40004056
2025-11-05,3165.58,3481.76,3286.41,3423.89,205596.700027
2025-11-06,3243.6,3455.93,3423.9,3313.46,188062.26831086
2025-11-07,3191.02,3472.1,3313.47,3433.71,175288.79692612
2025-11-08,3354.41,3487.39,3433.92,3400.46,75557.97738948
2025-11-09,3356.85,3622.45,3400.47,3582.92,97906.75276072
2025-11-10,3505.14,3658.38,3582.92,3566.49,124625.79870813
2025-11-11,3403.41,3647.38,3566.41,3416.54,122912.10083045
2025-11-12,3371.59,3587.94,3416.54,3414.06,130120.8908459
2025-11-13,3150.0,3564.4,3414.06,3229.65,207375.27877133
2025-11-14,3067.74,3255.0,3229.68,3109.49,193349.98553734
2025-11-15,3108.21,3228.54,3109.89,3166.3,60465.46978573
2025-11-16,3001.13,3246.44,3166.3,3092.25,113366.47629324
2025-11-17,2955.01,3221.13,3092.24,3027.89,195102.07233124
2025-11-18,2943.75,3168.98,3027.89,3121.74,200616.77009048
2025-11-19,2868.5,3124.1,3121.5,3023.1,245497.12319725
2025-11-20,2786.9,3061.05,3023.11,2830.59,215908.80878084
2025-11-21,2620.0,2882.31,2830.31,2763.99,289458.97165947
2025-11-22,2702.71,2797.86,2763.99,2768.5,93138.03438977
2025-11-23,2766.72,2857.19,2768.4,2801.14,103122.45973534
2025-11-24,2762.0,2985.82,2801.14,2952.59,183914.24759294
2025-11-25,2854.98,2979.0,2952.58,2958.17,129153.15107452
2025-11-26,2887.88,3044.78,2958.17,3026.43,105309.10876742
2025-11-27,2983.79,3071.58,3026.34,3014.86,73449.92905273
2025-11-28,2993.63,3099.0,3014.9,3031.86,128095.41347223
2025-11-29,2963.0,3053.53,3031.86,2990.31,59997.88078648
2025-11-30,2976.98,3053.78,2990.3,2991.9,42972.80053891
2025-12-01,2716.82,3000.07,2991.68,2798.3,173487.80302209
2025-12-02,2781.87,3034.84,2798.25,2996.7,128062.03226086
2025-12-03,2986.28,3214.99,2996.6,3189.79,166820.22275226
2025-12-04,3067.09,3241.57,3189.8,3134.13,146083.73369148
2025-12-05,2985.36,3194.24,3134.09,3022.61,139256.13602594
2025-12-06,3012.66,3068.83,3022.51,3039.13,36886.93732815
2025-12-07,2910.08,3150.2,3039.12,3061.0,73740.78542865
2025-12-08,3040.27,3180.0,3060.71,3124.93,118930.55246979
2025-12-09,3090.92,3398.0,3124.93,3318.54,135391.03238959
2025-12-10,3288.78,3477.44,3318.24,3325.02,124648.6028813
2025-12-11,3145.53,3328.54,3325.26,3237.4,144773.67579285
2025-12-12,3045.3,3266.95,3237.7,3084.91,120880.53475436
2025-12-13,3079.05,3135.78,3084.91,3115.0,33885.15056189
2025-12-14,3025.14,3130.35,3115.0,3063.3,52828.2429336
2025-12-15,2893.38,3178.0,3063.44,2964.4,188580.10039244
2025-12-16,2878.01,2981.8,2964.51,2961.96,108885.75640921
2025-12-17,2790.01,3028.99,2961.99,2832.25,153896.3781066
2025-12-18,2773.42,2995.99,2832.25,2826.57,150314.12370061
2025-12-19,2806.9,3017.41,2826.57,2978.03,120797.81921161
2025-12-20,2964.43,2992.98,2977.95,2976.6,22537.36877657
2025-12-21,2943.0,3012.25,2976.7,3001.42,38659.49857414
2025-12-22,2962.08,3075.84,3001.37,3007.69,97545.57724577
2025-12-23,2900.0,3033.98,3007.62,2962.85,87383.52700078
2025-12-24,2886.35,2976.3,2962.71,2945.07,73342.07583396
2025-12-25,2889.03,2969.34,2944.96,2902.34,31419.70884907
2025-12-26,2892.35,2991.8,2902.34,2925.43,65611.25452567
2025-12-27,2915.39,2958.84,2925.58,2946.6,17100.49298785
2025-12-28,2923.24,2958.89,2946.34,2948.92,20908.58592207
2025-12-29,2907.07,3054.7,2948.91,2934.19,88554.14320991
2025-12-30,2915.01,3005.9,2934.18,2970.42,113086.56309377
2025-12-31,2958.07,3024.29,2970.42,2966.84,84906.66933587
2026-01-01,2966.2,3006.97,2966.68,3000.41,31274.2034847
2026-01-02,2988.41,3148.99,3000.41,3125.24,156570.8612605
2026-01-03,3075.2,3135.93,3124.62,3125.43,39093.70486454
2026-01-04,3117.71,3166.32,3125.53,3143.14,45533.73655067
2026-01-05,3132.79,3264.66,3143.15,3225.19,116202.42497422
2026-01-06,3181.62,3307.72,3225.19,3295.59,120521.49963554
2026-01-07,3121.68,3295.83,3295.58,3165.64,120187.64882991
2026-01-08,3050.2,3182.0,3165.67,3104.3,123784.90554436
2026-01-09,3053.69,3145.01,3104.29,3084.31,105429.69239068
2026-01-10,3074.0,3101.47,3084.3,3082.39,21670.68894315
2026-01-11,3080.29,3142.41,3082.4,3118.65,38157.04305369
2026-01-12,3062.02,3167.27,3118.82,3091.94,88338.00436696
2026-01-13,3087.93,3375.0,3091.94,3323.38,130752.63257942
2026-01-14,3278.45,3405.03,3323.37,3354.82,168871.62431704
2026-01-15,3270.58,3384.32,3354.82,3317.98,137640.67755377
2026-01-16,3250.83,3326.59,3317.98,3294.88,87030.08309374
2026-01-17,3282.3,3329.02,3294.87,3309.33,20339.38672031
2026-01-18,3276.92,3367.65,3309.0,3282.55,34435.3169577
2026-01-19,3162.86,3282.71,3282.5,3187.51,83088.29353263
2026-01-20,2912.52,3198.16,3187.17,2936.5,128671.13095088
2026-01-21,2863.4,3066.65,2936.5,2979.6,168165.2321748
2026-01-22,2902.91,3035.84,2979.59,2949.36,118196.4248216
2026-01-23,2888.01,3015.0,2949.36,2952.77,103986.36773647
2026-01-24,2939.8,2966.14,2952.76,2948.86,29942.09293195
2026-01-25,2783.26,2956.13,2948.85,2814.28,100921.28333024
2026-01-26,2809.43,2948.49,2814.19,2926.85,135029.2158281
2026-01-27,2895.61,3031.39,2926.89,3021.91,114381.14515769
2026-01-28,2979.21,3041.67,3021.9,3006.17,108171.16245197
2026-01-29,2750.36,3009.5,3006.17,2817.79,177140.15522134
2026-01-30,2632.39,2824.54,2817.78,2702.69,206345.03143941
2026-01-31,2238.74,2710.09,2702.68,2449.36,236036.47844218
2026-02-01,2218.57,2473.86,2449.44,2268.18,168839.93353968
2026-02-02,2156.25,2395.59,2268.24,2345.11,296747.25726593
2026-02-03,2108.24,2357.76,2344.8,2230.48,330270.90869692
2026-02-04,2072.57,2292.56,2230.48,2143.57,320920.4352572
2026-02-05,1814.19,2169.01,2143.2,1823.2,464003.04620229
2026-02-06,1742.79,2092.83,1823.11,2061.95,451365.13255963
2026-02-07,1993.46,2119.74,2061.95,2086.17,192545.45852236
2026-02-08,2064.96,2150.0,2086.19,2088.42,121252.98101963
2026-02-09,2006.88,2146.76,2088.36,2103.83,228127.87563129
2026-02-10,1988.0,2123.22,2103.83,2021.71,213966.420435
2026-02-11,1901.31,2031.41,2021.7,1939.45,227202.64243775
2026-02-12,1895.56,2000.29,1939.9,1946.11,172231.12506456
2026-02-13,1923.2,2072.06,1946.11,2047.48,216798.30582469
2026-02-14,2041.04,2106.41,2047.58,2085.4,70592.89786878
2026-02-15,1927.48,2101.78,2085.47,1965.36,123812.19170979
2026-02-16,1936.44,2022.48,1965.48,1997.28,97967.28653274
2026-02-17,1940.16,2015.5,1997.28,1990.83,164705.51966895
2026-02-18,1922.59,2038.2,1990.84,1955.01,176455.34215612
2026-02-19,1905.12,1986.59,1955.04,1948.16,134714.77993462
2026-02-20,1922.31,1981.39,1948.19,1968.13,151107.68969076
2026-02-21,1955.04,1995.0,1968.14,1973.0,47046.21307684
2026-02-22,1934.04,1982.78,1972.93,1956.84,54638.7090849
2026-02-23,1836.96,1958.13,1956.96,1855.52,220044.05459508
2026-02-24,1800.09,1868.92,1855.53,1851.94,198610.32724686
2026-02-25,1845.98,2148.44,1852.0,2057.71,303193.14292721
2026-02-26,1975.11,2083.57,2057.7,2027.9,205616.57814145
2026-02-27,1887.04,2063.99,2027.59,1929.61,237872.58254425
2026-02-28,1835.46,1984.9,1929.61,1964.71,129828.80621692
2026-03-01,1907.99,2054.56,1964.7,1939.68,142846.49675678
2026-03-02,1920.0,2089.49,1939.67,2027.49,278981.4823567
2026-03-03,1927.75,2041.93,2027.59,1982.87,227239.66987917
2026-03-04,1942.58,2200.0,1982.96,2127.61,297238.17060263
2026-03-05,2054.4,2164.34,2127.6,2072.99,207407.42726199
2026-03-06,1955.49,2093.4,2073.19,1978.49,240275.16118635
2026-03-07,1948.09,1996.51,1978.49,1969.61,54989.61283322
2026-03-08,1911.64,2008.09,1969.61,1936.93,143369.8237907
2026-03-09,1929.61,2054.09,1936.97,1993.19,214052.9464571
2026-03-10,1991.09,2088.83,1993.18,2036.8,175603.57671898
2026-03-11,2007.0,2086.49,2037.0,2052.25,166606.19178915
2026-03-12,2018.15,2096.09,2052.42,2074.0,154623.30875251
2026-03-13,2070.09,2211.62,2073.78,2092.81,224337.3952471
2026-03-14,2061.91,2106.06,2092.81,2096.7,50376.20374437
2026-03-15,2083.87,2203.09,2096.7,2178.67,93011.4795932
2026-03-16,2165.0,2386.23,2178.6,2352.94,234997.84483404
2026-03-17,2296.2,2376.79,2352.94,2318.03,171657.03184328
2026-03-18,2153.0,2351.09,2318.15,2203.47,186288.76368283
2026-03-19,2098.94,2233.69,2203.46,2137.98,159107.97208938
2026-03-20,2115.85,2176.62,2137.65,2145.89,145036.3382477
2026-03-21,2070.71,2167.71,2145.89,2084.64,33550.16550032
2026-03-22,2025.65,2126.45,2084.61,2053.49,77364.65405327
2026-03-23,2022.32,2198.32,2053.36,2151.71,226656.73790984
2026-03-24,2101.61,2175.42,2151.7,2155.56,148291.72276348
2026-03-25,2145.64,2199.81,2155.55,2167.98,157354.28623851
2026-03-26,2032.63,2171.39,2167.98,2058.74,179277.52424234
2026-03-27,1970.04,2076.09,2058.74,1991.55,177137.48590475
2026-03-28,1981.05,2044.47,1991.55,1992.98,42899.07582906
2026-03-29,1937.59,2017.77,1992.98,1982.96,51364.90577402
2026-03-30,1978.46,2083.73,1983.04,2024.6,195033.34811355
2026-03-31,2010.09,2121.66,2024.58,2103.61,211440.25417756
2026-04-01,2080.26,2167.56,2103.41,2140.21,161889.43792733
2026-04-02,2015.85,2159.16,2140.1,2056.78,191424.47680924
2026-04-03,2040.65,2081.74,2056.78,2053.52,60282.11864097
2026-04-04,2043.9,2083.32,2053.5,2065.17,31874.8135356
2026-04-05,2020.97,2122.79,2065.14,2109.24,53337.08165745
2026-04-06,2087.83,2174.86,2109.33,2107.39,186313.39079438
2026-04-07,2059.82,2272.86,2107.25,2239.68,244873.49846712
2026-04-08,2179.99,2271.6,2239.61,2190.24,201960.23545395
2026-04-09,2156.8,2245.9,2190.23,2190.15,174946.76352158
2026-04-10,2175.99,2301.64,2190.3,2246.29,196113.92072075
2026-04-11,2230.01,2330.56,2246.28,2285.79,71679.81618423
2026-04-12,2175.89,2289.58,2285.79,2191.8,93167.72448552
2026-04-13,2174.31,2395.0,2191.77,2370.28,223975.11564396
2026-04-14,2304.1,2417.4,2370.27,2323.58,193244.88521555
2026-04-15,2308.66,2387.08,2323.5,2360.6,134337.22308427
2026-04-16,2285.32,2370.34,2360.64,2348.61,156324.04548823
2026-04-17,2317.02,2466.5,2348.61,2419.81,198401.65083921
2026-04-18,2339.8,2428.51,2419.8,2351.36,58770.85463949
2026-04-19,2252.06,2356.7,2351.38,2263.89,79914.81620933
2026-04-20,2260.51,2347.8,2263.9,2314.79,157083.64716001
2026-04-21,2284.66,2339.58,2314.64,2328.0,145106.09601838
2026-04-22,2313.5,2425.0,2328.0,2375.21,201099.52507044
2026-04-23,2285.26,2383.04,2375.3,2331.08,172210.87607232
2026-04-24,2299.87,2338.55,2331.2,2315.81,148711.0057447
2026-04-25,2301.18,2323.79,2315.8,2319.97,30539.35592844
2026-04-26,2307.01,2405.0,2319.93,2370.47,76635.40841673
2026-04-27,2263.8,2405.01,2370.47,2303.44,166257.737196
2026-04-28,2256.82,2310.97,2303.59,2289.29,100075.8607295
2026-04-29,2218.65,2347.49,2289.28,2251.85,211218.07631847
2026-04-30,2230.15,2278.5,2251.98,2256.8,113600.48732022
2026-05-01,2256.34,2326.59,2256.8,2295.54,136833.75963697
2026-05-02,2292.7,2342.22,2295.54,2316.89,25959.04817209
2026-05-03,2297.59,2356.38,2316.88,2322.5,39258.04201479
2026-05-04,2308.36,2399.68,2322.48,2346.95,201514.06265736
2026-05-05,2344.76,2400.16,2346.96,2360.5,105257.66965682
2026-05-06,2337.12,2424.0,2360.5,2350.66,155816.20226202
2026-05-07,2279.69,2352.47,2350.65,2290.81,112568.32393233
2026-05-08,2269.55,2321.44,2290.81,2307.24,36253.77775924
2026-05-09,2299.57,2337.83,2307.24,2326.16,28649.36569572
2026-05-10,2311.85,2382.48,2326.15,2371.12,62055.44366944
2026-05-11,2302.75,2375.28,2370.96,2339.39,93430.60738316
2026-05-12,2255.29,2340.45,2339.48,2274.43,111664.09992572
2026-05-13,2232.72,2323.1,2274.32,2257.85,92947.96701131
2026-05-14,2237.11,2319.78,2257.82,2283.08,130000.90141912
2026-05-15,2203.0,2299.87,2283.09,2223.0,134836.29108122
2026-05-16,2161.8,2230.45,2223.0,2179.96,46679.61569179
2026-05-17,2078.22,2197.3,2179.95,2129.74,44593.6607403
2026-05-18,2076.4,2156.48,2129.74,2128.57,164422.28980877
2026-05-19,2092.45,2145.4,2128.52,2110.06,87637.18979544
2026-05-20,2100.43,2147.59,2110.05,2127.49,80875.41732147
2026-05-21,2102.38,2155.19,2127.48,2131.96,120736.37287797
2026-05-22,2055.11,2139.39,2131.96,2063.39,94975.89132846
2026-05-23,2006.64,2146.73,2063.58,2115.04,92074.10968906
2026-05-24,2059.33,2128.94,2115.11,2097.35,54263.65695297
2026-05-25,2089.6,2139.94,2097.38,2110.91,61283.2490891
2026-05-26,2052.0,2138.55,2111.04,2070.88,152229.07735511
2026-05-27,2012.35,2094.51,2070.88,2021.64,110952.52779291
2026-05-28,1964.01,2027.08,2021.52,2006.61,158565.4794059
2026-05-29,1973.36,2043.16,2006.6,2011.65,154169.91151552
2026-05-30,1999.33,2029.35,2011.64,2019.58,38268.00736613
2026-05-31,1991.1,2034.89,2019.6,2004.0,51986.49360124
2026-06-01,1954.0,2018.48,2004.01,2004.0,143475.0246555
2026-06-02,1836.96,2004.11,2004.08,1857.32,228372.53137535
2026-06-03,1768.0,1890.1,1857.31,1810.66,257717.58935891
2026-06-04,1715.36,1818.0,1810.65,1773.14,113946.95225194
