date,low,high,open,coinbase_close,coinbase_volume
2021-01-01,123.19,134.22,124.42,126.53,495005.89206941
2021-01-02,123.8,142.21,126.53,137.13,999028.21705459
2021-01-03,135.5,164.98,137.1,161.52,1359302.40338031
2021-01-04,140.0,174.5,161.44,155.43,1288609.45497657
2021-01-05,146.62,163.36,155.48,159.03,864792.96091525
2021-01-06,155.37,169.9,159.01,169.41,861475.91623074
2021-01-07,162.0,181.25,169.45,169.75,1139850.35207682
2021-01-08,150.2,181.55,169.75,172.46,1248036.47869796
2021-01-09,163.58,179.42,172.46,177.87,719159.33210206
2021-01-10,160.62,186.34,177.9,170.21,1050079.22012166
2021-01-11,111.04,170.72,170.22,139.43,2538624.92406998
2021-01-12,128.0,146.88,139.35,133.39,1151437.30124188
2021-01-13,125.7,148.5,133.36,147.51,868082.62399309
2021-01-14,143.4,156.87,147.55,152.38,743175.0059382
2021-01-15,130.29,155.3,152.38,143.63,734295.41062156
2021-01-16,139.26,152.68,143.75,143.5,644616.17729527
2021-01-17,136.29,147.0,143.58,142.8,456112.44761885
2021-01-18,138.27,155.0,142.76,151.88,610752.27496003
2021-01-19,150.17,166.21,151.81,151.9,728847.58791126
2021-01-20,138.53,156.3,151.89,149.77,498760.05422524
2021-01-21,125.4,150.35,149.82,129.75,612256.64841475
2021-01-22,122.25,142.0,129.65,137.76,662088.44705923
2021-01-23,135.0,143.54,137.75,137.76,262547.92820686
2021-01-24,133.86,142.63,137.78,141.13,269997.41948133
2021-01-25,136.62,147.69,141.17,137.13,446787.17499634
2021-01-26,128.41,139.79,137.06,134.79,307362.49449081
2021-01-27,118.0,135.13,134.88,122.63,440010.40071072
2021-01-28,120.91,136.29,122.7,133.61,421567.72581511
2021-01-29,131.6,145.88,133.73,134.91,797262.34427069
2021-01-30,128.11,136.34,134.88,133.61,362512.92526212
2021-01-31,125.7,135.21,133.53,129.58,313954.46855087
2021-02-01,126.02,136.62,129.61,132.04,371025.50589096
2021-02-02,131.84,145.95,131.95,142.05,581092.08902155
2021-02-03,142.12,156.86,142.12,156.2,648677.39893866
2021-02-04,141.16,158.99,156.31,145.27,572190.38967315
2021-02-05,143.63,156.99,145.25,155.15,503058.75070061
2021-02-06,150.0,164.23,155.18,155.77,769217.22204908
2021-02-07,145.33,157.49,155.98,150.95,361309.14627921
2021-02-08,147.98,169.48,151.03,167.63,629544.3633159
2021-02-09,164.23,184.71,167.6,181.92,796456.09275364
2021-02-10,170.14,195.15,181.79,181.76,1085843.2024783
2021-02-11,175.79,193.65,181.73,183.8,678199.39210037
2021-02-12,176.89,199.99,183.71,197.2,772016.44510585
2021-02-13,192.0,229.52,197.2,226.62,1202918.03168112
2021-02-14,208.57,230.81,226.47,213.93,799636.00954237
2021-02-15,185.72,220.0,213.92,207.9,1027910.48458824
2021-02-16,200.18,221.95,208.1,210.17,688621.78091316
2021-02-17,203.52,237.59,210.17,237.54,833225.99715476
2021-02-18,220.7,239.11,237.52,226.65,568397.6040669
2021-02-19,220.1,241.99,226.69,236.69,642219.21560272
2021-02-20,216.08,247.0,236.68,227.17,795382.57879507
2021-02-21,220.25,233.95,227.04,227.54,498527.84605352
2021-02-22,178.0,227.72,227.57,208.23,1049019.69166626
2021-02-23,158.7,208.94,208.21,177.59,1553179.6704936
2021-02-24,168.89,189.69,177.5,181.7,736673.54631742
2021-02-25,175.21,205.2,181.59,179.47,760450.52816885
2021-02-26,162.23,182.9,179.4,170.3,713714.85098742
2021-02-27,167.23,180.48,170.27,172.01,352424.12669885
2021-02-28,153.07,173.17,171.97,165.72,574638.18435029
2021-03-01,163.54,176.82,165.58,176.01,389607.68234476
2021-03-02,170.7,185.48,176.08,179.25,457461.62814149
2021-03-03,177.15,196.71,179.27,187.61,530384.72101456
2021-03-04,177.0,194.5,187.62,180.59,411057.79016485
2021-03-05,168.58,183.53,180.59,180.3,389728.18658471
2021-03-06,174.73,184.71,180.36,182.85,270562.07972635
2021-03-07,182.33,192.14,182.88,190.74,254357.25458686
2021-03-08,180.0,195.22,190.83,191.9,357924.79201714
2021-03-09,189.01,205.2,191.91,203.98,421286.15194981
2021-03-10,191.23,208.0,204.02,200.23,496207.79764155
2021-03-11,191.08,203.45,200.32,201.47,314111.95609458
2021-03-12,198.67,224.33,201.47,220.84,723757.46809265
2021-03-13,212.7,230.0,220.83,226.09,456109.6540551
2021-03-14,214.0,227.94,226.1,214.11,256868.50842203
2021-03-15,197.65,222.44,214.02,200.82,492339.6096627
2021-03-16,191.18,205.27,200.65,201.64,370460.24272988
2021-03-17,194.25,206.88,201.67,206.04,296116.99073548
2021-03-18,198.87,208.23,206.1,199.65,321741.42992324
2021-03-19,195.8,204.95,199.74,199.91,221288.73600127
2021-03-20,198.73,206.0,199.88,200.16,179205.14625003
2021-03-21,192.37,201.95,200.16,195.53,191875.82871953
2021-03-22,185.0,199.17,195.62,185.7,264425.42582445
2021-03-23,180.71,189.51,185.73,185.85,247751.81033009
2021-03-24,172.25,197.0,185.85,175.95,348394.18554257
2021-03-25,167.78,178.24,175.95,171.48,334710.9219652
2021-03-26,171.47,183.93,171.52,183.7,228873.49471838
2021-03-27,177.75,186.24,183.71,184.14,173064.49588676
2021-03-28,180.0,187.3,184.11,184.27,154052.46599189
2021-03-29,182.28,197.54,184.24,193.66,325949.98694959
2021-03-30,190.18,200.08,193.68,195.73,247251.94168221
2021-03-31,187.15,199.0,195.74,196.88,252062.78070165
2021-04-01,194.14,204.95,196.9,202.67,286667.40876187
2021-04-02,200.79,213.56,202.74,211.5,321181.76232722
2021-04-03,195.05,217.88,211.4,195.34,317823.08064585
2021-04-04,191.9,204.74,195.26,202.26,218315.0523257
2021-04-05,198.11,225.0,202.26,221.44,550829.18683667
2021-04-06,213.0,244.54,221.42,237.09,828949.44919589
2021-04-07,211.0,242.96,237.23,219.33,763530.35248426
2021-04-08,217.0,228.0,219.2,226.24,291594.18292009
2021-04-09,218.84,228.96,226.17,221.07,235532.76037331
2021-04-10,219.02,256.63,221.12,255.94,544874.50286414
2021-04-11,244.48,262.98,256.25,252.44,481409.6304081
2021-04-12,240.14,258.69,252.31,244.35,361404.35449923
2021-04-13,244.33,273.3,244.4,267.77,577987.13293251
2021-04-14,255.0,283.2,267.77,278.85,686386.0861287
2021-04-15,266.01,291.25,278.75,286.18,518631.79087024
2021-04-16,266.21,319.94,286.18,308.75,1184360.59920071
2021-04-17,297.41,335.35,308.86,301.1,876013.94396398
2021-04-18,241.09,305.33,301.05,274.2,1395640.76309573
2021-04-19,249.06,283.69,274.13,261.56,775928.9371337
2021-04-20,233.85,276.47,261.7,261.01,904837.88455432
2021-04-21,251.17,276.97,260.87,257.78,556502.22260617
2021-04-22,239.13,289.8,257.84,252.65,933943.4808806
2021-04-23,207.1,257.07,252.74,241.67,1075371.98091985
2021-04-24,220.84,241.79,241.74,225.3,383106.56970624
2021-04-25,211.07,235.86,225.28,224.18,399366.0903442
2021-04-26,221.25,248.36,224.25,247.65,473806.36636804
2021-04-27,243.81,264.0,247.6,259.96,393941.15591105
2021-04-28,248.51,267.0,259.99,258.81,428097.52590696
2021-04-29,248.75,262.99,258.79,255.51,323987.78866021
2021-04-30,252.74,273.87,255.5,271.59,359881.27995122
2021-05-01,266.17,278.71,271.6,277.0,271898.39940726
2021-05-02,265.0,277.64,277.02,269.1,236592.90033338
2021-05-03,268.64,299.71,269.1,294.91,550293.67954926
2021-05-04,271.03,327.91,294.91,305.5,1214734.86336712
2021-05-05,300.98,360.0,305.43,356.43,1281044.26297317
2021-05-06,320.0,365.2,356.5,354.44,906905.51076159
2021-05-07,333.55,372.88,354.52,345.25,820059.10109328
2021-05-08,334.97,357.0,345.27,347.72,459286.23059221
2021-05-09,334.0,389.65,347.75,388.3,687149.21256321
2021-05-10,336.21,413.91,388.13,359.41,1162589.27791832
2021-05-11,345.33,379.87,359.35,378.16,650613.25265649
2021-05-12,301.0,394.46,378.16,310.91,1038052.41132146
2021-05-13,291.0,336.0,310.9,318.41,1055462.1029788
2021-05-14,308.46,339.62,318.3,326.67,491773.70377342
2021-05-15,296.52,332.01,326.52,300.18,508796.27016044
2021-05-16,279.38,324.19,300.11,296.11,549651.96819741
2021-05-17,261.37,296.76,296.22,281.6,824472.30656581
2021-05-18,278.49,318.43,281.5,294.13,715600.39391922
2021-05-19,145.26,300.49,294.13,186.65,1979517.3125512
2021-05-20,166.95,232.99,186.65,211.11,1469920.08172847
2021-05-21,156.94,219.79,211.15,180.23,1305376.26817431
2021-05-22,161.88,184.82,180.33,169.48,662128.28498101
2021-05-23,117.58,176.51,169.47,142.72,1313910.78805244
2021-05-24,139.86,185.57,142.73,185.42,1066742.10807403
2021-05-25,167.41,194.89,185.56,184.09,802237.79921507
2021-05-26,179.39,204.48,183.95,199.18,636113.9456062
2021-05-27,180.61,208.98,199.26,194.41,562897.02697085
2021-05-28,165.5,198.92,194.42,177.41,781738.26731908
2021-05-29,157.7,188.72,177.48,164.12,677430.24009038
2021-05-30,155.28,181.2,164.15,170.72,538593.33961416
2021-05-31,163.7,188.5,170.63,188.05,518731.03985268
2021-06-01,175.98,193.28,188.05,182.98,382106.93051135
2021-06-02,178.37,191.27,183.0,187.27,281546.76040403
2021-06-03,182.03,197.67,187.19,193.58,301137.16583651
2021-06-04,169.18,193.8,193.55,178.63,328026.48373818
2021-06-05,167.67,185.49,178.62,173.07,246503.77870196
2021-06-06,171.82,180.06,173.01,176.38,209323.8511947
2021-06-07,160.25,182.25,176.38,161.98,314008.9197124
2021-06-08,145.0,164.58,161.98,160.76,543709.07566951
2021-06-09,152.46,173.33,160.73,172.57,423830.19206403
2021-06-10,162.21,174.69,172.69,168.38,256216.55327818
2021-06-11,160.58,173.76,168.46,162.9,287615.08357665
2021-06-12,154.23,164.36,162.88,161.85,208418.73974157
2021-06-13,156.54,171.73,161.86,171.02,222849.92611976
2021-06-14,166.33,180.18,170.92,180.02,282734.13846732
2021-06-15,172.18,181.26,179.98,175.15,189931.66986973
2021-06-16,164.39,177.34,175.2,166.61,239436.79038648
2021-06-17,162.88,173.4,166.58,167.18,185436.80156591
2021-06-18,151.11,167.39,167.18,156.41,283531.28366186
2021-06-19,152.36,160.88,156.44,152.53,157026.56276912
2021-06-20,143.81,156.2,152.58,154.87,226491.35195946
2021-06-21,124.02,155.45,154.88,124.45,557738.04469492
2021-06-22,105.0,133.02,124.4,119.83,839987.08795346
2021-06-23,115.55,133.76,119.78,129.2,413114.72978183
2021-06-24,123.77,137.4,129.22,134.53,242359.68933728
2021-06-25,124.34,138.45,134.54,125.0,254565.43654921
2021-06-26,118.71,129.37,124.97,126.81,198924.10641412
2021-06-27,124.61,132.7,126.76,132.67,193643.31291421
2021-06-28,129.92,139.6,132.64,137.69,225524.84307114
2021-06-29,137.25,149.26,137.71,144.18,275539.07107194
2021-06-30,136.09,146.94,144.19,144.36,206466.49305394
2021-07-01,134.15,144.43,144.42,137.16,192826.49456614
2021-07-02,130.6,139.0,137.04,136.91,146111.40635382
2021-07-03,134.55,141.41,136.9,140.19,93221.36532276
2021-07-04,136.89,148.0,140.22,144.94,91406.59332627
2021-07-05,134.17,145.0,144.99,137.82,135617.38733173
2021-07-06,135.7,142.73,137.82,138.89,115797.14308462
2021-07-07,137.01,142.98,138.88,137.42,138259.73409181
2021-07-08,127.9,137.81,137.47,132.1,156854.0714377
2021-07-09,126.08,135.8,132.12,134.61,117814.52726038
2021-07-10,130.36,136.86,134.61,134.01,72257.74705853
2021-07-11,132.13,136.44,134.03,134.26,82591.45115304
2021-07-12,131.65,139.65,134.29,133.37,153652.48151648
2021-07-13,129.56,134.62,133.37,131.44,110477.99630521
2021-07-14,123.86,132.39,131.43,131.02,121965.85575187
2021-07-15,121.95,133.07,131.02,125.79,134766.97391234
2021-07-16,120.44,127.82,125.92,120.68,130554.60380952
2021-07-17,117.73,122.95,120.71,120.02,108808.45494968
2021-07-18,116.37,124.1,120.04,119.13,103714.04776396
2021-07-19,111.84,120.71,119.2,113.17,135210.96479477
2021-07-20,103.88,115.06,113.2,107.3,248413.40790394
2021-07-21,105.08,119.22,107.3,117.83,203854.10068571
2021-07-22,115.63,122.1,117.77,120.74,121783.80561523
2021-07-23,117.06,125.06,120.74,124.28,118715.13081923
2021-07-24,123.37,127.82,124.3,126.12,135389.55116175
2021-07-25,123.62,128.12,126.09,127.75,127952.25500464
2021-07-26,127.03,140.43,127.74,131.11,359541.42055543
2021-07-27,127.43,135.19,131.09,134.74,247001.59531521
2021-07-28,132.43,142.07,134.75,140.47,286528.35863658
2021-07-29,136.63,143.0,140.48,141.52,177678.6190261
2021-07-30,135.92,145.93,141.57,145.62,192035.3875036
2021-07-31,141.95,146.68,145.61,144.43,130109.55881696
2021-08-01,138.14,149.87,144.46,140.28,187796.35302912
2021-08-02,138.81,145.91,140.31,141.36,183456.98787082
2021-08-03,135.69,143.26,141.35,138.48,123513.48539737
2021-08-04,135.54,144.5,138.47,142.54,147775.74279442
2021-08-05,136.25,145.25,142.54,143.59,196551.82944498
2021-08-06,141.95,150.96,143.6,148.09,217727.61633752
2021-08-07,147.2,156.53,148.06,156.05,208133.59909119
2021-08-08,147.09,157.72,156.06,149.88,188841.77994737
2021-08-09,145.36,171.0,149.81,166.42,376807.81327687
2021-08-10,158.86,168.42,166.31,165.43,233705.00596673
2021-08-11,164.3,176.1,165.45,170.79,263494.03534489
2021-08-12,160.83,179.79,170.72,165.51,276424.08981661
2021-08-13,163.95,184.7,165.53,183.42,328321.12334418
2021-08-14,174.82,185.11,183.43,182.98,224239.1107917
2021-08-15,175.35,186.65,182.92,184.76,223341.65253993
2021-08-16,176.65,189.12,184.76,177.94,267171.38421808
2021-08-17,168.0,184.45,177.93,168.54,274172.62679324
2021-08-18,162.93,174.58,168.55,166.6,247513.02454585
2021-08-19,162.66,175.9,166.58,175.57,210597.63195355
2021-08-20,174.12,184.05,175.57,183.67,191226.37467495
2021-08-21,176.72,184.5,183.7,179.83,163136.59947414
2021-08-22,178.71,189.81,179.72,185.97,243484.37913948
2021-08-23,183.55,191.8,185.97,187.08,234267.74096108
2021-08-24,172.15,188.68,186.97,173.54,199712.78941399
2021-08-25,169.21,178.95,173.4,177.87,164560.64589372
2021-08-26,165.11,180.36,177.78,167.74,194575.04855421
2021-08-27,165.12,176.4,167.71,176.32,201737.52291561
2021-08-28,171.21,177.15,176.37,175.75,159434.83931485
2021-08-29,173.18,182.75,175.78,174.48,247497.6838299
2021-08-30,166.49,176.59,174.48,167.34,288992.34950092
2021-08-31,165.67,175.4,167.39,171.57,331552.77637043
2021-09-01,168.57,182.78,171.6,180.86,322373.48071463
2021-09-02,179.41,188.0,180.86,183.39,324109.73507593
2021-09-03,179.87,218.0,183.46,213.28,871559.81944932
2021-09-04,208.5,225.25,213.29,212.12,564488.87971849
2021-09-05,210.57,232.64,212.17,232.3,496688.96153408
2021-09-06,215.21,232.41,232.3,219.47,548256.67262962
2021-09-07,161.0,222.04,219.47,178.36,728410.82923365
2021-09-08,169.31,189.0,178.54,179.7,652199.22038733
2021-09-09,176.55,188.85,179.8,180.42,475432.1339973
2021-09-10,170.88,187.38,180.45,174.16,398201.55119415
2021-09-11,173.25,186.06,174.12,178.56,278718.74577145
2021-09-12,175.2,186.1,178.59,182.96,262913.05865611
2021-09-13,170.82,237.88,183.01,179.36,1496172.5694997
2021-09-14,176.21,188.88,179.4,183.09,397600.05282447
2021-09-15,179.59,191.86,183.13,189.24,310057.49293746
2021-09-16,181.53,195.49,189.26,185.33,416480.86075227
2021-09-17,177.66,190.53,185.33,180.0,311809.32311182
2021-09-18,177.96,185.95,180.0,181.38,221527.15373024
2021-09-19,172.68,181.72,181.34,175.76,215456.47931378
2021-09-20,153.49,176.13,175.77,157.23,573903.49042629
2021-09-21,144.6,162.32,157.16,148.52,390553.55721928
2021-09-22,145.31,161.87,148.59,161.5,324932.41121436
2021-09-23,157.26,165.0,161.45,163.92,272209.09653201
2021-09-24,141.82,166.65,163.89,152.25,477108.13869179
2021-09-25,148.86,156.13,152.27,151.01,347454.65963575
2021-09-26,142.07,153.51,151.01,150.74,331126.80434951
2021-09-27,144.9,154.97,150.67,145.16,250724.36785366
2021-09-28,140.0,148.93,145.07,140.54,398551.72274447
2021-09-29,139.77,150.4,140.55,144.78,423547.49154291
2021-09-30,143.9,154.49,144.76,153.3,389203.74557722
2021-10-01,151.09,168.16,153.32,166.23,432487.21219771
2021-10-02,164.58,172.84,166.28,169.03,232322.74239775
2021-10-03,165.9,174.99,168.99,170.67,264155.15727703
2021-10-04,161.39,170.88,170.59,167.53,304914.91896242
2021-10-05,166.66,175.53,167.57,173.79,404914.26911615
2021-10-06,163.87,183.03,173.81,178.5,609155.31412348
2021-10-07,173.42,187.03,178.5,178.61,522904.83474569
2021-10-08,174.46,183.44,178.65,175.91,440256.91906559
2021-10-09,174.44,182.9,175.97,180.0,222512.19464806
2021-10-10,174.13,183.99,179.99,174.92,264105.74236132
2021-10-11,172.41,185.34,174.78,179.2,303802.63035512
2021-10-12,166.5,179.22,179.15,172.63,377752.48323672
2021-10-13,167.61,179.66,172.62,177.61,341575.45483082
2021-10-14,176.95,186.52,177.69,181.5,375167.41296209
2021-10-15,176.61,192.84,181.47,189.63,460651.37552053
2021-10-16,185.04,192.62,189.62,186.05,307473.77442814
2021-10-17,176.56,188.0,186.0,183.73,224273.99013581
2021-10-18,178.51,187.5,183.77,185.63,295595.9270615
2021-10-19,183.17,191.62,185.59,188.73,266492.5028302
2021-10-20,185.69,209.64,188.73,207.32,446648.21098948
2021-10-21,195.2,214.8,207.33,196.81,462642.63081892
2021-10-22,187.97,201.47,196.82,190.98,311400.9715948
2021-10-23,188.89,198.0,190.99,196.42,203866.54403645
2021-10-24,185.23,199.9,196.35,190.48,261962.80913475
2021-10-25,189.63,197.36,190.39,195.37,225589.79491642
2021-10-26,190.26,199.36,195.47,197.51,261202.60003284
2021-10-27,172.4,205.03,197.56,179.35,754514.95633572
2021-10-28,177.73,194.6,179.27,189.89,490637.47110408
2021-10-29,188.32,198.73,189.94,196.69,383850.93165483
2021-10-30,186.68,197.38,196.73,190.38,278594.37062563
2021-10-31,186.87,195.25,190.34,192.01,308056.28605002
2021-11-01,188.02,201.31,192.01,197.65,340593.92941113
2021-11-02,195.24,204.75,197.7,201.03,316484.83292612
2021-11-03,197.51,209.44,201.07,207.31,491021.72313062
2021-11-04,196.31,207.33,207.26,202.9,362029.63020698
2021-11-05,196.87,203.48,202.78,199.13,258443.93790015
2021-11-06,191.22,201.36,199.07,197.77,222980.0091007
2021-11-07,197.12,202.28,197.8,202.23,193687.26843786
2021-11-08,202.18,229.7,202.23,229.11,648494.43176405
2021-11-09,226.75,274.72,229.12,262.16,1335377.57431193
2021-11-10,252.3,302.08,262.08,260.18,1432536.98780613
2021-11-11,250.61,274.27,260.17,262.3,629822.53674174
2021-11-12,243.86,282.92,262.3,251.23,872535.61730782
2021-11-13,245.4,264.11,251.23,257.74,443198.67673785
2021-11-14,248.4,279.7,257.74,279.36,472688.51836669
2021-11-15,259.2,281.46,279.39,263.05,420366.82395619
2021-11-16,223.13,263.2,262.97,230.37,816802.47016915
2021-11-17,218.23,235.49,230.48,229.57,537422.03605793
2021-11-18,199.95,232.31,229.64,204.24,790594.7304001
2021-11-19,199.75,221.65,204.15,218.12,466660.7643226
2021-11-20,212.8,228.01,218.12,227.0,350247.65923721
2021-11-21,219.81,230.87,227.01,221.48,271287.02279284
2021-11-22,205.31,221.96,221.49,209.22,411426.62220519
2021-11-23,205.28,218.89,209.13,216.32,279859.57859184
2021-11-24,206.01,216.65,216.28,212.21,281906.88901599
2021-11-25,210.77,229.82,212.21,223.05,378729.96937452
2021-11-26,190.12,224.96,223.13,195.78,558189.44101309
2021-11-27,190.87,201.13,195.76,195.36,263655.64810942
2021-11-28,182.0,200.09,195.24,199.64,377797.30242457
2021-11-29,195.48,209.69,199.68,205.8,288375.39715305
2021-11-30,197.65,220.18,205.81,207.97,471626.64730961
2021-12-01,205.29,217.97,208.01,208.91,315917.89629455
2021-12-02,200.14,210.29,208.97,203.63,322037.42044499
2021-12-03,180.0,208.24,203.52,188.21,392607.9334132
2021-12-04,136.94,189.28,188.1,162.9,954555.44885843
2021-12-05,148.4,165.28,162.91,156.63,746975.39586435
2021-12-06,141.48,164.76,156.6,161.61,650531.51184137
2021-12-07,158.39,166.0,161.65,162.03,459475.98663549
2021-12-08,156.18,170.48,162.08,165.21,526582.0890391
2021-12-09,151.32,167.26,165.24,151.4,454912.66185153
2021-12-10,147.69,159.86,151.44,148.49,375902.00824309
2021-12-11,145.75,159.61,148.45,158.07,335773.95991684
2021-12-12,153.34,162.98,158.17,159.0,216389.8609043
2021-12-13,142.74,159.97,159.04,144.62,420783.47603601
2021-12-14,143.0,152.0,144.66,150.5,285504.24307695
2021-12-15,141.78,155.1,150.45,153.65,323015.76167421
2021-12-16,148.54,156.72,153.62,148.79,246670.00476091
2021-12-17,141.27,150.35,148.86,144.12,284096.57222804
2021-12-18,142.87,150.38,143.99,148.75,183272.66082718
2021-12-19,147.59,161.05,148.75,153.31,377860.30185905
2021-12-20,145.29,157.49,153.32,152.71,321920.67543599
2021-12-21,149.12,156.42,152.71,154.8,221780.38359116
2021-12-22,153.0,160.24,154.8,155.44,209521.78212264
2021-12-23,153.04,165.3,155.4,163.74,244250.61779342
2021-12-24,160.3,166.82,163.8,161.35,185566.64755025
2021-12-25,157.67,163.72,161.36,158.0,191428.40687092
2021-12-26,153.21,158.51,157.99,155.96,235000.30541184
2021-12-27,154.67,161.28,155.97,155.78,182308.28591587
2021-12-28,144.58,155.96,155.96,145.67,365835.43656449
2021-12-29,144.1,150.96,145.71,145.62,245272.53399565
2021-12-30,142.85,149.96,145.56,147.94,169463.433936
2021-12-31,143.63,152.71,147.97,146.15,187204.67530322
2022-01-01,146.12,151.04,146.23,150.83,155011.74124172
2022-01-02,147.89,153.34,150.79,151.2,106740.14889105
2022-01-03,146.03,151.19,151.18,148.43,146106.39089201
2022-01-04,145.23,151.59,148.44,146.44,170607.86207027
2022-01-05,130.0,149.93,146.45,135.32,328403.7648693
2022-01-06,132.41,138.09,135.35,135.9,313202.24101972
2022-01-07,125.9,136.53,135.94,131.34,370636.73334452
2022-01-08,125.0,134.76,131.33,129.51,246368.33010928
2022-01-09,127.76,132.58,129.45,130.91,189571.82514676
2022-01-10,120.78,131.55,130.87,126.52,292054.2104573
2022-01-11,125.77,133.54,126.51,131.67,207354.19370816
2022-01-12,130.92,142.35,131.67,142.02,204445.58344654
2022-01-13,134.63,142.37,141.99,136.82,200903.9070007
2022-01-14,135.96,146.54,136.8,144.84,289207.21213514
2022-01-15,144.07,150.72,144.84,147.73,200500.18659435
2022-01-16,143.33,149.04,147.75,146.49,140846.57775994
2022-01-17,144.19,153.91,146.46,151.19,385413.3131516
2022-01-18,138.63,153.45,151.2,141.53,316520.11577683
2022-01-19,133.18,143.07,141.53,136.2,262870.40462573
2022-01-20,128.86,142.88,136.35,129.8,237051.90406683
2022-01-21,110.0,131.1,129.73,114.51,633352.63953891
2022-01-22,96.51,117.01,114.51,108.41,874503.63315709
2022-01-23,105.61,112.76,108.49,112.35,473869.96273106
2022-01-24,97.51,112.32,112.28,109.65,741516.82001623
2022-01-25,105.21,110.01,109.6,107.9,371666.09907819
2022-01-26,104.75,116.67,107.86,107.0,442820.00249194
2022-01-27,102.9,110.0,107.09,106.92,333055.19168513
2022-01-28,105.31,110.07,106.88,109.49,277224.59642641
2022-01-29,107.65,112.33,109.49,110.84,200310.16536839
2022-01-30,107.07,112.32,110.85,108.59,170230.74671713
2022-01-31,104.4,111.35,108.61,109.54,260661.12319526
2022-02-01,108.27,116.9,109.5,115.11,257072.41281599
2022-02-02,107.23,116.07,115.18,108.36,219744.10546933
2022-02-03,105.39,111.1,108.33,111.02,228153.68046523
2022-02-04,108.8,121.5,111.03,121.42,280454.13017712
2022-02-05,118.93,123.95,121.47,121.8,239148.7688494
2022-02-06,120.66,128.11,121.81,127.68,219258.13984267
2022-02-07,125.07,139.97,127.69,137.43,319063.61043997
2022-02-08,130.57,143.04,137.47,133.82,393502.67272601
2022-02-09,132.14,141.08,133.81,140.21,291783.43188295
2022-02-10,134.09,143.88,140.13,134.59,316414.77332234
2022-02-11,125.0,134.88,134.6,125.69,318617.84186862
2022-02-12,120.92,127.72,125.66,126.78,231949.86336103
2022-02-13,123.56,128.89,126.78,125.67,187856.88910197
2022-02-14,121.41,127.0,125.68,124.62,197881.62888441
2022-02-15,124.0,132.6,124.62,131.74,203506.59428876
2022-02-16,125.52,131.87,131.73,127.84,177202.6345645
2022-02-17,114.9,129.05,127.8,116.39,281372.68472738
2022-02-18,113.84,123.52,116.47,114.85,377834.48911989
2022-02-19,113.07,117.23,114.88,115.59,194483.60665995
2022-02-20,108.4,115.79,115.57,110.69,200191.65355108
2022-02-21,102.04,114.59,110.7,102.78,293869.63472811
2022-02-22,100.28,107.92,102.79,107.51,289230.26190797
2022-02-23,105.0,111.56,107.51,105.41,224560.11584123
2022-02-24,91.52,107.98,105.41,104.24,605381.43120346
2022-02-25,101.6,110.75,104.25,109.33,290992.6357505
2022-02-26,106.52,114.99,109.35,108.29,231339.94022687
2022-02-27,101.27,110.15,108.31,103.05,209004.93170558
2022-02-28,101.27,113.97,103.05,113.82,294138.40317485
2022-03-01,109.95,116.03,113.81,112.66,296594.83113363
2022-03-02,109.17,114.74,112.72,110.35,217097.36615511
2022-03-03,107.89,113.05,110.4,111.69,243361.00746569
2022-03-04,99.01,112.71,111.76,101.05,263119.574424
2022-03-05,99.43,105.33,101.04,104.9,158905.68748833
2022-03-06,100.67,105.88,104.91,101.1,142088.88880712
2022-03-07,96.25,103.92,101.09,98.35,347795.26294199
2022-03-08,97.77,102.58,98.36,100.75,243554.4429491
2022-03-09,100.44,109.3,100.75,106.99,248439.35884158
2022-03-10,99.56,107.08,106.98,102.58,254225.35850982
2022-03-11,99.72,107.0,102.57,104.55,249980.08650817
2022-03-12,104.51,107.95,104.58,105.58,156648.77130625
2022-03-13,101.05,107.38,105.56,101.69,175912.71837423
2022-03-14,100.85,106.4,101.68,105.58,243259.89674957
2022-03-15,102.51,108.64,105.58,106.94,205412.34915953
2022-03-16,105.69,111.93,106.91,111.35,284247.93537392
2022-03-17,108.62,111.69,111.33,110.26,180675.66642122
2022-03-18,107.79,113.04,110.27,111.9,175052.91737604
2022-03-19,111.44,117.31,111.92,116.82,223503.3979164
2022-03-20,111.37,118.49,116.8,114.88,251517.38316672
2022-03-21,113.18,116.82,114.9,116.13,217077.41952491
2022-03-22,115.59,123.84,116.11,122.81,299000.1990727
2022-03-23,118.64,124.5,122.83,122.51,203659.52158983
2022-03-24,120.09,127.78,122.52,126.52,294840.94569007
2022-03-25,121.61,127.39,126.53,124.0,251885.75973135
2022-03-26,121.97,125.6,124.0,124.85,129919.67152024
2022-03-27,123.31,129.81,124.85,129.68,172099.55704898
2022-03-28,126.7,132.68,129.64,127.59,254063.38507721
2022-03-29,127.04,132.0,127.59,130.08,200532.96175386
2022-03-30,126.0,134.11,130.08,131.12,243969.09752133
2022-03-31,121.32,132.92,131.17,123.87,337383.71575167
2022-04-01,119.11,126.47,123.87,124.88,230170.57257836
2022-04-02,123.71,128.38,124.85,124.9,158733.95966093
2022-04-03,123.71,129.56,124.91,128.77,152797.01873617
2022-04-04,121.24,128.93,128.76,124.76,216989.20887141
2022-04-05,122.57,127.38,124.79,122.76,128919.62797315
2022-04-06,111.38,123.19,122.79,111.68,316044.95192981
2022-04-07,110.13,116.76,111.66,114.17,186626.01929985
2022-04-08,109.64,115.31,114.12,110.73,183348.79793618
2022-04-09,110.0,112.96,110.68,112.7,104017.1851897
2022-04-10,110.06,114.5,112.69,110.26,116679.65453236
2022-04-11,101.89,110.63,110.31,102.54,238768.56515644
2022-04-12,101.72,105.78,102.51,104.92,165177.11942778
2022-04-13,103.94,110.84,104.88,110.58,187363.24099125
2022-04-14,105.97,112.33,110.55,107.38,129539.88712734
2022-04-15,107.08,112.86,107.36,111.0,160149.17391639
2022-04-16,110.12,114.79,110.97,114.34,135651.97888812
2022-04-17,108.27,115.17,114.35,108.78,121722.47806807
2022-04-18,105.29,111.47,108.82,111.24,168301.4200937
2022-04-19,110.61,114.16,111.27,113.81,135552.34259408
2022-04-20,110.75,114.21,113.79,111.86,115511.09138237
2022-04-21,105.45,114.57,111.91,106.69,185475.68027311
2022-04-22,104.81,108.71,106.71,105.34,128432.50387496
2022-04-23,104.41,107.25,105.34,105.16,93528.1174473
2022-04-24,103.56,105.95,105.19,104.59,90416.43694128
2022-04-25,98.49,104.89,104.56,104.56,210819.69532116
2022-04-26,96.36,105.37,104.57,98.59,190383.80590802
2022-04-27,97.72,101.96,98.58,100.63,171054.05031386
2022-04-28,99.72,104.4,100.62,103.33,187257.47489544
2022-04-29,98.32,104.46,103.32,100.39,162691.042827
2022-04-30,94.05,101.58,100.38,95.89,185165.55669883
2022-05-01,94.42,100.02,95.89,99.27,158599.7404214
2022-05-02,98.3,101.89,99.27,100.65,191348.63125507
2022-05-03,97.41,101.39,100.63,99.35,157484.79361626
2022-05-04,99.0,107.03,99.35,106.25,191498.76235693
2022-05-05,94.79,106.86,106.26,96.84,218974.89391106
2022-05-06,92.8,98.41,96.88,96.69,234529.54894113
2022-05-07,92.47,97.33,96.71,94.27,141005.91880514
2022-05-08,91.46,95.72,94.24,93.83,171874.39041982
2022-05-09,75.25,94.95,93.88,76.19,433391.21152214
2022-05-10,73.33,85.02,76.19,80.12,471382.82007354
2022-05-11,64.0,82.77,80.15,66.31,550618.1139555
2022-05-12,52.0,69.69,66.33,64.26,660531.13411283
2022-05-13,63.04,73.16,64.29,67.78,432468.5389034
2022-05-14,64.06,70.17,67.75,68.81,280438.81505824
2022-05-15,65.9,71.67,68.8,71.5,280440.22327883
2022-05-16,64.89,71.53,71.48,67.13,291852.9484005
2022-05-17,66.92,73.79,67.16,73.04,324596.81651429
2022-05-18,65.67,74.29,73.04,65.87,370137.09495734
2022-05-19,64.58,72.6,65.89,72.02,348888.70177918
2022-05-20,66.67,73.3,72.02,68.48,300585.81135815
2022-05-21,67.74,70.58,68.47,69.78,176250.79963991
2022-05-22,69.3,72.42,69.76,71.61,168510.38605541
2022-05-23,68.23,73.9,71.57,68.95,260071.33733133
2022-05-24,66.89,70.71,68.97,70.2,318689.15308867
2022-05-25,67.78,71.6,70.17,68.16,261089.74535166
2022-05-26,60.4,68.77,68.16,63.42,365679.4514976
2022-05-27,60.83,64.04,63.37,61.51,247811.55432713
2022-05-28,61.23,63.95,61.47,62.99,135682.29615232
2022-05-29,61.79,64.34,62.97,63.58,159068.49855032
2022-05-30,63.17,69.69,63.58,69.07,245010.94205638
2022-05-31,66.64,69.69,69.07,68.32,178801.75431922
2022-06-01,61.64,70.5,68.35,62.64,294215.57050579
2022-06-02,61.97,64.72,62.64,64.38,178089.56111652
2022-06-03,61.3,64.84,64.37,62.54,158889.28500271
2022-06-04,61.27,64.29,62.52,63.68,141152.51626719
2022-06-05,61.63,63.82,63.69,63.1,123318.14233394
2022-06-06,62.86,66.45,63.07,64.38,190383.67587109
2022-06-07,60.13,65.43,64.36,63.77,288258.89387788
2022-06-08,61.07,64.42,63.8,61.34,240405.50446404
2022-06-09,59.18,62.34,61.33,60.17,193111.21072881
2022-06-10,55.55,60.33,60.19,56.62,303617.68545204
2022-06-11,51.59,57.73,56.62,52.13,432698.9430261
2022-06-12,47.28,52.61,52.11,47.86,445549.09230494
2022-06-13,40.56,48.25,47.86,43.45,825408.72245026
2022-06-14,40.32,46.45,43.45,46.1,774540.36608005
2022-06-15,41.59,50.96,46.1,50.63,603086.91137476
2022-06-16,43.97,51.15,50.63,44.74,424563.16484194
2022-06-17,44.36,48.38,44.72,47.55,410666.41770604
2022-06-18,41.41,48.29,47.53,47.13,607730.68628942
2022-06-19,44.86,56.24,47.11,54.25,853089.46808681
2022-06-20,51.25,54.71,54.21,52.69,469736.82127925
2022-06-21,51.82,55.71,52.7,53.46,404764.35003924
2022-06-22,50.38,53.53,53.51,52.07,364323.63743714
2022-06-23,51.85,56.71,52.09,55.73,457443.00813889
2022-06-24,54.35,57.32,55.7,55.79,326222.77752537
2022-06-25,54.58,59.7,55.82,58.8,291264.45458328
2022-06-26,56.57,60.44,58.86,56.58,261807.66960647
2022-06-27,54.79,58.61,56.57,55.86,263364.67915221
2022-06-28,52.49,56.94,55.85,52.65,270322.39457144
2022-06-29,51.31,54.4,52.65,53.63,296491.27822412
2022-06-30,50.08,53.96,53.64,53.81,369412.17120822
2022-07-01,50.01,56.25,53.82,51.13,417762.93289699
2022-07-02,49.69,51.62,51.13,50.5,212243.90007967
2022-07-03,49.05,52.13,50.47,50.86,198607.65554234
2022-07-04,49.65,52.35,50.86,52.2,221485.92587116
2022-07-05,47.89,52.42,52.2,49.65,376278.59769944
2022-07-06,48.9,51.16,49.65,50.29,287535.25974814
2022-07-07,49.72,52.6,50.29,52.11,241613.02362156
2022-07-08,50.73,53.98,52.13,51.31,244901.09200714
2022-07-09,51.3,54.82,51.33,54.05,184047.87188469
2022-07-10,50.65,55.02,54.05,52.09,258238.1652585
2022-07-11,48.22,52.22,52.09,48.67,218240.76120082
2022-07-12,47.23,49.36,48.68,47.28,221720.13302714
2022-07-13,46.31,49.67,47.28,49.5,306169.58392847
2022-07-14,47.91,51.71,49.49,51.32,245172.33976433
2022-07-15,50.62,52.76,51.32,51.75,301382.90402948
2022-07-16,51.06,55.52,51.74,55.09,245839.28655938
2022-07-17,54.41,57.02,55.08,55.74,244370.90493945
2022-07-18,55.21,59.3,55.74,58.58,361885.3763359
2022-07-19,55.8,59.61,58.58,57.91,353481.14243593
2022-07-20,56.4,61.8,57.91,57.22,441039.80312667
2022-07-21,55.16,58.7,57.2,58.03,236048.79421065
2022-07-22,55.53,59.22,58.02,56.1,196921.58193527
2022-07-23,54.48,57.28,56.1,56.34,223948.831809
2022-07-24,56.33,59.79,56.34,58.37,186224.11199816
2022-07-25,53.92,58.98,58.4,54.02,226638.25583149
2022-07-26,51.96,54.17,54.0,53.9,221570.7465108
2022-07-27,53.01,59.08,53.89,59.04,283927.23173926
2022-07-28,57.98,64.3,59.04,63.43,419770.49087208
2022-07-29,59.75,64.58,63.42,60.71,283920.06366666
2022-07-30,59.95,64.25,60.71,60.47,370833.68945159
2022-07-31,59.63,62.99,60.46,59.76,238723.72694933
2022-08-01,58.28,60.75,59.76,59.47,303677.46921425
2022-08-02,56.64,59.87,59.48,58.09,283396.07843739
2022-08-03,56.71,60.15,58.1,57.78,211243.06068514
2022-08-04,57.63,60.81,57.77,59.65,218757.25495821
2022-08-05,59.62,62.59,59.65,62.49,197541.50139091
2022-08-06,60.51,62.57,62.51,60.84,105782.82970865
2022-08-07,59.89,62.03,60.86,61.12,138859.86298668
2022-08-08,60.8,64.09,61.1,62.61,219255.34781052
2022-08-09,58.28,62.87,62.61,59.18,249566.57346432
2022-08-10,57.59,62.35,59.17,61.61,302141.1284252
2022-08-11,61.47,63.53,61.58,61.89,195969.86832032
2022-08-12,60.62,63.11,61.89,62.95,168535.43131253
2022-08-13,62.68,65.69,62.93,63.86,198436.42913876
2022-08-14,62.44,65.83,63.86,63.17,200070.3956128
2022-08-15,59.69,65.33,63.16,60.69,294060.71378685
2022-08-16,60.0,61.77,60.68,61.33,216069.56972249
2022-08-17,59.7,64.72,61.31,60.52,315548.29203837
2022-08-18,59.35,61.7,60.54,60.0,199009.08307393
2022-08-19,53.24,60.17,60.02,54.02,400034.06454746
2022-08-20,52.62,55.62,54.02,54.1,256113.87418522
2022-08-21,53.81,56.01,54.1,55.68,153009.31307956
2022-08-22,52.3,57.45,55.69,57.22,289740.68930539
2022-08-23,53.92,57.73,57.23,57.1,206534.48143913
2022-08-24,55.57,57.68,57.11,56.46,214320.94862065
2022-08-25,55.82,57.52,56.47,56.62,166742.69276617
2022-08-26,52.11,58.31,56.61,52.71,246245.46968792
2022-08-27,51.69,53.47,52.69,53.03,223788.86020548
2022-08-28,52.46,56.02,53.03,53.38,222124.76604475
2022-08-29,52.52,56.7,53.4,55.79,253205.7343034
2022-08-30,51.85,56.24,55.79,53.01,236552.45512532
2022-08-31,53.01,55.27,53.02,53.84,214506.62973223
2022-09-01,53.2,57.8,53.84,57.56,366065.90423686
2022-09-02,56.48,62.41,57.58,61.02,418279.82771373
2022-09-03,59.54,62.23,60.99,60.19,246138.16826108
2022-09-04,58.61,61.01,60.19,60.93,204252.6362682
2022-09-05,59.26,61.63,60.92,60.45,243892.24896458
2022-09-06,54.0,62.75,60.44,54.12,514825.82735209
2022-09-07,52.93,58.3,54.09,57.3,311494.17667765
2022-09-08,56.06,58.61,57.29,57.99,277243.44031406
2022-09-09,57.7,61.94,57.97,61.15,281920.53105442
2022-09-10,60.59,64.72,61.16,63.32,294861.73112029
2022-09-11,61.37,64.46,63.32,62.18,184144.10818344
2022-09-12,60.09,63.24,62.17,61.41,253330.96620714
2022-09-13,58.31,67.48,61.38,59.1,433040.24879016
2022-09-14,58.2,61.2,59.08,60.2,268067.11192327
2022-09-15,55.84,60.84,60.2,56.34,329792.22462048
2022-09-16,54.62,56.92,56.34,55.93,302148.26640893
2022-09-17,55.8,58.42,55.93,57.84,136846.75592239
2022-09-18,52.32,57.85,57.82,52.65,207761.21538631
2022-09-19,50.01,53.73,52.66,52.89,298289.44269123
2022-09-20,50.86,53.85,52.89,52.34,359088.50945206
2022-09-21,50.23,55.55,52.33,51.08,467465.94994286
2022-09-22,50.63,54.1,51.08,53.59,195685.98026218
2022-09-23,51.39,55.34,53.6,55.23,315176.26939393
2022-09-24,53.16,55.95,55.23,53.43,198768.42274208
2022-09-25,52.27,54.41,53.42,52.55,157616.23977951
2022-09-26,51.88,53.72,52.53,53.44,189471.42240123
2022-09-27,51.81,55.55,53.45,52.67,212062.62597564
2022-09-28,51.01,53.83,52.68,53.28,174959.16163942
2022-09-29,52.24,54.15,53.29,53.98,177220.7104928
2022-09-30,52.85,55.11,53.98,53.48,188715.26063499
2022-10-01,52.46,53.83,53.48,52.93,144736.24122538
2022-10-02,51.66,53.47,52.92,51.82,142432.91658221
2022-10-03,51.48,54.35,51.81,54.18,167745.23230467
2022-10-04,53.87,55.75,54.17,55.32,171104.92033802
2022-10-05,53.31,55.33,55.3,54.64,182188.57770398
2022-10-06,53.35,55.07,54.65,53.56,193197.23243802
2022-10-07,52.28,53.86,53.55,52.86,159998.27537395
2022-10-08,52.41,53.55,52.84,52.82,122173.33073261
2022-10-09,52.7,54.02,52.8,53.93,102347.74590926
2022-10-10,52.49,54.48,53.91,52.63,166555.34641594
2022-10-11,51.11,52.65,52.64,52.01,152019.49440837
2022-10-12,51.63,52.97,52.01,52.23,144633.42428794
2022-10-13,48.33,52.52,52.23,51.09,258038.9301401
2022-10-14,50.91,52.58,51.08,51.32,134602.69692645
2022-10-15,50.25,51.68,51.31,50.4,94158.31392327
2022-10-16,50.3,51.82,50.39,51.45,87522.34978072
2022-10-17,51.04,52.17,51.45,51.84,112048.53039671
2022-10-18,50.76,52.23,51.86,51.88,131250.62485695
2022-10-19,50.75,52.01,51.86,50.92,118631.53824869
2022-10-20,50.56,52.11,50.92,51.22,119793.53383618
2022-10-21,49.55,51.82,51.23,51.64,139663.60429082
2022-10-22,51.37,52.5,51.65,52.19,100855.57227779
2022-10-23,51.83,54.05,52.18,54.03,119104.21316795
2022-10-24,52.11,54.22,54.03,52.55,167465.90765031
2022-10-25,52.27,56.84,52.55,55.96,242336.25500125
2022-10-26,55.69,57.63,55.97,56.42,209163.34897158
2022-10-27,54.51,57.37,56.42,54.76,197039.71122952
2022-10-28,53.5,55.59,54.77,54.93,172125.81293566
2022-10-29,54.67,57.6,54.92,56.61,185502.84947507
2022-10-30,54.76,57.52,56.63,55.39,171118.29421639
2022-10-31,54.0,56.6,55.39,55.01,328235.15538974
2022-11-01,54.49,55.89,55.02,55.11,174888.81030558
2022-11-02,54.67,62.87,55.12,60.94,595683.52584767
2022-11-03,60.1,64.77,60.95,61.87,551173.06071325
2022-11-04,61.65,70.41,61.86,67.61,493433.36075747
2022-11-05,67.09,71.91,67.59,69.28,361179.96337176
2022-11-06,67.5,70.82,69.27,68.29,246689.94613897
2022-11-07,66.22,73.29,68.26,67.45,489259.64008594
2022-11-08,54.0,68.9,67.44,57.86,648776.9937435
2022-11-09,47.5,59.92,57.8,50.51,629859.91062417
2022-11-10,49.53,61.14,50.59,60.38,486102.31280037
2022-11-11,58.33,64.12,60.39,61.32,341879.86154292
2022-11-12,58.03,61.6,61.33,59.86,275515.50121757
2022-11-13,56.17,60.23,59.88,57.28,170861.80583077
2022-11-14,53.4,59.14,57.26,56.62,278309.31621476
2022-11-15,56.42,59.49,56.59,57.95,178778.66489158
2022-11-16,56.68,60.11,57.92,57.45,206679.2446001
2022-11-17,56.95,63.24,57.43,62.56,324024.43952117
2022-11-18,61.45,63.8,62.54,62.55,248513.68256921
2022-11-19,61.28,64.51,62.55,63.9,137331.74643868
2022-11-20,60.32,64.8,63.9,61.99,196092.90620255
2022-11-21,59.11,63.44,61.99,61.24,341997.09376651
2022-11-22,61.0,71.24,61.23,70.55,474529.17648644
2022-11-23,69.5,83.43,70.54,78.9,721641.07823604
2022-11-24,74.98,79.4,78.9,78.6,435568.52115938
2022-11-25,73.2,79.81,78.61,74.04,357596.83710922
2022-11-26,73.86,79.6,74.06,76.43,288588.00389192
2022-11-27,74.14,79.2,76.45,74.88,235193.01118282
2022-11-28,70.5,75.3,74.86,73.91,420960.81272676
2022-11-29,73.39,77.89,73.92,75.77,270415.34755532
2022-11-30,75.42,80.7,75.78,79.23,308676.70824879
2022-12-01,76.29,80.62,79.2,77.59,285345.49342386
2022-12-02,75.39,78.13,77.58,77.94,189905.64585478
2022-12-03,75.46,78.13,77.95,76.48,125212.31422755
2022-12-04,75.78,77.52,76.43,77.13,131387.7260973
2022-12-05,76.8,84.97,77.15,80.21,394843.67475095
2022-12-06,77.68,81.78,80.21,79.88,246954.57971747
2022-12-07,75.56,80.38,79.91,76.91,315738.14604651
2022-12-08,74.48,78.72,76.92,78.29,329104.6383285
2022-12-09,75.83,78.8,78.25,76.32,184869.75974951
2022-12-10,75.64,77.42,76.3,76.37,142318.82044013
2022-12-11,76.3,78.43,76.35,76.51,134260.86677448
2022-12-12,73.52,76.71,76.5,76.23,225110.8050415
2022-12-13,74.38,79.83,76.23,77.38,339307.42801961
2022-12-14,74.18,79.09,77.37,75.37,285441.24941827
2022-12-15,71.76,75.51,75.34,72.44,245191.06587731
2022-12-16,65.0,73.56,72.43,66.26,475373.93288577
2022-12-17,62.72,67.71,66.24,64.91,319643.27775526
2022-12-18,63.05,65.94,64.91,64.43,218058.69981039
2022-12-19,61.0,65.05,64.42,63.36,346868.8923833
2022-12-20,63.1,66.9,63.34,65.58,333270.94801202
2022-12-21,64.62,66.82,65.57,65.39,218155.50735583
2022-12-22,64.25,66.69,65.39,66.18,198436.5122956
2022-12-23,64.96,66.69,66.17,65.73,159889.57092986
2022-12-24,65.02,66.04,65.76,65.76,80049.63315163
2022-12-25,65.31,69.69,65.75,69.16,166377.09894521
2022-12-26,68.59,71.6,69.19,70.76,198396.54958871
2022-12-27,67.75,71.16,70.77,68.66,192670.71743416
2022-12-28,65.65,69.45,68.66,66.3,328846.54954901
2022-12-29,65.53,67.25,66.28,66.65,187329.52146616
2022-12-30,66.03,68.63,66.62,67.93,214064.33274956
2022-12-31,67.57,71.0,67.91,70.09,178318.91141621
2023-01-01,68.88,71.47,70.1,70.89,149695.29304401
2023-01-02,70.03,77.97,70.88,74.71,309409.36199751
2023-01-03,73.65,76.39,74.71,75.51,249484.30801721
2023-01-04,74.28,77.95,75.52,75.41,348784.39346113
2023-01-05,73.59,76.25,75.4,74.23,252094.71802425
2023-01-06,72.45,76.53,74.2,75.89,372998.7110588
2023-01-07,75.45,76.81,75.9,76.36,141112.76058653
2023-01-08,75.09,78.76,76.36,78.6,190557.57508301
2023-01-09,78.09,83.57,78.63,81.59,415104.27751227
2023-01-10,79.45,82.83,81.6,80.86,286296.22287785
2023-01-11,79.91,84.97,80.86,84.07,273778.84637634
2023-01-12,80.75,87.88,84.08,86.1,337396.40138026
2023-01-13,83.6,87.99,86.08,86.26,259314.8148205
2023-01-14,85.99,91.14,86.27,87.85,567454.45410682
2023-01-15,85.36,88.75,87.84,87.37,237925.27290441
2023-01-16,83.91,89.21,87.37,85.94,309438.04519345
2023-01-17,84.56,89.35,85.91,87.0,272285.06483997
2023-01-18,82.16,88.42,87.02,82.64,304276.22180158
2023-01-19,81.67,84.59,82.62,84.23,176943.31884125
2023-01-20,82.99,91.22,84.23,90.29,214981.84984433
2023-01-21,87.64,92.09,90.29,87.93,250824.97329149
2023-01-22,86.52,90.04,87.93,87.6,166888.8680576
2023-01-23,87.51,93.16,87.58,89.94,180084.77597607
2023-01-24,86.06,91.47,89.96,87.24,147628.64767634
2023-01-25,85.56,91.98,87.24,89.41,156572.13464263
2023-01-26,86.88,89.97,89.44,87.54,112409.06899916
2023-01-27,85.86,89.24,87.53,88.93,140008.72581198
2023-01-28,87.02,89.98,88.91,89.7,94391.23137959
2023-01-29,89.7,97.77,89.7,94.85,306807.19927523
2023-01-30,88.44,96.15,94.87,91.38,220542.44759024
2023-01-31,91.35,96.27,91.4,94.13,253963.61454968
2023-02-01,93.72,102.65,94.12,100.33,349057.96377188
2023-02-02,97.94,102.27,100.33,98.6,195173.62181158
2023-02-03,97.48,100.82,98.64,99.87,155026.95194587
2023-02-04,98.23,101.38,99.89,98.52,104004.6101439
2023-02-05,94.83,98.88,98.49,96.7,129238.03328475
2023-02-06,94.78,97.95,96.69,95.93,134048.0825617
2023-02-07,95.88,101.55,95.9,100.82,201441.47381366
2023-02-08,96.84,102.38,100.84,99.21,219305.45885527
2023-02-09,90.02,99.49,99.23,92.07,323636.51117322
2023-02-10,91.09,94.18,92.11,93.29,207388.5689126
2023-02-11,92.65,94.82,93.29,94.31,106180.59259905
2023-02-12,90.98,94.58,94.3,92.49,105821.74505823
2023-02-13,88.25,94.99,92.49,91.13,259846.62818485
2023-02-14,90.38,95.99,91.14,95.86,173014.37336862
2023-02-15,95.04,103.26,95.87,102.86,210628.80630723
2023-02-16,98.48,105.69,102.88,98.58,227980.94897383
2023-02-17,98.22,101.71,98.53,100.16,148495.44374481
2023-02-18,98.94,101.92,100.14,99.75,117451.98434494
2023-02-19,96.83,101.5,99.75,97.48,145787.09152042
2023-02-20,94.47,98.71,97.43,95.87,193861.25727192
2023-02-21,91.6,96.81,95.88,93.82,216484.09091694
2023-02-22,91.58,95.56,93.81,95.24,201125.51162933
2023-02-23,93.36,96.24,95.27,94.63,124742.38906994
2023-02-24,89.98,95.27,94.62,91.58,156685.26428605
2023-02-25,90.31,93.49,91.59,93.14,112297.36202429
2023-02-26,92.76,95.5,93.15,95.24,114431.8057705
2023-02-27,92.43,96.06,95.24,94.06,149398.41337998
2023-02-28,93.03,96.0,94.06,93.8,140404.61752897
2023-03-01,93.56,98.34,93.8,97.77,178921.95083453
2023-03-02,93.94,98.34,97.75,95.4,140717.13913758
2023-03-03,86.01,95.49,95.39,90.62,223159.81231103
2023-03-04,87.5,90.86,90.6,89.33,53135.05065797
2023-03-05,89.18,91.81,89.35,89.94,154962.09188959
2023-03-06,86.55,90.65,89.94,87.38,263774.03658546
2023-03-07,83.9,88.97,87.36,86.28,243336.17586737
2023-03-08,81.31,86.64,86.27,82.76,205564.72245895
2023-03-09,75.03,84.92,82.72,76.68,245338.41007055
2023-03-10,68.08,76.83,76.73,71.68,373492.31624878
2023-03-11,65.39,74.93,71.67,69.74,338104.73765721
2023-03-12,67.87,76.95,69.73,76.85,237012.78463452
2023-03-13,74.31,83.68,76.89,81.87,340551.51525127
2023-03-14,79.57,88.66,81.9,84.3,418569.03772097
2023-03-15,75.23,85.92,84.29,76.77,291856.47502757
2023-03-16,75.89,80.13,76.76,79.03,373039.40308339
2023-03-17,78.34,85.79,79.04,85.73,218685.25135982
2023-03-18,82.2,88.09,85.72,83.26,201555.00443265
2023-03-19,82.3,86.69,83.22,84.21,132738.66912983
2023-03-20,78.03,84.56,84.25,78.34,191889.89418179
2023-03-21,76.96,83.7,78.32,82.77,172608.30216753
2023-03-22,79.44,88.59,82.74,87.51,376480.43416227
2023-03-23,85.78,94.88,87.46,93.88,400730.31278335
2023-03-24,89.05,96.11,93.88,93.74,363783.36825269
2023-03-25,90.1,94.42,93.73,91.6,146355.08810034
2023-03-26,90.67,94.92,91.6,93.41,200507.17762607
2023-03-27,87.7,94.15,93.41,89.27,227210.58052351
2023-03-28,85.61,89.63,89.3,89.17,282190.88741621
2023-03-29,88.99,93.02,89.16,91.31,222745.84732498
2023-03-30,86.69,93.36,91.32,89.1,278391.86864714
2023-03-31,87.27,90.31,89.09,89.59,155585.74961049
2023-04-01,89.39,94.3,89.59,92.6,166067.05557705
2023-04-02,90.42,94.62,92.59,92.83,142594.32174463
2023-04-03,89.74,95.85,92.89,92.98,221344.69218932
2023-04-04,91.61,94.05,92.99,92.61,173193.36701899
2023-04-05,91.12,95.08,92.63,92.67,188381.3774316
2023-04-06,89.85,92.68,92.63,91.04,133253.83170605
2023-04-07,89.14,91.53,91.0,90.69,87466.70525638
2023-04-08,89.31,91.5,90.66,89.96,55428.65375958
2023-04-09,89.22,91.11,89.95,90.63,59706.79968324
2023-04-10,89.93,94.53,90.65,93.83,120531.03603754
2023-04-11,93.22,97.05,93.84,94.28,193936.18689537
2023-04-12,91.02,94.82,94.32,92.16,171910.36579001
2023-04-13,91.76,94.62,92.16,94.27,119932.65169016
2023-04-14,93.75,99.44,94.26,96.41,247593.13445746
2023-04-15,94.82,97.43,96.39,96.8,97979.73602538
2023-04-16,95.2,102.21,96.8,100.06,240805.49964997
2023-04-17,97.44,100.37,100.09,98.89,167403.7857907
2023-04-18,97.68,103.42,98.91,101.95,208288.41153326
2023-04-19,87.04,101.95,101.92,90.51,385776.63528804
2023-04-20,87.1,92.39,90.44,90.26,303463.25409403
2023-04-21,84.5,90.9,90.23,85.34,267153.46263632
2023-04-22,84.77,87.24,85.34,87.05,101558.53755749
2023-04-23,84.29,87.11,87.07,86.79,115560.37974773
2023-04-24,85.92,89.01,86.79,88.32,182664.4803674
2023-04-25,87.2,91.78,88.33,91.03,213124.36623918
2023-04-26,84.21,94.01,91.05,88.17,445650.27156506
2023-04-27,87.31,90.68,88.19,89.76,307167.56740496
2023-04-28,87.71,90.42,89.75,89.71,176450.10008192
2023-04-29,89.31,91.7,89.69,91.13,118836.45723787
2023-04-30,87.8,91.46,91.11,88.18,124077.37757111
2023-05-01,85.13,88.92,88.27,86.75,204165.39052254
2023-05-02,86.01,89.16,86.75,88.22,146265.21546112
2023-05-03,85.44,89.88,88.24,88.88,167546.11607272
2023-05-04,87.44,89.17,88.92,88.42,90430.11705738
2023-05-05,86.19,89.76,88.43,88.73,157517.24537627
2023-05-06,80.67,89.41,88.7,83.44,204883.82258637
2023-05-07,83.05,84.8,83.42,83.52,110069.70260828
2023-05-08,75.32,85.34,83.5,77.8,282332.72264934
2023-05-09,77.36,80.14,77.8,79.96,182487.46479813
2023-05-10,77.11,82.11,79.95,81.01,277149.11706114
2023-05-11,78.38,82.01,80.99,80.93,227361.47344941
2023-05-12,77.08,81.54,80.93,80.49,240363.58428843
2023-05-13,79.82,81.13,80.48,80.27,94428.21716021
2023-05-14,79.64,84.03,80.29,83.54,120383.84459993
2023-05-15,82.18,88.65,83.54,86.94,283601.18770445
2023-05-16,86.15,90.54,86.93,90.01,370831.36844947
2023-05-17,89.62,95.0,90.0,93.9,359808.45441575
2023-05-18,89.21,94.22,93.88,90.38,226019.46787545
2023-05-19,90.26,93.33,90.43,91.8,205443.79725215
2023-05-20,90.58,92.81,91.77,92.45,94587.82345472
2023-05-21,91.17,93.5,92.45,92.2,111954.10013622
2023-05-22,89.85,92.8,92.2,90.86,147887.61712737
2023-05-23,90.42,93.13,90.86,91.7,129876.07162992
2023-05-24,84.38,91.9,91.7,85.84,286148.97405389
2023-05-25,82.52,86.78,85.81,86.61,183831.60674385
2023-05-26,86.08,88.24,86.58,87.1,183109.65536796
2023-05-27,86.94,88.86,87.1,88.59,82801.49933759
2023-05-28,88.17,92.32,88.59,91.49,125395.09544218
2023-05-29,90.14,92.26,91.49,90.9,137435.55589881
2023-05-30,90.53,93.32,90.89,92.29,153881.78760216
2023-05-31,87.72,92.73,92.29,90.44,226481.19968665
2023-06-01,89.21,95.94,90.44,94.23,347293.82127946
2023-06-02,92.5,95.7,94.17,95.49,198295.29649063
2023-06-03,94.2,97.53,95.48,96.04,122211.62925297
2023-06-04,93.84,96.52,96.04,94.21,119770.85858952
2023-06-05,83.66,94.59,94.19,87.75,371855.42261484
2023-06-06,85.66,91.46,87.74,90.94,305388.52827787
2023-06-07,87.45,91.36,90.94,88.84,215820.7320909
2023-06-08,87.21,89.55,88.87,88.53,115409.6395039
2023-06-09,86.68,90.08,88.53,89.3,204648.99994864
2023-06-10,74.11,89.36,89.29,77.2,496773.92459923
2023-06-11,76.21,79.0,77.24,77.72,170043.62890477
2023-06-12,74.99,77.9,77.7,77.51,220196.23094127
2023-06-13,76.27,79.77,77.5,77.51,224741.95853751
2023-06-14,71.09,78.13,77.5,73.15,227179.11655534
2023-06-15,71.92,75.07,73.16,74.54,177535.72999662
2023-06-16,74.05,76.8,74.54,76.08,148115.67978972
2023-06-17,75.65,77.8,76.08,76.86,96445.50927582
2023-06-18,76.21,78.48,76.87,77.17,93436.91241522
2023-06-19,76.02,77.77,77.15,77.44,132628.77431067
2023-06-20,75.71,80.94,77.43,80.39,240601.29894052
2023-06-21,80.04,87.4,80.38,85.05,401977.04319358
2023-06-22,84.35,88.87,85.04,85.94,223421.26719064
2023-06-23,85.02,93.11,85.95,91.32,342565.84107664
2023-06-24,86.43,93.82,91.3,89.79,212949.63659904
2023-06-25,86.65,90.46,89.79,88.25,140194.09698963
2023-06-26,85.8,90.37,88.26,87.22,209941.29127246
2023-06-27,86.94,89.48,87.2,88.09,167320.54048754
2023-06-28,81.77,88.12,88.09,83.01,239828.45140022
2023-06-29,82.91,85.75,82.98,84.71,130444.27641967
2023-06-30,84.29,111.68,84.72,108.68,1183861.36237001
2023-07-01,102.91,112.67,108.7,107.12,485782.73040969
2023-07-02,105.07,114.01,107.11,113.62,567502.25517747
2023-07-03,105.57,114.98,113.61,107.3,452153.80290665
2023-07-04,103.65,109.56,107.27,104.28,293662.82736042
2023-07-05,98.58,106.63,104.3,102.61,399841.39538082
2023-07-06,95.13,105.95,102.58,95.24,477711.73749514
2023-07-07,94.14,98.61,95.27,98.24,275976.6724212
2023-07-08,96.56,98.43,98.24,97.8,122858.46479285
2023-07-09,94.52,98.41,97.79,95.1,152787.92579105
2023-07-10,91.88,97.84,95.12,96.77,347861.63672303
2023-07-11,95.51,98.3,96.77,96.78,201685.80086849
2023-07-12,94.18,97.86,96.79,96.21,164167.78370064
2023-07-13,95.6,104.48,96.2,101.92,531995.77407635
2023-07-14,92.5,103.64,101.93,95.2,550668.65689559
2023-07-15,93.8,95.87,95.18,94.81,136239.71559893
2023-07-16,91.91,95.38,94.8,92.97,123110.7512755
2023-07-17,89.28,93.64,92.91,92.22,196606.1186925
2023-07-18,89.43,92.99,92.22,91.58,138889.21943933
2023-07-19,91.42,94.25,91.58,92.01,154231.92603088
2023-07-20,91.46,94.96,91.99,92.36,191624.83593392
2023-07-21,91.69,94.63,92.38,94.09,214824.32581634
2023-07-22,91.23,96.44,94.09,92.06,172913.73335152
2023-07-23,91.53,93.59,92.06,93.17,145862.59026953
2023-07-24,87.39,93.44,93.15,89.13,214279.60952949
2023-07-25,88.56,90.16,89.15,89.44,107993.26402688
2023-07-26,88.53,91.19,89.45,90.6,123614.89738081
2023-07-27,89.6,91.94,90.61,90.59,98326.8297765
2023-07-28,90.5,91.97,90.58,91.46,93853.90387132
2023-07-29,90.84,94.93,91.45,94.34,108501.70564596
2023-07-30,91.03,99.6,94.35,94.03,462597.39963705
2023-07-31,91.08,95.16,94.01,92.28,258936.29572602
2023-08-01,87.92,94.01,92.25,93.89,362571.69118469
2023-08-02,85.78,94.61,93.9,87.52,381635.31928942
2023-08-03,81.64,88.34,87.49,82.49,253881.0442962
2023-08-04,80.63,83.86,82.48,82.07,338341.38650237
2023-08-05,81.23,83.35,82.09,83.06,104351.21692343
2023-08-06,81.6,83.4,83.04,82.45,85378.940338
2023-08-07,79.19,83.32,82.45,82.41,156474.09548627
2023-08-08,81.68,85.4,82.42,83.85,229123.41958749
2023-08-09,83.15,84.58,83.85,84.03,131751.45107354
2023-08-10,82.56,84.36,84.02,83.07,76454.34273251
2023-08-11,82.55,83.61,83.06,83.5,95809.62677179
2023-08-12,83.22,83.94,83.5,83.42,46673.19993231
2023-08-13,81.01,83.74,83.44,81.85,73872.79049994
2023-08-14,81.43,83.02,81.85,82.03,86913.60762791
2023-08-15,76.94,82.17,82.03,79.17,201605.67775379
2023-08-16,72.72,79.53,79.18,74.47,299489.28728693
2023-08-17,60.75,75.74,74.48,64.78,426479.63638638
2023-08-18,63.15,65.98,64.8,63.96,313811.32236334
2023-08-19,63.49,64.99,63.94,64.16,155044.94111245
2023-08-20,63.97,65.9,64.15,65.26,142327.07669913
2023-08-21,64.33,67.23,65.28,66.99,263529.34377212
2023-08-22,62.01,67.35,67.01,64.8,318424.08343377
2023-08-23,64.03,66.74,64.77,65.62,154839.31615647
2023-08-24,63.86,65.9,65.62,64.86,103457.29733729
2023-08-25,63.52,65.43,64.86,65.1,142010.70180625
2023-08-26,64.85,65.53,65.1,64.99,59402.81005668
2023-08-27,64.81,65.91,64.98,65.38,63272.76198933
2023-08-28,63.93,65.71,65.35,65.46,103371.11199205
2023-08-29,64.56,70.68,65.46,68.86,246278.14751854
2023-08-30,66.52,69.03,68.87,67.67,135394.91864825
2023-08-31,63.22,68.34,67.65,63.89,179045.95756478
2023-09-01,61.82,64.25,63.89,62.96,114606.71353486
2023-09-02,62.94,64.71,62.99,64.59,87102.08835206
2023-09-03,63.55,64.91,64.58,63.93,70885.41275283
2023-09-04,62.98,65.01,63.92,63.74,84372.56286104
2023-09-05,62.53,63.78,63.74,63.14,95607.39557505
2023-09-06,61.43,63.86,63.13,62.83,106242.97949247
2023-09-07,62.45,64.48,62.84,63.71,108567.32892398
2023-09-08,61.51,64.21,63.7,62.6,96946.10455697
2023-09-09,62.52,63.29,62.6,63.04,51929.5593279
2023-09-10,60.05,63.06,63.05,61.11,143357.29674214
2023-09-11,57.64,61.65,61.1,58.84,183803.02422189
2023-09-12,58.64,61.5,58.85,59.97,172403.80742257
2023-09-13,59.62,62.78,59.97,61.97,197660.54414455
2023-09-14,61.94,63.43,61.97,62.84,153043.20281001
2023-09-15,62.57,66.26,62.83,65.89,164496.80934782
2023-09-16,64.42,67.03,65.89,65.41,102280.87430299
2023-09-17,62.79,65.43,65.41,63.57,88351.33894147
2023-09-18,62.95,67.9,63.59,65.88,209217.44039693
2023-09-19,65.61,68.41,65.88,67.29,156512.1376041
2023-09-20,63.28,67.88,67.3,64.55,238451.09000234
2023-09-21,62.92,65.03,64.58,64.71,186384.89406235
2023-09-22,63.96,65.88,64.71,64.37,148589.71342178
2023-09-23,64.38,65.27,64.38,65.09,78335.74231544
2023-09-24,63.26,65.12,65.08,63.56,61371.88723477
2023-09-25,62.57,65.04,63.57,64.34,84948.63756226
2023-09-26,63.05,65.08,64.32,63.78,81624.39323313
2023-09-27,63.02,65.5,63.76,63.5,90698.13705235
2023-09-28,63.11,65.5,63.52,65.23,104590.42561034
2023-09-29,64.9,66.49,65.22,65.54,99016.97028421
2023-09-30,65.35,66.6,65.54,65.97,58303.32090882
2023-10-01,65.82,68.82,65.97,68.16,110627.27538446
2023-10-02,65.16,68.4,68.16,66.0,123594.60922539
2023-10-03,65.25,66.91,66.0,65.51,99089.54666802
2023-10-04,63.15,65.52,65.5,64.4,111624.53658564
2023-10-05,63.77,65.29,64.4,64.81,72593.63659412
2023-10-06,64.38,66.02,64.81,65.53,77102.16280875
2023-10-07,64.98,66.28,65.53,65.51,52899.74209438
2023-10-08,65.01,66.03,65.5,65.4,56435.23865088
2023-10-09,61.6,65.42,65.4,63.09,111149.39106985
2023-10-10,62.58,63.84,63.09,63.62,85457.77446823
2023-10-11,61.08,63.76,63.62,61.53,192622.11467331
2023-10-12,60.33,61.55,61.55,61.12,104970.57707899
2023-10-13,61.05,62.16,61.13,61.58,85851.55516928
2023-10-14,61.37,61.98,61.57,61.61,49383.59319634
2023-10-15,61.37,62.19,61.62,61.64,52859.13260771
2023-10-16,61.57,66.33,61.65,63.24,245859.49822363
2023-10-17,61.4,63.36,63.24,62.09,130049.17887818
2023-10-18,60.0,62.84,62.09,60.21,141101.22711994
2023-10-19,59.73,61.97,60.22,61.79,108238.87038411
2023-10-20,61.61,64.32,61.8,63.42,220126.88330454
2023-10-21,63.37,65.42,63.42,64.77,105025.30131362
2023-10-22,63.17,66.35,64.77,65.3,139905.438606
2023-10-23,64.9,69.98,65.3,69.04,354853.05458156
2023-10-24,67.18,72.85,69.04,69.14,303318.03189004
2023-10-25,67.73,70.42,69.14,68.74,202228.68442895
2023-10-26,66.13,70.64,68.74,68.76,229318.67802905
2023-10-27,65.59,68.83,68.76,67.03,151173.1017915
2023-10-28,66.97,68.41,67.03,67.74,134756.63993671
2023-10-29,67.02,69.33,67.74,68.82,105461.89540364
2023-10-30,67.66,69.82,68.81,69.25,127134.06105192
2023-10-31,67.6,70.56,69.25,68.91,146097.15029049
2023-11-01,66.53,70.49,68.91,69.97,269518.86452108
2023-11-02,67.43,70.8,69.96,69.46,260393.0519114
2023-11-03,67.51,69.59,69.44,69.5,100906.43920666
2023-11-04,68.79,75.88,69.5,70.51,107501.08402085
2023-11-05,69.96,72.39,70.51,71.68,162944.84706643
2023-11-06,70.85,74.97,71.66,74.47,163213.94113745
2023-11-07,71.07,74.56,74.47,73.45,163029.02312988
2023-11-08,72.48,74.33,73.44,73.1,124855.49810142
2023-11-09,69.36,76.26,73.1,73.86,331764.7184689
2023-11-10,70.74,75.45,73.86,73.3,230291.38458228
2023-11-11,70.94,75.97,73.31,75.28,305004.88274459
2023-11-12,72.16,76.85,75.29,74.92,177454.04221072
2023-11-13,70.51,76.1,74.94,71.13,191235.72710835
2023-11-14,68.02,72.56,71.11,70.64,281789.09061033
2023-11-15,70.54,74.46,70.63,74.17,154249.13463654
2023-11-16,69.79,74.4,74.17,70.98,171721.44435718
2023-11-17,68.05,71.64,70.99,70.31,313090.05402766
2023-11-18,67.53,70.37,70.33,69.91,71627.1320414
2023-11-19,68.54,70.74,69.92,70.6,72758.51427302
2023-11-20,68.71,71.06,70.61,69.57,93325.63806735
2023-11-21,65.22,71.88,69.57,66.19,212464.46678993
2023-11-22,66.03,69.15,66.19,68.73,95538.35806527
2023-11-23,68.43,70.75,68.73,69.53,110130.21556713
2023-11-24,69.45,71.8,69.52,70.79,102561.14053673
2023-11-25,70.58,72.27,70.79,71.89,61593.52453924
2023-11-26,68.93,71.91,71.9,70.05,68899.80848026
2023-11-27,67.93,70.52,70.06,69.22,95404.69746727
2023-11-28,67.81,70.28,69.24,69.78,105633.68555075
2023-11-29,69.14,70.48,69.81,70.01,60625.93698494
2023-11-30,69.1,70.17,70.02,69.44,64323.99135507
2023-12-01,69.21,72.35,69.44,71.63,188433.58826298
2023-12-02,71.24,72.75,71.63,72.23,75829.01408429
2023-12-03,71.34,72.76,72.24,72.32,84418.65546699
2023-12-04,71.87,75.09,72.34,72.91,337731.31171387
2023-12-05,71.19,74.4,72.91,74.36,179054.58484085
2023-12-06,72.16,74.9,74.36,72.44,186551.81041852
2023-12-07,71.87,74.5,72.42,74.03,142739.64931753
2023-12-08,73.35,78.9,74.05,78.53,310903.89201764
2023-12-09,75.8,79.54,78.53,76.35,194489.25721467
2023-12-10,76.36,79.01,76.36,77.18,134466.90158256
2023-12-11,70.63,77.52,77.19,72.65,245008.3701612
2023-12-12,70.96,73.74,72.65,72.34,125941.88391021
2023-12-13,70.11,74.07,72.35,73.17,163237.43874782
2023-12-14,71.21,74.04,73.17,72.92,279155.64519077
2023-12-15,70.56,72.97,72.92,70.93,151215.05130184
2023-12-16,70.45,72.48,70.94,72.15,87119.60408656
2023-12-17,70.81,73.54,72.17,71.14,96440.66740389
2023-12-18,67.99,71.5,71.15,70.86,146304.69728791
2023-12-19,69.64,71.61,70.86,70.7,90395.36381106
2023-12-20,69.37,71.89,70.71,69.82,193718.60148812
2023-12-21,68.93,71.08,69.82,70.93,149082.91325652
2023-12-22,70.31,73.86,70.93,73.66,216280.64635575
2023-12-23,71.45,74.17,73.65,72.5,153795.6655527
2023-12-24,70.01,72.99,72.5,71.15,142026.28939251
2023-12-25,70.6,72.79,71.16,72.22,92321.57138777
2023-12-26,71.06,74.42,72.26,73.25,228024.52019498
2023-12-27,72.08,77.31,73.25,76.05,335929.18414893
2023-12-28,74.54,77.65,76.03,76.51,315712.42116508
2023-12-29,72.8,77.85,76.54,73.22,315107.79997357
2023-12-30,72.38,73.99,73.21,73.23,175907.48106892
2023-12-31,71.45,74.21,73.24,72.81,117693.68339891
2024-01-01,72.05,74.83,72.81,74.75,112009.56093292
2024-01-02,72.5,75.94,74.75,72.98,163486.58739399
2024-01-03,60.0,73.63,72.99,65.29,330936.15727392
2024-01-04,64.57,67.18,65.28,66.49,238707.22206345
2024-01-05,63.51,66.81,66.49,66.06,236222.08405657
2024-01-06,63.27,66.16,66.06,65.7,101258.03053944
2024-01-07,63.72,66.41,65.69,64.31,86854.59051206
2024-01-08,61.1,68.44,64.31,67.81,283313.48603498
2024-01-09,64.21,67.87,67.8,67.01,265463.70738217
2024-01-10,65.0,71.26,67.0,70.12,290115.20805102
2024-01-11,69.57,74.66,70.13,71.88,289293.01324706
2024-01-12,70.41,77.1,71.9,72.94,430416.55553513
2024-01-13,71.0,73.57,72.96,72.0,160136.12236067
2024-01-14,69.43,72.29,72.0,69.74,172836.81144939
2024-01-15,68.72,71.58,69.76,69.08,127742.88911286
2024-01-16,68.32,70.54,69.08,69.4,132351.68677201
2024-01-17,68.28,69.95,69.4,69.39,98480.97340796
2024-01-18,66.15,70.25,69.4,68.04,175124.55354662
2024-01-19,66.88,71.5,68.06,71.26,202916.06839042
2024-01-20,70.42,72.73,71.23,71.31,167567.3021948
2024-01-21,70.45,72.28,71.31,71.67,94973.34533082
2024-01-22,66.57,72.67,71.67,67.31,261850.79257689
2024-01-23,63.13,68.37,67.29,65.46,194779.51697209
2024-01-24,64.83,66.34,65.47,66.12,125059.60969504
2024-01-25,64.54,66.14,66.11,65.48,105179.89108335
2024-01-26,65.17,67.53,65.44,67.02,108588.19448834
2024-01-27,66.33,68.34,67.03,68.07,78215.11571326
2024-01-28,67.31,68.49,68.07,68.36,78396.68145709
2024-01-29,66.8,68.79,68.36,68.42,115414.02646123
2024-01-30,67.16,68.75,68.44,67.5,97842.79313159
2024-01-31,66.1,69.99,67.48,66.73,125558.06659432
2024-02-01,65.66,68.11,66.72,67.52,91465.19641624
2024-02-02,67.29,68.38,67.53,68.02,73508.50511231
2024-02-03,67.87,69.17,68.02,68.8,74508.1524104
2024-02-04,66.46,68.88,68.81,66.92,97590.98095528
2024-02-05,66.55,68.18,66.91,67.63,75942.9294412
2024-02-06,67.48,68.8,67.63,68.26,104296.25870481
2024-02-07,67.68,68.79,68.27,68.62,245248.8327213
2024-02-08,68.37,70.67,68.61,70.55,133803.37292202
2024-02-09,70.1,71.95,70.54,70.69,205645.64693709
2024-02-10,69.97,71.23,70.67,70.82,84442.68504255
2024-02-11,70.65,73.12,70.84,71.58,131024.66986369
2024-02-12,70.3,73.45,71.59,72.85,123006.77578591
2024-02-13,68.12,73.19,72.84,69.0,214431.3630108
2024-02-14,68.47,70.79,69.0,69.9,192100.95131616
2024-02-15,69.07,70.97,69.89,69.84,181962.73654268
2024-02-16,68.78,71.0,69.84,70.64,150133.89239774
2024-02-17,68.09,70.75,70.66,70.0,109586.92259487
2024-02-18,69.85,71.35,70.0,70.82,84873.6496752
2024-02-19,70.44,71.75,70.82,71.33,117056.87353795
2024-02-20,67.38,71.5,71.32,69.66,192538.48338141
2024-02-21,67.32,69.72,69.67,68.92,116061.78477399
2024-02-22,67.91,69.81,68.92,68.76,164292.77021673
2024-02-23,67.48,69.1,68.76,68.77,98154.13269607
2024-02-24,68.62,70.69,68.78,70.41,100240.47605084
2024-02-25,69.74,70.59,70.4,70.16,80694.25596705
2024-02-26,69.11,73.13,70.17,71.97,228851.99376536
2024-02-27,71.98,76.44,71.98,74.01,366219.88874986
2024-02-28,70.34,78.0,74.04,74.58,489757.77116659
2024-02-29,73.95,84.99,74.58,79.97,639834.98356604
2024-03-01,79.99,86.22,79.99,84.94,354465.59582862
2024-03-02,84.5,94.7,84.99,94.67,575950.67405812
2024-03-03,84.9,94.88,94.63,90.76,362194.8850811
2024-03-04,87.54,92.69,90.75,89.07,591626.60150754
2024-03-05,72.06,92.0,89.06,82.04,818160.42337597
2024-03-06,79.86,87.42,82.04,85.95,327059.30046633
2024-03-07,83.44,89.73,85.94,88.15,294098.06784724
2024-03-08,84.12,89.67,88.16,88.54,413552.06299405
2024-03-09,87.02,91.14,88.54,90.86,220352.12020933
2024-03-10,85.5,91.0,90.84,87.52,192237.67389949
2024-03-11,83.29,105.71,87.51,103.82,823702.25529118
2024-03-12,91.69,104.27,103.87,97.57,444874.79489273
2024-03-13,94.12,98.99,97.57,97.28,287186.80255031
2024-03-14,89.5,98.27,97.26,94.07,434579.13208273
2024-03-15,83.31,95.4,94.07,89.8,448776.25551076
2024-03-16,82.21,90.71,89.78,84.04,305335.17989134
2024-03-17,80.64,86.76,84.05,85.86,214046.61741817
2024-03-18,80.75,88.08,85.87,86.76,290319.44341527
2024-03-19,77.08,87.87,86.73,78.43,694236.19958826
2024-03-20,76.96,85.37,78.41,84.67,460152.72425964
2024-03-21,83.59,87.2,84.66,85.72,245590.79936784
2024-03-22,80.57,86.21,85.71,83.43,206647.06419785
2024-03-23,82.89,87.49,83.43,85.27,220340.29200079
2024-03-24,85.25,90.71,85.25,89.62,292443.83722772
2024-03-25,88.56,92.09,89.66,90.59,274931.03264669
2024-03-26,87.61,97.0,90.59,95.74,595436.36927159
2024-03-27,92.32,98.9,95.74,93.52,505454.19771575
2024-03-28,93.4,96.55,93.51,94.15,405746.71834295
2024-03-29,92.8,110.47,94.15,109.14,732621.54348965
2024-03-30,101.12,109.31,109.13,102.9,349078.46438837
2024-03-31,101.4,106.76,102.9,105.05,280185.60316358
2024-04-01,97.25,112.98,105.04,99.3,625529.98530092
2024-04-02,93.2,109.04,99.28,106.79,903101.80909608
2024-04-03,96.58,109.89,106.77,98.35,499644.72172813
2024-04-04,96.26,104.25,98.36,98.47,502190.12480937
2024-04-05,95.1,100.25,98.47,97.88,311333.97804777
2024-04-06,97.21,102.5,97.88,101.65,184215.84210159
2024-04-07,100.11,105.95,101.65,101.22,299552.07856677
2024-04-08,99.59,106.02,101.24,103.24,319995.39827519
2024-04-09,96.47,103.43,103.24,97.53,271970.08289909
2024-04-10,93.46,98.28,97.53,96.71,222610.68326495
2024-04-11,94.85,99.98,96.72,98.78,212993.16355635
2024-04-12,80.01,99.53,98.76,86.16,516258.24593288
2024-04-13,70.83,86.62,86.16,77.47,679710.0994161
2024-04-14,73.79,80.49,77.48,79.82,465056.0912589
2024-04-15,75.63,82.9,79.8,78.13,325097.13146713
2024-04-16,75.37,80.46,78.14,79.99,232952.11885792
2024-04-17,76.32,80.83,79.96,80.18,187140.01640329
2024-04-18,78.66,82.54,80.17,80.8,193794.82719748
2024-04-19,75.8,82.2,80.8,80.91,194079.71484958
2024-04-20,80.31,86.02,80.89,85.08,128115.48932702
2024-04-21,82.75,85.71,85.06,84.18,99055.65852622
2024-04-22,83.96,86.53,84.17,85.44,138356.47847073
2024-04-23,84.01,86.5,85.44,85.04,137005.00374881
2024-04-24,82.27,87.69,85.02,83.21,232107.76315278
2024-04-25,81.82,85.04,83.2,83.76,149777.71960778
2024-04-26,83.07,88.56,83.75,88.09,302820.10725718
2024-04-27,83.09,88.46,88.08,83.83,239105.84427093
2024-04-28,83.58,85.41,83.83,83.97,112922.05708902
2024-04-29,81.71,85.62,83.98,83.48,163646.00046478
2024-04-30,77.21,84.5,83.48,79.44,218367.02045755
2024-05-01,74.53,80.81,79.44,80.05,244154.69764978
2024-05-02,78.58,81.28,80.04,80.04,138133.41633274
2024-05-03,79.35,82.66,80.04,81.91,127061.20788736
2024-05-04,81.55,82.99,81.9,81.69,99102.36935453
2024-05-05,80.4,81.82,81.69,81.33,106573.95418559
2024-05-06,80.02,84.23,81.34,80.8,194285.7131066
2024-05-07,79.79,82.64,80.77,80.83,145087.56335277
2024-05-08,79.31,82.29,80.82,81.65,150003.32716283
2024-05-09,80.67,83.16,81.67,83.07,114888.4430761
2024-05-10,79.55,83.48,83.05,80.22,109554.49587602
2024-05-11,80.12,82.26,80.22,81.36,83214.93845814
2024-05-12,80.8,82.14,81.36,81.38,66309.16155251
2024-05-13,78.9,82.5,81.38,80.61,160047.64439703
2024-05-14,78.41,83.0,80.61,78.7,152975.98118948
2024-05-15,78.24,82.98,78.75,82.5,155712.63771542
2024-05-16,81.38,83.27,82.49,82.44,133670.58103124
2024-05-17,81.91,84.26,82.44,84.18,110718.77183059
2024-05-18,83.45,84.85,84.17,83.87,90425.9347358
2024-05-19,81.77,84.4,83.86,82.39,77089.22330222
2024-05-20,82.38,89.17,82.39,88.65,184021.06141805
2024-05-21,86.94,89.63,88.64,88.24,235271.75659231
2024-05-22,84.86,88.48,88.24,85.75,184372.39538242
2024-05-23,80.51,87.96,85.75,85.41,303789.67405426
2024-05-24,83.99,86.45,85.41,84.99,166773.19881125
2024-05-25,84.43,85.93,84.98,84.99,71686.71338215
2024-05-26,83.49,85.27,84.99,83.84,78862.80214773
2024-05-27,83.77,86.37,83.84,85.17,96547.77421646
2024-05-28,81.98,85.49,85.18,83.35,145662.4076179
2024-05-29,82.54,84.14,83.37,83.47,119963.93737913
2024-05-30,81.88,85.53,83.47,84.43,151852.9171056
2024-05-31,81.97,84.65,84.42,83.13,110828.6206423
2024-06-01,82.83,83.86,83.13,83.43,61109.40208311
2024-06-02,82.13,83.48,83.41,83.08,72498.9485517
2024-06-03,82.59,84.25,83.08,82.82,94587.29565849
2024-06-04,81.09,83.72,82.82,83.68,98439.43648748
2024-06-05,83.5,85.48,83.67,85.44,96079.94010235
2024-06-06,84.12,85.79,85.44,84.17,131407.98872071
2024-06-07,75.09,84.83,84.18,80.1,235299.53067999
2024-06-08,78.83,80.44,80.1,79.98,82669.64420839
2024-06-09,79.49,80.71,79.97,80.47,55469.34867156
2024-06-10,79.04,80.49,80.47,79.63,102262.8352264
2024-06-11,75.58,79.83,79.64,77.29,269256.47404925
2024-06-12,76.34,79.29,77.3,78.49,214826.46223322
2024-06-13,77.24,79.81,78.49,79.12,296952.67113477
2024-06-14,76.32,80.26,79.12,77.57,272393.80664947
2024-06-15,77.31,79.42,77.57,79.19,102830.20331723
2024-06-16,78.55,80.09,79.19,78.95,101893.31627036
2024-06-17,75.09,79.21,78.98,76.59,178389.52163564
2024-06-18,70.63,76.76,76.58,72.64,343507.58611606
2024-06-19,72.48,74.95,72.63,73.75,129447.9208816
2024-06-20,73.19,75.32,73.76,74.68,143037.36724016
2024-06-21,72.1,74.71,74.68,74.15,147558.04493222
2024-06-22,73.52,74.86,74.14,74.58,73549.23302585
2024-06-23,73.2,75.0,74.59,73.32,93633.71719168
2024-06-24,67.5,73.4,73.33,69.67,235317.7619469
2024-06-25,69.37,71.99,69.67,71.34,125833.07085487
2024-06-26,70.35,71.95,71.35,70.97,119721.34785407
2024-06-27,70.48,73.26,70.98,73.16,107472.61117446
2024-06-28,72.42,74.68,73.16,72.77,244562.64720434
2024-06-29,72.75,76.76,72.75,74.82,190285.06583878
2024-06-30,73.99,75.89,74.82,75.21,177834.96083669
2024-07-01,74.07,75.85,75.22,74.3,152295.851143
2024-07-02,74.19,76.1,74.3,75.93,123304.93854577
2024-07-03,71.7,76.13,75.94,72.07,188761.13069753
2024-07-04,65.0,72.36,72.06,65.41,278577.58841154
2024-07-05,56.76,65.57,65.41,61.88,546363.93563431
2024-07-06,61.42,65.69,61.85,65.4,211960.69785032
2024-07-07,61.62,65.59,65.41,62.05,170288.10485018
2024-07-08,59.24,67.1,62.04,64.9,289928.3651535
2024-07-09,64.25,66.28,64.9,65.31,135015.53091038
2024-07-10,64.51,67.3,65.31,66.97,146081.98000098
2024-07-11,66.44,69.15,66.96,67.37,147955.94549087
2024-07-12,66.79,69.44,67.37,69.29,209890.97095226
2024-07-13,69.17,70.7,69.29,69.85,147944.48182367
2024-07-14,69.26,70.54,69.84,69.96,107936.62082205
2024-07-15,69.71,72.57,69.95,72.34,199044.11702007
2024-07-16,70.36,74.12,72.33,73.24,178287.64879072
2024-07-17,71.14,74.28,73.24,71.38,178457.72258524
2024-07-18,70.51,72.96,71.38,71.63,152679.92303164
2024-07-19,69.66,74.16,71.63,73.45,168954.64467231
2024-07-20,72.34,73.94,73.46,73.06,91241.54498563
2024-07-21,71.26,74.14,73.06,73.99,124457.98336609
2024-07-22,70.77,74.61,74.0,71.29,226351.73392585
2024-07-23,70.4,73.7,71.29,72.92,139430.26339729
2024-07-24,70.76,73.68,72.9,71.28,115149.77030189
2024-07-25,67.27,71.67,71.26,68.8,210149.18153452
2024-07-26,68.74,71.69,68.8,71.32,120236.33512515
2024-07-27,70.26,72.35,71.33,71.34,98618.22146622
2024-07-28,70.33,71.77,71.33,71.08,75420.38097274
2024-07-29,71.03,76.76,71.08,73.68,289466.52157854
2024-07-30,71.06,74.55,73.67,71.68,146863.83920673
2024-07-31,69.86,72.91,71.67,70.14,163332.96101171
2024-08-01,65.91,71.42,70.12,69.51,225766.10036945
2024-08-02,63.91,69.89,69.51,64.97,224563.30625076
2024-08-03,62.53,66.33,64.97,64.62,199949.588108
2024-08-04,60.32,65.21,64.62,62.43,185599.8290545
2024-08-05,49.9,62.55,62.42,56.09,789775.58971575
2024-08-06,55.99,59.42,56.08,58.3,261126.15494629
2024-08-07,55.35,59.54,58.29,55.99,201549.81891455
2024-08-08,55.18,61.99,56.01,61.17,189110.55295571
2024-08-09,59.34,61.27,61.17,60.73,145779.00239238
2024-08-10,60.15,61.56,60.74,61.16,114767.47994666
2024-08-11,58.8,62.39,61.17,59.75,157586.57402222
2024-08-12,59.19,62.07,59.74,61.51,190738.92583777
2024-08-13,61.1,63.52,61.51,63.45,154465.02437419
2024-08-14,62.61,64.71,63.46,64.08,174490.17343711
2024-08-15,63.6,66.91,64.07,65.35,304040.40060527
2024-08-16,64.3,66.81,65.36,66.51,223088.58426702
2024-08-17,65.89,67.88,66.52,67.61,125137.31754373
2024-08-18,66.09,68.16,67.6,66.35,112275.35317443
2024-08-19,66.0,67.45,66.35,66.33,155908.61039006
2024-08-20,63.18,67.34,66.34,64.4,168769.14576809
2024-08-21,62.03,64.8,64.4,64.29,180927.30236896
2024-08-22,62.5,64.39,64.28,63.74,150298.84700135
2024-08-23,63.47,66.91,63.76,66.15,100411.30417177
2024-08-24,65.45,68.02,66.16,66.61,93531.04760578
2024-08-25,64.45,66.92,66.61,64.86,82456.42276227
2024-08-26,63.0,65.12,64.86,63.02,95025.0755829
2024-08-27,59.03,64.0,63.02,60.41,145989.8198799
2024-08-28,59.4,62.44,60.4,61.81,163652.77342507
2024-08-29,61.11,63.95,61.84,62.48,141011.6658804
2024-08-30,61.54,65.43,62.48,64.9,193721.25965796
2024-08-31,64.86,66.49,64.9,64.96,139658.08770517
2024-09-01,62.85,65.12,64.95,63.57,80029.5948533
2024-09-02,62.59,65.74,63.56,65.36,115860.8974486
2024-09-03,64.29,66.35,65.34,64.35,123380.04162598
2024-09-04,62.07,66.23,64.35,65.42,149379.89785544
2024-09-05,64.42,68.53,65.42,66.07,203213.59919466
2024-09-06,61.17,66.81,66.06,63.05,185642.1601108
2024-09-07,61.65,64.15,63.05,62.05,127016.72078336
2024-09-08,59.92,62.3,62.06,60.95,142092.73889505
2024-09-09,59.66,61.82,60.95,61.44,208790.58847377
2024-09-10,60.34,61.78,61.43,61.53,132446.60204749
2024-09-11,60.11,62.44,61.53,62.21,128830.09926104
2024-09-12,61.43,63.14,62.21,62.85,94207.80425732
2024-09-13,62.41,65.05,62.85,64.97,109423.39643119
2024-09-14,64.9,66.78,64.98,65.94,89844.48431582
2024-09-15,62.91,66.35,65.95,63.26,69741.19985632
2024-09-16,62.08,63.73,63.25,62.62,76894.0140024
2024-09-17,61.91,64.05,62.63,63.78,108244.96302869
2024-09-18,62.4,64.87,63.75,64.85,97243.86433726
2024-09-19,64.71,66.09,64.85,65.41,117039.74187193
2024-09-20,64.32,66.44,65.41,65.34,120528.86432035
2024-09-21,64.84,67.16,65.32,66.85,82126.69388594
2024-09-22,66.48,68.81,66.84,68.71,108303.22805009
2024-09-23,66.63,69.33,68.7,66.96,118892.66072496
2024-09-24,65.64,67.16,66.96,66.69,106785.5672643
2024-09-25,65.9,67.86,66.7,66.54,93344.81017105
2024-09-26,65.61,68.61,66.53,68.57,118005.58770767
2024-09-27,68.3,71.24,68.55,71.16,135193.02542898
2024-09-28,69.03,71.54,71.15,69.98,78310.5225683
2024-09-29,68.5,70.34,69.99,69.28,75789.92707359
2024-09-30,66.3,69.39,69.28,66.82,132775.07938766
2024-10-01,61.98,68.59,66.82,63.4,156802.93182087
2024-10-02,62.21,64.77,63.4,62.95,126825.77135459
2024-10-03,61.93,63.99,62.94,63.48,91807.16278954
2024-10-04,63.29,65.2,63.47,64.96,96754.94398368
2024-10-05,64.68,66.36,64.95,66.32,67160.30798478
2024-10-06,66.13,67.64,66.33,67.05,64829.07252122
2024-10-07,64.5,67.98,67.04,64.75,90347.601346
2024-10-08,64.52,66.13,64.76,65.65,63090.39303004
2024-10-09,64.03,65.94,65.66,64.53,75593.10890399
2024-10-10,63.19,65.02,64.54,64.27,82915.31187509
2024-10-11,64.22,65.93,64.27,65.57,81670.95879692
2024-10-12,65.04,66.67,65.58,66.19,67904.02217905
2024-10-13,64.41,66.29,66.19,64.79,71405.902397
2024-10-14,64.11,67.36,64.79,66.82,127587.79274286
2024-10-15,65.26,71.94,66.83,70.87,261360.68554576
2024-10-16,69.33,73.01,70.86,70.08,192114.90461168
2024-10-17,69.86,73.98,70.07,72.77,175960.2726204
2024-10-18,71.87,74.82,72.72,73.09,179986.67445623
2024-10-19,73.03,76.18,73.11,74.89,122648.60201904
2024-10-20,73.57,75.88,74.88,74.28,104835.93441967
2024-10-21,70.3,74.57,74.28,70.74,145967.83938936
2024-10-22,69.35,71.56,70.75,70.0,144466.70377622
2024-10-23,67.78,70.36,70.0,69.98,111049.07692758
2024-10-24,69.21,71.29,69.99,71.12,95785.43106823
2024-10-25,66.74,72.26,71.14,68.72,112005.11990528
2024-10-26,67.99,69.64,68.72,68.39,73574.39629943
2024-10-27,67.92,71.15,68.38,70.99,73500.83020694
2024-10-28,69.55,71.47,70.99,70.78,108220.15195522
2024-10-29,70.68,74.34,70.8,73.95,138798.27539021
2024-10-30,71.41,74.25,73.96,71.76,91001.18859509
2024-10-31,68.34,72.08,71.75,69.23,112607.08010463
2024-11-01,67.65,71.06,69.24,70.24,126075.84234719
2024-11-02,68.84,71.24,70.22,69.19,71016.22756516
2024-11-03,65.26,69.29,69.2,66.85,103279.64710925
2024-11-04,64.42,67.68,66.85,65.51,96806.90434182
2024-11-05,64.83,67.26,65.53,65.4,168042.24235615
2024-11-06,65.33,71.69,65.4,71.11,268990.15921977
2024-11-07,69.94,72.48,71.08,71.51,148537.23270753
2024-11-08,70.72,73.13,71.52,72.85,169615.80668397
2024-11-09,71.63,74.24,72.85,74.04,133094.32490073
2024-11-10,73.46,78.28,74.02,76.63,289219.36973331
2024-11-11,74.65,80.47,76.65,80.14,291273.65154378
2024-11-12,74.07,82.87,80.16,76.76,369905.29552183
2024-11-13,71.94,78.03,76.79,75.49,370593.50049364
2024-11-14,74.24,85.17,75.5,82.38,770584.90884413
2024-11-15,78.89,87.34,82.38,83.72,532721.98223052
2024-11-16,82.85,98.57,83.72,95.49,785097.30735435
2024-11-17,84.87,97.45,95.51,87.23,500614.72067487
2024-11-18,86.45,94.81,87.24,89.27,529942.38347246
2024-11-19,85.17,90.25,89.29,86.78,339626.31844095
2024-11-20,82.44,87.9,86.79,83.47,282770.63009139
2024-11-21,81.65,92.11,83.5,89.65,471001.90045702
2024-11-22,87.8,92.77,89.64,92.34,459326.05749926
2024-11-23,92.2,106.58,92.35,99.65,863907.29706419
2024-11-24,91.67,103.3,99.64,96.98,518099.09140065
2024-11-25,90.89,99.28,97.03,92.29,410294.6217227
2024-11-26,87.96,95.43,92.26,92.79,394203.41752418
2024-11-27,91.44,99.4,92.79,97.25,368848.12770289
2024-11-28,93.68,98.43,97.34,95.54,213540.68820494
2024-11-29,94.74,104.89,95.56,104.83,448839.49123281
2024-11-30,100.36,105.2,104.87,102.8,304497.73233809
2024-12-01,99.4,122.05,102.8,119.61,661444.68940028
2024-12-02,114.79,139.9,119.61,132.9,1530748.95456509
2024-12-03,121.53,135.33,132.86,130.95,922218.20337529
2024-12-04,121.79,135.87,131.04,133.85,822989.20296742
2024-12-05,124.94,147.22,133.88,135.93,1084325.67207381
2024-12-06,130.18,139.39,135.94,136.1,621437.81676721
2024-12-07,131.86,139.0,136.17,133.89,307406.04532174
2024-12-08,130.16,136.0,133.89,134.98,215275.77501739
2024-12-09,105.0,135.13,134.96,110.49,798636.01174904
2024-12-10,101.31,114.89,110.48,109.92,822382.6214167
2024-12-11,106.08,119.19,109.9,117.38,564738.69898187
2024-12-12,116.52,125.12,117.38,119.3,564566.58145837
2024-12-13,117.06,125.31,119.28,124.53,352628.7206026
2024-12-14,115.41,125.4,124.53,118.22,261377.8187465
2024-12-15,113.94,122.14,118.23,121.08,278117.95048932
2024-12-16,115.21,124.29,121.09,118.05,486943.28645186
2024-12-17,114.4,131.52,118.05,125.59,576758.78053478
2024-12-18,106.78,129.13,125.62,108.26,654467.32790478
2024-12-19,94.57,111.7,108.25,99.23,527781.42683914
2024-12-20,86.7,103.14,99.28,101.32,506072.43871635
2024-12-21,97.63,105.99,101.35,101.52,306913.91724317
2024-12-22,96.63,104.0,101.53,99.7,221156.37797091
2024-12-23,97.81,107.5,99.7,106.63,262492.57682435
2024-12-24,103.8,110.73,106.63,108.29,231293.16185958
2024-12-25,106.83,110.58,108.23,109.78,136219.85961057
2024-12-26,100.95,110.25,109.78,102.11,216788.59182163
2024-12-27,99.56,106.41,102.16,100.46,206406.45988154
2024-12-28,98.51,101.65,100.45,100.56,110855.19241838
2024-12-29,96.69,101.51,100.56,98.33,120737.78657758
2024-12-30,97.17,102.83,98.33,99.24,190939.56540365
2024-12-31,97.58,104.67,99.23,103.07,193345.34960903
2025-01-01,101.83,107.94,103.07,105.02,189578.93199247
2025-01-02,104.51,108.59,105.0,105.01,185797.9210437
2025-01-03,104.02,114.79,105.05,112.68,218130.45472452
2025-01-04,110.04,112.83,112.67,111.21,122701.95327373
2025-01-05,110.57,116.15,111.18,115.66,151608.47530457
2025-01-06,111.6,117.43,115.68,114.05,220528.98584686
2025-01-07,102.03,115.0,114.02,102.72,250213.05412548
2025-01-08,97.16,105.04,102.69,101.4,213146.4813923
2025-01-09,99.84,105.81,101.4,102.25,197073.18676992
2025-01-10,102.05,106.27,102.22,103.93,140887.94538913
2025-01-11,102.09,104.93,103.91,104.34,99571.95546263
2025-01-12,101.33,105.23,104.36,102.32,92163.93626897
2025-01-13,92.51,104.41,102.33,98.33,220211.95173911
2025-01-14,97.54,102.53,98.34,102.43,121959.77831907
2025-01-15,100.71,118.7,102.43,117.01,296737.04747567
2025-01-16,114.05,130.46,116.98,124.36,805260.6153924
2025-01-17,124.39,141.14,124.39,137.1,649477.94994949
2025-01-18,123.12,139.55,137.13,125.27,457343.22455869
2025-01-19,111.17,128.52,125.26,115.39,518983.71327376
2025-01-20,112.78,127.89,115.38,118.43,521539.70840528
2025-01-21,113.58,124.78,118.42,119.12,405468.14477381
2025-01-22,114.18,120.26,119.14,115.31,232588.39028783
2025-01-23,111.19,117.35,115.36,116.42,247571.5246538
2025-01-24,112.85,124.43,116.46,118.72,494973.41909686
2025-01-25,118.05,129.33,118.74,123.88,570533.17027262
2025-01-26,116.86,125.14,123.92,117.08,305596.87210295
2025-01-27,106.14,117.97,117.05,115.07,485698.60452866
2025-01-28,109.04,119.0,115.07,109.88,300915.03913847
2025-01-29,109.79,119.53,109.87,115.92,288653.27415489
2025-01-30,114.0,134.16,115.91,130.14,577535.23296327
2025-01-31,125.16,135.35,130.15,128.03,421667.67504725
2025-02-01,117.62,134.5,128.02,118.02,374823.94801509
2025-02-02,104.08,121.39,118.03,109.12,487937.18344495
2025-02-03,80.64,109.14,109.14,107.0,1038285.66463573
2025-02-04,98.47,108.87,107.0,101.08,570402.41946855
2025-02-05,100.48,109.48,101.13,103.4,355055.32000941
2025-02-06,99.51,109.73,103.39,101.7,405054.10091721
2025-02-07,100.6,108.16,101.69,103.11,329617.42083193
2025-02-08,101.75,105.17,103.14,104.72,207018.75241693
2025-02-09,102.3,109.18,104.68,107.2,234028.77885381
2025-02-10,107.14,122.48,107.22,120.23,637665.79760708
2025-02-11,117.78,132.21,120.23,119.26,752641.13325873
2025-02-12,111.33,125.36,119.25,122.09,616823.12656631
2025-02-13,118.85,129.69,122.09,126.67,564092.5367389
2025-02-14,124.36,133.86,126.66,124.88,598865.08954049
2025-02-15,124.26,135.01,124.92,133.89,508204.07915433
2025-02-16,124.84,137.53,133.87,125.7,455637.76326336
2025-02-17,120.0,128.88,125.73,122.28,483675.16876426
2025-02-18,119.79,129.76,122.28,129.63,511203.10583383
2025-02-19,129.59,139.82,129.67,134.87,593021.46360625
2025-02-20,125.86,135.2,134.87,130.89,466496.24616891
2025-02-21,123.66,140.0,130.9,128.04,671309.03290748
2025-02-22,125.66,131.18,128.04,125.94,254130.34516219
2025-02-23,125.22,130.39,125.94,129.87,170598.94436964
2025-02-24,112.13,130.5,129.87,114.76,385380.77993824
2025-02-25,106.08,117.17,114.76,114.41,541312.98666541
2025-02-26,113.83,128.48,114.44,124.47,803230.14392039
2025-02-27,121.68,131.95,124.48,126.76,616859.52529717
2025-02-28,114.0,129.5,126.76,128.0,732374.1063315
2025-03-01,122.9,130.88,128.01,124.29,261475.46493522
2025-03-02,117.51,130.59,124.27,127.85,579256.88246597
2025-03-03,106.57,130.34,127.9,109.81,710003.41663479
2025-03-04,93.94,110.88,109.84,103.65,828737.38362141
2025-03-05,100.61,106.84,103.62,104.74,322122.11043984
2025-03-06,102.1,113.0,104.72,103.41,528875.72721221
2025-03-07,97.33,106.72,103.38,103.66,455381.8065808
2025-03-08,101.63,108.65,103.66,102.28,312936.59037865
2025-03-09,93.64,102.74,102.3,94.57,363899.62054164
2025-03-10,86.22,99.11,94.59,87.43,454924.92634385
2025-03-11,83.23,93.32,87.44,90.42,571208.71367369
2025-03-12,87.27,92.91,90.42,91.5,251301.9237845
2025-03-13,86.21,91.77,91.48,88.07,254708.31055927
2025-03-14,87.76,92.83,88.07,91.31,179224.08276352
2025-03-15,90.94,94.27,91.33,92.47,124292.20819268
2025-03-16,88.35,92.7,92.46,90.21,130296.2613267
2025-03-17,90.21,94.48,90.21,92.28,221733.4847258
2025-03-18,87.08,92.31,92.3,90.01,175890.96498453
2025-03-19,89.31,94.28,90.01,94.11,184108.13329639
2025-03-20,90.05,94.6,94.12,93.25,129175.90472901
2025-03-21,90.79,93.94,93.23,90.81,169092.23355324
2025-03-22,90.38,92.21,90.81,91.36,76607.32972682
2025-03-23,90.64,92.99,91.37,91.49,69366.78191446
2025-03-24,90.81,95.63,91.48,93.79,226229.56706522
2025-03-25,91.89,94.86,93.76,94.41,141116.78911784
2025-03-26,90.91,96.53,94.42,92.44,160173.23966718
2025-03-27,92.07,95.02,92.45,92.76,124891.12800988
2025-03-28,85.65,93.43,92.77,87.33,183663.22851222
2025-03-29,84.13,88.0,87.34,85.43,117047.74354826
2025-03-30,84.67,86.8,85.45,86.1,125578.02215368
2025-03-31,80.78,86.26,86.13,82.94,256063.53421473
2025-04-01,82.83,85.9,82.96,84.5,146806.3913519
2025-04-02,80.92,88.55,84.5,81.53,307024.26452888
2025-04-03,80.11,84.66,81.52,83.43,207932.49074864
2025-04-04,81.6,85.09,83.44,84.39,293941.38433907
2025-04-05,81.6,84.94,84.37,82.65,81235.93845513
2025-04-06,68.37,83.1,82.65,70.6,354603.68718344
2025-04-07,63.03,72.99,70.61,70.98,499961.63088455
2025-04-08,68.13,73.5,70.98,69.09,262360.73420404
2025-04-09,66.45,78.37,69.1,76.02,431404.98046927
2025-04-10,71.04,76.09,76.0,73.79,235960.91642038
2025-04-11,73.67,77.5,73.78,76.17,211302.82524734
2025-04-12,74.87,80.09,76.16,78.64,161913.5956029
2025-04-13,76.38,80.02,78.63,77.84,146389.90500719
2025-04-14,75.7,80.62,77.85,77.18,158761.71995148
2025-04-15,74.66,78.7,77.18,75.26,141815.75063334
2025-04-16,73.28,76.54,75.26,74.34,166722.92377604
2025-04-17,73.64,76.54,74.32,74.96,142908.1433178
2025-04-18,74.61,77.07,74.96,76.0,112841.72582573
2025-04-19,74.23,76.79,76.01,76.11,106931.34788149
2025-04-20,75.22,78.49,76.1,77.8,103437.42554505
2025-04-21,77.41,81.79,77.8,78.15,173540.87393097
2025-04-22,77.39,84.72,78.14,83.53,205113.46773191
2025-04-23,82.2,85.26,83.54,83.32,207295.2227946
2025-04-24,80.79,84.65,83.31,84.31,186211.10929861
2025-04-25,82.94,87.34,84.33,86.33,181050.23563076
2025-04-26,85.24,88.09,86.35,87.09,104153.98212508
2025-04-27,84.59,87.64,87.1,85.41,107629.91050552
2025-04-28,83.74,88.12,85.41,85.7,210373.92299355
2025-04-29,84.53,87.48,85.7,85.59,170405.9293781
2025-04-30,81.46,86.66,85.59,83.53,205115.26568208
2025-05-01,83.31,91.05,83.53,88.86,222942.86872287
2025-05-02,87.07,91.87,88.89,88.0,144112.42270899
2025-05-03,85.57,88.05,88.02,86.55,94031.77085079
2025-05-04,84.8,86.93,86.56,85.05,116718.31513426
2025-05-05,82.11,89.5,85.06,83.26,313507.19628963
2025-05-06,81.01,92.65,83.24,91.58,436398.41702806
2025-05-07,87.22,93.62,91.59,89.56,402771.20770103
2025-05-08,89.41,95.45,89.56,94.98,402660.96019469
2025-05-09,93.81,101.55,94.96,100.53,390368.83571062
2025-05-10,100.45,107.05,100.53,105.28,473041.89614101
2025-05-11,98.15,105.96,105.25,100.16,320729.95285731
2025-05-12,98.29,105.08,100.16,103.83,478887.11827214
2025-05-13,99.43,105.34,103.87,103.45,437449.48629114
2025-05-14,98.6,105.88,103.41,100.99,357373.8081695
2025-05-15,95.59,101.94,101.0,99.31,373584.3704164
2025-05-16,98.28,102.21,99.32,99.5,177030.67154577
2025-05-17,95.68,101.25,99.52,96.11,165579.47191369
2025-05-18,95.88,102.5,96.13,101.0,167497.12365704
2025-05-19,94.37,101.31,101.0,98.27,164498.31442553
2025-05-20,92.39,99.71,98.27,94.53,201861.95000862
2025-05-21,93.48,98.37,94.54,97.14,182275.44020756
2025-05-22,96.98,101.1,97.15,100.26,216372.85656271
2025-05-23,94.64,102.93,100.28,95.31,191760.66771215
2025-05-24,94.84,97.85,95.29,95.63,79648.08729952
2025-05-25,93.12,96.12,95.66,95.68,83914.85625412
2025-05-26,94.35,97.66,95.69,95.07,116366.60030241
2025-05-27,93.07,97.06,95.07,95.94,202738.62309708
2025-05-28,93.54,97.53,95.94,95.4,103035.40107007
2025-05-29,92.87,98.95,95.42,93.22,164765.07990196
2025-05-30,84.96,93.92,93.21,85.68,170408.71946368
2025-05-31,83.19,87.99,85.7,87.1,104508.58413187
2025-06-01,85.8,88.78,87.1,88.44,74902.42447034
2025-06-02,86.99,90.01,88.46,89.58,94530.87807871
2025-06-03,88.74,90.66,89.58,89.55,88576.8039656
2025-06-04,87.44,91.02,89.54,88.03,79825.65824596
2025-06-05,82.0,89.16,88.04,83.64,131493.91482838
2025-06-06,83.23,87.75,83.64,87.35,106701.34635922
2025-06-07,86.7,89.36,87.33,88.39,64818.3084862
2025-06-08,86.61,88.69,88.39,87.22,69031.07049563
2025-06-09,86.77,90.86,87.22,90.81,99672.51546988
2025-06-10,89.56,93.49,90.79,93.35,126618.02494182
2025-06-11,90.41,94.21,93.35,91.59,109205.51091715
2025-06-12,86.07,91.92,91.59,86.18,101204.02455104
2025-06-13,81.37,86.74,86.18,86.6,157745.20854831
2025-06-14,84.23,86.97,86.58,85.22,76251.83063853
2025-06-15,84.93,86.61,85.21,86.32,69544.01751078
2025-06-16,85.36,88.98,86.31,86.72,105756.91166471
2025-06-17,82.5,87.81,86.72,84.26,116814.85717726
2025-06-18,83.36,85.7,84.27,85.13,86567.28504806
2025-06-19,84.19,85.99,85.13,85.13,88900.38697366
2025-06-20,80.93,86.0,85.15,82.96,122479.02973199
2025-06-21,78.68,84.14,82.94,80.31,100260.93042959
2025-06-22,76.21,82.07,80.3,80.25,157722.94256534
2025-06-23,79.51,85.5,80.23,84.96,123527.73749671
2025-06-24,83.86,85.45,84.97,84.89,95967.61574715
2025-06-25,83.99,85.5,84.88,84.74,132383.98103813
2025-06-26,83.8,86.0,84.74,84.33,87206.07359534
2025-06-27,83.21,85.69,84.31,84.88,94895.73536852
2025-06-28,84.59,87.43,84.89,86.36,71961.07586693
2025-06-29,85.89,88.52,86.36,87.99,72454.03389144
2025-06-30,84.79,88.38,87.98,86.03,102793.26579535
2025-07-01,82.42,86.86,86.02,83.26,96724.49511438
2025-07-02,82.98,88.7,83.25,87.36,114854.89721316
2025-07-03,86.93,92.32,87.36,89.11,169958.73530634
2025-07-04,85.7,89.35,89.11,86.87,116571.15369902
2025-07-05,85.85,87.86,86.86,87.57,58187.32255941
2025-07-06,86.5,88.57,87.58,87.37,80909.84088309
2025-07-07,85.15,88.28,87.37,86.06,122478.43858983
2025-07-08,85.53,88.04,86.07,87.81,91845.50653178
2025-07-09,87.14,91.42,87.81,90.64,137515.78000628
2025-07-10,90.15,95.32,90.65,94.86,160543.41736722
2025-07-11,92.69,98.33,94.86,94.3,242951.31013991
2025-07-12,90.78,95.5,94.29,92.8,162416.87177222
2025-07-13,92.53,96.93,92.8,94.68,180357.18490446
2025-07-14,94.11,97.99,94.68,95.65,208863.95588283
2025-07-15,91.19,96.74,95.63,96.38,189204.37910745
2025-07-16,95.13,99.98,96.38,97.52,203102.32351734
2025-07-17,95.36,103.65,97.52,101.66,356863.7174819
2025-07-18,100.12,112.31,101.67,101.8,540952.98346659
2025-07-19,99.73,114.21,101.8,113.21,431076.75597456
2025-07-20,110.62,121.51,113.21,116.64,417699.01979394
2025-07-21,114.61,122.0,116.63,115.49,263687.85375292
2025-07-22,112.64,119.96,115.49,119.7,354555.33570056
2025-07-23,108.93,122.33,119.73,112.12,369142.73770894
2025-07-24,106.64,115.49,112.12,112.28,213919.34562827
2025-07-25,108.21,116.4,112.32,113.81,241003.73831919
2025-07-26,112.07,115.5,113.8,113.95,95402.28624457
2025-07-27,112.47,115.64,113.95,114.85,116367.44339172
2025-07-28,108.28,116.41,114.85,109.06,213973.51011584
2025-07-29,106.73,110.79,109.07,108.5,163608.95538836
2025-07-30,105.38,111.36,108.49,110.52,258876.58368823
2025-07-31,105.77,111.86,110.53,106.08,225977.65430935
2025-08-01,103.09,108.34,106.08,106.57,343129.3550361
2025-08-02,104.06,110.16,106.58,106.08,282816.73796833
2025-08-03,104.14,111.45,106.12,110.4,171535.28779933
2025-08-04,110.16,121.45,110.41,121.2,249548.27525592
2025-08-05,119.34,129.15,121.16,120.25,340165.08065206
2025-08-06,115.16,121.16,120.27,119.24,188904.28131917
2025-08-07,117.41,123.15,119.21,122.93,237818.53058511
2025-08-08,119.34,126.43,122.94,123.79,221805.77431937
2025-08-09,120.18,126.35,123.79,120.22,170738.98647568
2025-08-10,118.26,125.98,120.23,123.77,192358.51457312
2025-08-11,119.56,128.14,123.75,120.08,362492.97391214
2025-08-12,118.37,131.93,120.08,130.41,311911.39439826
2025-08-13,128.63,134.14,130.41,130.94,240321.13268916
2025-08-14,119.58,133.93,130.94,121.37,369533.59004621
2025-08-15,116.58,123.36,121.39,119.21,237002.84562501
2025-08-16,117.25,121.13,119.2,121.11,165422.15829088
2025-08-17,119.86,123.29,121.11,120.81,115946.07637581
2025-08-18,115.37,121.0,120.8,117.81,182761.65867826
2025-08-19,112.22,119.12,117.83,112.65,207263.35436249
2025-08-20,112.09,117.12,112.66,116.07,159516.43230129
2025-08-21,113.44,117.32,116.07,114.76,120977.29159738
2025-08-22,112.47,123.64,114.74,122.93,199747.51123972
2025-08-23,119.72,123.33,122.92,121.41,92158.97121963
2025-08-24,117.08,124.75,121.42,118.19,169247.2474019
2025-08-25,106.76,118.64,118.19,109.18,256186.11141207
2025-08-26,108.82,114.81,109.18,113.5,134029.02965324
2025-08-27,111.96,116.25,113.49,112.17,146589.40817534
2025-08-28,111.32,114.63,112.18,113.66,93682.24204953
2025-08-29,108.61,113.86,113.66,109.92,125189.2533805
2025-08-30,108.33,111.26,109.94,110.86,80802.18524496
2025-08-31,108.76,111.95,110.87,108.91,62484.25371213
2025-09-01,106.46,111.35,108.89,108.73,129187.94933375
2025-09-02,108.58,112.11,108.74,111.77,161853.70519048
2025-09-03,110.79,113.33,111.78,113.06,88801.8511658
2025-09-04,109.54,113.52,113.06,111.08,84844.16784119
2025-09-05,111.02,115.13,111.07,112.05,137198.10188415
2025-09-06,111.2,112.55,112.06,112.13,57463.90214706
2025-09-07,112.16,115.4,112.16,114.92,79500.1624374
2025-09-08,111.92,115.51,114.93,112.76,134175.66364256
2025-09-09,110.81,114.69,112.76,111.93,107854.50747759
2025-09-10,111.54,118.74,111.95,117.68,143081.98628703
2025-09-11,112.98,117.82,117.64,115.87,120341.83479936
2025-09-12,114.8,118.36,115.88,118.12,122878.03484609
2025-09-13,117.47,121.0,118.11,119.31,150213.84403438
2025-09-14,114.02,119.41,119.3,115.15,109251.96457278
2025-09-15,112.05,116.79,115.17,113.77,122010.49417945
2025-09-16,112.05,115.85,113.77,115.09,113052.91817048
2025-09-17,113.1,117.63,115.08,117.06,109319.80165728
2025-09-18,114.94,119.16,117.06,118.26,132006.92186282
2025-09-19,113.44,119.53,118.26,114.11,138554.0050159
2025-09-20,113.48,115.38,114.1,113.99,74636.88075572
2025-09-21,113.78,116.32,113.99,114.08,65667.48676654
2025-09-22,102.55,114.57,114.05,105.77,238165.43448123
2025-09-23,104.42,107.3,105.76,106.09,100074.28573038
2025-09-24,104.57,107.73,106.11,105.57,131470.72109586
2025-09-25,100.31,105.9,105.58,102.36,163002.94556969
2025-09-26,101.04,104.98,102.37,104.63,99377.72115412
2025-09-27,103.38,104.99,104.63,104.53,58062.43671187
2025-09-28,102.78,107.17,104.52,106.9,65750.47639713
2025-09-29,105.34,107.66,106.91,106.83,102430.85437824
2025-09-30,103.86,107.63,106.82,106.89,102379.53005659
2025-10-01,105.42,115.39,106.89,115.16,168823.82566547
2025-10-02,115.17,122.71,115.17,119.65,392168.26854959
2025-10-03,115.88,124.86,119.62,120.65,233376.1404187
2025-10-04,117.49,121.08,120.64,120.55,104266.88632417
2025-10-05,118.37,124.19,120.56,118.88,160184.23469506
2025-10-06,118.15,121.51,118.88,118.39,176830.80306254
2025-10-07,115.3,119.33,118.38,116.97,187329.95523695
2025-10-08,115.38,119.63,116.98,118.64,100923.97405018
2025-10-09,115.47,128.11,118.64,125.96,273231.89365295
2025-10-10,71.73,135.92,125.98,99.23,926898.73472816
2025-10-11,90.0,102.9,98.51,93.46,450602.26294761
2025-10-12,91.75,102.24,93.46,99.17,452301.5686208
2025-10-13,94.88,101.45,99.17,99.57,543137.44407421
2025-10-14,91.25,100.59,99.56,97.39,507725.27471682
2025-10-15,93.39,100.0,97.4,95.58,301539.17738127
2025-10-16,89.68,97.5,95.58,91.83,387043.01234896
2025-10-17,84.26,93.14,91.81,90.16,420744.25673402
2025-10-18,89.93,92.26,90.15,91.7,121504.78585513
2025-10-19,90.74,94.84,91.72,93.36,107367.43550134
2025-10-20,92.28,95.84,93.36,94.02,138829.21881446
2025-10-21,91.67,97.34,94.01,92.48,269109.39813123
2025-10-22,89.91,96.0,92.45,91.89,348055.30672737
2025-10-23,91.8,94.81,91.89,94.08,105341.05843971
2025-10-24,93.96,97.48,94.08,96.48,193369.68165195
2025-10-25,95.7,97.08,96.47,97.0,46661.59747967
2025-10-26,96.37,100.93,97.0,100.03,105735.70985989
2025-10-27,98.17,103.11,100.0,99.4,223926.99696888
2025-10-28,95.41,106.92,99.38,96.65,371607.37139973
2025-10-29,95.94,101.44,96.63,98.55,188065.21339846
2025-10-30,90.43,99.79,98.55,93.4,276514.51409949
2025-10-31,92.99,96.76,93.4,95.35,159424.26066608
2025-11-01,95.0,101.88,95.34,101.32,199227.96213871
2025-11-02,97.48,101.49,101.32,99.41,142223.34481743
2025-11-03,85.56,99.79,99.41,87.41,293686.876011
2025-11-04,79.68,91.18,87.4,85.2,354874.751428
2025-11-05,82.01,89.98,85.19,89.38,218340.91951331
2025-11-06,85.23,89.41,89.39,86.96,192372.405648
2025-11-07,85.88,107.0,86.97,101.83,619740.83164113
2025-11-08,98.0,108.3,101.83,106.95,306153.64531693
2025-11-09,98.78,113.69,106.92,110.36,704620.51847321
2025-11-10,103.52,112.8,110.34,104.21,478189.05976519
2025-11-11,98.84,107.21,104.22,99.64,361601.35009426
2025-11-12,94.87,104.31,99.65,97.59,377130.83425466
2025-11-13,93.67,102.59,97.59,96.51,279044.81155543
2025-11-14,93.25,100.16,96.5,97.6,308435.56121326
2025-11-15,97.48,109.45,97.6,101.64,371599.78395004
2025-11-16,94.16,103.31,101.63,95.74,222387.44221744
2025-11-17,90.47,97.85,95.74,91.16,329051.76312315
2025-11-18,90.36,97.48,91.18,95.6,356176.85038807
2025-11-19,88.8,95.93,95.62,92.82,224888.57649028
2025-11-20,85.76,93.74,92.82,87.14,188178.16373703
2025-11-21,80.0,88.55,87.13,82.6,356208.76418229
2025-11-22,80.77,83.87,82.59,82.05,134508.52738544
2025-11-23,81.8,84.41,82.07,83.08,143765.69941138
2025-11-24,82.16,87.3,83.08,85.44,174692.93941415
2025-11-25,83.05,86.72,85.44,85.26,152250.68161809
2025-11-26,83.28,87.7,85.26,86.85,136048.84062699
2025-11-27,85.97,87.76,86.83,86.58,98508.89020307
2025-11-28,83.15,86.76,86.57,84.24,135422.7606382
2025-11-29,83.16,85.73,84.23,83.97,87492.14057584
2025-11-30,82.29,84.86,83.98,82.39,84734.93607942
2025-12-01,74.68,82.52,82.39,77.56,277505.42981478
2025-12-02,77.31,83.36,77.58,82.83,162270.74991303
2025-12-03,82.53,86.75,82.84,85.83,188417.90169941
2025-12-04,82.08,86.79,85.86,83.56,141272.09813493
2025-12-05,79.63,84.16,83.55,80.42,136155.95737886
2025-12-06,79.93,82.52,80.42,81.71,87533.2413531
2025-12-07,79.9,83.78,81.71,81.43,107405.22695261
2025-12-08,81.02,84.49,81.42,83.89,113658.77142677
2025-12-09,82.47,87.55,83.87,85.82,131299.12164388
2025-12-10,83.77,87.11,85.84,84.34,116902.87917055
2025-12-11,80.33,84.6,84.34,82.96,126634.44176887
2025-12-12,80.48,84.49,82.96,81.97,91519.50883945
2025-12-13,80.8,82.47,81.97,81.48,64078.26034144
2025-12-14,77.99,82.01,81.5,78.98,87399.27749307
2025-12-15,75.76,81.42,78.96,77.52,127646.94781641
2025-12-16,76.44,79.79,77.53,79.05,122080.74983859
2025-12-17,75.14,81.01,79.05,76.0,125783.68423047
2025-12-18,72.63,78.51,76.0,74.25,139527.44568634
2025-12-19,73.52,77.96,74.26,77.45,110463.66892298
2025-12-20,76.26,79.37,77.44,77.83,81759.04491678
2025-12-21,75.46,78.04,77.82,76.76,75480.02770026
2025-12-22,76.31,79.46,76.76,77.0,108020.10402984
2025-12-23,75.46,77.91,77.0,76.95,95067.42194743
2025-12-24,75.19,77.38,76.98,75.76,102831.71497618
2025-12-25,75.32,77.53,75.75,75.67,80813.89442194
2025-12-26,75.43,77.93,75.65,76.82,92832.50702313
2025-12-27,76.72,80.48,76.83,80.27,92795.75069064
2025-12-28,77.8,80.51,80.28,78.67,85696.01476703
2025-12-29,76.84,80.2,78.67,78.22,137326.40731007
2025-12-30,77.55,78.95,78.26,78.81,83368.68996877
2025-12-31,75.94,78.81,78.81,76.73,130541.13579018
2026-01-01,76.54,79.95,76.71,79.87,112214.10358228
2026-01-02,78.95,82.23,79.88,81.9,121388.0333734
2026-01-03,80.72,82.8,81.9,82.04,104709.68850015
2026-01-04,81.62,83.14,82.04,82.25,97169.95990762
2026-01-05,81.42,84.56,82.23,83.47,138048.292284
2026-01-06,81.13,84.84,83.45,83.94,110076.48028649
2026-01-07,80.9,83.94,83.94,81.65,101690.08555194
2026-01-08,79.88,82.24,81.65,81.25,102165.93579555
2026-01-09,79.85,82.03,81.23,81.39,98246.96267776
2026-01-10,80.62,82.31,81.38,81.09,60728.11733091
2026-01-11,78.44,81.69,81.08,78.68,92153.33994809
2026-01-12,75.54,80.64,78.68,76.04,238855.49292702
2026-01-13,75.22,78.93,76.02,78.13,245856.12868704
2026-01-14,76.11,81.52,78.15,76.66,431437.83282915
2026-01-15,69.99,76.96,76.68,72.2,458223.28842203
2026-01-16,70.8,76.05,72.2,75.17,305354.52588549
2026-01-17,73.7,76.15,75.19,74.89,174070.05351199
2026-01-18,72.07,75.84,74.87,72.26,180382.96132768
2026-01-19,66.66,72.25,72.25,70.77,261238.77154119
2026-01-20,65.8,71.0,70.76,67.04,357497.17188242
2026-01-21,65.97,69.65,67.06,68.42,247415.67808266
2026-01-22,67.08,69.59,68.41,68.14,159421.06998278
2026-01-23,66.9,69.5,68.15,67.99,166972.91603699
2026-01-24,67.63,68.87,68.0,68.08,79375.78587113
2026-01-25,65.16,70.28,68.1,67.23,260498.71459064
2026-01-26,66.92,70.0,67.24,69.66,200267.30458669
2026-01-27,68.54,70.38,69.66,69.94,137530.58279827
2026-01-28,68.34,70.22,69.94,69.33,143709.45292602
2026-01-29,64.34,69.44,69.31,66.15,222819.87135396
2026-01-30,62.92,66.37,66.15,65.38,276673.52439914
2026-01-31,54.96,65.4,65.37,59.48,388278.24070167
2026-02-01,57.12,59.8,59.45,58.44,271501.41957628
2026-02-02,56.41,61.13,58.45,59.97,324385.53711131
2026-02-03,56.82,61.3,59.95,59.41,251382.95550793
2026-02-04,56.95,60.91,59.39,58.76,272317.42775432
2026-02-05,50.1,59.37,58.77,50.71,590598.55599544
2026-02-06,45.08,56.45,50.69,54.99,516568.03463146
2026-02-07,52.83,55.96,54.97,55.17,273476.85721059
2026-02-08,53.61,55.77,55.19,54.49,152090.631166
2026-02-09,52.32,55.09,54.5,54.42,145302.10956706
2026-02-10,52.79,54.66,54.42,53.34,124993.31854079
2026-02-11,50.99,53.69,53.33,52.28,157815.80374678
2026-02-12,51.5,53.78,52.29,53.11,107220.61317216
2026-02-13,52.32,55.68,53.1,55.0,129869.98449724
2026-02-14,54.85,56.62,55.0,55.96,105326.12924268
2026-02-15,54.17,56.66,55.97,55.05,136286.03252837
2026-02-16,53.31,55.64,55.05,55.11,103524.67289507
2026-02-17,53.14,55.82,55.11,53.91,107004.01609743
2026-02-18,52.94,54.91,53.89,53.31,92163.74260682
2026-02-19,51.41,53.71,53.3,52.68,101801.88163106
2026-02-20,52.64,55.45,52.68,55.19,153987.58177891
2026-02-21,54.78,55.99,55.19,54.88,93814.01196471
2026-02-22,52.93,54.91,54.89,53.47,87824.6865904
2026-02-23,50.72,53.52,53.44,51.35,158020.40070591
2026-02-24,50.16,51.88,51.33,51.18,137143.13954544
2026-02-25,51.05,58.99,51.19,56.78,249740.14820792
2026-02-26,54.39,57.09,56.74,55.64,179749.11954695
2026-02-27,53.42,56.38,55.62,54.58,165909.03113834
2026-02-28,51.49,54.98,54.56,54.43,208451.64125505
2026-03-01,52.48,55.56,54.41,53.25,173732.19058165
2026-03-02,52.93,55.73,53.23,54.6,195530.11952643
2026-03-03,53.02,55.25,54.61,54.79,158392.79478314
2026-03-04,54.32,57.71,54.8,56.79,206605.23422542
2026-03-05,55.06,57.29,56.79,55.48,154394.79344959
2026-03-06,53.07,57.0,55.48,53.8,143822.07350638
2026-03-07,53.21,54.29,53.8,53.6,89735.20958928
2026-03-08,51.88,53.89,53.6,52.59,121658.70172192
2026-03-09,52.49,54.75,52.6,53.78,138261.57070585
2026-03-10,53.43,54.99,53.77,53.88,125116.35095795
2026-03-11,53.54,55.24,53.89,54.8,124700.73289122
2026-03-12,53.81,55.01,54.81,54.58,106703.05154171
2026-03-13,54.48,56.73,54.59,55.31,195197.90585462
2026-03-14,54.38,55.84,55.31,55.0,86791.08327777
2026-03-15,54.68,56.42,55.0,56.29,95488.94889157
2026-03-16,55.82,59.21,56.3,58.71,180655.33348713
2026-03-17,57.32,59.26,58.7,58.12,127016.75737472
2026-03-18,55.32,58.6,58.12,56.08,124934.29266521
2026-03-19,54.61,56.37,56.09,55.54,113793.03477088
2026-03-20,55.2,56.46,55.55,56.19,105172.51855918
2026-03-21,54.41,56.59,56.19,54.8,92792.48757556
2026-03-22,53.03,55.03,54.78,53.51,104325.27019669
2026-03-23,53.26,56.16,53.52,55.75,126718.92351005
2026-03-24,55.03,56.49,55.77,56.36,103355.25385012
2026-03-25,55.79,56.78,56.39,56.64,110583.33262646
2026-03-26,54.17,56.66,56.62,54.56,102297.8244735
2026-03-27,53.25,55.16,54.57,53.69,118300.63088089
2026-03-28,53.23,54.89,53.69,53.82,115053.51594383
2026-03-29,52.23,54.35,53.82,53.27,120198.59582991
2026-03-30,53.02,54.37,53.29,53.31,148822.33270543
2026-03-31,53.09,54.21,53.3,53.9,162711.761613
2026-04-01,53.71,54.73,53.89,53.82,135315.91829668
2026-04-02,51.4,54.13,53.83,52.3,152818.50926127
2026-04-03,52.14,53.49,52.3,53.24,94803.05608556
2026-04-04,52.98,53.86,53.21,53.6,80675.98171009
2026-04-05,52.59,54.2,53.59,54.11,87169.07218658
2026-04-06,53.21,54.61,54.12,53.54,109055.18359826
2026-04-07,52.92,55.73,53.53,55.37,125507.5658324
2026-04-08,53.9,55.59,55.38,53.97,119405.53216924
2026-04-09,53.47,55.28,53.96,54.57,129779.43787746
2026-04-10,54.24,55.54,54.57,55.0,113914.364426
2026-04-11,54.38,55.73,55.0,55.07,94918.86784835
2026-04-12,53.37,55.09,55.08,53.49,108533.7956747
2026-04-13,52.67,54.77,53.49,54.65,159961.99642265
2026-04-14,54.02,55.29,54.65,54.32,140591.47006439
2026-04-15,53.84,55.68,54.32,55.18,134426.15072675
2026-04-16,54.6,56.61,55.18,56.37,155308.47404876
2026-04-17,55.36,57.44,56.36,56.42,126669.27978536
2026-04-18,55.14,56.78,56.42,55.67,142335.03763637
2026-04-19,53.95,55.86,55.68,54.08,135490.80392039
2026-04-20,54.02,55.47,54.05,55.05,122409.00150012
2026-04-21,54.68,55.9,55.05,55.6,98336.45645169
2026-04-22,55.5,56.57,55.61,55.52,107441.25765191
2026-04-23,54.94,56.27,55.52,56.23,111804.50632104
2026-04-24,55.77,56.78,56.23,56.58,93022.3574075
2026-04-25,55.93,56.77,56.57,56.08,83811.57262977
2026-04-26,55.77,56.49,56.08,56.3,73722.89402935
2026-04-27,54.96,56.83,56.31,55.58,116559.42957506
2026-04-28,54.68,55.78,55.58,55.7,77342.45638705
2026-04-29,54.31,57.68,55.71,55.31,140896.35693965
2026-04-30,54.93,55.97,55.31,55.17,101680.90234531
2026-05-01,54.89,56.03,55.17,55.4,116366.5717664
2026-05-02,54.99,55.71,55.4,55.36,98068.73399682
2026-05-03,54.84,55.76,55.39,55.3,80064.58523636
2026-05-04,54.88,56.42,55.3,54.96,140590.37648405
2026-05-05,54.75,56.62,54.97,56.33,119918.1265702
2026-05-06,56.08,57.95,56.35,56.74,154755.0886075
2026-05-07,56.07,57.4,56.74,56.44,109609.60440156
2026-05-08,56.37,58.99,56.44,58.33,109849.32593079
2026-05-09,57.6,59.17,58.33,57.99,125230.36975465
2026-05-10,57.65,60.62,57.98,60.44,194217.81071708
2026-05-11,58.04,60.6,60.43,58.5,122039.32831199
2026-05-12,57.01,58.65,58.5,58.1,109394.23880219
2026-05-13,56.27,58.95,58.1,56.99,125092.48656351
2026-05-14,56.61,59.56,56.99,58.22,117972.47166562
2026-05-15,56.36,58.51,58.21,57.48,121903.92962352
2026-05-16,55.55,57.68,57.48,56.13,104617.50174108
2026-05-17,53.72,56.48,56.12,54.56,100367.90897496
2026-05-18,53.15,54.57,54.55,54.35,169163.73813349
2026-05-19,53.45,54.56,54.35,54.48,90177.13985788
2026-05-20,53.24,54.52,54.48,53.91,115143.04187231
2026-05-21,53.27,54.64,53.91,54.12,108002.78501029
2026-05-22,52.22,54.51,54.14,52.58,122110.03352002
2026-05-23,51.43,54.17,52.59,53.41,126611.56150976
2026-05-24,51.94,53.61,53.44,52.67,84862.17113673
2026-05-25,52.41,53.11,52.7,52.67,78368.07903393
2026-05-26,51.55,53.05,52.68,51.86,101657.05014271
2026-05-27,51.58,52.79,51.86,51.89,95627.27843374
2026-05-28,50.26,52.07,51.89,51.6,124920.01569961
2026-05-29,51.08,52.27,51.6,51.82,117792.3352902
2026-05-30,51.76,52.72,51.82,52.38,105135.39700736
2026-05-31,51.33,52.69,52.39,51.99,80206.83487686
2026-06-01,50.02,52.22,51.99,50.71,125939.08404545
2026-06-02,46.24,50.78,50.73,46.84,213618.49307064
2026-06-03,46.77,48.48,46.84,47.08,150313.24437533
2026-06-04,43.89,47.42,47.08,46.24,96554.06636137
