date,value
2007-01-03,0.0
2007-01-04,0.0
2007-01-05,-0.0006236967810052674
2007-01-08,-0.001248127558436174
2007-01-09,-0.0008742564699617539
2007-01-10,-0.0011231479852233939
2007-01-11,-0.0018721579741808325
2007-01-12,-0.002495788028238355
2007-01-16,-0.001497219254541604
2007-01-17,-0.0018721579741809435
2007-01-18,-0.0014972192545417151
2007-01-19,-0.0016217984660680251
2007-01-22,-0.001248127558436618
2007-01-23,-0.0017469114931766283
2007-01-24,-0.001248127558436618
2007-01-25,-0.0019971375473940567
2007-01-26,-0.0018721579741810546
2007-01-29,-0.0017469114931766283
2007-01-30,-0.001497219254541604
2007-01-31,-0.00037440490405726834
2007-02-01,-0.0004992510233748915
2007-02-02,-0.00012404539594434993
2007-02-05,-0.0003748052657441825
2007-02-06,0.0
2007-02-07,0.0
2007-02-08,0.0
2007-02-09,-0.0010012066575414424
2007-02-12,-0.0010012066575414424
2007-02-13,-0.0011268487998079557
2007-02-14,0.0
2007-02-15,0.0
2007-02-16,0.0
2007-02-20,-0.00012434306797703965
2007-02-21,0.0
2007-02-22,-0.0006243287087328575
2007-02-23,0.0
2007-02-26,0.0
2007-02-27,0.0
2007-02-28,-0.0007443224060313947
2007-03-01,0.0
2007-03-02,0.0
2007-03-05,0.0
2007-03-06,-0.0008715909329697347
2007-03-07,0.0
2007-03-08,0.0
2007-03-09,-0.0017414461541835902
2007-03-12,-0.0008698971835178204
2007-03-13,0.0
2007-03-14,0.0
2007-03-15,-0.00024916749403391947
2007-03-16,-0.0003726288649515963
2007-03-19,-0.0012433946516006156
2007-03-20,-0.00037262886495170733
2007-03-21,0.0
2007-03-22,-0.0009936514842424637
2007-03-23,-0.0016144116589494883
2007-03-26,-0.0006204964142758618
2007-03-27,-0.0004964630715285079
2007-03-28,0.0
2007-03-29,-0.0004964630715285079
2007-03-30,-0.0004964630715285079
2007-04-02,-0.0003105119675689272
2007-04-03,-0.0003105119675689272
2007-04-04,0.0
2007-04-05,-0.0003735655104175617
2007-04-09,-0.002617199834146766
2007-04-10,-0.001370992674371796
2007-04-11,-0.001370992674371796
2007-04-12,-0.0014953826722821084
2007-04-13,-0.001994326972326377
2007-04-16,-0.002118914728579946
2007-04-17,-0.00049821918611892
2007-04-18,0.0
2007-04-19,0.0
2007-04-20,-0.00024968269353820016
2007-04-23,0.0
2007-04-24,0.0
2007-04-25,-0.00037279518581190274
2007-04-26,-0.0011190432765355585
2007-04-27,-0.0007451957401638509
2007-04-30,0.0
2007-05-01,-0.0004233737845926733
2007-05-02,0.0
2007-05-03,-0.0007495456656274602
2007-05-04,-0.0002499143221359468
2007-05-07,-0.0002499143221359468
2007-05-08,0.0
2007-05-09,-0.0007483067759274098
2007-05-10,0.0
2007-05-11,-0.00037400811260346334
2007-05-14,-0.0011232734420711932
2007-05-15,-0.0008729266512830236
2007-05-16,0.0
2007-05-17,-0.0006239482130871998
2007-05-18,-0.0016219892707465267
2007-05-21,-0.0013726597751461123
2007-05-22,-0.0011230673430884242
2007-05-23,-0.0013726597751461123
2007-05-24,-0.0009977781212022752
2007-05-25,-0.00037409284457234904
2007-05-29,-0.0013726597751461123
2007-05-30,-0.0006239482130873109
2007-05-31,-0.0012480936285172994
2007-06-01,-0.0017607539860674537
2007-06-04,-0.00138554366155208
2007-06-05,-0.0022621738100697675
2007-06-06,-0.0010094130594361372
2007-06-07,-0.0021360957788117974
2007-06-08,-0.0017607539860675647
2007-06-11,-0.0016364507758962477
2007-06-12,-0.002511306103327393
2007-06-13,-0.0022621738100699895
2007-06-14,-0.0022621738100699895
2007-06-15,-0.0008840581034358364
2007-06-18,-0.0008840581034358364
2007-06-19,0.0
2007-06-20,-0.0010014442391670375
2007-06-21,-0.0006260996807436747
2007-06-22,0.0
2007-06-25,0.0
2007-06-26,-0.0006239688629308127
2007-06-27,-0.000749011803411026
2007-06-28,-0.0009981796973933532
2007-06-29,0.0
2007-07-02,0.0
2007-07-03,-0.00037621245379093615
2007-07-05,-0.001752494101346147
2007-07-06,-0.0018775927613764454
2007-07-09,-0.0011267389515657866
2007-07-10,0.0
2007-07-11,-0.0004996924265231462
2007-07-12,-0.0011256325796060729
2007-07-13,-0.0006250897797950294
2007-07-16,0.0
2007-07-17,-0.0006252470876838556
2007-07-18,0.0
2007-07-19,-0.00012491404809389373
2007-07-20,0.0
2007-07-23,-0.0007479061725775837
2007-07-24,0.0
2007-07-25,0.0
2007-07-26,0.0
2007-07-27,0.0
2007-07-30,-0.0012409174138549028
2007-07-31,0.0
2007-08-01,-0.0009709803025444996
2007-08-02,-0.00047292849528890457
2007-08-03,0.0
2007-08-06,-0.0012446946445671125
2007-08-07,-0.00211368742343343
2007-08-08,-0.00285926029297745
2007-08-09,0.0
2007-08-10,-0.0003738230324356051
2007-08-13,0.0
2007-08-14,0.0
2007-08-15,0.0
2007-08-16,0.0
2007-08-17,0.0
2007-08-20,0.0
2007-08-21,0.0
2007-08-22,-0.0013560552171966167
2007-08-23,-0.0019719418026035163
2007-08-24,-0.003820950356227093
2007-08-27,-0.0024643170830008776
2007-08-28,0.0
2007-08-29,-0.0012327131171208094
2007-08-30,-0.000370488250725276
2007-08-31,-0.000370488250725276
2007-09-04,-0.000419681178452036
2007-09-05,0.0
2007-09-06,-0.0012339432304090403
2007-09-07,0.0
2007-09-10,0.0
2007-09-11,-0.0014774655189869756
2007-09-12,-0.0006158875991070234
2007-09-13,-0.002092202643126706
2007-09-14,-0.0022158787021006043
2007-09-17,-0.002338787777762863
2007-09-18,-0.0009850622330256353
2007-09-19,-0.0009850622330256353
2007-09-20,-0.003077137045600531
2007-09-21,-0.0017236032466911855
2007-09-24,-0.0006158875991066903
2007-09-25,0.0
2007-09-26,-0.0006150329910086239
2007-09-27,0.0
2007-09-28,-0.0011052524124505192
2007-10-01,-0.000895728006048313
2007-10-02,-0.00027928078051076
2007-10-03,-0.00040264681084145604
2007-10-04,0.0
2007-10-05,-0.0011103212203514845
2007-10-08,-0.0001229081366973528
2007-10-09,-0.0023443801754152727
2007-10-10,-0.0020969047059905543
2007-10-11,-0.0018499397584211819
2007-10-12,-0.002960324794004432
2007-10-15,-0.002960324794004432
2007-10-16,-0.001726712545564002
2007-10-17,0.0
2007-10-18,0.0
2007-10-19,0.0
2007-10-22,-0.0008591157523802906
2007-10-23,-0.0007363214053417444
2007-10-24,0.0
2007-10-25,-0.0006130283562731931
2007-10-26,-0.0004908287480988038
2007-10-29,-0.0004908287480988038
2007-10-30,-0.0006130283562733041
2007-10-31,-0.00220746041931863
2007-11-01,0.0
2007-11-02,0.0
2007-11-05,-0.00012281010278947235
2007-11-06,-0.0007380633960943905
2007-11-07,0.0
2007-11-08,0.0
2007-11-09,0.0
2007-11-12,0.0
2007-11-13,-0.0030515838634223025
2007-11-14,-0.00256364998943881
2007-11-15,0.0
2007-11-16,0.0
2007-11-19,0.0
2007-11-20,-0.0003657506986101122
2007-11-21,0.0
2007-11-23,-0.0010906330632313166
2007-11-26,0.0
2007-11-27,-0.003025234465806159
2007-11-28,-0.0038723375379549063
2007-11-29,-0.0020577581843178594
2007-11-30,-0.0015735834568041396
2007-12-03,0.0
2007-12-04,-0.0001210387543404412
2007-12-05,0.0
2007-12-06,-0.0020620185798516655
2007-12-07,-0.003154529511815163
2007-12-10,-0.003882143163360219
2007-12-11,-0.00024326485361214623
2007-12-12,-0.0027902553483371006
2007-12-13,-0.0042462303917558675
2007-12-14,-0.006673021628637921
2007-12-17,-0.0037598876196132114
2007-12-18,-0.004367738195173998
2007-12-19,-0.0018203738302845496
2007-12-20,-0.0010921370617990034
2007-12-21,-0.0026696199086359007
2007-12-24,-0.003518055934964348
2007-12-26,-0.004488809816733719
2007-12-27,-0.0023095829403539936
2007-12-28,-0.001092635555351329
2007-12-31,0.0
2008-01-02,0.0
2008-01-03,0.0
2008-01-04,0.0
2008-01-07,-0.0006052924350840039
2008-01-08,0.0
2008-01-09,-0.00048402165018435195
2008-01-10,-0.00048402165018435195
2008-01-11,0.0
2008-01-14,0.0
2008-01-15,0.0
2008-01-16,0.0
2008-01-17,0.0
2008-01-18,0.0
2008-01-22,0.0
2008-01-23,-0.00047734693586320986
2008-01-24,-0.0035887988710261443
2008-01-25,-0.0009567149711469103
2008-01-28,-0.0014355930429347241
2008-01-29,-0.002033409753348092
2008-01-30,-0.0013157969681916182
2008-01-31,-0.0003582858063638783
2008-02-01,0.0
2008-02-04,0.0
2008-02-05,0.0
2008-02-06,0.0
2008-02-07,-0.0013151852538125786
2008-02-08,0.0
2008-02-11,0.0
2008-02-12,0.0
2008-02-13,0.0
2008-02-14,-0.0007163823156186577
2008-02-15,-0.0017901026627776817
2008-02-19,-0.00250660685357762
2008-02-20,-0.0036992773776750587
2008-02-21,-0.0009544654822675191
2008-02-22,-0.0020289170805143364
2008-02-25,-0.003580753763871347
2008-02-26,-0.002148111007815201
2008-02-27,-0.0009544654822675191
2008-02-28,0.0
2008-02-29,0.0
2008-03-03,0.0
2008-03-04,-0.00023764296021988596
2008-03-05,-0.0008322051508186101
2008-03-06,0.0
2008-03-07,-0.0004756614256373748
2008-03-10,0.0
2008-03-11,-0.004984135778649423
2008-03-12,-0.0017800268948245934
2008-03-13,-0.002254741048871578
2008-03-14,0.0
2008-03-17,0.0
2008-03-18,-0.0035500028066957068
2008-03-19,-0.0024853275534495456
2008-03-20,-0.0036689029992091893
2008-03-24,-0.007810211175062642
2008-03-25,-0.007100126201821988
2008-03-26,-0.004968966868871383
2008-03-27,-0.003905678382576272
2008-03-28,-0.0034320673216264863
2008-03-31,-0.003195412526689756
2008-04-01,-0.006799981598205163
2008-04-02,-0.007630052059833914
2008-04-03,-0.008341162034734007
2008-04-04,-0.006562241507393707
2008-04-07,-0.008460001933032313
2008-04-08,-0.007867611267999841
2008-04-09,-0.0059693684886389375
2008-04-10,-0.0063255867124569765
2008-04-11,-0.0046656869660604006
2008-04-14,-0.005258559984815059
2008-04-15,-0.006562241507393485
2008-04-16,-0.00869725967012136
2008-04-17,-0.010475336078447972
2008-04-18,-0.011069475275723328
2008-04-21,-0.012017179751344864
2008-04-22,-0.011661926234971087
2008-04-23,-0.011661926234971087
2008-04-24,-0.01438903359165511
2008-04-25,-0.014270856929724851
2008-04-28,-0.01320250372934706
2008-04-29,-0.013440484997019553
2008-04-30,-0.011542784865596345
2008-05-01,-0.013302170067189145
2008-05-02,-0.014607600122010456
2008-05-05,-0.013539005744771626
2008-05-06,-0.012944625370635232
2008-05-07,-0.01175694991823728
2008-05-08,-0.010925613278087831
2008-05-09,-0.010569395054269792
2008-05-12,-0.012469446660088646
2008-05-13,-0.014133325824692955
2008-05-14,-0.014846003449190182
2008-05-15,-0.014014124161103148
2008-05-16,-0.013776504658722044
2008-05-19,-0.012707729398837353
2008-05-20,-0.011281288853968174
2008-05-21,-0.012351571469234712
2008-05-22,-0.015083683245786239
2008-05-23,-0.013182847815168874
2008-05-27,-0.014251261309761953
2008-05-28,-0.016033377430511697
2008-05-29,-0.01639074124441986
2008-05-30,-0.014964602170626895
2008-06-02,-0.013023007850486823
2008-06-03,-0.0115925878874098
2008-06-04,-0.011950072289748426
2008-06-05,-0.013261350883450929
2008-06-06,-0.011950072289748426
2008-06-09,-0.01695425098033776
2008-06-10,-0.01921727376208504
2008-06-11,-0.017549415179272776
2008-06-12,-0.02231513024846732
2008-06-13,-0.021243400572034332
2008-06-16,-0.02064630695821057
2008-06-17,-0.018740768578802025
2008-06-18,-0.017788662625465745
2008-06-19,-0.019694080416443605
2008-06-20,-0.017907321641117968
2008-06-23,-0.018980016024995217
2008-06-24,-0.01719199107114877
2008-06-25,-0.01647720314911716
2008-06-26,-0.013618835285789221
2008-06-27,-0.0131429330446593
2008-06-30,-0.012546442372988298
2008-07-01,-0.012797025131652484
2008-07-02,-0.012678064644923714
2008-07-03,-0.011005261936459232
2008-07-07,-0.010408228616850868
2008-07-08,-0.010288966659045884
2008-07-09,-0.008616887481164848
2008-07-10,-0.009811617356749625
2008-07-11,-0.011842627998135957
2008-07-14,-0.009571947851049312
2008-07-15,-0.008138573471423993
2008-07-16,-0.009094477960322367
2008-07-17,-0.010527792045732398
2008-07-18,-0.012319012592988066
2008-07-21,-0.011842627998135957
2008-07-22,-0.012678064644923825
2008-07-23,-0.013155413947220196
2008-07-24,-0.010408228616850979
2008-07-25,-0.011723124863469825
2008-07-28,-0.009691752456791769
2008-07-29,-0.010527792045732287
2008-07-30,-0.010288966659045773
2008-07-31,-0.008258860430888526
2008-08-01,-0.008066582178390846
2008-08-04,-0.008186808843640203
2008-08-05,-0.00866669050297808
2008-08-06,-0.008546825603020447
2008-08-07,-0.006388714755844016
2008-08-08,-0.007227769055548117
2008-08-11,-0.008546825603020558
2008-08-12,-0.006748610926793686
2008-08-13,-0.006868053767244531
2008-08-14,-0.0065088811268781965
2008-08-15,-0.005789329961840339
2008-08-18,-0.004950818310073601
2008-08-19,-0.004232834794632656
2008-08-20,-0.0029140194240213635
2008-08-21,-0.003753073723725353
2008-08-22,-0.005550383986723362
2008-08-25,-0.003872395975745624
2008-08-26,-0.004232834794632656
2008-08-27,-0.003633027941121858
2008-08-28,-0.004112427246737438
2008-08-29,-0.003633027941121969
2008-09-02,-0.00237155236923281
2008-09-03,-0.0020103297255473773
2008-09-04,-0.0014105831662519774
2008-09-05,-0.0017702381603403872
2008-09-08,-0.0022514462924142498
2008-09-09,-0.0006889819978946887
2008-09-10,-0.0004485286673959754
2008-09-11,-0.0008090277804982948
2008-09-12,-0.0006889819978946887
2008-09-15,0.0
2008-09-16,-0.0017915706672001486
2008-09-17,0.0
2008-09-18,-0.0032148578867474686
2008-09-19,-0.00880921594585271
2008-09-22,-0.008094637158777895
2008-09-23,-0.007382029541139978
2008-09-24,-0.005237815320657924
2008-09-25,-0.007024471351770312
2008-09-26,-0.007024471351770312
2008-09-29,-0.0013096330273861811
2008-09-30,-0.005237815320657924
2008-10-01,-0.0021330442603403332
2008-10-02,0.0
2008-10-03,0.0
2008-10-06,0.0
2008-10-07,0.0
2008-10-08,-0.004280078494553474
2008-10-09,-0.0036858064003086888
2008-10-10,-0.002142208557351921
2008-10-13,-0.006538300566053312
2008-10-14,-0.006300033056719556
2008-10-15,-0.002972311401667871
2008-10-16,-0.003566642929065389
2008-10-17,-0.0028529101978137517
2008-10-20,-0.003566642929065611
2008-10-21,-0.0015457374364556964
2008-10-22,-0.00012005496853451092
2008-10-23,-0.0007141487633210986
2008-10-24,0.0
2008-10-27,-0.002493761140184403
2008-10-28,-0.0013061879196754056
2008-10-29,-0.000712876719036637
2008-10-30,0.0
2008-10-31,0.0
2008-11-03,0.0
2008-11-04,-0.00035698364822822626
2008-11-05,0.0
2008-11-06,0.0
2008-11-07,-0.0017822105351732453
2008-11-10,0.0
2008-11-11,0.0
2008-11-12,0.0
2008-11-13,-0.0024858085204541025
2008-11-14,-0.0027230800581529158
2008-11-17,-0.0009476710123995646
2008-11-18,0.0
2008-11-19,0.0
2008-11-20,0.0
2008-11-21,-0.0016521644906155597
2008-11-24,-0.004128648353629472
2008-11-25,-0.0033023310586005605
2008-11-26,-0.00023481467152175473
2008-11-28,0.0
2008-12-01,0.0
2008-12-02,-0.00011822868101130091
2008-12-03,0.0
2008-12-04,0.0
2008-12-05,-0.0011794131760313187
2008-12-08,-0.002595763604117951
2008-12-09,0.0
2008-12-10,-0.0012976205604752211
2008-12-11,0.0
2008-12-12,0.0
2008-12-15,0.0
2008-12-16,0.0
2008-12-17,-0.002116201504153592
2008-12-18,-0.0016465185407379401
2008-12-19,-0.0025872861575868544
2008-12-22,-0.0044697558512964974
2008-12-23,-0.004234505543333489
2008-12-24,-0.003999255235370702
2008-12-26,-0.0028230036955558813
2008-12-29,-0.0006256209778798816
2008-12-30,0.0
2008-12-31,-0.00047221917321937923
2009-01-02,-0.005785035182897302
2009-01-05,-0.003777870156075225
2009-01-06,-0.0033056509828558456
2009-01-07,-0.004013512661405816
2009-01-08,-0.003777870156075225
2009-01-09,-0.0030691910852866933
2009-01-12,-0.0028335485799562132
2009-01-13,-0.002714793164732776
2009-01-14,-0.0015336613800852605
2009-01-15,-0.002597088682387283
2009-01-16,-0.0021252198201272554
2009-01-20,-0.001652066484349679
2009-01-21,-0.003187479419231476
2009-01-22,-0.002714793164732887
2009-01-23,-0.0029513698326216753
2009-01-26,-0.004249972558975079
2009-01-27,-0.003187479419231476
2009-01-28,-0.0035417605694658683
2009-01-29,-0.005431104343622706
2009-01-30,-0.004839545903580711
2009-02-02,-0.0039177609991805085
2009-02-03,-0.004981888923401345
2009-02-04,-0.006637692057983702
2009-02-05,-0.006401348930734518
2009-02-06,-0.0069925570598170506
2009-02-09,-0.0073471885210107946
2009-02-10,-0.005100994649584245
2009-02-11,-0.005337221006513904
2009-02-12,-0.0041545712077091235
2009-02-13,-0.006045783306982688
2009-02-17,-0.003444957974362284
2009-02-18,-0.005100994649584245
2009-02-19,-0.005455275799818637
2009-02-20,-0.00462690715124825
2009-02-23,-0.004745545796152051
2009-02-24,-0.005455275799818637
2009-02-25,-0.0073471885210107946
2009-02-26,-0.006874852577471557
2009-02-27,-0.006283177367109705
2009-03-02,-0.004043289092951596
2009-03-03,-0.0048745769995166555
2009-03-04,-0.005939872626935294
2009-03-05,-0.0047555880436535025
2009-03-06,-0.005466602520837749
2009-03-09,-0.006413259503352475
2009-03-10,-0.007005752105952778
2009-03-11,-0.00653178137793653
2009-03-12,-0.006176449294824082
2009-03-13,-0.00534738002433488
2009-03-16,-0.006649252319642418
2009-03-17,-0.006887230231368724
2009-03-18,-0.003096515340116901
2009-03-19,-0.004281383774997538
2009-03-20,-0.00309651534011679
2009-03-23,-0.00392686908412343
2009-03-24,-0.005229208460710066
2009-03-25,-0.005466602520837527
2009-03-26,-0.004163328981692471
2009-03-27,-0.003689007942716871
2009-03-30,-0.002741767108603188
2009-03-31,-0.001321256168391849
2009-04-01,-0.0015453384120635016
2009-04-02,-0.0032069800626352007
2009-04-03,-0.005460764004847962
2009-04-06,-0.004748815365105297
2009-04-07,-0.004392899430393782
2009-04-08,-0.004392899430393782
2009-04-09,-0.005579752960710893
2009-04-13,-0.0036809507906513383
2009-04-14,-0.002850947357603939
2009-04-15,-0.0023760424670293823
2009-04-16,-0.003800290057473843
2009-04-17,-0.004868504942887042
2009-04-20,-0.0039185783914180705
2009-04-21,-0.003800290057473621
2009-04-22,-0.003800290057473621
2009-04-23,-0.004512238697216064
2009-04-24,-0.004512238697216064
2009-04-27,-0.0033255019372187
2009-04-28,-0.004275078177728209
2009-04-29,-0.003800290057473399
2009-04-30,-0.0029691189212281976
2009-05-01,-0.0037185508336223805
2009-05-04,-0.003955828123429983
2009-05-05,-0.004194039575795894
2009-05-06,-0.003599912188718579
2009-05-07,-0.005026028104279545
2009-05-08,-0.004312444680059868
2009-05-11,-0.002648817934051695
2009-05-12,-0.0027671062679961445
2009-05-13,-0.00229208460710173
2009-05-14,-0.0019357015911111164
2009-05-15,-0.002053873154735819
2009-05-18,-0.0030047338687629876
2009-05-19,-0.0024104897113659263
2009-05-20,-0.0011031292110283974
2009-05-21,-0.0024104897113659263
2009-05-22,-0.002173095651238466
2009-05-26,-0.003479872299977038
2009-05-27,-0.0037185508336220474
2009-05-28,-0.0038375397894852004
2009-05-29,-0.0024104897113659263
2009-06-01,-0.003232552762667651
2009-06-02,-0.0035896364005769676
2009-06-03,-0.0018032840484724089
2009-06-04,-0.002755779546976589
2009-06-05,-0.009305076472881146
2009-06-08,-0.011924001205068424
2009-06-09,-0.009661809799831111
2009-06-10,-0.009779981363455703
2009-06-11,-0.00966180979983089
2009-06-12,-0.008590091804823952
2009-06-15,-0.007875807758685682
2009-06-16,-0.006804440074638096
2009-06-17,-0.005732488538991554
2009-06-18,-0.007399618394593466
2009-06-19,-0.006804440074638207
2009-06-22,-0.005495094478864315
2009-06-23,-0.005495094478864315
2009-06-24,-0.005613382812808876
2009-06-25,-0.0037089756673993612
2009-06-26,-0.00323255276266754
2009-06-29,-0.00323255276266754
2009-06-30,-0.0033516584888505507
2009-07-01,-0.002374174141911878
2009-07-02,-0.0013004710514685769
2009-07-06,-0.0009436209541988649
2009-07-07,-0.0010622595991026662
2009-07-08,0.0
2009-07-09,-0.00047630763427419787
2009-07-10,0.0
2009-07-13,-0.0005955385587592676
2009-07-14,-0.0013094848818948623
2009-07-15,-0.0036918724327241748
2009-07-16,-0.002143005548366106
2009-07-17,-0.0025004453415176098
2009-07-20,-0.0026193197374776434
2009-07-21,-0.0014284759357506838
2009-07-22,-0.0019054900722379475
2009-07-23,-0.0036918724327240637
2009-07-24,-0.0030958672423809785
2009-07-27,-0.0038105135128920775
2009-07-28,-0.004406285387443365
2009-07-29,-0.005000657367243311
2009-07-30,-0.004883299523930518
2009-07-31,-0.0032152082699246076
2009-08-03,-0.00462291910019863
2009-08-04,-0.005458072977213013
2009-08-05,-0.005814929480884801
2009-08-06,-0.005814929480884801
2009-08-07,-0.0074852372349135665
2009-08-10,-0.005934620482116348
2009-08-11,-0.004861017865806394
2009-08-12,-0.00450346141475888
2009-08-13,-0.002833503634418144
2009-08-14,-0.002118157416531208
2009-08-17,-0.001043971510741648
2009-08-18,-0.0012833535132048546
2009-08-19,-0.0008063393767177018
2009-08-20,-0.001043971510741648
2009-08-21,-0.0025944716056428563
2009-08-24,-0.001402344567060898
2009-08-25,-0.001402344567060898
2009-08-26,-0.0008063393767179239
2009-08-27,-0.0009247471410941399
2009-08-28,0.0
2009-08-31,0.0
2009-09-01,0.0
2009-09-02,0.0
2009-09-03,-0.0009526908543190382
2009-09-04,-0.0014292107882903915
2009-09-08,-0.0013097317911741069
2009-09-09,-0.0011916488485517185
2009-09-10,-0.0005962316068365281
2009-09-11,-0.0009526908543190382
2009-09-14,-0.001548457109657675
2009-09-15,-0.0010720535135608777
2009-09-16,-0.0023819016426093187
2009-09-17,-0.0009526908543190382
2009-09-18,-0.001905963398010746
2009-09-21,-0.001548457109657675
2009-09-22,-0.0017867170766433516
2009-09-23,-0.00023860898060923397
2009-09-24,-1.1102230246251565e-16
2009-09-25,-0.00035738995047851496
2009-09-28,-0.00047582190672434965
2009-09-29,-0.0005962316068367501
2009-09-30,0.0
2009-10-01,0.0
2009-10-02,0.0
2009-10-05,0.0
2009-10-06,-0.0005957197362761457
2009-10-07,0.0
2009-10-08,-0.000952471686073264
2009-10-09,-0.0023787423358694326
2009-10-12,-0.001188732937638326
2009-10-13,-0.00059506272005172
2009-10-14,-0.0019033187859375245
2009-10-15,-0.0024976852547565764
2009-10-16,-0.0019033187859375245
2009-10-19,-0.0019033187859375245
2009-10-20,-0.0014278952360056163
2009-10-21,-0.0019033187859376355
2009-10-22,-0.0017840277414342687
2009-10-23,-0.003449228605853283
2009-10-26,-0.00451948279209291
2009-10-27,-0.0024976852547567985
2009-10-28,-0.0010706023118560726
2009-10-29,-0.0019033187859377465
2009-10-30,-0.0007133093877064178
2009-11-02,-0.0005949466781797197
2009-11-03,-0.0007129612620900838
2009-11-04,-0.0008328325159538963
2009-11-05,0.0
2009-11-06,0.0
2009-11-09,0.0
2009-11-10,-0.0002379191673107517
2009-11-11,0.0
2009-11-12,-0.00011943965540206491
2009-11-13,0.0
2009-11-16,0.0
2009-11-17,0.0
2009-11-18,0.0
2009-11-19,0.0
2009-11-20,0.0
2009-11-23,-0.00011844549084150113
2009-11-24,0.0
2009-11-25,0.0
2009-11-27,0.0
2009-11-30,0.0
2009-12-01,0.0
2009-12-02,-0.0008360105906985993
2009-12-03,-0.0014324355952167744
2009-12-04,-0.003939082479530898
2009-12-07,-0.0017904290867060135
2009-12-08,-0.0008360105906987103
2009-12-09,-0.0015513051297860736
2009-12-10,-0.0019091832139600529
2009-12-11,-0.0029839715396330346
2009-12-14,-0.004058759865306127
2009-12-15,-0.004297075971020026
2009-12-16,-0.003580973580726843
2009-12-17,-0.0016707517009310058
2009-12-18,-0.0023876619424301193
2009-12-21,-0.00393908247953112
2009-12-22,-0.005132740339773401
2009-12-23,-0.005132740339773401
2009-12-24,-0.0063263982000155705
2009-12-28,-0.0077590646098624205
2009-12-29,-0.007101473728332808
2009-12-30,-0.007460390478342793
2009-12-31,-0.008655664040996713
2010-01-04,-0.007340597685252637
2010-01-05,-0.006146709010380169
2010-01-06,-0.006026223773399453
2010-01-07,-0.006265347730319282
2010-01-08,-0.005310121383106159
2010-01-11,-0.0048310656180607925
2010-01-12,-0.003994824212732007
2010-01-13,-0.0048310656180607925
2010-01-14,-0.003875723863532521
2010-01-15,-0.0030392516435736594
2010-01-19,-0.00280093553785965
2010-01-20,-0.00280093553785965
2010-01-21,-0.001964347910585529
2010-01-22,-0.0011276448759962587
2010-01-25,-0.001964347910585418
2010-01-26,-0.0018447859321254478
2010-01-27,-0.002202664016299316
2010-01-28,-0.001724531509774807
2010-01-29,-0.0007689589406164599
2010-02-01,-0.0011989665967376828
2010-02-02,-0.0010800970621684947
2010-02-03,-0.0017983921914489498
2010-02-04,-0.00036191734020318833
2010-02-05,0.0
2010-02-08,-0.0007174386701747082
2010-02-09,-0.0016737161778499487
2010-02-10,-0.0027480298677647896
2010-02-11,-0.0023898868812235463
2010-02-12,-0.001553835680263016
2010-02-16,-0.0014346468009314162
2010-02-17,-0.002271159080728835
2010-02-18,-0.0028677950956428333
2010-02-19,-0.0032265144307301874
2010-02-22,-0.0028677950956427223
2010-02-23,-0.0020323202432281917
2010-02-24,-0.001553835680262905
2010-02-25,-0.0007174386701747082
2010-02-26,-0.0003592956836335759
2010-03-01,-0.0005392316997232527
2010-03-02,-0.0005392316997232527
2010-03-03,-0.0006578442305089638
2010-03-04,-0.0010167941050146512
2010-03-05,-0.00185330638481207
2010-03-08,-0.002332597835741801
2010-03-09,-0.001614698086730093
2010-03-10,-0.001853306384811959
2010-03-11,-0.003049921236207398
2010-03-12,-0.002929925468911132
2010-03-15,-0.002572013021788111
2010-03-16,-0.00233259783574169
2010-03-17,-0.0020929521102768245
2010-03-18,-0.0026903950131553778
2010-03-19,-0.0034081794924579745
2010-03-22,-0.003049921236207398
2010-03-23,-0.0034081794924580855
2010-03-24,-0.004963744218359323
2010-03-25,-0.004604448534725747
2010-03-26,-0.004005622395336639
2010-03-29,-0.0035274836414991295
2010-03-30,-0.0037674751760916614
2010-03-31,-0.003049921236207731
2010-04-01,-0.003408525301585863
2010-04-05,-0.006160820148591761
2010-04-06,-0.005443612017835275
2010-04-07,-0.0038877014828062606
2010-04-08,-0.004126886129434237
2010-04-09,-0.0038877014828062606
2010-04-12,-0.003408525301585752
2010-04-13,-0.0036482862967598395
2010-04-14,-0.0036482862967598395
2010-04-15,-0.0029308476265850203
2010-04-16,-0.0013738996641732282
2010-04-19,-0.002331790947777579
2010-04-20,-0.00221110356222598
2010-04-21,-0.002092491031440269
2010-04-22,-0.0028107365895797543
2010-04-23,-0.003169340654957997
2010-04-26,-0.003169340654957997
2010-04-27,-0.0012542497060046287
2010-04-28,-0.0014948175891432713
2010-04-29,-0.0012542497060046287
2010-04-30,-5.775012431841198e-05
2010-05-03,-0.0010403091256955266
2010-05-04,-0.00044067609834175236
2010-05-05,0.0
2010-05-06,0.0
2010-05-07,-0.0003584387973510905
2010-05-10,-0.0016725611595536094
2010-05-11,-0.0010753163920531605
2010-05-12,-0.0013136626779480798
2010-05-13,-0.0007166477525750725
2010-05-14,0.0
2010-05-17,-0.000357880374235342
2010-05-18,0.0
2010-05-19,-0.00047652648004392617
2010-05-20,0.0
2010-05-21,-0.0007153106176431834
2010-05-24,-0.0008338982685398566
2010-05-25,-0.0009527152959375451
2010-05-26,-0.0017874163822302336
2010-05-27,-0.0025034151293759077
2010-05-28,-0.0012950445730152138
2010-06-01,-0.005499094527933512
2010-06-02,0.0
2010-06-03,0.0
2010-06-04,-0.006737328878452131
2010-06-07,-0.009600488743557123
2010-06-08,-0.008460710428130014
2010-06-09,-0.00975555773829706
2010-06-10,-0.0034447491384522744
2010-06-11,0.0
2010-06-14,-0.0006868313443442187
2010-06-15,0.0
2010-06-16,0.0
2010-06-17,0.0
2010-06-18,0.0
2010-06-21,-0.0019367338647262589
2010-06-22,-0.003866052062475367
2010-06-23,-0.0047109327532954826
2010-06-24,-0.010388970316173585
2010-06-25,-0.006878007506260886
2010-06-28,-0.0067268635112096575
2010-06-29,-0.017083864384417335
2010-06-30,-0.019075447893115882
2010-07-01,-0.02197430743674411
2010-07-02,-0.02422926557364946
2010-07-06,-0.020578186874419924
2010-07-07,-0.00943235611122517
2010-07-08,-0.007054505932011512
2010-07-09,-0.0054659858608032685
2010-07-12,-0.006285796509388986
2010-07-13,-0.0008891441366252195
2010-07-14,0.0
2010-07-15,0.0
2010-07-16,-0.009299310730768617
2010-07-19,-0.008228495293765903
2010-07-20,-0.0023900764012614317
2010-07-21,-0.0036670201450751394
2010-07-22,0.0
2010-07-23,0.0
2010-07-26,0.0
2010-07-27,-0.0036870717361768834
2010-07-28,-0.004571551189538781
2010-07-29,-0.004316703527346477
2010-07-30,-0.00012772835748864342
2010-08-02,0.0
2010-08-03,0.0
2010-08-04,0.0
2010-08-05,0.0
2010-08-06,0.0
2010-08-09,0.0
2010-08-10,-0.002472443150971393
2010-08-11,-0.012557760409151797
2010-08-12,-0.01617036434684982
2010-08-13,-0.014718792506151823
2010-08-16,-0.009199164997933384
2010-08-17,-0.004831198713598939
2010-08-18,-0.0034463137033003965
2010-08-19,-0.006895124352661486
2010-08-20,-0.007766984458258408
2010-08-23,-0.010149785417039592
2010-08-24,-0.013690392031296073
2010-08-25,-0.011705028823417285
2010-08-26,-0.012032345482363982
2010-08-27,-0.011888957748502071
2010-08-30,-0.0116755146122971
2010-08-31,-0.010840786222873766
2010-09-01,-0.0027543726847880645
2010-09-02,-0.0004846148288512042
2010-09-03,0.0
2010-09-07,0.0
2010-09-08,0.0
2010-09-09,-0.0030415242181873747
2010-09-10,-0.000993989911648674
2010-09-13,0.0
2010-09-14,0.0
2010-09-15,-0.0013833128350019264
2010-09-16,-0.0028188730020773933
2010-09-17,-0.0007546235575763838
2010-09-20,0.0
2010-09-21,0.0
2010-09-22,0.0
2010-09-23,-0.0010782918033108713
2010-09-24,0.0
2010-09-27,0.0
2010-09-28,0.0
2010-09-29,0.0
2010-09-30,0.0
2010-10-01,0.0
2010-10-04,-0.0030042245175687654
2010-10-05,0.0
2010-10-06,0.0
2010-10-07,-0.002081162177543616
2010-10-08,0.0
2010-10-11,0.0
2010-10-12,-0.00019810102039086175
2010-10-13,0.0
2010-10-14,-0.004852471467098551
2010-10-15,-0.005288166370741254
2010-10-18,-0.0018643487454590435
2010-10-19,-0.008412991494246458
2010-10-20,-0.0021578422460728497
2010-10-21,-0.005884363662374659
2010-10-22,-0.0018664017779770337
2010-10-25,0.0
2010-10-26,-0.002244385476339983
2010-10-27,-0.005220744781264108
2010-10-28,-0.0024737185851086974
2010-10-29,-0.0005018916485712843
2010-11-01,-0.0008883903625785949
2010-11-02,0.0
2010-11-03,-0.0013425419617418832
2010-11-04,0.0
2010-11-05,-0.002386866747780325
2010-11-08,-0.001488993284765372
2010-11-09,-0.010038990400481174
2010-11-10,-0.008033621786607159
2010-11-11,-0.011520048407208328
2010-11-12,-0.023703973123877065
2010-11-15,-0.03016643583949885
2010-11-16,-0.03506087109009348
2010-11-17,-0.03571279033007613
2010-11-18,-0.025683037989620572
2010-11-19,-0.02521541046213538
2010-11-22,-0.02284137830776234
2010-11-23,-0.02828176101531521
2010-11-24,-0.0248479280301781
2010-11-26,-0.0253287860767043
2010-11-29,-0.0227791689660094
2010-11-30,-0.024709202712845046
2010-12-01,-0.018682919372638107
2010-12-02,-0.015113740931259834
2010-12-03,-0.013487952180429086
2010-12-06,-0.01025950790609853
2010-12-07,-0.01628448994920828
2010-12-08,-0.018123593082022382
2010-12-09,-0.016750629168141185
2010-12-10,-0.017044143331463313
2010-12-13,-0.015640016194174433
2010-12-14,-0.01851014333401424
2010-12-15,-0.02392382826021111
2010-12-16,-0.020004285048232373
2010-12-17,-0.01411777856440355
2010-12-20,-0.012403002999249235
2010-12-21,-0.008055707775510679
2010-12-22,-0.008100401184126027
2010-12-23,-0.008845324725686665
2010-12-27,-0.006788460776186223
2010-12-28,-0.009825281702646071
2010-12-29,-0.004367046541142394
2010-12-30,-0.006524974047574128
2010-12-31,-0.0017667600478130652
2011-01-03,0.0
2011-01-04,-0.0010691658745478616
2011-01-05,-0.00271939744925187
2011-01-06,-0.002750066117676586
2011-01-07,-0.002251329210385289
2011-01-10,0.0
2011-01-11,0.0
2011-01-12,0.0
2011-01-13,0.0
2011-01-14,0.0
2011-01-18,-0.0003843508580489985
2011-01-19,-0.002732704630868499
2011-01-20,-0.009150515369810042
2011-01-21,-0.006416265108325714
2011-01-24,-0.004388275469738412
2011-01-25,-0.0029378598171498904
2011-01-26,-0.001964667856019453
2011-01-27,-0.0007923902848188114
2011-01-28,-0.004757068386046059
2011-01-31,-0.002135706418019745
2011-02-01,0.0
2011-02-02,0.0
2011-02-03,-0.002301799666518889
2011-02-04,-0.003710062583370366
2011-02-07,-0.0012501372774862407
2011-02-08,-0.0010414011544902513
2011-02-09,0.0
2011-02-10,-0.0030773803258205
2011-02-11,0.0
2011-02-14,0.0
2011-02-15,-0.0014166722398168963
2011-02-16,0.0
2011-02-17,0.0
2011-02-18,-4.061468364735532e-06
2011-02-22,-0.004926377768583179
2011-02-23,-0.00360743481472503
2011-02-24,-0.0026677827146973643
2011-02-25,0.0
2011-02-28,0.0
2011-03-01,-0.002398827460418862
2011-03-02,-0.0042736937567730005
2011-03-03,-0.001166986542943338
2011-03-04,-0.00020728477219922326
2011-03-07,-0.005394122906743459
2011-03-08,-0.006080675479177788
2011-03-09,-0.0044500840062008384
2011-03-10,-0.008453397381154137
2011-03-11,-0.008512698134487628
2011-03-14,-0.009936878933129778
2011-03-15,-0.016454977129473636
2011-03-16,-0.019417956806134895
2011-03-17,-0.012116112849013372
2011-03-18,-0.009940933568830301
2011-03-21,-0.005194672765568398
2011-03-22,-0.004163842460303102
2011-03-23,-0.0032427847604031834
2011-03-24,-0.0008404527851659793
2011-03-25,-0.00044369593438564614
2011-03-28,-0.003035107905452028
2011-03-29,-0.0018921765510443445
2011-03-30,0.0
2011-03-31,0.0
2011-04-01,0.0
2011-04-04,0.0
2011-04-05,-0.0014408366443428022
2011-04-06,-0.003081951255319293
2011-04-07,-0.003610537987512319
2011-04-08,-0.0027758780535891425
2011-04-11,-0.006074493787129764
2011-04-12,-0.008645622428538946
2011-04-13,-0.0043059688790985096
2011-04-14,-0.005342684010358312
2011-04-15,-0.0005843656819470855
2011-04-18,-0.003939188599368593
2011-04-19,-0.0005976592586887097
2011-04-20,0.0
2011-04-21,0.0
2011-04-25,0.0
2011-04-26,0.0
2011-04-27,0.0
2011-04-28,0.0
2011-04-29,0.0
2011-05-02,-0.0014352181639533113
2011-05-03,-0.002880342223496646
2011-05-04,-0.005266698309464801
2011-05-05,-0.014753574460151464
2011-05-06,-0.013990024047699334
2011-05-09,-0.007736447835015925
2011-05-10,-0.005779996159824052
2011-05-11,-0.011500319868584796
2011-05-12,-0.011206088929730296
2011-05-13,-0.012156924674474934
2011-05-16,-0.015317655420361342
2011-05-17,-0.0123759024371628
2011-05-18,-0.009920855068517698
2011-05-19,-0.010096948847198361
2011-05-20,-0.010986039224624156
2011-05-23,-0.01668104775073731
2011-05-24,-0.01516708260090971
2011-05-25,-0.01267834593222339
2011-05-26,-0.008504361222436918
2011-05-27,-0.005973472303177241
2011-05-31,-0.0006489912417766419
2011-06-01,-0.006193736657552629
2011-06-02,-0.00965013983011076
2011-06-03,-0.011641971606856982
2011-06-06,-0.017765014656503708
2011-06-07,-0.015634880239337012
2011-06-08,-0.015238198167415229
2011-06-09,-0.014196614551785669
2011-06-10,-0.019239073747274515
2011-06-13,-0.021441738526986165
2011-06-14,-0.019393595409338604
2011-06-15,-0.02433172540993156
2011-06-16,-0.026808229729644806
2011-06-17,-0.026399292026052068
2011-06-20,-0.024535308438891956
2011-06-21,-0.019574109748975
2011-06-22,-0.021682714702759398
2011-06-23,-0.02121984485204198
2011-06-24,-0.027748840089045212
2011-06-27,-0.027452986689858627
2011-06-28,-0.023444443252811586
2011-06-29,-0.019401221907679123
2011-06-30,-0.017047894486789894
2011-07-01,-0.01232237709643702
2011-07-05,-0.008650285752571096
2011-07-06,-0.006847801500349249
2011-07-07,-0.0008639603791531503
2011-07-08,0.0
2011-07-11,-0.004302011497269387
2011-07-12,-0.004388768885624894
2011-07-13,0.0
2011-07-14,-0.006799013019179734
2011-07-15,-0.00235212528047557
2011-07-18,-0.007470878486377508
2011-07-19,0.0
2011-07-20,-0.0025802443580604795
2011-07-21,-0.001207985266474365
2011-07-22,0.0
2011-07-25,-0.005260428427050545
2011-07-26,-0.002318656542664388
2011-07-27,-0.011340691655375879
2011-07-28,-0.010836651269725883
2011-07-29,-0.00825575214181029
2011-08-01,-0.007060042200139227
2011-08-02,-0.009635909237866724
2011-08-03,-0.009326915207913622
2011-08-04,-0.024593521068609903
2011-08-05,-0.031734023464413674
2011-08-08,-0.05519460289005873
2011-08-09,-0.034853799831419785
2011-08-10,-0.042046804125422055
2011-08-11,-0.03533942970629189
2011-08-12,-0.029398143040790803
2011-08-15,-0.02181718232520924
2011-08-16,-0.021787051174246952
2011-08-17,-0.016026667799366456
2011-08-18,-0.030102595335763316
2011-08-19,-0.032575450971177644
2011-08-22,-0.03240095947915933
2011-08-23,-0.023727159293414957
2011-08-24,-0.029067753137552388
2011-08-25,-0.031331319284623294
2011-08-26,-0.02117717505051475
2011-08-29,-0.013637400474419081
2011-08-30,-0.0066271484583065865
2011-08-31,-0.005966752091772332
2011-09-01,-0.005818767934276381
2011-09-02,-0.007903371551760241
2011-09-06,-0.00903913092439601
2011-09-07,-0.0025920606380367417
2011-09-08,-0.003568544759988135
2011-09-09,-0.01202218985938508
2011-09-12,-0.0118405931429858
2011-09-13,-0.010403319770506458
2011-09-14,-0.0046257464417019944
2011-09-15,-0.0016642742524192178
2011-09-16,0.0
2011-09-19,0.0
2011-09-20,0.0
2011-09-21,-0.004755012897169397
2011-09-22,-0.014026803080971484
2011-09-23,-0.017937599844578545
2011-09-26,-0.014533594240602632
2011-09-27,-0.012233202037336022
2011-09-28,-0.0232338649537982
2011-09-29,-0.020916038231842182
2011-09-30,-0.030579417354832605
2011-10-03,-0.0357419806925553
2011-10-04,-0.03364077657827247
2011-10-05,-0.02489507622480225
2011-10-06,-0.018602834861375706
2011-10-07,-0.022619252863198658
2011-10-10,-0.009416741853433885
2011-10-11,-0.00924166773354096
2011-10-12,-0.005616362110091977
2011-10-13,-0.003375971152408508
2011-10-14,0.0
2011-10-17,-0.004867171564019612
2011-10-18,0.0
2011-10-19,-0.007055792348098167
2011-10-20,-0.006749541965978212
2011-10-21,-0.0008199232182825034
2011-10-24,0.0
2011-10-25,-0.0027931971100205732
2011-10-26,-0.004477470851093068
2011-10-27,0.0
2011-10-28,0.0
2011-10-31,-0.002296562612284836
2011-11-01,-0.007964704736228678
2011-11-02,-0.0034356349998562186
2011-11-03,0.0
2011-11-04,-0.0008946459899376036
2011-11-07,0.0
2011-11-08,0.0
2011-11-09,-0.013292039092891339
2011-11-10,-0.014848042836147712
2011-11-11,-0.0074470357796575515
2011-11-14,-0.009259948880796176
2011-11-15,-0.007073534864030173
2011-11-16,-0.012524356570936646
2011-11-17,-0.021258068888425186
2011-11-18,-0.02274124730272309
2011-11-21,-0.030479768768154614
2011-11-22,-0.029455561253814988
2011-11-23,-0.03922661887510581
2011-11-25,-0.04445586806792656
2011-11-28,-0.030528254135370747
2011-11-29,-0.02988554133334631
2011-11-30,-0.016625594267057342
2011-12-01,-0.01605840320689711
2011-12-02,-0.011295063975507835
2011-12-05,-0.007355582682113115
2011-12-06,-0.00855087238252139
2011-12-07,-0.00781504213599793
2011-12-08,-0.014392323523421569
2011-12-09,-0.011735526859947498
2011-12-12,-0.016116296283544274
2011-12-13,-0.017209394265572664
2011-12-14,-0.022071849275018818
2011-12-15,-0.0222858800704816
2011-12-16,-0.01689434000734691
2011-12-19,-0.018126079730463984
2011-12-20,-0.009132251222614185
2011-12-21,-0.012226352755064784
2011-12-22,-0.007623042470064401
2011-12-23,-0.006013314489449417
2011-12-27,-0.0031259013680151604
2011-12-28,-0.005543103376696279
2011-12-29,-0.0012339511066633557
2011-12-30,-0.0012566612152893342
2012-01-03,0.0
2012-01-04,-0.0006124900577596515
2012-01-05,-0.00203996658720762
2012-01-06,-5.333235724480634e-05
2012-01-09,-0.0001427025613223165
2012-01-10,0.0
2012-01-11,0.0
2012-01-12,-0.0010427582139792557
2012-01-13,-0.0005196619588890838
2012-01-17,0.0
2012-01-18,0.0
2012-01-19,-0.00021083710312741477
2012-01-20,-0.002975573728611125
2012-01-23,-0.002824105814955624
2012-01-24,-0.001910856874451694
2012-01-25,0.0
2012-01-26,0.0
2012-01-27,0.0
2012-01-30,-0.0001822364070146465
2012-01-31,0.0
2012-02-01,0.0
2012-02-02,0.0
2012-02-03,0.0
2012-02-06,0.0
2012-02-07,-0.0017703658522332244
2012-02-08,0.0
2012-02-09,0.0
2012-02-10,-0.00218426877601241
2012-02-13,0.0
2012-02-14,0.0
2012-02-15,-0.0021921538358720127
2012-02-16,0.0
2012-02-17,-0.0005173661621249437
2012-02-21,0.0
2012-02-22,0.0
2012-02-23,0.0
2012-02-24,0.0
2012-02-27,0.0
2012-02-28,0.0
2012-02-29,-0.0026972864962810927
2012-03-01,-0.0007132179499979019
2012-03-02,-0.0013433729202775302
2012-03-05,-0.0063957372375694765
2012-03-06,-0.012098631470498833
2012-03-07,-0.010123383038463718
2012-03-08,-0.006647727138267778
2012-03-09,-0.0047702922015812055
2012-03-12,-0.005138627337492152
2012-03-13,-0.0018012311874980869
2012-03-14,-0.008952349790512182
2012-03-15,-0.00807077945759771
2012-03-16,-0.00667898323202909
2012-03-19,-0.007167227999408388
2012-03-20,-0.008372039318572888
2012-03-21,-0.006762626535037897
2012-03-22,-0.008261242546824588
2012-03-23,-0.005232344206641648
2012-03-26,0.0
2012-03-27,0.0
2012-03-28,-0.0035539552579375577
2012-03-29,-0.00417803145830542
2012-03-30,-0.006064508500731702
2012-04-02,-0.0005361819855064232
2012-04-03,-0.006165974697536547
2012-04-04,-0.009317927960090566
2012-04-05,-0.006927910032330509
2012-04-09,-0.006043179404690346
2012-04-10,-0.010971615293185577
2012-04-11,-0.009937691195858633
2012-04-12,-0.004211289601068535
2012-04-13,-0.006416517467557781
2012-04-16,-0.00906459334228693
2012-04-17,-0.00295108517454723
2012-04-18,-0.004414952277644324
2012-04-19,-0.006845983371262632
2012-04-20,-0.006224841902258582
2012-04-23,-0.008039684219392607
2012-04-24,-0.00917924655302138
2012-04-25,-0.002431024591114106
2012-04-26,0.0
2012-04-27,0.0
2012-04-30,-0.0007271750099131502
2012-05-01,-0.0005491502791902247
2012-05-02,-5.371898714101597e-05
2012-05-03,-0.003985260030674342
2012-05-04,-0.010434423704084428
2012-05-07,-0.010017702293307784
2012-05-08,-0.01035231437069728
2012-05-09,-0.013158114524005171
2012-05-10,-0.01399491287563881
2012-05-11,-0.013189766854419083
2012-05-14,-0.01643508197056931
2012-05-15,-0.01781229262102979
2012-05-16,-0.02043096857169746
2012-05-17,-0.02581528633555963
2012-05-18,-0.029183918570152012
2012-05-21,-0.020351703749446837
2012-05-22,-0.02399145565410077
2012-05-23,-0.023665090528995125
2012-05-24,-0.02482461699505545
2012-05-25,-0.024504378166058438
2012-05-29,-0.020253960925087022
2012-05-30,-0.021939208201265048
2012-05-31,-0.022833920146227427
2012-06-01,-0.028973184863501755
2012-06-04,-0.029607194247007973
2012-06-05,-0.029645687131161336
2012-06-06,-0.023302910422823953
2012-06-07,-0.023257084026088948
2012-06-08,-0.01949960840849596
2012-06-11,-0.025830868690215336
2012-06-12,-0.022935831916920058
2012-06-13,-0.023967898480107497
2012-06-14,-0.019849046483495503
2012-06-15,-0.01515682943108565
2012-06-18,-0.012878045847483421
2012-06-19,-0.010190470593554268
2012-06-20,-0.010942729875497492
2012-06-21,-0.020113430187010506
2012-06-22,-0.017629615217833572
2012-06-25,-0.01871087182117881
2012-06-26,-0.017295969041207115
2012-06-27,-0.01310404308683022
2012-06-28,-0.015438499721983634
2012-06-29,-0.0035030692038378053
2012-07-02,-0.00026213793728024903
2012-07-03,0.0
2012-07-05,0.0
2012-07-06,-0.0037053123758292728
2012-07-09,-0.000778399127476237
2012-07-10,-0.005152499223023632
2012-07-11,-0.003855842080235261
2012-07-12,-0.004215071698024375
2012-07-13,0.0
2012-07-16,0.0
2012-07-17,0.0
2012-07-18,0.0
2012-07-19,0.0
2012-07-20,-0.0018237081425355184
2012-07-23,-0.006744952052124997
2012-07-24,-0.009322600116013047
2012-07-25,-0.009176384047810404
2012-07-26,-0.004353805128827326
2012-07-27,-0.00022436527975033815
2012-07-30,0.0
2012-07-31,-0.001705568708614158
2012-08-01,-0.002127840673553094
2012-08-02,-0.004095166452858567
2012-08-03,0.0
2012-08-06,0.0
2012-08-07,-0.0006730631735660797
2012-08-08,-0.0013717064576569404
2012-08-09,-0.00028162246786922474
2012-08-10,0.0
2012-08-13,-0.0009057568741367428
2012-08-14,-0.0032163769389456087
2012-08-15,-0.005711111699410409
2012-08-16,-0.0037580056527738437
2012-08-17,-0.001925139747565363
2012-08-20,-0.0004150390507927648
2012-08-21,0.0
2012-08-22,0.0
2012-08-23,-0.0019285085395478463
2012-08-24,0.0
2012-08-27,0.0
2012-08-28,0.0
2012-08-29,-0.00035182798973176777
2012-08-30,-0.0017628138309399022
2012-08-31,0.0
2012-09-04,-0.0007874550427980909
2012-09-05,-0.0021535891812477503
2012-09-06,0.0
2012-09-07,0.0
2012-09-10,-0.0023494007540488804
2012-09-11,-0.001539382348738294
2012-09-12,-0.0019813138223278015
2012-09-13,0.0
2012-09-14,-0.0024743292306729225
2012-09-17,-0.0033135830106978403
2012-09-18,-0.0026579681733128746
2012-09-19,-0.0026326708439348145
2012-09-20,-0.002880010714846448
2012-09-21,-0.002062724758471357
2012-09-24,-0.0027862093604840155
2012-09-25,-0.005960188188758431
2012-09-26,-0.007290764665240479
2012-09-27,-0.002075268336623415
2012-09-28,-0.003855866732936475
2012-10-01,-0.0029341078213150906
2012-10-02,-0.0026117142260223547
2012-10-03,-0.0021390984018343495
2012-10-04,0.0
2012-10-05,-0.0036626620688823275
2012-10-08,-0.004077264638001954
2012-10-09,-0.007582930879794447
2012-10-10,-0.008390365962444912
2012-10-11,-0.005048272484667771
2012-10-12,-0.005926646030568916
2012-10-15,-0.0033575766328385326
2012-10-16,-0.001751331396562028
2012-10-17,-0.0026798564119330237
2012-10-18,-0.005823234160293511
2012-10-19,-0.011094744586515382
2012-10-22,-0.012259089613049001
2012-10-23,-0.014646164750513058
2012-10-24,-0.017799258872702173
2012-10-25,-0.018123384878780846
2012-10-26,-0.015070616215592914
2012-10-31,-0.014147498640928013
2012-11-01,-0.012786402605879599
2012-11-02,-0.017426777692439055
2012-11-05,-0.01495190985063044
2012-11-06,-0.013929356944555882
2012-11-07,-0.019446074296454507
2012-11-08,-0.02128555948833666
2012-11-09,-0.020437015425607497
2012-11-12,-0.020400554301542195
2012-11-13,-0.02175545542964985
2012-11-14,-0.02550966744036176
2012-11-15,-0.027121536460855133
2012-11-16,-0.02499217753470384
2012-11-19,-0.015603548195482042
2012-11-20,-0.018143209030250018
2012-11-21,-0.01741164455240607
2012-11-23,-0.0127964917206288
2012-11-26,-0.011697303568176554
2012-11-27,-0.011958451238188283
2012-11-28,-0.010198458852569425
2012-11-29,-0.007103465891186378
2012-11-30,-0.007303753357220999
2012-12-03,-0.006640043168548271
2012-12-04,-0.006605996114481982
2012-12-05,-0.0071790617010404345
2012-12-06,-0.005928093730320549
2012-12-07,-0.008427713231429657
2012-12-10,-0.007200837069996413
2012-12-11,-0.00625426096207371
2012-12-12,-0.007674773986312666
2012-12-13,-0.011207363604265885
2012-12-14,-0.011205310876376107
2012-12-17,-0.010007664965646201
2012-12-18,-0.008314180915179992
2012-12-19,-0.008780042260638776
2012-12-20,-0.007401235670507322
2012-12-21,-0.008791198293719993
2012-12-24,-0.01094220097282772
2012-12-26,-0.010409310123116633
2012-12-27,-0.009313411679305661
2012-12-28,-0.011622690036925953
2012-12-31,-0.008698092718787298
2013-01-02,-0.0008118438182679322
2013-01-03,-0.006062356317753759
2013-01-04,-0.005482445632848165
2013-01-07,-0.005207088468408783
2013-01-08,-0.004593921095913167
2013-01-09,-0.003586901993425262
2013-01-10,-0.0015462741973287786
2013-01-11,0.0
2013-01-14,-0.0010578037513188088
2013-01-15,-0.0011446291325136748
2013-01-16,-0.0006099162223881516
2013-01-17,0.0
2013-01-18,0.0
2013-01-22,0.0
2013-01-23,0.0
2013-01-24,-0.0019102719430190707
2013-01-25,-0.0036998292982617365
2013-01-28,-0.004534842952997553
2013-01-29,-0.005004412680600923
2013-01-30,-0.007081261310450837
2013-01-31,-0.007570475482200467
2013-02-01,-0.006071454151272193
2013-02-04,-0.008285212203436476
2013-02-05,-0.006067910653846709
2013-02-06,-0.005066576058779915
2013-02-07,-0.006198192956804016
2013-02-08,-0.003001196239352688
2013-02-11,-0.003581678300464075
2013-02-12,-0.003406732438321458
2013-02-13,-0.004195022577782592
2013-02-14,-0.002410283641215094
2013-02-15,-0.00374921999368083
2013-02-19,-0.0027921601883890146
2013-02-20,-0.006764594408883329
2013-02-21,-0.008367172608260698
2013-02-22,-0.005014617977623814
2013-02-25,-0.0063282597382753325
2013-02-26,-0.004989922487587672
2013-02-27,-0.0026074623722386336
2013-02-28,-0.0032501540341988155
2013-03-01,-0.0011942504704332002
2013-03-04,-0.0011122209931281324
2013-03-05,0.0
2013-03-06,-0.002483839706534874
2013-03-07,-0.002760342129548232
2013-03-08,-0.0036168838020648186
2013-03-11,-0.0025254389991997694
2013-03-12,-0.0017357234286845546
2013-03-13,-0.0023507794619280764
2013-03-14,-5.8501081396711285e-05
2013-03-15,0.0
2013-03-18,0.0
2013-03-19,-0.00023010758223740435
2013-03-20,0.0
2013-03-21,-0.0017107489079747351
2013-03-22,0.0
2013-03-25,-0.0014436979308379838
2013-03-26,0.0
2013-03-27,0.0
2013-03-28,-0.0005412086215262901
2013-04-01,-0.0003890511143068709
2013-04-02,-5.994721614011045e-05
2013-04-03,-0.0022634711573493727
2013-04-04,0.0
2013-04-05,0.0
2013-04-08,0.0
2013-04-09,0.0
2013-04-10,0.0
2013-04-11,0.0
2013-04-12,0.0
2013-04-15,-0.008541710647509637
2013-04-16,-0.0038813381367256428
2013-04-17,-0.008729964271974033
2013-04-18,-0.010033817500354925
2013-04-19,-0.0077051340479712405
2013-04-22,-0.004998232975028549
2013-04-23,-0.0024332157652308117
2013-04-24,-0.0005417745603981672
2013-04-25,0.0
2013-04-26,0.0
2013-04-29,0.0
2013-04-30,0.0
2013-05-01,-0.0018233453801309585
2013-05-02,0.0
2013-05-03,-0.0008036912866900003
2013-05-06,-0.00020582664957413677
2013-05-07,-0.0005070697143421121
2013-05-08,0.0
2013-05-09,-0.0019376137325992637
2013-05-10,-0.004737025820009011
2013-05-13,-0.007288864057009237
2013-05-14,-0.007124751198872792
2013-05-15,-0.0045842786644115785
2013-05-16,-0.0028345311046196198
2013-05-17,-0.0023917841426249753
2013-05-20,-0.0020685965179465526
2013-05-21,-8.678783567506176e-05
2013-05-22,-0.007493564681980702
2013-05-23,-0.007473496644207156
2013-05-24,-0.008275846423461242
2013-05-28,-0.012036601753619647
2013-05-29,-0.013185113148481253
2013-05-30,-0.011828087693230405
2013-05-31,-0.02024881237050391
2013-06-03,-0.017470047990341686
2013-06-04,-0.020403947605500794
2013-06-05,-0.024085884468875607
2013-06-06,-0.01970346544289836
2013-06-07,-0.019287551410081538
2013-06-10,-0.021192520528230063
2013-06-11,-0.02426273564459125
2013-06-12,-0.029275329844067777
2013-06-13,-0.018710903445512628
2013-06-14,-0.02013728851042651
2013-06-17,-0.01873079678221612
2013-06-18,-0.01601215042905213
2013-06-19,-0.026160095504804026
2013-06-20,-0.04172615551518477
2013-06-21,-0.04725915811900816
2013-06-24,-0.05332057812690627
2013-06-25,-0.049226364951717505
2013-06-26,-0.04338779017521732
2013-06-27,-0.03834376064063394
2013-06-28,-0.03986758719552452
2013-07-01,-0.036056780251988885
2013-07-02,-0.036180954727906056
2013-07-03,-0.03538797316633002
2013-07-05,-0.042324643058126665
2013-07-08,-0.035470113786543744
2013-07-09,-0.032709573129770075
2013-07-10,-0.03273842271677019
2013-07-11,-0.022132901152956297
2013-07-12,-0.022076233525629485
2013-07-15,-0.01889006755190703
2013-07-16,-0.01970463184341431
2013-07-17,-0.016687262713066864
2013-07-18,-0.01671041225181613
2013-07-19,-0.014066954802455789
2013-07-22,-0.012906395823306549
2013-07-23,-0.015165937387266903
2013-07-24,-0.02074205213323388
2013-07-25,-0.02034861806298227
2013-07-26,-0.01905654715598759
2013-07-29,-0.021623697847873324
2013-07-30,-0.02121322353489996
2013-07-31,-0.01917967880838678
2013-08-01,-0.022317225862570456
2013-08-02,-0.018027440127194705
2013-08-05,-0.021483369516454243
2013-08-06,-0.023384599256526806
2013-08-07,-0.02381273879765866
2013-08-08,-0.021170423083724965
2013-08-09,-0.02107969888493144
2013-08-12,-0.021345318493987686
2013-08-13,-0.02384327967466815
2013-08-14,-0.024623629342827247
2013-08-15,-0.031629597669603604
2013-08-16,-0.034127555720795955
2013-08-19,-0.03892799220044307
2013-08-20,-0.033977657836356756
2013-08-21,-0.03877316840506373
2013-08-22,-0.03340474601296095
2013-08-23,-0.02815996206560778
2013-08-26,-0.027147235648866674
2013-08-27,-0.029306917237252872
2013-08-28,-0.028917881797385192
2013-08-29,-0.026870289946351877
2013-08-30,-0.028614737509079946
2013-09-03,-0.030829746947154013
2013-09-04,-0.02953711387959257
2013-09-05,-0.03385890033524819
2013-09-06,-0.0312320103004039
2013-09-09,-0.028260577114940455
2013-09-10,-0.028441586641017036
2013-09-11,-0.02548723344334436
2013-09-12,-0.026087328473467064
2013-09-13,-0.025356342103598495
2013-09-16,-0.02529039716034498
2013-09-17,-0.022589775753822372
2013-09-18,-0.011469340387584182
2013-09-19,-0.014355983728141286
2013-09-20,-0.0160330758616537
2013-09-23,-0.015785249994672124
2013-09-24,-0.014586682575672971
2013-09-25,-0.014789410809073034
2013-09-26,-0.01438644075612816
2013-09-27,-0.015601337732864873
2013-09-30,-0.01814266945715315
2013-10-01,-0.016258398891784154
2013-10-02,-0.014849677205167944
2013-10-03,-0.01765889112582053
2013-10-04,-0.015280626860682323
2013-10-07,-0.016592075099443715
2013-10-08,-0.02017837386928656
2013-10-09,-0.022290717360409218
2013-10-10,-0.014209296722081266
2013-10-11,-0.012328020429305142
2013-10-14,-0.012507738329595064
2013-10-15,-0.014581533293282156
2013-10-16,-0.00627602094094315
2013-10-17,-0.0015331499284526595
2013-10-18,0.0
2013-10-21,-0.0013164442382882502
2013-10-22,0.0
2013-10-23,-0.0020077000723037752
2013-10-24,-0.0017447010795068607
2013-10-25,0.0
2013-10-28,0.0
2013-10-29,0.0
2013-10-30,-0.002857642141180894
2013-10-31,-0.004085729663273141
2013-11-01,-0.007449970353453073
2013-11-04,-0.0064584242511457335
2013-11-05,-0.010356198024861318
2013-11-06,-0.008441367754908446
2013-11-07,-0.011192809614372745
2013-11-08,-0.012811525825132786
2013-11-11,-0.014070510714806361
2013-11-12,-0.014435882925098564
2013-11-13,-0.009782591662899853
2013-11-14,-0.0057691645605219
2013-11-15,-0.004314504290060084
2013-11-18,-0.005394304051956844
2013-11-19,-0.008072327517597344
2013-11-20,-0.012419582596725043
2013-11-21,-0.0075988008207570346
2013-11-22,-0.0037750720554394768
2013-11-25,-0.0028646036819162113
2013-11-26,-0.0013353099552034786
2013-11-27,-0.0007497665593177993
2013-11-29,-0.00022539763466333795
2013-12-02,-0.0029978718833286733
2013-12-03,-0.0025312189296444743
2013-12-04,-0.0049123439698932625
2013-12-05,-0.00684995422870871
2013-12-06,-0.00226134906452391
2013-12-09,-0.00042501820116713773
2013-12-10,0.0
2013-12-11,-0.005548500402481116
2013-12-12,-0.008576550245769754
2013-12-13,-0.007580534970766606
2013-12-16,-0.006023463717324207
2013-12-17,-0.006030962741916501
2013-12-18,-0.002296365810258716
2013-12-19,-0.003250065137930802
2013-12-20,0.0
2013-12-23,0.0
2013-12-24,-0.0008804205939151322
2013-12-26,-6.98593662139535e-05
2013-12-27,-0.0005889261138751767
2013-12-30,0.0
2013-12-31,-5.9229380039660384e-05
2014-01-02,-0.002623039344139988
2014-01-03,-0.0038728011088151604
2014-01-06,-0.0031224902037289004
2014-01-07,-0.0009030338539230964
2014-01-08,-0.0028869163075579962
2014-01-09,-0.0022068534963597397
2014-01-10,0.0
2014-01-13,-0.0028221167819013626
2014-01-14,-6.624849422398604e-05
2014-01-15,0.0
2014-01-16,0.0
2014-01-17,-0.00021666698268107965
2014-01-21,0.0
2014-01-22,-0.0003082457578938991
2014-01-23,0.0
2014-01-24,-0.00579576633958101
2014-01-27,-0.009707578517464954
2014-01-28,-0.0063474045172794424
2014-01-29,-0.007933430965569421
2014-01-30,-0.0048907506839550585
2014-01-31,-0.004795495582817888
2014-02-03,-0.008517502047554082
2014-02-04,-0.008040743404643114
2014-02-05,-0.010335678664945225
2014-02-06,-0.006634867956180512
2014-02-07,-0.00014544704988983526
2014-02-10,0.0
2014-02-11,0.0
2014-02-12,-0.001211660642794321
2014-02-13,0.0
2014-02-14,0.0
2014-02-18,0.0
2014-02-19,-0.0029983199506214975
2014-02-20,-0.0013269787346547046
2014-02-21,-0.0006969298105106159
2014-02-24,0.0
2014-02-25,0.0
2014-02-26,0.0
2014-02-27,0.0
2014-02-28,0.0
2014-03-03,0.0
2014-03-04,0.0
2014-03-05,-0.0002855651727368125
2014-03-06,-0.0016044080673747185
2014-03-07,-0.004861651446785298
2014-03-10,-0.005458673940734959
2014-03-11,-0.006435648127928295
2014-03-12,-0.004212687175556895
2014-03-13,-0.005702995463151783
2014-03-14,-0.006695493637831507
2014-03-17,-0.006442406817493751
2014-03-18,-0.0019378967302476902
2014-03-19,-0.007162296644988575
2014-03-20,-0.005717099726240016
2014-03-21,-0.005543114329375265
2014-03-24,-0.005866906018819118
2014-03-25,-0.004294580737042253
2014-03-26,-0.004924010432734716
2014-03-27,-0.004608033730342576
2014-03-28,-0.004308890579661662
2014-03-31,-0.0022924402681517853
2014-04-01,-0.0016998109704865483
2014-04-02,-0.0025561267318465752
2014-04-03,-0.001938910676843153
2014-04-04,-0.003920454757479042
2014-04-07,-0.006038265590828762
2014-04-08,-0.002241579491735979
2014-04-09,0.0
2014-04-10,-0.005436278931611804
2014-04-11,-0.008015013619485534
2014-04-14,-0.004936280987835495
2014-04-15,-0.001996164140179224
2014-04-16,0.0
2014-04-17,-0.0023666296374864615
2014-04-21,-0.0012514336379345625
2014-04-22,0.0
2014-04-23,-1.804880452538349e-05
2014-04-24,0.0
2014-04-25,-0.003154909071473977
2014-04-28,-0.0035536293390470153
2014-04-29,-0.0015853305904200976
2014-04-30,-0.00012438960411420563
2014-05-01,0.0
2014-05-02,0.0
2014-05-05,-0.0005770718994320134
2014-05-06,-0.00251635129779193
2014-05-07,-0.001761118799287753
2014-05-08,-0.0028276552105640507
2014-05-09,-0.002982716475559921
2014-05-12,-0.00024342589668746584
2014-05-13,0.0
2014-05-14,0.0
2014-05-15,-0.001420092735267997
2014-05-16,-0.0002791955746550556
2014-05-19,0.0
2014-05-20,-0.0010449455157638399
2014-05-21,0.0
2014-05-22,0.0
2014-05-23,0.0
2014-05-27,0.0
2014-05-28,0.0
2014-05-29,0.0
2014-05-30,-0.000187654261264103
2014-06-02,-0.0029292933164929424
2014-06-03,-0.005726760093019201
2014-06-04,-0.005309256354742109
2014-06-05,-0.0023365111749634737
2014-06-06,0.0
2014-06-09,0.0
2014-06-10,-0.001001173661585808
2014-06-11,-0.0013176842059248184
2014-06-12,-0.0005023199937915779
2014-06-13,0.0
2014-06-16,0.0
2014-06-17,-0.001427009038436844
2014-06-18,0.0
2014-06-19,-0.0015702344512654731
2014-06-20,0.0
2014-06-23,-0.0008479465513162587
2014-06-24,0.0
2014-06-25,0.0
2014-06-26,0.0
2014-06-27,0.0
2014-06-30,-0.0002596293134836669
2014-07-01,-7.475063693096473e-05
2014-07-02,-0.0019961983640465197
2014-07-03,-0.0017241005497603545
2014-07-07,-0.0020312563024321717
2014-07-08,-0.002209869144196852
2014-07-09,-0.0010367836434089783
2014-07-10,-0.002405241499829902
2014-07-11,-0.0004297854554188296
2014-07-14,0.0
2014-07-15,-0.002282056709256519
2014-07-16,-0.00031865265042918534
2014-07-17,-0.002140475603748304
2014-07-18,0.0
2014-07-21,0.0
2014-07-22,0.0
2014-07-23,0.0
2014-07-24,-0.0016669253876160361
2014-07-25,-0.00048123545108791355
2014-07-28,-0.0016008646594649623
2014-07-29,-0.0022838767546058403
2014-07-30,-0.006019312057762849
2014-07-31,-0.014189844588968326
2014-08-01,-0.013545602712687232
2014-08-04,-0.010147538181286553
2014-08-05,-0.01270457942156511
2014-08-06,-0.011800185887787196
2014-08-07,-0.010783404198169588
2014-08-08,-0.008336216665222218
2014-08-11,-0.006142833046402285
2014-08-12,-0.008053058647954026
2014-08-13,-0.0038719429718346854
2014-08-14,-0.0016646658277195137
2014-08-15,0.0
2014-08-18,0.0
2014-08-19,0.0
2014-08-20,0.0
2014-08-21,0.0
2014-08-22,0.0
2014-08-25,0.0
2014-08-26,0.0
2014-08-27,0.0
2014-08-28,0.0
2014-08-29,0.0
2014-09-02,-0.004264176878290282
2014-09-03,-0.004082712145531908
2014-09-04,-0.008234352540771539
2014-09-05,-0.00756155568493011
2014-09-08,-0.008652793828800243
2014-09-09,-0.012780203182077843
2014-09-10,-0.013039305175593596
2014-09-11,-0.013964773073239622
2014-09-12,-0.01861293933558661
2014-09-15,-0.01960017004941994
2014-09-16,-0.01688293142777475
2014-09-17,-0.01721147075423446
2014-09-18,-0.015696564873821983
2014-09-19,-0.013384469499305718
2014-09-22,-0.016148973984768
2014-09-23,-0.017099319184815998
2014-09-24,-0.016264719818871343
2014-09-25,-0.020128070552174915
2014-09-26,-0.018724887373189336
2014-09-29,-0.017793030171548208
2014-09-30,-0.01891509094096544
2014-10-01,-0.018629550643930903
2014-10-02,-0.02001817733998812
2014-10-03,-0.016731953036630665
2014-10-06,-0.015425865445319098
2014-10-07,-0.01755374042430713
2014-10-08,-0.011285139507568487
2014-10-09,-0.020339159185266853
2014-10-10,-0.02478480899683244
2014-10-13,-0.028296910501529937
2014-10-14,-0.027412665261281055
2014-10-15,-0.028494742503042292
2014-10-16,-0.028719670591891067
2014-10-17,-0.02472746228170275
2014-10-20,-0.020089104997317753
2014-10-21,-0.013440779474249376
2014-10-22,-0.01742755531387552
2014-10-23,-0.014900276312797
2014-10-24,-0.012629781919474392
2014-10-27,-0.013320493905033426
2014-10-28,-0.010392499077564454
2014-10-29,-0.010367503110790377
2014-10-30,-0.009726236498590057
2014-10-31,-0.007004600928744331
2014-11-03,-0.007345058835086626
2014-11-04,-0.009628611878823246
2014-11-05,-0.00889185973360973
2014-11-06,-0.008874508923806923
2014-11-07,-0.00530264698870353
2014-11-10,-0.007557932019775282
2014-11-11,-0.006089715116824546
2014-11-12,-0.007121933913789125
2014-11-13,-0.008756917778528162
2014-11-14,-0.007289364160875222
2014-11-17,-0.008704973729790177
2014-11-18,-0.007390813635075433
2014-11-19,-0.01040096368303356
2014-11-20,-0.007496159750822073
2014-11-21,-0.0028890372380196983
2014-11-24,-0.002097340319895613
2014-11-25,-0.0003290589485406281
2014-11-26,0.0
2014-11-28,-0.004449771502827549
2014-12-01,-0.0077857553134671464
2014-12-02,-0.010208701531676079
2014-12-03,-0.009112614206859604
2014-12-04,-0.008016389815351022
2014-12-05,-0.010124667965165424
2014-12-08,-0.012055125235788555
2014-12-09,-0.009992318762508612
2014-12-10,-0.01622616560511747
2014-12-11,-0.016229989458994454
2014-12-12,-0.02011592378892113
2014-12-15,-0.02441436383600215
2014-12-16,-0.026339888777327736
2014-12-17,-0.01934129725312861
2014-12-18,-0.015018171011066506
2014-12-19,-0.00861683873931951
2014-12-22,-0.009410801539468827
2014-12-23,-0.012436557599058595
2014-12-24,-0.011841638966741064
2014-12-26,-0.010547083580649264
2014-12-29,-0.009599364687355783
2014-12-30,-0.010976889851485039
2014-12-31,-0.014443968284126307
2015-01-02,-0.013540281525589837
2015-01-05,-0.01772184927802578
2015-01-06,-0.018576566572451547
2015-01-07,-0.015010554618170024
2015-01-08,-0.01123269800358162
2015-01-09,-0.00994780950262597
2015-01-12,-0.013204829293469555
2015-01-13,-0.013806119785206405
2015-01-14,-0.012903366047104403
2015-01-15,-0.014449693639437378
2015-01-16,-0.011828408115131639
2015-01-20,-0.010230195798706765
2015-01-21,-0.009328628031225139
2015-01-22,-0.005978162748997207
2015-01-23,-0.004024652243969307
2015-01-26,-0.003954013538769119
2015-01-27,-0.00758695789728403
2015-01-28,-0.008099667054086157
2015-01-29,-0.007076817154949455
2015-01-30,-0.0036187685956898807
2015-02-02,0.0
2015-02-03,0.0
2015-02-04,-0.003163801989429671
2015-02-05,-0.0005481840299828011
2015-02-06,-0.005866610535319006
2015-02-09,-0.006640710380872106
2015-02-10,-0.005773198291031512
2015-02-11,-0.005836790620406096
2015-02-12,-0.0020852091066865253
2015-02-13,-0.0015424916924572374
2015-02-17,-0.004584267171707457
2015-02-18,-0.0031276322109535792
2015-02-19,-0.004882810477076394
2015-02-20,-0.002578503212246619
2015-02-23,-0.0005365451205103788
2015-02-24,0.0
2015-02-25,0.0
2015-02-26,-0.0037365056605181968
2015-02-27,-0.0017675711015285867
2015-03-02,-0.005552647953920187
2015-03-03,-0.0074205985017627984
2015-03-04,-0.009629112064587386
2015-03-05,-0.009224506511994912
2015-03-06,-0.020110208834947962
2015-03-09,-0.017834487136963673
2015-03-10,-0.02172802039544075
2015-03-11,-0.0198187531789753
2015-03-12,-0.01735611294812134
2015-03-13,-0.022140903561209013
2015-03-16,-0.01752612365489603
2015-03-17,-0.01812699094878334
2015-03-18,-0.0058572909411837015
2015-03-19,-0.011501087533935195
2015-03-20,-0.0051736085735999415
2015-03-23,-0.004215123334289417
2015-03-24,-0.004047723462783814
2015-03-25,-0.010612037641829053
2015-03-26,-0.013514074744870874
2015-03-27,-0.011946460428435834
2015-03-30,-0.008463174142577579
2015-03-31,-0.011389342358592902
2015-04-01,-0.007711767026709504
2015-04-02,-0.009291052775529995
2015-04-06,-0.00623968829037802
2015-04-07,-0.0035666269079687174
2015-04-08,-0.004239852246954112
2015-04-09,-0.00590857298305314
2015-04-10,-0.0028415174070068883
2015-04-13,-0.004299159766131377
2015-04-14,-0.0022028688931277074
2015-04-15,0.0
2015-04-16,-0.00032342763036574684
2015-04-17,-0.0024268621239854626
2015-04-20,-0.0012275060492528134
2015-04-21,-0.0023822494753409362
2015-04-22,-0.0043659025772093685
2015-04-23,-0.001398750358487133
2015-04-24,0.0
2015-04-27,-0.0010016927876734805
2015-04-28,-0.003831000287711106
2015-04-29,-0.007717591726345452
2015-04-30,-0.009795936561747376
2015-05-01,-0.009380138274844851
2015-05-04,-0.01072103174952288
2015-05-05,-0.014024394503051374
2015-05-06,-0.019229701837215396
2015-05-07,-0.017008633755901892
2015-05-08,-0.010180713052861057
2015-05-11,-0.01838287395262206
2015-05-12,-0.01801937884617333
2015-05-13,-0.019312716687892584
2015-05-14,-0.013686326570346963
2015-05-15,-0.009022959084918014
2015-05-18,-0.012465766150882351
2015-05-19,-0.01712968231069989
2015-05-20,-0.017143362422391117
2015-05-21,-0.011852925077863508
2015-05-22,-0.013391607146285067
2015-05-26,-0.015125392235017299
2015-05-27,-0.012533376408845331
2015-05-28,-0.013009947132587962
2015-05-29,-0.012602524091105516
2015-06-01,-0.01427740643165043
2015-06-02,-0.016943539772848792
2015-06-03,-0.022157653677542744
2015-06-04,-0.023052735241360867
2015-06-05,-0.026534297449220978
2015-06-08,-0.028441126949914963
2015-06-09,-0.029322901051378802
2015-06-10,-0.027312261387864578
2015-06-11,-0.022700856701749705
2015-06-12,-0.026633177395568586
2015-06-15,-0.028816502277256517
2015-06-16,-0.024372281035278665
2015-06-17,-0.024817621892726627
2015-06-18,-0.02195883713718616
2015-06-19,-0.021113972127366543
2015-06-22,-0.02319548161160989
2015-06-23,-0.023334448848488565
2015-06-24,-0.02441943840406202
2015-06-25,-0.026460243088238022
2015-06-26,-0.029702999629042548
2015-06-29,-0.03151542461405721
2015-06-30,-0.029192705330574387
2015-07-01,-0.03093923240231189
2015-07-02,-0.02920287552072176
2015-07-06,-0.030294445572346396
2015-07-07,-0.027539937101103362
2015-07-08,-0.031679905163546795
2015-07-09,-0.033730529918320595
2015-07-10,-0.031977217119242174
2015-07-13,-0.029220953458383048
2015-07-14,-0.02775473441387588
2015-07-15,-0.026806561659473704
2015-07-16,-0.023224534532007124
2015-07-17,-0.022064106908156633
2015-07-20,-0.02527277814214912
2015-07-21,-0.024831960699467248
2015-07-22,-0.027889602558468063
2015-07-23,-0.0277644387463305
2015-07-24,-0.03133634576485156
2015-07-27,-0.03479585781503036
2015-07-28,-0.031359865563966416
2015-07-29,-0.029030468812112464
2015-07-30,-0.02708359668577387
2015-07-31,-0.027194100955443612
2015-08-03,-0.028100987734927196
2015-08-04,-0.029911017196387335
2015-08-05,-0.031080504964004163
2015-08-06,-0.03308630535788204
2015-08-07,-0.03222861424661205
2015-08-10,-0.02888773266867961
2015-08-11,-0.03063778248586735
2015-08-12,-0.03180447540479081
2015-08-13,-0.033885187246520676
2015-08-14,-0.03326699437319758
2015-08-17,-0.030935231051005707
2015-08-18,-0.03427150652683686
2015-08-19,-0.03514389440819443
2015-08-20,-0.040049063442406
2015-08-21,-0.05014669627963875
2015-08-24,-0.06446957792464414
2015-08-25,-0.06883024338238686
2015-08-26,-0.0606334233858048
2015-08-27,-0.04945674672863454
2015-08-28,-0.046190301146629364
2015-08-31,-0.04798656970067028
2015-09-01,-0.05733955438203431
2015-09-02,-0.051809541225061984
2015-09-03,-0.04983208816454554
2015-09-04,-0.05299335693141727
2015-09-08,-0.04756664394555332
2015-09-09,-0.051239256853922166
2015-09-10,-0.04936427185346237
2015-09-11,-0.04731199818859899
2015-09-14,-0.04952927192206369
2015-09-15,-0.0502431329720221
2015-09-16,-0.04802248431966938
2015-09-17,-0.04570209919258461
2015-09-18,-0.04884199925898769
2015-09-21,-0.05023402649693076
2015-09-22,-0.05307831622626069
2015-09-23,-0.05457434159560981
2015-09-24,-0.05491845841320686
2015-09-25,-0.057895751928478734
2015-09-28,-0.06611983191507043
2015-09-29,-0.06515981366721701
2015-09-30,-0.05880480407376809
2015-10-01,-0.05947264116071005
2015-10-02,-0.053178433104414946
2015-10-05,-0.047522822778814366
2015-10-06,-0.04445128011611488
2015-10-07,-0.04057643297895441
2015-10-08,-0.0390924751172147
2015-10-09,-0.037721143718540295
2015-10-12,-0.03772232986157553
2015-10-13,-0.04026543308255481
2015-10-14,-0.039148147873467654
2015-10-15,-0.03581571993248489
2015-10-16,-0.03354399005649977
2015-10-19,-0.03455935995214543
2015-10-20,-0.03602634686176753
2015-10-21,-0.036504171229196025
2015-10-22,-0.0310357866967349
2015-10-23,-0.028572108230925042
2015-10-26,-0.028201721621119002
2015-10-27,-0.02912449699547426
2015-10-28,-0.025457203101792558
2015-10-29,-0.03027116627465387
2015-10-30,-0.02866596253747533
2015-11-02,-0.026763896174598623
2015-11-03,-0.025305500277540194
2015-11-04,-0.028259691575155843
2015-11-05,-0.030728802448234727
2015-11-06,-0.03566686527566143
2015-11-09,-0.041007165131375256
2015-11-10,-0.040722643691359695
2015-11-11,-0.04341022213775958
2015-11-12,-0.0487901869500631
2015-11-13,-0.05224084495150649
2015-11-16,-0.047120240788152135
2015-11-17,-0.048143572406830426
2015-11-18,-0.04284823658090997
2015-11-19,-0.04378271138790535
2015-11-20,-0.043351314586918654
2015-11-23,-0.04272229528854821
2015-11-24,-0.040671330414318696
2015-11-25,-0.04002440289078801
2015-11-27,-0.04087639462302772
2015-11-30,-0.041929377949838975
2015-12-01,-0.03365965150459127
2015-12-02,-0.038842891047603856
2015-12-03,-0.047952650758752546
2015-12-04,-0.041385915046195265
2015-12-07,-0.045548686802013294
2015-12-08,-0.05017800175506948
2015-12-09,-0.051584491298463875
2015-12-10,-0.05219692235963069
2015-12-11,-0.06004273890073886
2015-12-14,-0.06415271122317034
2015-12-15,-0.05933569317101628
2015-12-16,-0.054823430014074415
2015-12-17,-0.06022550490884404
2015-12-18,-0.06415954814337577
2015-12-21,-0.06302630832922174
2015-12-22,-0.059971246636762676
2015-12-23,-0.055165811954103416
2015-12-24,-0.0537137890397138
2015-12-28,-0.056621270465759155
2015-12-29,-0.05387703024262047
2015-12-30,-0.05671270638503467
2015-12-31,-0.05791574048073822
2016-01-04,-0.06278689797026249
2016-01-05,-0.06372265178079983
2016-01-06,-0.06555559847895398
2016-01-07,-0.07358210997672632
2016-01-08,-0.07630658224617959
2016-01-11,-0.08069972851941254
2016-01-12,-0.07640857486097308
2016-01-13,-0.08443474612282831
2016-01-14,-0.08074701296523512
2016-01-15,-0.08927219331651204
2016-01-19,-0.09129601460133596
2016-01-20,-0.0939936848637376
2016-01-21,-0.09159269305965001
2016-01-22,-0.08048628520367174
2016-01-25,-0.08760646139172712
2016-01-26,-0.08040949095118644
2016-01-27,-0.0836609152968234
2016-01-28,-0.07929179894716432
2016-01-29,-0.07000034322713788
2016-02-01,-0.0736006692660629
2016-02-02,-0.07845051727535801
2016-02-03,-0.07587238027833043
2016-02-04,-0.07559535447822452
2016-02-05,-0.08362198089794282
2016-02-08,-0.08621677398821492
2016-02-09,-0.08974387447362697
2016-02-10,-0.08830119763723976
2016-02-11,-0.08925591433159508
2016-02-12,-0.08317439515330194
2016-02-16,-0.08162833680784587
2016-02-17,-0.07428216357164152
2016-02-18,-0.0732952653210005
2016-02-19,-0.07356025226248042
2016-02-22,-0.066530459765347
2016-02-23,-0.07073794572428505
2016-02-24,-0.06783513668942232
2016-02-25,-0.06270907117453417
2016-02-26,-0.0634917935849203
2016-02-29,-0.06109731768679183
2016-03-01,-0.05425808285319067
2016-03-02,-0.053793866009774094
2016-03-03,-0.05080503594136654
2016-03-04,-0.04895547440344594
2016-03-07,-0.047406576076376106
2016-03-08,-0.05051127065468164
2016-03-09,-0.04842149219772429
2016-03-10,-0.04693964957438457
2016-03-11,-0.04110924545942907
2016-03-14,-0.041999106968862
2016-03-15,-0.04514373220853263
2016-03-16,-0.038960745801804086
2016-03-17,-0.03450236192879408
2016-03-18,-0.032646414104034904
2016-03-21,-0.033485900363642185
2016-03-22,-0.03361828198019634
2016-03-23,-0.03627645726774298
2016-03-24,-0.0380014616371912
2016-03-28,-0.03855991102803613
2016-03-29,-0.03252355171121224
2016-03-30,-0.03268666479054161
2016-03-31,-0.0314302800293943
2016-04-01,-0.030134592736386412
2016-04-04,-0.032684804211517204
2016-04-05,-0.0340621685636906
2016-04-06,-0.029189093442876235
2016-04-07,-0.031447538380239726
2016-04-08,-0.029104377308878382
2016-04-11,-0.028832865916834205
2016-04-12,-0.024733613569922652
2016-04-13,-0.0192215498581646
2016-04-14,-0.021000359774337563
2016-04-15,-0.02018598539312133
2016-04-18,-0.01731525883004348
2016-04-19,-0.01448453323793708
2016-04-20,-0.014243072902783926
2016-04-21,-0.017239948244239134
2016-04-22,-0.01875132674602953
2016-04-25,-0.02093083721415656
2016-04-26,-0.0198372746735741
2016-04-27,-0.01558452624518658
2016-04-28,-0.01699402691768548
2016-04-29,-0.01626783593722403
2016-05-02,-0.016848915886490068
2016-05-03,-0.01990503580652525
2016-05-04,-0.02181154453702594
2016-05-05,-0.021679077936371915
2016-05-06,-0.020879721936004736
2016-05-09,-0.022797589331814083
2016-05-10,-0.015117373142959911
2016-05-11,-0.014673529027210641
2016-05-12,-0.015632768166960243
2016-05-13,-0.016954481468278715
2016-05-16,-0.013515986311847916
2016-05-17,-0.015857655022365358
2016-05-18,-0.0196463815607415
2016-05-19,-0.020764592919069846
2016-05-20,-0.01733884289732235
2016-05-23,-0.0178138418962277
2016-05-24,-0.013682111651481144
2016-05-25,-0.010956215804678981
2016-05-26,-0.01041809651016945
2016-05-27,-0.009036586582558459
2016-05-31,-0.009294504224086841
2016-06-01,-0.007223322154835676
2016-06-02,-0.005048544327278859
2016-06-03,-0.0009086832154113766
2016-06-06,0.0
2016-06-07,0.0
2016-06-08,0.0
2016-06-09,-0.00018507368784737022
2016-06-10,-0.004027839983483661
2016-06-13,-0.006962963887587659
2016-06-14,-0.00889586246424312
2016-06-15,-0.008349114784773626
2016-06-16,-0.00840762709924936
2016-06-17,-0.008751591302424089
2016-06-20,-0.006846704419323113
2016-06-21,-0.007353955489318387
2016-06-22,-0.007621197683128189
2016-06-23,-0.003632607042603486
2016-06-24,-0.012779728063322726
2016-06-27,-0.017179818902348876
2016-06-28,-0.0073760766813393275
2016-06-29,0.0
2016-06-30,0.0
2016-07-01,0.0
2016-07-05,-0.0031758924343366912
2016-07-06,0.0
2016-07-07,-0.00222013656775244
2016-07-08,0.0
2016-07-11,-0.001056386114353769
2016-07-12,-0.00048170575555339656
2016-07-13,-4.727419560635049e-05
2016-07-14,-0.00037269443646903433
2016-07-15,-0.00331366170583014
2016-07-18,-0.0018882576312672095
2016-07-19,-0.0024631445289414744
2016-07-20,-0.001997683045161236
2016-07-21,-0.002811423218435194
2016-07-22,-0.0007626368374906711
2016-07-25,-0.0037975406067974893
2016-07-26,-0.004590883796689149
2016-07-27,-0.0015166315172777667
2016-07-28,-0.0027044455863005634
2016-07-29,0.0
2016-08-01,-0.004496270035036609
2016-08-02,-0.008657238793972954
2016-08-03,-0.00538842622716329
2016-08-04,-0.0015252273741819256
2016-08-05,-0.0010899082525478443
2016-08-08,0.0
2016-08-09,0.0
2016-08-10,-0.0010517244748944332
2016-08-11,0.0
2016-08-12,0.0
2016-08-15,0.0
2016-08-16,-0.001652618595979316
2016-08-17,0.0
2016-08-18,0.0
2016-08-19,-0.0027876410477181146
2016-08-22,-0.0023235190747397105
2016-08-23,-0.0004412702872211849
2016-08-24,-0.004605967635978425
2016-08-25,-0.0049085960356758385
2016-08-26,-0.007013898385412665
2016-08-29,-0.002566429539121784
2016-08-30,-0.0050243795523908785
2016-08-31,-0.008121281573292172
2016-09-01,-0.007972247704066238
2016-09-02,-0.005669343237485247
2016-09-06,-0.0011502864773851318
2016-09-07,-0.0012164978088741174
2016-09-08,-0.003895110227807197
2016-09-09,-0.017788673562855406
2016-09-12,-0.012429350450782861
2016-09-13,-0.02095056581957533
2016-09-14,-0.02063227868949946
2016-09-15,-0.016346508992512443
2016-09-16,-0.015926142199164106
2016-09-19,-0.016751119359305733
2016-09-20,-0.01580010010535904
2016-09-21,-0.007616726312954847
2016-09-22,-0.002843894910530498
2016-09-23,-0.005910788487147212
2016-09-26,-0.007485921972709808
2016-09-27,-0.0046631565434908095
2016-09-28,-0.0006807818898535434
2016-09-29,-0.003064470887861326
2016-09-30,-0.0014542145103301207
2016-10-03,-0.0023209970440266625
2016-10-04,-0.008483917384034312
2016-10-05,-0.007182136452566712
2016-10-06,-0.00818766574355867
2016-10-07,-0.008494754473906907
2016-10-10,-0.006001439207548254
2016-10-11,-0.012353156269469201
2016-10-12,-0.012520433135050468
2016-10-13,-0.012431624407366781
2016-10-14,-0.014477478697961343
2016-10-17,-0.014103293828415797
2016-10-18,-0.01000563252219644
2016-10-19,-0.007777650670618752
2016-10-20,-0.009203786496755906
2016-10-21,-0.008024414106931221
2016-10-24,-0.006929330719490645
2016-10-25,-0.007623834737645718
2016-10-26,-0.011697022184775752
2016-10-27,-0.014555259013991906
2016-10-28,-0.017276701295384167
2016-10-31,-0.01789622881952424
2016-11-01,-0.020073991410525904
2016-11-02,-0.022568691848066202
2016-11-03,-0.02542045076077848
2016-11-04,-0.02478070527198284
2016-11-07,-0.01768868645652255
2016-11-08,-0.01795026934936428
2016-11-09,-0.02378253280973286
2016-11-10,-0.03052439862999501
2016-11-11,-0.03670889372269637
2016-11-14,-0.03798895157320559
2016-11-15,-0.029613943107067664
2016-11-16,-0.03020262398272222
2016-11-17,-0.031839890926321224
2016-11-18,-0.03334456362419569
2016-11-21,-0.026529708456415002
2016-11-22,-0.024485349756673935
2016-11-23,-0.02703278180896307
2016-11-25,-0.026508334925498644
2016-11-28,-0.025312463146570208
2016-11-29,-0.026131494093819208
2016-11-30,-0.028169002175345126
2016-12-01,-0.03155154368445445
2016-12-02,-0.02772707833818766
2016-12-05,-0.025215254751921323
2016-12-06,-0.023954318395117302
2016-12-07,-0.018130565355649164
2016-12-08,-0.019480181698642296
2016-12-09,-0.019759563851714623
2016-12-12,-0.019708550651358236
2016-12-13,-0.016226378599862645
2016-12-14,-0.023662543715571527
2016-12-15,-0.02271504570085703
2016-12-16,-0.022794326881411142
2016-12-19,-0.019781190028189455
2016-12-20,-0.01914785796533236
2016-12-21,-0.018971420559479757
2016-12-22,-0.01956216880010553
2016-12-23,-0.018080694334007275
2016-12-27,-0.016445645114953278
2016-12-28,-0.017448731047505217
2016-12-29,-0.015529848578303085
2016-12-30,-0.016693157753357335
2017-01-03,-0.013595283812497305
2017-01-04,-0.009151982398795
2017-01-05,-0.005380212555008312
2017-01-06,-0.006330607713867065
2017-01-09,-0.006353760613078907
2017-01-10,-0.006503233635042238
2017-01-11,-0.0038642476881047827
2017-01-12,-0.0033185611561975525
2017-01-13,-0.003378401343551274
2017-01-17,-0.001985431962559181
2017-01-18,-0.004774127969160991
2017-01-19,-0.007874640204022176
2017-01-20,-0.0054311142778754595
2017-01-23,-0.003749967417442046
2017-01-24,-0.0029996607282894994
2017-01-25,-0.0026185829926641535
2017-01-26,-0.0024645756040911904
2017-01-27,-0.002424231037092661
2017-01-30,-0.005551116321206306
2017-01-31,-0.003586953517332181
2017-02-01,-0.002487552705692342
2017-02-02,-0.00193417624899761
2017-02-03,0.0
2017-02-06,0.0
2017-02-07,0.0
2017-02-08,0.0
2017-02-09,-9.858723725830743e-05
2017-02-10,0.0
2017-02-13,0.0
2017-02-14,0.0
2017-02-15,0.0
2017-02-16,0.0
2017-02-17,0.0
2017-02-21,0.0
2017-02-22,-8.322734910726215e-05
2017-02-23,0.0
2017-02-24,0.0
2017-02-27,-0.0008746201093084993
2017-02-28,-0.0010918732879763304
2017-03-01,0.0
2017-03-02,-0.005104127260251001
2017-03-03,-0.003886205356101513
2017-03-06,-0.00650884317696887
2017-03-07,-0.010296160247083463
2017-03-08,-0.015286987379136585
2017-03-09,-0.017976584454310718
2017-03-10,-0.016899794600227724
2017-03-13,-0.017805052962961754
2017-03-14,-0.019342779240844266
2017-03-15,-0.00988780693768887
2017-03-16,-0.01182223504260993
2017-03-17,-0.010694891639416615
2017-03-20,-0.010295380974421287
2017-03-21,-0.014306476306547689
2017-03-22,-0.012014953597241362
2017-03-23,-0.012819252671338432
2017-03-24,-0.011241488568103919
2017-03-27,-0.010608074518104194
2017-03-28,-0.00824853548926252
2017-03-29,-0.005273022069711031
2017-03-30,-0.004768431150472874
2017-03-31,-0.004660111366362907
2017-04-03,-0.0034135422864409737
2017-04-04,-0.0031864060529529503
2017-04-05,-0.0035440372766145645
2017-04-06,-0.0025934117266702694
2017-04-07,-0.003638669429125496
2017-04-10,-0.0016411593128520252
2017-04-11,-6.887031641644725e-06
2017-04-12,0.0
2017-04-13,-0.0010361133541569867
2017-04-17,0.0
2017-04-18,0.0
2017-04-19,-0.003467816357700104
2017-04-20,-0.00137612767190054
2017-04-21,-0.0029804211298176675
2017-04-24,-0.0002238554392914871
2017-04-25,-0.0002043955709616352
2017-04-26,0.0
2017-04-27,0.0
2017-04-28,-0.00015335939098892748
2017-05-01,-0.0005183606611839364
2017-05-02,-0.0001701072082870292
2017-05-03,-0.0015544838108797476
2017-05-04,-0.005725113028818396
2017-05-05,-0.0027887404171557106
2017-05-08,-0.0038270108917662915
2017-05-09,-0.0046979166499331315
2017-05-10,-0.001994377221282373
2017-05-11,-0.0018721732008393221
2017-05-12,-0.00035885662248547057
2017-05-15,0.0
2017-05-16,0.0
2017-05-17,-0.0026002794325393763
2017-05-18,-0.0013859510252232088
2017-05-19,0.0
2017-05-22,0.0
2017-05-23,-0.0012324218906291096
2017-05-24,0.0
2017-05-25,-0.0003067816870122586
2017-05-26,0.0
2017-05-30,0.0
2017-05-31,-0.00041954028538604415
2017-06-01,0.0
2017-06-02,0.0
2017-06-05,-0.0019764937044505215
2017-06-06,-0.0011740521912489976
2017-06-07,-0.0031335529191525158
2017-06-08,-0.0036036886220937037
2017-06-09,-0.005665447452092298
2017-06-12,-0.006568263952935971
2017-06-13,-0.004030201734373073
2017-06-14,-0.003558531333928028
2017-06-15,-0.0054229746453553496
2017-06-16,-0.005268781303548686
2017-06-19,-0.002953150377388414
2017-06-20,-0.005272242965833507
2017-06-21,-0.006419458516810694
2017-06-22,-0.005306524521891398
2017-06-23,-0.0032967769158377402
2017-06-26,-0.0026882623057412625
2017-06-27,-0.0071898248136351706
2017-06-28,-0.0030810364532851686
2017-06-29,-0.008052814790280971
2017-06-30,-0.005929422484154956
2017-07-03,-0.0068346803851782045
2017-07-05,-0.006771748960320845
2017-07-06,-0.011141454425748765
2017-07-07,-0.011253221754707998
2017-07-10,-0.009476309284739748
2017-07-11,-0.008379547171355362
2017-07-12,-0.003400039460493498
2017-07-13,-0.003850276932043206
2017-07-14,0.0
2017-07-17,0.0
2017-07-18,0.0
2017-07-19,0.0
2017-07-20,0.0
2017-07-21,-0.00045398985716815776
2017-07-24,-0.0004700156433027347
2017-07-25,-0.0016115125139668507
2017-07-26,0.0
2017-07-27,-0.001234682360160777
2017-07-28,0.0
2017-07-31,0.0
2017-08-01,0.0
2017-08-02,0.0
2017-08-03,-5.884606057826591e-05
2017-08-04,-0.0010985706648678484
2017-08-07,-4.9935813766666115e-05
2017-08-08,-0.002560618962213712
2017-08-09,-0.0019219381297488347
2017-08-10,-0.00766648424284877
2017-08-11,-0.0056948967860910304
2017-08-14,-0.003390805612791481
2017-08-15,-0.004682901984859433
2017-08-16,-0.003401854342186428
2017-08-17,-0.007692763812361725
2017-08-18,-0.006286187591545311
2017-08-21,-0.006433706966294417
2017-08-22,-0.00286735815292094
2017-08-23,-0.001478821364821692
2017-08-24,-0.0027446250267156858
2017-08-25,-0.0012120000515363216
2017-08-28,-0.0007364744585923733
2017-08-29,0.0
2017-08-30,0.0
2017-08-31,0.0
2017-09-01,-0.0009025028828024695
2017-09-05,-9.294057792852417e-05
2017-09-06,0.0
2017-09-07,0.0
2017-09-08,-0.003128962242350486
2017-09-11,-0.0016564684105030425
2017-09-12,-0.001160777200797103
2017-09-13,-0.0013373533749255762
2017-09-14,-0.0004469181424211488
2017-09-15,0.0
2017-09-18,-0.0010508789138911068
2017-09-19,-0.0009181071860654422
2017-09-20,-0.000617824902760411
2017-09-21,-0.0024333528047533193
2017-09-22,-0.0011852753085459522
2017-09-25,0.0
2017-09-26,-0.0006654574331134144
2017-09-27,-0.0022807928345237594
2017-09-28,-0.002258570384280123
2017-09-29,-0.00095881207220605
2017-10-02,-0.0010261124733450533
2017-10-03,0.0
2017-10-04,0.0
2017-10-05,0.0
2017-10-06,-0.002377377649939172
2017-10-09,-0.002058244269576126
2017-10-10,0.0
2017-10-11,0.0
2017-10-12,-0.00018349676596796094
2017-10-13,0.0
2017-10-16,0.0
2017-10-17,0.0
2017-10-18,-0.0008615784766601298
2017-10-19,-0.0007923923906943964
2017-10-20,-0.0008619135594256644
2017-10-23,-0.001932870947959131
2017-10-24,-0.0018458378822370225
2017-10-25,-0.004707168977211351
2017-10-26,-0.005134071926914507
2017-10-27,0.0
2017-10-30,0.0
2017-10-31,0.0
2017-11-01,0.0
2017-11-02,0.0
2017-11-03,0.0
2017-11-06,0.0
2017-11-07,-0.0009424112703146914
2017-11-08,-0.0022076135913580153
2017-11-09,-0.005035352293144113
2017-11-10,-0.007644486094397385
2017-11-13,-0.007542132726373274
2017-11-14,-0.009417161686490427
2017-11-15,-0.008778884902234108
2017-11-16,-0.005550633532657057
2017-11-17,-0.00393346043914844
2017-11-20,-0.004396386358692994
2017-11-21,-0.0006030552298710301
2017-11-22,0.0
2017-11-24,0.0
2017-11-27,-0.0013200838486030486
2017-11-28,0.0
2017-11-29,-0.0037055959605536426
2017-11-30,-0.002526636859942921
2017-12-01,-6.949743199569092e-05
2017-12-04,-0.0017964948310178475
2017-12-05,-0.0018034876445495174
2017-12-06,-0.002504050671849223
2017-12-07,-0.002639488620884589
2017-12-08,-0.0006730594333771434
2017-12-11,0.0
2017-12-12,-0.0007091583705777227
2017-12-13,0.0
2017-12-14,-0.0004399363652810573
2017-12-15,0.0
2017-12-18,0.0
2017-12-19,-0.003550734989425375
2017-12-20,-0.004948765126728705
2017-12-21,-0.003018042948002564
2017-12-22,-0.00225123583194331
2017-12-26,-0.0004582802241943629
2017-12-27,0.0
2017-12-28,0.0
2017-12-29,-2.0917590792368657e-05
2018-01-02,0.0
2018-01-03,0.0
2018-01-04,0.0
2018-01-05,0.0
2018-01-08,0.0
2018-01-09,-0.002121536951832037
2018-01-10,-0.002823044556120591
2018-01-11,0.0
2018-01-12,0.0
2018-01-16,-0.0007748270363453491
2018-01-17,0.0
2018-01-18,-0.0025663296160468585
2018-01-19,-0.0024364109629538833
2018-01-22,0.0
2018-01-23,0.0
2018-01-24,-0.0006306015221504424
2018-01-25,0.0
2018-01-26,0.0
2018-01-29,-0.004305739964421629
2018-01-30,-0.00979622750793907
2018-01-31,-0.007950666114292182
2018-02-01,-0.010874027432107969
2018-02-02,-0.021768007504496034
2018-02-05,-0.03332118311087684
2018-02-06,-0.02821354605935722
2018-02-07,-0.03374159302519253
2018-02-08,-0.04752101427070554
2018-02-09,-0.04658501014877647
2018-02-12,-0.0399330934459019
2018-02-13,-0.03902514092854659
2018-02-14,-0.03562081989518817
2018-02-15,-0.029016281959137302
2018-02-16,-0.02690750217486315
2018-02-20,-0.029816494133283578
2018-02-21,-0.03456646314462364
2018-02-22,-0.03266215064825939
2018-02-23,-0.024180890398432076
2018-02-26,-0.01981613096598156
2018-02-27,-0.025624419211781713
2018-02-28,-0.028354024430738645
2018-03-01,-0.03250787697461699
2018-03-02,-0.03137233199082712
2018-03-05,-0.028121402923712235
2018-03-06,-0.026491224173556094
2018-03-07,-0.028229265137071247
2018-03-08,-0.02608781723668696
2018-03-09,-0.020932785259142772
2018-03-12,-0.02036940928093134
2018-03-13,-0.02267532449111853
2018-03-14,-0.022518616201953945
2018-03-15,-0.022603727107341265
2018-03-16,-0.022185776557212433
2018-03-19,-0.028691061327329015
2018-03-20,-0.028121908524810335
2018-03-21,-0.02673342215295549
2018-03-22,-0.03379875251192943
2018-03-23,-0.03990252768500557
2018-03-26,-0.030894469900882404
2018-03-27,-0.034748588859654705
2018-03-28,-0.03582111657051534
2018-03-29,-0.029219034695702528
2018-04-02,-0.03744273558122968
2018-04-03,-0.03441998347238506
2018-04-04,-0.031557909224567804
2018-04-05,-0.029925778344511378
2018-04-06,-0.035282148433638416
2018-04-09,-0.03150397004832117
2018-04-10,-0.024664965701132635
2018-04-11,-0.024690750390528926
2018-04-12,-0.023401775828514437
2018-04-13,-0.023776125752071553
2018-04-16,-0.021523325056587272
2018-04-17,-0.01741184518534622
2018-04-18,-0.017402161316695253
2018-04-19,-0.02189672369746587
2018-04-20,-0.02694651251193647
2018-04-23,-0.027768868837272698
2018-04-24,-0.0338159144936625
2018-04-25,-0.034382649802636944
2018-04-26,-0.02836371879816524
2018-04-27,-0.026831362565646555
2018-04-30,-0.028468689785556056
2018-05-01,-0.02884638303145648
2018-05-02,-0.03093009179787143
2018-05-03,-0.029999882209842288
2018-05-04,-0.024971334375820997
2018-05-07,-0.024032561286817744
2018-05-08,-0.024316217107690163
2018-05-09,-0.021341970881880834
2018-05-10,-0.015762894299925057
2018-05-11,-0.015239887866693835
2018-05-14,-0.015298864055349193
2018-05-15,-0.021097567848533227
2018-05-16,-0.01974755129441308
2018-05-17,-0.020855063567638443
2018-05-18,-0.0199525009223237
2018-05-21,-0.01671885609032131
2018-05-22,-0.017516086436194955
2018-05-23,-0.013966866126720157
2018-05-24,-0.013360520318800861
2018-05-25,-0.014265088103424861
2018-05-29,-0.014515632398037659
2018-05-30,-0.01081566904309561
2018-05-31,-0.013109323042164056
2018-06-01,-0.011437433310733991
2018-06-04,-0.012159126188891034
2018-06-05,-0.010838999454717113
2018-06-06,-0.009519338746513673
2018-06-07,-0.007474070559851942
2018-06-08,-0.0076853631122143495
2018-06-11,-0.007337642849979065
2018-06-12,-0.0066598289445997105
2018-06-13,-0.0071540643742160626
2018-06-14,-0.004708682640875428
2018-06-15,-0.007805134509353162
2018-06-18,-0.007624930934590379
2018-06-19,-0.00898152978036404
2018-06-20,-0.010157827048709267
2018-06-21,-0.01243719145198896
2018-06-22,-0.009916544426584739
2018-06-25,-0.01559433625326112
2018-06-26,-0.013301042252652162
2018-06-27,-0.01386563051708467
2018-06-28,-0.012912301265872506
2018-06-29,-0.012278286670437288
2018-07-02,-0.013484137565289989
2018-07-03,-0.013741743557804442
2018-07-05,-0.009074963594193575
2018-07-06,-0.004585274771303327
2018-07-09,-0.0022330899507727597
2018-07-10,-0.0017718389644526544
2018-07-11,-0.006746793438836662
2018-07-12,-0.002304023557945123
2018-07-13,-0.0013687629944770796
2018-07-16,-0.004918372058393294
2018-07-17,-0.003853402817695195
2018-07-18,-0.003123583623649062
2018-07-19,-0.003237597629414779
2018-07-20,-0.0048942432241139144
2018-07-23,-0.006466809567062914
2018-07-24,-0.0032375151344822273
2018-07-25,0.0
2018-07-26,-0.0016088028526325404
2018-07-27,-0.003950131350843988
2018-07-30,-0.00593971040802499
2018-07-31,-0.0033731443078151013
2018-08-01,-0.006356277965066992
2018-08-02,-0.003174007374206811
2018-08-03,-0.00038647168466920956
2018-08-06,0.0
2018-08-07,0.0
2018-08-08,-0.001352155662525667
2018-08-09,-0.0007949181815209982
2018-08-10,-0.0016463638536191594
2018-08-13,-0.0035743490814105217
2018-08-14,-0.0014596804424679144
2018-08-15,-0.0052506312863210836
2018-08-16,-0.0021569229614848417
2018-08-17,-0.0003809263677024832
2018-08-20,0.0
2018-08-21,0.0
2018-08-22,0.0
2018-08-23,-0.00032957579902881395
2018-08-24,0.0
2018-08-27,0.0
2018-08-28,-0.0017035368166945508
2018-08-29,0.0
2018-08-30,-0.0007905275356010488
2018-08-31,-0.0007604276491324224
2018-09-04,-0.0036078784010553644
2018-09-05,-0.006143382126566399
2018-09-06,-0.006850671217387472
2018-09-07,-0.009417908152247079
2018-09-10,-0.007114643829807754
2018-09-11,-0.006349073250459636
2018-09-12,-0.004660561178958189
2018-09-13,-0.0029771735483352657
2018-09-14,-0.0044965811762595065
2018-09-17,-0.006919942049573247
2018-09-18,-0.006383814189366621
2018-09-19,-0.007073556998520525
2018-09-20,-0.003376564442304053
2018-09-21,-0.0036970428396372323
2018-09-24,-0.0033961646003513035
2018-09-25,-0.003613779841236453
2018-09-26,-0.002900246307568355
2018-09-27,-0.0006189214122316322
2018-09-28,0.0
2018-10-01,0.0
2018-10-02,0.0
2018-10-03,-0.0028880020505528403
2018-10-04,-0.009232639076681148
2018-10-05,-0.01409882067123791
2018-10-08,-0.015860096036907634
2018-10-09,-0.013044405083544763
2018-10-10,-0.026486664451989772
2018-10-11,-0.03071721693497309
2018-10-12,-0.024787079436868753
2018-10-15,-0.026773464026334515
2018-10-16,-0.018857361576767206
2018-10-17,-0.021628305708963902
2018-10-18,-0.027981541020588807
2018-10-19,-0.027971843636785954
2018-10-22,-0.028690147500165075
2018-10-23,-0.03165595255726339
2018-10-24,-0.0407241985740493
2018-10-25,-0.035095286483835864
2018-10-26,-0.039152123649885295
2018-10-29,-0.043111275482650147
2018-10-30,-0.04023875649804998
2018-10-31,-0.039258345434447284
2018-11-01,-0.03559626614958089
2018-11-02,-0.04063042592030908
2018-11-05,-0.03869177051347539
2018-11-06,-0.03684386459481648
2018-11-07,-0.02924515438261388
2018-11-08,-0.03148771438054543
2018-11-09,-0.035473409394211064
2018-11-12,-0.04149772663998397
2018-11-13,-0.04528742234774663
2018-11-14,-0.04661174395330181
2018-11-15,-0.04387045400530798
2018-11-16,-0.04224557404548879
2018-11-19,-0.04777567863410381
2018-11-20,-0.056680916315401064
2018-11-21,-0.0535401916781314
2018-11-23,-0.059307080024878056
2018-11-26,-0.05359777094775331
2018-11-27,-0.05312743886832394
2018-11-28,-0.04568992632592328
2018-11-29,-0.045171671269202074
2018-11-30,-0.04379616263938779
2018-12-03,-0.03483817388991883
2018-12-04,-0.04238565306809183
2018-12-06,-0.04294270092370722
2018-12-07,-0.048413188600649026
2018-12-10,-0.04804615015235636
2018-12-11,-0.04688602240314521
2018-12-12,-0.045683282289385785
2018-12-13,-0.043886452130621034
2018-12-14,-0.05109303300536161
2018-12-17,-0.05783685370904168
2018-12-18,-0.05890664348683128
2018-12-19,-0.06272738265005884
2018-12-20,-0.07045677993341237
2018-12-21,-0.07824312899207753
2018-12-24,-0.08689426855512983
2018-12-26,-0.06970425384235834
2018-12-27,-0.06877966276974146
2018-12-28,-0.06767352050568831
2018-12-31,-0.06402532352864387
2019-01-02,-0.06241053228815685
2019-01-03,-0.06615458264576746
2019-01-04,-0.05445111366354216
2019-01-07,-0.05008261583152107
2019-01-08,-0.045590160102317534
2019-01-09,-0.041628916140001415
2019-01-10,-0.04146100415390708
2019-01-11,-0.041622231678530186
2019-01-14,-0.04577850597033817
2019-01-15,-0.04124832878571627
2019-01-16,-0.0395817870813121
2019-01-17,-0.03671333420792111
2019-01-18,-0.03242374259681613
2019-01-22,-0.03713289847462431
2019-01-23,-0.036177801030830126
2019-01-24,-0.03378204794800099
2019-01-25,-0.031018167574756506
2019-01-28,-0.03522662675750987
2019-01-29,-0.03402209868160533
2019-01-30,-0.026289842698853372
2019-01-31,-0.021335585699329696
2019-02-01,-0.022103018391534057
2019-02-04,-0.02010877184401716
2019-02-05,-0.017188374356540748
2019-02-06,-0.01781720002648246
2019-02-07,-0.021331257130686843
2019-02-08,-0.01987464181097176
2019-02-11,-0.021230440431139197
2019-02-12,-0.01619899397067015
2019-02-13,-0.016149602494913262
2019-02-14,-0.015035278343680347
2019-02-15,-0.009594078707855891
2019-02-19,-0.00819803925130036
2019-02-20,-0.00782078176565626
2019-02-21,-0.010444130760545622
2019-02-22,-0.006395021772884979
2019-02-25,-0.007760723267721925
2019-02-26,-0.006091384656299659
2019-02-27,-0.00772769137377427
2019-02-28,-0.009448943973429769
2019-03-01,-0.010056009420843282
2019-03-04,-0.009286753510464152
2019-03-05,-0.008718079349072538
2019-03-06,-0.010539682341345724
2019-03-07,-0.012003771575759048
2019-03-08,-0.012067288788071284
2019-03-11,-0.0071939315373423796
2019-03-12,-0.003516056913556165
2019-03-13,-0.0008533308240882276
2019-03-14,-0.00304373668328195
2019-03-15,0.0
2019-03-18,0.0
2019-03-19,0.0
2019-03-20,0.0
2019-03-21,0.0
2019-03-22,-0.0038697518488256533
2019-03-25,-0.00314125779918506
2019-03-26,-0.0005798567076021888
2019-03-27,-0.0009136088222481131
2019-03-28,0.0
2019-03-29,0.0
2019-04-01,0.0
2019-04-02,0.0
2019-04-03,-0.0008391327423147299
2019-04-04,0.0
2019-04-05,0.0
2019-04-08,-0.00015725080082296117
2019-04-09,-0.0011275830649633
2019-04-10,0.0
2019-04-11,-0.0015946434231947082
2019-04-12,-0.0004418771417532552
2019-04-15,-0.0006861645045506126
2019-04-16,-0.002243720958604478
2019-04-17,-0.0034324657248866464
2019-04-18,-0.0014894728246650502
2019-04-22,-0.0018468251920461531
2019-04-23,0.0
2019-04-24,0.0
2019-04-25,-0.00038252615736589224
2019-04-26,0.0
2019-04-29,-0.0010688875872053583
2019-04-30,-8.04380849073194e-06
2019-05-01,-0.002495025114653826
2019-05-02,-0.005609181605328639
2019-05-03,-0.0008955825022608499
2019-05-06,-0.001068616112066767
2019-05-07,-0.007285796106874298
2019-05-08,-0.008656870387112825
2019-05-09,-0.009621567950383048
2019-05-10,-0.007743999874010421
2019-05-13,-0.0161779569071685
2019-05-14,-0.011901777270506009
2019-05-15,-0.007326611550546036
2019-05-16,-0.004258478631576912
2019-05-17,-0.007024860355213547
2019-05-20,-0.009796121366052124
2019-05-21,-0.006701304579770584
2019-05-22,-0.007977013825377743
2019-05-23,-0.012568809251454094
2019-05-24,-0.01045860447475011
2019-05-28,-0.01086650463994554
2019-05-29,-0.013260313085114106
2019-05-30,-0.010989055669834324
2019-05-31,-0.016642171914897586
2019-06-03,-0.016516372588642247
2019-06-04,-0.009440837862636386
2019-06-05,-0.009647139422146123
2019-06-06,-0.004814693563782058
2019-06-07,0.0
2019-06-10,-0.000489584562470835
2019-06-11,0.0
2019-06-12,-0.0020997117746002214
2019-06-13,0.0
2019-06-14,0.0
2019-06-17,-0.00016597796626949268
2019-06-18,0.0
2019-06-19,0.0
2019-06-20,0.0
2019-06-21,-0.0029065587363760192
2019-06-24,-0.0011914730884542424
2019-06-25,-0.004635954872417636
2019-06-26,-0.005649186075784685
2019-06-27,-0.0021526748190691114
2019-06-28,-0.0016516202369939448
2019-07-01,0.0
2019-07-02,0.0
2019-07-03,0.0
2019-07-05,-0.004380319796938648
2019-07-08,-0.006594101167350597
2019-07-09,-0.006364592569837013
2019-07-10,-0.002188783689513696
2019-07-11,-0.004783645430171624
2019-07-12,-0.0025655488854685604
2019-07-15,-0.002237628066506625
2019-07-16,-0.005547708889837244
2019-07-17,-0.0060873769478604345
2019-07-18,-0.005236227143796568
2019-07-19,-0.007304519155529654
2019-07-22,-0.005406044184978032
2019-07-23,-0.0031261085636939967
2019-07-24,-0.0009362661014818974
2019-07-25,-0.0044037432838325286
2019-07-26,-0.0012899616845450934
2019-07-29,-0.0017569391828149428
2019-07-30,-0.001547530905748884
2019-07-31,-0.004540084033997527
2019-08-01,-0.005263939788712424
2019-08-02,-0.0064159199023168245
2019-08-05,-0.014949445145594376
2019-08-06,-0.008426242871920286
2019-08-07,-0.009317016121221489
2019-08-08,-0.001843034799264176
2019-08-09,-0.004055842349688921
2019-08-12,-0.004895507900881224
2019-08-13,0.0
2019-08-14,-0.007830322220653163
2019-08-15,-0.004953999960461752
2019-08-16,-0.001044261051698303
2019-08-19,0.0
2019-08-20,0.0
2019-08-21,0.0
2019-08-22,-0.0019133773078087168
2019-08-23,-0.007900846512593929
2019-08-26,-0.00442975264852119
2019-08-27,-0.0019067217060724229
2019-08-28,0.0
2019-08-29,0.0
2019-08-30,-0.0019530281393245197
2019-09-03,-0.0045501948906744305
2019-09-04,0.0
2019-09-05,0.0
2019-09-06,0.0
2019-09-09,-0.0024918161233894454
2019-09-10,-0.00636168247581137
2019-09-11,-0.005376288620455583
2019-09-12,-0.005774289581144565
2019-09-13,-0.010897384637714946
2019-09-16,-0.004131737925057166
2019-09-17,-0.003974845370492752
2019-09-18,-0.0037977994289566386
2019-09-19,-0.0025414079603426343
2019-09-20,-0.0007188921003591364
2019-09-23,-0.0005543058117192246
2019-09-24,-0.002145214111173077
2019-09-25,-0.004140346474970413
2019-09-26,-0.0036693824242155504
2019-09-27,-0.005626638983863841
2019-09-30,-0.004126317620464559
2019-10-01,-0.006899198421007946
2019-10-02,-0.012928615445309322
2019-10-03,-0.008395776751756734
2019-10-04,-0.0017033268932611367
2019-10-07,-0.005336437648055359
2019-10-08,-0.009837411381621197
2019-10-09,-0.007180419559860818
2019-10-10,-0.00760055620644895
2019-10-11,-0.004969437384160336
2019-10-14,-0.004031643701564613
2019-10-15,-0.0032560621881837504
2019-10-16,-0.0031752506365532174
2019-10-17,-0.0017825304298122457
2019-10-18,-0.002942903763482607
2019-10-21,-0.0025752577066098237
2019-10-22,-0.002326556552354031
2019-10-23,0.0
2019-10-24,0.0
2019-10-25,0.0
2019-10-28,-0.0005709958788863156
2019-10-29,-0.001707556107757413
2019-10-30,0.0
2019-10-31,0.0
2019-11-01,0.0
2019-11-04,-0.0004033425549827552
2019-11-05,-0.0034614743307063156
2019-11-06,-0.0028662660826273
2019-11-07,-0.006135976230725038
2019-11-08,-0.005880338369809279
2019-11-11,-0.0069875972560593524
2019-11-12,-0.005516781674532845
2019-11-13,-0.004041566823440035
2019-11-14,-0.0017221841606002153
2019-11-15,0.0
2019-11-18,-0.0004361720362573429
2019-11-19,-0.0006275296186877277
2019-11-20,0.0
2019-11-21,-0.0009031651448918598
2019-11-22,0.0
2019-11-25,0.0
2019-11-26,0.0
2019-11-27,0.0
2019-11-29,-0.003813458971672956
2019-12-02,-0.00871380797765875
2019-12-03,-0.006477414302531126
2019-12-04,-0.004343449302676938
2019-12-05,-0.004241297205765271
2019-12-06,-0.0019540621294105165
2019-12-09,-0.002726508122221305
2019-12-10,-0.00219192957846015
2019-12-11,0.0
2019-12-12,0.0
2019-12-13,0.0
2019-12-16,0.0
2019-12-17,0.0
2019-12-18,-0.0006646224708035664
2019-12-19,0.0
2019-12-20,0.0
2019-12-23,0.0
2019-12-24,0.0
2019-12-26,0.0
2019-12-27,0.0
2019-12-30,-0.0018313476973742526
2019-12-31,-0.0034839801304895612
2020-01-02,0.0
2020-01-03,0.0
2020-01-06,0.0
2020-01-07,-0.0018190846453914888
2020-01-08,-0.002833278203935974
2020-01-09,0.0
2020-01-10,0.0
2020-01-13,0.0
2020-01-14,0.0
2020-01-15,0.0
2020-01-16,0.0
2020-01-17,0.0
2020-01-21,0.0
2020-01-22,-0.00029524539780789727
2020-01-23,-5.7115299125776176e-05
2020-01-24,-0.003075525237059562
2020-01-27,-0.007892580626109869
2020-01-28,-0.004323446977936185
2020-01-29,-0.0029420747770447786
2020-01-30,-0.002502382729915653
2020-01-31,-0.0069072505136283935
2020-02-03,-0.006814003445811734
2020-02-04,-0.0037876582765878908
2020-02-05,-0.0003218917515047659
2020-02-06,0.0
2020-02-07,0.0
2020-02-10,0.0
2020-02-11,-0.00017212131782129436
2020-02-12,0.0
2020-02-13,0.0
2020-02-14,0.0
2020-02-18,0.0
2020-02-19,0.0
2020-02-20,0.0
2020-02-21,-0.0017443634690328391
2020-02-24,-0.012335936826929572
2020-02-25,-0.022767545654216126
2020-02-26,-0.025373198718340317
2020-02-27,-0.04085584039841039
2020-02-28,-0.03805119604403229
2020-03-02,-0.023817260706822108
2020-03-03,-0.0271115012688119
2020-03-04,-0.01452599459849635
2020-03-05,-0.022811503181149773
2020-03-06,-0.02425602271032634
2020-03-09,-0.059608802437088104
2020-03-10,-0.05162001842753172
2020-03-11,-0.07975092820940455
2020-03-12,-0.12127966724421857
2020-03-13,-0.09137247180811725
2020-03-16,-0.1269838631264183
2020-03-17,-0.12758572752835529
2020-03-18,-0.16312763117915463
2020-03-19,-0.16789512850764332
2020-03-20,-0.1704085617994059
2020-03-23,-0.1612673509471485
2020-03-24,-0.13159179053987846
2020-03-25,-0.11629454485137147
2020-03-26,-0.0946271133512615
2020-03-27,-0.09932627744184264
2020-03-30,-0.08892535185765438
2020-03-31,-0.09674626858681767
2020-04-01,-0.11514076996456568
2020-04-02,-0.10534367831309976
2020-04-03,-0.11027536658598669
2020-04-06,-0.08669335056652439
2020-04-07,-0.08703155099537263
2020-04-08,-0.0732146869288337
2020-04-09,-0.05176913627325841
2020-04-13,-0.0568327413973565
2020-04-14,-0.049458687860262196
2020-04-15,-0.053663184496003935
2020-04-16,-0.051726096183454806
2020-04-17,-0.045112930588056654
2020-04-20,-0.05344041669102195
2020-04-21,-0.06805197972020371
2020-04-22,-0.0605145447887645
2020-04-23,-0.05955325582441373
2020-04-24,-0.05829056473150507
2020-04-27,-0.05958320100526504
2020-04-28,-0.058640214118979794
2020-04-29,-0.046571988927007424
2020-04-30,-0.04924211958110458
2020-05-01,-0.060028627715725924
2020-05-04,-0.058394765164516915
2020-05-05,-0.0530817391442413
2020-05-06,-0.061139650592375916
2020-05-07,-0.05409345620739703
2020-05-08,-0.0487610248283491
2020-05-11,-0.052909366961110926
2020-05-12,-0.056370175363550934
2020-05-13,-0.06142968121797221
2020-05-14,-0.054578862652138294
2020-05-15,-0.051844766661341746
2020-05-18,-0.04070422401352258
2020-05-19,-0.042548156015950855
2020-05-20,-0.03235321070485342
2020-05-21,-0.034651299130993074
2020-05-22,-0.033613730369432715
2020-05-26,-0.030548376257861887
2020-05-27,-0.027285663717304898
2020-05-28,-0.027428617073013806
2020-05-29,-0.021434542357868458
2020-06-01,-0.01950135685318699
2020-06-02,-0.014588024509479713
2020-06-03,-0.012562912277300109
2020-06-04,-0.01561993722470778
2020-06-05,-0.0054895949505021635
2020-06-08,-0.0016317910466241425
2020-06-09,-0.002876063861183775
2020-06-10,-0.00011604957817523687
2020-06-11,-0.02299664675241475
2020-06-12,-0.01835420111231556
2020-06-15,-0.010993234169552335
2020-06-16,-0.006723357923122397
2020-06-17,-0.008591271039084969
2020-06-18,-0.006045500143834537
2020-06-19,-0.006951136237505318
2020-06-22,-0.0042252883541158415
2020-06-23,-0.0042619360802600426
2020-06-24,-0.014460329889661172
2020-06-25,-0.009970308931639416
2020-06-26,-0.01771857713413527
2020-06-29,-0.012633027746311143
2020-06-30,-0.007204087609062104
2020-07-01,-0.0036948354310435416
2020-07-02,0.0
2020-07-06,0.0
2020-07-07,-0.0015387860970133005
2020-07-08,0.0
2020-07-09,0.0
2020-07-10,0.0
2020-07-13,-0.004317318415634985
2020-07-14,0.0
2020-07-15,0.0
2020-07-16,-0.00048577497612112275
2020-07-17,0.0
2020-07-20,0.0
2020-07-21,0.0
2020-07-22,0.0
2020-07-23,-0.001960282728470264
2020-07-24,-0.003819182451530456
2020-07-27,-0.0014320773534554077
2020-07-28,-0.0032526384443706258
2020-07-29,0.0
2020-07-30,-0.0009064197540857855
2020-07-31,0.0
2020-08-03,0.0
2020-08-04,0.0
2020-08-05,0.0
2020-08-06,0.0
2020-08-07,-0.003044009729424535
2020-08-10,-0.0025949147462598354
2020-08-11,-0.010846095431466196
2020-08-12,-0.007526333139709296
2020-08-13,-0.010724904929533263
2020-08-14,-0.012090293535221286
2020-08-17,-0.007785105270724291
2020-08-18,-0.005176448473227402
2020-08-19,-0.008455582884448809
2020-08-20,-0.005229837362201617
2020-08-21,-0.004072990915739871
2020-08-24,-0.0003850242632981171
2020-08-25,-9.838476375856331e-05
2020-08-26,0.0
2020-08-27,-0.003661572738285601
2020-08-28,-0.0006360086987546865
2020-08-31,-0.00039635734051157723
2020-09-01,0.0
2020-09-02,0.0
2020-09-03,-0.011682005800626727
2020-09-04,-0.01945458291948632
2020-09-08,-0.02939074197534719
2020-09-09,-0.021777662346332827
2020-09-10,-0.027645028722342202
2020-09-11,-0.02596253066013654
2020-09-14,-0.022192898376315662
2020-09-15,-0.02005503062007763
2020-09-16,-0.019713393074507923
2020-09-17,-0.020860641859008933
2020-09-18,-0.024726078727633216
2020-09-21,-0.03127721346895396
2020-09-22,-0.028377340080763425
2020-09-23,-0.03853830154331139
2020-09-24,-0.03684427634153231
2020-09-25,-0.03286676289945323
2020-09-28,-0.026101938530200486
2020-09-29,-0.028351342788513145
2020-09-30,-0.02602863913248077
2020-10-01,-0.02393689838309132
2020-10-02,-0.02851695994165171
2020-10-05,-0.022925265142487272
2020-10-06,-0.026484746528869563
2020-10-07,-0.021793440219763482
2020-10-08,-0.016850630147413392
2020-10-09,-0.012933669366709144
2020-10-12,-0.007312377008950599
2020-10-13,-0.009118812226528106
2020-10-14,-0.010223681462403267
2020-10-15,-0.010748990019946003
2020-10-16,-0.012537514170625874
2020-10-19,-0.01819076474130188
2020-10-20,-0.01684122815014666
2020-10-21,-0.01865942461211334
2020-10-22,-0.01868961310687267
2020-10-23,-0.017108012891190905
2020-10-26,-0.023680680446281355
2020-10-27,-0.022278680787099603
2020-10-28,-0.03666694855301711
2020-10-29,-0.036277242662547615
2020-10-30,-0.04076283248670587
2020-11-02,-0.034036868078177074
2020-11-03,-0.02763208229923786
2020-11-04,-0.01372209163762228
2020-11-05,-0.005692602621018339
2020-11-06,-0.008833175583193298
2020-11-09,-0.008904720298282265
2020-11-10,-0.009077430265238773
2020-11-11,-0.006352657640629977
2020-11-12,-0.007886944519669092
2020-11-13,-0.0037648141141841673
2020-11-16,0.0
2020-11-17,0.0
2020-11-18,-0.0031464605812610014
2020-11-19,-1.425550146838539e-05
2020-11-20,-0.00045189213513441295
2020-11-23,0.0
2020-11-24,0.0
2020-11-25,0.0
2020-11-27,0.0
2020-11-30,-0.002000027203306165
2020-12-01,-0.00036358169344663516
2020-12-02,0.0
2020-12-03,0.0
2020-12-04,0.0
2020-12-07,0.0
2020-12-08,0.0
2020-12-09,-0.0046406414080795155
2020-12-10,-0.0011837838688721902
2020-12-11,-0.0011993330187195506
2020-12-14,-0.0026007617821144358
2020-12-15,0.0
2020-12-16,0.0
2020-12-17,0.0
2020-12-18,-0.0011968900778601688
2020-12-21,-0.0035878812602616605
2020-12-22,-0.004066846608139385
2020-12-23,-0.0025389147063450412
2020-12-24,0.0
2020-12-28,0.0
2020-12-29,-0.00044692629101361625
2020-12-30,0.0
2020-12-31,0.0
2021-01-04,-0.004906574771671113
2021-01-05,-0.0016294887249597156
2021-01-06,-0.00511690280760424
2021-01-07,-0.0011790435230021323
2021-01-08,0.0
2021-01-11,-0.004690752713614188
2021-01-12,-0.0023656180372396696
2021-01-13,0.0
2021-01-14,-0.002051627136348766
2021-01-15,-0.005193151875303892
2021-01-19,-0.0010660379326717928
2021-01-20,0.0
2021-01-21,-0.0011935620925157542
2021-01-22,-0.003893065490977232
2021-01-25,0.0
2021-01-26,-0.0008390034506821076
2021-01-27,-0.008455323334250586
2021-01-28,-0.007013075487798948
2021-01-29,-0.014073351888804098
2021-02-01,-0.0063349808838764066
2021-02-02,-0.0025863421554166433
2021-02-03,-0.003308554284958576
2021-02-04,0.0
2021-02-05,0.0
2021-02-08,0.0
2021-02-09,-0.0002439033051782058
2021-02-10,0.0
2021-02-11,-0.0006671658674438641
2021-02-12,-5.362207296277788e-05
2021-02-16,-0.0028628045457339546
2021-02-17,-0.001347148053487679
2021-02-18,-0.0039439857544738555
2021-02-19,-0.007349069641667594
2021-02-22,-0.010348773126403366
2021-02-23,-0.009477071050073005
2021-02-24,-0.005755223055478265
2021-02-25,-0.02049641443201966
2021-02-26,-0.01783265059248884
2021-03-01,-0.011259494342144571
2021-03-02,-0.013459890834765842
2021-03-03,-0.02052466139399256
2021-03-04,-0.025597520110056005
2021-03-05,-0.018417072832624393
2021-03-08,-0.02593088474912053
2021-03-09,-0.017658211076539643
2021-03-10,-0.014039076001819084
2021-03-11,-0.009568956182728572
2021-03-12,-0.015105227169954216
2021-03-15,-0.012295621801155288
2021-03-16,-0.013766806967404732
2021-03-17,-0.013320274857926528
2021-03-18,-0.026128863755970455
2021-03-19,-0.022687615986892617
2021-03-22,-0.017579732493450462
2021-03-23,-0.020159787689947195
2021-03-24,-0.0182899441368386
2021-03-25,-0.01998501768344818
2021-03-26,-0.013670422744386124
2021-03-29,-0.01534903680121924
2021-03-30,-0.01741624983726331
2021-03-31,-0.01466712648396784
2021-04-01,-0.006410334275474772
2021-04-05,-0.005080265818281027
2021-04-06,-0.00249436911327261
2021-04-07,-0.00307700828859514
2021-04-08,0.0
2021-04-09,0.0
2021-04-12,-0.00028683407776508574
2021-04-13,0.0
2021-04-14,0.0
2021-04-15,0.0
2021-04-16,-0.0017948673428789252
2021-04-19,-0.004294270068694428
2021-04-20,-0.00572725194339907
2021-04-21,-0.002136383571771594
2021-04-22,-0.003606477179909251
2021-04-23,0.0
2021-04-26,0.0
2021-04-27,-0.001627729078071627
2021-04-28,-0.0010007994942550225
2021-04-29,0.0
2021-04-30,-0.002049492021502286
2021-05-03,-0.00011491770412230817
2021-05-04,0.0
2021-05-05,0.0
2021-05-06,0.0
2021-05-07,0.0
2021-05-10,-0.006397050684295635
2021-05-11,-0.009081025911775176
2021-05-12,-0.018308993643562532
2021-05-13,-0.016093219273065507
2021-05-14,-0.008393411975821774
2021-05-17,-0.00889130230270141
2021-05-18,-0.0128141764576446
2021-05-19,-0.016596589768368974
2021-05-20,-0.01131633625744155
2021-05-21,-0.010044126674876641
2021-05-24,-0.004705465494961425
2021-05-25,-0.0035822355322261412
2021-05-26,-0.003132246054351695
2021-05-27,-0.002803749955223034
2021-05-28,-0.0027231001794293386
2021-06-01,-0.0008387935824553105
2021-06-02,0.0
2021-06-03,-0.0037105242985594478
2021-06-04,0.0
2021-06-07,-0.00045902841052491983
2021-06-08,0.0
2021-06-09,0.0
2021-06-10,0.0
2021-06-11,0.0
2021-06-14,-0.0014407387364783197
2021-06-15,-0.00256570469323103
2021-06-16,-0.005958595982041626
2021-06-17,-0.0049237713371310665
2021-06-18,-0.004306287733012337
2021-06-21,-0.0021801591760109984
2021-06-22,0.0
2021-06-23,-0.000601819819924021
2021-06-24,0.0
2021-06-25,-0.0011225327830978182
2021-06-28,0.0
2021-06-29,0.0
2021-06-30,0.0
2021-07-01,0.0
2021-07-02,0.0
2021-07-06,-0.0005282947006096661
2021-07-07,0.0
2021-07-08,-0.0010569204680075384
2021-07-09,0.0
2021-07-12,0.0
2021-07-13,-0.0022929917678043976
2021-07-14,-9.627359130892632e-05
2021-07-15,0.0
2021-07-16,-0.0028776079148498113
2021-07-19,-0.0074623475093335
2021-07-20,-0.0026823422472073144
2021-07-21,-0.000588915835257664
2021-07-22,0.0
2021-07-23,0.0
2021-07-26,0.0
2021-07-27,-0.00021297122491548137
2021-07-28,0.0
2021-07-29,0.0
2021-07-30,-0.0012575145688418221
2021-08-02,-0.001434262526153307
2021-08-03,0.0
2021-08-04,-0.0027027515972283256
2021-08-05,-0.0005933103232309556
2021-08-06,-0.005046653510283106
2021-08-09,-0.00813346611223309
2021-08-10,-0.007896143654257282
2021-08-11,-0.006006885082363467
2021-08-12,-0.005224400547087726
2021-08-13,-0.0015094316587136447
2021-08-16,-0.000588349969329105
2021-08-17,-0.004375777338394227
2021-08-18,-0.008585505604738142
2021-08-19,-0.00797846588833806
2021-08-20,-0.007297849991976468
2021-08-23,-0.0005116693301904229
2021-08-24,0.0
2021-08-25,-5.319858432051294e-05
2021-08-26,-0.002259077569004342
2021-08-27,0.0
2021-08-30,0.0
2021-08-31,-0.0020820331871300723
2021-09-01,-0.0017223912887767145
2021-09-02,0.0
2021-09-03,-0.001484930144632357
2021-09-07,-0.005701975872317022
2021-09-08,-0.003784905281550399
2021-09-09,-0.0027927424020010028
2021-09-10,-0.005738768307067321
2021-09-13,-0.0028771846299030512
2021-09-14,-0.0022358254790683096
2021-09-15,0.0
2021-09-16,-0.0020043829770788335
2021-09-17,-0.006930937313814334
2021-09-20,-0.011294787068078849
2021-09-21,-0.01111242971180737
2021-09-22,-0.006004265758132177
2021-09-23,-0.005639284443463732
2021-09-24,-0.006813660131448351
2021-09-27,-0.007533988783777201
2021-09-28,-0.018751678886490764
2021-09-29,-0.01777186696280675
2021-09-30,-0.020475542456441564
2021-10-01,-0.013657925900976364
2021-10-04,-0.017616729790389196
2021-10-05,-0.015437708266234917
2021-10-06,-0.01508068931515516
2021-10-07,-0.013655105944526125
2021-10-08,-0.016293226863252408
2021-10-11,-0.019103433754992016
2021-10-12,-0.0162568944781718
2021-10-13,-0.011972218637554821
2021-10-14,-0.003940496498416435
2021-10-15,-0.003092853829946063
2021-10-18,-0.00216601104180425
2021-10-19,-0.002309834200704519
2021-10-20,-0.0016159537344864194
2021-10-21,-0.0032600290950408617
2021-10-22,-0.0021068152853965794
2021-10-25,0.0
2021-10-26,0.0
2021-10-27,0.0
2021-10-28,0.0
2021-10-29,0.0
2021-11-01,-0.00012085642817238895
2021-11-02,0.0
2021-11-03,-0.0018025857987378213
2021-11-04,0.0
2021-11-05,0.0
2021-11-08,-0.0005142054537856655
2021-11-09,0.0
2021-11-10,-0.00933908687969942
2021-11-11,-0.009620704066960362
2021-11-12,-0.007907093585597269
2021-11-15,-0.01083105560018327
2021-11-16,-0.010176729427405107
2021-11-17,-0.009914968698854665
2021-11-18,-0.007597953724341688
2021-11-19,-0.0073311021865081205
2021-11-22,-0.012035272034770839
2021-11-23,-0.01366029671938851
2021-11-24,-0.010582856684207886
2021-11-26,-0.018263472396902958
2021-11-29,-0.014007059180635606
2021-11-30,-0.019940307231232635
2021-12-01,-0.023275918316383537
2021-12-02,-0.01714462386958715
2021-12-03,-0.017091345528450264
2021-12-06,-0.014277929797375077
2021-12-07,-0.00670349039477347
2021-12-08,-0.00778836737127242
2021-12-09,-0.011910196169027998
2021-12-10,-0.007715125727062455
2021-12-13,-0.008237996206661546
2021-12-14,-0.012635586457146464
2021-12-15,-0.007692839116513861
2021-12-16,-0.010611486372861578
2021-12-17,-0.012651034432687114
2021-12-20,-0.018068096100088527
2021-12-21,-0.010282740733565165
2021-12-22,-0.004844272276310346
2021-12-23,-0.0033491798328955102
2021-12-27,0.0
2021-12-28,-0.0014729593476902059
2021-12-29,-0.0034931033011530443
2021-12-30,-0.003001147949660221
2021-12-31,-0.004504266519014921
2022-01-03,-0.007735946482095524
2022-01-04,-0.00848945127905143
2022-01-05,-0.01840520378710475
2022-01-06,-0.01780553594379264
2022-01-07,-0.02136834886875294
2022-01-10,-0.021684489006535523
2022-01-11,-0.014544603834843794
2022-01-12,-0.013213367252999486
2022-01-13,-0.017812279249807106
2022-01-14,-0.019717530425924057
2022-01-18,-0.028797086088382495
2022-01-19,-0.030026499894203473
2022-01-20,-0.03304646149682999
2022-01-21,-0.03605971980001699
2022-01-24,-0.03674661973620241
2022-01-25,-0.04113474001692308
2022-01-26,-0.04508117009706869
2022-01-27,-0.04440825027371609
2022-01-28,-0.03641207360100829
2022-01-31,-0.030843620241064684
2022-02-01,-0.02816175651830022
2022-02-02,-0.024423673465647333
2022-02-03,-0.035758628473091636
2022-02-04,-0.03767310579191285
2022-02-07,-0.03843369078112313
2022-02-08,-0.03874433442256886
2022-02-09,-0.031706796674364934
2022-02-10,-0.04464622564602283
2022-02-11,-0.04620766734249293
2022-02-14,-0.049775315849892476
2022-02-15,-0.04843661342762051
2022-02-16,-0.04583478901177207
2022-02-17,-0.05060280498892944
2022-02-18,-0.05013550096215014
2022-02-22,-0.05183429452132571
2022-02-23,-0.059517701749999374
2022-02-24,-0.05176077170345972
2022-02-25,-0.0463307740592096
2022-02-28,-0.04000023197462077
2022-03-01,-0.03765681117071651
2022-03-02,-0.03650563160162634
2022-03-03,-0.03581524700323235
2022-03-04,-0.03218151808483005
2022-03-07,-0.04249871575537034
2022-03-08,-0.04566468563662007
2022-03-09,-0.046308756652419736
2022-03-10,-0.05431011415683995
2022-03-11,-0.05731588662296061
2022-03-14,-0.07077177114614519
2022-03-15,-0.06513150195816231
2022-03-16,-0.05471261148290807
2022-03-17,-0.04529435965357609
2022-03-18,-0.03878935950371776
2022-03-21,-0.043082365738321804
2022-03-22,-0.041131792499945585
2022-03-23,-0.03888069903280178
2022-03-24,-0.03647887703064667
2022-03-25,-0.039779074463132
2022-03-28,-0.03892651319225304
2022-03-29,-0.030292701815385348
2022-03-30,-0.029317234419211635
2022-03-31,-0.035703205902362756
2022-04-01,-0.03425501352459315
2022-04-04,-0.02818034303937378
2022-04-05,-0.04141342267022807
2022-04-06,-0.04896305307135973
2022-04-07,-0.04940384614935933
2022-04-08,-0.05335294355070486
2022-04-11,-0.06360132934782425
2022-04-12,-0.0595910014723916
2022-04-13,-0.05173618181192341
2022-04-14,-0.060557721891609684
2022-04-18,-0.06123356873536712
2022-04-19,-0.06213823705068133
2022-04-20,-0.058272824003749224
2022-04-21,-0.06641562690318403
2022-04-22,-0.07714076867787678
2022-04-25,-0.07145734044472729
2022-04-26,-0.07712059785097802
2022-04-27,-0.07993403583146219
2022-04-28,-0.0708509147157308
2022-04-29,-0.086931888204549
2022-05-02,-0.0863423776611646
2022-05-03,-0.08434393662935769
2022-05-04,-0.06913833271297043
2022-05-05,-0.08884747489820044
2022-05-06,-0.09472038725000187
2022-05-09,-0.10761070276933171
2022-05-10,-0.10432768731040132
2022-05-11,-0.10430156733589746
2022-05-12,-0.10416500229038439
2022-05-13,-0.09866590515045315
2022-05-16,-0.09845899530644242
2022-05-17,-0.09714668605579235
2022-05-18,-0.10774615236665674
2022-05-19,-0.105755594184204
2022-05-20,-0.1036168527225797
2022-05-23,-0.1005336522773016
2022-05-24,-0.09767606774846649
2022-05-25,-0.08986812203773531
2022-05-26,-0.08133294855460937
2022-05-27,-0.07084989762288574
2022-05-31,-0.07862808278382549
2022-06-01,-0.08192738506100272
2022-06-02,-0.07336205198902102
2022-06-03,-0.0791257873851613
2022-06-06,-0.0828507674596104
2022-06-07,-0.07735126058975794
2022-06-08,-0.08236909655985147
2022-06-09,-0.09007900410356817
2022-06-10,-0.10429524983253347
2022-06-13,-0.12865890539051694
2022-06-14,-0.131498137097822
2022-06-15,-0.11925969655030877
2022-06-16,-0.12834502346395749
2022-06-17,-0.1297237443910988
2022-06-21,-0.12770326656672526
2022-06-22,-0.12523037882348464
2022-06-23,-0.1215781512306674
2022-06-24,-0.11350585919385137
2022-06-27,-0.11833186627456826
2022-06-28,-0.12390114204735869
2022-06-29,-0.12311987163248173
2022-06-30,-0.12675447900875525
2022-07-01,-0.11896498084721652
2022-07-05,-0.1235071018061854
2022-07-06,-0.12776914857006416
2022-07-07,-0.11823681676454556
2022-07-08,-0.11810715185774556
2022-07-11,-0.12005391948041266
2022-07-12,-0.12500194078750027
2022-07-13,-0.12335741718995707
2022-07-14,-0.12664619385011922
2022-07-15,-0.11705531765849031
2022-07-18,-0.12092299567522591
2022-07-19,-0.112344998364179
2022-07-20,-0.10944215809038127
2022-07-21,-0.10207031991543414
2022-07-22,-0.10266143256403537
2022-07-25,-0.1034098463029538
2022-07-26,-0.10773090220607862
2022-07-27,-0.09578913367741182
2022-07-28,-0.08846794410299297
2022-07-29,-0.08370725582699057
2022-08-01,-0.083170848408478
2022-08-02,-0.09080908086462836
2022-08-03,-0.08219064105453378
2022-08-04,-0.08208377249799326
2022-08-05,-0.08977444709778137
2022-08-08,-0.08610933896711237
2022-08-09,-0.08931553594803532
2022-08-10,-0.07903324249058963
2022-08-11,-0.08263690317349648
2022-08-12,-0.0744629292103387
2022-08-15,-0.07477919883774109
2022-08-16,-0.07687207263226037
2022-08-17,-0.08317189384109736
2022-08-18,-0.07986470685945435
2022-08-19,-0.08923579906953272
2022-08-22,-0.09727196576451602
2022-08-23,-0.09607497147254418
2022-08-24,-0.0954718533595601
2022-08-25,-0.08845739135713537
2022-08-26,-0.09960644757898918
2022-08-29,-0.10274542516864205
2022-08-30,-0.1091827278879024
2022-08-31,-0.11657521863130271
2022-09-01,-0.1210678274940502
2022-09-02,-0.12200727225360009
2022-09-06,-0.12935427877296712
2022-09-07,-0.12130909224483277
2022-09-08,-0.12045631265824652
2022-09-09,-0.11234744109225481
2022-09-12,-0.10913175317375146
2022-09-13,-0.12558616864559424
2022-09-14,-0.12279701946723554
2022-09-15,-0.13077974407517168
2022-09-16,-0.13343600983202653
2022-09-19,-0.13044366100661786
2022-09-20,-0.13729672271712812
2022-09-21,-0.13999299295793033
2022-09-22,-0.148127666250081
2022-09-23,-0.1572990207993814
2022-09-26,-0.1683531459765285
2022-09-27,-0.1729438714715723
2022-09-28,-0.15599140621809693
2022-09-29,-0.16500487776443618
2022-09-30,-0.17233005914027577
2022-10-03,-0.15787089058606063
2022-10-04,-0.14454063181598276
2022-10-05,-0.146084322821592
2022-10-06,-0.14928353764304514
2022-10-07,-0.15966879316242288
2022-10-10,-0.1674796451884506
2022-10-11,-0.17003466641877052
2022-10-12,-0.16984453856283532
2022-10-13,-0.1635540898306248
2022-10-14,-0.17391795147221523
2022-10-17,-0.16599514066725052
2022-10-18,-0.16247790778715343
2022-10-19,-0.16951011144820016
2022-10-20,-0.1751653911708747
2022-10-21,-0.16955043652122692
2022-10-24,-0.16749556945672672
2022-10-25,-0.15643737577411232
2022-10-26,-0.1543326778373756
2022-10-27,-0.15294996298605001
2022-10-28,-0.1478817994935704
2022-10-31,-0.15452022873985594
2022-11-01,-0.1517013083592298
2022-11-02,-0.1596932487919358
2022-11-03,-0.16511725999073967
2022-11-04,-0.15870108749241008
2022-11-07,-0.15899549294095938
2022-11-08,-0.15705444089910348
2022-11-09,-0.16574406390483187
2022-11-10,-0.1372462994066762
2022-11-11,-0.13197037784637322
2022-11-14,-0.1377616186541032
2022-11-15,-0.12900508444492176
2022-11-16,-0.12904014853042567
2022-11-17,-0.13425961186965418
2022-11-18,-0.13488289251561192
2022-11-21,-0.13643430978205262
2022-11-22,-0.1281464055677688
2022-11-23,-0.12353836981663002
2022-11-25,-0.12547869884639007
2022-11-28,-0.13206000981650312
2022-11-29,-0.1329339323296469
2022-11-30,-0.11697465998796563
2022-12-01,-0.11147076036678238
2022-12-02,-0.11114477941697432
2022-12-05,-0.12291567094356437
2022-12-06,-0.1271436135387236
2022-12-07,-0.12315967072551026
2022-12-08,-0.1219708115715199
2022-12-09,-0.1273328818524928
2022-12-12,-0.12237379894112266
2022-12-13,-0.11419609073682746
2022-12-14,-0.1152667219470569
2022-12-15,-0.12334273074670687
2022-12-16,-0.129682015656165
2022-12-19,-0.13645206258463372
2022-12-20,-0.13953145035007242
2022-12-21,-0.13218039760669342
2022-12-22,-0.13886480516314803
2022-12-23,-0.1374955250557237
2022-12-27,-0.1437625080305206
2022-12-28,-0.15090754793415795
2022-12-29,-0.14221900299170953
2022-12-30,-0.14376860967954885
2023-01-03,-0.14411894883744236
2023-01-04,-0.14013703825753332
2023-01-05,-0.1441379743519947
2023-01-06,-0.13094400955418728
2023-01-09,-0.1275267214851845
2023-01-10,-0.12801777731515807
2023-01-11,-0.11899720729173435
2023-01-12,-0.11229819901705318
2023-01-13,-0.11154078867103756
2023-01-17,-0.11265071651817449
2023-01-18,-0.11281714517602837
2023-01-19,-0.1151555845960045
2023-01-20,-0.1114976824534264
2023-01-23,-0.10845673813132473
2023-01-24,-0.10699556563594725
2023-01-25,-0.10696764189965968
2023-01-26,-0.1035253741478045
2023-01-27,-0.10462479733244545
2023-01-30,-0.11168532139610321
2023-01-31,-0.10308282816025527
2023-02-01,-0.09676268602755722
2023-02-02,-0.09143595381020697
2023-02-03,-0.10332671002906912
2023-02-06,-0.10791993054232107
2023-02-07,-0.10261337124826397
2023-02-08,-0.10549075181321066
2023-02-09,-0.11177872507547315
2023-02-10,-0.11372376538799023
2023-02-13,-0.10921757562800827
2023-02-14,-0.10915955375167996
2023-02-15,-0.11093982687110315
2023-02-16,-0.11852759595871976
2023-02-17,-0.11830862955054822
2023-02-21,-0.12971047496392185
2023-02-22,-0.12917270141912673
2023-02-23,-0.12338932876595166
2023-02-24,-0.1303811273009864
2023-02-27,-0.12760279825340326
2023-02-28,-0.1276653583930626
2023-03-01,-0.12948227949143964
2023-03-02,-0.12845399279319303
2023-03-03,-0.11718026583557362
2023-03-06,-0.11873984228231138
2023-03-07,-0.12610527998423582
2023-03-08,-0.12694029197711354
2023-03-09,-0.13222054021807972
2023-03-10,-0.12805047151089155
2023-03-13,-0.126323261237839
2023-03-14,-0.12466816183161822
2023-03-15,-0.12377950732311183
2023-03-16,-0.11915620379653669
2023-03-17,-0.118741697101161
2023-03-20,-0.1182739172072319
2023-03-21,-0.11449493394735955
2023-03-22,-0.1143399139505833
2023-03-23,-0.11232021480111853
2023-03-24,-0.11047626883455264
2023-03-27,-0.11382150781202549
2023-03-28,-0.11414330733054534
2023-03-29,-0.10895474844330433
2023-03-30,-0.10466870372760695
2023-03-31,-0.09597272083785724
2023-04-03,-0.0923075371732287
2023-04-04,-0.09227249459509801
2023-04-05,-0.09263143341512126
2023-04-06,-0.09124131512049805
2023-04-10,-0.09415208083931093
2023-04-11,-0.0935214896446247
2023-04-12,-0.09410899464467803
2023-04-13,-0.08910103462771157
2023-04-14,-0.09202848643634154
2023-04-17,-0.09453961510502418
2023-04-18,-0.0932496763463363
2023-04-19,-0.09649794018623947
2023-04-20,-0.09733102692408391
2023-04-21,-0.09768246386291612
2023-04-24,-0.09476372035781278
2023-04-25,-0.0979955493980531
2023-04-26,-0.10202885365494296
2023-04-27,-0.09752356136720097
2023-04-28,-0.09144489758905472
2023-05-01,-0.09843210710537942
2023-05-02,-0.09881978858189333
2023-05-03,-0.10056375570724352
2023-05-04,-0.10270422984411909
2023-05-05,-0.09628837725915496
2023-05-08,-0.09830395714939077
2023-05-09,-0.0998501066538986
2023-05-10,-0.0951847641285054
2023-05-11,-0.09600323462140936
2023-05-12,-0.0998799835506965
2023-05-15,-0.09911950321933838
2023-05-16,-0.10378893407713652
2023-05-17,-0.09968636300502631
2023-05-18,-0.09925702611316034
2023-05-19,-0.10030093831260056
2023-05-22,-0.09956881236514825
2023-05-23,-0.10230474370943643
2023-05-24,-0.10626755599311044
2023-05-25,-0.10586324569575778
2023-05-26,-0.09758334025422999
2023-05-30,-0.09650976054043603
2023-05-31,-0.09826312380295488
2023-06-01,-0.09186572326147047
2023-06-02,-0.08876849581136559
2023-06-05,-0.08972364733891314
2023-06-06,-0.08832164906929363
2023-06-07,-0.09379377750953488
2023-06-08,-0.08804967869275837
2023-06-09,-0.08892147064195233
2023-06-12,-0.08687098135378268
2023-06-13,-0.08542425495082229
2023-06-14,-0.08326266548464067
2023-06-15,-0.07452889280350006
2023-06-16,-0.07558125787812375
2023-06-20,-0.07697508570920908
2023-06-21,-0.07781554322329198
2023-06-22,-0.08086250596034084
2023-06-23,-0.0830197481004592
2023-06-26,-0.08421396017641336
2023-06-27,-0.082892045941942
2023-06-28,-0.08082035046259228
2023-06-29,-0.08390795124437322
2023-06-30,-0.07683280165557038
2023-07-03,-0.07782943539782594
2023-07-05,-0.07984253064006785
2023-07-06,-0.08612264658626068
2023-07-07,-0.08602269007393715
2023-07-10,-0.08328335711786128
2023-07-11,-0.07841842134567967
2023-07-12,-0.07084170923719568
2023-07-13,-0.0629131189809995
2023-07-14,-0.06724487178911664
2023-07-17,-0.06609407806529333
2023-07-18,-0.06122640333908069
2023-07-19,-0.05828717317109933
2023-07-20,-0.06428934478895831
2023-07-21,-0.0631912281243383
2023-07-24,-0.061317426327121005
2023-07-25,-0.06032421208845573
2023-07-26,-0.059402408104751614
2023-07-27,-0.06643007243792498
2023-07-28,-0.05979981188337413
2023-07-31,-0.057857240453152436
2023-08-01,-0.06322559146662532
2023-08-02,-0.07181740372527023
2023-08-03,-0.07514464712203839
2023-08-04,-0.0714730189324404
2023-08-07,-0.07019248657964106
2023-08-08,-0.0697241370426882
2023-08-09,-0.0704165345533283
2023-08-10,-0.07354057478701115
2023-08-11,-0.0756539790421219
2023-08-14,-0.0748281473159812
2023-08-15,-0.08083950922242078
2023-08-16,-0.08544951470820639
2023-08-17,-0.08865292838013517
2023-08-18,-0.0867860623700325
2023-08-21,-0.08688843714760097
2023-08-22,-0.08626579694518588
2023-08-23,-0.0769102496561952
2023-08-24,-0.0830503479549759
2023-08-25,-0.07910262907008381
2023-08-28,-0.07628025875683708
2023-08-29,-0.06798528592528819
2023-08-30,-0.0670287792563038
2023-08-31,-0.06583026686423743
2023-09-01,-0.06644063186090665
2023-09-05,-0.07001126228694887
2023-09-06,-0.07220764736548124
2023-09-07,-0.07184394608059597
2023-09-08,-0.07093642411050716
2023-09-11,-0.06862163544445576
2023-09-12,-0.06997534420943374
2023-09-13,-0.06814022968452671
2023-09-14,-0.06576826603869135
2023-09-15,-0.07109849366529974
2023-09-18,-0.07007459738296973
2023-09-19,-0.0723274776194961
2023-09-20,-0.07608995852603928
2023-09-21,-0.08562440341400412
2023-09-22,-0.08379985850786109
2023-09-25,-0.08714925805094687
2023-09-26,-0.09231034011958361
2023-09-27,-0.09291782507938151
2023-09-28,-0.08981169495088415
2023-09-29,-0.09197306718309683
2023-10-02,-0.09579761681580679
2023-10-03,-0.10509502158299255
2023-10-04,-0.10257854169980196
2023-10-05,-0.1038227033359137
2023-10-06,-0.10109286707821519
2023-10-09,-0.09169970013911033
2023-10-10,-0.09087528602101436
2023-10-11,-0.08766957461936165
2023-10-12,-0.09356864568820744
2023-10-13,-0.08988970578771416
2023-10-16,-0.08982290232657475
2023-10-17,-0.09297574807656672
2023-10-18,-0.0976101285280303
2023-10-19,-0.10141146945710067
2023-10-20,-0.10409768068643444
2023-10-23,-0.1022854029424679
2023-10-24,-0.09909754314138963
2023-10-25,-0.10690537928584076
2023-10-26,-0.10874902110570972
2023-10-27,-0.1076460886393874
2023-10-30,-0.10745156103912068
2023-10-31,-0.10683230520862785
2023-11-01,-0.09783806731158295
2023-11-02,-0.08679374098754378
2023-11-03,-0.08149988311108691
2023-11-06,-0.08259422536079897
2023-11-07,-0.08138356674506064
2023-11-08,-0.08067729277169577
2023-11-09,-0.08742951609745697
2023-11-10,-0.08018561108314048
2023-11-13,-0.07908460724037125
2023-11-14,-0.06754693591369731
2023-11-15,-0.07070517787631148
2023-11-16,-0.07067730070051548
2023-11-17,-0.06773256119052529
2023-11-20,-0.0623117575861567
2023-11-21,-0.06221683088026142
2023-11-22,-0.0613100134109007
2023-11-24,-0.06416957193295025
2023-11-27,-0.06243353199806412
2023-11-28,-0.05853941155568754
2023-11-29,-0.054711060638908626
2023-11-30,-0.05867466912917407
2023-12-01,-0.05310060391041571
2023-12-04,-0.05767902159807692
2023-12-05,-0.05527571167705081
2023-12-06,-0.05816345125310951
2023-12-07,-0.055181783631058745
2023-12-08,-0.055582709971670696
2023-12-11,-0.05464653956415921
2023-12-12,-0.053643984213638696
2023-12-13,-0.040896873676376067
2023-12-14,-0.03357823787640346
2023-12-15,-0.03360820821275845
2023-12-18,-0.0321311874412451
2023-12-19,-0.02834747204894339
2023-12-20,-0.03267068978515131
2023-12-21,-0.029306510451434176
2023-12-22,-0.029767291793840744
2023-12-26,-0.02624829111914484
2023-12-27,-0.022559034688319435
2023-12-28,-0.025330097894339043
2023-12-29,-0.028852159113429643
2024-01-02,-0.03520139152702728
2024-01-03,-0.036250242799405696
2024-01-04,-0.04104881636051416
2024-01-05,-0.041369571602231425
2024-01-08,-0.0356117374145245
2024-01-09,-0.0347166918541737
2024-01-10,-0.03424751018691674
2024-01-11,-0.03076220159255294
2024-01-12,-0.029360476205225305
2024-01-16,-0.035372571498538674
2024-01-17,-0.03861216267821077
2024-01-18,-0.035274040907719906
2024-01-19,-0.030459264521210505
2024-01-22,-0.028225971559871943
2024-01-23,-0.027919401032277413
2024-01-24,-0.026895147109410766
2024-01-25,-0.02192439454668349
2024-01-26,-0.023112262955050644
2024-01-29,-0.019367643458136463
2024-01-30,-0.018507869668142107
2024-01-31,-0.02363537319900033
2024-02-01,-0.017638251757551626
2024-02-02,-0.020295957197703385
2024-02-05,-0.02496974816297426
2024-02-06,-0.021665448008813315
2024-02-07,-0.019128223719721005
2024-02-08,-0.019542809671402428
2024-02-09,-0.01720404395628483
2024-02-12,-0.01784800567252376
2024-02-13,-0.027970573298313872
2024-02-14,-0.024404490757871433
2024-02-15,-0.020929213736167185
2024-02-16,-0.024385878528347837
2024-02-20,-0.02596181289712851
2024-02-21,-0.027274636888625636
2024-02-22,-0.01865634662889215
2024-02-23,-0.01890862697133655
2024-02-26,-0.019629231985406448
2024-02-27,-0.018716010069217304
2024-02-28,-0.019274643836978633
2024-02-29,-0.016594265483427684
2024-03-01,-0.010111634800191727
2024-03-04,-0.011203896712322137
2024-03-05,-0.01377999935464147
2024-03-06,-0.009681331299245977
2024-03-07,-0.005143824307618061
2024-03-08,-0.008187538678803619
2024-03-11,-0.007876702513426648
2024-03-12,-0.0061163910899837415
2024-03-13,-0.006157302972675915
2024-03-14,-0.00998827608539421
2024-03-15,-0.012379562441397929
2024-03-18,-0.009166808931565518
2024-03-19,-0.00651182156614627
2024-03-20,-0.002792654775088721
2024-03-21,-0.001527595137389648
2024-03-22,-0.0011005692055586769
2024-03-25,-0.0022217630292603596
2024-03-26,-0.0038516760921842863
2024-03-27,0.0
2024-03-28,0.0
2024-04-01,-0.0036092016725401965
2024-04-02,-0.005521566277082446
2024-04-03,-0.003014204096345674
2024-04-04,-0.005727824652583258
2024-04-05,-0.004239251009405143
2024-04-08,-0.004091254671577893
2024-04-09,-0.0020208172982106865
2024-04-10,-0.010482001490324522
2024-04-11,-0.008054397845258854
2024-04-12,-0.011276918321360574
2024-04-15,-0.019354707653114533
2024-04-16,-0.021643966923622915
2024-04-17,-0.024079770242745657
2024-04-18,-0.026048166925198624
2024-04-19,-0.028714372241021136
2024-04-22,-0.024890309240503172
2024-04-23,-0.019415745774446824
2024-04-24,-0.0208637874580061
2024-04-25,-0.02294808639784518
2024-04-26,-0.017693538328562464
2024-04-29,-0.014710092044355472
2024-04-30,-0.02449893609464726
2024-05-01,-0.025562965984822217
2024-05-02,-0.01944953643504521
2024-05-03,-0.01171965831816113
2024-05-06,-0.0060914446147547485
2024-05-07,-0.0052008508383990515
2024-05-08,-0.007419231575893748
2024-05-09,-0.004674577756567433
2024-05-10,-0.005850996556471033
2024-05-13,-0.0042513774554390205
2024-05-14,-0.0018346771871659007
2024-05-15,0.0
2024-05-16,-0.0010709324209955406
2024-05-17,-0.0006108098353763136
2024-05-20,0.0
2024-05-21,0.0
2024-05-22,-0.0030978966390832197
2024-05-23,-0.007545004482375162
2024-05-24,-0.0029865770804384795
2024-05-28,-0.0029514707331058654
2024-05-29,-0.009107747556042711
2024-05-30,-0.01076524763261788
2024-05-31,-0.008100560809068513
2024-06-03,-0.005889078369116008
2024-06-04,-0.004801851596833884
2024-06-05,0.0
2024-06-06,0.0
2024-06-07,-0.006580065290813897
2024-06-10,-0.004339194830695781
2024-06-11,-0.001046569771792405
2024-06-12,0.0
2024-06-13,0.0
2024-06-14,0.0
2024-06-17,0.0
2024-06-18,0.0
2024-06-20,-0.0025296566634480655
2024-06-21,-0.004011752183429418
2024-06-24,-0.0044579874792533
2024-06-25,-0.0032742389729700783
2024-06-26,-0.005398842789554381
2024-06-27,-0.003039517468307551
2024-06-28,-0.008256323850531655
2024-07-01,-0.008262165957568679
2024-07-02,-0.0033150221460344076
2024-07-03,0.0
2024-07-05,0.0
2024-07-08,-0.0012557349861463951
2024-07-09,-0.0029118073448844983
2024-07-10,0.0
2024-07-11,-0.0010775462774472722
2024-07-12,0.0
2024-07-15,-0.002234594828682046
2024-07-16,0.0
2024-07-17,-0.006289817132347886
2024-07-18,-0.011026537391569335
2024-07-19,-0.016575129701515534
2024-07-22,-0.012421521938501434
2024-07-23,-0.01458138593834879
2024-07-24,-0.025399965690964144
2024-07-25,-0.02592504515628591
2024-07-26,-0.02193599926722123
2024-07-29,-0.021446053308176283
2024-07-30,-0.023816353222672837
2024-07-31,-0.01127023158509688
2024-08-01,-0.016912851689189656
2024-08-02,-0.020175099848367073
2024-08-05,-0.029593982036476896
2024-08-06,-0.031135100129340954
2024-08-07,-0.03347958716169053
2024-08-08,-0.02485430281908252
2024-08-09,-0.02085943814337632
2024-08-12,-0.017574687079978002
2024-08-13,-0.010457270357882908
2024-08-14,-0.009290477209551451
2024-08-15,-0.003821703744787297
2024-08-16,-0.0025957780082453974
2024-08-19,0.0
2024-08-20,0.0
2024-08-21,0.0
2024-08-22,-0.005607379492485909
2024-08-23,0.0
2024-08-26,-0.000990453775436051
2024-08-27,-0.0011854542150331326
2024-08-28,-0.005821942821905957
2024-08-29,-0.004861048213171126
2024-08-30,-0.005014497181093702
2024-09-03,-0.012936186907312686
2024-09-04,-0.011329882729402385
2024-09-05,-0.00935743750450957
2024-09-06,-0.017236446305645248
2024-09-09,-0.012260716175365949
2024-09-10,-0.011326021688053856
2024-09-11,-0.005690458791371533
2024-09-12,-0.0008123269549384915
2024-09-13,0.0
2024-09-16,0.0
2024-09-17,0.0
2024-09-18,-0.003876523762126438
2024-09-19,0.0
2024-09-20,-0.0005845577770965393
2024-09-23,-0.0005306357100369752
2024-09-24,0.0
2024-09-25,-0.003572506801502562
2024-09-26,-0.0028735634139905875
2024-09-27,-0.0012586831768068851
2024-09-30,-0.0018292717691551497
2024-10-01,-0.001000699367021185
2024-10-02,-0.000916963995312936
2024-10-03,-0.00192799567179458
2024-10-04,-0.0015704184299824009
2024-10-07,-0.004965808206897515
2024-10-08,-0.0038643324848037786
2024-10-09,-0.004185464886263146
2024-10-10,-0.0024349536237806557
2024-10-11,-0.001036717662133202
2024-10-14,-0.0007229803814169378
2024-10-15,-0.004136638495763845
2024-10-16,-0.0024404717077862736
2024-10-17,-0.0054400649502396314
2024-10-18,-0.004313362301259338
2024-10-21,-0.008310737157623871
2024-10-22,-0.0060190791367952245
2024-10-23,-0.01154827402442804
2024-10-24,-0.008586351974038786
2024-10-25,-0.008167230851879648
2024-10-28,-0.011439510897718441
2024-10-29,-0.009864819638308653
2024-10-30,-0.009778165926762394
2024-10-31,-0.01564618837457077
2024-11-01,-0.018016882966913728
2024-11-04,-0.012979027117850817
2024-11-05,-0.006923717942937668
2024-11-06,-0.005667503382352779
2024-11-07,0.0
2024-11-08,0.0
2024-11-11,-0.0032862213112075933
2024-11-12,-0.008650850215852324
2024-11-13,-0.010529089909674827
2024-11-14,-0.012475330998980239
2024-11-15,-0.018149379407874533
2024-11-18,-0.012641873995346664
2024-11-19,-0.00965854405405242
2024-11-20,-0.010551254010419897
2024-11-21,-0.008469744689142078
2024-11-22,-0.007491504430878204
2024-11-25,-0.002968229860350502
2024-11-26,-0.0025985028332481397
2024-11-27,-0.00282418095820669
2024-11-29,0.0
2024-12-02,0.0
2024-12-03,0.0
2024-12-04,0.0
2024-12-05,-0.0007921290500361167
2024-12-06,0.0
2024-12-09,-0.0020602127198984244
2024-12-10,-0.0032286479283218927
2024-12-11,0.0
2024-12-12,-0.004969284983936784
2024-12-13,-0.006906895801788049
2024-12-16,-0.004468165091229603
2024-12-17,-0.006645863923775086
2024-12-18,-0.022195058701037218
2024-12-19,-0.025163990380271506
2024-12-20,-0.019008975045601062
2024-12-23,-0.01892946868233014
2024-12-24,-0.013350138103496945
2024-12-26,-0.013151530080283802
2024-12-27,-0.017863714157872135
2024-12-30,-0.0180601289503306
2024-12-31,-0.01975026518074452
2025-01-02,-0.01831001556069467
2025-01-03,-0.015566673280218768
2025-01-06,-0.013649448030380484
2025-01-07,-0.019467320929465903
2025-01-08,-0.018747881294420177
2025-01-10,-0.02217426124783095
2025-01-13,-0.02173949790621288
2025-01-14,-0.021409663793706346
2025-01-15,-0.008199846852222858
2025-01-16,-0.008898696726667876
2025-01-17,-0.005545942080412258
2025-01-21,-0.001549564605214937
2025-01-22,-0.0006935566529059356
2025-01-23,-0.0008634091261828791
2025-01-24,-0.000799839648291778
2025-01-27,-0.005719573947124523
2025-01-28,-0.0028527220305958334
2025-01-29,-0.004223507339717547
2025-01-30,-0.0014990153240010962
2025-01-31,-0.00443548977953212
2025-02-03,-0.004523673121569871
2025-02-04,-0.00033470390420009544
2025-02-05,0.0
2025-02-06,0.0
2025-02-07,-0.005022687807758608
2025-02-10,-0.0005043344798650873
2025-02-11,-0.0007942756514345284
2025-02-12,-0.00580908572633132
2025-02-13,0.0
2025-02-14,0.0
2025-02-18,0.0
2025-02-19,0.0
2025-02-20,-7.297265626982075e-05
2025-02-21,-0.005309696611994097
2025-02-24,-0.006770441034425589
2025-02-25,-0.006628311400453946
2025-02-26,-0.006116713096572024
2025-02-27,-0.013394657695347867
2025-02-28,-0.007217438173462543
2025-03-03,-0.012753877705034
2025-03-04,-0.016623849545174152
2025-03-05,-0.015154011479347806
2025-03-06,-0.02326787214125825
2025-03-07,-0.02071079351485161
2025-03-10,-0.029018113347360153
2025-03-11,-0.032421094432099506
2025-03-12,-0.031310779034574576
2025-03-13,-0.035377916217839256
2025-03-14,-0.028580647631908596
2025-03-17,-0.02445380110715878
2025-03-18,-0.02826201273655715
2025-03-19,-0.021374248571202292
2025-03-20,-0.022350609212549277
2025-03-21,-0.02377665384683625
2025-03-24,-0.01934986715409115
2025-03-25,-0.018059321457977395
2025-03-26,-0.024362760905593528
2025-03-27,-0.025841417809935652
2025-03-28,-0.030121542120315037
2025-03-31,-0.025489137529627115
2025-04-01,-0.022136484995975647
2025-04-02,-0.018978584973096235
2025-04-03,-0.03936719131348965
2025-04-04,-0.061731628816819484
2025-04-07,-0.07136522141547308
2025-04-08,-0.08293342212715193
2025-04-09,-0.04241343412186993
2025-04-10,-0.06390991612669072
2025-04-11,-0.05638006729508371
2025-04-14,-0.0512814575426348
2025-04-15,-0.050243916766045005
2025-04-16,-0.05388818597535716
2025-04-17,-0.05256330646378693
2025-04-21,-0.06435969803613684
2025-04-22,-0.05534600783943944
2025-04-23,-0.049059180719762674
2025-04-24,-0.03712739651829433
2025-04-25,-0.03283160495592763
2025-04-28,-0.032036726277698935
2025-04-29,-0.030048535547839594
2025-04-30,-0.03476593671219952
2025-05-01,-0.03289145151125272
2025-05-02,-0.029688877772946487
2025-05-05,-0.03274609488488733
2025-05-06,-0.03259686918963067
2025-05-07,-0.03199919833369069
2025-05-08,-0.030679704514684603
2025-05-09,-0.029733788171367626
2025-05-12,-0.01888023403638639
2025-05-13,-0.01440912210700096
2025-05-14,-0.01658440779155923
2025-05-15,-0.01406018494676431
2025-05-16,-0.012263499194748007
2025-05-19,-0.012484260561530403
2025-05-20,-0.013086198905863045
2025-05-21,-0.022504301206762056
2025-05-22,-0.021061187607561926
2025-05-23,-0.022065334807221393
2025-05-27,-0.013160360297661988
2025-05-28,-0.016069317225416047
2025-05-29,-0.013630951197017516
2025-05-30,-0.014000717321280942
2025-06-02,-0.011439928857514103
2025-06-03,-0.008690770441548201
2025-06-04,-0.005179777031631749
2025-06-05,-0.0071050732224863244
2025-06-06,-0.006099527295865492
2025-06-09,-0.0049355069760800285
2025-06-10,-0.0020535815868436558
2025-06-11,0.0
2025-06-12,0.0
2025-06-13,-0.0022742953943732935
2025-06-16,-0.000669921939263074
2025-06-17,0.0
2025-06-18,0.0
2025-06-20,0.0
2025-06-23,-0.00041493947955784094
2025-06-24,0.0
2025-06-25,0.0
2025-06-26,0.0
2025-06-27,-0.0005991435561951697
2025-06-30,0.0
2025-07-01,0.0
2025-07-02,0.0
2025-07-03,0.0
2025-07-07,-0.0050561337758647795
2025-07-08,-0.005529340621776457
2025-07-09,-0.0011153090741525817
2025-07-10,-0.0011942332232959263
2025-07-11,-0.0034280402756334816
2025-07-14,-0.004035849019727755
2025-07-15,-0.007201009797294322
2025-07-16,-0.0052200291371203855
2025-07-17,-0.001883370239220028
2025-07-18,-0.0010294943276190072
2025-07-21,0.0
2025-07-22,0.0
2025-07-23,0.0
2025-07-24,-0.00043536427839829805
2025-07-25,0.0
2025-07-28,0.0
2025-07-29,0.0
2025-07-30,-0.0022103246963601775
2025-07-31,-0.0042692633293544
2025-08-01,-0.007090971680414726
2025-08-04,-0.00194261310792887
2025-08-05,-0.004091858103336121
2025-08-06,-0.002683031994662244
2025-08-07,-0.002910022740243434
2025-08-08,-0.0018128182875176702
2025-08-11,-0.0018410255285924437
2025-08-12,0.0
2025-08-13,0.0
2025-08-14,-0.0017417216147835868
2025-08-15,-0.003950130918814798
2025-08-18,-0.004735519333322946
2025-08-19,-0.0065915908441593896
2025-08-20,-0.005744555548547359
2025-08-21,-0.007818952839850013
2025-08-22,0.0
2025-08-25,-0.0017183473993231946
2025-08-26,-0.0009866126454411983
2025-08-27,-7.22196686647747e-05
2025-08-28,0.0
2025-08-29,-0.0036386579577263323
2025-09-02,-0.005469554242822694
2025-09-03,-0.0019634563111989856
2025-09-04,0.0
2025-09-05,0.0
2025-09-08,0.0
2025-09-09,-0.0004201487444749352
2025-09-10,0.0
2025-09-11,0.0
2025-09-12,-0.0002928495847394075
2025-09-15,0.0
2025-09-16,0.0
2025-09-17,-0.002495277321141076
2025-09-18,-0.0027616628944175936
2025-09-19,-0.0025849695120430116
2025-09-22,-0.0019429578715699503
2025-09-23,-0.0011347185137097204
2025-09-24,-0.0026431611825502577
2025-09-25,-0.004044946423099827
2025-09-26,-0.0019338823279594353
2025-09-29,-8.473016478272033e-05
2025-09-30,-0.0002423577623201778
2025-10-01,0.0
2025-10-02,0.0
2025-10-03,-0.0004700297745253712
2025-10-06,0.0
2025-10-07,0.0
2025-10-08,0.0
2025-10-09,-0.0029245420427532753
2025-10-10,-0.01131877792664171
2025-10-13,-0.0036865194203788976
2025-10-14,-0.004132643462659957
2025-10-15,-0.001975618456593775
2025-10-16,-0.0034653561477787642
2025-10-17,-0.001834366040400437
2025-10-20,0.0
2025-10-21,-0.0008883618330549625
2025-10-22,-0.0006205508787546776
2025-10-23,0.0
2025-10-24,0.0
2025-10-27,0.0
2025-10-28,-0.00020104071300752757
2025-10-29,-0.002564686744374156
2025-10-30,-0.007353293769575164
2025-10-31,-0.006713796103249958
2025-11-03,-0.006831847095599364
2025-11-04,-0.010484423775265928
2025-11-05,-0.011618735342273423
2025-11-06,-0.012354833921350283
2025-11-07,-0.012273426202439097
2025-11-10,-0.005747882867498166
2025-11-11,-0.002994485650577028
2025-11-12,-0.004625747679582903
2025-11-13,-0.012797728979090928
2025-11-14,-0.0136669523149191
2025-11-17,-0.016237318656781463
2025-11-18,-0.0174882520307581
2025-11-19,-0.01772417815312477
2025-11-20,-0.02244950917324451
2025-11-21,-0.018824833052155543
2025-11-24,-0.01196952873711854
2025-11-25,-0.008494480771838564
2025-11-26,-0.004004603570188281
2025-11-28,-0.0017823976461637248
2025-12-01,-0.005980057347920842
2025-12-02,-0.005113589617027459
2025-12-03,-0.0025882639109461314
2025-12-04,-0.0031461485248249765
2025-12-05,-0.0027019973530794106
2025-12-08,-0.00656513121568858
2025-12-09,-0.007243102137587831
2025-12-10,-0.002633418651011521
2025-12-11,-0.0027939307933971813
2025-12-12,-0.010069395934913294
2025-12-15,-0.010860351680325842
2025-12-16,-0.011283666146987392
2025-12-17,-0.013648216966788418
2025-12-18,-0.010207763769920053
2025-12-19,-0.007725836610967374
2025-12-22,-0.00463649609274297
2025-12-23,-0.0013591049243216746
2025-12-24,0.0
2025-12-26,-0.00032177438717895246
2025-12-29,-0.0016226469725370007
2025-12-30,-0.0014298242544116269
2025-12-31,-0.007331320655284523
2026-01-02,-0.006987465461986919
2026-01-05,-0.0006579176154885014
2026-01-06,0.0
2026-01-07,-0.0007828972399538392
2026-01-08,-0.0003797444880062617
2026-01-09,0.0
2026-01-12,0.0
2026-01-13,0.0
2026-01-14,-8.264570588567555e-05
2026-01-15,-0.000591648257577515
2026-01-16,-0.0023281810203029663
2026-01-20,-0.009883251836794393
2026-01-21,-0.0022978683863839056
2026-01-22,0.0
2026-01-23,0.0
2026-01-26,0.0
2026-01-27,0.0
2026-01-28,0.0
2026-01-29,0.0
2026-01-30,-0.006852020905785627
2026-02-02,-0.01082457075795673
2026-02-03,-0.009641014080711607
2026-02-04,-0.012305209536410566
2026-02-05,-0.015880907778026976
2026-02-06,-0.008101516125531338
2026-02-09,-0.0049621806326841655
2026-02-10,-0.00412804302021752
2026-02-11,-0.0039814448807068414
2026-02-12,-0.008686541627372035
2026-02-13,-0.006359155696482377
2026-02-17,-0.0074482733640915955
2026-02-18,-0.00293310868422747
2026-02-19,-0.002125288365576905
2026-02-20,0.0
2026-02-23,-0.0016351430718390958
2026-02-24,0.0
2026-02-25,0.0
2026-02-26,-0.0011666806205371527
2026-02-27,0.0
2026-03-02,0.0
2026-03-03,-0.002966630542957538
2026-03-04,0.0
2026-03-05,-0.001588355444853029
2026-03-06,-0.0023465777158543366
2026-03-09,0.0
2026-03-10,-0.0011387949196383085
2026-03-11,-0.0026371799111247762
2026-03-12,-0.005762446549095412
2026-03-13,-0.00976510679747633
2026-03-16,-0.00606898122315247
2026-03-17,-0.0009590571420076133
2026-03-18,-0.005273671089795151
2026-03-19,-0.005582609960868901
2026-03-20,-0.01652829926221966
2026-03-23,-0.0157326371326022
2026-03-24,-0.01640146084519789
2026-03-25,-0.0120435936665656
2026-03-26,-0.019791253286390642
2026-03-27,-0.023167772567372458
2026-03-30,-0.01997956151107594
2026-03-31,-0.010809365626048284
2026-04-01,-0.009388237086760398
2026-04-02,-0.003712877001227466
2026-04-06,-0.0016056406582127813
2026-04-07,-0.0019219124858695924
2026-04-08,0.0
2026-04-09,0.0
2026-04-10,-0.0028524912548317793
2026-04-13,0.0
2026-04-14,0.0
2026-04-15,0.0
2026-04-16,-8.098776856013679e-05
2026-04-17,0.0
2026-04-20,0.0
2026-04-21,-0.0011302229556237053
2026-04-22,0.0
2026-04-23,-0.00034645130279098435
2026-04-24,0.0
2026-04-27,0.0
2026-04-28,-0.0005414043733122931
2026-04-29,0.0
2026-04-30,0.0
2026-05-01,0.0
2026-05-04,-0.0013365391705102425
2026-05-05,0.0
2026-05-06,0.0
2026-05-07,-0.0028395265603449182
2026-05-08,0.0
2026-05-11,0.0
2026-05-12,-0.00023761804716371238
2026-05-13,0.0
2026-05-14,0.0
2026-05-15,-0.008027692719839385
2026-05-18,-0.007742607734780527
2026-05-19,-0.010828664933021148
2026-05-20,-0.006179054127165906
2026-05-21,-0.005426791898974659
2026-05-22,-0.0038222667622562767
2026-05-26,-0.0011594400132890481
2026-05-27,-0.003211652154070488
2026-05-28,0.0
2026-05-29,0.0
2026-06-01,0.0
2026-06-02,0.0
2026-06-03,-0.0025504857939422365
2026-06-04,-0.002762558696286277
2026-06-05,-0.01697477482181342
2026-06-08,-0.014980942663923136
