date,value
2007-01-03,0.0
2007-01-04,0.0
2007-01-05,-0.0006236967810052674
2007-01-08,-0.001248127558436174
2007-01-09,-0.0008742564699617539
2007-01-10,-0.0011231479852233939
2007-01-11,-0.0018721579741808325
2007-01-12,-0.002495788028238355
2007-01-16,-0.001497219254541604
2007-01-17,-0.0018721579741809435
2007-01-18,-0.0014972192545417151
2007-01-19,-0.0016217984660680251
2007-01-22,-0.001248127558436618
2007-01-23,-0.0017469114931766283
2007-01-24,-0.001248127558436618
2007-01-25,-0.0019971375473940567
2007-01-26,-0.0018721579741810546
2007-01-29,-0.0017469114931766283
2007-01-30,-0.001497219254541604
2007-01-31,-0.001274067939643686
2007-02-01,0.0
2007-02-02,0.0
2007-02-05,0.0
2007-02-06,0.0
2007-02-07,0.0
2007-02-08,0.0
2007-02-09,-0.006217283096137671
2007-02-12,-0.009693705520604223
2007-02-13,-0.0037578181341129113
2007-02-14,0.0
2007-02-15,0.0
2007-02-16,-0.001006695510017086
2007-02-20,0.0
2007-02-21,0.0
2007-02-22,0.0
2007-02-23,-0.002087402029390395
2007-02-26,-0.0029588757505040197
2007-02-27,-0.03821718125383822
2007-02-28,-0.03017655837964006
2007-03-01,-0.033634556906605995
2007-03-02,-0.047129469477402264
2007-03-05,-0.05518321432283679
2007-03-06,-0.040596732881244546
2007-03-07,-0.04161496088155214
2007-03-08,-0.03518206568743143
2007-03-09,-0.03570931655735654
2007-03-12,-0.033324034895669596
2007-03-13,-0.049198457042037624
2007-03-14,-0.04181322914323782
2007-03-15,-0.04143860315103576
2007-03-16,-0.04224992421611107
2007-03-19,-0.033260089100597856
2007-03-20,-0.02781335231510329
2007-03-21,-0.013489457813759875
2007-03-22,-0.01484263781091133
2007-03-23,-0.015573806192176187
2007-03-26,-0.014412595773867998
2007-03-27,-0.01739347422299775
2007-03-28,-0.023212545731208678
2007-03-29,-0.023008565268576198
2007-03-30,-0.022930049336684633
2007-04-02,-0.021818606633319915
2007-04-03,-0.01297316509070412
2007-04-04,-0.009978479322723333
2007-04-05,-0.00734838031434315
2007-04-09,-0.0077250991104520494
2007-04-10,-0.004933922095053833
2007-04-11,-0.009582069333491261
2007-04-12,-0.005518153123505898
2007-04-13,-0.0011819917153474968
2007-04-16,0.0
2007-04-17,0.0
2007-04-18,0.0
2007-04-19,-0.0007840306726061286
2007-04-20,0.0
2007-04-23,-0.002518044684831633
2007-04-24,-0.001953944668474983
2007-04-25,0.0
2007-04-26,0.0
2007-04-27,0.0
2007-04-30,-0.008315848398561698
2007-05-01,-0.007542944848028199
2007-05-02,-0.0019790415376503834
2007-05-03,0.0
2007-05-04,0.0
2007-05-07,0.0
2007-05-08,-0.000832354971252891
2007-05-09,0.0
2007-05-10,-0.010793528854491252
2007-05-11,-0.002456748879770876
2007-05-14,-0.0053954341458059
2007-05-15,-0.006463273454378582
2007-05-16,-0.0015858587915164035
2007-05-17,-0.004565156838957529
2007-05-18,0.0
2007-05-21,0.0
2007-05-22,-0.0010083944277886614
2007-05-23,-0.00141824279665681
2007-05-24,-0.01087474818553169
2007-05-25,-0.006726521855161982
2007-05-29,-0.003220593690716811
2007-05-30,0.0
2007-05-31,0.0
2007-06-01,0.0
2007-06-04,0.0
2007-06-05,-0.002772922414137402
2007-06-06,-0.011406126615187806
2007-06-07,-0.02734969456809
2007-06-08,-0.01917431989647511
2007-06-11,-0.018011875600739802
2007-06-12,-0.02702302886778618
2007-06-13,-0.015330723684845005
2007-06-14,-0.010077066201216955
2007-06-15,-0.004505470802182665
2007-06-18,-0.004954825376407901
2007-06-19,-0.0025759029632229646
2007-06-20,-0.014829017758654639
2007-06-21,-0.00979943772234726
2007-06-22,-0.01672703239084594
2007-06-25,-0.021482166963058158
2007-06-26,-0.029583486379432533
2007-06-27,-0.018576760982201623
2007-06-28,-0.018344523657409684
2007-06-29,-0.01808186362172981
2007-07-02,-0.009065879416958578
2007-07-03,-0.006367676878569095
2007-07-05,-0.006406435429736179
2007-07-06,-0.0015150662008005522
2007-07-09,0.0
2007-07-10,-0.010133853612476318
2007-07-11,-0.005572195273087166
2007-07-12,0.0
2007-07-13,0.0
2007-07-16,-0.0005566664294495149
2007-07-17,0.0
2007-07-18,-0.0007485164613527662
2007-07-19,0.0
2007-07-20,-0.006554494439055314
2007-07-23,-0.005028532117793194
2007-07-24,-0.018895636754064027
2007-07-25,-0.019172093529256418
2007-07-26,-0.03799381674966784
2007-07-27,-0.05518791257330291
2007-07-30,-0.04267994699137867
2007-07-31,-0.05281694574602258
2007-08-01,-0.04856767681038654
2007-08-02,-0.04177364670651906
2007-08-03,-0.05905936159930891
2007-08-06,-0.047858460133633374
2007-08-07,-0.03979181936973342
2007-08-08,-0.02810168358602627
2007-08-09,-0.05188513002865991
2007-08-10,-0.054839385916740535
2007-08-13,-0.051270457524407065
2007-08-14,-0.06389540776915392
2007-08-15,-0.07489556027679811
2007-08-16,-0.0746881395248512
2007-08-17,-0.05957918635554671
2007-08-20,-0.059695637104150046
2007-08-21,-0.05714187780069069
2007-08-22,-0.04665398286647937
2007-08-23,-0.04723443625852208
2007-08-24,-0.036080072194354273
2007-08-27,-0.0423030320334844
2007-08-28,-0.060392996168017854
2007-08-29,-0.04288099088092845
2007-08-30,-0.043605069497718474
2007-08-31,-0.03390389464368215
2007-09-04,-0.022840936612590568
2007-09-05,-0.029668859640704648
2007-09-06,-0.0266776181430608
2007-09-07,-0.03876415355822771
2007-09-10,-0.03926014208520323
2007-09-11,-0.02759669884756255
2007-09-12,-0.025697059047107174
2007-09-13,-0.021498442939486995
2007-09-14,-0.020582883310296896
2007-09-17,-0.023552925372592126
2007-09-18,0.0
2007-09-19,0.0
2007-09-20,-0.005428105563184293
2007-09-21,-0.0026719110754185316
2007-09-24,-0.002273088696962855
2007-09-25,-0.0012560091758513359
2007-09-26,0.0
2007-09-27,0.0
2007-09-28,-0.0021926696032941173
2007-10-01,0.0
2007-10-02,-0.004641927332548423
2007-10-03,-0.007446811261051178
2007-10-04,-0.0026403534842902587
2007-10-05,-0.0008234357243488422
2007-10-08,-0.005065593604206442
2007-10-09,-0.0016655381370238587
2007-10-10,-0.0009544219452694014
2007-10-11,-0.0004740601017571011
2007-10-12,0.0
2007-10-15,-0.0002102614206590525
2007-10-16,-0.0018652564352071854
2007-10-17,0.0
2007-10-18,0.0
2007-10-19,-0.003149071535906267
2007-10-22,-0.005508501971579038
2007-10-23,-0.0016933162117948042
2007-10-24,0.0
2007-10-25,0.0
2007-10-26,0.0
2007-10-29,0.0
2007-10-30,-0.0043681103721739944
2007-10-31,-0.00034051925505707015
2007-11-01,-0.004325824394641353
2007-11-02,0.0
2007-11-05,-0.0022926489468941824
2007-11-06,0.0
2007-11-07,-0.003203484732874129
2007-11-08,-0.004539867824932653
2007-11-09,-0.0058998432991683725
2007-11-12,-0.01862327770940586
2007-11-13,-0.010234705372262787
2007-11-14,-0.006900089100954077
2007-11-15,-0.014531067499613193
2007-11-16,-0.014392722758720056
2007-11-19,-0.01702858266217977
2007-11-20,-0.008783559601868607
2007-11-21,-0.01197393450773887
2007-11-23,-0.0013493542754695609
2007-11-26,-0.0010797449964831118
2007-11-27,-0.0050285733349284545
2007-11-28,-0.0006115464354295996
2007-11-29,-0.001969905769795055
2007-11-30,-0.0039583958182313195
2007-12-03,0.0
2007-12-04,0.0
2007-12-05,-0.009023281012091156
2007-12-06,-0.012775481968118618
2007-12-07,-0.021546025985694328
2007-12-10,-0.02172263756604942
2007-12-11,-0.012324131303841024
2007-12-12,-0.014811382678673768
2007-12-13,-0.02639324902262208
2007-12-14,-0.02951358376620572
2007-12-17,-0.024703265140642805
2007-12-18,-0.018249397027951697
2007-12-19,-0.009961203886858616
2007-12-20,-0.012515560815462012
2007-12-21,-0.01789953832400004
2007-12-24,-0.020732351154020723
2007-12-26,-0.022702206146324122
2007-12-27,-0.015785591955421174
2007-12-28,-0.0028613403366646306
2007-12-31,-0.00022065932540704658
2008-01-02,0.0
2008-01-03,0.0
2008-01-04,-0.0006103635775894789
2008-01-07,0.0
2008-01-08,0.0
2008-01-09,0.0
2008-01-10,-0.0041770647324016474
2008-01-11,0.0
2008-01-14,0.0
2008-01-15,0.0
2008-01-16,-0.007092776176830573
2008-01-17,0.0
2008-01-18,-0.0018232089822283193
2008-01-22,0.0
2008-01-23,-0.0020978373347736445
2008-01-24,-0.009747454465164673
2008-01-25,0.0
2008-01-28,0.0
2008-01-29,-0.005507004405887361
2008-01-30,-0.007274812978406708
2008-01-31,-0.004277335791642467
2008-02-01,-0.004935310715042607
2008-02-04,-0.011612121051448931
2008-02-05,-0.009781983630594682
2008-02-06,-0.00865689695829841
2008-02-07,-0.019727342196280806
2008-02-08,-0.010136029865017382
2008-02-11,-0.006875397553591456
2008-02-12,-0.014699729501630898
2008-02-13,-0.020643934403461017
2008-02-14,-0.028828945249665616
2008-02-15,-0.02577701257895726
2008-02-19,-0.026522260484676874
2008-02-20,-0.019179761594153022
2008-02-21,-0.012385043516640493
2008-02-22,-0.01569453613655969
2008-02-25,-0.023403695318199857
2008-02-26,-0.020887050550984387
2008-02-27,-0.01790068859196825
2008-02-28,-0.004456393511021672
2008-02-29,0.0
2008-03-03,0.0
2008-03-04,-0.010115298396864092
2008-03-05,-0.012058993538135443
2008-03-06,-0.010767554827446846
2008-03-07,-0.010928511995039747
2008-03-10,-0.002420099308286794
2008-03-11,-0.008280696139082888
2008-03-12,0.0
2008-03-13,-0.0020474881669383382
2008-03-14,0.0
2008-03-17,0.0
2008-03-18,-0.008413501998679962
2008-03-19,-0.005454844181984497
2008-03-20,-0.010904672538489701
2008-03-24,-0.02278990425089067
2008-03-25,-0.01448435103995882
2008-03-26,-0.014258242258738618
2008-03-27,-0.01892070322613182
2008-03-28,-0.016421472680392513
2008-03-31,-0.017421870585553445
2008-04-01,-0.03544411951056059
2008-04-02,-0.02902031171070618
2008-04-03,-0.027533457824346352
2008-04-04,-0.02006007537938681
2008-04-07,-0.021524782993315617
2008-04-08,-0.025213496574768124
2008-04-09,-0.014580964737290314
2008-04-10,-0.017746321164210932
2008-04-11,-0.014454908838966163
2008-04-14,-0.018444303091274428
2008-04-15,-0.024823305951282015
2008-04-16,-0.027546847990180923
2008-04-17,-0.030380678364053226
2008-04-18,-0.035062719882943294
2008-04-21,-0.033726306032319964
2008-04-22,-0.031621907015665474
2008-04-23,-0.03580178907356779
2008-04-24,-0.04556326240319264
2008-04-25,-0.04877937955764322
2008-04-28,-0.045917163928756
2008-04-29,-0.04787872600627496
2008-04-30,-0.0415696064026817
2008-05-01,-0.047758095207246165
2008-05-02,-0.053876957727926666
2008-05-05,-0.049890854950291
2008-05-06,-0.05309081943984806
2008-05-07,-0.05219728096952425
2008-05-08,-0.043796202976574605
2008-05-09,-0.04121603160826681
2008-05-12,-0.04339796888149661
2008-05-13,-0.05351608259980278
2008-05-14,-0.053825485346164714
2008-05-15,-0.04451180081701889
2008-05-16,-0.04221544380870268
2008-05-19,-0.040633478865168104
2008-05-20,-0.03411094578385665
2008-05-21,-0.03194192820198616
2008-05-22,-0.041387444679226726
2008-05-23,-0.037973086231937736
2008-05-27,-0.046024840312788085
2008-05-28,-0.051926124245356364
2008-05-29,-0.061682122191690225
2008-05-30,-0.05566756501679415
2008-06-02,-0.05200810062349892
2008-06-03,-0.04996683762577814
2008-06-04,-0.05561516065959049
2008-06-05,-0.05969647911750475
2008-06-06,-0.046464716287285435
2008-06-09,-0.04972181574200207
2008-06-10,-0.05913630156147598
2008-06-11,-0.0568974289584393
2008-06-12,-0.06655123802130436
2008-06-13,-0.06703989335548022
2008-06-16,-0.06423485251840166
2008-06-17,-0.0622173743569413
2008-06-18,-0.055083464720048214
2008-06-19,-0.05849596483541675
2008-06-20,-0.053734278342116304
2008-06-23,-0.0566971301136453
2008-06-24,-0.05175713480606481
2008-06-25,-0.051476249591653755
2008-06-26,-0.0401721764137517
2008-06-27,-0.03150466726219647
2008-06-30,-0.03140994725473378
2008-07-01,-0.030165592790791673
2008-07-02,-0.02603203042806812
2008-07-03,-0.02928936810201066
2008-07-07,-0.028265558601654583
2008-07-08,-0.025247370335159336
2008-07-09,-0.02096920205929642
2008-07-10,-0.0169242662614858
2008-07-11,-0.02229180601780134
2008-07-14,-0.015145579269350451
2008-07-15,-0.01451711903915509
2008-07-16,-0.02894117758772563
2008-07-17,-0.03267518171489736
2008-07-18,-0.03530111094873667
2008-07-21,-0.031022230059558176
2008-07-22,-0.03826406437866925
2008-07-23,-0.04465399196125941
2008-07-24,-0.03692455811358619
2008-07-25,-0.042196152453865876
2008-07-28,-0.03591756410346347
2008-07-29,-0.04082667012992658
2008-07-30,-0.042475442054128454
2008-07-31,-0.03518832884834422
2008-08-01,-0.03496261277477675
2008-08-04,-0.03939600604974858
2008-08-05,-0.048270722242593544
2008-08-06,-0.04933979552131673
2008-08-07,-0.04084593162187433
2008-08-08,-0.04313840478681319
2008-08-11,-0.05636387035562973
2008-08-12,-0.05215959659663849
2008-08-13,-0.05171235165821331
2008-08-14,-0.05311979568060421
2008-08-15,-0.052160418945739195
2008-08-18,-0.04688208404414551
2008-08-19,-0.04500486874125453
2008-08-20,-0.0440297508466615
2008-08-21,-0.03988611966712485
2008-08-22,-0.0434503370881959
2008-08-25,-0.037747494297637574
2008-08-26,-0.03661217567780528
2008-08-27,-0.035204495601271146
2008-08-28,-0.03329139832708461
2008-08-29,-0.03688820091463185
2008-09-02,-0.03718461543325369
2008-09-03,-0.03542014044828423
2008-09-04,-0.031885681253852494
2008-09-05,-0.03080188993906674
2008-09-08,-0.028753929552947866
2008-09-09,-0.0285133052420109
2008-09-10,-0.03784454515446989
2008-09-11,-0.041169933474270226
2008-09-12,-0.04208216597760461
2008-09-15,-0.01698021211612688
2008-09-16,-0.019404323644472865
2008-09-17,0.0
2008-09-18,-0.015640699209175102
2008-09-19,-0.027928398211604866
2008-09-22,-0.020613932616262542
2008-09-23,-0.024613945957344452
2008-09-24,-0.02518539777405371
2008-09-25,-0.027301977793648513
2008-09-26,-0.02264432622196888
2008-09-29,0.0
2008-09-30,-0.0254565848437468
2008-10-01,-0.015430358049188575
2008-10-02,-0.01859379858954202
2008-10-03,-0.012250837273566684
2008-10-06,0.0
2008-10-07,0.0
2008-10-08,-0.004546913719899237
2008-10-09,-0.008384632935513947
2008-10-10,-0.02700047336671174
2008-10-13,-0.038218170299397114
2008-10-14,-0.041395530699990246
2008-10-15,-0.03266428610574279
2008-10-16,-0.045108155097301705
2008-10-17,-0.05392185077602962
2008-10-20,-0.046360342892576734
2008-10-21,-0.048950948599377986
2008-10-22,-0.04790896314392534
2008-10-23,-0.04659863379625617
2008-10-24,-0.04831483166761452
2008-10-27,-0.04845522787570555
2008-10-28,-0.05230005702111751
2008-10-29,-0.05450929065603405
2008-10-30,-0.06278857128791027
2008-10-31,-0.073525507513165
2008-11-03,-0.0722990726350754
2008-11-04,-0.05048842967552103
2008-11-05,-0.0501363904867258
2008-11-06,-0.05569737415363041
2008-11-07,-0.059003561752185574
2008-11-10,-0.052862329636827576
2008-11-11,-0.05498651143620781
2008-11-12,-0.0564322763590821
2008-11-13,-0.06466481766735388
2008-11-14,-0.050602309553309244
2008-11-17,-0.04943434919098466
2008-11-18,-0.04225889265842686
2008-11-19,-0.027928006903423674
2008-11-20,0.0
2008-11-21,0.0
2008-11-24,-0.004656635335122505
2008-11-25,0.0
2008-11-26,0.0
2008-11-28,0.0
2008-12-01,0.0
2008-12-02,0.0
2008-12-03,-0.00014196684643719149
2008-12-04,0.0
2008-12-05,-0.012555526571285225
2008-12-08,-0.009670274171828974
2008-12-09,0.0
2008-12-10,0.0
2008-12-11,0.0
2008-12-12,0.0
2008-12-15,0.0
2008-12-16,0.0
2008-12-17,0.0
2008-12-18,0.0
2008-12-19,-0.002506685444094159
2008-12-22,-0.00548089749441194
2008-12-23,-0.008199173983472474
2008-12-24,-0.0074366123380054105
2008-12-26,-0.00014185005297295827
2008-12-29,0.0
2008-12-30,0.0
2008-12-31,-0.011202237106909596
2009-01-02,-0.02782917575991317
2009-01-05,-0.04642245007748724
2009-01-06,-0.05061905157513502
2009-01-07,-0.053828514670431926
2009-01-08,-0.050326511430870635
2009-01-09,-0.05054583715264027
2009-01-12,-0.051738355381830026
2009-01-13,-0.05083464810066185
2009-01-14,-0.04377765222135943
2009-01-15,-0.041603282551936904
2009-01-16,-0.04484738360750906
2009-01-20,-0.040676427490807465
2009-01-21,-0.05999412124544856
2009-01-22,-0.06979909103469972
2009-01-23,-0.06552594429099012
2009-01-26,-0.06977670040015027
2009-01-27,-0.057647049779804616
2009-01-28,-0.07388840857518142
2009-01-29,-0.08261224898474029
2009-01-30,-0.08053825639456236
2009-02-02,-0.07507800266774989
2009-02-03,-0.08926286579934084
2009-02-04,-0.09001585725434436
2009-02-05,-0.08757524722424392
2009-02-06,-0.09046423333227915
2009-02-09,-0.09134744608666523
2009-02-10,-0.07519938866617093
2009-02-11,-0.06378155815550124
2009-02-12,-0.06706244799678285
2009-02-13,-0.08355561416436275
2009-02-17,-0.060205425782305144
2009-02-18,-0.06244773157636341
2009-02-19,-0.07428417184572489
2009-02-20,-0.0648086141836891
2009-02-23,-0.05978156092550646
2009-02-24,-0.06627956010386982
2009-02-25,-0.07621960090398472
2009-02-26,-0.08214404964836886
2009-02-27,-0.08605405382025999
2009-03-02,-0.07991796042796029
2009-03-03,-0.08556069180971537
2009-03-04,-0.09040319655336337
2009-03-05,-0.06887538966729034
2009-03-06,-0.0721275991896756
2009-03-09,-0.0790197098806934
2009-03-10,-0.09468076407359627
2009-03-11,-0.0864982778095208
2009-03-12,-0.079969584048032
2009-03-13,-0.08219214049610268
2009-03-16,-0.09212157724312475
2009-03-17,-0.09664836326105408
2009-03-18,-0.06930330100894322
2009-03-19,-0.06630895821909888
2009-03-20,-0.07070048566527953
2009-03-23,-0.07868262296164108
2009-03-24,-0.07592665436717971
2009-03-25,-0.08134168859813495
2009-03-26,-0.07480742859648104
2009-03-27,-0.0730974011530503
2009-03-30,-0.0722441419006905
2009-03-31,-0.067384153044455
2009-04-01,-0.06076934945561174
2009-04-02,-0.07257057842000947
2009-04-03,-0.08690422860530078
2009-04-06,-0.09395331719477096
2009-04-07,-0.08938502749283284
2009-04-08,-0.08481847709035373
2009-04-09,-0.0925576523863667
2009-04-13,-0.08390936700641927
2009-04-14,-0.0819462665941626
2009-04-15,-0.08254072203319962
2009-04-16,-0.09070171416928519
2009-04-17,-0.09814240511350347
2009-04-20,-0.08611470524157316
2009-04-21,-0.09163658104545958
2009-04-22,-0.09391792918403574
2009-04-23,-0.09115603155595386
2009-04-24,-0.09474796046495304
2009-04-27,-0.09364272202378232
2009-04-28,-0.10526520593015443
2009-04-29,-0.10875269242533048
2009-04-30,-0.11286056457483762
2009-05-01,-0.11730759318510375
2009-05-04,-0.11217374981281492
2009-05-05,-0.1136532963074448
2009-05-06,-0.11221317160462585
2009-05-07,-0.12566992414639455
2009-05-08,-0.1232147214399405
2009-05-11,-0.11600627673785302
2009-05-12,-0.11210828159872321
2009-05-13,-0.10547226838639845
2009-05-14,-0.1034385533045582
2009-05-15,-0.10259951946653922
2009-05-18,-0.11345149968663482
2009-05-19,-0.11497900744850376
2009-05-20,-0.10665109162994213
2009-05-21,-0.11726607252194532
2009-05-22,-0.12253980511697626
2009-05-26,-0.13143353699136362
2009-05-27,-0.14127045230631008
2009-05-28,-0.13237999955817337
2009-05-29,-0.11508283613072579
2009-06-01,-0.131790571947345
2009-06-02,-0.1279074632548246
2009-06-03,-0.12621092186161542
2009-06-04,-0.13384121285877826
2009-06-05,-0.14347660634151527
2009-06-08,-0.14551934298307556
2009-06-09,-0.14469208909579545
2009-06-10,-0.15273359544158105
2009-06-11,-0.14735332324598605
2009-06-12,-0.14536322320329964
2009-06-15,-0.1426081150607148
2009-06-16,-0.13190696862925244
2009-06-17,-0.13385883656887299
2009-06-18,-0.1434027615660458
2009-06-19,-0.13571196491742643
2009-06-22,-0.13300788757560522
2009-06-23,-0.12615587581761956
2009-06-24,-0.13041910299020776
2009-06-25,-0.11888573181671669
2009-06-26,-0.11794387794652372
2009-06-29,-0.11763852941808894
2009-06-30,-0.12099422062653442
2009-07-01,-0.1179613228034323
2009-07-02,-0.13327325436986048
2009-07-06,-0.1372373318044281
2009-07-07,-0.14827575001022741
2009-07-08,-0.1467474764464083
2009-07-09,-0.1421209407183993
2009-07-10,-0.14415694516541933
2009-07-13,-0.13477702348526177
2009-07-14,-0.13158532075670792
2009-07-15,-0.1159121747146512
2009-07-16,-0.1146976224185069
2009-07-17,-0.11117771261663023
2009-07-20,-0.10165475372132393
2009-07-21,-0.09628616564798731
2009-07-22,-0.09620322004222392
2009-07-23,-0.08593777954669413
2009-07-24,-0.0821720966852384
2009-07-27,-0.08070195101940025
2009-07-28,-0.0829828956094445
2009-07-29,-0.08269842788738357
2009-07-30,-0.0751710177723719
2009-07-31,-0.06595245700895391
2009-08-03,-0.060476425159459946
2009-08-04,-0.060245933185984035
2009-08-05,-0.062101864197412815
2009-08-06,-0.0669606411167667
2009-08-07,-0.06098010365871154
2009-08-10,-0.060708371094335134
2009-08-11,-0.0652392870546149
2009-08-12,-0.06340449104716406
2009-08-13,-0.061525129774516185
2009-08-14,-0.06656811785496186
2009-08-17,-0.08368328796428348
2009-08-18,-0.07603684183975379
2009-08-19,-0.07060244143566807
2009-08-20,-0.06700592930168248
2009-08-21,-0.05531867186970796
2009-08-24,-0.057185898617528985
2009-08-25,-0.05573276775517011
2009-08-26,-0.05330787138960891
2009-08-27,-0.054371870973416225
2009-08-28,-0.05139260377371224
2009-08-31,-0.05466430523791943
2009-09-01,-0.07109988954170976
2009-09-02,-0.07158422183886515
2009-09-03,-0.0638960711207388
2009-09-04,-0.05121585270114504
2009-09-08,-0.04326836819814217
2009-09-09,-0.03846520636785167
2009-09-10,-0.02864016114241641
2009-09-11,-0.02656815266080592
2009-09-14,-0.023667014648413587
2009-09-15,-0.018976478373925354
2009-09-16,-0.0049410722673512986
2009-09-17,-0.006271926074637557
2009-09-18,-0.00650631089602105
2009-09-21,-0.007660079874082015
2009-09-22,-0.0026133298112152037
2009-09-23,-0.009060812398922646
2009-09-24,-0.018485128545919882
2009-09-25,-0.024224909598129174
2009-09-28,-0.0095966983082717
2009-09-29,-0.011999405373769978
2009-09-30,-0.012734893809888237
2009-10-01,-0.036832952883461334
2009-10-02,-0.039583708716413146
2009-10-05,-0.026725881146316133
2009-10-06,-0.012848080215724034
2009-10-07,-0.009851446553202914
2009-10-08,-0.002587424984480724
2009-10-09,0.0
2009-10-12,0.0
2009-10-13,-0.0005261772052305158
2009-10-14,0.0
2009-10-15,0.0
2009-10-16,-0.005485499772285851
2009-10-19,0.0
2009-10-20,-0.0037142327442469814
2009-10-21,-0.008956114159916262
2009-10-22,-0.0012115996788871763
2009-10-23,-0.009478990215765926
2009-10-26,-0.01805867062047517
2009-10-27,-0.024506501847888273
2009-10-28,-0.04261783438545386
2009-10-29,-0.023849264561010663
2009-10-30,-0.04713176230541549
2009-11-02,-0.04007759224537111
2009-11-03,-0.035116639430756935
2009-11-04,-0.03256878826701093
2009-11-05,-0.017145206432741422
2009-11-06,-0.013933806931237247
2009-11-09,0.0
2009-11-10,0.0
2009-11-11,0.0
2009-11-12,-0.008391579051699405
2009-11-13,-0.0023303050504090983
2009-11-16,0.0
2009-11-17,0.0
2009-11-18,-0.0015033794895998875
2009-11-19,-0.012163926428785832
2009-11-20,-0.01472414859833815
2009-11-23,-0.0029645366609513113
2009-11-24,-0.0022829159026449553
2009-11-25,0.0
2009-11-27,-0.014817118517437944
2009-11-30,-0.011775638136094946
2009-12-01,-0.0004232499674948764
2009-12-02,0.0
2009-12-03,-0.005783330095591399
2009-12-04,-0.0050776101747878055
2009-12-07,-0.007371943619437493
2009-12-08,-0.01698243967257007
2009-12-09,-0.01289157589663703
2009-12-10,-0.008095405490446295
2009-12-11,-0.007613743458327216
2009-12-14,-1.801787258648435e-05
2009-12-15,-0.004059209627654048
2009-12-16,-0.0014026045618553695
2009-12-17,-0.01489299859798765
2009-12-18,-0.006916862446380012
2009-12-21,-0.00015627681839247565
2009-12-22,0.0
2009-12-23,0.0
2009-12-24,0.0
2009-12-28,0.0
2009-12-29,-0.0032039199661922924
2009-12-30,-0.0028885427282294707
2009-12-31,-0.009931767120684887
2010-01-04,0.0
2010-01-05,0.0
2010-01-06,0.0
2010-01-07,0.0
2010-01-08,0.0
2010-01-11,0.0
2010-01-12,-0.010702543067424686
2010-01-13,-0.002063527917243957
2010-01-14,0.0
2010-01-15,-0.010509465186199884
2010-01-19,0.0
2010-01-20,-0.011436556537980147
2010-01-21,-0.02766241572778705
2010-01-22,-0.04745532030621935
2010-01-25,-0.04345946405538259
2010-01-26,-0.04549987970384384
2010-01-27,-0.04214979943981778
2010-01-28,-0.05412368309428306
2010-01-29,-0.06453518833478167
2010-02-01,-0.05119031211148828
2010-02-02,-0.0416194268523562
2010-02-03,-0.0433194912898891
2010-02-04,-0.07174179786312129
2010-02-05,-0.06928985499790263
2010-02-08,-0.07563818484157903
2010-02-09,-0.065362875895423
2010-02-10,-0.06836564304686776
2010-02-11,-0.05753992080568837
2010-02-12,-0.057757316246669355
2010-02-16,-0.04324692748999637
2010-02-17,-0.03903612462529282
2010-02-18,-0.03287595453198944
2010-02-19,-0.03155652534878084
2010-02-22,-0.032072013325233684
2010-02-23,-0.04338366135964766
2010-02-24,-0.036258781911025606
2010-02-25,-0.03622081393144516
2010-02-26,-0.03352156159743436
2010-03-01,-0.02461886331519192
2010-03-02,-0.02034773814199331
2010-03-03,-0.018969341376471327
2010-03-04,-0.017166278137167756
2010-03-05,-0.005205218727147742
2010-03-08,-0.0055278650863033185
2010-03-09,-0.0031385738332515567
2010-03-10,0.0
2010-03-11,0.0
2010-03-12,-0.00048154149178059047
2010-03-15,-0.0005660858466245422
2010-03-16,0.0
2010-03-17,0.0
2010-03-18,0.0
2010-03-19,-0.006610842305693976
2010-03-22,-0.0016380734879436476
2010-03-23,0.0
2010-03-24,-0.005787615440508209
2010-03-25,-0.006362521362736406
2010-03-26,-0.004862312384557699
2010-03-29,0.0
2010-03-30,0.0
2010-03-31,-0.0024031205306204173
2010-04-01,0.0
2010-04-05,0.0
2010-04-06,0.0
2010-04-07,-0.0024574653389274337
2010-04-08,0.0
2010-04-09,0.0
2010-04-12,0.0
2010-04-13,0.0
2010-04-14,0.0
2010-04-15,0.0
2010-04-16,-0.014869192612661508
2010-04-19,-0.013029174414876277
2010-04-20,-0.005406401669444061
2010-04-21,-0.004603250599821029
2010-04-22,-0.002413765631592235
2010-04-23,0.0
2010-04-26,-0.0030901056983655417
2010-04-27,-0.021064385718109646
2010-04-28,-0.0166904521081086
2010-04-29,-0.005298244479406411
2010-04-30,-0.018078759075825457
2010-05-03,-0.007386368867594251
2010-05-04,-0.029110685608078057
2010-05-05,-0.03472298086937142
2010-05-06,-0.05995420511423766
2010-05-07,-0.07321273517090165
2010-05-10,-0.03790495306456887
2010-05-11,-0.0373292086040945
2010-05-12,-0.023853589451629742
2010-05-13,-0.0355073431484203
2010-05-14,-0.05040299384048219
2010-05-17,-0.05041426034052621
2010-05-18,-0.060881767275521526
2010-05-19,-0.0683827608249934
2010-05-20,-0.0998157995216955
2010-05-21,-0.08861497240136973
2010-05-24,-0.09494100485033186
2010-05-25,-0.09392867395539983
2010-05-26,-0.09946131953719395
2010-05-27,-0.0731464097777137
2010-05-28,-0.08091452358511775
2010-06-01,-0.0915232405935762
2010-06-02,-0.07265753197662972
2010-06-03,-0.07035274252502455
2010-06-04,-0.09587377396531138
2010-06-07,-0.10479956805319646
2010-06-08,-0.09959013848674303
2010-06-09,-0.10411827462038081
2010-06-10,-0.08356180559526283
2010-06-11,-0.07821134500502547
2010-06-14,-0.07930355307536807
2010-06-15,-0.059839784238156946
2010-06-16,-0.05971192153212779
2010-06-17,-0.05627089434380028
2010-06-18,-0.05437356392405823
2010-06-21,-0.059147007871234725
2010-06-22,-0.06976916322219573
2010-06-23,-0.07271337270892297
2010-06-24,-0.08512053059150648
2010-06-25,-0.08126508791947107
2010-06-28,-0.08469821066100336
2010-06-29,-0.1094959815042591
2010-06-30,-0.11711695149013046
2010-07-01,-0.122918457028652
2010-07-02,-0.12517329199849736
2010-07-06,-0.1219663021827947
2010-07-07,-0.0977884754456646
2010-07-08,-0.09142776862469482
2010-07-09,-0.08494912410768485
2010-07-12,-0.08492237633086974
2010-07-13,-0.0727621525028811
2010-07-14,-0.07200404488614986
2010-07-15,-0.07160530370138996
2010-07-16,-0.0938624165333769
2010-07-19,-0.08952507631126472
2010-07-20,-0.07981090084277209
2010-07-21,-0.09018139862659835
2010-07-22,-0.07178725339093861
2010-07-23,-0.0659691115171337
2010-07-26,-0.05900756059198664
2010-07-27,-0.06090330132061883
2010-07-28,-0.06601482487224142
2010-07-29,-0.06942108852011997
2010-07-30,-0.06898453800378901
2010-08-02,-0.06694776922112977
2010-08-03,-0.06564364939617229
2010-08-04,-0.06459427708799947
2010-08-05,-0.06295229090662513
2010-08-06,-0.05957413236894482
2010-08-09,-0.06020542409584462
2010-08-10,-0.06020692530187932
2010-08-11,-0.06421866355322092
2010-08-12,-0.06343478934764513
2010-08-13,-0.06129140367800667
2010-08-16,-0.053346489697252975
2010-08-17,-0.051810008963756427
2010-08-18,-0.04975446651590398
2010-08-19,-0.0497903824169863
2010-08-20,-0.05174274972654902
2010-08-23,-0.05294947346536194
2010-08-24,-0.05135359531201267
2010-08-25,-0.04945704974900411
2010-08-26,-0.04959843408978515
2010-08-27,-0.052716862255151264
2010-08-30,-0.05152545915394635
2010-08-31,-0.04651868166868334
2010-09-01,-0.04522019643038222
2010-09-02,-0.04439913646793725
2010-09-03,-0.04521517471110337
2010-09-07,-0.041119745597187896
2010-09-08,-0.04149230017321437
2010-09-09,-0.04761765640977422
2010-09-10,-0.04719948327903245
2010-09-13,-0.04340314924892119
2010-09-14,-0.03635928943707134
2010-09-15,-0.03911189658935266
2010-09-16,-0.04015358468346997
2010-09-17,-0.039208356240098996
2010-09-20,-0.0334770641302663
2010-09-21,-0.028230347248635712
2010-09-22,-0.0269068893026434
2010-09-23,-0.027961345223097345
2010-09-24,-0.02549426436352631
2010-09-27,-0.02230878049002316
2010-09-28,-0.017544586895998138
2010-09-29,-0.01885836387475781
2010-09-30,-0.01979716592952463
2010-10-01,-0.01799141936195614
2010-10-04,-0.020027893813509
2010-10-05,-0.011625887141783697
2010-10-06,-0.006966188329396328
2010-10-07,-0.011841385643216906
2010-10-08,-0.009097051713429782
2010-10-11,-0.0076009106400452
2010-10-12,-0.01008187785947956
2010-10-13,-0.004554431216673538
2010-10-14,-0.008099944213472599
2010-10-15,-0.012503388645925484
2010-10-18,-0.008125666782102137
2010-10-19,-0.01746201507447076
2010-10-20,-0.012218095205334456
2010-10-21,-0.01805516202789237
2010-10-22,-0.015505471037782548
2010-10-25,-0.011890494279995223
2010-10-26,-0.015840787373652798
2010-10-27,-0.021381592305340424
2010-10-28,-0.017106560665063886
2010-10-29,-0.011980691616699346
2010-11-01,-0.014156357344237036
2010-11-02,-0.008043590958555114
2010-11-03,-0.013740124239647433
2010-11-04,0.0
2010-11-05,-0.002911618437810848
2010-11-08,0.0
2010-11-09,-0.011608174346242395
2010-11-10,-0.007124936943107785
2010-11-11,-0.007811931468068023
2010-11-12,-0.019240673703955324
2010-11-15,-0.02718063145828098
2010-11-16,-0.027476560513852166
2010-11-17,-0.02964413868241078
2010-11-18,-0.02187380498763114
2010-11-19,-0.019639703170852285
2010-11-22,-0.016197277667456378
2010-11-23,-0.016681062459623863
2010-11-24,-0.018295351680632344
2010-11-26,-0.019526338044620783
2010-11-29,-0.015980484713076448
2010-11-30,-0.01302921841139637
2010-12-01,0.0
2010-12-02,0.0
2010-12-03,0.0
2010-12-06,-1.1484143794482371e-05
2010-12-07,-0.0009195022044444778
2010-12-08,0.0
2010-12-09,0.0
2010-12-10,0.0
2010-12-13,-0.0003425127823231122
2010-12-14,0.0
2010-12-15,-0.005104163228283554
2010-12-16,-0.00038625771760869565
2010-12-17,0.0
2010-12-20,0.0
2010-12-21,0.0
2010-12-22,0.0
2010-12-23,-0.0015579092856263799
2010-12-27,-0.0008655637497929636
2010-12-28,0.0
2010-12-29,0.0
2010-12-30,-0.0018102707541644003
2010-12-31,-0.0009895722060613288
2011-01-03,0.0
2011-01-04,-0.0023767688461138192
2011-01-05,0.0
2011-01-06,-0.0008105636584436748
2011-01-07,-0.0027365456770681584
2011-01-10,-0.0024135709442894004
2011-01-11,0.0
2011-01-12,0.0
2011-01-13,-0.0019723223925117717
2011-01-14,0.0
2011-01-18,0.0
2011-01-19,-0.0082465747229441
2011-01-20,-0.012504597135655215
2011-01-21,-0.012402630213595889
2011-01-24,-0.006665592925024111
2011-01-25,-0.00610696630151597
2011-01-26,-0.0017276151067039391
2011-01-27,-0.0013473986893035583
2011-01-28,-0.01563992187011254
2011-01-31,-0.010027959567788125
2011-02-01,0.0
2011-02-02,-0.0016209452657751644
2011-02-03,0.0
2011-02-04,0.0
2011-02-07,0.0
2011-02-08,0.0
2011-02-09,-0.0023195030509562953
2011-02-10,-0.001839038781029756
2011-02-11,0.0
2011-02-14,0.0
2011-02-15,-0.001590260064383564
2011-02-16,0.0
2011-02-17,0.0
2011-02-18,0.0
2011-02-22,-0.01800408257115771
2011-02-23,-0.02226735945259095
2011-02-24,-0.022290932728752266
2011-02-25,-0.012358448487536422
2011-02-28,-0.007580516948654026
2011-03-01,-0.019147161262564327
2011-03-02,-0.016844715480938133
2011-03-03,-0.0037284312173841982
2011-03-04,-0.008528826196098294
2011-03-07,-0.015582731087861346
2011-03-08,-0.009961984441701044
2011-03-09,-0.012402590753544773
2011-03-10,-0.028129720268683434
2011-03-11,-0.02258296168706664
2011-03-14,-0.02676008079571024
2011-03-15,-0.038535679494156705
2011-03-16,-0.05447600332780467
2011-03-17,-0.04369330183970177
2011-03-18,-0.0406070904130037
2011-03-21,-0.0268623932561336
2011-03-22,-0.029248271023508243
2011-03-23,-0.02571069329714326
2011-03-24,-0.01735006380724302
2011-03-25,-0.015002724263696976
2011-03-28,-0.017994531661479796
2011-03-29,-0.012305393451861213
2011-03-30,-0.006802155009452027
2011-03-31,-0.006534521778804758
2011-04-01,-0.004501824735457238
2011-04-04,-0.003598120552317119
2011-04-05,-0.002743592062547817
2011-04-06,0.0
2011-04-07,-0.0014766293173454903
2011-04-08,-0.0036803912826681717
2011-04-11,-0.006949698530634096
2011-04-12,-0.013797962201126501
2011-04-13,-0.011488029380260945
2011-04-14,-0.010451251095300207
2011-04-15,-0.0076509708074949945
2011-04-18,-0.015470081068743369
2011-04-19,-0.010507087761351785
2011-04-20,0.0
2011-04-21,0.0
2011-04-25,-0.0001333255626041474
2011-04-26,0.0
2011-04-27,0.0
2011-04-28,0.0
2011-04-29,0.0
2011-05-02,-0.00263331628559782
2011-05-03,-0.006062755330551561
2011-05-04,-0.011780055412484725
2011-05-05,-0.021481197853601475
2011-05-06,-0.016501766899342907
2011-05-09,-0.011939374798465852
2011-05-10,-0.004633043170197637
2011-05-11,-0.013430602082757814
2011-05-12,-0.009307759100672941
2011-05-13,-0.017286012195907197
2011-05-16,-0.024407126238971122
2011-05-17,-0.024204991114154084
2011-05-18,-0.016650133310186388
2011-05-19,-0.01467743967728552
2011-05-20,-0.019693310841547684
2011-05-23,-0.029641834143893653
2011-05-24,-0.03097946656284034
2011-05-25,-0.028293491464903786
2011-05-26,-0.02472927617591625
2011-05-27,-0.020224612768251604
2011-05-31,-0.01134751340848994
2011-06-01,-0.012948400164200069
2011-06-02,-0.018732514014901724
2011-06-03,-0.018494680109191974
2011-06-06,-0.022496343868641966
2011-06-07,-0.021447006800496493
2011-06-08,-0.021523930661636048
2011-06-09,-0.019679017768674978
2011-06-10,-0.023151966382685574
2011-06-13,-0.026684750087415
2011-06-14,-0.025993379421495377
2011-06-15,-0.024815121862239442
2011-06-16,-0.023387386921262965
2011-06-17,-0.022164832642980636
2011-06-20,-0.020464962605311388
2011-06-21,-0.016973844867488763
2011-06-22,-0.01798482580924421
2011-06-23,-0.020974772270707542
2011-06-24,-0.028134713123462274
2011-06-27,-0.030412102123395846
2011-06-28,-0.028781493023323668
2011-06-29,-0.026753891263255003
2011-06-30,-0.026793779390659633
2011-07-01,-0.025454848904180816
2011-07-05,-0.02028030503096878
2011-07-06,-0.016524222576850045
2011-07-07,-0.014539574875959471
2011-07-08,-0.010634837527496166
2011-07-11,-0.009016302009876909
2011-07-12,-0.007342792553829414
2011-07-13,-0.003537536687469811
2011-07-14,-0.00825419162088914
2011-07-15,-0.00528417772876022
2011-07-18,-0.007533376851914797
2011-07-19,-0.0013746431793281166
2011-07-20,-0.002371486185870353
2011-07-21,-0.0028533559303089984
2011-07-22,0.0
2011-07-25,-0.0022911896632616946
2011-07-26,-0.0006865460321073824
2011-07-27,-0.00684265846492671
2011-07-28,-0.006278116063932915
2011-07-29,-0.0016128809650599596
2011-08-01,0.0
2011-08-02,0.0
2011-08-03,0.0
2011-08-04,0.0
2011-08-05,-0.015977321842480907
2011-08-08,0.0
2011-08-09,0.0
2011-08-10,0.0
2011-08-11,-0.03470490566920692
2011-08-12,-0.024094825246311014
2011-08-15,-0.027996726585890808
2011-08-16,-0.015942721565010087
2011-08-17,-0.004993220420750899
2011-08-18,0.0
2011-08-19,0.0
2011-08-22,0.0
2011-08-23,-0.01586839889449232
2011-08-24,-0.03932459302219771
2011-08-25,-0.032179622115799056
2011-08-26,-0.020688258759685274
2011-08-29,-0.03280994667868986
2011-08-30,-0.01763919558225835
2011-08-31,-0.028261768305301582
2011-09-01,-0.01568332277784923
2011-09-02,0.0
2011-09-06,0.0
2011-09-07,-0.01786464874228777
2011-09-08,-0.007263974127464268
2011-09-09,-0.002052781413255378
2011-09-12,-0.006013639571765483
2011-09-13,-0.01237357146414253
2011-09-14,-0.008828196040554737
2011-09-15,-0.021039500194866
2011-09-16,-0.014894081211144439
2011-09-19,-0.006575845473811848
2011-09-20,-0.0013365347306207864
2011-09-21,0.0
2011-09-22,0.0
2011-09-23,-0.022080031196044958
2011-09-26,-0.034287100425132166
2011-09-27,-0.03948739368940202
2011-09-28,-0.04502628548209464
2011-09-29,-0.03920597898666178
2011-09-30,-0.024196034125118948
2011-10-03,-0.004458966988318491
2011-10-04,-0.01625794620225729
2011-10-05,-0.01823576787623249
2011-10-06,-0.02788629111716434
2011-10-07,-0.033851464433249934
2011-10-10,-0.037233941006783566
2011-10-11,-0.04045481677037577
2011-10-12,-0.04745683625674335
2011-10-13,-0.042840991588496746
2011-10-14,-0.04979677692402751
2011-10-17,-0.040824968046162535
2011-10-18,-0.045319872041256426
2011-10-19,-0.04777499387006534
2011-10-20,-0.05432194253619338
2011-10-21,-0.05829607609035403
2011-10-24,-0.05557605518402675
2011-10-25,-0.03570213320707838
2011-10-26,-0.04381590781572797
2011-10-27,-0.06094224213505173
2011-10-28,-0.05485066090002633
2011-10-31,-0.034723840946454754
2011-11-01,-0.015272318391056472
2011-11-02,-0.020618783564797183
2011-11-03,-0.025584461622725874
2011-11-04,-0.025867868166235986
2011-11-07,-0.017490611227144015
2011-11-08,-0.026686113664181166
2011-11-09,-0.016166396936974636
2011-11-10,-0.02600193966427422
2011-11-11,-0.026449696601832273
2011-11-14,-0.017813973178999354
2011-11-15,-0.018458256266042028
2011-11-16,-0.015229808621125773
2011-11-17,-0.01553025260464469
2011-11-18,-0.01513623625981686
2011-11-21,-0.016438832486384447
2011-11-22,-0.007650686213680258
2011-11-23,-0.0023667326629014385
2011-11-25,-0.012789631449403926
2011-11-28,-0.009157589447169046
2011-11-29,-0.013711319151397672
2011-11-30,-0.01911093452296353
2011-12-01,-0.02262890342293622
2011-12-02,-0.014236205273495783
2011-12-05,-0.018311503200567847
2011-12-06,-0.022923981555445505
2011-12-07,-0.01933749807873586
2011-12-08,-0.01592478797309449
2011-12-09,-0.0275664060127242
2011-12-12,-0.02622172382505028
2011-12-13,-0.025031896034909518
2011-12-14,-0.02086982148773442
2011-12-15,-0.023788833382851537
2011-12-16,-0.013148911306131938
2011-12-19,-0.006126622503059176
2011-12-20,-0.01834164034968555
2011-12-21,-0.026378708280842544
2011-12-22,-0.025337330706435846
2011-12-23,-0.031456728856138816
2011-12-27,-0.030501929124196914
2011-12-28,-0.024558287136992152
2011-12-29,-0.024358975905329427
2011-12-30,-0.0210946678026519
2012-01-03,-0.011525883246589541
2012-01-04,-0.010744325186526904
2012-01-05,-0.011159671607631316
2012-01-06,-0.012705771768417584
2012-01-09,-0.012082056840754807
2012-01-10,-0.005715729618355869
2012-01-11,-0.005190274427271047
2012-01-12,-0.0037400134215108682
2012-01-13,-0.006116713860470191
2012-01-17,-0.0025896638183380283
2012-01-18,0.0
2012-01-19,0.0
2012-01-20,0.0
2012-01-23,0.0
2012-01-24,0.0
2012-01-25,0.0
2012-01-26,0.0
2012-01-27,0.0
2012-01-30,-0.0031382126104242403
2012-01-31,-0.0011858623017891867
2012-02-01,0.0
2012-02-02,0.0
2012-02-03,0.0
2012-02-06,0.0
2012-02-07,0.0
2012-02-08,0.0
2012-02-09,-0.00028508208006561286
2012-02-10,-0.006554650822077734
2012-02-13,-0.001833635793253463
2012-02-14,-0.0024131365828449214
2012-02-15,-0.004914600715474116
2012-02-16,0.0
2012-02-17,0.0
2012-02-21,0.0
2012-02-22,0.0
2012-02-23,0.0
2012-02-24,0.0
2012-02-27,0.0
2012-02-28,0.0
2012-02-29,-0.00669239310422054
2012-03-01,-0.00045807679895171205
2012-03-02,-0.003016970828499166
2012-03-05,-0.008486159274132654
2012-03-06,-0.022218977187596245
2012-03-07,-0.01578733674612598
2012-03-08,-0.006032997251352534
2012-03-09,-0.002126313112868483
2012-03-12,-0.002776481380541762
2012-03-13,0.0
2012-03-14,-0.0018823319232967872
2012-03-15,0.0
2012-03-16,0.0
2012-03-19,0.0
2012-03-20,-0.0023689211669229993
2012-03-21,-0.0035887086637085286
2012-03-22,-0.008466559155356546
2012-03-23,-0.005651430204245855
2012-03-26,0.0
2012-03-27,-0.002100647782241616
2012-03-28,-0.007245364508375984
2012-03-29,-0.009175179635351083
2012-03-30,-0.006776959812177519
2012-04-02,0.0
2012-04-03,-0.0044724262154771655
2012-04-04,-0.015138970976869226
2012-04-05,-0.013757154614893019
2012-04-09,-0.021734112236095005
2012-04-10,-0.034150386556445866
2012-04-11,-0.027955734492158713
2012-04-12,-0.016258056496637918
2012-04-13,-0.027696001001091708
2012-04-16,-0.03033714903701268
2012-04-17,-0.01748532085854826
2012-04-18,-0.02058672915937565
2012-04-19,-0.026675884708399655
2012-04-20,-0.026014391955009875
2012-04-23,-0.03319986014823917
2012-04-24,-0.03166944043239306
2012-04-25,-0.01766671339655468
2012-04-26,-0.011473519067771054
2012-04-27,-0.009145719964678722
2012-04-30,-0.012259427318424998
2012-05-01,-0.008514093419872193
2012-05-02,-0.00979205230697977
2012-05-03,-0.01748377673836532
2012-05-04,-0.0317807702336147
2012-05-07,-0.031254107816234944
2012-05-08,-0.036200762384537954
2012-05-09,-0.04151299061488645
2012-05-10,-0.0406335966928032
2012-05-11,-0.042905077336001685
2012-05-14,-0.05314248697996293
2012-05-15,-0.05848703546710743
2012-05-16,-0.06302482984731361
2012-05-17,-0.07452631908426177
2012-05-18,-0.08062218329793136
2012-05-21,-0.06498572669132863
2012-05-22,-0.06578204287163658
2012-05-23,-0.06550363122641845
2012-05-24,-0.06573481559714844
2012-05-25,-0.06730618055161519
2012-05-29,-0.05814132999319033
2012-05-30,-0.06779740310677995
2012-05-31,-0.07100170371962833
2012-06-01,-0.08717971368970612
2012-06-04,-0.08607620636208324
2012-06-05,-0.08069715299590297
2012-06-06,-0.06306972515259213
2012-06-07,-0.06474211202182356
2012-06-08,-0.05797868274469786
2012-06-11,-0.06856423198592454
2012-06-12,-0.05856721277395316
2012-06-13,-0.06335250528675651
2012-06-14,-0.05562728033141939
2012-06-15,-0.04726209211928156
2012-06-18,-0.04428281750453367
2012-06-19,-0.0365443062107339
2012-06-20,-0.037686020279574795
2012-06-21,-0.058657176802608846
2012-06-22,-0.0513003717996936
2012-06-25,-0.06353287362747029
2012-06-26,-0.060362636557098504
2012-06-27,-0.05344349149737482
2012-06-28,-0.05828390086029045
2012-06-29,-0.035415367464723735
2012-07-02,-0.032281946909105574
2012-07-03,-0.028906326569011043
2012-07-05,-0.031419498342358354
2012-07-06,-0.03444844713691675
2012-07-09,-0.03210520141747586
2012-07-10,-0.03669327909653075
2012-07-11,-0.03499920055245398
2012-07-12,-0.035034538744174504
2012-07-13,-0.0291127683002258
2012-07-16,-0.028361107486669757
2012-07-17,-0.029796550421778756
2012-07-18,-0.02847474344283929
2012-07-19,-0.027879131084936448
2012-07-20,-0.026644630596456387
2012-07-23,-0.02872412601813723
2012-07-24,-0.028176865130430273
2012-07-25,-0.02406465994502105
2012-07-26,-0.02054929954492546
2012-07-27,-0.019625441462728155
2012-07-30,-0.017849136374237795
2012-07-31,-0.020481388082197016
2012-08-01,-0.02407196552177715
2012-08-02,-0.025933185764474898
2012-08-03,-0.022875911217777323
2012-08-06,-0.021099913902135503
2012-08-07,-0.023168773160150202
2012-08-08,-0.023947690507886255
2012-08-09,-0.02311950491391812
2012-08-10,-0.021136177240988263
2012-08-13,-0.023490327900238195
2012-08-14,-0.028166678982134763
2012-08-15,-0.030608863884884485
2012-08-16,-0.029466332813723795
2012-08-17,-0.02768194073006147
2012-08-20,-0.026327583354319617
2012-08-21,-0.02355477564953412
2012-08-22,-0.01664971902623802
2012-08-23,-0.015536747575572774
2012-08-24,-0.014164240635432312
2012-08-27,-0.013627634487391682
2012-08-28,-0.012825482276059952
2012-08-29,-0.015315058682483729
2012-08-30,-0.015890273723017212
2012-08-31,-0.005423225764329409
2012-09-04,-0.005526135284868339
2012-09-05,-0.007166210670219164
2012-09-06,-0.005502566365991557
2012-09-07,-0.00027961098706330567
2012-09-10,-0.002860785131525323
2012-09-11,-0.002761636396476419
2012-09-12,-0.005037415951459456
2012-09-13,0.0
2012-09-14,-0.004939260188507211
2012-09-17,-0.004825128465649864
2012-09-18,-0.001824827542300289
2012-09-19,-2.1075777300927356e-05
2012-09-20,0.0
2012-09-21,0.0
2012-09-24,0.0
2012-09-25,-0.000659634234624229
2012-09-26,-0.0007232355388911982
2012-09-27,0.0
2012-09-28,-0.0019009659341324703
2012-10-01,0.0
2012-10-02,-0.00108746817420724
2012-10-03,-0.0005346019172465244
2012-10-04,-0.006621624925913894
2012-10-05,-0.015569992279268252
2012-10-08,-0.011223510693640026
2012-10-09,-0.01351060547608729
2012-10-10,-0.009532771506532312
2012-10-11,-0.004886613524417549
2012-10-12,-0.004783000660233183
2012-10-15,-0.008179982135793962
2012-10-16,-0.015146442790810122
2012-10-17,-0.02059761034848584
2012-10-18,-0.025039346576656407
2012-10-19,-0.019202752285418456
2012-10-22,-0.02232666360131952
2012-10-23,-0.016352666893239665
2012-10-24,-0.022874433489721957
2012-10-25,-0.0245613394273535
2012-10-26,-0.016001240143530993
2012-10-31,-0.011350677935753173
2012-11-01,-0.017155341873551833
2012-11-02,-0.021719408780785487
2012-11-05,-0.017648647223282188
2012-11-06,-0.019584101919272068
2012-11-07,-0.008523074430954458
2012-11-08,0.0
2012-11-09,0.0
2012-11-12,0.0
2012-11-13,0.0
2012-11-14,0.0
2012-11-15,-0.0024403070814925654
2012-11-16,-0.003212767746530898
2012-11-19,-0.004205019604254456
2012-11-20,-0.010812684064507305
2012-11-21,-0.01096930687594877
2012-11-23,-0.009121859250637132
2012-11-26,-0.006531632159431644
2012-11-27,-0.005012313501576382
2012-11-28,-0.008393887466629169
2012-11-29,-0.007548661662641787
2012-11-30,-0.011375487992969502
2012-12-03,-0.011553075047559203
2012-12-04,-0.0129512503314676
2012-12-05,-0.011550436691954769
2012-12-06,-0.009471530428008634
2012-12-07,-0.008790083952040617
2012-12-10,-0.007804861156867515
2012-12-11,-0.005636810668843473
2012-12-12,-0.0050814915806770555
2012-12-13,-0.009725703102613892
2012-12-14,-0.011417823721836307
2012-12-17,-0.0060753701648580405
2012-12-18,-0.003411923010632756
2012-12-19,-0.006154664658888143
2012-12-20,-0.003823713789421812
2012-12-21,-0.007580345281488432
2012-12-24,-0.009836403456671694
2012-12-26,-0.01040466037238319
2012-12-27,-0.009456806092573267
2012-12-28,-0.01447659955011349
2012-12-31,-0.007030218954652501
2013-01-02,0.0
2013-01-03,-0.003912381954424116
2013-01-04,-0.0023493062643419327
2013-01-07,-0.004468312487131643
2013-01-08,-0.0059440208877006295
2013-01-09,-0.0035334771918223984
2013-01-10,0.0
2013-01-11,-0.00016068442383443404
2013-01-14,-0.0012998619591586547
2013-01-15,-0.0012249990026814706
2013-01-16,-0.0006105916605247952
2013-01-17,0.0
2013-01-18,0.0
2013-01-22,0.0
2013-01-23,0.0
2013-01-24,-0.0034662318236250433
2013-01-25,0.0
2013-01-28,-0.0005477243802666232
2013-01-29,0.0
2013-01-30,-0.0027395165951334954
2013-01-31,-0.005577769368630747
2013-02-01,0.0
2013-02-04,-0.010308896495725972
2013-02-05,-0.001195840511995283
2013-02-06,-0.001295863156629662
2013-02-07,-0.002441637020591081
2013-02-08,0.0
2013-02-11,-0.0012280003832816355
2013-02-12,-0.0006005976591584306
2013-02-13,0.0
2013-02-14,0.0
2013-02-15,-0.0029221187785776204
2013-02-19,0.0
2013-02-20,-0.013155999253429917
2013-02-21,-0.01799589677285285
2013-02-22,-0.009791440552129327
2013-02-25,-0.022963503676113328
2013-02-26,-0.016542803797880312
2013-02-27,-0.007970539084211303
2013-02-28,-0.010608966942681541
2013-03-01,-0.007990427760090846
2013-03-04,-0.004018456778263624
2013-03-05,0.0
2013-03-06,0.0
2013-03-07,0.0
2013-03-08,0.0
2013-03-11,0.0
2013-03-12,-0.0013286864090267247
2013-03-13,-0.0010657792237820374
2013-03-14,0.0
2013-03-15,-0.0011505486358620587
2013-03-18,-0.00397936738314264
2013-03-19,-0.00546656147094482
2013-03-20,-2.4281117810387443e-05
2013-03-21,-0.007033232994401173
2013-03-22,-0.0008360830560903976
2013-03-25,-0.004416453031815926
2013-03-26,0.0
2013-03-27,0.0
2013-03-28,0.0
2013-04-01,-0.0034158441631987335
2013-04-02,-0.00041146814239656493
2013-04-03,-0.009431433420584612
2013-04-04,-0.007282217605039332
2013-04-05,-0.009851578208293299
2013-04-08,-0.005096530354685047
2013-04-09,-0.0006025071023474382
2013-04-10,0.0
2013-04-11,0.0
2013-04-12,-0.006281815759923148
2013-04-15,-0.03337506190387318
2013-04-16,-0.020482984616878808
2013-04-17,-0.033008714203303424
2013-04-18,-0.03841853729568001
2013-04-19,-0.02998207660494978
2013-04-22,-0.02343878906452157
2013-04-23,-0.015865027481745675
2013-04-24,-0.014328499928449534
2013-04-25,-0.008288939840626619
2013-04-26,-0.010573353711392008
2013-04-29,-0.0036132682201633903
2013-04-30,-9.809709906538622e-05
2013-05-01,-0.007644360168855613
2013-05-02,0.0
2013-05-03,0.0
2013-05-06,0.0
2013-05-07,0.0
2013-05-08,0.0
2013-05-09,-0.0034134382118256035
2013-05-10,-0.001635512315872334
2013-05-13,-0.0021571293789361956
2013-05-14,0.0
2013-05-15,0.0
2013-05-16,-0.003193590299485627
2013-05-17,0.0
2013-05-20,0.0
2013-05-21,-0.0003910375830229462
2013-05-22,-0.007912769147282783
2013-05-23,-0.00835620809481219
2013-05-24,-0.009781918852919125
2013-05-28,-0.005494619539469836
2013-05-29,-0.009714283747961683
2013-05-30,-0.004896331600604764
2013-05-31,-0.01864060164862702
2013-06-03,-0.013237980199174881
2013-06-04,-0.018031467856716055
2013-06-05,-0.029476337483666293
2013-06-06,-0.021774916304875158
2013-06-07,-0.013898347056498062
2013-06-10,-0.013532474185731447
2013-06-11,-0.022718247548750514
2013-06-12,-0.0290221821515263
2013-06-13,-0.016958778561688703
2013-06-14,-0.021331929600537758
2013-06-17,-0.015393036292986606
2013-06-18,-0.010066548158061073
2013-06-19,-0.023112709300732392
2013-06-20,-0.04846993895662577
2013-06-21,-0.04714967789111335
2013-06-24,-0.05829508723122023
2013-06-25,-0.050491474833146754
2013-06-26,-0.04635065299648655
2013-06-27,-0.043610001664944775
2013-06-28,-0.04372566921790877
2013-07-01,-0.037042734056136006
2013-07-02,-0.03865431434362354
2013-07-03,-0.03685141593856145
2013-07-05,-0.03228870379188398
2013-07-08,-0.026290162524587712
2013-07-09,-0.019948111441113525
2013-07-10,-0.017952867324204536
2013-07-11,-0.002120847066526821
2013-07-12,-0.0011773722004916332
2013-07-15,0.0
2013-07-16,-0.0021886882295497623
2013-07-17,-0.0006715374518836414
2013-07-18,0.0
2013-07-19,-0.00018053979389187624
2013-07-22,0.0
2013-07-23,-0.0023142972748980695
2013-07-24,-0.006419614783710781
2013-07-25,-0.003012703769286418
2013-07-26,-0.0011832425811357794
2013-07-29,-0.0038532129748649613
2013-07-30,-0.002925180994343246
2013-07-31,-0.0019642310753289483
2013-08-01,0.0
2013-08-02,0.0
2013-08-05,-0.0017798003799086581
2013-08-06,-0.007847476762388506
2013-08-07,-0.010308931361015627
2013-08-08,-0.004771640665138355
2013-08-09,-0.007287352191943985
2013-08-12,-0.005834053745633061
2013-08-13,-0.004025224456044585
2013-08-14,-0.007053261666337796
2013-08-15,-0.017187623550667386
2013-08-16,-0.01888609447933909
2013-08-19,-0.02405885787745643
2013-08-20,-0.019099408284811603
2013-08-21,-0.02403707635235086
2013-08-22,-0.01570833056831278
2013-08-23,-0.010438349261768787
2013-08-26,-0.012130329506983228
2013-08-27,-0.025397627009530632
2013-08-28,-0.022232199266905672
2013-08-29,-0.020130928768030687
2013-08-30,-0.024244557228331853
2013-09-03,-0.019696172116168364
2013-09-04,-0.013633459235860124
2013-09-05,-0.014851403926283924
2013-09-06,-0.012555367143015306
2013-09-09,-0.004497199801606122
2013-09-10,-0.00036919032926729933
2013-09-11,0.0
2013-09-12,-0.004902388845460681
2013-09-13,-0.003391604414018423
2013-09-16,-0.0009879175115667937
2013-09-17,0.0
2013-09-18,0.0
2013-09-19,-0.0010145467465009217
2013-09-20,-0.00888328586401077
2013-09-23,-0.01236492489262142
2013-09-24,-0.013888601400231959
2013-09-25,-0.01557262674184201
2013-09-26,-0.012590351082233275
2013-09-27,-0.014758513771669035
2013-09-30,-0.01926439986742312
2013-10-01,-0.014938370591896621
2013-10-02,-0.013575290248699856
2013-10-03,-0.02117839847794256
2013-10-04,-0.01536714714186671
2013-10-07,-0.021504537045309857
2013-10-08,-0.032346764003159056
2013-10-09,-0.03342254181428428
2013-10-10,-0.017793838480737456
2013-10-11,-0.013585685746326459
2013-10-14,-0.009492635901547586
2013-10-15,-0.013879944601271288
2013-10-16,-0.0030113782664398236
2013-10-17,0.0
2013-10-18,0.0
2013-10-21,0.0
2013-10-22,0.0
2013-10-23,-0.004502924342060233
2013-10-24,-0.0006759210715709951
2013-10-25,0.0
2013-10-28,0.0
2013-10-29,0.0
2013-10-30,-0.0037090487519182425
2013-10-31,-0.007237335801541289
2013-11-01,-0.006551043539257728
2013-11-04,-0.004104050588624064
2013-11-05,-0.006244266646600161
2013-11-06,-0.0024560457075085695
2013-11-07,-0.014524317547197074
2013-11-08,-0.005523065103655966
2013-11-11,-0.00643801539016553
2013-11-12,-0.008613592018088756
2013-11-13,-0.0007387381741628118
2013-11-14,0.0
2013-11-15,0.0
2013-11-18,-0.005484586386303558
2013-11-19,-0.007358363522147249
2013-11-20,-0.012081221029194511
2013-11-21,-0.005099162010376079
2013-11-22,-0.000982748795610222
2013-11-25,-0.0005034825363738893
2013-11-26,0.0
2013-11-27,0.0
2013-11-29,0.0
2013-12-02,-0.004693919681084013
2013-12-03,-0.0072115415870316335
2013-12-04,-0.005665096415065518
2013-12-05,-0.009994416246964066
2013-12-06,-0.001430343925876043
2013-12-09,0.0
2013-12-10,-0.0005347149397370021
2013-12-11,-0.010929075186268067
2013-12-12,-0.015683049882944333
2013-12-13,-0.014938356806442621
2013-12-16,-0.009822840532929367
2013-12-17,-0.012956814124720606
2013-12-18,-0.0012461147063570488
2013-12-19,-0.0049715625338488945
2013-12-20,0.0
2013-12-23,0.0
2013-12-24,0.0
2013-12-26,0.0
2013-12-27,-0.00021920637554917466
2013-12-30,-0.0020045735892144645
2013-12-31,0.0
2014-01-02,-0.005527979485107082
2014-01-03,-0.006006424837076474
2014-01-06,-0.008080298830939858
2014-01-07,-0.0031508236086031927
2014-01-08,-0.0032372539364516895
2014-01-09,-0.0030713507905627546
2014-01-10,0.0
2014-01-13,-0.0104128888702395
2014-01-14,-0.000944575877820264
2014-01-15,0.0
2014-01-16,-0.0006914043087570265
2014-01-17,-0.0033854358675080576
2014-01-21,-0.0009937614430586272
2014-01-22,-0.000658988331564081
2014-01-23,-0.004195041219219098
2014-01-24,-0.02110994925635623
2014-01-27,-0.02699126695758669
2014-01-28,-0.023207109280991678
2014-01-29,-0.029995332099146288
2014-01-30,-0.022211396903614844
2014-01-31,-0.0259385689832472
2014-02-03,-0.042856743641258244
2014-02-04,-0.03757246518266466
2014-02-05,-0.03855687336394131
2014-02-06,-0.028194899695056508
2014-02-07,-0.016263077732463604
2014-02-10,-0.013384891553174794
2014-02-11,-0.0033343245228816265
2014-02-12,-0.002761092913334484
2014-02-13,0.0
2014-02-14,0.0
2014-02-18,0.0
2014-02-19,-0.00648903374698917
2014-02-20,-0.000686713368421854
2014-02-21,-0.001567628560418921
2014-02-24,0.0
2014-02-25,-0.00016119605396713865
2014-02-26,-0.0009878063856721964
2014-02-27,0.0
2014-02-28,0.0
2014-03-03,0.0
2014-03-04,-0.003542629784714424
2014-03-05,-0.002288427305572771
2014-03-06,-0.0018443533754350927
2014-03-07,-0.00555484665737882
2014-03-10,-0.005228033513004826
2014-03-11,-0.004394914096833347
2014-03-12,0.0
2014-03-13,0.0
2014-03-14,0.0
2014-03-17,-0.0024358778505956247
2014-03-18,-0.001626267079062882
2014-03-19,-0.010143663184644214
2014-03-20,-0.009551989924690751
2014-03-21,-0.006619086711196709
2014-03-24,-0.010423790170697056
2014-03-25,-0.009699992504079047
2014-03-26,-0.011324931408866812
2014-03-27,-0.012249711630661575
2014-03-28,-0.012483439961741727
2014-03-31,-0.012806566662576402
2014-04-01,-0.013861831154571846
2014-04-02,-0.012683049294298976
2014-04-03,-0.012663693406071208
2014-04-04,-0.010440842410240125
2014-04-07,-0.012963419224021666
2014-04-08,-0.008997779987578225
2014-04-09,-0.0069882401609824285
2014-04-10,-0.008396075630635158
2014-04-11,-0.008806097064600893
2014-04-14,-0.005736117767286442
2014-04-15,-0.007059509043523371
2014-04-16,-0.0041350128642857475
2014-04-17,-0.008142505125043442
2014-04-21,-0.008494316035377203
2014-04-22,-0.007568944529770527
2014-04-23,-0.006655761814751804
2014-04-24,-0.0041358754414586585
2014-04-25,-0.004050408781492654
2014-04-28,-0.005561328995887904
2014-04-29,-0.0048097889813737416
2014-04-30,-0.004779131613235399
2014-05-01,-0.004562815264046449
2014-05-02,-0.004535872856669343
2014-05-05,-0.0014649059216945703
2014-05-06,-0.009436577420405379
2014-05-07,-0.0077824767104063275
2014-05-08,-0.008620737919528998
2014-05-09,-0.006960643111055709
2014-05-12,0.0
2014-05-13,0.0
2014-05-14,-0.002860786715977115
2014-05-15,-0.010599887430181365
2014-05-16,-0.007261464899685821
2014-05-19,-0.0034843253306237054
2014-05-20,-0.008014369961808265
2014-05-21,-0.0013555964525678865
2014-05-22,0.0
2014-05-23,0.0
2014-05-27,0.0
2014-05-28,-0.0015557023084351584
2014-05-29,0.0
2014-05-30,0.0
2014-06-02,-0.00043625576013672784
2014-06-03,-0.0005652951758515767
2014-06-04,0.0
2014-06-05,0.0
2014-06-06,0.0
2014-06-09,0.0
2014-06-10,0.0
2014-06-11,-0.0021020381216458883
2014-06-12,-0.007197806989533095
2014-06-13,-0.004425170159709779
2014-06-16,-0.004250212569714251
2014-06-17,-0.002669154739516011
2014-06-18,0.0
2014-06-19,0.0
2014-06-20,0.0
2014-06-23,0.0
2014-06-24,-0.0037899083087927776
2014-06-25,0.0
2014-06-26,-0.0006320338559205885
2014-06-27,0.0
2014-06-30,0.0
2014-07-01,0.0
2014-07-02,0.0
2014-07-03,0.0
2014-07-07,-0.0028787775228971135
2014-07-08,-0.0090691523097306
2014-07-09,-0.004404022948401254
2014-07-10,-0.007156820339991654
2014-07-11,-0.004704114620932565
2014-07-14,-0.002902801527174259
2014-07-15,-0.005811838626447741
2014-07-16,-0.0026196953145330992
2014-07-17,-0.011070407929145154
2014-07-18,-0.0022059042361699532
2014-07-21,-0.0035794735261543975
2014-07-22,-4.260888546236963e-05
2014-07-23,0.0
2014-07-24,-0.0010261405137681479
2014-07-25,-0.003626917637666316
2014-07-28,-0.0037861781195351885
2014-07-29,-0.007144218007990699
2014-07-30,-0.006979463018507381
2014-07-31,-0.024714525085683392
2014-08-01,-0.0264480691041743
2014-08-04,-0.02060604203203853
2014-08-05,-0.028089319707854776
2014-08-06,-0.026407200588211555
2014-08-07,-0.029730256252803233
2014-08-08,-0.021283657049247173
2014-08-11,-0.018141734710596658
2014-08-12,-0.019042632828827233
2014-08-13,-0.012534671703692157
2014-08-14,-0.008437408409328384
2014-08-15,-0.008048381724214737
2014-08-18,-0.0016597546515336736
2014-08-19,0.0
2014-08-20,0.0
2014-08-21,0.0
2014-08-22,-0.000620154087944691
2014-08-25,0.0
2014-08-26,0.0
2014-08-27,-0.0003189275069360731
2014-08-28,-0.000466732950837101
2014-08-29,0.0
2014-09-02,-0.0013848497303113882
2014-09-03,-0.0027357271590214838
2014-09-04,-0.004658425346753425
2014-09-05,-0.0006145610167609394
2014-09-08,-0.002970121385142188
2014-09-09,-0.008755785039790354
2014-09-10,-0.005337683079260969
2014-09-11,-0.005463958992007245
2014-09-12,-0.0109893663769014
2014-09-15,-0.013309375738377982
2014-09-16,-0.0067634134844521965
2014-09-17,-0.006417712124688113
2014-09-18,-0.0015077282800551872
2014-09-19,-0.002606080332536287
2014-09-22,-0.009469646423795774
2014-09-23,-0.013276569996798049
2014-09-24,-0.007284678366331843
2014-09-25,-0.02146128813700099
2014-09-26,-0.015053011439317476
2014-09-29,-0.016617062932342108
2014-09-30,-0.01794505313939765
2014-10-01,-0.02848996839571516
2014-10-02,-0.028234161073965924
2014-10-03,-0.02134075966678861
2014-10-06,-0.02112782710993022
2014-10-07,-0.03306505143112082
2014-10-08,-0.017768098650990605
2014-10-09,-0.03352949201715505
2014-10-10,-0.0458018737660254
2014-10-13,-0.05791634416378877
2014-10-14,-0.05665239777398601
2014-10-15,-0.0613606148529543
2014-10-16,-0.06231229502095903
2014-10-17,-0.052582777926025726
2014-10-20,-0.04290489586366142
2014-10-21,-0.02554649318946134
2014-10-22,-0.03190018084172164
2014-10-23,-0.022941514891944847
2014-10-24,-0.016697668045357994
2014-10-27,-0.018012921991350295
2014-10-28,-0.00809669977777927
2014-10-29,-0.01122372192922605
2014-10-30,-0.008083698550946372
2014-10-31,-0.000633206237975692
2014-11-03,0.0
2014-11-04,-0.003001695238355362
2014-11-05,-0.0013844669195477444
2014-11-06,0.0
2014-11-07,0.0
2014-11-10,0.0
2014-11-11,0.0
2014-11-12,-0.0011007178909916426
2014-11-13,0.0
2014-11-14,0.0
2014-11-17,-0.0005966171834570488
2014-11-18,0.0
2014-11-19,-0.0030825661439825014
2014-11-20,-9.880139936413457e-05
2014-11-21,0.0
2014-11-24,0.0
2014-11-25,0.0
2014-11-26,0.0
2014-11-28,-0.004595037637903476
2014-12-01,0.0
2014-12-02,-0.004047403813633221
2014-12-03,0.0
2014-12-04,0.0
2014-12-05,-0.0046485910701367095
2014-12-08,-0.0003636848531005654
2014-12-09,0.0
2014-12-10,-0.0024611124607504253
2014-12-11,-0.0008606031436696471
2014-12-12,-0.0018677587364602788
2014-12-15,-0.010690842321403826
2014-12-16,-0.008256326091090505
2014-12-17,-0.007331042454224113
2014-12-18,-0.0038455593862526394
2014-12-19,-0.0004361088928961365
2014-12-22,-0.0037233531381657414
2014-12-23,-0.008172521442455616
2014-12-24,-0.0066066517171923245
2014-12-26,-0.00043572906579436577
2014-12-29,-0.0005192456922268329
2014-12-30,0.0
2014-12-31,-0.005607634834015274
2015-01-02,-0.0016177768435022832
2015-01-05,0.0
2015-01-06,0.0
2015-01-07,0.0
2015-01-08,0.0
2015-01-09,0.0
2015-01-12,0.0
2015-01-13,-0.001398980715130116
2015-01-14,-0.0012664413933096696
2015-01-15,0.0
2015-01-16,0.0
2015-01-20,0.0
2015-01-21,-0.001567389859015389
2015-01-22,0.0
2015-01-23,0.0
2015-01-26,-0.002817220452071778
2015-01-27,-0.002711511975700742
2015-01-28,-0.0036202988619929988
2015-01-29,-0.008413899708365036
2015-01-30,-0.0016691327517001087
2015-02-02,-0.0056601969175317235
2015-02-03,-0.02067797105682556
2015-02-04,-0.018792733138923046
2015-02-05,-0.02498697812989148
2015-02-06,-0.04084590521804676
2015-02-09,-0.04093434054249845
2015-02-10,-0.046683423013125336
2015-02-11,-0.04785601854676913
2015-02-12,-0.04923939928315635
2015-02-13,-0.05406015657986052
2015-02-17,-0.06585378798700903
2015-02-18,-0.061772343642268135
2015-02-19,-0.06625120032992537
2015-02-20,-0.06569310258250771
2015-02-23,-0.058937994717842335
2015-02-24,-0.05164823982587241
2015-02-25,-0.04846719494083562
2015-02-26,-0.05584121213311899
2015-02-27,-0.05086531045463649
2015-03-02,-0.06241171324522288
2015-03-03,-0.0648360042588092
2015-03-04,-0.06519730761551024
2015-03-05,-0.06601937589690732
2015-03-06,-0.08369838535973895
2015-03-09,-0.0783568946162233
2015-03-10,-0.07194240877749547
2015-03-11,-0.06900177575514033
2015-03-12,-0.06940355418750177
2015-03-13,-0.0708256811868121
2015-03-16,-0.0655535603994305
2015-03-17,-0.06196467633689451
2015-03-18,-0.04698044147323799
2015-03-19,-0.05027687802350678
2015-03-20,-0.044971561652042524
2015-03-23,-0.04439019491133345
2015-03-24,-0.03831078177506242
2015-03-25,-0.04296025234769829
2015-03-26,-0.05075147493750154
2015-03-27,-0.04424600026554104
2015-03-30,-0.04928892468807522
2015-03-31,-0.04805796837607834
2015-04-01,-0.037222924346128505
2015-04-02,-0.04389949105145463
2015-04-06,-0.044606383471419875
2015-04-07,-0.0408845574415202
2015-04-08,-0.04176610870743713
2015-04-09,-0.0506153601095104
2015-04-10,-0.04767155561308212
2015-04-13,-0.04812891431648647
2015-04-14,-0.045148354615196507
2015-04-15,-0.0439784253667751
2015-04-16,-0.047405671412824146
2015-04-17,-0.03999827637792752
2015-04-20,-0.04656556801877476
2015-04-21,-0.0480366663254711
2015-04-22,-0.05947099819687851
2015-04-23,-0.05558023848682081
2015-04-24,-0.054631831492223504
2015-04-27,-0.05084096866694199
2015-04-28,-0.05713855591808237
2015-04-29,-0.06537853848513653
2015-04-30,-0.06772063017742369
2015-05-01,-0.0759680442998506
2015-05-04,-0.07953221614437178
2015-05-05,-0.07982402328545724
2015-05-06,-0.08943778686696302
2015-05-07,-0.08365783056753306
2015-05-08,-0.08102459524746042
2015-05-11,-0.095319462995752
2015-05-12,-0.09234464306467405
2015-05-13,-0.09337161629236168
2015-05-14,-0.09075585159817368
2015-05-15,-0.07927448880422694
2015-05-18,-0.08866705299422284
2015-05-19,-0.0961508317810511
2015-05-20,-0.09487493975622041
2015-05-21,-0.08782397049789592
2015-05-22,-0.08786728284830814
2015-05-26,-0.08114894609393486
2015-05-27,-0.07989933570369023
2015-05-28,-0.08095154436355956
2015-05-29,-0.07956342621235457
2015-06-01,-0.08577523807920795
2015-06-02,-0.092712253813647
2015-06-03,-0.10282716967942496
2015-06-04,-0.09706055245437162
2015-06-05,-0.10479019772047504
2015-06-08,-0.10475150799264266
2015-06-09,-0.10869114986697948
2015-06-10,-0.1118970303346295
2015-06-11,-0.10145767819808249
2015-06-12,-0.10154773445451792
2015-06-15,-0.09980121603329128
2015-06-16,-0.09613482349082292
2015-06-17,-0.09935161708823648
2015-06-18,-0.09963614256962727
2015-06-19,-0.09296757493432528
2015-06-22,-0.10653364793283915
2015-06-23,-0.11097205280652911
2015-06-24,-0.10676057469256972
2015-06-25,-0.10891938969422044
2015-06-26,-0.11484413893486756
2015-06-29,-0.09969220869533746
2015-06-30,-0.10455190679485038
2015-07-01,-0.1125774131524151
2015-07-02,-0.11090391164346647
2015-07-06,-0.1004970618727763
2015-07-07,-0.0975351706423514
2015-07-08,-0.09212958013819217
2015-07-09,-0.1025487473838439
2015-07-10,-0.11104739407405273
2015-07-13,-0.11358335052954238
2015-07-14,-0.11215203142702823
2015-07-15,-0.1073740052433576
2015-07-16,-0.10440801323161908
2015-07-17,-0.10348625640060127
2015-07-20,-0.11072592159014016
2015-07-21,-0.10837161001977191
2015-07-22,-0.10602650997066321
2015-07-23,-0.10012511548698788
2015-07-24,-0.09698519455532784
2015-07-27,-0.0947962443246716
2015-07-28,-0.09852396188429369
2015-07-29,-0.1003174962280593
2015-07-30,-0.09778325586775583
2015-07-31,-0.0924436899283485
2015-08-03,-0.08808745101491589
2015-08-04,-0.09233919611323149
2015-08-05,-0.09706684948502908
2015-08-06,-0.09141505421164464
2015-08-07,-0.08389687090575981
2015-08-10,-0.08883140219677765
2015-08-11,-0.07898264130168309
2015-08-12,-0.07941161225937177
2015-08-13,-0.08286516346388717
2015-08-14,-0.08167850451205894
2015-08-17,-0.07859964294653832
2015-08-18,-0.08300677955065239
2015-08-19,-0.07493484337601797
2015-08-20,-0.06617316240081528
2015-08-21,-0.0631185866382955
2015-08-24,-0.06421989802710537
2015-08-25,-0.07564791012211047
2015-08-26,-0.08898640073454023
2015-08-27,-0.08854917027699638
2015-08-28,-0.08538023761005187
2015-08-31,-0.08945887356863136
2015-09-01,-0.08482199941460644
2015-09-02,-0.09047553381408924
2015-09-03,-0.08912051211907979
2015-09-04,-0.08470041130458228
2015-09-08,-0.09281618723989316
2015-09-09,-0.09259290082397109
2015-09-10,-0.09577708558560682
2015-09-11,-0.09266887817072245
2015-09-14,-0.0917570475553996
2015-09-15,-0.10300484255192377
2015-09-16,-0.1026682338412771
2015-09-17,-0.0938548036305894
2015-09-18,-0.08406745305493502
2015-09-21,-0.09427287295579745
2015-09-22,-0.08784526929411018
2015-09-23,-0.08722680621794332
2015-09-24,-0.07955733969684575
2015-09-25,-0.0855514417208022
2015-09-28,-0.0783477251610567
2015-09-29,-0.0774433823997085
2015-09-30,-0.08123359337601133
2015-10-01,-0.07910538649843568
2015-10-02,-0.07159811721426934
2015-10-05,-0.07966151297242274
2015-10-06,-0.0754566476230365
2015-10-07,-0.07761261107044604
2015-10-08,-0.08323250206281374
2015-10-09,-0.07888289610416654
2015-10-12,-0.07399176397271245
2015-10-13,-0.07206437970801871
2015-10-14,-0.06369514180901659
2015-10-15,-0.06741310820841095
2015-10-16,-0.06863735362542145
2015-10-19,-0.07088308138648047
2015-10-20,-0.07324259256803178
2015-10-21,-0.0692983268022539
2015-10-22,-0.06835400412066894
2015-10-23,-0.07359278754446497
2015-10-26,-0.07000941739968136
2015-10-27,-0.06813166759871125
2015-10-28,-0.0721233867135419
2015-10-29,-0.082887365437887
2015-10-30,-0.07943502794006296
2015-11-02,-0.08327537077501501
2015-11-03,-0.09052571357130113
2015-11-04,-0.09180473894420549
2015-11-05,-0.09381043096619912
2015-11-06,-0.10459255629164865
2015-11-09,-0.10714344273600951
2015-11-10,-0.10585057772804496
2015-11-11,-0.10762392889361017
2015-11-12,-0.1049495169610255
2015-11-13,-0.10223209961988533
2015-11-16,-0.10246712625048227
2015-11-17,-0.10400139395117658
2015-11-18,-0.10278531701476035
2015-11-19,-0.0972596895657235
2015-11-20,-0.09973789355557638
2015-11-23,-0.09954961421796371
2015-11-24,-0.09839679180213634
2015-11-25,-0.09796245226662204
2015-11-27,-0.10058683059923945
2015-11-30,-0.09731900094196266
2015-12-01,-0.08925628803671559
2015-12-02,-0.09206093060887388
2015-12-03,-0.10493952645866622
2015-12-04,-0.09620384794716386
2015-12-07,-0.09330968642555693
2015-12-08,-0.09276255853875026
2015-12-09,-0.0936318946439777
2015-12-10,-0.09318349206996768
2015-12-11,-0.08340435248356437
2015-12-14,-0.09307760219408401
2015-12-15,-0.09678749239064843
2015-12-16,-0.09590846202123515
2015-12-17,-0.09373539679718457
2015-12-18,-0.08770494037735288
2015-12-21,-0.08587493785382794
2015-12-22,-0.090837541301372
2015-12-23,-0.09553679242184587
2015-12-24,-0.09104844252228506
2015-12-28,-0.09092055010575584
2015-12-29,-0.10014990471869756
2015-12-30,-0.10202012925441772
2015-12-31,-0.09961047657005351
2016-01-04,-0.09294009651426505
2016-01-05,-0.09473169239670587
2016-01-06,-0.08469080034994136
2016-01-07,-0.08105132179238694
2016-01-08,-0.0792655149851923
2016-01-11,-0.08688393474474243
2016-01-12,-0.07988329494207269
2016-01-13,-0.07343212887777928
2016-01-14,-0.0816008393867581
2016-01-15,-0.07096977179767594
2016-01-19,-0.07289894792391227
2016-01-20,-0.06443184097910148
2016-01-21,-0.06805161401441107
2016-01-22,-0.07111643831759562
2016-01-25,-0.06618212790338862
2016-01-26,-0.06369654667546998
2016-01-27,-0.06308830035096968
2016-01-28,-0.06428628784936652
2016-01-29,-0.058586622546622946
2016-02-01,-0.05847923045929071
2016-02-02,-0.04768490291529193
2016-02-03,-0.05033465208953414
2016-02-04,-0.04523417675542862
2016-02-05,-0.04158837463101184
2016-02-08,-0.026411377871287334
2016-02-09,-0.02628544841624414
2016-02-10,-0.019628182750084044
2016-02-11,-0.007443941259034803
2016-02-12,-0.018731485967848793
2016-02-16,-0.031023081675333852
2016-02-17,-0.03335273552339868
2016-02-18,-0.021358060016030356
2016-02-19,-0.022223536678150135
2016-02-22,-0.02598992543323797
2016-02-23,-0.02068345232019697
2016-02-24,-0.021147868223353794
2016-02-25,-0.018481812614202897
2016-02-26,-0.025764142908666465
2016-02-29,-0.0205487052316069
2016-03-01,-0.03259405776873747
2016-03-02,-0.028726360825478303
2016-03-03,-0.02317830941760568
2016-03-04,-0.027382234671071926
2016-03-07,-0.026733583318190424
2016-03-08,-0.021045266918161443
2016-03-09,-0.026308321182015315
2016-03-10,-0.025600973535412908
2016-03-11,-0.03504496425733583
2016-03-14,-0.03571546067430209
2016-03-15,-0.034956535571746716
2016-03-16,-0.028545160930502522
2016-03-17,-0.02690051268583349
2016-03-18,-0.026165528662063786
2016-03-21,-0.03203596092815697
2016-03-22,-0.03171648889663403
2016-03-23,-0.029405291001901257
2016-03-24,-0.029738173427268477
2016-03-28,-0.028478158318173907
2016-03-29,-0.018400150390999737
2016-03-30,-0.02732239878150544
2016-03-31,-0.02219341194589708
2016-04-01,-0.021956552091970782
2016-04-04,-0.022763946800578028
2016-04-05,-0.01374161595277168
2016-04-06,-0.019315689547921733
2016-04-07,-0.00913574611028023
2016-04-08,-0.013195231836638066
2016-04-11,-0.0113147912628625
2016-04-12,-0.015422995761768421
2016-04-13,-0.015539605210182605
2016-04-14,-0.021123882374506242
2016-04-15,-0.014600645464023954
2016-04-18,-0.017480009559177168
2016-04-19,-0.01631903736466489
2016-04-20,-0.0239543034470886
2016-04-21,-0.026745511889116003
2016-04-22,-0.030736560007450286
2016-04-25,-0.03262443595194797
2016-04-26,-0.03453440822402565
2016-04-27,-0.02806344595449184
2016-04-28,-0.021869765494880622
2016-04-29,-0.016493610219822208
2016-05-02,-0.023159035781432413
2016-05-03,-0.01601310034644554
2016-05-04,-0.01399800576037813
2016-05-05,-0.010199639746801048
2016-05-06,-0.010984526666979355
2016-05-09,-0.013089355699536509
2016-05-10,-0.012457605094328028
2016-05-11,-0.0073157600138124
2016-05-12,-0.01170859994257989
2016-05-13,-0.005039846361080014
2016-05-16,-0.01013101111172976
2016-05-17,-0.00852160939746105
2016-05-18,-0.020780132453216638
2016-05-19,-0.018567851954256698
2016-05-20,-0.018307907789362976
2016-05-23,-0.0175762965073617
2016-05-24,-0.02374355366431935
2016-05-25,-0.026371332847001105
2016-05-26,-0.023896761919577125
2016-05-27,-0.026475403178701562
2016-05-31,-0.024247959289039556
2016-06-01,-0.022210256373195514
2016-06-02,-0.018275332681470968
2016-06-03,-0.004117200705825441
2016-06-06,-0.00853758104531277
2016-06-07,-0.007218048214610695
2016-06-08,-0.0010396269409378434
2016-06-09,0.0
2016-06-10,0.0
2016-06-13,0.0
2016-06-14,-0.00020785129685574333
2016-06-15,0.0
2016-06-16,0.0
2016-06-17,-0.001147776756776464
2016-06-20,-0.008865829839370343
2016-06-21,-0.015567058684250346
2016-06-22,-0.014426614853694342
2016-06-23,-0.02254814228928892
2016-06-24,0.0
2016-06-27,0.0
2016-06-28,-0.0008264362511176682
2016-06-29,-0.004667774496637023
2016-06-30,-0.0013767985142015826
2016-07-01,0.0
2016-07-05,0.0
2016-07-06,0.0
2016-07-07,-0.0008885901014297204
2016-07-08,0.0
2016-07-11,-0.00736112651174281
2016-07-12,-0.020508135332923394
2016-07-13,-0.011732595744728291
2016-07-14,-0.021997054464430454
2016-07-15,-0.027886515879227636
2016-07-18,-0.028013554912263205
2016-07-19,-0.024440602799056244
2016-07-20,-0.030523003678914473
2016-07-21,-0.026255033080835655
2016-07-22,-0.02676488141395439
2016-07-25,-0.02867858091118347
2016-07-26,-0.02691054653849534
2016-07-27,-0.0163670216517402
2016-07-28,-0.0180494485103313
2016-07-29,-0.011744717129293591
2016-08-01,-0.014666114286536858
2016-08-02,-0.01791582936535585
2016-08-03,-0.01565201137805261
2016-08-04,-0.0123498950848685
2016-08-05,-0.011026528061692797
2016-08-08,-0.010004336133362934
2016-08-09,-0.007163566494139295
2016-08-10,-0.007670016761310849
2016-08-11,-0.006446680926154746
2016-08-12,-0.005857060305549111
2016-08-15,-0.004078772530938912
2016-08-16,-0.006619041946667847
2016-08-17,-0.004886004318847115
2016-08-18,-0.0018638334524809785
2016-08-19,-0.004821852642934887
2016-08-22,-0.004793355143760336
2016-08-23,-0.0027806720446489352
2016-08-24,-0.006885891060013027
2016-08-25,-0.006886983530731694
2016-08-26,-0.008746381785052715
2016-08-29,-0.00399554393832624
2016-08-30,-0.005738877987861435
2016-08-31,-0.0083143256897249
2016-09-01,-0.007301041767414862
2016-09-02,-0.003473257206147662
2016-09-06,0.0
2016-09-07,-0.001480555791299576
2016-09-08,-0.004879775916565188
2016-09-09,-0.0194150394275604
2016-09-12,-0.012866348502937996
2016-09-13,-0.02211653257320423
2016-09-14,-0.021868854354661793
2016-09-15,-0.016740090350684245
2016-09-16,-0.018208440619932986
2016-09-19,-0.017823630595403372
2016-09-20,-0.017795782075620492
2016-09-21,-0.008508523807695623
2016-09-22,-0.003969620527214612
2016-09-23,-0.006580044786830275
2016-09-26,-0.010875412810694596
2016-09-27,-0.00779960716410133
2016-09-28,-0.004021402269005714
2016-09-29,-0.008955547383840079
2016-09-30,-0.005355030539531125
2016-10-03,-0.007314024340653313
2016-10-04,-0.014221949448254056
2016-10-05,-0.01205714092225052
2016-10-06,-0.012511801147300883
2016-10-07,-0.012648845142656961
2016-10-10,-0.009395507190480434
2016-10-11,-0.01718583849607558
2016-10-12,-0.01635712841234216
2016-10-13,-0.0176705731844512
2016-10-14,-0.01825227642617655
2016-10-17,-0.019113834077077674
2016-10-18,-0.014380574610690866
2016-10-19,-0.011657859489355937
2016-10-20,-0.012728356011627473
2016-10-21,-0.012289328473625072
2016-10-24,-0.011224624819098361
2016-10-25,-0.012118833347956603
2016-10-26,-0.015477925694063477
2016-10-27,-0.018325853737476416
2016-10-28,-0.02067775680082451
2016-10-31,-0.02146809324215493
2016-11-01,-0.02694179786816908
2016-11-02,-0.031726373774417116
2016-11-03,-0.03574582681299798
2016-11-04,-0.036944131786053935
2016-11-07,-0.020008760397754788
2016-11-08,-0.016705465475154502
2016-11-09,-0.01029468659156585
2016-11-10,-0.014781107816806194
2016-11-11,-0.01916257784462161
2016-11-14,-0.020782954662704523
2016-11-15,-0.011337928918672024
2016-11-16,-0.011968077497593765
2016-11-17,-0.008259321840169642
2016-11-18,-0.011202576432488676
2016-11-21,-0.003502383486445937
2016-11-22,-0.0010278314277376577
2016-11-23,-0.003860410787577151
2016-11-25,-0.001435202815365355
2016-11-28,-0.0036584854463367344
2016-11-29,-0.00239512782866802
2016-11-30,-0.007538687773320785
2016-12-01,-0.013807777397422005
2016-12-02,-0.01199532899451694
2016-12-05,-0.00717016157133854
2016-12-06,-0.004405649928744149
2016-12-07,0.0
2016-12-08,0.0
2016-12-09,0.0
2016-12-12,-0.0013509186646148974
2016-12-13,0.0
2016-12-14,-0.007584940760298919
2016-12-15,-0.006132250111241633
2016-12-16,-0.007285368952306581
2016-12-19,-0.004425196897393957
2016-12-20,-0.0019531211667362935
2016-12-21,-0.003539733785944077
2016-12-22,-0.0051604069146294895
2016-12-23,-0.0036553825353027314
2016-12-27,-0.0006546714592285952
2016-12-28,-0.007027613739966521
2016-12-29,-0.005999553242999611
2016-12-30,-0.010800413399775666
2017-01-03,-0.0033024643808117204
2017-01-04,0.0
2017-01-05,0.0
2017-01-06,0.0
2017-01-09,-0.0005239648247910011
2017-01-10,0.0
2017-01-11,0.0
2017-01-12,-0.0014309147520730203
2017-01-13,0.0
2017-01-17,-0.001381986347525177
2017-01-18,-0.00040452054893191924
2017-01-19,-0.003131439845674211
2017-01-20,-5.82385194282109e-05
2017-01-23,-0.000813829627407392
2017-01-24,0.0
2017-01-25,0.0
2017-01-26,-0.0013927906769649612
2017-01-27,-0.0016574490345985238
2017-01-30,-0.006710750262090559
2017-01-31,-0.005886002670373314
2017-02-01,-0.004210673579546076
2017-02-02,-0.0033814105053057153
2017-02-03,0.0
2017-02-06,0.0
2017-02-07,0.0
2017-02-08,0.0
2017-02-09,0.0
2017-02-10,0.0
2017-02-13,0.0
2017-02-14,0.0
2017-02-15,0.0
2017-02-16,-0.00011613610940508501
2017-02-17,0.0
2017-02-21,0.0
2017-02-22,-0.00027500312967587703
2017-02-23,0.0
2017-02-24,0.0
2017-02-27,0.0
2017-02-28,-0.002219770941692678
2017-03-01,0.0
2017-03-02,-0.006343024549229859
2017-03-03,-0.0056170448575227905
2017-03-06,-0.008818682084387408
2017-03-07,-0.012370923288644864
2017-03-08,-0.014394700131402427
2017-03-09,-0.014261163570701063
2017-03-10,-0.011178986010884184
2017-03-13,-0.010451001774288926
2017-03-14,-0.014036732618747494
2017-03-15,-0.004498028454384961
2017-03-16,-0.005682544363865283
2017-03-17,-0.00654402012892541
2017-03-20,-0.006769144328882759
2017-03-21,-0.017272794302858996
2017-03-22,-0.014073321955373252
2017-03-23,-0.015300953144783969
2017-03-24,-0.014822969114429818
2017-03-27,-0.014659820075802354
2017-03-28,-0.009011555317173792
2017-03-29,-0.007091422368199596
2017-03-30,-0.005113960069526358
2017-03-31,-0.0064624264585877444
2017-04-03,-0.007145666112860494
2017-04-04,-0.006192005635960229
2017-04-05,-0.008854098380676745
2017-04-06,-0.007317040732152669
2017-04-07,-0.007841593085032406
2017-04-10,-0.007275832338996313
2017-04-11,-0.007596857902279486
2017-04-12,-0.010258309556838041
2017-04-13,-0.014635034584895235
2017-04-17,-0.007760198481913005
2017-04-18,-0.009390745045152582
2017-04-19,-0.011136415045055137
2017-04-20,-0.0041377432602187625
2017-04-21,-0.005880764344971423
2017-04-24,0.0
2017-04-25,0.0
2017-04-26,-0.0002586850156861553
2017-04-27,0.0
2017-04-28,-0.0006726249004801454
2017-05-01,0.0
2017-05-02,0.0
2017-05-03,-0.0026736285380526414
2017-05-04,-0.0034374703035797705
2017-05-05,0.0
2017-05-08,0.0
2017-05-09,-0.0005224231834745074
2017-05-10,0.0
2017-05-11,-0.0009767547516263964
2017-05-12,-0.0012815343592962325
2017-05-15,0.0
2017-05-16,0.0
2017-05-17,-0.014354470941575492
2017-05-18,-0.010942173281593748
2017-05-19,-0.005575639022867618
2017-05-22,-0.00015127894045341428
2017-05-23,0.0
2017-05-24,0.0
2017-05-25,0.0
2017-05-26,0.0
2017-05-30,-0.0005817442100475301
2017-05-31,-0.00041350087809188807
2017-06-01,0.0
2017-06-02,0.0
2017-06-05,-0.0004760411410049681
2017-06-06,-0.0022207199926915777
2017-06-07,-0.0010608189758916087
2017-06-08,-0.0011300358061546723
2017-06-09,-0.007867384867275895
2017-06-12,-0.009032288975405534
2017-06-13,-0.004238420526122
2017-06-14,-0.006395600716932348
2017-06-15,-0.00922025949006644
2017-06-16,-0.010101612142341843
2017-06-19,-0.0022982185915203512
2017-06-20,-0.008458516745274647
2017-06-21,-0.006930401597300739
2017-06-22,-0.006649329779678692
2017-06-23,-0.0043421150910144535
2017-06-26,-0.005635863637886818
2017-06-27,-0.013986905312769915
2017-06-28,-0.005371002945036896
2017-06-29,-0.014801032520357249
2017-06-30,-0.013642333645929816
2017-07-03,-0.01637805586437724
2017-07-05,-0.012792061849263847
2017-07-06,-0.020278106429095555
2017-07-07,-0.015442934255014862
2017-07-10,-0.013247539278535503
2017-07-11,-0.01307142241863124
2017-07-12,-0.0052873223168257155
2017-07-13,-0.003947411259887734
2017-07-14,0.0
2017-07-17,0.0
2017-07-18,0.0
2017-07-19,0.0
2017-07-20,0.0
2017-07-21,0.0
2017-07-24,0.0
2017-07-25,0.0
2017-07-26,0.0
2017-07-27,-0.001967968222973626
2017-07-28,-0.002075765079783909
2017-07-31,-0.003211985482426183
2017-08-01,-0.0014030900683745795
2017-08-02,-0.0007542251636705188
2017-08-03,-0.002728764617412116
2017-08-04,-0.002031642730681571
2017-08-07,0.0
2017-08-08,-0.00195923212998117
2017-08-09,-0.001424173195840539
2017-08-10,-0.014059600249837101
2017-08-11,-0.011052432503724119
2017-08-14,-0.002802998429104364
2017-08-15,-0.0034718461642061493
2017-08-16,-0.001338466557665119
2017-08-17,-0.01481320229537575
2017-08-18,-0.01588307059055305
2017-08-21,-0.015200294074284693
2017-08-22,-0.006055430171697407
2017-08-23,-0.008516183256454313
2017-08-24,-0.010646962032757945
2017-08-25,-0.009133665024625759
2017-08-28,-0.00690956326933978
2017-08-29,-0.0057852485635621065
2017-08-30,-0.00039965910756523115
2017-08-31,0.0
2017-09-01,0.0
2017-09-05,-0.0052195387405139515
2017-09-06,-0.003152066945683707
2017-09-07,-0.001708632304923352
2017-09-08,-0.004583542445607325
2017-09-11,0.0
2017-09-12,0.0
2017-09-13,-0.00015507010584958625
2017-09-14,-0.0009476248298017076
2017-09-15,0.0
2017-09-18,0.0
2017-09-19,0.0
2017-09-20,-0.0012150420763683556
2017-09-21,-0.00492748941797716
2017-09-22,-0.004445324628247649
2017-09-25,-0.006665092493629898
2017-09-26,-0.0067765913559864055
2017-09-27,-0.0035567250613356416
2017-09-28,-0.002720423254218729
2017-09-29,0.0
2017-10-02,0.0
2017-10-03,0.0
2017-10-04,0.0
2017-10-05,0.0
2017-10-06,-8.599947512077932e-05
2017-10-09,-0.0004778010983731429
2017-10-10,0.0
2017-10-11,0.0
2017-10-12,-0.0012904948487211243
2017-10-13,0.0
2017-10-16,0.0
2017-10-17,0.0
2017-10-18,0.0
2017-10-19,0.0
2017-10-20,0.0
2017-10-23,-0.003594731888462599
2017-10-24,-0.002591586040984528
2017-10-25,-0.006573710391891696
2017-10-26,-0.007395487522038113
2017-10-27,0.0
2017-10-30,-0.001617769507220812
2017-10-31,-0.0002903815203288973
2017-11-01,0.0
2017-11-02,-0.0001390125848113044
2017-11-03,0.0
2017-11-06,0.0
2017-11-07,-0.0009461304526225955
2017-11-08,0.0
2017-11-09,-0.003306302691399088
2017-11-10,-0.0041027601537382274
2017-11-13,-0.0032215680319737094
2017-11-14,-0.005554420191665188
2017-11-15,-0.009597739856197163
2017-11-16,-0.0010516720398845436
2017-11-17,-0.002442856140634664
2017-11-20,-0.002812740221262655
2017-11-21,0.0
2017-11-22,0.0
2017-11-24,0.0
2017-11-27,-0.0002792905983332039
2017-11-28,0.0
2017-11-29,-0.0046044082980915
2017-11-30,0.0
2017-12-01,-0.0017234989822955127
2017-12-04,-0.0051194396752543
2017-12-05,-0.00789907944428725
2017-12-06,-0.007187156314656051
2017-12-07,-0.0058971772533681355
2017-12-08,-0.0016725569017924657
2017-12-11,0.0
2017-12-12,0.0
2017-12-13,0.0
2017-12-14,-0.0030002074796190437
2017-12-15,0.0
2017-12-18,0.0
2017-12-19,-0.0036201631664742884
2017-12-20,-0.0038022526195470308
2017-12-21,-0.002300589828129751
2017-12-22,-0.0020708013949801707
2017-12-26,-0.0030310344278420276
2017-12-27,-0.002292155911690852
2017-12-28,-0.0003580098917667085
2017-12-29,-0.003056881984592086
2018-01-02,0.0
2018-01-03,0.0
2018-01-04,0.0
2018-01-05,0.0
2018-01-08,0.0
2018-01-09,0.0
2018-01-10,-0.0013619114971933355
2018-01-11,0.0
2018-01-12,0.0
2018-01-16,-0.002514273652810428
2018-01-17,0.0
2018-01-18,-0.0012971424529306663
2018-01-19,0.0
2018-01-22,0.0
2018-01-23,0.0
2018-01-24,-0.0004609573677085699
2018-01-25,-0.0010138932121657174
2018-01-26,0.0
2018-01-29,-0.0058646231949406324
2018-01-30,-0.014389042631081761
2018-01-31,-0.01244730291188978
2018-02-01,-0.014660271431010674
2018-02-02,-0.033378554332455734
2018-02-05,-0.06554985328370244
2018-02-06,-0.04996512237861783
2018-02-07,-0.05631525542571325
2018-02-08,-0.0861966611850894
2018-02-09,-0.07521552388542319
2018-02-12,-0.0627094032033203
2018-02-13,-0.060108117135169614
2018-02-14,-0.04720934811362809
2018-02-15,-0.03549592076522301
2018-02-16,-0.03611107119312773
2018-02-20,-0.040976877998428196
2018-02-21,-0.04525906711573635
2018-02-22,-0.04398696739992214
2018-02-23,-0.030420354139201966
2018-02-26,-0.0206865681987628
2018-02-27,-0.0317317154960296
2018-02-28,-0.039106037123686876
2018-03-01,-0.05147894299366129
2018-03-02,-0.04576032920062012
2018-03-05,-0.03718715129282446
2018-03-06,-0.033734785048600946
2018-03-07,-0.034355038047018005
2018-03-08,-0.03060600577747119
2018-03-09,-0.016274276411261335
2018-03-12,-0.016129666574322687
2018-03-13,-0.022744816856127392
2018-03-14,-0.025964133830004843
2018-03-15,-0.02732278582773151
2018-03-16,-0.02729743419732844
2018-03-19,-0.03953094672194524
2018-03-20,-0.03815804490948427
2018-03-21,-0.03839060148279827
2018-03-22,-0.05851288204628624
2018-03-23,-0.07454042410057782
2018-03-26,-0.05138525552802775
2018-03-27,-0.06788032121352983
2018-03-28,-0.07300798201159409
2018-03-29,-0.062146368743615454
2018-04-02,-0.07897191332516917
2018-04-03,-0.07025084275280713
2018-04-04,-0.061032071344019556
2018-04-05,-0.055921745708003234
2018-04-06,-0.07303745916659521
2018-04-09,-0.06833123808827224
2018-04-10,-0.054773889672144804
2018-04-11,-0.058068418216304596
2018-04-12,-0.0519060647268218
2018-04-13,-0.053880105047808935
2018-04-16,-0.047494359343888015
2018-04-17,-0.037145956087785814
2018-04-18,-0.03634886478478405
2018-04-19,-0.041817719659523744
2018-04-20,-0.05068768997576334
2018-04-23,-0.05226422493611327
2018-04-24,-0.06366624502209006
2018-04-25,-0.06265037255911188
2018-04-26,-0.05298613658924267
2018-04-27,-0.05197854472239671
2018-04-30,-0.05845192489207529
2018-05-01,-0.05589072892881375
2018-05-02,-0.06088839189579143
2018-05-03,-0.06168595937895205
2018-05-04,-0.050574122493638796
2018-05-07,-0.046957324426428415
2018-05-08,-0.04728183890554272
2018-05-09,-0.03972254338167425
2018-05-10,-0.03140709850576817
2018-05-11,-0.029989507607866783
2018-05-14,-0.02975352935864506
2018-05-15,-0.03795356074067591
2018-05-16,-0.03427932157266733
2018-05-17,-0.035400197786986554
2018-05-18,-0.03790613085801797
2018-05-21,-0.03229570679890337
2018-05-22,-0.03415010390685802
2018-05-23,-0.030743407358051367
2018-05-24,-0.031104738309299385
2018-05-25,-0.032751595177910375
2018-05-29,-0.04070377487736365
2018-05-30,-0.031216019947383322
2018-05-31,-0.035204806356687546
2018-06-01,-0.026750057368780444
2018-06-04,-0.022107390029106777
2018-06-05,-0.020576456956958866
2018-06-06,-0.014224040236323732
2018-06-07,-0.01590474564304345
2018-06-08,-0.014085096006841935
2018-06-11,-0.012406642582258431
2018-06-12,-0.010849951961038662
2018-06-13,-0.012422368654946059
2018-06-14,-0.008491245725505525
2018-06-15,-0.011639289459064561
2018-06-18,-0.013172099899696699
2018-06-19,-0.016390639864142686
2018-06-20,-0.014323457678225626
2018-06-21,-0.020121739632058988
2018-06-22,-0.019236911824126235
2018-06-25,-0.03226173547784883
2018-06-26,-0.03070542359768136
2018-06-27,-0.03891596337878567
2018-06-28,-0.03452718975867253
2018-06-29,-0.033049678349321154
2018-07-02,-0.03139082704566265
2018-07-03,-0.034692449005107595
2018-07-05,-0.026881450230876958
2018-07-06,-0.01881904738545448
2018-07-09,-0.011363595133895066
2018-07-10,-0.00925498253519852
2018-07-11,-0.015834311615780305
2018-07-12,-0.00636745876055278
2018-07-13,-0.0061695874161016295
2018-07-16,-0.007298789404181605
2018-07-17,-0.004719109020156709
2018-07-18,-0.0037662052476277186
2018-07-19,-0.007492000598150361
2018-07-20,-0.007527873989732425
2018-07-23,-0.006300168260437111
2018-07-24,-0.002237685704200021
2018-07-25,0.0
2018-07-26,-0.005214039105712609
2018-07-27,-0.011927046639361949
2018-07-30,-0.017935229453547197
2018-07-31,-0.013674999499804774
2018-08-01,-0.01787917177434284
2018-08-02,-0.01736361224216354
2018-08-03,-0.014201596874215627
2018-08-06,-0.014358970815168681
2018-08-07,-0.014354570939947409
2018-08-08,-0.01349129553474293
2018-08-09,-0.011968544567862116
2018-08-10,-0.011699435754485288
2018-08-13,-0.016922645465197395
2018-08-14,-0.015666286474288582
2018-08-15,-0.020043408820901276
2018-08-16,-0.01833838883139205
2018-08-17,-0.014806130859385425
2018-08-20,-0.011252124981991352
2018-08-21,-0.010839849966931103
2018-08-22,-0.00940259997918691
2018-08-23,-0.011714315273553821
2018-08-24,-0.005395863532842049
2018-08-27,-0.004009013729508681
2018-08-28,-0.007450525359275484
2018-08-29,-0.0046816590573786065
2018-08-30,-0.006195201358621616
2018-08-31,-0.006984846555263213
2018-09-04,-0.010172959608481413
2018-09-05,-0.010643974812417745
2018-09-06,-0.009910178521453705
2018-09-07,-0.013435846043485355
2018-09-10,-0.012240918438629178
2018-09-11,-0.01330157662645226
2018-09-12,-0.010590040284526148
2018-09-13,-0.009611214996199435
2018-09-14,-0.012453467135316365
2018-09-17,-0.01253126292940665
2018-09-18,-0.014172783029961944
2018-09-19,-0.014484564801283017
2018-09-20,-0.010414153712824614
2018-09-21,-0.012493824039515156
2018-09-24,-0.013990074050135859
2018-09-25,-0.014051222474282365
2018-09-26,-0.01432834716357767
2018-09-27,-0.015651727513625646
2018-09-28,-0.014941897594188291
2018-10-01,-0.01966761849984333
2018-10-02,-0.013736940019851707
2018-10-03,-0.024890949424834052
2018-10-04,-0.028961857222574383
2018-10-05,-0.03344524298881524
2018-10-08,-0.037581720582276046
2018-10-09,-0.03156620690249423
2018-10-10,-0.03262059203505241
2018-10-11,-0.020522277530524158
2018-10-12,-0.023499481706011682
2018-10-15,-0.02237956757632875
2018-10-16,-0.021454558561147863
2018-10-17,-0.02495304875249349
2018-10-18,-0.02482160495973673
2018-10-19,-0.026071353817837206
2018-10-22,-0.027392728782271836
2018-10-23,-0.024282470218852215
2018-10-24,-0.01910432259032724
2018-10-25,-0.022073712157696823
2018-10-26,-0.01779240381260372
2018-10-29,-0.01982761140125966
2018-10-30,-0.023703242141561165
2018-10-31,-0.027869418141751146
2018-11-01,-0.02472247584820908
2018-11-02,-0.03219901452524854
2018-11-05,-0.030312424072745148
2018-11-06,-0.03127136843488776
2018-11-07,-0.03058227963076454
2018-11-08,-0.031074957017390936
2018-11-09,-0.028817049360121527
2018-11-12,-0.02626353673884463
2018-11-13,-0.026529734956948547
2018-11-14,-0.024420948525452846
2018-11-15,-0.024362038257750185
2018-11-16,-0.01938806445851149
2018-11-19,-0.017496917018116176
2018-11-20,-0.017339044267937087
2018-11-21,-0.01722127252299399
2018-11-23,-0.01680608098647207
2018-11-26,-0.018335302169353973
2018-11-27,-0.018816494135683426
2018-11-28,-0.020878419867105813
2018-11-29,-0.01791045670936464
2018-11-30,-0.015973891197381795
2018-12-03,-0.010460690253009108
2018-12-04,0.0
2018-12-06,0.0
2018-12-07,0.0
2018-12-10,0.0
2018-12-11,-0.000530946897617457
2018-12-12,-0.0028031265514921744
2018-12-13,-0.004467333902986814
2018-12-14,-0.0030695844808097394
2018-12-17,0.0
2018-12-18,0.0
2018-12-19,0.0
2018-12-20,0.0
2018-12-21,-0.0008274382881041653
2018-12-24,0.0
2018-12-26,-0.007221111887903531
2018-12-27,-0.005397079505341296
2018-12-28,0.0
2018-12-31,0.0
2019-01-02,0.0
2019-01-03,0.0
2019-01-04,-0.008991695931333865
2019-01-07,-0.010201334039524723
2019-01-08,-0.012416854142067502
2019-01-09,-0.011981745791968312
2019-01-10,-0.016935279988616547
2019-01-11,-0.014176737165380815
2019-01-14,-0.01590829563019358
2019-01-15,-0.01833217425358613
2019-01-16,-0.01716223065384992
2019-01-17,-0.017295885481365514
2019-01-18,-0.02230532454040335
2019-01-22,-0.017472562770130207
2019-01-23,-0.01803976586045286
2019-01-24,-0.014314274742895705
2019-01-25,-0.014406354823769507
2019-01-28,-0.014281541601377623
2019-01-29,-0.010087788227357675
2019-01-30,-0.009135521158850857
2019-01-31,-0.003761745794435889
2019-02-01,-0.008004651450776445
2019-02-04,-0.011522100774389088
2019-02-05,-0.00830296381150697
2019-02-06,-0.009253447061398079
2019-02-07,-0.00470035651834122
2019-02-08,-0.001323931009931112
2019-02-11,-0.004727205437831006
2019-02-12,-0.0058511641880211185
2019-02-13,-0.009037909320870674
2019-02-14,-0.004280814047113335
2019-02-15,-0.0022558635686189543
2019-02-19,0.0
2019-02-20,-0.002087983621469891
2019-02-21,-0.009768482517036658
2019-02-22,-0.005373832167770876
2019-02-25,-0.0073710261203001615
2019-02-26,-0.003995710151263876
2019-02-27,-0.012225190424813293
2019-02-28,-0.015399189237495392
2019-03-01,-0.02434245516614897
2019-03-04,-0.020219904160654223
2019-03-05,-0.018710009786719217
2019-03-06,-0.016584408866233358
2019-03-07,-0.012755360573673657
2019-03-08,-0.008027663844213828
2019-03-11,-0.010806514295125358
2019-03-12,-0.005376156520266906
2019-03-13,-0.005085699405632971
2019-03-14,-0.011647796097161267
2019-03-15,-0.006750240317647704
2019-03-18,-0.007027353379899792
2019-03-19,-0.00782409302306053
2019-03-20,-2.6233573533818166e-05
2019-03-21,0.0
2019-03-22,0.0
2019-03-25,0.0
2019-03-26,-0.001448465899065332
2019-03-27,0.0
2019-03-28,-0.0007609372347689991
2019-03-29,-0.0012676481329370048
2019-04-01,-0.010769623256918881
2019-04-02,-0.008845012021548082
2019-04-03,-0.014386930484055926
2019-04-04,-0.01216243575840159
2019-04-05,-0.011630565354351918
2019-04-08,-0.012922663448742044
2019-04-09,-0.009999128855582406
2019-04-10,-0.007785486185606816
2019-04-11,-0.013938806454019459
2019-04-12,-0.01846449941908257
2019-04-15,-0.017322898072193338
2019-04-16,-0.022800094264265547
2019-04-17,-0.022863075562844837
2019-04-18,-0.01960137946388063
2019-04-22,-0.02240183415055852
2019-04-23,-0.0214680952710693
2019-04-24,-0.015991007456439776
2019-04-25,-0.01668754884777557
2019-04-26,-0.01316394230555129
2019-04-29,-0.017890522759939742
2019-04-30,-0.014130977217053808
2019-05-01,-0.013166051176250027
2019-05-02,-0.016833928096986917
2019-05-03,-0.013925047057997464
2019-05-06,-0.011919215793185
2019-05-07,-0.006628996717916946
2019-05-08,-0.00972009014285835
2019-05-09,-0.0066914209813540015
2019-05-10,-0.007078309614343192
2019-05-13,-0.00013368042271766356
2019-05-14,-0.0022415023808927126
2019-05-15,0.0
2019-05-16,-0.0035546934622692206
2019-05-17,-0.003586169544593676
2019-05-20,-0.004931138349026143
2019-05-21,-0.006437655304435741
2019-05-22,-0.0031217480190559588
2019-05-23,0.0
2019-05-24,0.0
2019-05-28,0.0
2019-05-29,0.0
2019-05-30,0.0
2019-05-31,0.0
2019-06-03,0.0
2019-06-04,-0.006918630664480396
2019-06-05,-0.00968448775083619
2019-06-06,-0.007237561925898084
2019-06-07,-0.0007525937606339683
2019-06-10,-0.008574067011534181
2019-06-11,-0.008517325382917385
2019-06-12,-0.006867664733415713
2019-06-13,-0.0033887597154413918
2019-06-14,-0.0020175676166673817
2019-06-17,-0.0011905683196575811
2019-06-18,0.0
2019-06-19,0.0
2019-06-20,0.0
2019-06-21,-0.005359078397703665
2019-06-24,0.0
2019-06-25,0.0
2019-06-26,-0.005908749004911784
2019-06-27,-0.0017356152446468265
2019-06-28,-0.0016001342797550278
2019-07-01,-0.006996280930034127
2019-07-02,0.0
2019-07-03,0.0
2019-07-05,-0.01058970212060839
2019-07-08,-0.011149386073073808
2019-07-09,-0.010750392872956427
2019-07-10,-0.010543802090152932
2019-07-11,-0.020234339065814066
2019-07-12,-0.018307668227721563
2019-07-15,-0.014868574334449769
2019-07-16,-0.01836611666731025
2019-07-17,-0.008587780408031542
2019-07-18,-0.005509073357301886
2019-07-19,-0.010050951123874774
2019-07-22,-0.00892937400051097
2019-07-23,-0.01334157200472219
2019-07-24,-0.009719675607166023
2019-07-25,-0.014077121653998437
2019-07-26,-0.012330764436370267
2019-07-29,-0.010835164908987616
2019-07-30,-0.008705534184045294
2019-07-31,-0.006546351608476386
2019-08-01,0.0
2019-08-02,0.0
2019-08-05,0.0
2019-08-06,0.0
2019-08-07,0.0
2019-08-08,0.0
2019-08-09,-0.001978365627159695
2019-08-12,0.0
2019-08-13,-0.003484419456485366
2019-08-14,0.0
2019-08-15,0.0
2019-08-16,-0.0061105145933942895
2019-08-19,-0.017174429983406236
2019-08-20,-0.00940323185622216
2019-08-21,-0.014178412754773606
2019-08-22,-0.018699884611522388
2019-08-23,-0.004855407909271747
2019-08-26,-0.007335035758763042
2019-08-27,0.0
2019-08-28,0.0
2019-08-29,-0.003800039162743518
2019-08-30,-0.004079218719126421
2019-09-03,-0.0003808536532572404
2019-09-04,0.0
2019-09-05,-0.016113401110201986
2019-09-06,-0.013566810099977178
2019-09-09,-0.02502727173940933
2019-09-10,-0.037271514030963404
2019-09-11,-0.037130310915035936
2019-09-12,-0.04056465583238378
2019-09-13,-0.05476614702293359
2019-09-16,-0.045804020386643884
2019-09-17,-0.042230299382752134
2019-09-18,-0.0411089754379077
2019-09-19,-0.03857840209578767
2019-09-20,-0.028480051339254353
2019-09-23,-0.027401839458011223
2019-09-24,-0.01913203319405732
2019-09-25,-0.03163283605607792
2019-09-26,-0.027858618271069613
2019-09-27,-0.02731096544913203
2019-09-30,-0.028808568424888215
2019-10-01,-0.025773210452617046
2019-10-02,-0.02186393846044865
2019-10-03,-0.015209004839187412
2019-10-04,-0.01086975029827475
2019-10-07,-0.01768479251586752
2019-10-08,-0.01426416157051491
2019-10-09,-0.017540224888656142
2019-10-10,-0.02826664600228046
2019-10-11,-0.03674252759801677
2019-10-14,-0.03175140060232173
2019-10-15,-0.040170055824293116
2019-10-16,-0.03827893805147686
2019-10-17,-0.03940695246723269
2019-10-18,-0.03954385868019006
2019-10-21,-0.044885799379252966
2019-10-22,-0.040906975279286995
2019-10-23,-0.039900078993014065
2019-10-24,-0.03969031984477078
2019-10-25,-0.042170195655988896
2019-10-28,-0.04911317039424645
2019-10-29,-0.049221388265710875
2019-10-30,-0.039716930864233446
2019-10-31,-0.02968447947798769
2019-11-01,-0.03141359269315891
2019-11-04,-0.03975688454780679
2019-11-05,-0.04947977897436173
2019-11-06,-0.04510049706161556
2019-11-07,-0.058671405023394296
2019-11-08,-0.062223619726580415
2019-11-11,-0.06225427628015856
2019-11-12,-0.059141717274991845
2019-11-13,-0.054636799763961186
2019-11-14,-0.047804180075009084
2019-11-15,-0.048974148873549894
2019-11-18,-0.047284496990522284
2019-11-19,-0.042447350415266705
2019-11-20,-0.03631539141509643
2019-11-21,-0.04108090166479561
2019-11-22,-0.0407233522449989
2019-11-25,-0.03993360873895668
2019-11-26,-0.035552190456659805
2019-11-27,-0.038368568761275035
2019-11-29,-0.03920290767800938
2019-12-02,-0.04354677460263667
2019-12-03,-0.044118856649662086
2019-12-04,-0.04128143585551991
2019-12-05,-0.04031522246610797
2019-12-06,-0.03746892040092398
2019-12-09,-0.038737557582338655
2019-12-10,-0.03819719738912175
2019-12-11,-0.03509332416894706
2019-12-12,-0.03233257031116965
2019-12-13,-0.030109442953481058
2019-12-16,-0.027324698192255914
2019-12-17,-0.02651461084557616
2019-12-18,-0.02608942002436654
2019-12-19,-0.024200981125309773
2019-12-20,-0.022886039452655993
2019-12-23,-0.02176233385860471
2019-12-24,-0.02039428415427391
2019-12-26,-0.0167510730916145
2019-12-27,-0.016740982785194203
2019-12-30,-0.018550575494420407
2019-12-31,-0.017952819747387605
2020-01-02,-0.011903721203396445
2020-01-03,-0.013209335900439267
2020-01-06,-0.011630091574732937
2020-01-07,-0.013130583755666558
2020-01-08,-0.011775791783733891
2020-01-09,-0.007936349131849485
2020-01-10,-0.007822962330393701
2020-01-13,-0.006307617749379935
2020-01-14,-0.006787997361544673
2020-01-15,-0.004810950903729294
2020-01-16,-0.0012762907585225358
2020-01-17,-0.00011675169904734606
2020-01-21,-0.00047450286436834244
2020-01-22,0.0
2020-01-23,0.0
2020-01-24,-0.003894060808852129
2020-01-27,-0.011228866910991453
2020-01-28,-0.005518642301039822
2020-01-29,-0.004836909167171721
2020-01-30,-0.003110576123364961
2020-01-31,-0.010480326808594898
2020-02-03,-0.008386430168762726
2020-02-04,-0.0023415695180306617
2020-02-05,0.0
2020-02-06,0.0
2020-02-07,-0.0015420236638284956
2020-02-10,0.0
2020-02-11,0.0
2020-02-12,0.0
2020-02-13,0.0
2020-02-14,0.0
2020-02-18,0.0
2020-02-19,0.0
2020-02-20,-5.328814817284755e-05
2020-02-21,-0.002546088995057816
2020-02-24,-0.01807014924091932
2020-02-25,-0.03359007373748202
2020-02-26,-0.035006971345741156
2020-02-27,-0.057251270834599244
2020-02-28,-0.05937696505809109
2020-03-02,-0.023994399080106477
2020-03-03,-0.04437152405839995
2020-03-04,-0.01081673612758971
2020-03-05,-0.035668937208967244
2020-03-06,-0.04953870776065439
2020-03-09,-0.11121203115636802
2020-03-10,-0.0744495394286222
2020-03-11,-0.11192888232515841
2020-03-12,-0.18628599519449263
2020-03-13,-0.13068899140148205
2020-03-16,-0.21436275125260273
2020-03-17,-0.17519277069079864
2020-03-18,-0.21055087184269206
2020-03-19,-0.211863033746305
2020-03-20,-0.23900218236420911
2020-03-23,-0.24842662672112104
2020-03-24,-0.18918300075763805
2020-03-25,-0.18193023659535856
2020-03-26,-0.13986398534334255
2020-03-27,-0.1614841190672861
2020-03-30,-0.13795781953343156
2020-03-31,-0.15057290904089593
2020-04-01,-0.18225676735050256
2020-04-02,-0.16563914982248118
2020-04-03,-0.17661884241020132
2020-04-06,-0.1273777349519144
2020-04-07,-0.1273824497272974
2020-04-08,-0.10460849831636554
2020-04-09,-0.08797408462635625
2020-04-13,-0.0907430194801625
2020-04-14,-0.06564803550590581
2020-04-15,-0.0810510947009001
2020-04-16,-0.0752094031008469
2020-04-17,-0.05977550097483819
2020-04-20,-0.07268638787613124
2020-04-21,-0.09875158697040465
2020-04-22,-0.07883527798268519
2020-04-23,-0.07839728188465
2020-04-24,-0.06904040881044016
2020-04-27,-0.059726849071172095
2020-04-28,-0.06599540623343281
2020-04-29,-0.0425378173887333
2020-04-30,-0.05036446320271171
2020-05-01,-0.04459366767567263
2020-05-04,-0.046620660240586975
2020-05-05,-0.0494952941636273
2020-05-06,-0.0610757091506271
2020-05-07,-0.048651033819824274
2020-05-08,-0.05725993734226653
2020-05-11,-0.06291575234312174
2020-05-12,-0.05637274061562936
2020-05-13,-0.05059535624443667
2020-05-14,-0.04338345316094583
2020-05-15,-0.04366969015020672
2020-05-18,-0.05786858284745766
2020-05-19,-0.05382614318262413
2020-05-20,-0.051677269925721636
2020-05-21,-0.05306457946590293
2020-05-22,-0.048525887958595804
2020-05-26,-0.05888641636681191
2020-05-27,-0.05962742791926634
2020-05-28,-0.06098714321109577
2020-05-29,-0.05558186623739225
2020-06-01,-0.058549346854695594
2020-06-02,-0.06182244113692448
2020-06-03,-0.07292103138846884
2020-06-04,-0.07898050447287952
2020-06-05,-0.08671540241584386
2020-06-08,-0.08267490995016924
2020-06-09,-0.07459055782593893
2020-06-10,-0.06359952041040684
2020-06-11,-0.054417847382063234
2020-06-12,-0.05955475401122767
2020-06-15,-0.0596203937455112
2020-06-16,-0.06838638457825763
2020-06-17,-0.06565853261309895
2020-06-18,-0.06011241460543704
2020-06-19,-0.05754323121535343
2020-06-22,-0.05629895528159301
2020-06-23,-0.05853610791035191
2020-06-24,-0.053111659211370066
2020-06-25,-0.05158829626408523
2020-06-26,-0.04458503819125004
2020-06-29,-0.04624163782271018
2020-06-30,-0.04819547079840103
2020-07-01,-0.050221427964282084
2020-07-02,-0.049130287507570536
2020-07-06,-0.050394010789338695
2020-07-07,-0.041143052661597235
2020-07-08,-0.042250431630714846
2020-07-09,-0.03357441985350429
2020-07-10,-0.037056352739055054
2020-07-13,-0.03490675278246502
2020-07-14,-0.03315162873513766
2020-07-15,-0.03566647179473792
2020-07-16,-0.03474152811802145
2020-07-17,-0.03431926490828785
2020-07-20,-0.032008762554898484
2020-07-21,-0.02928330791981837
2020-07-22,-0.024613780772385185
2020-07-23,-0.01605574453372638
2020-07-24,-0.014379545860087939
2020-07-27,-0.012748741639406314
2020-07-28,-0.006957952489445529
2020-07-29,-0.006435110563344559
2020-07-30,-0.003909033364846937
2020-07-31,-0.002460039651221546
2020-08-03,-0.0052477062525347895
2020-08-04,0.0
2020-08-05,-0.003435147963864904
2020-08-06,0.0
2020-08-07,-0.007199499154565414
2020-08-10,-0.010597412442226672
2020-08-11,-0.02832341682539874
2020-08-12,-0.034578606038280224
2020-08-13,-0.03623216910858107
2020-08-14,-0.03929983332762943
2020-08-17,-0.03366095082049825
2020-08-18,-0.02775061008914914
2020-08-19,-0.0375357353631377
2020-08-20,-0.03098447570764229
2020-08-21,-0.029075688967995283
2020-08-24,-0.03114336603963619
2020-08-25,-0.035334683502016295
2020-08-26,-0.035270701624783185
2020-08-27,-0.04736940716642335
2020-08-28,-0.04441703862221613
2020-08-31,-0.04095140563226507
2020-09-01,-0.031616937605910445
2020-09-02,-0.022537090342703348
2020-09-03,-0.05403162252031757
2020-09-04,-0.06118258364569773
2020-09-08,-0.08630112774358134
2020-09-09,-0.06850237681513172
2020-09-10,-0.08266115942733876
2020-09-11,-0.08347432316338033
2020-09-14,-0.07241320983705812
2020-09-15,-0.0669410174756796
2020-09-16,-0.071874004111661
2020-09-17,-0.08027986888490957
2020-09-18,-0.08908861072150487
2020-09-21,-0.09729929570171003
2020-09-22,-0.08855322082885098
2020-09-23,-0.10969445149736212
2020-09-24,-0.10705669860146483
2020-09-25,-0.09465874099416194
2020-09-28,-0.08037572876255095
2020-09-29,-0.08335753952464076
2020-09-30,-0.07810953183007219
2020-10-01,-0.07049252729181821
2020-10-02,-0.08110074106032095
2020-10-05,-0.06626610521243603
2020-10-06,-0.07887139296376466
2020-10-07,-0.06577790736842937
2020-10-08,-0.05927356245856752
2020-10-09,-0.04943882790059573
2020-10-12,-0.034186416288671584
2020-10-13,-0.039923780473530845
2020-10-14,-0.0450870957499272
2020-10-15,-0.04679621331877615
2020-10-16,-0.04862973519039948
2020-10-19,-0.06070349734826963
2020-10-20,-0.057255338946871626
2020-10-21,-0.05777297315655483
2020-10-22,-0.05543502382035448
2020-10-23,-0.05312735274845526
2020-10-26,-0.06735065752455294
2020-10-27,-0.06753345568379165
2020-10-28,-0.09620755687544091
2020-10-29,-0.08765012420280116
2020-10-30,-0.09737237352736827
2020-11-02,-0.08980895740684791
2020-11-03,-0.07571845839224978
2020-11-04,-0.05425941698241121
2020-11-05,-0.03575496425289493
2020-11-06,-0.03594409897630069
2020-11-09,-0.03614830677683767
2020-11-10,-0.04026504932203501
2020-11-11,-0.03214256890727574
2020-11-12,-0.03875293615442865
2020-11-13,-0.028098616058536252
2020-11-16,-0.018762278636175855
2020-11-17,-0.02287708758607121
2020-11-18,-0.03211795578264076
2020-11-19,-0.02801329503885408
2020-11-20,-0.033222941663172634
2020-11-23,-0.03149689983495896
2020-11-24,-0.020603801468672245
2020-11-25,-0.02039730553777841
2020-11-27,-0.017790085208476913
2020-11-30,-0.0207562704438623
2020-12-01,-0.009506122572756848
2020-12-02,-0.006980483276324501
2020-12-03,-0.0060225118156689295
2020-12-04,0.0
2020-12-07,0.0
2020-12-08,0.0
2020-12-09,-0.011768666843262166
2020-12-10,-0.011175527159030252
2020-12-11,-0.012227900125517777
2020-12-14,-0.013969318248718388
2020-12-15,-0.0021763168996543625
2020-12-16,0.0
2020-12-17,0.0
2020-12-18,-0.0030892101931289107
2020-12-21,-0.006273642596836826
2020-12-22,-0.007396993520439654
2020-12-23,-0.0067541981259714445
2020-12-24,-0.0029574501037441525
2020-12-28,0.0
2020-12-29,-0.0007273830984170226
2020-12-30,0.0
2020-12-31,0.0
2021-01-04,-0.008972483114246477
2021-01-05,-0.0029156568984586295
2021-01-06,-0.0039038226238805596
2021-01-07,0.0
2021-01-08,0.0
2021-01-11,-0.00766850304911304
2021-01-12,-0.007090322244912128
2021-01-13,-0.004275910624547907
2021-01-14,-0.00750752602634619
2021-01-15,-0.014813417526137629
2021-01-19,-0.006179719830529451
2021-01-20,0.0
2021-01-21,0.0
2021-01-22,-0.003681189343756164
2021-01-25,0.0
2021-01-26,-0.001039800442147687
2021-01-27,-0.022177704420490607
2021-01-28,-0.015591786023649634
2021-01-29,-0.031857602961307574
2021-02-01,-0.01613124471794647
2021-02-02,-0.005533253937606619
2021-02-03,-0.005923546841636429
2021-02-04,0.0
2021-02-05,0.0
2021-02-08,0.0
2021-02-09,-0.0002972845382734901
2021-02-10,-0.0006710144927674078
2021-02-11,0.0
2021-02-12,0.0
2021-02-16,-0.0026552501289844876
2021-02-17,-0.004641400882157365
2021-02-18,-0.00819595721805988
2021-02-19,-0.00968925385451358
2021-02-22,-0.01821646328908011
2021-02-23,-0.018075079017737417
2021-02-24,-0.009932809911847862
2021-02-25,-0.03395169928042474
2021-02-26,-0.03875517542664664
2021-03-01,-0.01807879004836066
2021-03-02,-0.02543727395542361
2021-03-03,-0.04022692684395557
2021-03-04,-0.051804138030252744
2021-03-05,-0.03813690806617975
2021-03-08,-0.048153814508603565
2021-03-09,-0.03033405434404912
2021-03-10,-0.026467870021311568
2021-03-11,-0.015784581915361917
2021-03-12,-0.016876810676730414
2021-03-15,-0.010815048045777265
2021-03-16,-0.010614931938354832
2021-03-17,-0.006931444002791443
2021-03-18,-0.02302008724325655
2021-03-19,-0.02263107288738797
2021-03-22,-0.014074420618946037
2021-03-23,-0.02020783486528155
2021-03-24,-0.026105206598009634
2021-03-25,-0.023340373110145918
2021-03-26,-0.01039637088347034
2021-03-29,-0.011872973050830904
2021-03-30,-0.016367964108176758
2021-03-31,-0.00899712833362365
2021-04-01,0.0
2021-04-05,0.0
2021-04-06,0.0
2021-04-07,0.0
2021-04-08,0.0
2021-04-09,0.0
2021-04-12,-0.0007517472574251061
2021-04-13,0.0
2021-04-14,-0.0049310088099703275
2021-04-15,0.0
2021-04-16,0.0
2021-04-19,-0.005215147095547823
2021-04-20,-0.010852913301077183
2021-04-21,-0.002233528992610645
2021-04-22,-0.010936420120415624
2021-04-23,-0.0021296753720166928
2021-04-26,0.0
2021-04-27,-0.001384886145029518
2021-04-28,-0.0017437449794909243
2021-04-29,0.0
2021-04-30,-0.005635793986379811
2021-05-03,-0.004078816338219382
2021-05-04,-0.012137050745079536
2021-05-05,-0.012013821831368898
2021-05-06,-0.0041768540209069505
2021-05-07,0.0
2021-05-10,-0.010918316065992806
2021-05-11,-0.01657293471409438
2021-05-12,-0.03565097065673262
2021-05-13,-0.026468052203486914
2021-05-14,-0.011999155028135866
2021-05-17,-0.013737629759989822
2021-05-18,-0.02021356089244586
2021-05-19,-0.021722207420179607
2021-05-20,-0.010758091117334834
2021-05-21,-0.012146211706226095
2021-05-24,-0.0024937648097452803
2021-05-25,-0.002629156019114287
2021-05-26,-0.0008862452278279864
2021-05-27,-0.0013255637951054
2021-05-28,0.0
2021-06-01,-0.0011621275245246032
2021-06-02,0.0
2021-06-03,-0.006472052066168188
2021-06-04,0.0
2021-06-07,0.0
2021-06-08,-1.7494967714193344e-05
2021-06-09,-0.0009768064029566093
2021-06-10,0.0
2021-06-11,0.0
2021-06-14,0.0
2021-06-15,-0.00279585189443865
2021-06-16,-0.008685903879181667
2021-06-17,-0.009345101750300677
2021-06-18,-0.019513405886074753
2021-06-21,-0.00848108989614027
2021-06-22,-0.0038000053844085002
2021-06-23,-0.00459110182953637
2021-06-24,0.0
2021-06-25,0.0
2021-06-28,0.0
2021-06-29,0.0
2021-06-30,0.0
2021-07-01,0.0
2021-07-02,0.0
2021-07-06,0.0
2021-07-07,0.0
2021-07-08,-0.006377719482558386
2021-07-09,0.0
2021-07-12,0.0
2021-07-13,-0.002210784151782552
2021-07-14,0.0
2021-07-15,-0.0035047633466793737
2021-07-16,-0.010911939361083589
2021-07-19,-0.021845452266797905
2021-07-20,-0.010795218670255902
2021-07-21,-0.004593052571821299
2021-07-22,-0.0017751035709147045
2021-07-23,0.0
2021-07-26,0.0
2021-07-27,-0.004908295064114054
2021-07-28,-0.003807001071690408
2021-07-29,0.0
2021-07-30,-0.004881283383824653
2021-08-02,-0.006487228481421803
2021-08-03,-0.00038978090822849865
2021-08-04,-0.0032102937803123455
2021-08-05,0.0
2021-08-06,-0.0024984004439487784
2021-08-09,-0.004614254969710574
2021-08-10,-0.005089184069283159
2021-08-11,-0.0024160742474936825
2021-08-12,0.0
2021-08-13,0.0
2021-08-16,0.0
2021-08-17,-0.006072697851280617
2021-08-18,-0.014663544082487823
2021-08-19,-0.01309627847339856
2021-08-20,-0.006048708996806429
2021-08-23,0.0
2021-08-24,0.0
2021-08-25,0.0
2021-08-26,-0.004755353621195613
2021-08-27,0.0
2021-08-30,0.0
2021-08-31,-0.0008283785022268342
2021-09-01,-8.739268240309794e-05
2021-09-02,0.0
2021-09-03,0.0
2021-09-07,-0.004082132898165058
2021-09-08,-0.005639491199050828
2021-09-09,-0.008346781502215572
2021-09-10,-0.01519148751349264
2021-09-13,-0.013238608179082179
2021-09-14,-0.016404319556300062
2021-09-15,-0.010443762658199462
2021-09-16,-0.013523221664182627
2021-09-17,-0.02190474986073121
2021-09-20,-0.035377962011094666
2021-09-21,-0.03487903461137187
2021-09-22,-0.02761193070596446
2021-09-23,-0.019807335266834425
2021-09-24,-0.018925236205278084
2021-09-27,-0.022060614436527626
2021-09-28,-0.040815090404167975
2021-09-29,-0.0404175256382554
2021-09-30,-0.04716410407123217
2021-10-01,-0.041678309572486416
2021-10-04,-0.044368245239816306
2021-10-05,-0.045329640450754716
2021-10-06,-0.04238096876868913
2021-10-07,-0.04416029852640768
2021-10-08,-0.046250015182065174
2021-10-11,-0.04922524921500737
2021-10-12,-0.04456218782793653
2021-10-13,-0.037212665617924356
2021-10-14,-0.03168080741753376
2021-10-15,-0.03523551643253087
2021-10-18,-0.034157283149651274
2021-10-19,-0.03476492975799372
2021-10-20,-0.0332468559379977
2021-10-21,-0.03340288151677939
2021-10-22,-0.02957005616926034
2021-10-25,-0.026848789488501668
2021-10-26,-0.02647502537223101
2021-10-27,-0.02254312536907188
2021-10-28,-0.021041938085191614
2021-10-29,-0.021851154058454836
2021-11-01,-0.02202555228173897
2021-11-02,-0.020220758837837804
2021-11-03,-0.023350278126978652
2021-11-04,-0.0166368961727118
2021-11-05,-0.008781326880335838
2021-11-08,-0.008432832026124437
2021-11-09,-0.004659049949494509
2021-11-10,-0.009000530203040147
2021-11-11,-0.008073594837365805
2021-11-12,-0.00661897635531461
2021-11-15,-0.010065521686685397
2021-11-16,-0.011505751543556597
2021-11-17,-0.007803143866406903
2021-11-18,-0.006852777319214076
2021-11-19,-0.00663176966896728
2021-11-22,-0.016100920031843602
2021-11-23,-0.021459786341916698
2021-11-24,-0.017170195989326453
2021-11-26,-0.016350430058468035
2021-11-29,-0.015535005749262809
2021-11-30,-0.01843750364722685
2021-12-01,-0.018642009370315238
2021-12-02,-0.01625162470407715
2021-12-03,-0.01324453886909116
2021-12-06,-0.014519765175641797
2021-12-07,-0.010856238018346454
2021-12-08,-0.014255680654488123
2021-12-09,-0.01613339879633624
2021-12-10,-0.013258505418658362
2021-12-13,-0.011031830802054943
2021-12-14,-0.01577609313991113
2021-12-15,-0.013156556987675372
2021-12-16,-0.012055522292907628
2021-12-17,-0.012529490644985875
2021-12-20,-0.017990984696867773
2021-12-21,-0.014812299371493642
2021-12-22,-0.008923406885266716
2021-12-23,-0.009002131114182021
2021-12-27,-0.004395947187655347
2021-12-28,-0.006658607765940294
2021-12-29,-0.009156541849326905
2021-12-30,-0.005841180522371148
2021-12-31,-0.004311345183989457
2022-01-03,-0.013524746924644893
2022-01-04,-0.012671778856123694
2022-01-05,-0.019811263436738336
2022-01-06,-0.022608298101777335
2022-01-07,-0.02427608766718925
2022-01-10,-0.023380704040838918
2022-01-11,-0.016498938956247544
2022-01-12,-0.01621286314717063
2022-01-13,-0.018137628463694155
2022-01-14,-0.02276961482825024
2022-01-18,-0.03131072054313522
2022-01-19,-0.028188873475167298
2022-01-20,-0.03004392757649954
2022-01-21,-0.032508432657197495
2022-01-24,-0.03199749651769146
2022-01-25,-0.03468280185686501
2022-01-26,-0.04253334593186486
2022-01-27,-0.04260443097860067
2022-01-28,-0.037206010092361796
2022-01-31,-0.03302768476432594
2022-02-01,-0.03480828023961158
2022-02-02,-0.03210141988510484
2022-02-03,-0.03706946162017699
2022-02-04,-0.04567561798186748
2022-02-07,-0.04384706081822565
2022-02-08,-0.047301111040580324
2022-02-09,-0.04560040789148245
2022-02-10,-0.05639577827834441
2022-02-11,-0.04382188844549839
2022-02-14,-0.05034401464378435
2022-02-15,-0.05854938753452288
2022-02-16,-0.05301921762665285
2022-02-17,-0.046092017095265
2022-02-18,-0.04018418157157444
2022-02-22,-0.03846522947065112
2022-02-23,-0.04566331928024503
2022-02-24,-0.04635885397675976
2022-02-25,-0.046575762378970875
2022-02-28,-0.03172189546473081
2022-03-01,-0.02104070113620027
2022-03-02,-0.043803392868071334
2022-03-03,-0.03682132060285692
2022-03-04,-0.02357017868178002
2022-03-07,-0.025391951392710554
2022-03-08,-0.02619575529079421
2022-03-09,-0.03782294485019089
2022-03-10,-0.0456768199013472
2022-03-11,-0.04516973831114157
2022-03-14,-0.061923885521129596
2022-03-15,-0.06634883964772109
2022-03-16,-0.05986347619657528
2022-03-17,-0.06321596094818771
2022-03-18,-0.05804317917819146
2022-03-21,-0.07032014600110892
2022-03-22,-0.07894827899104717
2022-03-23,-0.06416681941912195
2022-03-24,-0.06725077918850897
2022-03-25,-0.0762921107572202
2022-03-28,-0.07509419060694467
2022-03-29,-0.07073151366264752
2022-03-30,-0.0647535445243862
2022-03-31,-0.06331821665857285
2022-04-01,-0.06276270332800604
2022-04-04,-0.06564953416190722
2022-04-05,-0.07982278374016094
2022-04-06,-0.08372738727851481
2022-04-07,-0.08704242762325098
2022-04-08,-0.09205094299382466
2022-04-11,-0.09972742678616087
2022-04-12,-0.09863587357203218
2022-04-13,-0.09658662276382624
2022-04-14,-0.1083741365735813
2022-04-18,-0.11048011928476087
2022-04-19,-0.11757303883602521
2022-04-20,-0.10594711961991987
2022-04-21,-0.11085332661688474
2022-04-22,-0.11598281760801288
2022-04-25,-0.11357840407706943
2022-04-26,-0.10763341469955945
2022-04-27,-0.11593528933407216
2022-04-28,-0.11431823489535997
2022-04-29,-0.12157345299655165
2022-05-02,-0.13397941923458734
2022-05-03,-0.13010100095493526
2022-05-04,-0.12505414090709943
2022-05-05,-0.1403993164785854
2022-05-06,-0.1477352404652691
2022-05-09,-0.1452728892512284
2022-05-10,-0.1421680538810266
2022-05-11,-0.13082674030486818
2022-05-12,-0.13421411070128586
2022-05-13,-0.1433591144576597
2022-05-16,-0.14215342954675259
2022-05-17,-0.14982154490138333
2022-05-18,-0.13877495226671688
2022-05-19,-0.13475699202149094
2022-05-20,-0.12861903698342503
2022-05-23,-0.13649509828332906
2022-05-24,-0.12457830180102081
2022-05-25,-0.1234309308068735
2022-05-26,-0.12609310328970724
2022-05-27,-0.1246801990972568
2022-05-31,-0.13779889746200824
2022-06-01,-0.13761281145952697
2022-06-02,-0.13518129714920224
2022-06-03,-0.13811522967780854
2022-06-06,-0.14864005933028834
2022-06-07,-0.14199306259015676
2022-06-08,-0.146837043380731
2022-06-09,-0.14579878916583977
2022-06-10,-0.1474073790298187
2022-06-13,-0.16883093842920638
2022-06-14,-0.17677541693715115
2022-06-15,-0.16476889753355728
2022-06-16,-0.15868856132420162
2022-06-17,-0.15848650427671074
2022-06-21,-0.16773609979847082
2022-06-22,-0.15285515643076442
2022-06-23,-0.14957447228180942
2022-06-24,-0.15684891744649043
2022-06-27,-0.16153524490584126
2022-06-28,-0.15950836648712552
2022-06-29,-0.1515622062876837
2022-06-30,-0.1477943557295741
2022-07-01,-0.14217328045163813
2022-07-05,-0.14178870443488145
2022-07-06,-0.15362992379215645
2022-07-07,-0.15812785523139106
2022-07-08,-0.163853370287537
2022-07-11,-0.1560377743121676
2022-07-12,-0.15357456910822942
2022-07-13,-0.14712508449827444
2022-07-14,-0.15375835579432107
2022-07-15,-0.1511172869481009
2022-07-18,-0.15636649136419056
2022-07-19,-0.15887830684582527
2022-07-20,-0.1591560441332749
2022-07-21,-0.1475980323610907
2022-07-22,-0.1381413091983139
2022-07-25,-0.14381879448889145
2022-07-26,-0.14371075924491916
2022-07-27,-0.1445839538278536
2022-07-28,-0.13804167073236118
2022-07-29,-0.13898343486079257
2022-08-01,-0.1255697272393641
2022-08-02,-0.13832103036606946
2022-08-03,-0.12969840340171668
2022-08-04,-0.12676292453503268
2022-08-05,-0.14191582572906558
2022-08-08,-0.1319850543747325
2022-08-09,-0.13364658141192154
2022-08-10,-0.13730894466008892
2022-08-11,-0.14989223122991657
2022-08-12,-0.14311452072681574
2022-08-15,-0.1456194368625724
2022-08-16,-0.14393193204027943
2022-08-17,-0.1505456125314979
2022-08-18,-0.14998754924834856
2022-08-19,-0.15956791503413792
2022-08-22,-0.1626026305667232
2022-08-23,-0.16411561806648556
2022-08-24,-0.16747566051206564
2022-08-25,-0.1599034161085472
2022-08-26,-0.15818654376024988
2022-08-29,-0.1623838324700818
2022-08-30,-0.16261364203361994
2022-08-31,-0.16873152687993453
2022-09-01,-0.17944582223948735
2022-09-02,-0.17485599244071492
2022-09-06,-0.1884433101468217
2022-09-07,-0.17885432945927016
2022-09-08,-0.18509351860465828
2022-09-09,-0.1832855089855523
2022-09-12,-0.18650402575409908
2022-09-13,-0.18804015387532014
2022-09-14,-0.18712977237022033
2022-09-15,-0.19066158245735543
2022-09-16,-0.19373204405004996
2022-09-19,-0.19265589209829515
2022-09-20,-0.1984860539599046
2022-09-21,-0.18982282784314553
2022-09-22,-0.20263402552425636
2022-09-23,-0.20363123490847734
2022-09-26,-0.21496838673271068
2022-09-27,-0.2270490709890841
2022-09-28,-0.2076400255355464
2022-09-29,-0.21034555574524905
2022-09-30,-0.21658846839944235
2022-10-03,-0.20496665062222819
2022-10-04,-0.20396208847989938
2022-10-05,-0.20956728994189489
2022-10-06,-0.21257609608061168
2022-10-07,-0.21908317135492816
2022-10-10,-0.22879946904980264
2022-10-11,-0.22699260058933957
2022-10-12,-0.22373734993214167
2022-10-13,-0.229727201156255
2022-10-14,-0.23553582156955422
2022-10-17,-0.23715925063490795
2022-10-18,-0.23568265402549837
2022-10-19,-0.24636311929217913
2022-10-20,-0.254498454113818
2022-10-21,-0.2595142289639304
2022-10-24,-0.2637029071273399
2022-10-25,-0.25036064613113806
2022-10-26,-0.242796766885368
2022-10-27,-0.23795653831823238
2022-10-28,-0.24288076088126176
2022-10-31,-0.24757889217092233
2022-11-01,-0.24197106345429897
2022-11-02,-0.24507733719382396
2022-11-03,-0.2483771025395578
2022-11-04,-0.25117142098794043
2022-11-07,-0.256377270439485
2022-11-08,-0.2479154544288502
2022-11-09,-0.2469443344401906
2022-11-10,-0.2241555624240812
2022-11-11,-0.22487417963300582
2022-11-14,-0.22580888655309506
2022-11-15,-0.21759570361032343
2022-11-16,-0.20766991112967292
2022-11-17,-0.2140330352084292
2022-11-18,-0.2185342587308563
2022-11-21,-0.21746995982926487
2022-11-22,-0.21050728490985293
2022-11-23,-0.2011249988661874
2022-11-25,-0.2025928828982657
2022-11-28,-0.20246560179001138
2022-11-29,-0.20734765357369456
2022-11-30,-0.20135503715946612
2022-12-01,-0.1827662909732528
2022-12-02,-0.17720506249747614
2022-12-05,-0.18740859093600404
2022-12-06,-0.18050377236591852
2022-12-07,-0.16709371271249185
2022-12-08,-0.1684866697767654
2022-12-09,-0.18095776846951972
2022-12-12,-0.18084043087723334
2022-12-13,-0.17281220717409929
2022-12-14,-0.17107466870340204
2022-12-15,-0.17182375817547257
2022-12-16,-0.1757692003460185
2022-12-19,-0.18474687264743905
2022-12-20,-0.19072704786013128
2022-12-21,-0.18961551843709235
2022-12-22,-0.19176761528121644
2022-12-23,-0.19847182376457229
2022-12-27,-0.20684643557510607
2022-12-28,-0.21036505593492527
2022-12-29,-0.2039863051757651
2022-12-30,-0.20875041772425862
2023-01-03,-0.1982291359105326
2023-01-04,-0.18997152145207574
2023-01-05,-0.19017577471327474
2023-01-06,-0.17758870735561516
2023-01-09,-0.1744307954913633
2023-01-10,-0.18216360048332803
2023-01-11,-0.17416063141998794
2023-01-12,-0.16213324230433435
2023-01-13,-0.16512062478550327
2023-01-17,-0.16934914982181082
2023-01-18,-0.1573835591998788
2023-01-19,-0.15791523950881248
2023-01-20,-0.16681155849047924
2023-01-23,-0.16901241131177358
2023-01-24,-0.16118004139288644
2023-01-25,-0.15908429699138704
2023-01-26,-0.1630573986026661
2023-01-27,-0.1645579496966123
2023-01-30,-0.16698234477503993
2023-01-31,-0.16207463531635047
2023-02-01,-0.15362843720812225
2023-02-02,-0.15646342238969724
2023-02-03,-0.16886206114717706
2023-02-06,-0.17267842780309495
2023-02-07,-0.1764285270166488
2023-02-08,-0.17360902511246268
2023-02-09,-0.17973574746738719
2023-02-10,-0.18501079076278415
2023-02-13,-0.1816832312580955
2023-02-14,-0.1830324362529666
2023-02-15,-0.18921169641195557
2023-02-16,-0.19621658358316652
2023-02-17,-0.19184745011148618
2023-02-21,-0.20219507007825566
2023-02-22,-0.1986274989290865
2023-02-23,-0.1939148718953433
2023-02-24,-0.20170053122323595
2023-02-27,-0.1996083606959138
2023-02-28,-0.19673672215161742
2023-03-01,-0.20128128815535307
2023-03-02,-0.2055648949124631
2023-03-03,-0.19221520402970205
2023-03-06,-0.1968679748436295
2023-03-07,-0.19705884553324193
2023-03-08,-0.19674123484369577
2023-03-09,-0.193456759640393
2023-03-10,-0.1724109106602837
2023-03-13,-0.16583310439354748
2023-03-14,-0.17565867810032965
2023-03-15,-0.16385276099722557
2023-03-16,-0.1681108698863516
2023-03-17,-0.15494115553730958
2023-03-20,-0.15954279694903428
2023-03-21,-0.16768247573343054
2023-03-22,-0.15741792339564198
2023-03-23,-0.15481323037842332
2023-03-24,-0.15448857426277907
2023-03-27,-0.16868816580033652
2023-03-28,-0.16660037466427757
2023-03-29,-0.16849287353310716
2023-03-30,-0.16467387573025072
2023-03-31,-0.1578325595946014
2023-04-03,-0.15403712054242136
2023-04-04,-0.14796800356867046
2023-04-05,-0.1425315736051378
2023-04-06,-0.14248671888716635
2023-04-10,-0.15265599754759762
2023-04-11,-0.15055803213168462
2023-04-12,-0.15006569907209533
2023-04-13,-0.15167230816142996
2023-04-14,-0.15972503761364032
2023-04-17,-0.16671682957726652
2023-04-18,-0.164329024061745
2023-04-19,-0.16575185455639185
2023-04-20,-0.1604074050062838
2023-04-21,-0.16500081678403056
2023-04-24,-0.15946312465564982
2023-04-25,-0.1505365155418652
2023-04-26,-0.1570987678496818
2023-04-27,-0.16243596617359246
2023-04-28,-0.154862188675156
2023-05-01,-0.15947329817581912
2023-05-02,-0.1598390021919377
2023-05-03,-0.16129111113013117
2023-05-04,-0.1642802203533209
2023-05-05,-0.1587103583291497
2023-05-08,-0.16043539864055822
2023-05-09,-0.16201755378884442
2023-05-10,-0.15772725163129064
2023-05-11,-0.15879147290113638
2023-05-12,-0.1613225569831095
2023-05-15,-0.1609515041282028
2023-05-16,-0.16684333832075793
2023-05-17,-0.162425302182733
2023-05-18,-0.1608519756394089
2023-05-19,-0.16044248880157352
2023-05-22,-0.15944547733438597
2023-05-23,-0.1640904615387534
2023-05-24,-0.16960370749661702
2023-05-25,-0.1682414835659808
2023-05-26,-0.16136814573141367
2023-05-30,-0.15837331529053034
2023-05-31,-0.16034246762741144
2023-06-01,-0.15446029925696336
2023-06-02,-0.1499730250171729
2023-06-05,-0.15068237226901082
2023-06-06,-0.14910589548088293
2023-06-07,-0.15422958484247973
2023-06-08,-0.1483299517407375
2023-06-09,-0.1483244448142299
2023-06-12,-0.14503987295578435
2023-06-13,-0.14387216809429448
2023-06-14,-0.1427839485675113
2023-06-15,-0.13520099729795687
2023-06-16,-0.13747329581693513
2023-06-20,-0.1402220041020118
2023-06-21,-0.14295514553600785
2023-06-22,-0.14421555008172482
2023-06-23,-0.14653857606568232
2023-06-26,-0.14745663626599936
2023-06-27,-0.1434379725849546
2023-06-28,-0.1412315354823509
2023-06-29,-0.14195959219718546
2023-06-30,-0.13483436403934768
2023-07-03,-0.13523059835765838
2023-07-05,-0.13808967410148942
2023-07-06,-0.1446696089436288
2023-07-07,-0.14481022130886767
2023-07-10,-0.1417006842421531
2023-07-11,-0.1369958427712794
2023-07-12,-0.12951517572134974
2023-07-13,-0.12389624968686319
2023-07-14,-0.12766375454111178
2023-07-17,-0.1256095762492352
2023-07-18,-0.12083797725255929
2023-07-19,-0.11883790700151164
2023-07-20,-0.12396339747415153
2023-07-21,-0.12325884158723344
2023-07-24,-0.12273229825767973
2023-07-25,-0.12173732310047058
2023-07-26,-0.11938786879087548
2023-07-27,-0.127355900254832
2023-07-28,-0.12059532692308406
2023-07-31,-0.1189202169043656
2023-08-01,-0.12219108421674452
2023-08-02,-0.13416429071831137
2023-08-03,-0.1362386324206859
2023-08-04,-0.13856652541558478
2023-08-07,-0.13263085757533954
2023-08-08,-0.1367333918462328
2023-08-09,-0.1424935564947314
2023-08-10,-0.14210644485755064
2023-08-11,-0.14362644749999198
2023-08-14,-0.13913995634567755
2023-08-15,-0.14748838628902983
2023-08-16,-0.15380266874419213
2023-08-17,-0.16000292530961902
2023-08-18,-0.1599000957975052
2023-08-21,-0.15370618078697862
2023-08-22,-0.1551381257387503
2023-08-23,-0.1452850094403627
2023-08-24,-0.15653458129129327
2023-08-25,-0.15141635440937062
2023-08-28,-0.14634805313336963
2023-08-29,-0.13384608894140193
2023-08-30,-0.13055731297208106
2023-08-31,-0.13100174492401584
2023-09-01,-0.13000614127352572
2023-09-05,-0.13331895199725652
2023-09-06,-0.138943472069611
2023-09-07,-0.1413799081893724
2023-09-08,-0.1403696755168411
2023-09-11,-0.13464271308764508
2023-09-12,-0.13999511770436313
2023-09-13,-0.13870650063218315
2023-09-14,-0.1326947469437163
2023-09-15,-0.1416860147629022
2023-09-18,-0.14064225256049334
2023-09-19,-0.1424238930558459
2023-09-20,-0.14963277451036527
2023-09-21,-0.16240456864875896
2023-09-22,-0.1630956951535356
2023-09-25,-0.1607331827729418
2023-09-26,-0.17168571101149865
2023-09-27,-0.17223605591907942
2023-09-28,-0.167991163213569
2023-09-29,-0.17006080914391253
2023-10-02,-0.17024846692627027
2023-10-03,-0.1809071975614167
2023-10-04,-0.17468860477215098
2023-10-05,-0.1754332225054367
2023-10-06,-0.1662574678359826
2023-10-09,-0.16005219933470916
2023-10-10,-0.15666269925136922
2023-10-11,-0.15278204504993254
2023-10-12,-0.1571796971912679
2023-10-13,-0.15917726887343275
2023-10-16,-0.1524001313419785
2023-10-17,-0.15321776362665984
2023-10-18,-0.16139355001388755
2023-10-19,-0.16665709324489675
2023-10-20,-0.17488589248233866
2023-10-23,-0.17519198033654537
2023-10-24,-0.16944253117312125
2023-10-25,-0.18075714744683102
2023-10-26,-0.1893542991283097
2023-10-27,-0.1899384651586904
2023-10-30,-0.1827369892386287
2023-10-31,-0.17910712466176215
2023-11-01,-0.17048085977128602
2023-11-02,-0.15672164512131537
2023-11-03,-0.14899333621743882
2023-11-06,-0.14813056119687473
2023-11-07,-0.1454070647669582
2023-11-08,-0.14572710264065536
2023-11-09,-0.15122891519613257
2023-11-10,-0.13997692800559258
2023-11-13,-0.14060733951968896
2023-11-14,-0.12526616881734542
2023-11-15,-0.12453477383027556
2023-11-16,-0.12263692056915765
2023-11-17,-0.12175083408081167
2023-11-20,-0.11560559168211682
2023-11-21,-0.11671645102462858
2023-11-22,-0.1141706170029253
2023-11-24,-0.1137269807068384
2023-11-27,-0.11411225710668582
2023-11-28,-0.11155125194484183
2023-11-29,-0.11148501466011917
2023-11-30,-0.11036696843022253
2023-12-01,-0.10442816043973568
2023-12-04,-0.11107130943019572
2023-12-05,-0.11098390334521979
2023-12-06,-0.11382231572498769
2023-12-07,-0.10699066859502337
2023-12-08,-0.1052587861541725
2023-12-11,-0.10268902852777362
2023-12-12,-0.09864851139109843
2023-12-13,-0.08548836087397882
2023-12-14,-0.0829459595851254
2023-12-15,-0.08400809616722726
2023-12-18,-0.07928678676232859
2023-12-19,-0.07409612626838791
2023-12-20,-0.08503841128968681
2023-12-21,-0.07664216796804046
2023-12-22,-0.07495017734325815
2023-12-26,-0.07058990105916019
2023-12-27,-0.06839828450068353
2023-12-28,-0.06911833690152647
2023-12-29,-0.07204626599226649
2024-01-02,-0.0788329867488633
2024-01-03,-0.08631502486821829
2024-01-04,-0.08928582638204519
2024-01-05,-0.08823564899061409
2024-01-08,-0.07685824996607193
2024-01-09,-0.0771607382237901
2024-01-10,-0.07282229178794009
2024-01-11,-0.07219894542317462
2024-01-12,-0.0707138284916432
2024-01-16,-0.07424676638082339
2024-01-17,-0.07979416659118366
2024-01-18,-0.07132272762391023
2024-01-19,-0.060258946176790285
2024-01-22,-0.05910337356653006
2024-01-23,-0.056418764788234044
2024-01-24,-0.055579792898122427
2024-01-25,-0.05116953175067884
2024-01-26,-0.05316251380358494
2024-01-29,-0.04584857025037059
2024-01-30,-0.04755267162721122
2024-01-31,-0.06094876791516057
2024-02-01,-0.049845428539257775
2024-02-02,-0.041959362027677916
2024-02-05,-0.04527762603620633
2024-02-06,-0.043150966673139335
2024-02-07,-0.03625748120441996
2024-02-08,-0.0357819673805061
2024-02-09,-0.0307141676902023
2024-02-12,-0.032194020493932496
2024-02-13,-0.04532270075582234
2024-02-14,-0.03771941568953341
2024-02-15,-0.032177614961073964
2024-02-16,-0.03675877386643889
2024-02-20,-0.040610152703160485
2024-02-21,-0.04102572325717235
2024-02-22,-0.02300086112630073
2024-02-23,-0.022556622160323947
2024-02-26,-0.025341023279630948
2024-02-27,-0.023762956066171514
2024-02-28,-0.025412777194617986
2024-02-29,-0.020961532251977277
2024-03-01,-0.01028031828693532
2024-03-04,-0.010048239797870062
2024-03-05,-0.01901928883133497
2024-03-06,-0.013756300916994646
2024-03-07,-0.004213132393855679
2024-03-08,-0.009806627327730522
2024-03-11,-0.010883855479159599
2024-03-12,-0.0026564640297930264
2024-03-13,-0.004390231574597725
2024-03-14,-0.006964203921135503
2024-03-15,-0.013797824853596152
2024-03-18,-0.008011652436970773
2024-03-19,-0.003925719870330191
2024-03-20,0.0
2024-03-21,0.0
2024-03-22,-0.0018137650291396579
2024-03-25,-0.004028237114066857
2024-03-26,-0.005570271340742616
2024-03-27,0.0
2024-03-28,0.0
2024-04-01,-6.972597813348358e-06
2024-04-02,-0.004239350495018224
2024-04-03,-0.002184913723066839
2024-04-04,-0.013193979604543715
2024-04-05,-0.0030838970083253425
2024-04-08,-0.0018359010291592037
2024-04-09,0.0
2024-04-10,-0.009581223045433962
2024-04-11,-9.942296506881831e-05
2024-04-12,-0.012944657078525323
2024-04-15,-0.022332873431115452
2024-04-16,-0.0235869632562985
2024-04-17,-0.030027291352533902
2024-04-18,-0.031923824401222656
2024-04-19,-0.040517503530970944
2024-04-22,-0.03512578430195379
2024-04-23,-0.025221857700082007
2024-04-24,-0.025236453063747222
2024-04-25,-0.02802232126306714
2024-04-26,-0.018876819052047078
2024-04-29,-0.015900094620718286
2024-04-30,-0.031644116509259246
2024-05-01,-0.03354313961213129
2024-05-02,-0.025355307120068726
2024-05-03,-0.013860338242526526
2024-05-06,-0.004437367680792725
2024-05-07,-0.004191668366363754
2024-05-08,-0.00477666852688019
2024-05-09,0.0
2024-05-10,0.0
2024-05-13,-0.0006042001816121134
2024-05-14,0.0
2024-05-15,0.0
2024-05-16,-0.00226261104681047
2024-05-17,0.0
2024-05-20,0.0
2024-05-21,0.0
2024-05-22,-0.0038245717090387155
2024-05-23,-0.011422417499336923
2024-05-24,-0.0051889930679468454
2024-05-28,-0.0033745194326001426
2024-05-29,-0.010192582754123047
2024-05-30,-0.01566438110327595
2024-05-31,-0.011525672743240012
2024-06-03,-0.004843548914093332
2024-06-04,-0.0036478674304201153
2024-06-05,0.0
2024-06-06,0.0
2024-06-07,-0.014455544850383473
2024-06-10,-0.013047633652075619
2024-06-11,-0.008923569173241108
2024-06-12,-0.004032392787803318
2024-06-13,-0.0015031831012013441
2024-06-14,0.0
2024-06-17,-0.0020354463340078732
2024-06-18,0.0
2024-06-20,0.0
2024-06-21,-0.004116472386887948
2024-06-24,-0.002903105308324494
2024-06-25,-0.002726887928855448
2024-06-26,-0.008522402023364739
2024-06-27,-0.0041546366381346456
2024-06-28,-0.00971282480242297
2024-07-01,-0.013044250364929733
2024-07-02,-0.00926191613267524
2024-07-03,-0.0017462116135036343
2024-07-05,0.0
2024-07-08,-0.0023026004179664827
2024-07-09,-0.002800618154034318
2024-07-10,0.0
2024-07-11,0.0
2024-07-12,0.0
2024-07-15,-0.0013799060984901468
2024-07-16,0.0
2024-07-17,-0.004582555857288839
2024-07-18,-0.010106678163692595
2024-07-19,-0.017766122420373565
2024-07-22,-0.01584050285273353
2024-07-23,-0.01558626904140259
2024-07-24,-0.024565877125118707
2024-07-25,-0.027623469540801415
2024-07-26,-0.020117050405276116
2024-07-29,-0.018970243936610842
2024-07-30,-0.016729835192893616
2024-07-31,-0.005259193367876502
2024-08-01,-0.0070618451540248595
2024-08-02,-0.0030320566295429785
2024-08-05,-0.012195770214641466
2024-08-06,-0.017717589056979066
2024-08-07,-0.021403312475803293
2024-08-08,-0.013533373728844222
2024-08-09,-0.009348416698796269
2024-08-12,-0.003921617338398797
2024-08-13,0.0
2024-08-14,0.0
2024-08-15,0.0
2024-08-16,0.0
2024-08-19,0.0
2024-08-20,0.0
2024-08-21,0.0
2024-08-22,-0.007769804555358029
2024-08-23,-7.374279517502469e-05
2024-08-26,-0.0006281905240319574
2024-08-27,0.0
2024-08-28,-0.0035444833896774997
2024-08-29,-0.0030769592112018795
2024-08-30,-0.005131464826827137
2024-09-03,-0.0069920599826460705
2024-09-04,-0.0036084104508572468
2024-09-05,-0.0006394989890450287
2024-09-06,-0.006266306240675923
2024-09-09,-0.0013369564446928939
2024-09-10,0.0
2024-09-11,0.0
2024-09-12,0.0
2024-09-13,0.0
2024-09-16,0.0
2024-09-17,-0.0026698624639829305
2024-09-18,-0.008512387089047446
2024-09-19,-0.0010430339151402679
2024-09-20,0.0
2024-09-23,0.0
2024-09-24,0.0
2024-09-25,-0.0031849624234500107
2024-09-26,-0.0005830182406132423
2024-09-27,-0.0012379826159378826
2024-09-30,-0.003785308564686951
2024-10-01,-0.0014459967912823224
2024-10-02,-0.0034538812973152755
2024-10-03,-0.006759201014861715
2024-10-04,-0.008892537300409176
2024-10-07,-0.014169335486436618
2024-10-08,-0.013030022129807861
2024-10-09,-0.01430687203384795
2024-10-10,-0.013684617218105766
2024-10-11,-0.01030371857276502
2024-10-14,-0.008618475835535544
2024-10-15,-0.006551189482587372
2024-10-16,-0.0030324332049819214
2024-10-17,-0.005678441530629574
2024-10-18,-0.0016864301485348676
2024-10-21,-0.006868898940745605
2024-10-22,-0.004110283145846938
2024-10-23,-0.010210710878105322
2024-10-24,-0.006066184248292639
2024-10-25,-0.0071256106659561835
2024-10-28,-0.0071425302070026175
2024-10-29,-0.0035680448379513674
2024-10-30,-0.002430732538090452
2024-10-31,-0.010718127077833817
2024-11-01,-0.014256927138586506
2024-11-04,-0.010431091068059062
2024-11-05,-0.005628182844267915
2024-11-06,-0.014111985241255232
2024-11-07,-0.004735354658471969
2024-11-08,-0.0023632981334116288
2024-11-11,-0.0093755041312924
2024-11-12,-0.016237289338071115
2024-11-13,-0.020569907506583274
2024-11-14,-0.021723476788297225
2024-11-15,-0.025670811749831546
2024-11-18,-0.019428834295622588
2024-11-19,-0.015086812104171843
2024-11-20,-0.01452383906000565
2024-11-21,-0.01139760319333083
2024-11-22,-0.007338534340340486
2024-11-25,-0.006898769976639296
2024-11-26,-0.006085070329732822
2024-11-27,-0.004412789433340558
2024-11-29,0.0
2024-12-02,-0.0011550615592477165
2024-12-03,-0.002660958580717465
2024-12-04,0.0
2024-12-05,-0.001755817039075347
2024-12-06,-0.0005765428947180906
2024-12-09,-0.0017787571779194211
2024-12-10,-0.0004739918137944832
2024-12-11,0.0
2024-12-12,-0.00811267497860102
2024-12-13,-0.013813060447203207
2024-12-16,-0.011396403080957462
2024-12-17,-0.012731952772273236
2024-12-18,-0.02836174704973715
2024-12-19,-0.03150149455202056
2024-12-20,-0.02465880174226709
2024-12-23,-0.02673224129647167
2024-12-24,-0.02239524664501924
2024-12-26,-0.02080828032143822
2024-12-27,-0.02701417717797583
2024-12-30,-0.028254164739575538
2024-12-31,-0.02877577143669685
2025-01-02,-0.02546511339007851
2025-01-03,-0.025113817256437576
2025-01-06,-0.0250395058968097
2025-01-07,-0.029319152709376906
2025-01-08,-0.027215877686703305
2025-01-10,-0.030660647087648707
2025-01-13,-0.03272227422401719
2025-01-14,-0.031457277594746036
2025-01-15,-0.020533889133506733
2025-01-16,-0.018372978610371016
2025-01-17,-0.016848409352979155
2025-01-21,-0.008503967316537131
2025-01-22,-0.007193976517865575
2025-01-23,-0.008119155802124634
2025-01-24,-0.006036254941586328
2025-01-27,-0.008839201564357912
2025-01-28,-0.004673315421688917
2025-01-29,-0.007403547385507636
2025-01-30,-0.0012320716483735783
2025-01-31,-0.0036764440141495713
2025-02-03,-0.0021682626373533687
2025-02-04,0.0
2025-02-05,0.0
2025-02-06,0.0
2025-02-07,-0.0037303332706116743
2025-02-10,0.0
2025-02-11,-0.0023848174949865353
2025-02-12,-0.00664612496208794
2025-02-13,0.0
2025-02-14,-0.0020698011903605984
2025-02-18,-0.00035684734792373884
2025-02-19,0.0
2025-02-20,0.0
2025-02-21,-0.0010592488473788464
2025-02-24,0.0
2025-02-25,0.0
2025-02-26,0.0
2025-02-27,-0.009476388638987365
2025-02-28,-0.00367581942971984
2025-03-03,-0.0034340723580810195
2025-03-04,-0.007254189435967784
2025-03-05,-0.0063226794980831835
2025-03-06,-0.012665443125728815
2025-03-07,-0.0119749724585817
2025-03-10,-0.017690457521414737
2025-03-11,-0.018753805975192495
2025-03-12,-0.01802960846331947
2025-03-13,-0.014606142408874478
2025-03-14,-0.010902833868833395
2025-03-17,-0.006513332686599593
2025-03-18,-0.006052157050565055
2025-03-19,-0.0006758344035674435
2025-03-20,-0.001493259378126166
2025-03-21,-0.004746575592674218
2025-03-24,-0.004281196906265383
2025-03-25,-0.0025245565536882175
2025-03-26,-0.007407134160708706
2025-03-27,-0.00534277505177716
2025-03-28,-0.004615251509917262
2025-03-31,0.0
2025-04-01,0.0
2025-04-02,0.0
2025-04-03,-0.01174106271024522
2025-04-04,-0.02944376829481843
2025-04-07,-0.042376980007324816
2025-04-08,-0.04948785119032495
2025-04-09,-0.014487338907056224
2025-04-10,-0.026088000346804918
2025-04-11,-0.016214569332525075
2025-04-14,-0.012939987006524545
2025-04-15,-0.011465782062571317
2025-04-16,-0.007209103433617137
2025-04-17,-0.0100469609586058
2025-04-21,-0.012757247307814912
2025-04-22,-0.00837225918740847
2025-04-23,-0.008247188619886492
2025-04-24,0.0
2025-04-25,0.0
2025-04-28,0.0
2025-04-29,0.0
2025-04-30,-0.0034633325634103596
2025-05-01,-0.008650140077213986
2025-05-02,-0.00770018444100018
2025-05-05,-0.0031289241826140124
2025-05-06,0.0
2025-05-07,-0.001549284604685952
2025-05-08,-0.008022540043742366
2025-05-09,-0.00604817072807351
2025-05-12,-0.007605393387800419
2025-05-13,-0.005977431491310248
2025-05-14,-0.01271816940601056
2025-05-15,-0.004922642938153032
2025-05-16,-0.005749367658735238
2025-05-19,-0.0029053956616070797
2025-05-20,-0.0008673254381872386
2025-05-21,-0.007653525191404276
2025-05-22,-0.00830356683314637
2025-05-23,-0.0040031180761157525
2025-05-27,0.0
2025-05-28,-0.003273614075802511
2025-05-29,0.0
2025-05-30,-0.0012437561142455422
2025-06-02,0.0
2025-06-03,-0.0012894625494076495
2025-06-04,0.0
2025-06-05,-0.0025699790464777106
2025-06-06,-0.006951508901407277
2025-06-09,-0.0051132975602986575
2025-06-10,-0.0023492574993565496
2025-06-11,-0.0005614708796094492
2025-06-12,0.0
2025-06-13,-0.00211076967267787
2025-06-16,-0.005838843948553274
2025-06-17,-0.0046898748826229575
2025-06-18,-0.0055152722809354016
2025-06-20,-0.006481551581622447
2025-06-23,-0.0021322788108879553
2025-06-24,-0.0012752329787186767
2025-06-25,-3.2551825471349716e-05
2025-06-26,0.0
2025-06-27,-0.004971171203241864
2025-06-30,0.0
2025-07-01,0.0
2025-07-02,0.0
2025-07-03,-0.00174936298962447
2025-07-07,-0.005864539515393452
2025-07-08,-0.00888335291046638
2025-07-09,-0.003487143024675232
2025-07-10,-0.002058052953426759
2025-07-11,-0.004041649020406268
2025-07-14,-0.00496894041339746
2025-07-15,-0.009050443616732795
2025-07-16,-0.006305895205412915
2025-07-17,-0.005474318935012046
2025-07-18,-0.004418942627692268
2025-07-21,0.0
2025-07-22,0.0
2025-07-23,-0.002572161893255487
2025-07-24,-0.004661375534368406
2025-07-25,-0.004196593402289617
2025-07-28,-0.007513972702043126
2025-07-29,-0.003085762373561507
2025-07-30,-0.00926061465933159
2025-07-31,-0.008401235974704102
2025-08-01,-0.0026720602909335867
2025-08-04,0.0
2025-08-05,-0.0003906131805446744
2025-08-06,-0.00035871361703487814
2025-08-07,0.0
2025-08-08,0.0
2025-08-11,-0.003801711315044032
2025-08-12,-0.002449405741883348
2025-08-13,0.0
2025-08-14,-0.0036867640946853797
2025-08-15,-0.0059889865171003365
2025-08-18,-0.007150075482467599
2025-08-19,-0.008294543894802886
2025-08-20,-0.0058102210238136776
2025-08-21,-0.009110713898096034
2025-08-22,-0.00028020881616452886
2025-08-25,-0.002822139942775359
2025-08-26,0.0
2025-08-27,0.0
2025-08-28,0.0
2025-08-29,-0.0006444973497637951
2025-09-02,0.0
2025-09-03,0.0
2025-09-04,0.0
2025-09-05,0.0
2025-09-08,0.0
2025-09-09,-0.0016211744219335467
2025-09-10,0.0
2025-09-11,0.0
2025-09-12,-0.0007001913928422754
2025-09-15,0.0
2025-09-16,0.0
2025-09-17,-0.0029963073413802332
2025-09-18,-0.005492494737003084
2025-09-19,-0.00200793293845436
2025-09-22,0.0
2025-09-23,0.0
2025-09-24,-0.004133292912553044
2025-09-25,-0.0044551278634682445
2025-09-26,-0.0016661925190100124
2025-09-29,0.0
2025-09-30,0.0
2025-10-01,0.0
2025-10-02,0.0
2025-10-03,0.0
2025-10-06,0.0
2025-10-07,0.0
2025-10-08,0.0
2025-10-09,-0.005563700283595097
2025-10-10,-0.005338008870612865
2025-10-13,0.0
2025-10-14,0.0
2025-10-15,0.0
2025-10-16,0.0
2025-10-17,-0.003698491965835937
2025-10-20,0.0
2025-10-21,-0.014782004716733743
2025-10-22,-0.015875751270641225
2025-10-23,-0.015293354532981751
2025-10-24,-0.013850912584240427
2025-10-27,-0.01702963265459123
2025-10-28,-0.017465798577307012
2025-10-29,-0.021233489699615915
2025-10-30,-0.020512692423898637
2025-10-31,-0.021680694447017035
2025-11-03,-0.021386052047167037
2025-11-04,-0.027937695396471507
2025-11-05,-0.027109389459260558
2025-11-06,-0.027529619024294516
2025-11-07,-0.026199771934281246
2025-11-10,-0.01585780773302159
2025-11-11,-0.01299133438404898
2025-11-12,-0.008529101211331436
2025-11-13,-0.016830684009548236
2025-11-14,-0.022620353336765375
2025-11-17,-0.02712259556434482
2025-11-18,-0.027333066493774205
2025-11-19,-0.026518288798192735
2025-11-20,-0.029135238743472125
2025-11-21,-0.0260659145504204
2025-11-24,-0.01720765753821274
2025-11-25,-0.014198444877952299
2025-11-26,-0.009463075223822948
2025-11-28,-0.006209499862624535
2025-12-01,-0.009451813878117443
2025-12-02,-0.010326743332647936
2025-12-03,-0.008854097134545102
2025-12-04,-0.010027715161458728
2025-12-05,-0.011233977754189883
2025-12-08,-0.013501799911507795
2025-12-09,-0.012314389772294376
2025-12-10,-0.008252753712218452
2025-12-11,-0.005312537419596364
2025-12-12,-0.00896182548269564
2025-12-15,-0.008790908440108991
2025-12-16,-0.007931110735186375
2025-12-17,-0.008726085952361129
2025-12-18,-0.005936906579097179
2025-12-19,-0.004376505493638105
2025-12-22,0.0
2025-12-23,0.0
2025-12-24,0.0
2025-12-26,0.0
2025-12-29,-0.01071186666149948
2025-12-30,-0.011363992060508199
2025-12-31,-0.016852440387523315
2026-01-02,-0.01542801214849887
2026-01-05,-0.006006598830237575
2026-01-06,-0.0023231046065903538
2026-01-07,-0.004084222733786946
2026-01-08,-0.0040725124994615
2026-01-09,0.0
2026-01-12,0.0
2026-01-13,-0.00036705425413008363
2026-01-14,0.0
2026-01-15,-0.0010887451548005078
2026-01-16,-0.0040038840334667425
2026-01-20,-0.0028828062457688652
2026-01-21,0.0
2026-01-22,0.0
2026-01-23,0.0
2026-01-26,0.0
2026-01-27,0.0
2026-01-28,0.0
2026-01-29,0.0
2026-01-30,-0.027618337118532232
2026-02-02,-0.03695771419641447
2026-02-03,-0.023129091263078494
2026-02-04,-0.024985240003571718
2026-02-05,-0.031490426103641056
2026-02-06,-0.01923810174999352
2026-02-09,-0.011824067378559566
2026-02-10,-0.011924741801544902
2026-02-11,-0.010737600048158158
2026-02-12,-0.01962246098490905
2026-02-13,-0.011622013327063807
2026-02-17,-0.01860146476887259
2026-02-18,-0.012923484420448994
2026-02-19,-0.012637014376003952
2026-02-20,-0.006534235344332728
2026-02-23,-0.001234540129109174
2026-02-24,-0.0024348933162947617
2026-02-25,-0.0009879985656097157
2026-02-26,0.0
2026-02-27,0.0
2026-03-02,0.0
2026-03-03,-0.013888980923916772
2026-03-04,-0.011143037615509943
2026-03-05,-0.016669880727513187
2026-03-06,-0.01679463602204856
2026-03-09,-0.012891738693946664
2026-03-10,-0.01328117327987166
2026-03-11,-0.017851174204735476
2026-03-12,-0.027300376179192787
2026-03-13,-0.032877596491327044
2026-03-16,-0.0284673728666599
2026-03-17,-0.027742567971262844
2026-03-18,-0.040627127765459736
2026-03-19,-0.04969970600204354
2026-03-20,-0.06539127353147223
2026-03-23,-0.06635197686531547
2026-03-24,-0.06845002892174812
2026-03-25,-0.057642733995414974
2026-03-26,-0.0732018425161085
2026-03-27,-0.06980713778893621
2026-03-30,-0.06724590888133652
2026-03-31,-0.05167518630220558
2026-04-01,-0.04598204409236373
2026-04-02,-0.048767337908339536
2026-04-06,-0.049232587087498336
2026-04-07,-0.04666992304835871
2026-04-08,-0.03809663041087774
2026-04-09,-0.03538903394668447
2026-04-10,-0.03665003715144821
2026-04-13,-0.034372346166228196
2026-04-14,-0.0245798285578519
2026-04-15,-0.026313875738309678
2026-04-16,-0.02755611533184088
2026-04-17,-0.018688720720072105
2026-04-20,-0.02146692727431787
2026-04-21,-0.031700877651511306
2026-04-22,-0.025450244648095643
2026-04-23,-0.02940962066726649
2026-04-24,-0.02557186268306233
2026-04-27,-0.028308475233411512
2026-04-28,-0.033893645379048376
2026-04-29,-0.038702690255444594
2026-04-30,-0.03267489769199716
2026-05-01,-0.03137634637694475
2026-05-04,-0.03924326993871152
2026-05-05,-0.03380886373481906
2026-05-06,-0.020962000301870787
2026-05-07,-0.022734378645273168
2026-05-08,-0.01809986533656993
2026-05-11,-0.018764291515861786
2026-05-12,-0.02191990940599131
2026-05-13,-0.02238164289427902
2026-05-14,-0.022063449473143204
2026-05-15,-0.03460655177326011
2026-05-18,-0.03428784554745701
2026-05-19,-0.041631103632844835
2026-05-20,-0.03285053347219591
2026-05-21,-0.03174474166740171
2026-05-22,-0.03137003462530452
2026-05-26,-0.02819068650953427
2026-05-27,-0.03086570298119229
2026-05-28,-0.025622948247778887
2026-05-29,-0.02227364216066341
2026-06-01,-0.025050340744271038
2026-06-02,-0.02379711786772687
2026-06-03,-0.02901461794363147
2026-06-04,-0.02535550644512774
2026-06-05,-0.04230782717367754
2026-06-08,-0.042264837860214066
