time,date,equity,weights,cashAllocation
1167782400000,2007-01-03,100100.07007646633,{'SHY': 1.0},0.0
1167868800000,2007-01-04,100200.11340874172,{'SHY': 1.0},0.0
1167955200000,2007-01-05,100137.61892055233,{'SHY': 1.0},0.0
1168214400000,2007-01-08,100075.05088583783,{'SHY': 1.0},0.0
1168300800000,2007-01-09,100112.51281130323,{'SHY': 1.0},0.0
1168387200000,2007-01-10,100087.57385324754,{'SHY': 1.0},0.0
1168473600000,2007-01-11,100012.52296740972,{'SHY': 1.0},0.0
1168560000000,2007-01-12,99950.03516526805,{'SHY': 1.0},0.0
1168905600000,2007-01-16,100050.0918696389,{'SHY': 1.0},0.0
1168992000000,2007-01-17,100012.5229674097,{'SHY': 1.0},0.0
1169078400000,2007-01-18,100050.09186963888,{'SHY': 1.0},0.0
1169164800000,2007-01-19,100037.60901851558,{'SHY': 1.0},0.0
1169424000000,2007-01-22,100075.05088583779,{'SHY': 1.0},0.0
1169510400000,2007-01-23,100025.07267901038,{'SHY': 1.0},0.0
1169596800000,2007-01-24,100075.05088583779,{'SHY': 1.0},0.0
1169683200000,2007-01-25,99999.99999999997,{'SHY': 1.0},0.0
1169769600000,2007-01-26,100012.52296740969,{'SHY': 1.0},0.0
1170028800000,2007-01-29,100025.07267901038,{'SHY': 1.0},0.0
1170115200000,2007-01-30,100050.0918696389,{'SHY': 1.0},0.0
1170201600000,2007-01-31,100072.45165669898,"{'SPY': 0.6, 'QQQ': 0.2, 'SHY': 0.1, 'GLD': 0.1}",0.0
1170288000000,2007-02-01,100458.8597074767,"{'SPY': 0.6, 'QQQ': 0.2, 'SHY': 0.1, 'GLD': 0.1}",0.0
1170374400000,2007-02-02,100474.28378641534,"{'SPY': 0.6, 'QQQ': 0.2, 'SHY': 0.1, 'GLD': 0.1}",0.0
1170633600000,2007-02-05,100474.89673782044,"{'SPY': 0.6, 'QQQ': 0.2, 'SHY': 0.1, 'GLD': 0.1}",0.0
1170720000000,2007-02-06,100550.55854968935,"{'SPY': 0.6, 'QQQ': 0.2, 'SHY': 0.1, 'GLD': 0.1}",0.0
1170806400000,2007-02-07,100846.56657326974,"{'SPY': 0.6, 'QQQ': 0.2, 'SHY': 0.1, 'GLD': 0.1}",0.0
1170892800000,2007-02-08,100905.50648124464,"{'SPY': 0.6, 'QQQ': 0.2, 'SHY': 0.1, 'GLD': 0.1}",0.0
1170979200000,2007-02-09,100278.14838149158,"{'SPY': 0.6, 'QQQ': 0.2, 'SHY': 0.1, 'GLD': 0.1}",0.0
1171238400000,2007-02-12,99927.35821600803,"{'SPY': 0.6, 'QQQ': 0.2, 'SHY': 0.1, 'GLD': 0.1}",0.0
1171324800000,2007-02-13,100526.32193915757,"{'SPY': 0.6, 'QQQ': 0.2, 'SHY': 0.1, 'GLD': 0.1}",0.0
1171411200000,2007-02-14,101365.19710703465,"{'SPY': 0.6, 'QQQ': 0.2, 'SHY': 0.1, 'GLD': 0.1}",0.0
1171497600000,2007-02-15,101573.90221521119,"{'SPY': 0.6, 'QQQ': 0.2, 'SHY': 0.1, 'GLD': 0.1}",0.0
1171584000000,2007-02-16,101471.64822391621,"{'SPY': 0.6, 'QQQ': 0.2, 'SHY': 0.1, 'GLD': 0.1}",0.0
1171929600000,2007-02-20,101593.63031829521,"{'SPY': 0.6, 'QQQ': 0.2, 'SHY': 0.1, 'GLD': 0.1}",0.0
1172016000000,2007-02-21,101955.41902228665,"{'SPY': 0.6, 'QQQ': 0.2, 'SHY': 0.1, 'GLD': 0.1}",0.0
1172102400000,2007-02-22,101976.46441110551,"{'SPY': 0.6, 'QQQ': 0.2, 'SHY': 0.1, 'GLD': 0.1}",0.0
1172188800000,2007-02-23,101763.5985323437,"{'SPY': 0.6, 'QQQ': 0.2, 'SHY': 0.1, 'GLD': 0.1}",0.0
1172448000000,2007-02-26,101674.72872343735,"{'SPY': 0.6, 'QQQ': 0.2, 'SHY': 0.1, 'GLD': 0.1}",0.0
1172534400000,2007-02-27,98079.21138708071,"{'SPY': 0.6, 'QQQ': 0.2, 'SHY': 0.1, 'GLD': 0.1}",0.0
1172620800000,2007-02-28,98899.1656794545,"{'SPY': 0.6, 'QQQ': 0.2, 'SHY': 0.1, 'GLD': 0.1}",0.0
1172707200000,2007-03-01,98546.5312157357,"{'SPY': 0.6, 'QQQ': 0.2, 'SHY': 0.1, 'GLD': 0.1}",0.0
1172793600000,2007-03-02,97170.36774422892,"{'SPY': 0.6, 'QQQ': 0.2, 'SHY': 0.1, 'GLD': 0.1}",0.0
1173052800000,2007-03-05,96349.07531962234,"{'SPY': 0.6, 'QQQ': 0.2, 'SHY': 0.1, 'GLD': 0.1}",0.0
1173139200000,2007-03-06,97836.55312523412,"{'SPY': 0.6, 'QQQ': 0.2, 'SHY': 0.1, 'GLD': 0.1}",0.0
1173225600000,2007-03-07,97732.71783379836,"{'SPY': 0.6, 'QQQ': 0.2, 'SHY': 0.1, 'GLD': 0.1}",0.0
1173312000000,2007-03-08,98388.72174162198,"{'SPY': 0.6, 'QQQ': 0.2, 'SHY': 0.1, 'GLD': 0.1}",0.0
1173398400000,2007-03-09,98334.95456204934,"{'SPY': 0.6, 'QQQ': 0.2, 'SHY': 0.1, 'GLD': 0.1}",0.0
1173657600000,2007-03-12,98578.19715253283,"{'SPY': 0.6, 'QQQ': 0.2, 'SHY': 0.1, 'GLD': 0.1}",0.0
1173744000000,2007-03-13,96959.37970747685,"{'SPY': 0.6, 'QQQ': 0.2, 'SHY': 0.1, 'GLD': 0.1}",0.0
1173830400000,2007-03-14,97712.49913746672,"{'SPY': 0.6, 'QQQ': 0.2, 'SHY': 0.1, 'GLD': 0.1}",0.0
1173916800000,2007-03-15,97750.70217162799,"{'SPY': 0.6, 'QQQ': 0.2, 'SHY': 0.1, 'GLD': 0.1}",0.0
1174003200000,2007-03-16,97667.96651790936,"{'SPY': 0.6, 'QQQ': 0.2, 'SHY': 0.1, 'GLD': 0.1}",0.0
1174262400000,2007-03-19,98584.7181186282,"{'SPY': 0.6, 'QQQ': 0.2, 'SHY': 0.1, 'GLD': 0.1}",0.0
1174348800000,2007-03-20,99140.15707859084,"{'SPY': 0.6, 'QQQ': 0.2, 'SHY': 0.1, 'GLD': 0.1}",0.0
1174435200000,2007-03-21,100600.85719643552,"{'SPY': 0.6, 'QQQ': 0.2, 'SHY': 0.1, 'GLD': 0.1}",0.0
1174521600000,2007-03-22,100462.86468461418,"{'SPY': 0.6, 'QQQ': 0.2, 'SHY': 0.1, 'GLD': 0.1}",0.0
1174608000000,2007-03-23,100388.3027182036,"{'SPY': 0.6, 'QQQ': 0.2, 'SHY': 0.1, 'GLD': 0.1}",0.0
1174867200000,2007-03-26,100506.71885110001,"{'SPY': 0.6, 'QQQ': 0.2, 'SHY': 0.1, 'GLD': 0.1}",0.0
1174953600000,2007-03-27,100202.7394060185,"{'SPY': 0.6, 'QQQ': 0.2, 'SHY': 0.1, 'GLD': 0.1}",0.0
1175040000000,2007-03-28,99609.33106745574,"{'SPY': 0.6, 'QQQ': 0.2, 'SHY': 0.1, 'GLD': 0.1}",0.0
1175126400000,2007-03-29,99630.13227384395,"{'SPY': 0.6, 'QQQ': 0.2, 'SHY': 0.1, 'GLD': 0.1}",0.0
1175212800000,2007-03-30,99638.13905097819,"{'SPY': 0.6, 'QQQ': 0.2, 'SHY': 0.1, 'GLD': 0.1}",0.0
1175472000000,2007-04-02,99751.48004826285,"{'SPY': 0.6, 'QQQ': 0.2, 'SHY': 0.1, 'GLD': 0.1}",0.0
1175558400000,2007-04-03,100653.50690293392,"{'SPY': 0.6, 'QQQ': 0.2, 'SHY': 0.1, 'GLD': 0.1}",0.0
1175644800000,2007-04-04,100958.89436957486,"{'SPY': 0.6, 'QQQ': 0.2, 'SHY': 0.1, 'GLD': 0.1}",0.0
1175731200000,2007-04-05,101227.10256750062,"{'SPY': 0.6, 'QQQ': 0.2, 'SHY': 0.1, 'GLD': 0.1}",0.0
1176076800000,2007-04-09,101188.68611659623,"{'SPY': 0.6, 'QQQ': 0.2, 'SHY': 0.1, 'GLD': 0.1}",0.0
1176163200000,2007-04-10,101473.32048017209,"{'SPY': 0.6, 'QQQ': 0.2, 'SHY': 0.1, 'GLD': 0.1}",0.0
1176249600000,2007-04-11,100999.318858734,"{'SPY': 0.6, 'QQQ': 0.2, 'SHY': 0.1, 'GLD': 0.1}",0.0
1176336000000,2007-04-12,101413.74266549129,"{'SPY': 0.6, 'QQQ': 0.2, 'SHY': 0.1, 'GLD': 0.1}",0.0
1176422400000,2007-04-13,101855.92907501115,"{'SPY': 0.6, 'QQQ': 0.2, 'SHY': 0.1, 'GLD': 0.1}",0.0
1176681600000,2007-04-16,102706.15084985962,"{'SPY': 0.6, 'QQQ': 0.2, 'SHY': 0.1, 'GLD': 0.1}",0.0
1176768000000,2007-04-17,102872.17136893063,"{'SPY': 0.6, 'QQQ': 0.2, 'SHY': 0.1, 'GLD': 0.1}",0.0
1176854400000,2007-04-18,102950.97340699928,"{'SPY': 0.6, 'QQQ': 0.2, 'SHY': 0.1, 'GLD': 0.1}",0.0
1176940800000,2007-04-19,102870.25668607354,"{'SPY': 0.6, 'QQQ': 0.2, 'SHY': 0.1, 'GLD': 0.1}",0.0
1177027200000,2007-04-20,103742.55034239439,"{'SPY': 0.6, 'QQQ': 0.2, 'SHY': 0.1, 'GLD': 0.1}",0.0
1177286400000,2007-04-23,103481.32196491385,"{'SPY': 0.6, 'QQQ': 0.2, 'SHY': 0.1, 'GLD': 0.1}",0.0
1177372800000,2007-04-24,103539.84313925887,"{'SPY': 0.6, 'QQQ': 0.2, 'SHY': 0.1, 'GLD': 0.1}",0.0
1177459200000,2007-04-25,104407.25927450464,"{'SPY': 0.6, 'QQQ': 0.2, 'SHY': 0.1, 'GLD': 0.1}",0.0
1177545600000,2007-04-26,104422.07006418797,"{'SPY': 0.6, 'QQQ': 0.2, 'SHY': 0.1, 'GLD': 0.1}",0.0
1177632000000,2007-04-27,104492.46088162219,"{'SPY': 0.6, 'QQQ': 0.2, 'SHY': 0.1, 'GLD': 0.1}",0.0
1177891200000,2007-04-30,103623.51741813798,"{'SPY': 0.6, 'QQQ': 0.2, 'HYG': 0.1, 'GLD': 0.1}",0.0
1177977600000,2007-05-01,103704.28001215737,"{'SPY': 0.6, 'QQQ': 0.2, 'HYG': 0.1, 'GLD': 0.1}",0.0
1178064000000,2007-05-02,104285.66596116615,"{'SPY': 0.6, 'QQQ': 0.2, 'HYG': 0.1, 'GLD': 0.1}",0.0
1178150400000,2007-05-03,104831.83127091697,"{'SPY': 0.6, 'QQQ': 0.2, 'HYG': 0.1, 'GLD': 0.1}",0.0
1178236800000,2007-05-04,105209.92547457234,"{'SPY': 0.6, 'QQQ': 0.2, 'HYG': 0.1, 'GLD': 0.1}",0.0
1178496000000,2007-05-07,105230.76324011729,"{'SPY': 0.6, 'QQQ': 0.2, 'HYG': 0.1, 'GLD': 0.1}",0.0
1178582400000,2007-05-08,105143.17389120565,"{'SPY': 0.6, 'QQQ': 0.2, 'HYG': 0.1, 'GLD': 0.1}",0.0
1178668800000,2007-05-09,105265.25310268193,"{'SPY': 0.6, 'QQQ': 0.2, 'HYG': 0.1, 'GLD': 0.1}",0.0
1178755200000,2007-05-10,104129.06955594281,"{'SPY': 0.6, 'QQQ': 0.2, 'HYG': 0.1, 'GLD': 0.1}",0.0
1178841600000,2007-05-11,105006.64281004312,"{'SPY': 0.6, 'QQQ': 0.2, 'HYG': 0.1, 'GLD': 0.1}",0.0
1179100800000,2007-05-14,104697.30136172482,"{'SPY': 0.6, 'QQQ': 0.2, 'HYG': 0.1, 'GLD': 0.1}",0.0
1179187200000,2007-05-15,104584.89498663493,"{'SPY': 0.6, 'QQQ': 0.2, 'HYG': 0.1, 'GLD': 0.1}",0.0
1179273600000,2007-05-16,105098.31727560784,"{'SPY': 0.6, 'QQQ': 0.2, 'HYG': 0.1, 'GLD': 0.1}",0.0
1179360000000,2007-05-17,104784.70071257564,"{'SPY': 0.6, 'QQQ': 0.2, 'HYG': 0.1, 'GLD': 0.1}",0.0
1179446400000,2007-05-18,105582.15416797208,"{'SPY': 0.6, 'QQQ': 0.2, 'HYG': 0.1, 'GLD': 0.1}",0.0
1179705600000,2007-05-21,105718.72625562162,"{'SPY': 0.6, 'QQQ': 0.2, 'HYG': 0.1, 'GLD': 0.1}",0.0
1179792000000,2007-05-22,105612.12008115253,"{'SPY': 0.6, 'QQQ': 0.2, 'HYG': 0.1, 'GLD': 0.1}",0.0
1179878400000,2007-05-23,105568.79143363785,"{'SPY': 0.6, 'QQQ': 0.2, 'HYG': 0.1, 'GLD': 0.1}",0.0
1179964800000,2007-05-24,104569.06172909657,"{'SPY': 0.6, 'QQQ': 0.2, 'HYG': 0.1, 'GLD': 0.1}",0.0
1180051200000,2007-05-25,105007.60693296329,"{'SPY': 0.6, 'QQQ': 0.2, 'HYG': 0.1, 'GLD': 0.1}",0.0
1180396800000,2007-05-29,105378.24919285215,"{'SPY': 0.6, 'QQQ': 0.2, 'HYG': 0.1, 'GLD': 0.1}",0.0
1180483200000,2007-05-30,106031.57031761711,"{'SPY': 0.6, 'QQQ': 0.2, 'HYG': 0.1, 'GLD': 0.1}",0.0
1180569600000,2007-05-31,106181.4420967116,"{'SPY': 0.6, 'QQQ': 0.2, 'HYG': 0.1, 'GLD': 0.1}",0.0
1180656000000,2007-06-01,106655.05590977773,"{'SPY': 0.6, 'QQQ': 0.2, 'HYG': 0.1, 'GLD': 0.1}",0.0
1180915200000,2007-06-04,106751.49141906385,"{'SPY': 0.6, 'QQQ': 0.2, 'HYG': 0.1, 'GLD': 0.1}",0.0
1181001600000,2007-06-05,106455.47781576533,"{'SPY': 0.6, 'QQQ': 0.2, 'HYG': 0.1, 'GLD': 0.1}",0.0
1181088000000,2007-06-06,105533.87039157788,"{'SPY': 0.6, 'QQQ': 0.2, 'HYG': 0.1, 'GLD': 0.1}",0.0
1181174400000,2007-06-07,103831.87073406437,"{'SPY': 0.6, 'QQQ': 0.2, 'HYG': 0.1, 'GLD': 0.1}",0.0
1181260800000,2007-06-08,104704.6041731689,"{'SPY': 0.6, 'QQQ': 0.2, 'HYG': 0.1, 'GLD': 0.1}",0.0
1181520000000,2007-06-11,104828.69683543024,"{'SPY': 0.6, 'QQQ': 0.2, 'HYG': 0.1, 'GLD': 0.1}",0.0
1181606400000,2007-06-12,103866.74278476727,"{'SPY': 0.6, 'QQQ': 0.2, 'HYG': 0.1, 'GLD': 0.1}",0.0
1181692800000,2007-06-13,105114.91380117308,"{'SPY': 0.6, 'QQQ': 0.2, 'HYG': 0.1, 'GLD': 0.1}",0.0
1181779200000,2007-06-14,105675.7495729553,"{'SPY': 0.6, 'QQQ': 0.2, 'HYG': 0.1, 'GLD': 0.1}",0.0
1181865600000,2007-06-15,106270.5256913858,"{'SPY': 0.6, 'QQQ': 0.2, 'HYG': 0.1, 'GLD': 0.1}",0.0
1182124800000,2007-06-18,106222.55642041129,"{'SPY': 0.6, 'QQQ': 0.2, 'HYG': 0.1, 'GLD': 0.1}",0.0
1182211200000,2007-06-19,106476.50993598902,"{'SPY': 0.6, 'QQQ': 0.2, 'HYG': 0.1, 'GLD': 0.1}",0.0
1182297600000,2007-06-20,105168.47165704769,"{'SPY': 0.6, 'QQQ': 0.2, 'HYG': 0.1, 'GLD': 0.1}",0.0
1182384000000,2007-06-21,105705.38682713505,"{'SPY': 0.6, 'QQQ': 0.2, 'HYG': 0.1, 'GLD': 0.1}",0.0
1182470400000,2007-06-22,104965.85576432606,"{'SPY': 0.6, 'QQQ': 0.2, 'HYG': 0.1, 'GLD': 0.1}",0.0
1182729600000,2007-06-25,104458.23805684406,"{'SPY': 0.6, 'QQQ': 0.2, 'HYG': 0.1, 'GLD': 0.1}",0.0
1182816000000,2007-06-26,103593.41012668387,"{'SPY': 0.6, 'QQQ': 0.2, 'HYG': 0.1, 'GLD': 0.1}",0.0
1182902400000,2007-06-27,104768.39447847835,"{'SPY': 0.6, 'QQQ': 0.2, 'HYG': 0.1, 'GLD': 0.1}",0.0
1182988800000,2007-06-28,104793.18615926307,"{'SPY': 0.6, 'QQQ': 0.2, 'HYG': 0.1, 'GLD': 0.1}",0.0
1183075200000,2007-06-29,104821.22550980808,"{'SPY': 0.6, 'QQQ': 0.2, 'HYG': 0.1, 'GLD': 0.1}",0.0
1183334400000,2007-07-02,105783.69527027813,"{'SPY': 0.6, 'QQQ': 0.2, 'HYG': 0.1, 'GLD': 0.1}",0.0
1183420800000,2007-07-03,106071.73241540192,"{'SPY': 0.6, 'QQQ': 0.2, 'HYG': 0.1, 'GLD': 0.1}",0.0
1183593600000,2007-07-05,106067.59488225958,"{'SPY': 0.6, 'QQQ': 0.2, 'HYG': 0.1, 'GLD': 0.1}",0.0
1183680000000,2007-07-06,106589.75584252978,"{'SPY': 0.6, 'QQQ': 0.2, 'HYG': 0.1, 'GLD': 0.1}",0.0
1183939200000,2007-07-09,106754.45628949202,"{'SPY': 0.6, 'QQQ': 0.2, 'HYG': 0.1, 'GLD': 0.1}",0.0
1184025600000,2007-07-10,105672.6222569748,"{'SPY': 0.6, 'QQQ': 0.2, 'HYG': 0.1, 'GLD': 0.1}",0.0
1184112000000,2007-07-11,106159.59961277472,"{'SPY': 0.6, 'QQQ': 0.2, 'HYG': 0.1, 'GLD': 0.1}",0.0
1184198400000,2007-07-12,107617.28655758614,"{'SPY': 0.6, 'QQQ': 0.2, 'HYG': 0.1, 'GLD': 0.1}",0.0
1184284800000,2007-07-13,108003.63829746898,"{'SPY': 0.6, 'QQQ': 0.2, 'HYG': 0.1, 'GLD': 0.1}",0.0
1184544000000,2007-07-16,107943.51629777037,"{'SPY': 0.6, 'QQQ': 0.2, 'HYG': 0.1, 'GLD': 0.1}",0.0
1184630400000,2007-07-17,108075.9145192617,"{'SPY': 0.6, 'QQQ': 0.2, 'HYG': 0.1, 'GLD': 0.1}",0.0
1184716800000,2007-07-18,107995.01791816828,"{'SPY': 0.6, 'QQQ': 0.2, 'HYG': 0.1, 'GLD': 0.1}",0.0
1184803200000,2007-07-19,108386.2758922061,"{'SPY': 0.6, 'QQQ': 0.2, 'HYG': 0.1, 'GLD': 0.1}",0.0
1184889600000,2007-07-20,107675.85864960072,"{'SPY': 0.6, 'QQQ': 0.2, 'HYG': 0.1, 'GLD': 0.1}",0.0
1185148800000,2007-07-23,107841.25202275415,"{'SPY': 0.6, 'QQQ': 0.2, 'HYG': 0.1, 'GLD': 0.1}",0.0
1185235200000,2007-07-24,106338.24819382121,"{'SPY': 0.6, 'QQQ': 0.2, 'HYG': 0.1, 'GLD': 0.1}",0.0
1185321600000,2007-07-25,106308.28407351294,"{'SPY': 0.6, 'QQQ': 0.2, 'HYG': 0.1, 'GLD': 0.1}",0.0
1185408000000,2007-07-26,104268.26758777868,"{'SPY': 0.6, 'QQQ': 0.2, 'HYG': 0.1, 'GLD': 0.1}",0.0
1185494400000,2007-07-27,102404.66357412115,"{'SPY': 0.6, 'QQQ': 0.2, 'HYG': 0.1, 'GLD': 0.1}",0.0
1185753600000,2007-07-30,103760.3553825338,"{'SPY': 0.6, 'QQQ': 0.2, 'HYG': 0.1, 'GLD': 0.1}",0.0
1185840000000,2007-07-31,102661.64383879401,"{'SPY': 0.6, 'QQQ': 0.2, 'HYG': 0.1, 'GLD': 0.1}",0.0
1185926400000,2007-08-01,103122.20627399205,"{'SPY': 0.6, 'QQQ': 0.2, 'HYG': 0.1, 'GLD': 0.1}",0.0
1186012800000,2007-08-02,103858.58589524978,"{'SPY': 0.6, 'QQQ': 0.2, 'HYG': 0.1, 'GLD': 0.1}",0.0
1186099200000,2007-08-03,101985.05163188584,"{'SPY': 0.6, 'QQQ': 0.2, 'HYG': 0.1, 'GLD': 0.1}",0.0
1186358400000,2007-08-06,103199.07562838597,"{'SPY': 0.6, 'QQQ': 0.2, 'HYG': 0.1, 'GLD': 0.1}",0.0
1186444800000,2007-08-07,104073.38877974535,"{'SPY': 0.6, 'QQQ': 0.2, 'HYG': 0.1, 'GLD': 0.1}",0.0
1186531200000,2007-08-08,105340.43906201558,"{'SPY': 0.6, 'QQQ': 0.2, 'HYG': 0.1, 'GLD': 0.1}",0.0
1186617600000,2007-08-09,102762.63987421678,"{'SPY': 0.6, 'QQQ': 0.2, 'HYG': 0.1, 'GLD': 0.1}",0.0
1186704000000,2007-08-10,102442.4390804751,"{'SPY': 0.6, 'QQQ': 0.2, 'HYG': 0.1, 'GLD': 0.1}",0.0
1186963200000,2007-08-13,102829.26193784608,"{'SPY': 0.6, 'QQQ': 0.2, 'HYG': 0.1, 'GLD': 0.1}",0.0
1187049600000,2007-08-14,101460.89059749358,"{'SPY': 0.6, 'QQQ': 0.2, 'HYG': 0.1, 'GLD': 0.1}",0.0
1187136000000,2007-08-15,100268.62503294372,"{'SPY': 0.6, 'QQQ': 0.2, 'HYG': 0.1, 'GLD': 0.1}",0.0
1187222400000,2007-08-16,100291.10659579,"{'SPY': 0.6, 'QQQ': 0.2, 'HYG': 0.1, 'GLD': 0.1}",0.0
1187308800000,2007-08-17,101928.70976244066,"{'SPY': 0.6, 'QQQ': 0.2, 'HYG': 0.1, 'GLD': 0.1}",0.0
1187568000000,2007-08-20,101916.08809947468,"{'SPY': 0.6, 'QQQ': 0.2, 'HYG': 0.1, 'GLD': 0.1}",0.0
1187654400000,2007-08-21,102192.88055990172,"{'SPY': 0.6, 'QQQ': 0.2, 'HYG': 0.1, 'GLD': 0.1}",0.0
1187740800000,2007-08-22,103329.62443376961,"{'SPY': 0.6, 'QQQ': 0.2, 'HYG': 0.1, 'GLD': 0.1}",0.0
1187827200000,2007-08-23,103266.7112522771,"{'SPY': 0.6, 'QQQ': 0.2, 'HYG': 0.1, 'GLD': 0.1}",0.0
1187913600000,2007-08-24,104475.6912331381,"{'SPY': 0.6, 'QQQ': 0.2, 'HYG': 0.1, 'GLD': 0.1}",0.0
1188172800000,2007-08-27,103801.20779114803,"{'SPY': 0.6, 'QQQ': 0.2, 'HYG': 0.1, 'GLD': 0.1}",0.0
1188259200000,2007-08-28,101840.50394758237,"{'SPY': 0.6, 'QQQ': 0.2, 'HYG': 0.1, 'GLD': 0.1}",0.0
1188345600000,2007-08-29,103738.56498405462,"{'SPY': 0.6, 'QQQ': 0.2, 'HYG': 0.1, 'GLD': 0.1}",0.0
1188432000000,2007-08-30,103660.08479932757,"{'SPY': 0.6, 'QQQ': 0.2, 'HYG': 0.1, 'GLD': 0.1}",0.0
1188518400000,2007-08-31,104711.55901353568,"{'SPY': 0.6, 'QQQ': 0.2, 'HYG': 0.1, 'GLD': 0.1}",0.0
1188864000000,2007-09-04,105910.63183487747,"{'SPY': 0.6, 'QQQ': 0.2, 'HYG': 0.1, 'GLD': 0.1}",0.0
1188950400000,2007-09-05,105170.57868578155,"{'SPY': 0.6, 'QQQ': 0.2, 'HYG': 0.1, 'GLD': 0.1}",0.0
1189036800000,2007-09-06,105494.7882120054,"{'SPY': 0.6, 'QQQ': 0.2, 'HYG': 0.1, 'GLD': 0.1}",0.0
1189123200000,2007-09-07,104184.7736499162,"{'SPY': 0.6, 'QQQ': 0.2, 'HYG': 0.1, 'GLD': 0.1}",0.0
1189382400000,2007-09-10,104131.01530059206,"{'SPY': 0.6, 'QQQ': 0.2, 'HYG': 0.1, 'GLD': 0.1}",0.0
1189468800000,2007-09-11,105395.17247720006,"{'SPY': 0.6, 'QQQ': 0.2, 'HYG': 0.1, 'GLD': 0.1}",0.0
1189555200000,2007-09-12,105601.06736070804,"{'SPY': 0.6, 'QQQ': 0.2, 'HYG': 0.1, 'GLD': 0.1}",0.0
1189641600000,2007-09-13,106056.13972451401,"{'SPY': 0.6, 'QQQ': 0.2, 'HYG': 0.1, 'GLD': 0.1}",0.0
1189728000000,2007-09-14,106155.37382307918,"{'SPY': 0.6, 'QQQ': 0.2, 'HYG': 0.1, 'GLD': 0.1}",0.0
1189987200000,2007-09-17,105833.4620247038,"{'SPY': 0.6, 'QQQ': 0.2, 'HYG': 0.1, 'GLD': 0.1}",0.0
1190073600000,2007-09-18,108420.89391272856,"{'SPY': 0.6, 'QQQ': 0.2, 'HYG': 0.1, 'GLD': 0.1}",0.0
1190160000000,2007-09-19,109027.69190486762,"{'SPY': 0.6, 'QQQ': 0.2, 'HYG': 0.1, 'GLD': 0.1}",0.0
1190246400000,2007-09-20,108435.87808389767,"{'SPY': 0.6, 'QQQ': 0.2, 'HYG': 0.1, 'GLD': 0.1}",0.0
1190332800000,2007-09-21,108736.37960733968,"{'SPY': 0.6, 'QQQ': 0.2, 'HYG': 0.1, 'GLD': 0.1}",0.0
1190592000000,2007-09-24,108779.86229074272,"{'SPY': 0.6, 'QQQ': 0.2, 'HYG': 0.1, 'GLD': 0.1}",0.0
1190678400000,2007-09-25,108890.75212341321,"{'SPY': 0.6, 'QQQ': 0.2, 'HYG': 0.1, 'GLD': 0.1}",0.0
1190764800000,2007-09-26,109253.39142169479,"{'SPY': 0.6, 'QQQ': 0.2, 'HYG': 0.1, 'GLD': 0.1}",0.0
1190851200000,2007-09-27,109824.49060381368,"{'SPY': 0.6, 'QQQ': 0.2, 'HYG': 0.1, 'GLD': 0.1}",0.0
1190937600000,2007-09-28,109583.68178156944,"{'SPY': 0.25, 'TLT': 0.25, 'SHY': 0.25, 'GLD': 0.25}",0.0
1191196800000,2007-10-01,110200.15297131092,"{'SPY': 0.25, 'TLT': 0.25, 'SHY': 0.25, 'GLD': 0.25}",0.0
1191283200000,2007-10-02,109688.61186918238,"{'SPY': 0.25, 'TLT': 0.25, 'SHY': 0.25, 'GLD': 0.25}",0.0
1191369600000,2007-10-03,109379.51323119459,"{'SPY': 0.25, 'TLT': 0.25, 'SHY': 0.25, 'GLD': 0.25}",0.0
1191456000000,2007-10-04,109909.1856134438,"{'SPY': 0.25, 'TLT': 0.25, 'SHY': 0.25, 'GLD': 0.25}",0.0
1191542400000,2007-10-05,110109.41022852564,"{'SPY': 0.25, 'TLT': 0.25, 'SHY': 0.25, 'GLD': 0.25}",0.0
1191801600000,2007-10-08,109641.92378123688,"{'SPY': 0.25, 'TLT': 0.25, 'SHY': 0.25, 'GLD': 0.25}",0.0
1191888000000,2007-10-09,110016.61041383134,"{'SPY': 0.25, 'TLT': 0.25, 'SHY': 0.25, 'GLD': 0.25}",0.0
1191974400000,2007-10-10,110094.97552694306,"{'SPY': 0.25, 'TLT': 0.25, 'SHY': 0.25, 'GLD': 0.25}",0.0
1192060800000,2007-10-11,110147.91147557969,"{'SPY': 0.25, 'TLT': 0.25, 'SHY': 0.25, 'GLD': 0.25}",0.0
1192147200000,2007-10-12,110388.45101763231,"{'SPY': 0.25, 'TLT': 0.25, 'SHY': 0.25, 'GLD': 0.25}",0.0
1192406400000,2007-10-15,110365.240585097,"{'SPY': 0.25, 'TLT': 0.25, 'SHY': 0.25, 'GLD': 0.25}",0.0
1192492800000,2007-10-16,110182.54824899911,"{'SPY': 0.25, 'TLT': 0.25, 'SHY': 0.25, 'GLD': 0.25}",0.0
1192579200000,2007-10-17,110405.65395039554,"{'SPY': 0.25, 'TLT': 0.25, 'SHY': 0.25, 'GLD': 0.25}",0.0
1192665600000,2007-10-18,111051.20629966588,"{'SPY': 0.25, 'TLT': 0.25, 'SHY': 0.25, 'GLD': 0.25}",0.0
1192752000000,2007-10-19,110701.49810687955,"{'SPY': 0.25, 'TLT': 0.25, 'SHY': 0.25, 'GLD': 0.25}",0.0
1193011200000,2007-10-22,110439.48051081794,"{'SPY': 0.25, 'TLT': 0.25, 'SHY': 0.25, 'GLD': 0.25}",0.0
1193097600000,2007-10-23,110863.16149169928,"{'SPY': 0.25, 'TLT': 0.25, 'SHY': 0.25, 'GLD': 0.25}",0.0
1193184000000,2007-10-24,111178.8816061102,"{'SPY': 0.25, 'TLT': 0.25, 'SHY': 0.25, 'GLD': 0.25}",0.0
1193270400000,2007-10-25,111320.92085825224,"{'SPY': 0.25, 'TLT': 0.25, 'SHY': 0.25, 'GLD': 0.25}",0.0
1193356800000,2007-10-26,112193.79948708849,"{'SPY': 0.25, 'TLT': 0.25, 'SHY': 0.25, 'GLD': 0.25}",0.0
1193616000000,2007-10-29,112550.64162683739,"{'SPY': 0.25, 'TLT': 0.25, 'SHY': 0.25, 'GLD': 0.25}",0.0
1193702400000,2007-10-30,112059.00800175236,"{'SPY': 0.25, 'TLT': 0.25, 'SHY': 0.25, 'GLD': 0.25}",0.0
1193788800000,2007-10-31,112512.31596619442,"{'SPY': 0.25, 'TLT': 0.25, 'SHY': 0.25, 'GLD': 0.25}",0.0
1193875200000,2007-11-01,112063.76731565548,"{'SPY': 0.25, 'TLT': 0.25, 'SHY': 0.25, 'GLD': 0.25}",0.0
1193961600000,2007-11-02,112902.3645454176,"{'SPY': 0.25, 'TLT': 0.25, 'SHY': 0.25, 'GLD': 0.25}",0.0
1194220800000,2007-11-05,112643.51905824068,"{'SPY': 0.25, 'TLT': 0.25, 'SHY': 0.25, 'GLD': 0.25}",0.0
1194307200000,2007-11-06,113462.39503078793,"{'SPY': 0.25, 'TLT': 0.25, 'SHY': 0.25, 'GLD': 0.25}",0.0
1194393600000,2007-11-07,113098.91998055147,"{'SPY': 0.25, 'TLT': 0.25, 'SHY': 0.25, 'GLD': 0.25}",0.0
1194480000000,2007-11-08,112947.29075424785,"{'SPY': 0.25, 'TLT': 0.25, 'SHY': 0.25, 'GLD': 0.25}",0.0
1194566400000,2007-11-09,112792.98467975794,"{'SPY': 0.25, 'TLT': 0.25, 'SHY': 0.25, 'GLD': 0.25}",0.0
1194825600000,2007-11-12,111349.35333855526,"{'SPY': 0.25, 'TLT': 0.25, 'SHY': 0.25, 'GLD': 0.25}",0.0
1194912000000,2007-11-13,112301.14084681652,"{'SPY': 0.25, 'TLT': 0.25, 'SHY': 0.25, 'GLD': 0.25}",0.0
1194998400000,2007-11-14,112679.49439546785,"{'SPY': 0.25, 'TLT': 0.25, 'SHY': 0.25, 'GLD': 0.25}",0.0
1195084800000,2007-11-15,111813.66530992778,"{'SPY': 0.25, 'TLT': 0.25, 'SHY': 0.25, 'GLD': 0.25}",0.0
1195171200000,2007-11-16,111829.36223556942,"{'SPY': 0.25, 'TLT': 0.25, 'SHY': 0.25, 'GLD': 0.25}",0.0
1195430400000,2007-11-19,111530.29125795726,"{'SPY': 0.25, 'TLT': 0.25, 'SHY': 0.25, 'GLD': 0.25}",0.0
1195516800000,2007-11-20,112465.79132146425,"{'SPY': 0.25, 'TLT': 0.25, 'SHY': 0.25, 'GLD': 0.25}",0.0
1195603200000,2007-11-21,112103.80374359808,"{'SPY': 0.25, 'TLT': 0.25, 'SHY': 0.25, 'GLD': 0.25}",0.0
1195776000000,2007-11-23,113309.29406294812,"{'SPY': 0.25, 'TLT': 0.25, 'SHY': 0.25, 'GLD': 0.25}",0.0
1196035200000,2007-11-26,113339.88457746444,"{'SPY': 0.25, 'TLT': 0.25, 'SHY': 0.25, 'GLD': 0.25}",0.0
1196121600000,2007-11-27,112891.84105661899,"{'SPY': 0.25, 'TLT': 0.25, 'SHY': 0.25, 'GLD': 0.25}",0.0
1196208000000,2007-11-28,113393.00750755155,"{'SPY': 0.25, 'TLT': 0.25, 'SHY': 0.25, 'GLD': 0.25}",0.0
1196294400000,2007-11-29,113238.88480416201,"{'SPY': 0.25, 'TLT': 0.25, 'SHY': 0.25, 'GLD': 0.25}",0.0
1196380800000,2007-11-30,113013.26596077155,"{'TLT': 0.6, 'SHY': 0.2, 'GLD': 0.2}",0.0
1196640000000,2007-12-03,113883.1103378443,"{'TLT': 0.6, 'SHY': 0.2, 'GLD': 0.2}",0.0
1196726400000,2007-12-04,114199.06480936591,"{'TLT': 0.6, 'SHY': 0.2, 'GLD': 0.2}",0.0
1196812800000,2007-12-05,113168.614556273,"{'TLT': 0.6, 'SHY': 0.2, 'GLD': 0.2}",0.0
1196899200000,2007-12-06,112740.11671611785,"{'TLT': 0.6, 'SHY': 0.2, 'GLD': 0.2}",0.0
1196985600000,2007-12-07,111738.52879144132,"{'TLT': 0.6, 'SHY': 0.2, 'GLD': 0.2}",0.0
1197244800000,2007-12-10,111718.35991413027,"{'TLT': 0.6, 'SHY': 0.2, 'GLD': 0.2}",0.0
1197331200000,2007-12-11,112791.66053987943,"{'TLT': 0.6, 'SHY': 0.2, 'GLD': 0.2}",0.0
1197417600000,2007-12-12,112507.61875892773,"{'TLT': 0.6, 'SHY': 0.2, 'GLD': 0.2}",0.0
1197504000000,2007-12-13,111184.98045370176,"{'TLT': 0.6, 'SHY': 0.2, 'GLD': 0.2}",0.0
1197590400000,2007-12-14,110828.64114409234,"{'TLT': 0.6, 'SHY': 0.2, 'GLD': 0.2}",0.0
1197849600000,2007-12-17,111377.9750325667,"{'TLT': 0.6, 'SHY': 0.2, 'GLD': 0.2}",0.0
1197936000000,2007-12-18,112115.00073543901,"{'TLT': 0.6, 'SHY': 0.2, 'GLD': 0.2}",0.0
1198022400000,2007-12-19,113061.50464111124,"{'TLT': 0.6, 'SHY': 0.2, 'GLD': 0.2}",0.0
1198108800000,2007-12-20,112769.79946867541,"{'TLT': 0.6, 'SHY': 0.2, 'GLD': 0.2}",0.0
1198195200000,2007-12-21,112154.9542722457,"{'TLT': 0.6, 'SHY': 0.2, 'GLD': 0.2}",0.0
1198454400000,2007-12-24,111831.44969627737,"{'TLT': 0.6, 'SHY': 0.2, 'GLD': 0.2}",0.0
1198627200000,2007-12-26,111606.49409834626,"{'TLT': 0.6, 'SHY': 0.2, 'GLD': 0.2}",0.0
1198713600000,2007-12-27,112396.36497059456,"{'TLT': 0.6, 'SHY': 0.2, 'GLD': 0.2}",0.0
1198800000000,2007-12-28,113872.30241881749,"{'TLT': 0.6, 'SHY': 0.2, 'GLD': 0.2}",0.0
1199059200000,2007-12-31,114173.86572076296,"{'TLT': 0.6, 'SHY': 0.2, 'GLD': 0.2}",0.0
1199232000000,2008-01-02,115866.82357878538,"{'TLT': 0.6, 'SHY': 0.2, 'GLD': 0.2}",0.0
1199318400000,2008-01-03,116001.56151172917,"{'TLT': 0.6, 'SHY': 0.2, 'GLD': 0.2}",0.0
1199404800000,2008-01-04,115930.75838363891,"{'TLT': 0.6, 'SHY': 0.2, 'GLD': 0.2}",0.0
1199664000000,2008-01-07,116121.17618265004,"{'TLT': 0.6, 'SHY': 0.2, 'GLD': 0.2}",0.0
1199750400000,2008-01-08,116624.73540418338,"{'TLT': 0.6, 'SHY': 0.2, 'GLD': 0.2}",0.0
1199836800000,2008-01-09,116684.78179148411,"{'TLT': 0.6, 'SHY': 0.2, 'GLD': 0.2}",0.0
1199923200000,2008-01-10,116197.38190465492,"{'TLT': 0.6, 'SHY': 0.2, 'GLD': 0.2}",0.0
1200009600000,2008-01-11,116893.45906371626,"{'TLT': 0.6, 'SHY': 0.2, 'GLD': 0.2}",0.0
1200268800000,2008-01-14,117415.9140995245,"{'TLT': 0.6, 'SHY': 0.2, 'GLD': 0.2}",0.0
1200355200000,2008-01-15,117818.97479495376,"{'TLT': 0.6, 'SHY': 0.2, 'GLD': 0.2}",0.0
1200441600000,2008-01-16,116983.3111773495,"{'TLT': 0.6, 'SHY': 0.2, 'GLD': 0.2}",0.0
1200528000000,2008-01-17,117878.32039914475,"{'TLT': 0.6, 'SHY': 0.2, 'GLD': 0.2}",0.0
1200614400000,2008-01-18,117663.40358658304,"{'TLT': 0.6, 'SHY': 0.2, 'GLD': 0.2}",0.0
1200960000000,2008-01-22,118718.31240364502,"{'TLT': 0.6, 'SHY': 0.2, 'GLD': 0.2}",0.0
1201046400000,2008-01-23,118469.26069556332,"{'TLT': 0.6, 'SHY': 0.2, 'GLD': 0.2}",0.0
1201132800000,2008-01-24,117561.11105930929,"{'TLT': 0.6, 'SHY': 0.2, 'GLD': 0.2}",0.0
1201219200000,2008-01-25,118869.23687416833,"{'TLT': 0.6, 'SHY': 0.2, 'GLD': 0.2}",0.0
1201478400000,2008-01-28,118971.94551132714,"{'TLT': 0.6, 'SHY': 0.2, 'GLD': 0.2}",0.0
1201564800000,2008-01-29,118316.76648321927,"{'TLT': 0.6, 'SHY': 0.2, 'GLD': 0.2}",0.0
1201651200000,2008-01-30,118106.44685805505,"{'TLT': 0.6, 'SHY': 0.2, 'GLD': 0.2}",0.0
1201737600000,2008-01-31,118463.0625505902,"{'TLT': 0.6, 'SHY': 0.2, 'GLD': 0.2}",0.0
1201824000000,2008-02-01,118384.78199385562,"{'TLT': 0.6, 'SHY': 0.2, 'GLD': 0.2}",0.0
1202083200000,2008-02-04,117590.42887832322,"{'TLT': 0.6, 'SHY': 0.2, 'GLD': 0.2}",0.0
1202169600000,2008-02-05,117808.16388783534,"{'TLT': 0.6, 'SHY': 0.2, 'GLD': 0.2}",0.0
1202256000000,2008-02-06,117942.01763810728,"{'TLT': 0.6, 'SHY': 0.2, 'GLD': 0.2}",0.0
1202342400000,2008-02-07,116624.94523046791,"{'TLT': 0.6, 'SHY': 0.2, 'GLD': 0.2}",0.0
1202428800000,2008-02-08,117766.04231852511,"{'TLT': 0.6, 'SHY': 0.2, 'GLD': 0.2}",0.0
1202688000000,2008-02-11,118153.96608821255,"{'TLT': 0.6, 'SHY': 0.2, 'GLD': 0.2}",0.0
1202774400000,2008-02-12,117223.09009402787,"{'TLT': 0.6, 'SHY': 0.2, 'GLD': 0.2}",0.0
1202860800000,2008-02-13,116515.89647233917,"{'TLT': 0.6, 'SHY': 0.2, 'GLD': 0.2}",0.0
1202947200000,2008-02-14,115542.10980793489,"{'TLT': 0.6, 'SHY': 0.2, 'GLD': 0.2}",0.0
1203033600000,2008-02-15,115905.20417533864,"{'TLT': 0.6, 'SHY': 0.2, 'GLD': 0.2}",0.0
1203379200000,2008-02-19,115816.54058210694,"{'TLT': 0.6, 'SHY': 0.2, 'GLD': 0.2}",0.0
1203465600000,2008-02-20,116690.09196002732,"{'TLT': 0.6, 'SHY': 0.2, 'GLD': 0.2}",0.0
1203552000000,2008-02-21,117498.47278890997,"{'TLT': 0.6, 'SHY': 0.2, 'GLD': 0.2}",0.0
1203638400000,2008-02-22,117104.73601326281,"{'TLT': 0.6, 'SHY': 0.2, 'GLD': 0.2}",0.0
1203897600000,2008-02-25,116187.56234716656,"{'TLT': 0.6, 'SHY': 0.2, 'GLD': 0.2}",0.0
1203984000000,2008-02-26,116486.9724712831,"{'TLT': 0.6, 'SHY': 0.2, 'GLD': 0.2}",0.0
1204070400000,2008-02-27,116842.26576354826,"{'TLT': 0.6, 'SHY': 0.2, 'GLD': 0.2}",0.0
1204156800000,2008-02-28,118441.75970535683,"{'TLT': 0.6, 'SHY': 0.2, 'GLD': 0.2}",0.0
1204243200000,2008-02-29,119657.86044479646,"{'TLT': 0.6, 'SHY': 0.2, 'GLD': 0.2}",0.0
1204502400000,2008-03-03,119737.42013049437,"{'TLT': 0.6, 'SHY': 0.2, 'GLD': 0.2}",0.0
1204588800000,2008-03-04,118526.24039660374,"{'TLT': 0.6, 'SHY': 0.2, 'GLD': 0.2}",0.0
1204675200000,2008-03-05,118293.50735486773,"{'TLT': 0.6, 'SHY': 0.2, 'GLD': 0.2}",0.0
1204761600000,2008-03-06,118448.14089434223,"{'TLT': 0.6, 'SHY': 0.2, 'GLD': 0.2}",0.0
1204848000000,2008-03-07,118428.86829834315,"{'TLT': 0.6, 'SHY': 0.2, 'GLD': 0.2}",0.0
1205107200000,2008-03-10,119447.64368286052,"{'TLT': 0.6, 'SHY': 0.2, 'GLD': 0.2}",0.0
1205193600000,2008-03-11,118745.91093791604,"{'TLT': 0.6, 'SHY': 0.2, 'GLD': 0.2}",0.0
1205280000000,2008-03-12,120449.15561773516,"{'TLT': 0.6, 'SHY': 0.2, 'GLD': 0.2}",0.0
1205366400000,2008-03-13,120202.53739689013,"{'TLT': 0.6, 'SHY': 0.2, 'GLD': 0.2}",0.0
1205452800000,2008-03-14,121255.96417666065,"{'TLT': 0.6, 'SHY': 0.2, 'GLD': 0.2}",0.0
1205712000000,2008-03-17,121982.7220707786,"{'TLT': 0.6, 'SHY': 0.2, 'GLD': 0.2}",0.0
1205798400000,2008-03-18,120956.42019483169,"{'TLT': 0.6, 'SHY': 0.2, 'GLD': 0.2}",0.0
1205884800000,2008-03-19,121317.32532898818,"{'TLT': 0.6, 'SHY': 0.2, 'GLD': 0.2}",0.0
1205971200000,2008-03-20,120652.54043124316,"{'TLT': 0.6, 'SHY': 0.2, 'GLD': 0.2}",0.0
1206316800000,2008-03-24,119202.74751452255,"{'TLT': 0.6, 'SHY': 0.2, 'GLD': 0.2}",0.0
1206403200000,2008-03-25,120215.88150349571,"{'TLT': 0.6, 'SHY': 0.2, 'GLD': 0.2}",0.0
1206489600000,2008-03-26,120243.46286811306,"{'TLT': 0.6, 'SHY': 0.2, 'GLD': 0.2}",0.0
1206576000000,2008-03-27,119674.72318776169,"{'TLT': 0.6, 'SHY': 0.2, 'GLD': 0.2}",0.0
1206662400000,2008-03-28,119979.5861328134,"{'TLT': 0.6, 'SHY': 0.2, 'GLD': 0.2}",0.0
1206921600000,2008-03-31,119857.55487318797,"{'TLT': 0.6, 'SHY': 0.2, 'GLD': 0.2}",0.0
1207008000000,2008-04-01,117659.15189147842,"{'TLT': 0.6, 'SHY': 0.2, 'GLD': 0.2}",0.0
1207094400000,2008-04-02,118442.74545296417,"{'TLT': 0.6, 'SHY': 0.2, 'GLD': 0.2}",0.0
1207180800000,2008-04-03,118624.11593734386,"{'TLT': 0.6, 'SHY': 0.2, 'GLD': 0.2}",0.0
1207267200000,2008-04-04,119535.73947105599,"{'TLT': 0.6, 'SHY': 0.2, 'GLD': 0.2}",0.0
1207526400000,2008-04-07,119357.07044927117,"{'TLT': 0.6, 'SHY': 0.2, 'GLD': 0.2}",0.0
1207612800000,2008-04-08,118907.11112566614,"{'TLT': 0.6, 'SHY': 0.2, 'GLD': 0.2}",0.0
1207699200000,2008-04-09,120204.0963017059,"{'TLT': 0.6, 'SHY': 0.2, 'GLD': 0.2}",0.0
1207785600000,2008-04-10,119817.97750842589,"{'TLT': 0.6, 'SHY': 0.2, 'GLD': 0.2}",0.0
1207872000000,2008-04-11,120219.47294331655,"{'TLT': 0.6, 'SHY': 0.2, 'GLD': 0.2}",0.0
1208131200000,2008-04-14,119732.83577300647,"{'TLT': 0.6, 'SHY': 0.2, 'GLD': 0.2}",0.0
1208217600000,2008-04-15,118954.70764004547,"{'TLT': 0.6, 'SHY': 0.2, 'GLD': 0.2}",0.0
1208304000000,2008-04-16,118622.48256846638,"{'TLT': 0.6, 'SHY': 0.2, 'GLD': 0.2}",0.0
1208390400000,2008-04-17,118276.80422557458,"{'TLT': 0.6, 'SHY': 0.2, 'GLD': 0.2}",0.0
1208476800000,2008-04-18,117705.67605625196,"{'TLT': 0.6, 'SHY': 0.2, 'GLD': 0.2}",0.0
1208736000000,2008-04-21,117868.6954555641,"{'TLT': 0.6, 'SHY': 0.2, 'GLD': 0.2}",0.0
1208822400000,2008-04-22,118125.39577593868,"{'TLT': 0.6, 'SHY': 0.2, 'GLD': 0.2}",0.0
1208908800000,2008-04-23,117615.52238458095,"{'TLT': 0.6, 'SHY': 0.2, 'GLD': 0.2}",0.0
1208995200000,2008-04-24,116424.791296412,"{'TLT': 0.6, 'SHY': 0.2, 'GLD': 0.2}",0.0
1209081600000,2008-04-25,116032.48057141359,"{'TLT': 0.6, 'SHY': 0.2, 'GLD': 0.2}",0.0
1209340800000,2008-04-28,116381.62142497877,"{'TLT': 0.6, 'SHY': 0.2, 'GLD': 0.2}",0.0
1209427200000,2008-04-29,116142.34474325221,"{'TLT': 0.6, 'SHY': 0.2, 'GLD': 0.2}",0.0
1209513600000,2008-04-30,116911.94832636863,"{'TLT': 0.6, 'SHY': 0.2, 'GLD': 0.2}",0.0
1209600000000,2008-05-01,116157.05961648331,"{'TLT': 0.6, 'SHY': 0.2, 'GLD': 0.2}",0.0
1209686400000,2008-05-02,115410.66411023383,"{'TLT': 0.6, 'SHY': 0.2, 'GLD': 0.2}",0.0
1209945600000,2008-05-05,115896.89977750373,"{'TLT': 0.6, 'SHY': 0.2, 'GLD': 0.2}",0.0
1210032000000,2008-05-06,115506.55939853773,"{'TLT': 0.6, 'SHY': 0.2, 'GLD': 0.2}",0.0
1210118400000,2008-05-07,115615.55565342278,"{'TLT': 0.6, 'SHY': 0.2, 'GLD': 0.2}",0.0
1210204800000,2008-05-08,116640.3420153317,"{'TLT': 0.6, 'SHY': 0.2, 'GLD': 0.2}",0.0
1210291200000,2008-05-09,116955.07834224697,"{'TLT': 0.6, 'SHY': 0.2, 'GLD': 0.2}",0.0
1210550400000,2008-05-12,116688.9196942707,"{'TLT': 0.6, 'SHY': 0.2, 'GLD': 0.2}",0.0
1210636800000,2008-05-13,115454.68464069003,"{'TLT': 0.6, 'SHY': 0.2, 'GLD': 0.2}",0.0
1210723200000,2008-05-14,115416.94285147263,"{'TLT': 0.6, 'SHY': 0.2, 'GLD': 0.2}",0.0
1210809600000,2008-05-15,116553.05144284634,"{'TLT': 0.6, 'SHY': 0.2, 'GLD': 0.2}",0.0
1210896000000,2008-05-16,116833.16732156706,"{'TLT': 0.6, 'SHY': 0.2, 'GLD': 0.2}",0.0
1211155200000,2008-05-19,117026.13971159994,"{'TLT': 0.6, 'SHY': 0.2, 'GLD': 0.2}",0.0
1211241600000,2008-05-20,117821.77605165502,"{'TLT': 0.6, 'SHY': 0.2, 'GLD': 0.2}",0.0
1211328000000,2008-05-21,118086.35872051097,"{'TLT': 0.6, 'SHY': 0.2, 'GLD': 0.2}",0.0
1211414400000,2008-05-22,116934.16890925277,"{'TLT': 0.6, 'SHY': 0.2, 'GLD': 0.2}",0.0
1211500800000,2008-05-23,117350.66164677843,"{'TLT': 0.6, 'SHY': 0.2, 'GLD': 0.2}",0.0
1211846400000,2008-05-27,116368.48676655181,"{'TLT': 0.6, 'SHY': 0.2, 'GLD': 0.2}",0.0
1211932800000,2008-05-28,115648.63208874458,"{'TLT': 0.6, 'SHY': 0.2, 'GLD': 0.2}",0.0
1212019200000,2008-05-29,114458.56890273385,"{'TLT': 0.6, 'SHY': 0.2, 'GLD': 0.2}",0.0
1212105600000,2008-05-30,115192.240958978,"{'TLT': 0.6, 'SHY': 0.2, 'GLD': 0.2}",0.0
1212364800000,2008-06-02,115638.63238699325,"{'TLT': 0.6, 'SHY': 0.2, 'GLD': 0.2}",0.0
1212451200000,2008-06-03,115887.63120391758,"{'TLT': 0.6, 'SHY': 0.2, 'GLD': 0.2}",0.0
1212537600000,2008-06-04,115198.63338511808,"{'TLT': 0.6, 'SHY': 0.2, 'GLD': 0.2}",0.0
1212624000000,2008-06-05,114700.78304998398,"{'TLT': 0.6, 'SHY': 0.2, 'GLD': 0.2}",0.0
1212710400000,2008-06-06,116314.82949780909,"{'TLT': 0.6, 'SHY': 0.2, 'GLD': 0.2}",0.0
1212969600000,2008-06-09,115917.5196402675,"{'TLT': 0.6, 'SHY': 0.2, 'GLD': 0.2}",0.0
1213056000000,2008-06-10,114769.11503311133,"{'TLT': 0.6, 'SHY': 0.2, 'GLD': 0.2}",0.0
1213142400000,2008-06-11,115042.21880759943,"{'TLT': 0.6, 'SHY': 0.2, 'GLD': 0.2}",0.0
1213228800000,2008-06-12,113864.6208997596,"{'TLT': 0.6, 'SHY': 0.2, 'GLD': 0.2}",0.0
1213315200000,2008-06-13,113805.01339194243,"{'TLT': 0.6, 'SHY': 0.2, 'GLD': 0.2}",0.0
1213574400000,2008-06-16,114147.17990876896,"{'TLT': 0.6, 'SHY': 0.2, 'GLD': 0.2}",0.0
1213660800000,2008-06-17,114393.27738662224,"{'TLT': 0.6, 'SHY': 0.2, 'GLD': 0.2}",0.0
1213747200000,2008-06-18,115263.49110313742,"{'TLT': 0.6, 'SHY': 0.2, 'GLD': 0.2}",0.0
1213833600000,2008-06-19,114847.22504999793,"{'TLT': 0.6, 'SHY': 0.2, 'GLD': 0.2}",0.0
1213920000000,2008-06-20,115428.06853009838,"{'TLT': 0.6, 'SHY': 0.2, 'GLD': 0.2}",0.0
1214179200000,2008-06-23,115066.65180591504,"{'TLT': 0.6, 'SHY': 0.2, 'GLD': 0.2}",0.0
1214265600000,2008-06-24,115669.24588055057,"{'TLT': 0.6, 'SHY': 0.2, 'GLD': 0.2}",0.0
1214352000000,2008-06-25,115703.50902359387,"{'TLT': 0.6, 'SHY': 0.2, 'GLD': 0.2}",0.0
1214438400000,2008-06-26,117082.41064032164,"{'TLT': 0.6, 'SHY': 0.2, 'GLD': 0.2}",0.0
1214524800000,2008-06-27,118139.69700020173,"{'TLT': 0.6, 'SHY': 0.2, 'GLD': 0.2}",0.0
1214784000000,2008-06-30,118151.2512045466,"{'TLT': 0.6, 'SHY': 0.2, 'GLD': 0.2}",0.0
1214870400000,2008-07-01,118303.04094927918,"{'TLT': 0.6, 'SHY': 0.2, 'GLD': 0.2}",0.0
1214956800000,2008-07-02,118807.26413813351,"{'TLT': 0.6, 'SHY': 0.2, 'GLD': 0.2}",0.0
1215043200000,2008-07-03,118409.92522196232,"{'TLT': 0.6, 'SHY': 0.2, 'GLD': 0.2}",0.0
1215388800000,2008-07-07,118534.81229169767,"{'TLT': 0.6, 'SHY': 0.2, 'GLD': 0.2}",0.0
1215475200000,2008-07-08,118902.97911216684,"{'TLT': 0.6, 'SHY': 0.2, 'GLD': 0.2}",0.0
1215561600000,2008-07-09,119424.84172393345,"{'TLT': 0.6, 'SHY': 0.2, 'GLD': 0.2}",0.0
1215648000000,2008-07-10,119918.25400315193,"{'TLT': 0.6, 'SHY': 0.2, 'GLD': 0.2}",0.0
1215734400000,2008-07-11,119263.50689285343,"{'TLT': 0.6, 'SHY': 0.2, 'GLD': 0.2}",0.0
1215993600000,2008-07-14,120135.22308416448,"{'TLT': 0.6, 'SHY': 0.2, 'GLD': 0.2}",0.0
1216080000000,2008-07-15,120211.88437375694,"{'TLT': 0.6, 'SHY': 0.2, 'GLD': 0.2}",0.0
1216166400000,2008-07-16,118452.39844869402,"{'TLT': 0.6, 'SHY': 0.2, 'GLD': 0.2}",0.0
1216252800000,2008-07-17,117996.91446103809,"{'TLT': 0.6, 'SHY': 0.2, 'GLD': 0.2}",0.0
1216339200000,2008-07-18,117676.59646512914,"{'TLT': 0.6, 'SHY': 0.2, 'GLD': 0.2}",0.0
1216598400000,2008-07-21,118198.54600340777,"{'TLT': 0.6, 'SHY': 0.2, 'GLD': 0.2}",0.0
1216684800000,2008-07-22,117315.16734037701,"{'TLT': 0.6, 'SHY': 0.2, 'GLD': 0.2}",0.0
1216771200000,2008-07-23,116535.70658001752,"{'TLT': 0.6, 'SHY': 0.2, 'GLD': 0.2}",0.0
1216857600000,2008-07-24,117478.5639608227,"{'TLT': 0.6, 'SHY': 0.2, 'GLD': 0.2}",0.0
1216944000000,2008-07-25,116835.52053354248,"{'TLT': 0.6, 'SHY': 0.2, 'GLD': 0.2}",0.0
1217203200000,2008-07-28,117601.39983128644,"{'TLT': 0.6, 'SHY': 0.2, 'GLD': 0.2}",0.0
1217289600000,2008-07-29,117002.5737152444,"{'TLT': 0.6, 'SHY': 0.2, 'GLD': 0.2}",0.0
1217376000000,2008-07-30,116801.45202785639,"{'TLT': 0.6, 'SHY': 0.2, 'GLD': 0.2}",0.0
1217462400000,2008-07-31,117690.35393273587,"{'TLT': 0.6, 'SHY': 0.2, 'GLD': 0.2}",0.0
1217548800000,2008-08-01,117717.88739380476,"{'TLT': 0.6, 'SHY': 0.2, 'GLD': 0.2}",0.0
1217808000000,2008-08-04,117177.0900141134,"{'TLT': 0.6, 'SHY': 0.2, 'GLD': 0.2}",0.0
1217894400000,2008-08-05,116094.52797530456,"{'TLT': 0.6, 'SHY': 0.2, 'GLD': 0.2}",0.0
1217980800000,2008-08-06,115964.11950667278,"{'TLT': 0.6, 'SHY': 0.2, 'GLD': 0.2}",0.0
1218067200000,2008-08-07,117000.22414602547,"{'TLT': 0.6, 'SHY': 0.2, 'GLD': 0.2}",0.0
1218153600000,2008-08-08,116720.58202909202,"{'TLT': 0.6, 'SHY': 0.2, 'GLD': 0.2}",0.0
1218412800000,2008-08-11,115107.30373835443,"{'TLT': 0.6, 'SHY': 0.2, 'GLD': 0.2}",0.0
1218499200000,2008-08-12,115620.15249580692,"{'TLT': 0.6, 'SHY': 0.2, 'GLD': 0.2}",0.0
1218585600000,2008-08-13,115674.7086508284,"{'TLT': 0.6, 'SHY': 0.2, 'GLD': 0.2}",0.0
1218672000000,2008-08-14,115503.02479781491,"{'TLT': 0.6, 'SHY': 0.2, 'GLD': 0.2}",0.0
1218758400000,2008-08-15,115620.05218342513,"{'TLT': 0.6, 'SHY': 0.2, 'GLD': 0.2}",0.0
1219017600000,2008-08-18,116263.91784272272,"{'TLT': 0.6, 'SHY': 0.2, 'GLD': 0.2}",0.0
1219104000000,2008-08-19,116492.90567528228,"{'TLT': 0.6, 'SHY': 0.2, 'GLD': 0.2}",0.0
1219190400000,2008-08-20,116611.85321040466,"{'TLT': 0.6, 'SHY': 0.2, 'GLD': 0.2}",0.0
1219276800000,2008-08-21,117117.3046209419,"{'TLT': 0.6, 'SHY': 0.2, 'GLD': 0.2}",0.0
1219363200000,2008-08-22,116682.53167786756,"{'TLT': 0.6, 'SHY': 0.2, 'GLD': 0.2}",0.0
1219622400000,2008-08-25,117378.17996500157,"{'TLT': 0.6, 'SHY': 0.2, 'GLD': 0.2}",0.0
1219708800000,2008-08-26,117516.66922066636,"{'TLT': 0.6, 'SHY': 0.2, 'GLD': 0.2}",0.0
1219795200000,2008-08-27,117688.3818682068,"{'TLT': 0.6, 'SHY': 0.2, 'GLD': 0.2}",0.0
1219881600000,2008-08-28,117921.74668129826,"{'TLT': 0.6, 'SHY': 0.2, 'GLD': 0.2}",0.0
1219968000000,2008-08-29,117482.99891091803,"{'TLT': 0.6, 'SHY': 0.2, 'GLD': 0.2}",0.0
1220313600000,2008-09-02,117446.84146107524,"{'TLT': 0.6, 'SHY': 0.2, 'GLD': 0.2}",0.0
1220400000000,2008-09-03,117662.0769227676,"{'TLT': 0.6, 'SHY': 0.2, 'GLD': 0.2}",0.0
1220486400000,2008-09-04,118093.21987635248,"{'TLT': 0.6, 'SHY': 0.2, 'GLD': 0.2}",0.0
1220572800000,2008-09-05,118225.42369108672,"{'TLT': 0.6, 'SHY': 0.2, 'GLD': 0.2}",0.0
1220832000000,2008-09-08,118475.23947367862,"{'TLT': 0.6, 'SHY': 0.2, 'GLD': 0.2}",0.0
1220918400000,2008-09-09,118504.59148212311,"{'TLT': 0.6, 'SHY': 0.2, 'GLD': 0.2}",0.0
1221004800000,2008-09-10,117366.34143730588,"{'TLT': 0.6, 'SHY': 0.2, 'GLD': 0.2}",0.0
1221091200000,2008-09-11,116960.70151811425,"{'TLT': 0.6, 'SHY': 0.2, 'GLD': 0.2}",0.0
1221177600000,2008-09-12,116849.42491419609,"{'TLT': 0.6, 'SHY': 0.2, 'GLD': 0.2}",0.0
1221436800000,2008-09-15,119911.42957551424,"{'TLT': 0.6, 'SHY': 0.2, 'GLD': 0.2}",0.0
1221523200000,2008-09-16,119615.72985268343,"{'TLT': 0.6, 'SHY': 0.2, 'GLD': 0.2}",0.0
1221609600000,2008-09-17,122790.0599936362,"{'TLT': 0.6, 'SHY': 0.2, 'GLD': 0.2}",0.0
1221696000000,2008-09-18,120869.53759939916,"{'TLT': 0.6, 'SHY': 0.2, 'GLD': 0.2}",0.0
1221782400000,2008-09-19,119360.73030170708,"{'TLT': 0.6, 'SHY': 0.2, 'GLD': 0.2}",0.0
1222041600000,2008-09-22,120258.87397098055,"{'TLT': 0.6, 'SHY': 0.2, 'GLD': 0.2}",0.0
1222128000000,2008-09-23,119767.71209285375,"{'TLT': 0.6, 'SHY': 0.2, 'GLD': 0.2}",0.0
1222214400000,2008-09-24,119697.54348999655,"{'TLT': 0.6, 'SHY': 0.2, 'GLD': 0.2}",0.0
1222300800000,2008-09-25,119437.64850240917,"{'TLT': 0.6, 'SHY': 0.2, 'GLD': 0.2}",0.0
1222387200000,2008-09-26,120009.56181832516,"{'TLT': 0.6, 'SHY': 0.2, 'GLD': 0.2}",0.0
1222646400000,2008-09-29,123054.74758643043,"{'TLT': 0.6, 'SHY': 0.2, 'GLD': 0.2}",0.0
1222732800000,2008-09-30,119922.19396407061,"{'TLT': 0.6, 'SHY': 0.2, 'GLD': 0.2}",0.0
1222819200000,2008-10-01,121155.96877151928,"{'TLT': 0.6, 'SHY': 0.2, 'GLD': 0.2}",0.0
1222905600000,2008-10-02,120766.6923943214,"{'TLT': 0.6, 'SHY': 0.2, 'GLD': 0.2}",0.0
1222992000000,2008-10-03,121547.22389800925,"{'TLT': 0.6, 'SHY': 0.2, 'GLD': 0.2}",0.0
1223251200000,2008-10-06,123419.14585972119,"{'TLT': 0.6, 'SHY': 0.2, 'GLD': 0.2}",0.0
1223337600000,2008-10-07,124076.7978624459,"{'TLT': 0.6, 'SHY': 0.2, 'GLD': 0.2}",0.0
1223424000000,2008-10-08,123512.63136792398,"{'TLT': 0.6, 'SHY': 0.2, 'GLD': 0.2}",0.0
1223510400000,2008-10-09,123036.45945655534,"{'TLT': 0.6, 'SHY': 0.2, 'GLD': 0.2}",0.0
1223596800000,2008-10-10,120726.66558633406,"{'TLT': 0.6, 'SHY': 0.2, 'GLD': 0.2}",0.0
1223856000000,2008-10-13,119334.80967153508,"{'TLT': 0.6, 'SHY': 0.2, 'GLD': 0.2}",0.0
1223942400000,2008-10-14,118940.57296737454,"{'TLT': 0.6, 'SHY': 0.2, 'GLD': 0.2}",0.0
1224028800000,2008-10-15,120023.91783798256,"{'TLT': 0.6, 'SHY': 0.2, 'GLD': 0.2}",0.0
1224115200000,2008-10-16,118479.92242049014,"{'TLT': 0.6, 'SHY': 0.2, 'GLD': 0.2}",0.0
1224201600000,2008-10-17,117386.3472833395,"{'TLT': 0.6, 'SHY': 0.2, 'GLD': 0.2}",0.0
1224460800000,2008-10-20,118324.55496852998,"{'TLT': 0.6, 'SHY': 0.2, 'GLD': 0.2}",0.0
1224547200000,2008-10-21,118003.1209079059,"{'TLT': 0.6, 'SHY': 0.2, 'GLD': 0.2}",0.0
1224633600000,2008-10-22,118132.40712663771,"{'TLT': 0.6, 'SHY': 0.2, 'GLD': 0.2}",0.0
1224720000000,2008-10-23,118294.98859624169,"{'TLT': 0.6, 'SHY': 0.2, 'GLD': 0.2}",0.0
1224806400000,2008-10-24,118082.0482598652,"{'TLT': 0.6, 'SHY': 0.2, 'GLD': 0.2}",0.0
1225065600000,2008-10-27,118064.62834793323,"{'TLT': 0.6, 'SHY': 0.2, 'GLD': 0.2}",0.0
1225152000000,2008-10-28,117587.57425924232,"{'TLT': 0.6, 'SHY': 0.2, 'GLD': 0.2}",0.0
1225238400000,2008-10-29,117313.45962409186,"{'TLT': 0.6, 'SHY': 0.2, 'GLD': 0.2}",0.0
1225324800000,2008-10-30,116286.19299468408,"{'TLT': 0.6, 'SHY': 0.2, 'GLD': 0.2}",0.0
1225411200000,2008-10-31,114953.98832900118,"{'TLT': 0.6, 'SHY': 0.2, 'GLD': 0.2}",0.0
1225670400000,2008-11-03,115106.16044146137,"{'TLT': 0.6, 'SHY': 0.2, 'GLD': 0.2}",0.0
1225756800000,2008-11-04,117812.35517920397,"{'TLT': 0.6, 'SHY': 0.2, 'GLD': 0.2}",0.0
1225843200000,2008-11-05,117856.03507447177,"{'TLT': 0.6, 'SHY': 0.2, 'GLD': 0.2}",0.0
1225929600000,2008-11-06,117166.04602811689,"{'TLT': 0.6, 'SHY': 0.2, 'GLD': 0.2}",0.0
1226016000000,2008-11-07,116755.82485775564,"{'TLT': 0.6, 'SHY': 0.2, 'GLD': 0.2}",0.0
1226275200000,2008-11-10,117517.80927355927,"{'TLT': 0.6, 'SHY': 0.2, 'GLD': 0.2}",0.0
1226361600000,2008-11-11,117254.24759781448,"{'TLT': 0.6, 'SHY': 0.2, 'GLD': 0.2}",0.0
1226448000000,2008-11-12,117074.86171572239,"{'TLT': 0.6, 'SHY': 0.2, 'GLD': 0.2}",0.0
1226534400000,2008-11-13,116053.39435192171,"{'TLT': 0.6, 'SHY': 0.2, 'GLD': 0.2}",0.0
1226620800000,2008-11-14,117798.22532862704,"{'TLT': 0.6, 'SHY': 0.2, 'GLD': 0.2}",0.0
1226880000000,2008-11-17,117943.14211041454,"{'TLT': 0.6, 'SHY': 0.2, 'GLD': 0.2}",0.0
1226966400000,2008-11-18,118833.44978017548,"{'TLT': 0.6, 'SHY': 0.2, 'GLD': 0.2}",0.0
1227052800000,2008-11-19,120611.58019518881,"{'TLT': 0.6, 'SHY': 0.2, 'GLD': 0.2}",0.0
1227139200000,2008-11-20,124793.01448155484,"{'TLT': 0.6, 'SHY': 0.2, 'GLD': 0.2}",0.0
1227225600000,2008-11-21,125504.03938988803,"{'TLT': 0.6, 'SHY': 0.2, 'GLD': 0.2}",0.0
1227484800000,2008-11-24,124919.61284536446,"{'TLT': 0.6, 'SHY': 0.2, 'GLD': 0.2}",0.0
1227571200000,2008-11-25,127132.67341685742,"{'TLT': 0.6, 'SHY': 0.2, 'GLD': 0.2}",0.0
1227657600000,2008-11-26,127159.2443583637,"{'TLT': 0.6, 'SHY': 0.2, 'GLD': 0.2}",0.0
1227830400000,2008-11-28,128094.59488516572,"{'TLT': 0.6, 'SHY': 0.2, 'GLD': 0.2}",0.0
1228089600000,2008-12-01,129593.40687555444,"{'TLT': 0.6, 'SHY': 0.2, 'GLD': 0.2}",0.0
1228176000000,2008-12-02,130334.23946918719,"{'TLT': 0.6, 'SHY': 0.2, 'GLD': 0.2}",0.0
1228262400000,2008-12-03,130315.73632822697,"{'TLT': 0.6, 'SHY': 0.2, 'GLD': 0.2}",0.0
1228348800000,2008-12-04,131629.83501337847,"{'TLT': 0.6, 'SHY': 0.2, 'GLD': 0.2}",0.0
1228435200000,2008-12-05,129977.15312229411,"{'TLT': 0.6, 'SHY': 0.2, 'GLD': 0.2}",0.0
1228694400000,2008-12-08,130356.9384196065,"{'TLT': 0.6, 'SHY': 0.2, 'GLD': 0.2}",0.0
1228780800000,2008-12-09,132028.3148638826,"{'TLT': 0.6, 'SHY': 0.2, 'GLD': 0.2}",0.0
1228867200000,2008-12-10,132986.85543983473,"{'TLT': 0.6, 'SHY': 0.2, 'GLD': 0.2}",0.0
1228953600000,2008-12-11,133506.4013030315,"{'TLT': 0.6, 'SHY': 0.2, 'GLD': 0.2}",0.0
1229040000000,2008-12-12,133571.94646618713,"{'TLT': 0.6, 'SHY': 0.2, 'GLD': 0.2}",0.0
1229299200000,2008-12-15,135095.48266301554,"{'TLT': 0.6, 'SHY': 0.2, 'GLD': 0.2}",0.0
1229385600000,2008-12-16,137720.75537643261,"{'TLT': 0.6, 'SHY': 0.2, 'GLD': 0.2}",0.0
1229472000000,2008-12-17,140220.9010928605,"{'TLT': 0.6, 'SHY': 0.2, 'GLD': 0.2}",0.0
1229558400000,2008-12-18,141487.39463088184,"{'TLT': 0.6, 'SHY': 0.2, 'GLD': 0.2}",0.0
1229644800000,2008-12-19,141132.7302382378,"{'TLT': 0.6, 'SHY': 0.2, 'GLD': 0.2}",0.0
1229904000000,2008-12-22,140711.91672415857,"{'TLT': 0.6, 'SHY': 0.2, 'GLD': 0.2}",0.0
1229990400000,2008-12-23,140327.314865835,"{'TLT': 0.6, 'SHY': 0.2, 'GLD': 0.2}",0.0
1230076800000,2008-12-24,140435.20772629758,"{'TLT': 0.6, 'SHY': 0.2, 'GLD': 0.2}",0.0
1230249600000,2008-12-26,141467.32463645845,"{'TLT': 0.6, 'SHY': 0.2, 'GLD': 0.2}",0.0
1230508800000,2008-12-29,141675.77798176947,"{'TLT': 0.6, 'SHY': 0.2, 'GLD': 0.2}",0.0
1230595200000,2008-12-30,142364.45188666668,"{'TLT': 0.6, 'SHY': 0.2, 'GLD': 0.2}",0.0
1230681600000,2008-12-31,140769.65154103702,"{'TLT': 0.6, 'SHY': 0.2, 'GLD': 0.2}",0.0
1230854400000,2009-01-02,138402.56653314893,"{'TLT': 0.6, 'SHY': 0.2, 'GLD': 0.2}",0.0
1231113600000,2009-01-05,135755.54522614906,"{'TLT': 0.6, 'SHY': 0.2, 'GLD': 0.2}",0.0
1231200000000,2009-01-06,135158.09835414967,"{'TLT': 0.6, 'SHY': 0.2, 'GLD': 0.2}",0.0
1231286400000,2009-01-07,134701.18489973724,"{'TLT': 0.6, 'SHY': 0.2, 'GLD': 0.2}",0.0
1231372800000,2009-01-08,135199.7456714427,"{'TLT': 0.6, 'SHY': 0.2, 'GLD': 0.2}",0.0
1231459200000,2009-01-09,135168.52148527832,"{'TLT': 0.6, 'SHY': 0.2, 'GLD': 0.2}",0.0
1231718400000,2009-01-12,134998.74928121487,"{'TLT': 0.6, 'SHY': 0.2, 'GLD': 0.2}",0.0
1231804800000,2009-01-13,135127.40507296438,"{'TLT': 0.6, 'SHY': 0.2, 'GLD': 0.2}",0.0
1231891200000,2009-01-14,136132.07042328772,"{'TLT': 0.6, 'SHY': 0.2, 'GLD': 0.2}",0.0
1231977600000,2009-01-15,136441.62336947405,"{'TLT': 0.6, 'SHY': 0.2, 'GLD': 0.2}",0.0
1232064000000,2009-01-16,135979.77870083257,"{'TLT': 0.6, 'SHY': 0.2, 'GLD': 0.2}",0.0
1232409600000,2009-01-20,136573.57458223013,"{'TLT': 0.6, 'SHY': 0.2, 'GLD': 0.2}",0.0
1232496000000,2009-01-21,133823.42169913618,"{'TLT': 0.6, 'SHY': 0.2, 'GLD': 0.2}",0.0
1232582400000,2009-01-22,132427.5425493241,"{'TLT': 0.6, 'SHY': 0.2, 'GLD': 0.2}",0.0
1232668800000,2009-01-23,133035.88674332362,"{'TLT': 0.6, 'SHY': 0.2, 'GLD': 0.2}",0.0
1232928000000,2009-01-26,132430.73017973913,"{'TLT': 0.6, 'SHY': 0.2, 'GLD': 0.2}",0.0
1233014400000,2009-01-27,134157.5612418814,"{'TLT': 0.6, 'SHY': 0.2, 'GLD': 0.2}",0.0
1233100800000,2009-01-28,131845.3690990829,"{'TLT': 0.6, 'SHY': 0.2, 'GLD': 0.2}",0.0
1233187200000,2009-01-29,130603.4043408293,"{'TLT': 0.6, 'SHY': 0.2, 'GLD': 0.2}",0.0
1233273600000,2009-01-30,130898.66715914698,"{'TLT': 0.6, 'SHY': 0.2, 'GLD': 0.2}",0.0
1233532800000,2009-02-02,131676.01318812676,"{'TLT': 0.6, 'SHY': 0.2, 'GLD': 0.2}",0.0
1233619200000,2009-02-03,129656.59292331044,"{'TLT': 0.6, 'SHY': 0.2, 'GLD': 0.2}",0.0
1233705600000,2009-02-04,129549.39370754351,"{'TLT': 0.6, 'SHY': 0.2, 'GLD': 0.2}",0.0
1233792000000,2009-02-05,129896.84981674787,"{'TLT': 0.6, 'SHY': 0.2, 'GLD': 0.2}",0.0
1233878400000,2009-02-06,129485.56089296924,"{'TLT': 0.6, 'SHY': 0.2, 'GLD': 0.2}",0.0
1234137600000,2009-02-09,129359.82279329175,"{'TLT': 0.6, 'SHY': 0.2, 'GLD': 0.2}",0.0
1234224000000,2009-02-10,131658.73213699483,"{'TLT': 0.6, 'SHY': 0.2, 'GLD': 0.2}",0.0
1234310400000,2009-02-11,133284.2253193812,"{'TLT': 0.6, 'SHY': 0.2, 'GLD': 0.2}",0.0
1234396800000,2009-02-12,132817.1432354266,"{'TLT': 0.6, 'SHY': 0.2, 'GLD': 0.2}",0.0
1234483200000,2009-02-13,130469.10267410337,"{'TLT': 0.6, 'SHY': 0.2, 'GLD': 0.2}",0.0
1234828800000,2009-02-17,133793.3394445654,"{'TLT': 0.6, 'SHY': 0.2, 'GLD': 0.2}",0.0
1234915200000,2009-02-18,133474.114809232,"{'TLT': 0.6, 'SHY': 0.2, 'GLD': 0.2}",0.0
1235001600000,2009-02-19,131789.0264779951,"{'TLT': 0.6, 'SHY': 0.2, 'GLD': 0.2}",0.0
1235088000000,2009-02-20,133138.00905087133,"{'TLT': 0.6, 'SHY': 0.2, 'GLD': 0.2}",0.0
1235347200000,2009-02-23,133853.68273257758,"{'TLT': 0.6, 'SHY': 0.2, 'GLD': 0.2}",0.0
1235433600000,2009-02-24,132928.59864118986,"{'TLT': 0.6, 'SHY': 0.2, 'GLD': 0.2}",0.0
1235520000000,2009-02-25,131513.4901809504,"{'TLT': 0.6, 'SHY': 0.2, 'GLD': 0.2}",0.0
1235606400000,2009-02-26,130670.0592827255,"{'TLT': 0.6, 'SHY': 0.2, 'GLD': 0.2}",0.0
1235692800000,2009-02-27,130113.41368191964,"{'TLT': 0.6, 'SHY': 0.2, 'GLD': 0.2}",0.0
1235952000000,2009-03-02,130986.97525443979,"{'TLT': 0.6, 'SHY': 0.2, 'GLD': 0.2}",0.0
1236038400000,2009-03-03,130183.65089413254,"{'TLT': 0.6, 'SHY': 0.2, 'GLD': 0.2}",0.0
1236124800000,2009-03-04,129494.25036054451,"{'TLT': 0.6, 'SHY': 0.2, 'GLD': 0.2}",0.0
1236211200000,2009-03-05,132559.0447882023,"{'TLT': 0.6, 'SHY': 0.2, 'GLD': 0.2}",0.0
1236297600000,2009-03-06,132096.04576212732,"{'TLT': 0.6, 'SHY': 0.2, 'GLD': 0.2}",0.0
1236556800000,2009-03-09,131114.85420125833,"{'TLT': 0.6, 'SHY': 0.2, 'GLD': 0.2}",0.0
1236643200000,2009-03-10,128885.27680511834,"{'TLT': 0.6, 'SHY': 0.2, 'GLD': 0.2}",0.0
1236729600000,2009-03-11,130050.17197717362,"{'TLT': 0.6, 'SHY': 0.2, 'GLD': 0.2}",0.0
1236816000000,2009-03-12,130979.62588606388,"{'TLT': 0.6, 'SHY': 0.2, 'GLD': 0.2}",0.0
1236902400000,2009-03-13,130663.21285554711,"{'TLT': 0.6, 'SHY': 0.2, 'GLD': 0.2}",0.0
1237161600000,2009-03-16,129249.614035514,"{'TLT': 0.6, 'SHY': 0.2, 'GLD': 0.2}",0.0
1237248000000,2009-03-17,128605.16062526326,"{'TLT': 0.6, 'SHY': 0.2, 'GLD': 0.2}",0.0
1237334400000,2009-03-18,132498.1254245918,"{'TLT': 0.6, 'SHY': 0.2, 'GLD': 0.2}",0.0
1237420800000,2009-03-19,132924.4133946288,"{'TLT': 0.6, 'SHY': 0.2, 'GLD': 0.2}",0.0
1237507200000,2009-03-20,132299.21599680802,"{'TLT': 0.6, 'SHY': 0.2, 'GLD': 0.2}",0.0
1237766400000,2009-03-23,131162.8433957274,"{'TLT': 0.6, 'SHY': 0.2, 'GLD': 0.2}",0.0
1237852800000,2009-03-24,131555.19535409476,"{'TLT': 0.6, 'SHY': 0.2, 'GLD': 0.2}",0.0
1237939200000,2009-03-25,130784.28697385726,"{'TLT': 0.6, 'SHY': 0.2, 'GLD': 0.2}",0.0
1238025600000,2009-03-26,131714.5333174777,"{'TLT': 0.6, 'SHY': 0.2, 'GLD': 0.2}",0.0
1238112000000,2009-03-27,131957.98043717287,"{'TLT': 0.6, 'SHY': 0.2, 'GLD': 0.2}",0.0
1238371200000,2009-03-30,132079.4542229523,"{'TLT': 0.6, 'SHY': 0.2, 'GLD': 0.2}",0.0
1238457600000,2009-03-31,132771.34387264558,"{'TLT': 0.6, 'SHY': 0.2, 'GLD': 0.2}",0.0
1238544000000,2009-04-01,133713.0567599092,"{'TLT': 0.6, 'SHY': 0.2, 'GLD': 0.2}",0.0
1238630400000,2009-04-02,132032.98126680366,"{'TLT': 0.6, 'SHY': 0.2, 'GLD': 0.2}",0.0
1238716800000,2009-04-03,129992.37901463945,"{'TLT': 0.6, 'SHY': 0.2, 'GLD': 0.2}",0.0
1238976000000,2009-04-06,128988.83938129898,"{'TLT': 0.6, 'SHY': 0.2, 'GLD': 0.2}",0.0
1239062400000,2009-04-07,129639.2014407749,"{'TLT': 0.6, 'SHY': 0.2, 'GLD': 0.2}",0.0
1239148800000,2009-04-08,130289.31588583668,"{'TLT': 0.6, 'SHY': 0.2, 'GLD': 0.2}",0.0
1239235200000,2009-04-09,129187.53243676496,"{'TLT': 0.6, 'SHY': 0.2, 'GLD': 0.2}",0.0
1239580800000,2009-04-13,130418.74084464065,"{'TLT': 0.6, 'SHY': 0.2, 'GLD': 0.2}",0.0
1239667200000,2009-04-14,130698.21655883006,"{'TLT': 0.6, 'SHY': 0.2, 'GLD': 0.2}",0.0
1239753600000,2009-04-15,130613.58723608051,"{'TLT': 0.6, 'SHY': 0.2, 'GLD': 0.2}",0.0
1239840000000,2009-04-16,129451.75206377529,"{'TLT': 0.6, 'SHY': 0.2, 'GLD': 0.2}",0.0
1239926400000,2009-04-17,128392.46217584357,"{'TLT': 0.6, 'SHY': 0.2, 'GLD': 0.2}",0.0
1240185600000,2009-04-20,130104.77907556825,"{'TLT': 0.6, 'SHY': 0.2, 'GLD': 0.2}",0.0
1240272000000,2009-04-21,129318.66025336171,"{'TLT': 0.6, 'SHY': 0.2, 'GLD': 0.2}",0.0
1240358400000,2009-04-22,128993.87737605066,"{'TLT': 0.6, 'SHY': 0.2, 'GLD': 0.2}",0.0
1240444800000,2009-04-23,129387.07341803961,"{'TLT': 0.6, 'SHY': 0.2, 'GLD': 0.2}",0.0
1240531200000,2009-04-24,128875.71042769408,"{'TLT': 0.6, 'SHY': 0.2, 'GLD': 0.2}",0.0
1240790400000,2009-04-27,129033.05709257541,"{'TLT': 0.6, 'SHY': 0.2, 'GLD': 0.2}",0.0
1240876800000,2009-04-28,127378.42854168314,"{'TLT': 0.6, 'SHY': 0.2, 'GLD': 0.2}",0.0
1240963200000,2009-04-29,126881.93443833526,"{'TLT': 0.6, 'SHY': 0.2, 'GLD': 0.2}",0.0
1241049600000,2009-04-30,126297.11947135018,"{'TLT': 0.6, 'SHY': 0.2, 'GLD': 0.2}",0.0
1241136000000,2009-05-01,125664.0206807253,"{'TLT': 0.6, 'SHY': 0.2, 'GLD': 0.2}",0.0
1241395200000,2009-05-04,126394.8974784932,"{'TLT': 0.6, 'SHY': 0.2, 'GLD': 0.2}",0.0
1241481600000,2009-05-05,126184.26265274438,"{'TLT': 0.6, 'SHY': 0.2, 'GLD': 0.2}",0.0
1241568000000,2009-05-06,126389.28521670964,"{'TLT': 0.6, 'SHY': 0.2, 'GLD': 0.2}",0.0
1241654400000,2009-05-07,124473.52201692625,"{'TLT': 0.6, 'SHY': 0.2, 'GLD': 0.2}",0.0
1241740800000,2009-05-08,124823.05560450123,"{'TLT': 0.6, 'SHY': 0.2, 'GLD': 0.2}",0.0
1242000000000,2009-05-11,125849.28188346926,"{'TLT': 0.6, 'SHY': 0.2, 'GLD': 0.2}",0.0
1242086400000,2009-05-12,126404.21782490837,"{'TLT': 0.6, 'SHY': 0.2, 'GLD': 0.2}",0.0
1242172800000,2009-05-13,127348.95020859365,"{'TLT': 0.6, 'SHY': 0.2, 'GLD': 0.2}",0.0
1242259200000,2009-05-14,127638.47894151349,"{'TLT': 0.6, 'SHY': 0.2, 'GLD': 0.2}",0.0
1242345600000,2009-05-15,127757.92753397743,"{'TLT': 0.6, 'SHY': 0.2, 'GLD': 0.2}",0.0
1242604800000,2009-05-18,126212.99131805857,"{'TLT': 0.6, 'SHY': 0.2, 'GLD': 0.2}",0.0
1242691200000,2009-05-19,125995.52851278747,"{'TLT': 0.6, 'SHY': 0.2, 'GLD': 0.2}",0.0
1242777600000,2009-05-20,127181.1276836553,"{'TLT': 0.6, 'SHY': 0.2, 'GLD': 0.2}",0.0
1242864000000,2009-05-21,125669.93174717782,"{'TLT': 0.6, 'SHY': 0.2, 'GLD': 0.2}",0.0
1242950400000,2009-05-22,124919.1396968894,"{'TLT': 0.6, 'SHY': 0.2, 'GLD': 0.2}",0.0
1243296000000,2009-05-26,123652.98843336527,"{'TLT': 0.6, 'SHY': 0.2, 'GLD': 0.2}",0.0
1243382400000,2009-05-27,122252.56137629735,"{'TLT': 0.6, 'SHY': 0.2, 'GLD': 0.2}",0.0
1243468800000,2009-05-28,123518.24580881014,"{'TLT': 0.6, 'SHY': 0.2, 'GLD': 0.2}",0.0
1243555200000,2009-05-29,125980.74699935282,"{'TLT': 0.6, 'SHY': 0.2, 'GLD': 0.2}",0.0
1243814400000,2009-06-01,123602.1593475526,"{'TLT': 0.6, 'SHY': 0.2, 'GLD': 0.2}",0.0
1243900800000,2009-06-02,124154.97598817962,"{'TLT': 0.6, 'SHY': 0.2, 'GLD': 0.2}",0.0
1243987200000,2009-06-03,124396.50317372689,"{'TLT': 0.6, 'SHY': 0.2, 'GLD': 0.2}",0.0
1244073600000,2009-06-04,123310.22097818003,"{'TLT': 0.6, 'SHY': 0.2, 'GLD': 0.2}",0.0
1244160000000,2009-06-05,121938.48346629781,"{'TLT': 0.6, 'SHY': 0.2, 'GLD': 0.2}",0.0
1244419200000,2009-06-08,121647.67038397327,"{'TLT': 0.6, 'SHY': 0.2, 'GLD': 0.2}",0.0
1244505600000,2009-06-09,121765.44193020702,"{'TLT': 0.6, 'SHY': 0.2, 'GLD': 0.2}",0.0
1244592000000,2009-06-10,120620.6172869461,"{'TLT': 0.6, 'SHY': 0.2, 'GLD': 0.2}",0.0
1244678400000,2009-06-11,121386.57678907305,"{'TLT': 0.6, 'SHY': 0.2, 'GLD': 0.2}",0.0
1244764800000,2009-06-12,121669.89629084973,"{'TLT': 0.6, 'SHY': 0.2, 'GLD': 0.2}",0.0
1245024000000,2009-06-15,122062.12575145732,"{'TLT': 0.6, 'SHY': 0.2, 'GLD': 0.2}",0.0
1245110400000,2009-06-16,123585.58859773142,"{'TLT': 0.6, 'SHY': 0.2, 'GLD': 0.2}",0.0
1245196800000,2009-06-17,123307.71198835218,"{'TLT': 0.6, 'SHY': 0.2, 'GLD': 0.2}",0.0
1245283200000,2009-06-18,121948.99633728221,"{'TLT': 0.6, 'SHY': 0.2, 'GLD': 0.2}",0.0
1245369600000,2009-06-19,123043.89238673473,"{'TLT': 0.6, 'SHY': 0.2, 'GLD': 0.2}",0.0
1245628800000,2009-06-22,123428.85687536225,"{'TLT': 0.6, 'SHY': 0.2, 'GLD': 0.2}",0.0
1245715200000,2009-06-23,124404.33977360888,"{'TLT': 0.6, 'SHY': 0.2, 'GLD': 0.2}",0.0
1245801600000,2009-06-24,123797.40777391502,"{'TLT': 0.6, 'SHY': 0.2, 'GLD': 0.2}",0.0
1245888000000,2009-06-25,125439.34983943455,"{'TLT': 0.6, 'SHY': 0.2, 'GLD': 0.2}",0.0
1245974400000,2009-06-26,125573.43634942191,"{'TLT': 0.6, 'SHY': 0.2, 'GLD': 0.2}",0.0
1246233600000,2009-06-29,125616.90712530693,"{'TLT': 0.6, 'SHY': 0.2, 'GLD': 0.2}",0.0
1246320000000,2009-06-30,125139.17598571569,"{'SPY': 0.4, 'HYG': 0.3, 'LQD': 0.2, 'GLD': 0.1}",0.0
1246406400000,2009-07-01,125570.95282192988,"{'SPY': 0.4, 'HYG': 0.3, 'LQD': 0.2, 'GLD': 0.1}",0.0
1246492800000,2009-07-02,123391.07807714918,"{'SPY': 0.4, 'HYG': 0.3, 'LQD': 0.2, 'GLD': 0.1}",0.0
1246838400000,2009-07-06,122826.73436594066,"{'SPY': 0.4, 'HYG': 0.3, 'LQD': 0.2, 'GLD': 0.1}",0.0
1246924800000,2009-07-07,121255.25600837624,"{'SPY': 0.4, 'HYG': 0.3, 'LQD': 0.2, 'GLD': 0.1}",0.0
1247011200000,2009-07-08,121472.82783662224,"{'SPY': 0.4, 'HYG': 0.3, 'LQD': 0.2, 'GLD': 0.1}",0.0
1247097600000,2009-07-09,122131.48205967431,"{'SPY': 0.4, 'HYG': 0.3, 'LQD': 0.2, 'GLD': 0.1}",0.0
1247184000000,2009-07-10,121841.6274025355,"{'SPY': 0.4, 'HYG': 0.3, 'LQD': 0.2, 'GLD': 0.1}",0.0
1247443200000,2009-07-13,123176.99481127098,"{'SPY': 0.4, 'HYG': 0.3, 'LQD': 0.2, 'GLD': 0.1}",0.0
1247529600000,2009-07-14,123631.37982080673,"{'SPY': 0.4, 'HYG': 0.3, 'LQD': 0.2, 'GLD': 0.1}",0.0
1247616000000,2009-07-15,125862.67866642382,"{'SPY': 0.4, 'HYG': 0.3, 'LQD': 0.2, 'GLD': 0.1}",0.0
1247702400000,2009-07-16,126035.58773835209,"{'SPY': 0.4, 'HYG': 0.3, 'LQD': 0.2, 'GLD': 0.1}",0.0
1247788800000,2009-07-17,126536.69776798677,"{'SPY': 0.4, 'HYG': 0.3, 'LQD': 0.2, 'GLD': 0.1}",0.0
1248048000000,2009-07-20,127892.42859145631,"{'SPY': 0.4, 'HYG': 0.3, 'LQD': 0.2, 'GLD': 0.1}",0.0
1248134400000,2009-07-21,128656.72468992216,"{'SPY': 0.4, 'HYG': 0.3, 'LQD': 0.2, 'GLD': 0.1}",0.0
1248220800000,2009-07-22,128668.53319562308,"{'SPY': 0.4, 'HYG': 0.3, 'LQD': 0.2, 'GLD': 0.1}",0.0
1248307200000,2009-07-23,130129.96700514437,"{'SPY': 0.4, 'HYG': 0.3, 'LQD': 0.2, 'GLD': 0.1}",0.0
1248393600000,2009-07-24,130666.06638169453,"{'SPY': 0.4, 'HYG': 0.3, 'LQD': 0.2, 'GLD': 0.1}",0.0
1248652800000,2009-07-27,130875.36286360514,"{'SPY': 0.4, 'HYG': 0.3, 'LQD': 0.2, 'GLD': 0.1}",0.0
1248739200000,2009-07-28,130550.63743725963,"{'SPY': 0.4, 'HYG': 0.3, 'LQD': 0.2, 'GLD': 0.1}",0.0
1248825600000,2009-07-29,130591.13552859028,"{'SPY': 0.4, 'HYG': 0.3, 'LQD': 0.2, 'GLD': 0.1}",0.0
1248912000000,2009-07-30,131662.77114374007,"{'SPY': 0.4, 'HYG': 0.3, 'LQD': 0.2, 'GLD': 0.1}",0.0
1248998400000,2009-07-31,132975.166494008,"{'SPY': 0.4, 'HYG': 0.3, 'LQD': 0.2, 'GLD': 0.1}",0.0
1249257600000,2009-08-03,133754.75876677514,"{'SPY': 0.4, 'HYG': 0.3, 'LQD': 0.2, 'GLD': 0.1}",0.0
1249344000000,2009-08-04,133787.57263024332,"{'SPY': 0.4, 'HYG': 0.3, 'LQD': 0.2, 'GLD': 0.1}",0.0
1249430400000,2009-08-05,133523.3540290618,"{'SPY': 0.4, 'HYG': 0.3, 'LQD': 0.2, 'GLD': 0.1}",0.0
1249516800000,2009-08-06,132831.6369160984,"{'SPY': 0.4, 'HYG': 0.3, 'LQD': 0.2, 'GLD': 0.1}",0.0
1249603200000,2009-08-07,133683.0528533021,"{'SPY': 0.4, 'HYG': 0.3, 'LQD': 0.2, 'GLD': 0.1}",0.0
1249862400000,2009-08-10,133721.7379108893,"{'SPY': 0.4, 'HYG': 0.3, 'LQD': 0.2, 'GLD': 0.1}",0.0
1249948800000,2009-08-11,133076.69654365952,"{'SPY': 0.4, 'HYG': 0.3, 'LQD': 0.2, 'GLD': 0.1}",0.0
1250035200000,2009-08-12,133337.9062715841,"{'SPY': 0.4, 'HYG': 0.3, 'LQD': 0.2, 'GLD': 0.1}",0.0
1250121600000,2009-08-13,133605.46050906164,"{'SPY': 0.4, 'HYG': 0.3, 'LQD': 0.2, 'GLD': 0.1}",0.0
1250208000000,2009-08-14,132887.518275118,"{'SPY': 0.4, 'HYG': 0.3, 'LQD': 0.2, 'GLD': 0.1}",0.0
1250467200000,2009-08-17,130450.92646355736,"{'SPY': 0.4, 'HYG': 0.3, 'LQD': 0.2, 'GLD': 0.1}",0.0
1250553600000,2009-08-18,131539.50857495697,"{'SPY': 0.4, 'HYG': 0.3, 'LQD': 0.2, 'GLD': 0.1}",0.0
1250640000000,2009-08-19,132313.1740098173,"{'SPY': 0.4, 'HYG': 0.3, 'LQD': 0.2, 'GLD': 0.1}",0.0
1250726400000,2009-08-20,132825.1894884759,"{'SPY': 0.4, 'HYG': 0.3, 'LQD': 0.2, 'GLD': 0.1}",0.0
1250812800000,2009-08-21,134489.03948683734,"{'SPY': 0.4, 'HYG': 0.3, 'LQD': 0.2, 'GLD': 0.1}",0.0
1251072000000,2009-08-24,134223.21277433567,"{'SPY': 0.4, 'HYG': 0.3, 'LQD': 0.2, 'GLD': 0.1}",0.0
1251158400000,2009-08-25,134430.086953075,"{'SPY': 0.4, 'HYG': 0.3, 'LQD': 0.2, 'GLD': 0.1}",0.0
1251244800000,2009-08-26,134775.30599504008,"{'SPY': 0.4, 'HYG': 0.3, 'LQD': 0.2, 'GLD': 0.1}",0.0
1251331200000,2009-08-27,134623.8302774837,"{'SPY': 0.4, 'HYG': 0.3, 'LQD': 0.2, 'GLD': 0.1}",0.0
1251417600000,2009-08-28,135047.9720193935,"{'SPY': 0.4, 'HYG': 0.3, 'LQD': 0.2, 'GLD': 0.1}",0.0
1251676800000,2009-08-31,134582.19803370483,"{'SPY': 0.6, 'QQQ': 0.2, 'HYG': 0.1, 'GLD': 0.1}",0.0
1251763200000,2009-09-01,132242.35508285862,"{'SPY': 0.6, 'QQQ': 0.2, 'HYG': 0.1, 'GLD': 0.1}",0.0
1251849600000,2009-09-02,132173.40338084308,"{'SPY': 0.6, 'QQQ': 0.2, 'HYG': 0.1, 'GLD': 0.1}",0.0
1251936000000,2009-09-03,133267.92274385123,"{'SPY': 0.6, 'QQQ': 0.2, 'HYG': 0.1, 'GLD': 0.1}",0.0
1252022400000,2009-09-04,135073.1350889599,"{'SPY': 0.6, 'QQQ': 0.2, 'HYG': 0.1, 'GLD': 0.1}",0.0
1252368000000,2009-09-08,136204.57436410768,"{'SPY': 0.6, 'QQQ': 0.2, 'HYG': 0.1, 'GLD': 0.1}",0.0
1252454400000,2009-09-09,136888.37386539995,"{'SPY': 0.6, 'QQQ': 0.2, 'HYG': 0.1, 'GLD': 0.1}",0.0
1252540800000,2009-09-10,138287.11104368075,"{'SPY': 0.6, 'QQQ': 0.2, 'HYG': 0.1, 'GLD': 0.1}",0.0
1252627200000,2009-09-11,138582.09139546976,"{'SPY': 0.6, 'QQQ': 0.2, 'HYG': 0.1, 'GLD': 0.1}",0.0
1252886400000,2009-09-14,138995.11031845157,"{'SPY': 0.6, 'QQQ': 0.2, 'HYG': 0.1, 'GLD': 0.1}",0.0
1252972800000,2009-09-15,139662.8759442236,"{'SPY': 0.6, 'QQQ': 0.2, 'HYG': 0.1, 'GLD': 0.1}",0.0
1253059200000,2009-09-16,141661.0188415928,"{'SPY': 0.6, 'QQQ': 0.2, 'HYG': 0.1, 'GLD': 0.1}",0.0
1253145600000,2009-09-17,141471.5525687772,"{'SPY': 0.6, 'QQQ': 0.2, 'HYG': 0.1, 'GLD': 0.1}",0.0
1253232000000,2009-09-18,141438.1845021504,"{'SPY': 0.6, 'QQQ': 0.2, 'HYG': 0.1, 'GLD': 0.1}",0.0
1253491200000,2009-09-21,141273.9288139849,"{'SPY': 0.6, 'QQQ': 0.2, 'HYG': 0.1, 'GLD': 0.1}",0.0
1253577600000,2009-09-22,141992.40662049394,"{'SPY': 0.6, 'QQQ': 0.2, 'HYG': 0.1, 'GLD': 0.1}",0.0
1253664000000,2009-09-23,141074.51429584614,"{'SPY': 0.6, 'QQQ': 0.2, 'HYG': 0.1, 'GLD': 0.1}",0.0
1253750400000,2009-09-24,139732.82669317222,"{'SPY': 0.6, 'QQQ': 0.2, 'HYG': 0.1, 'GLD': 0.1}",0.0
1253836800000,2009-09-25,138915.68590972497,"{'SPY': 0.6, 'QQQ': 0.2, 'HYG': 0.1, 'GLD': 0.1}",0.0
1254096000000,2009-09-28,140998.22319208787,"{'SPY': 0.6, 'QQQ': 0.2, 'HYG': 0.1, 'GLD': 0.1}",0.0
1254182400000,2009-09-29,140656.163117664,"{'SPY': 0.6, 'QQQ': 0.2, 'HYG': 0.1, 'GLD': 0.1}",0.0
1254268800000,2009-09-30,140551.45570958703,"{'SPY': 0.6, 'QQQ': 0.2, 'HYG': 0.1, 'GLD': 0.1}",0.0
1254355200000,2009-10-01,137120.74873804528,"{'SPY': 0.6, 'QQQ': 0.2, 'HYG': 0.1, 'GLD': 0.1}",0.0
1254441600000,2009-10-02,136729.13889161305,"{'SPY': 0.6, 'QQQ': 0.2, 'HYG': 0.1, 'GLD': 0.1}",0.0
1254700800000,2009-10-05,138559.63646608318,"{'SPY': 0.6, 'QQQ': 0.2, 'HYG': 0.1, 'GLD': 0.1}",0.0
1254787200000,2009-10-06,140535.3419889592,"{'SPY': 0.6, 'QQQ': 0.2, 'HYG': 0.1, 'GLD': 0.1}",0.0
1254873600000,2009-10-07,140961.95609782916,"{'SPY': 0.6, 'QQQ': 0.2, 'HYG': 0.1, 'GLD': 0.1}",0.0
1254960000000,2009-10-08,141996.09454695322,"{'SPY': 0.6, 'QQQ': 0.2, 'HYG': 0.1, 'GLD': 0.1}",0.0
1255046400000,2009-10-09,142622.17895131896,"{'SPY': 0.6, 'QQQ': 0.2, 'HYG': 0.1, 'GLD': 0.1}",0.0
1255305600000,2009-10-12,143114.16184890163,"{'SPY': 0.6, 'QQQ': 0.2, 'HYG': 0.1, 'GLD': 0.1}",0.0
1255392000000,2009-10-13,143038.85843919107,"{'SPY': 0.6, 'QQQ': 0.2, 'HYG': 0.1, 'GLD': 0.1}",0.0
1255478400000,2009-10-14,144951.81316638738,"{'SPY': 0.6, 'QQQ': 0.2, 'HYG': 0.1, 'GLD': 0.1}",0.0
1255564800000,2009-10-15,145015.86994605034,"{'SPY': 0.6, 'QQQ': 0.2, 'HYG': 0.1, 'GLD': 0.1}",0.0
1255651200000,2009-10-16,144220.38542448345,"{'SPY': 0.6, 'QQQ': 0.2, 'HYG': 0.1, 'GLD': 0.1}",0.0
1255910400000,2009-10-19,145375.6152770287,"{'SPY': 0.6, 'QQQ': 0.2, 'HYG': 0.1, 'GLD': 0.1}",0.0
1255996800000,2009-10-20,144835.65640655172,"{'SPY': 0.6, 'QQQ': 0.2, 'HYG': 0.1, 'GLD': 0.1}",0.0
1256083200000,2009-10-21,144073.61467053957,"{'SPY': 0.6, 'QQQ': 0.2, 'HYG': 0.1, 'GLD': 0.1}",0.0
1256169600000,2009-10-22,145199.47822824103,"{'SPY': 0.6, 'QQQ': 0.2, 'HYG': 0.1, 'GLD': 0.1}",0.0
1256256000000,2009-10-23,143997.6012422068,"{'SPY': 0.6, 'QQQ': 0.2, 'HYG': 0.1, 'GLD': 0.1}",0.0
1256515200000,2009-10-26,142750.32492449193,"{'SPY': 0.6, 'QQQ': 0.2, 'HYG': 0.1, 'GLD': 0.1}",0.0
1256601600000,2009-10-27,141812.9674926043,"{'SPY': 0.6, 'QQQ': 0.2, 'HYG': 0.1, 'GLD': 0.1}",0.0
1256688000000,2009-10-28,139180.02138146883,"{'SPY': 0.6, 'QQQ': 0.2, 'HYG': 0.1, 'GLD': 0.1}",0.0
1256774400000,2009-10-29,141908.51376756714,"{'SPY': 0.6, 'QQQ': 0.2, 'HYG': 0.1, 'GLD': 0.1}",0.0
1256860800000,2009-10-30,138523.80633278826,"{'SPY': 0.6, 'QQQ': 0.2, 'HYG': 0.1, 'GLD': 0.1}",0.0
1257120000000,2009-11-02,139549.310645536,"{'SPY': 0.6, 'QQQ': 0.2, 'HYG': 0.1, 'GLD': 0.1}",0.0
1257206400000,2009-11-03,140270.51221332085,"{'SPY': 0.6, 'QQQ': 0.2, 'HYG': 0.1, 'GLD': 0.1}",0.0
1257292800000,2009-11-04,140640.9076438847,"{'SPY': 0.6, 'QQQ': 0.2, 'HYG': 0.1, 'GLD': 0.1}",0.0
1257379200000,2009-11-05,142883.12034281724,"{'SPY': 0.6, 'QQQ': 0.2, 'HYG': 0.1, 'GLD': 0.1}",0.0
1257465600000,2009-11-06,143349.97952124875,"{'SPY': 0.6, 'QQQ': 0.2, 'HYG': 0.1, 'GLD': 0.1}",0.0
1257724800000,2009-11-09,146079.6616825546,"{'SPY': 0.6, 'QQQ': 0.2, 'HYG': 0.1, 'GLD': 0.1}",0.0
1257811200000,2009-11-10,146191.47710913967,"{'SPY': 0.6, 'QQQ': 0.2, 'HYG': 0.1, 'GLD': 0.1}",0.0
1257897600000,2009-11-11,146999.06253998878,"{'SPY': 0.6, 'QQQ': 0.2, 'HYG': 0.1, 'GLD': 0.1}",0.0
1257984000000,2009-11-12,145765.50828615876,"{'SPY': 0.6, 'QQQ': 0.2, 'HYG': 0.1, 'GLD': 0.1}",0.0
1258070400000,2009-11-13,146656.50988214643,"{'SPY': 0.6, 'QQQ': 0.2, 'HYG': 0.1, 'GLD': 0.1}",0.0
1258329600000,2009-11-16,148553.5858893561,"{'SPY': 0.6, 'QQQ': 0.2, 'HYG': 0.1, 'GLD': 0.1}",0.0
1258416000000,2009-11-17,148793.1735385489,"{'SPY': 0.6, 'QQQ': 0.2, 'HYG': 0.1, 'GLD': 0.1}",0.0
1258502400000,2009-11-18,148569.48093325857,"{'SPY': 0.6, 'QQQ': 0.2, 'HYG': 0.1, 'GLD': 0.1}",0.0
1258588800000,2009-11-19,146983.26432252044,"{'SPY': 0.6, 'QQQ': 0.2, 'HYG': 0.1, 'GLD': 0.1}",0.0
1258675200000,2009-11-20,146602.32074094898,"{'SPY': 0.6, 'QQQ': 0.2, 'HYG': 0.1, 'GLD': 0.1}",0.0
1258934400000,2009-11-23,148352.07072069458,"{'SPY': 0.6, 'QQQ': 0.2, 'HYG': 0.1, 'GLD': 0.1}",0.0
1259020800000,2009-11-24,148453.49123647274,"{'SPY': 0.6, 'QQQ': 0.2, 'HYG': 0.1, 'GLD': 0.1}",0.0
1259107200000,2009-11-25,149146.13406709617,"{'SPY': 0.6, 'QQQ': 0.2, 'HYG': 0.1, 'GLD': 0.1}",0.0
1259280000000,2009-11-27,146936.2181222063,"{'SPY': 0.6, 'QQQ': 0.2, 'HYG': 0.1, 'GLD': 0.1}",0.0
1259539200000,2009-11-30,147389.84316292455,"{'SPY': 0.6, 'QQQ': 0.2, 'HYG': 0.1, 'GLD': 0.1}",0.0
1259625600000,2009-12-01,149083.00797070027,"{'SPY': 0.6, 'QQQ': 0.2, 'HYG': 0.1, 'GLD': 0.1}",0.0
1259712000000,2009-12-02,149327.7514347206,"{'SPY': 0.6, 'QQQ': 0.2, 'HYG': 0.1, 'GLD': 0.1}",0.0
1259798400000,2009-12-03,148464.13975574117,"{'SPY': 0.6, 'QQQ': 0.2, 'HYG': 0.1, 'GLD': 0.1}",0.0
1259884800000,2009-12-04,148569.52332465746,"{'SPY': 0.6, 'QQQ': 0.2, 'HYG': 0.1, 'GLD': 0.1}",0.0
1260144000000,2009-12-07,148226.91567032645,"{'SPY': 0.6, 'QQQ': 0.2, 'HYG': 0.1, 'GLD': 0.1}",0.0
1260230400000,2009-12-08,146791.8019045399,"{'SPY': 0.6, 'QQQ': 0.2, 'HYG': 0.1, 'GLD': 0.1}",0.0
1260316800000,2009-12-09,147402.68139362574,"{'SPY': 0.6, 'QQQ': 0.2, 'HYG': 0.1, 'GLD': 0.1}",0.0
1260403200000,2009-12-10,148118.88273587995,"{'SPY': 0.6, 'QQQ': 0.2, 'HYG': 0.1, 'GLD': 0.1}",0.0
1260489600000,2009-12-11,148190.80824408776,"{'SPY': 0.6, 'QQQ': 0.2, 'HYG': 0.1, 'GLD': 0.1}",0.0
1260748800000,2009-12-14,149325.0608663216,"{'SPY': 0.6, 'QQQ': 0.2, 'HYG': 0.1, 'GLD': 0.1}",0.0
1260835200000,2009-12-15,148721.59878842084,"{'SPY': 0.6, 'QQQ': 0.2, 'HYG': 0.1, 'GLD': 0.1}",0.0
1260921600000,2009-12-16,149118.30364934664,"{'SPY': 0.6, 'QQQ': 0.2, 'HYG': 0.1, 'GLD': 0.1}",0.0
1261008000000,2009-12-17,147103.81344196264,"{'SPY': 0.6, 'QQQ': 0.2, 'HYG': 0.1, 'GLD': 0.1}",0.0
1261094400000,2009-12-18,148294.8719186194,"{'SPY': 0.6, 'QQQ': 0.2, 'HYG': 0.1, 'GLD': 0.1}",0.0
1261353600000,2009-12-21,149304.41496882867,"{'SPY': 0.6, 'QQQ': 0.2, 'HYG': 0.1, 'GLD': 0.1}",0.0
1261440000000,2009-12-22,149729.0121119622,"{'SPY': 0.6, 'QQQ': 0.2, 'HYG': 0.1, 'GLD': 0.1}",0.0
1261526400000,2009-12-23,150213.61528778018,"{'SPY': 0.6, 'QQQ': 0.2, 'HYG': 0.1, 'GLD': 0.1}",0.0
1261612800000,2009-12-24,151228.60300512856,"{'SPY': 0.6, 'QQQ': 0.2, 'HYG': 0.1, 'GLD': 0.1}",0.0
1261958400000,2009-12-28,151562.20686250227,"{'SPY': 0.6, 'QQQ': 0.2, 'HYG': 0.1, 'GLD': 0.1}",0.0
1262044800000,2009-12-29,151076.61368181533,"{'SPY': 0.6, 'QQQ': 0.2, 'HYG': 0.1, 'GLD': 0.1}",0.0
1262131200000,2009-12-30,151124.41295199518,"{'SPY': 0.6, 'QQQ': 0.2, 'HYG': 0.1, 'GLD': 0.1}",0.0
1262217600000,2009-12-31,150056.92631964682,"{'SPY': 0.6, 'QQQ': 0.2, 'HYG': 0.1, 'GLD': 0.1}",0.0
1262563200000,2010-01-04,152489.4563701908,"{'SPY': 0.6, 'QQQ': 0.2, 'HYG': 0.1, 'GLD': 0.1}",0.0
1262649600000,2010-01-05,152790.11026013753,"{'SPY': 0.6, 'QQQ': 0.2, 'HYG': 0.1, 'GLD': 0.1}",0.0
1262736000000,2010-01-06,152961.97034657994,"{'SPY': 0.6, 'QQQ': 0.2, 'HYG': 0.1, 'GLD': 0.1}",0.0
1262822400000,2010-01-07,153336.3804867788,"{'SPY': 0.6, 'QQQ': 0.2, 'HYG': 0.1, 'GLD': 0.1}",0.0
1262908800000,2010-01-08,153995.03634397357,"{'SPY': 0.6, 'QQQ': 0.2, 'HYG': 0.1, 'GLD': 0.1}",0.0
1263168000000,2010-01-11,154189.2358014775,"{'SPY': 0.6, 'QQQ': 0.2, 'HYG': 0.1, 'GLD': 0.1}",0.0
1263254400000,2010-01-12,152539.0188647789,"{'SPY': 0.6, 'QQQ': 0.2, 'HYG': 0.1, 'GLD': 0.1}",0.0
1263340800000,2010-01-13,153871.06200886265,"{'SPY': 0.6, 'QQQ': 0.2, 'HYG': 0.1, 'GLD': 0.1}",0.0
1263427200000,2010-01-14,154232.16962937659,"{'SPY': 0.6, 'QQQ': 0.2, 'HYG': 0.1, 'GLD': 0.1}",0.0
1263513600000,2010-01-15,152611.27201206458,"{'SPY': 0.6, 'QQQ': 0.2, 'HYG': 0.1, 'GLD': 0.1}",0.0
1263859200000,2010-01-19,154345.76958263206,"{'SPY': 0.6, 'QQQ': 0.2, 'HYG': 0.1, 'GLD': 0.1}",0.0
1263945600000,2010-01-20,152580.58546240223,"{'SPY': 0.6, 'QQQ': 0.2, 'HYG': 0.1, 'GLD': 0.1}",0.0
1264032000000,2010-01-21,150076.19273861207,"{'SPY': 0.6, 'QQQ': 0.2, 'HYG': 0.1, 'GLD': 0.1}",0.0
1264118400000,2010-01-22,147021.24164917832,"{'SPY': 0.6, 'QQQ': 0.2, 'HYG': 0.1, 'GLD': 0.1}",0.0
1264377600000,2010-01-25,147637.9851573553,"{'SPY': 0.6, 'QQQ': 0.2, 'HYG': 0.1, 'GLD': 0.1}",0.0
1264464000000,2010-01-26,147323.0556338251,"{'SPY': 0.6, 'QQQ': 0.2, 'HYG': 0.1, 'GLD': 0.1}",0.0
1264550400000,2010-01-27,147840.1263503398,"{'SPY': 0.6, 'QQQ': 0.2, 'HYG': 0.1, 'GLD': 0.1}",0.0
1264636800000,2010-01-28,145992.00806279844,"{'SPY': 0.6, 'QQQ': 0.2, 'HYG': 0.1, 'GLD': 0.1}",0.0
1264723200000,2010-01-29,144385.0362739401,"{'SPY': 0.6, 'QQQ': 0.2, 'HYG': 0.1, 'GLD': 0.1}",0.0
1264982400000,2010-02-01,146444.76146460927,"{'SPY': 0.6, 'QQQ': 0.2, 'HYG': 0.1, 'GLD': 0.1}",0.0
1265068800000,2010-02-02,147921.98711551708,"{'SPY': 0.6, 'QQQ': 0.2, 'HYG': 0.1, 'GLD': 0.1}",0.0
1265155200000,2010-02-03,147659.589361566,"{'SPY': 0.6, 'QQQ': 0.2, 'HYG': 0.1, 'GLD': 0.1}",0.0
1265241600000,2010-02-04,143272.72658020697,"{'SPY': 0.6, 'QQQ': 0.2, 'HYG': 0.1, 'GLD': 0.1}",0.0
1265328000000,2010-02-05,143651.1735887118,"{'SPY': 0.6, 'QQQ': 0.2, 'HYG': 0.1, 'GLD': 0.1}",0.0
1265587200000,2010-02-08,142671.33573342516,"{'SPY': 0.6, 'QQQ': 0.2, 'HYG': 0.1, 'GLD': 0.1}",0.0
1265673600000,2010-02-09,144257.28620041892,"{'SPY': 0.6, 'QQQ': 0.2, 'HYG': 0.1, 'GLD': 0.1}",0.0
1265760000000,2010-02-10,143793.82179355173,"{'SPY': 0.6, 'QQQ': 0.2, 'HYG': 0.1, 'GLD': 0.1}",0.0
1265846400000,2010-02-11,145464.72622415438,"{'SPY': 0.6, 'QQQ': 0.2, 'HYG': 0.1, 'GLD': 0.1}",0.0
1265932800000,2010-02-12,145431.17215751242,"{'SPY': 0.6, 'QQQ': 0.2, 'HYG': 0.1, 'GLD': 0.1}",0.0
1266278400000,2010-02-16,147670.78927710428,"{'SPY': 0.6, 'QQQ': 0.2, 'HYG': 0.1, 'GLD': 0.1}",0.0
1266364800000,2010-02-17,148320.7088858177,"{'SPY': 0.6, 'QQQ': 0.2, 'HYG': 0.1, 'GLD': 0.1}",0.0
1266451200000,2010-02-18,149271.50507962852,"{'SPY': 0.6, 'QQQ': 0.2, 'HYG': 0.1, 'GLD': 0.1}",0.0
1266537600000,2010-02-19,149475.15339232064,"{'SPY': 0.6, 'QQQ': 0.2, 'HYG': 0.1, 'GLD': 0.1}",0.0
1266796800000,2010-02-22,149395.59000388443,"{'SPY': 0.6, 'QQQ': 0.2, 'HYG': 0.1, 'GLD': 0.1}",0.0
1266883200000,2010-02-23,147649.68498276494,"{'SPY': 0.6, 'QQQ': 0.2, 'HYG': 0.1, 'GLD': 0.1}",0.0
1266969600000,2010-02-24,148749.379984446,"{'SPY': 0.6, 'QQQ': 0.2, 'HYG': 0.1, 'GLD': 0.1}",0.0
1267056000000,2010-02-25,148755.24018147384,"{'SPY': 0.6, 'QQQ': 0.2, 'HYG': 0.1, 'GLD': 0.1}",0.0
1267142400000,2010-02-26,149171.85836026445,"{'SPY': 0.6, 'QQQ': 0.2, 'HYG': 0.1, 'GLD': 0.1}",0.0
1267401600000,2010-03-01,150545.95217799913,"{'SPY': 0.6, 'QQQ': 0.2, 'HYG': 0.1, 'GLD': 0.1}",0.0
1267488000000,2010-03-02,151205.18227984023,"{'SPY': 0.6, 'QQQ': 0.2, 'HYG': 0.1, 'GLD': 0.1}",0.0
1267574400000,2010-03-03,151417.93198940493,"{'SPY': 0.6, 'QQQ': 0.2, 'HYG': 0.1, 'GLD': 0.1}",0.0
1267660800000,2010-03-04,151696.2271726814,"{'SPY': 0.6, 'QQQ': 0.2, 'HYG': 0.1, 'GLD': 0.1}",0.0
1267747200000,2010-03-05,153542.3660923445,"{'SPY': 0.6, 'QQQ': 0.2, 'HYG': 0.1, 'GLD': 0.1}",0.0
1268006400000,2010-03-08,153492.5669917376,"{'SPY': 0.6, 'QQQ': 0.2, 'HYG': 0.1, 'GLD': 0.1}",0.0
1268092800000,2010-03-09,153861.34398894693,"{'SPY': 0.6, 'QQQ': 0.2, 'HYG': 0.1, 'GLD': 0.1}",0.0
1268179200000,2010-03-10,154352.50683033423,"{'SPY': 0.6, 'QQQ': 0.2, 'HYG': 0.1, 'GLD': 0.1}",0.0
1268265600000,2010-03-11,154861.50271052535,"{'SPY': 0.6, 'QQQ': 0.2, 'HYG': 0.1, 'GLD': 0.1}",0.0
1268352000000,2010-03-12,154786.93047149075,"{'SPY': 0.6, 'QQQ': 0.2, 'HYG': 0.1, 'GLD': 0.1}",0.0
1268611200000,2010-03-15,154773.83780565392,"{'SPY': 0.6, 'QQQ': 0.2, 'HYG': 0.1, 'GLD': 0.1}",0.0
1268697600000,2010-03-16,156054.25985330215,"{'SPY': 0.6, 'QQQ': 0.2, 'HYG': 0.1, 'GLD': 0.1}",0.0
1268784000000,2010-03-17,156580.09816437552,"{'SPY': 0.6, 'QQQ': 0.2, 'HYG': 0.1, 'GLD': 0.1}",0.0
1268870400000,2010-03-18,156767.28120890385,"{'SPY': 0.6, 'QQQ': 0.2, 'HYG': 0.1, 'GLD': 0.1}",0.0
1268956800000,2010-03-19,155730.9174341394,"{'SPY': 0.6, 'QQQ': 0.2, 'HYG': 0.1, 'GLD': 0.1}",0.0
1269216000000,2010-03-22,156510.48488177854,"{'SPY': 0.6, 'QQQ': 0.2, 'HYG': 0.1, 'GLD': 0.1}",0.0
1269302400000,2010-03-23,157467.5401232846,"{'SPY': 0.6, 'QQQ': 0.2, 'HYG': 0.1, 'GLD': 0.1}",0.0
1269388800000,2010-03-24,156556.17855668822,"{'SPY': 0.6, 'QQQ': 0.2, 'HYG': 0.1, 'GLD': 0.1}",0.0
1269475200000,2010-03-25,156465.64953531264,"{'SPY': 0.6, 'QQQ': 0.2, 'HYG': 0.1, 'GLD': 0.1}",0.0
1269561600000,2010-03-26,156701.8837527773,"{'SPY': 0.6, 'QQQ': 0.2, 'HYG': 0.1, 'GLD': 0.1}",0.0
1269820800000,2010-03-29,157491.39845543425,"{'SPY': 0.6, 'QQQ': 0.2, 'HYG': 0.1, 'GLD': 0.1}",0.0
1269907200000,2010-03-30,157531.39150915275,"{'SPY': 0.6, 'QQQ': 0.2, 'HYG': 0.1, 'GLD': 0.1}",0.0
1269993600000,2010-03-31,157152.8245879999,"{'SPY': 0.6, 'QQQ': 0.2, 'HYG': 0.1, 'GLD': 0.1}",0.0
1270080000000,2010-04-01,157948.52345631528,"{'SPY': 0.6, 'QQQ': 0.2, 'HYG': 0.1, 'GLD': 0.1}",0.0
1270425600000,2010-04-05,159099.06930682214,"{'SPY': 0.6, 'QQQ': 0.2, 'HYG': 0.1, 'GLD': 0.1}",0.0
1270512000000,2010-04-06,159539.55009636792,"{'SPY': 0.6, 'QQQ': 0.2, 'HYG': 0.1, 'GLD': 0.1}",0.0
1270598400000,2010-04-07,159147.48718181803,"{'SPY': 0.6, 'QQQ': 0.2, 'HYG': 0.1, 'GLD': 0.1}",0.0
1270684800000,2010-04-08,159599.9781176397,"{'SPY': 0.6, 'QQQ': 0.2, 'HYG': 0.1, 'GLD': 0.1}",0.0
1270771200000,2010-04-09,160582.58408939242,"{'SPY': 0.6, 'QQQ': 0.2, 'HYG': 0.1, 'GLD': 0.1}",0.0
1271030400000,2010-04-12,160676.5249877728,"{'SPY': 0.6, 'QQQ': 0.2, 'HYG': 0.1, 'GLD': 0.1}",0.0
1271116800000,2010-04-13,160910.778716166,"{'SPY': 0.6, 'QQQ': 0.2, 'HYG': 0.1, 'GLD': 0.1}",0.0
1271203200000,2010-04-14,162483.6137584374,"{'SPY': 0.6, 'QQQ': 0.2, 'HYG': 0.1, 'GLD': 0.1}",0.0
1271289600000,2010-04-15,162840.2996751169,"{'SPY': 0.6, 'QQQ': 0.2, 'HYG': 0.1, 'GLD': 0.1}",0.0
1271376000000,2010-04-16,160418.99589414406,"{'SPY': 0.6, 'QQQ': 0.2, 'HYG': 0.1, 'GLD': 0.1}",0.0
1271635200000,2010-04-19,160718.62500887908,"{'SPY': 0.6, 'QQQ': 0.2, 'HYG': 0.1, 'GLD': 0.1}",0.0
1271721600000,2010-04-20,161959.91960710057,"{'SPY': 0.6, 'QQQ': 0.2, 'HYG': 0.1, 'GLD': 0.1}",0.0
1271808000000,2010-04-21,162090.70496796237,"{'SPY': 0.6, 'QQQ': 0.2, 'HYG': 0.1, 'GLD': 0.1}",0.0
1271894400000,2010-04-22,162447.24135632292,"{'SPY': 0.6, 'QQQ': 0.2, 'HYG': 0.1, 'GLD': 0.1}",0.0
1271980800000,2010-04-23,163521.11866048464,"{'SPY': 0.6, 'QQQ': 0.2, 'HYG': 0.1, 'GLD': 0.1}",0.0
1272240000000,2010-04-26,163015.82111990877,"{'SPY': 0.6, 'QQQ': 0.2, 'HYG': 0.1, 'GLD': 0.1}",0.0
1272326400000,2010-04-27,160076.6467439634,"{'SPY': 0.6, 'QQQ': 0.2, 'HYG': 0.1, 'GLD': 0.1}",0.0
1272412800000,2010-04-28,160791.87726081748,"{'SPY': 0.6, 'QQQ': 0.2, 'HYG': 0.1, 'GLD': 0.1}",0.0
1272499200000,2010-04-29,162654.74379627538,"{'SPY': 0.6, 'QQQ': 0.2, 'HYG': 0.1, 'GLD': 0.1}",0.0
1272585600000,2010-04-30,160564.85975241227,"{'SPY': 0.6, 'QQQ': 0.2, 'HYG': 0.1, 'GLD': 0.1}",0.0
1272844800000,2010-05-03,162313.29136041665,"{'SPY': 0.6, 'QQQ': 0.2, 'HYG': 0.1, 'GLD': 0.1}",0.0
1272931200000,2010-05-04,158760.90678487805,"{'SPY': 0.6, 'QQQ': 0.2, 'HYG': 0.1, 'GLD': 0.1}",0.0
1273017600000,2010-05-05,157843.17798549842,"{'SPY': 0.6, 'QQQ': 0.2, 'HYG': 0.1, 'GLD': 0.1}",0.0
1273104000000,2010-05-06,153717.33997180435,"{'SPY': 0.6, 'QQQ': 0.2, 'HYG': 0.1, 'GLD': 0.1}",0.0
1273190400000,2010-05-07,151549.290305145,"{'SPY': 0.6, 'QQQ': 0.2, 'HYG': 0.1, 'GLD': 0.1}",0.0
1273449600000,2010-05-10,157322.85833259317,"{'SPY': 0.6, 'QQQ': 0.2, 'HYG': 0.1, 'GLD': 0.1}",0.0
1273536000000,2010-05-11,157417.00471083252,"{'SPY': 0.6, 'QQQ': 0.2, 'HYG': 0.1, 'GLD': 0.1}",0.0
1273622400000,2010-05-12,159620.5530292862,"{'SPY': 0.6, 'QQQ': 0.2, 'HYG': 0.1, 'GLD': 0.1}",0.0
1273708800000,2010-05-13,157714.91818819326,"{'SPY': 0.6, 'QQQ': 0.2, 'HYG': 0.1, 'GLD': 0.1}",0.0
1273795200000,2010-05-14,155279.16472385149,"{'SPY': 0.6, 'QQQ': 0.2, 'HYG': 0.1, 'GLD': 0.1}",0.0
1274054400000,2010-05-17,155277.3224131609,"{'SPY': 0.6, 'QQQ': 0.2, 'HYG': 0.1, 'GLD': 0.1}",0.0
1274140800000,2010-05-18,153565.66396956408,"{'SPY': 0.6, 'QQQ': 0.2, 'HYG': 0.1, 'GLD': 0.1}",0.0
1274227200000,2010-05-19,152339.09311328936,"{'SPY': 0.6, 'QQQ': 0.2, 'HYG': 0.1, 'GLD': 0.1}",0.0
1274313600000,2010-05-20,147199.12746270632,"{'SPY': 0.6, 'QQQ': 0.2, 'HYG': 0.1, 'GLD': 0.1}",0.0
1274400000000,2010-05-21,149030.6992433447,"{'SPY': 0.6, 'QQQ': 0.2, 'HYG': 0.1, 'GLD': 0.1}",0.0
1274659200000,2010-05-24,147996.25934060788,"{'SPY': 0.6, 'QQQ': 0.2, 'HYG': 0.1, 'GLD': 0.1}",0.0
1274745600000,2010-05-25,148161.79682100174,"{'SPY': 0.6, 'QQQ': 0.2, 'HYG': 0.1, 'GLD': 0.1}",0.0
1274832000000,2010-05-26,147257.09242631478,"{'SPY': 0.6, 'QQQ': 0.2, 'HYG': 0.1, 'GLD': 0.1}",0.0
1274918400000,2010-05-27,151560.13590763469,"{'SPY': 0.6, 'QQQ': 0.2, 'HYG': 0.1, 'GLD': 0.1}",0.0
1275004800000,2010-05-28,150289.885247966,"{'SPY': 0.6, 'QQQ': 0.2, 'HYG': 0.1, 'GLD': 0.1}",0.0
1275350400000,2010-06-01,148555.13597519038,"{'SPY': 0.6, 'QQQ': 0.2, 'HYG': 0.1, 'GLD': 0.1}",0.0
1275436800000,2010-06-02,151640.07775255622,"{'SPY': 0.6, 'QQQ': 0.2, 'HYG': 0.1, 'GLD': 0.1}",0.0
1275523200000,2010-06-03,152016.9595019596,"{'SPY': 0.6, 'QQQ': 0.2, 'HYG': 0.1, 'GLD': 0.1}",0.0
1275609600000,2010-06-04,147843.73189147448,"{'SPY': 0.6, 'QQQ': 0.2, 'HYG': 0.1, 'GLD': 0.1}",0.0
1275868800000,2010-06-07,146384.17605729037,"{'SPY': 0.6, 'QQQ': 0.2, 'HYG': 0.1, 'GLD': 0.1}",0.0
1275955200000,2010-06-08,147236.02780757984,"{'SPY': 0.6, 'QQQ': 0.2, 'HYG': 0.1, 'GLD': 0.1}",0.0
1276041600000,2010-06-09,146495.58192156043,"{'SPY': 0.6, 'QQQ': 0.2, 'HYG': 0.1, 'GLD': 0.1}",0.0
1276128000000,2010-06-10,149856.9987322573,"{'SPY': 0.6, 'QQQ': 0.2, 'HYG': 0.1, 'GLD': 0.1}",0.0
1276214400000,2010-06-11,150731.91203332177,"{'SPY': 0.6, 'QQQ': 0.2, 'HYG': 0.1, 'GLD': 0.1}",0.0
1276473600000,2010-06-14,150553.31294784934,"{'SPY': 0.6, 'QQQ': 0.2, 'HYG': 0.1, 'GLD': 0.1}",0.0
1276560000000,2010-06-15,153736.05020145918,"{'SPY': 0.6, 'QQQ': 0.2, 'HYG': 0.1, 'GLD': 0.1}",0.0
1276646400000,2010-06-16,153756.95845418403,"{'SPY': 0.6, 'QQQ': 0.2, 'HYG': 0.1, 'GLD': 0.1}",0.0
1276732800000,2010-06-17,154319.63906936048,"{'SPY': 0.6, 'QQQ': 0.2, 'HYG': 0.1, 'GLD': 0.1}",0.0
1276819200000,2010-06-18,154629.89266206528,"{'SPY': 0.6, 'QQQ': 0.2, 'HYG': 0.1, 'GLD': 0.1}",0.0
1277078400000,2010-06-21,153849.33376795985,"{'SPY': 0.6, 'QQQ': 0.2, 'HYG': 0.1, 'GLD': 0.1}",0.0
1277164800000,2010-06-22,152112.38704238526,"{'SPY': 0.6, 'QQQ': 0.2, 'HYG': 0.1, 'GLD': 0.1}",0.0
1277251200000,2010-06-23,151630.9466135448,"{'SPY': 0.6, 'QQQ': 0.2, 'HYG': 0.1, 'GLD': 0.1}",0.0
1277337600000,2010-06-24,149602.1142771875,"{'SPY': 0.6, 'QQQ': 0.2, 'HYG': 0.1, 'GLD': 0.1}",0.0
1277424000000,2010-06-25,150232.5605758501,"{'SPY': 0.6, 'QQQ': 0.2, 'HYG': 0.1, 'GLD': 0.1}",0.0
1277683200000,2010-06-28,149671.172504656,"{'SPY': 0.6, 'QQQ': 0.2, 'HYG': 0.1, 'GLD': 0.1}",0.0
1277769600000,2010-06-29,145616.21327608047,"{'SPY': 0.6, 'QQQ': 0.2, 'HYG': 0.1, 'GLD': 0.1}",0.0
1277856000000,2010-06-30,144370.0237387128,"{'SPY': 0.6, 'QQQ': 0.2, 'HYG': 0.1, 'GLD': 0.1}",0.0
1277942400000,2010-07-01,143421.35506313876,"{'SPY': 0.6, 'QQQ': 0.2, 'HYG': 0.1, 'GLD': 0.1}",0.0
1278028800000,2010-07-02,143052.64192647487,"{'SPY': 0.6, 'QQQ': 0.2, 'HYG': 0.1, 'GLD': 0.1}",0.0
1278374400000,2010-07-06,143577.05248867135,"{'SPY': 0.6, 'QQQ': 0.2, 'HYG': 0.1, 'GLD': 0.1}",0.0
1278460800000,2010-07-07,147530.63776350624,"{'SPY': 0.6, 'QQQ': 0.2, 'HYG': 0.1, 'GLD': 0.1}",0.0
1278547200000,2010-07-08,148570.7476583426,"{'SPY': 0.6, 'QQQ': 0.2, 'HYG': 0.1, 'GLD': 0.1}",0.0
1278633600000,2010-07-09,149630.14285716767,"{'SPY': 0.6, 'QQQ': 0.2, 'HYG': 0.1, 'GLD': 0.1}",0.0
1278892800000,2010-07-12,149634.51668355416,"{'SPY': 0.6, 'QQQ': 0.2, 'HYG': 0.1, 'GLD': 0.1}",0.0
1278979200000,2010-07-13,151622.97008706874,"{'SPY': 0.6, 'QQQ': 0.2, 'HYG': 0.1, 'GLD': 0.1}",0.0
1279065600000,2010-07-14,151746.93669262168,"{'SPY': 0.6, 'QQQ': 0.2, 'HYG': 0.1, 'GLD': 0.1}",0.0
1279152000000,2010-07-15,151812.13929720962,"{'SPY': 0.6, 'QQQ': 0.2, 'HYG': 0.1, 'GLD': 0.1}",0.0
1279238400000,2010-07-16,148172.63130877048,"{'SPY': 0.6, 'QQQ': 0.2, 'HYG': 0.1, 'GLD': 0.1}",0.0
1279497600000,2010-07-19,148881.8780339014,"{'SPY': 0.6, 'QQQ': 0.2, 'HYG': 0.1, 'GLD': 0.1}",0.0
1279584000000,2010-07-20,150470.35087337354,"{'SPY': 0.6, 'QQQ': 0.2, 'HYG': 0.1, 'GLD': 0.1}",0.0
1279670400000,2010-07-21,148774.5554746962,"{'SPY': 0.6, 'QQQ': 0.2, 'HYG': 0.1, 'GLD': 0.1}",0.0
1279756800000,2010-07-22,151782.3866804347,"{'SPY': 0.6, 'QQQ': 0.2, 'HYG': 0.1, 'GLD': 0.1}",0.0
1279843200000,2010-07-23,152733.77574816468,"{'SPY': 0.6, 'QQQ': 0.2, 'HYG': 0.1, 'GLD': 0.1}",0.0
1280102400000,2010-07-26,153872.13634305666,"{'SPY': 0.6, 'QQQ': 0.2, 'HYG': 0.1, 'GLD': 0.1}",0.0
1280188800000,2010-07-27,153562.14269842047,"{'SPY': 0.6, 'QQQ': 0.2, 'HYG': 0.1, 'GLD': 0.1}",0.0
1280275200000,2010-07-28,152726.30064919975,"{'SPY': 0.6, 'QQQ': 0.2, 'HYG': 0.1, 'GLD': 0.1}",0.0
1280361600000,2010-07-29,152169.3046070461,"{'SPY': 0.6, 'QQQ': 0.2, 'HYG': 0.1, 'GLD': 0.1}",0.0
1280448000000,2010-07-30,152240.68983582835,"{'SPY': 0.25, 'TLT': 0.25, 'SHY': 0.25, 'GLD': 0.25}",0.0
1280707200000,2010-08-02,152573.74454562154,"{'SPY': 0.25, 'TLT': 0.25, 'SHY': 0.25, 'GLD': 0.25}",0.0
1280793600000,2010-08-03,152786.9956782659,"{'SPY': 0.25, 'TLT': 0.25, 'SHY': 0.25, 'GLD': 0.25}",0.0
1280880000000,2010-08-04,152958.59021198965,"{'SPY': 0.25, 'TLT': 0.25, 'SHY': 0.25, 'GLD': 0.25}",0.0
1280966400000,2010-08-05,153227.08962919304,"{'SPY': 0.25, 'TLT': 0.25, 'SHY': 0.25, 'GLD': 0.25}",0.0
1281052800000,2010-08-06,153779.489892287,"{'SPY': 0.25, 'TLT': 0.25, 'SHY': 0.25, 'GLD': 0.25}",0.0
1281312000000,2010-08-09,153676.26036290324,"{'SPY': 0.25, 'TLT': 0.25, 'SHY': 0.25, 'GLD': 0.25}",0.0
1281398400000,2010-08-10,153676.0148840131,"{'SPY': 0.25, 'TLT': 0.25, 'SHY': 0.25, 'GLD': 0.25}",0.0
1281484800000,2010-08-11,153020.01095738067,"{'SPY': 0.25, 'TLT': 0.25, 'SHY': 0.25, 'GLD': 0.25}",0.0
1281571200000,2010-08-12,153148.19094436552,"{'SPY': 0.25, 'TLT': 0.25, 'SHY': 0.25, 'GLD': 0.25}",0.0
1281657600000,2010-08-13,153498.67976678564,"{'SPY': 0.25, 'TLT': 0.25, 'SHY': 0.25, 'GLD': 0.25}",0.0
1281916800000,2010-08-16,154797.84098857982,"{'SPY': 0.25, 'TLT': 0.25, 'SHY': 0.25, 'GLD': 0.25}",0.0
1282003200000,2010-08-17,155049.08803692146,"{'SPY': 0.25, 'TLT': 0.25, 'SHY': 0.25, 'GLD': 0.25}",0.0
1282089600000,2010-08-18,155385.2126374484,"{'SPY': 0.25, 'TLT': 0.25, 'SHY': 0.25, 'GLD': 0.25}",0.0
1282176000000,2010-08-19,155379.33962912572,"{'SPY': 0.25, 'TLT': 0.25, 'SHY': 0.25, 'GLD': 0.25}",0.0
1282262400000,2010-08-20,155060.08634262986,"{'SPY': 0.25, 'TLT': 0.25, 'SHY': 0.25, 'GLD': 0.25}",0.0
1282521600000,2010-08-23,154862.76152694502,"{'SPY': 0.25, 'TLT': 0.25, 'SHY': 0.25, 'GLD': 0.25}",0.0
1282608000000,2010-08-24,155123.72130782652,"{'SPY': 0.25, 'TLT': 0.25, 'SHY': 0.25, 'GLD': 0.25}",0.0
1282694400000,2010-08-25,155433.84655988024,"{'SPY': 0.25, 'TLT': 0.25, 'SHY': 0.25, 'GLD': 0.25}",0.0
1282780800000,2010-08-26,155410.72723431466,"{'SPY': 0.25, 'TLT': 0.25, 'SHY': 0.25, 'GLD': 0.25}",0.0
1282867200000,2010-08-27,154900.79837225162,"{'SPY': 0.25, 'TLT': 0.25, 'SHY': 0.25, 'GLD': 0.25}",0.0
1283126400000,2010-08-30,155095.61794013623,"{'SPY': 0.25, 'TLT': 0.25, 'SHY': 0.25, 'GLD': 0.25}",0.0
1283212800000,2010-08-31,155914.33179541057,"{'SPY': 0.25, 'TLT': 0.25, 'SHY': 0.25, 'GLD': 0.25}",0.0
1283299200000,2010-09-01,156126.6615541417,"{'SPY': 0.25, 'TLT': 0.25, 'SHY': 0.25, 'GLD': 0.25}",0.0
1283385600000,2010-09-02,156260.92219768802,"{'SPY': 0.25, 'TLT': 0.25, 'SHY': 0.25, 'GLD': 0.25}",0.0
1283472000000,2010-09-03,156127.48271129577,"{'SPY': 0.25, 'TLT': 0.25, 'SHY': 0.25, 'GLD': 0.25}",0.0
1283817600000,2010-09-07,156797.17186139795,"{'SPY': 0.25, 'TLT': 0.25, 'SHY': 0.25, 'GLD': 0.25}",0.0
1283904000000,2010-09-08,156736.251320364,"{'SPY': 0.25, 'TLT': 0.25, 'SHY': 0.25, 'GLD': 0.25}",0.0
1283990400000,2010-09-09,155734.62621636776,"{'SPY': 0.25, 'TLT': 0.25, 'SHY': 0.25, 'GLD': 0.25}",0.0
1284076800000,2010-09-10,155803.00635450042,"{'SPY': 0.25, 'TLT': 0.25, 'SHY': 0.25, 'GLD': 0.25}",0.0
1284336000000,2010-09-13,156423.78714191308,"{'SPY': 0.25, 'TLT': 0.25, 'SHY': 0.25, 'GLD': 0.25}",0.0
1284422400000,2010-09-14,157575.6069780344,"{'SPY': 0.25, 'TLT': 0.25, 'SHY': 0.25, 'GLD': 0.25}",0.0
1284508800000,2010-09-15,157125.4975772605,"{'SPY': 0.25, 'TLT': 0.25, 'SHY': 0.25, 'GLD': 0.25}",0.0
1284595200000,2010-09-16,156955.15957481513,"{'SPY': 0.25, 'TLT': 0.25, 'SHY': 0.25, 'GLD': 0.25}",0.0
1284681600000,2010-09-17,157109.72438726487,"{'SPY': 0.25, 'TLT': 0.25, 'SHY': 0.25, 'GLD': 0.25}",0.0
1284940800000,2010-09-20,158046.91168443472,"{'SPY': 0.25, 'TLT': 0.25, 'SHY': 0.25, 'GLD': 0.25}",0.0
1285027200000,2010-09-21,158904.8606982138,"{'SPY': 0.25, 'TLT': 0.25, 'SHY': 0.25, 'GLD': 0.25}",0.0
1285113600000,2010-09-22,159121.27402204258,"{'SPY': 0.25, 'TLT': 0.25, 'SHY': 0.25, 'GLD': 0.25}",0.0
1285200000000,2010-09-23,158948.84821035177,"{'SPY': 0.25, 'TLT': 0.25, 'SHY': 0.25, 'GLD': 0.25}",0.0
1285286400000,2010-09-24,159352.2680323347,"{'SPY': 0.25, 'TLT': 0.25, 'SHY': 0.25, 'GLD': 0.25}",0.0
1285545600000,2010-09-27,159873.16191880486,"{'SPY': 0.25, 'TLT': 0.25, 'SHY': 0.25, 'GLD': 0.25}",0.0
1285632000000,2010-09-28,160652.20818481495,"{'SPY': 0.25, 'TLT': 0.25, 'SHY': 0.25, 'GLD': 0.25}",0.0
1285718400000,2010-09-29,160437.37790357778,"{'SPY': 0.25, 'TLT': 0.25, 'SHY': 0.25, 'GLD': 0.25}",0.0
1285804800000,2010-09-30,160283.86394138154,"{'SPY': 0.25, 'TLT': 0.25, 'SHY': 0.25, 'GLD': 0.25}",0.0
1285891200000,2010-10-01,160579.14164012767,"{'SPY': 0.25, 'TLT': 0.25, 'SHY': 0.25, 'GLD': 0.25}",0.0
1286150400000,2010-10-04,160246.13505968626,"{'SPY': 0.25, 'TLT': 0.25, 'SHY': 0.25, 'GLD': 0.25}",0.0
1286236800000,2010-10-05,161620.04058963963,"{'SPY': 0.25, 'TLT': 0.25, 'SHY': 0.25, 'GLD': 0.25}",0.0
1286323200000,2010-10-06,162381.99975206214,"{'SPY': 0.25, 'TLT': 0.25, 'SHY': 0.25, 'GLD': 0.25}",0.0
1286409600000,2010-10-07,161584.80203361562,"{'SPY': 0.25, 'TLT': 0.25, 'SHY': 0.25, 'GLD': 0.25}",0.0
1286496000000,2010-10-08,162033.55858779233,"{'SPY': 0.25, 'TLT': 0.25, 'SHY': 0.25, 'GLD': 0.25}",0.0
1286755200000,2010-10-11,162278.20924978607,"{'SPY': 0.25, 'TLT': 0.25, 'SHY': 0.25, 'GLD': 0.25}",0.0
1286841600000,2010-10-12,161872.51871470417,"{'SPY': 0.25, 'TLT': 0.25, 'SHY': 0.25, 'GLD': 0.25}",0.0
1286928000000,2010-10-13,162776.37297307196,"{'SPY': 0.25, 'TLT': 0.25, 'SHY': 0.25, 'GLD': 0.25}",0.0
1287014400000,2010-10-14,162196.6067216101,"{'SPY': 0.25, 'TLT': 0.25, 'SHY': 0.25, 'GLD': 0.25}",0.0
1287100800000,2010-10-15,161476.5505620561,"{'SPY': 0.25, 'TLT': 0.25, 'SHY': 0.25, 'GLD': 0.25}",0.0
1287360000000,2010-10-18,162192.40053841297,"{'SPY': 0.25, 'TLT': 0.25, 'SHY': 0.25, 'GLD': 0.25}",0.0
1287446400000,2010-10-19,160665.71042144095,"{'SPY': 0.25, 'TLT': 0.25, 'SHY': 0.25, 'GLD': 0.25}",0.0
1287532800000,2010-10-20,161523.20206460805,"{'SPY': 0.25, 'TLT': 0.25, 'SHY': 0.25, 'GLD': 0.25}",0.0
1287619200000,2010-10-21,160568.71836808737,"{'SPY': 0.25, 'TLT': 0.25, 'SHY': 0.25, 'GLD': 0.25}",0.0
1287705600000,2010-10-22,160985.6466910287,"{'SPY': 0.25, 'TLT': 0.25, 'SHY': 0.25, 'GLD': 0.25}",0.0
1287964800000,2010-10-25,161576.77173439373,"{'SPY': 0.25, 'TLT': 0.25, 'SHY': 0.25, 'GLD': 0.25}",0.0
1288051200000,2010-10-26,160930.81538868207,"{'SPY': 0.25, 'TLT': 0.25, 'SHY': 0.25, 'GLD': 0.25}",0.0
1288137600000,2010-10-27,160024.77676797297,"{'SPY': 0.25, 'TLT': 0.25, 'SHY': 0.25, 'GLD': 0.25}",0.0
1288224000000,2010-10-28,160723.83472409996,"{'SPY': 0.25, 'TLT': 0.25, 'SHY': 0.25, 'GLD': 0.25}",0.0
1288310400000,2010-10-29,161562.02256499568,"{'SPY': 0.25, 'TLT': 0.25, 'SHY': 0.25, 'GLD': 0.25}",0.0
1288569600000,2010-11-01,161206.25527139744,"{'SPY': 0.25, 'TLT': 0.25, 'SHY': 0.25, 'GLD': 0.25}",0.0
1288656000000,2010-11-02,162205.82166889435,"{'SPY': 0.25, 'TLT': 0.25, 'SHY': 0.25, 'GLD': 0.25}",0.0
1288742400000,2010-11-03,161274.31817428346,"{'SPY': 0.25, 'TLT': 0.25, 'SHY': 0.25, 'GLD': 0.25}",0.0
1288828800000,2010-11-04,163740.89306745652,"{'SPY': 0.25, 'TLT': 0.25, 'SHY': 0.25, 'GLD': 0.25}",0.0
1288915200000,2010-11-05,163264.1420641777,"{'SPY': 0.25, 'TLT': 0.25, 'SHY': 0.25, 'GLD': 0.25}",0.0
1289174400000,2010-11-08,163770.57794647155,"{'SPY': 0.25, 'TLT': 0.25, 'SHY': 0.25, 'GLD': 0.25}",0.0
1289260800000,2010-11-09,161869.50052488403,"{'SPY': 0.25, 'TLT': 0.25, 'SHY': 0.25, 'GLD': 0.25}",0.0
1289347200000,2010-11-10,162603.72290546662,"{'SPY': 0.25, 'TLT': 0.25, 'SHY': 0.25, 'GLD': 0.25}",0.0
1289433600000,2010-11-11,162491.21341506782,"{'SPY': 0.25, 'TLT': 0.25, 'SHY': 0.25, 'GLD': 0.25}",0.0
1289520000000,2010-11-12,160619.5216938953,"{'SPY': 0.25, 'TLT': 0.25, 'SHY': 0.25, 'GLD': 0.25}",0.0
1289779200000,2010-11-15,159319.19022359882,"{'SPY': 0.25, 'TLT': 0.25, 'SHY': 0.25, 'GLD': 0.25}",0.0
1289865600000,2010-11-16,159270.72575113678,"{'SPY': 0.25, 'TLT': 0.25, 'SHY': 0.25, 'GLD': 0.25}",0.0
1289952000000,2010-11-17,158915.74022172778,"{'SPY': 0.25, 'TLT': 0.25, 'SHY': 0.25, 'GLD': 0.25}",0.0
1290038400000,2010-11-18,160188.2922617588,"{'SPY': 0.25, 'TLT': 0.25, 'SHY': 0.25, 'GLD': 0.25}",0.0
1290124800000,2010-11-19,160554.17240748391,"{'SPY': 0.25, 'TLT': 0.25, 'SHY': 0.25, 'GLD': 0.25}",0.0
1290384000000,2010-11-22,161117.94042171273,"{'SPY': 0.25, 'TLT': 0.25, 'SHY': 0.25, 'GLD': 0.25}",0.0
1290470400000,2010-11-23,161038.71070669775,"{'SPY': 0.25, 'TLT': 0.25, 'SHY': 0.25, 'GLD': 0.25}",0.0
1290556800000,2010-11-24,160774.33762800044,"{'SPY': 0.25, 'TLT': 0.25, 'SHY': 0.25, 'GLD': 0.25}",0.0
1290729600000,2010-11-26,160572.73827972583,"{'SPY': 0.25, 'TLT': 0.25, 'SHY': 0.25, 'GLD': 0.25}",0.0
1290988800000,2010-11-29,161153.44472914626,"{'SPY': 0.25, 'TLT': 0.25, 'SHY': 0.25, 'GLD': 0.25}",0.0
1291075200000,2010-11-30,161636.77531704635,"{'SPY': 0.6, 'QQQ': 0.2, 'HYG': 0.1, 'GLD': 0.1}",0.0
1291161600000,2010-12-01,164526.79829842751,"{'SPY': 0.6, 'QQQ': 0.2, 'HYG': 0.1, 'GLD': 0.1}",0.0
1291248000000,2010-12-02,166112.66894085787,"{'SPY': 0.6, 'QQQ': 0.2, 'HYG': 0.1, 'GLD': 0.1}",0.0
1291334400000,2010-12-03,166848.09464945592,"{'SPY': 0.6, 'QQQ': 0.2, 'HYG': 0.1, 'GLD': 0.1}",0.0
1291593600000,2010-12-06,166846.17854194512,"{'SPY': 0.6, 'QQQ': 0.2, 'HYG': 0.1, 'GLD': 0.1}",0.0
1291680000000,2010-12-07,166694.6774586184,"{'SPY': 0.6, 'QQQ': 0.2, 'HYG': 0.1, 'GLD': 0.1}",0.0
1291766400000,2010-12-08,166922.22261998808,"{'SPY': 0.6, 'QQQ': 0.2, 'HYG': 0.1, 'GLD': 0.1}",0.0
1291852800000,2010-12-09,167379.42283430608,"{'SPY': 0.6, 'QQQ': 0.2, 'HYG': 0.1, 'GLD': 0.1}",0.0
1291939200000,2010-12-10,168198.7762528157,"{'SPY': 0.6, 'QQQ': 0.2, 'HYG': 0.1, 'GLD': 0.1}",0.0
1292198400000,2010-12-13,168141.16602197802,"{'SPY': 0.6, 'QQQ': 0.2, 'HYG': 0.1, 'GLD': 0.1}",0.0
1292284800000,2010-12-14,168391.43226751225,"{'SPY': 0.6, 'QQQ': 0.2, 'HYG': 0.1, 'GLD': 0.1}",0.0
1292371200000,2010-12-15,167531.9349109744,"{'SPY': 0.6, 'QQQ': 0.2, 'HYG': 0.1, 'GLD': 0.1}",0.0
1292457600000,2010-12-16,168326.38977721974,"{'SPY': 0.6, 'QQQ': 0.2, 'HYG': 0.1, 'GLD': 0.1}",0.0
1292544000000,2010-12-17,168537.77358957424,"{'SPY': 0.6, 'QQQ': 0.2, 'HYG': 0.1, 'GLD': 0.1}",0.0
1292803200000,2010-12-20,168950.99025187854,"{'SPY': 0.6, 'QQQ': 0.2, 'HYG': 0.1, 'GLD': 0.1}",0.0
1292889600000,2010-12-21,169860.1605061589,"{'SPY': 0.6, 'QQQ': 0.2, 'HYG': 0.1, 'GLD': 0.1}",0.0
1292976000000,2010-12-22,170184.34100401503,"{'SPY': 0.6, 'QQQ': 0.2, 'HYG': 0.1, 'GLD': 0.1}",0.0
1293062400000,2010-12-23,169919.20923889667,"{'SPY': 0.6, 'QQQ': 0.2, 'HYG': 0.1, 'GLD': 0.1}",0.0
1293408000000,2010-12-27,170037.03560765955,"{'SPY': 0.6, 'QQQ': 0.2, 'HYG': 0.1, 'GLD': 0.1}",0.0
1293494400000,2010-12-28,170409.01275485213,"{'SPY': 0.6, 'QQQ': 0.2, 'HYG': 0.1, 'GLD': 0.1}",0.0
1293580800000,2010-12-29,170674.7375762787,"{'SPY': 0.6, 'QQQ': 0.2, 'HYG': 0.1, 'GLD': 0.1}",0.0
1293667200000,2010-12-30,170365.77009036968,"{'SPY': 0.6, 'QQQ': 0.2, 'HYG': 0.1, 'GLD': 0.1}",0.0
1293753600000,2010-12-31,170505.84259969642,"{'SPY': 0.6, 'QQQ': 0.2, 'HYG': 0.1, 'GLD': 0.1}",0.0
1294012800000,2011-01-03,172020.4790846844,"{'SPY': 0.6, 'QQQ': 0.2, 'HYG': 0.1, 'GLD': 0.1}",0.0
1294099200000,2011-01-04,171611.62616910235,"{'SPY': 0.6, 'QQQ': 0.2, 'HYG': 0.1, 'GLD': 0.1}",0.0
1294185600000,2011-01-05,172433.813038165,"{'SPY': 0.6, 'QQQ': 0.2, 'HYG': 0.1, 'GLD': 0.1}",0.0
1294272000000,2011-01-06,172294.0444558294,"{'SPY': 0.6, 'QQQ': 0.2, 'HYG': 0.1, 'GLD': 0.1}",0.0
1294358400000,2011-01-07,171961.94003251503,"{'SPY': 0.6, 'QQQ': 0.2, 'HYG': 0.1, 'GLD': 0.1}",0.0
1294617600000,2011-01-10,172017.63179720307,"{'SPY': 0.6, 'QQQ': 0.2, 'HYG': 0.1, 'GLD': 0.1}",0.0
1294704000000,2011-01-11,172600.20017304807,"{'SPY': 0.6, 'QQQ': 0.2, 'HYG': 0.1, 'GLD': 0.1}",0.0
1294790400000,2011-01-12,173887.09512922456,"{'SPY': 0.6, 'QQQ': 0.2, 'HYG': 0.1, 'GLD': 0.1}",0.0
1294876800000,2011-01-13,173544.13371773236,"{'SPY': 0.6, 'QQQ': 0.2, 'HYG': 0.1, 'GLD': 0.1}",0.0
1294963200000,2011-01-14,174408.66095591162,"{'SPY': 0.6, 'QQQ': 0.2, 'HYG': 0.1, 'GLD': 0.1}",0.0
1295308800000,2011-01-18,174779.96103904877,"{'SPY': 0.6, 'QQQ': 0.2, 'HYG': 0.1, 'GLD': 0.1}",0.0
1295395200000,2011-01-19,173338.625030267,"{'SPY': 0.6, 'QQQ': 0.2, 'HYG': 0.1, 'GLD': 0.1}",0.0
1295481600000,2011-01-20,172594.40803886994,"{'SPY': 0.6, 'QQQ': 0.2, 'HYG': 0.1, 'GLD': 0.1}",0.0
1295568000000,2011-01-21,172612.22981353474,"{'SPY': 0.6, 'QQQ': 0.2, 'HYG': 0.1, 'GLD': 0.1}",0.0
1295827200000,2011-01-24,173614.9489673109,"{'SPY': 0.6, 'QQQ': 0.2, 'HYG': 0.1, 'GLD': 0.1}",0.0
1295913600000,2011-01-25,173712.58570680302,"{'SPY': 0.6, 'QQQ': 0.2, 'HYG': 0.1, 'GLD': 0.1}",0.0
1296000000000,2011-01-26,174478.00853800858,"{'SPY': 0.6, 'QQQ': 0.2, 'HYG': 0.1, 'GLD': 0.1}",0.0
1296086400000,2011-01-27,174544.46274862823,"{'SPY': 0.6, 'QQQ': 0.2, 'HYG': 0.1, 'GLD': 0.1}",0.0
1296172800000,2011-01-28,172046.41610393673,"{'SPY': 0.6, 'QQQ': 0.2, 'HYG': 0.1, 'GLD': 0.1}",0.0
1296432000000,2011-01-31,173027.2746564896,"{'SPY': 0.6, 'QQQ': 0.2, 'HYG': 0.1, 'GLD': 0.1}",0.0
1296518400000,2011-02-01,175495.95602856984,"{'SPY': 0.6, 'QQQ': 0.2, 'HYG': 0.1, 'GLD': 0.1}",0.0
1296604800000,2011-02-02,175211.48668948264,"{'SPY': 0.6, 'QQQ': 0.2, 'HYG': 0.1, 'GLD': 0.1}",0.0
1296691200000,2011-02-03,175741.66599654246,"{'SPY': 0.6, 'QQQ': 0.2, 'HYG': 0.1, 'GLD': 0.1}",0.0
1296777600000,2011-02-04,176242.23464196318,"{'SPY': 0.6, 'QQQ': 0.2, 'HYG': 0.1, 'GLD': 0.1}",0.0
1297036800000,2011-02-07,177104.49880663585,"{'SPY': 0.6, 'QQQ': 0.2, 'HYG': 0.1, 'GLD': 0.1}",0.0
1297123200000,2011-02-08,178036.73134243386,"{'SPY': 0.6, 'QQQ': 0.2, 'HYG': 0.1, 'GLD': 0.1}",0.0
1297209600000,2011-02-09,177623.7746009028,"{'SPY': 0.6, 'QQQ': 0.2, 'HYG': 0.1, 'GLD': 0.1}",0.0
1297296000000,2011-02-10,177709.31488904735,"{'SPY': 0.6, 'QQQ': 0.2, 'HYG': 0.1, 'GLD': 0.1}",0.0
1297382400000,2011-02-11,178576.8272657886,"{'SPY': 0.6, 'QQQ': 0.2, 'HYG': 0.1, 'GLD': 0.1}",0.0
1297641600000,2011-02-14,179018.58027057615,"{'SPY': 0.6, 'QQQ': 0.2, 'HYG': 0.1, 'GLD': 0.1}",0.0
1297728000000,2011-02-15,178733.8941715892,"{'SPY': 0.6, 'QQQ': 0.2, 'HYG': 0.1, 'GLD': 0.1}",0.0
1297814400000,2011-02-16,179666.5748536143,"{'SPY': 0.6, 'QQQ': 0.2, 'HYG': 0.1, 'GLD': 0.1}",0.0
1297900800000,2011-02-17,180143.48414092354,"{'SPY': 0.6, 'QQQ': 0.2, 'HYG': 0.1, 'GLD': 0.1}",0.0
1297987200000,2011-02-18,180393.51362468256,"{'SPY': 0.6, 'QQQ': 0.2, 'HYG': 0.1, 'GLD': 0.1}",0.0
1298332800000,2011-02-22,177145.6939100825,"{'SPY': 0.6, 'QQQ': 0.2, 'HYG': 0.1, 'GLD': 0.1}",0.0
1298419200000,2011-02-23,176376.62641388588,"{'SPY': 0.6, 'QQQ': 0.2, 'HYG': 0.1, 'GLD': 0.1}",0.0
1298505600000,2011-02-24,176372.3739477715,"{'SPY': 0.6, 'QQQ': 0.2, 'HYG': 0.1, 'GLD': 0.1}",0.0
1298592000000,2011-02-25,178164.12967906622,"{'SPY': 0.6, 'QQQ': 0.2, 'HYG': 0.1, 'GLD': 0.1}",0.0
1298851200000,2011-02-28,179026.0375372234,"{'SPY': 0.6, 'QQQ': 0.2, 'HYG': 0.1, 'GLD': 0.1}",0.0
1298937600000,2011-03-01,176939.48992859016,"{'SPY': 0.6, 'QQQ': 0.2, 'HYG': 0.1, 'GLD': 0.1}",0.0
1299024000000,2011-03-02,177354.83621306805,"{'SPY': 0.6, 'QQQ': 0.2, 'HYG': 0.1, 'GLD': 0.1}",0.0
1299110400000,2011-03-03,179720.92881707067,"{'SPY': 0.6, 'QQQ': 0.2, 'HYG': 0.1, 'GLD': 0.1}",0.0
1299196800000,2011-03-04,178854.96870007415,"{'SPY': 0.6, 'QQQ': 0.2, 'HYG': 0.1, 'GLD': 0.1}",0.0
1299456000000,2011-03-07,177582.49001187467,"{'SPY': 0.6, 'QQQ': 0.2, 'HYG': 0.1, 'GLD': 0.1}",0.0
1299542400000,2011-03-08,178596.4362485697,"{'SPY': 0.6, 'QQQ': 0.2, 'HYG': 0.1, 'GLD': 0.1}",0.0
1299628800000,2011-03-09,178156.1667006016,"{'SPY': 0.6, 'QQQ': 0.2, 'HYG': 0.1, 'GLD': 0.1}",0.0
1299715200000,2011-03-10,175319.0945481353,"{'SPY': 0.6, 'QQQ': 0.2, 'HYG': 0.1, 'GLD': 0.1}",0.0
1299801600000,2011-03-11,176319.69381790102,"{'SPY': 0.6, 'QQQ': 0.2, 'HYG': 0.1, 'GLD': 0.1}",0.0
1300060800000,2011-03-14,175566.168625064,"{'SPY': 0.6, 'QQQ': 0.2, 'HYG': 0.1, 'GLD': 0.1}",0.0
1300147200000,2011-03-15,173441.927000817,"{'SPY': 0.6, 'QQQ': 0.2, 'HYG': 0.1, 'GLD': 0.1}",0.0
1300233600000,2011-03-16,170566.39597614997,"{'SPY': 0.6, 'QQQ': 0.2, 'HYG': 0.1, 'GLD': 0.1}",0.0
1300320000000,2011-03-17,172511.52538395496,"{'SPY': 0.6, 'QQQ': 0.2, 'HYG': 0.1, 'GLD': 0.1}",0.0
1300406400000,2011-03-18,173068.25790700567,"{'SPY': 0.6, 'QQQ': 0.2, 'HYG': 0.1, 'GLD': 0.1}",0.0
1300665600000,2011-03-21,175547.71212084065,"{'SPY': 0.6, 'QQQ': 0.2, 'HYG': 0.1, 'GLD': 0.1}",0.0
1300752000000,2011-03-22,175117.3152473049,"{'SPY': 0.6, 'QQQ': 0.2, 'HYG': 0.1, 'GLD': 0.1}",0.0
1300838400000,2011-03-23,175755.47132308432,"{'SPY': 0.6, 'QQQ': 0.2, 'HYG': 0.1, 'GLD': 0.1}",0.0
1300924800000,2011-03-24,177263.67465288154,"{'SPY': 0.6, 'QQQ': 0.2, 'HYG': 0.1, 'GLD': 0.1}",0.0
1301011200000,2011-03-25,177687.119480812,"{'SPY': 0.6, 'QQQ': 0.2, 'HYG': 0.1, 'GLD': 0.1}",0.0
1301270400000,2011-03-28,177147.41683223762,"{'SPY': 0.6, 'QQQ': 0.2, 'HYG': 0.1, 'GLD': 0.1}",0.0
1301356800000,2011-03-29,178173.70046336716,"{'SPY': 0.6, 'QQQ': 0.2, 'HYG': 0.1, 'GLD': 0.1}",0.0
1301443200000,2011-03-30,179166.44898230777,"{'SPY': 0.6, 'QQQ': 0.2, 'HYG': 0.1, 'GLD': 0.1}",0.0
1301529600000,2011-03-31,179214.72828114696,"{'SPY': 0.6, 'QQQ': 0.2, 'HYG': 0.1, 'GLD': 0.1}",0.0
1301616000000,2011-04-01,179581.41364293091,"{'SPY': 0.6, 'QQQ': 0.2, 'HYG': 0.1, 'GLD': 0.1}",0.0
1301875200000,2011-04-04,179744.43601580488,"{'SPY': 0.6, 'QQQ': 0.2, 'HYG': 0.1, 'GLD': 0.1}",0.0
1301961600000,2011-04-05,179898.58741256676,"{'SPY': 0.6, 'QQQ': 0.2, 'HYG': 0.1, 'GLD': 0.1}",0.0
1302048000000,2011-04-06,180408.02476808376,"{'SPY': 0.6, 'QQQ': 0.2, 'HYG': 0.1, 'GLD': 0.1}",0.0
1302134400000,2011-04-07,180141.62898962683,"{'SPY': 0.6, 'QQQ': 0.2, 'HYG': 0.1, 'GLD': 0.1}",0.0
1302220800000,2011-04-08,179744.05264640393,"{'SPY': 0.6, 'QQQ': 0.2, 'HYG': 0.1, 'GLD': 0.1}",0.0
1302480000000,2011-04-11,179154.2433834384,"{'SPY': 0.6, 'QQQ': 0.2, 'HYG': 0.1, 'GLD': 0.1}",0.0
1302566400000,2011-04-12,177918.76166155384,"{'SPY': 0.6, 'QQQ': 0.2, 'HYG': 0.1, 'GLD': 0.1}",0.0
1302652800000,2011-04-13,178335.49207911317,"{'SPY': 0.6, 'QQQ': 0.2, 'HYG': 0.1, 'GLD': 0.1}",0.0
1302739200000,2011-04-14,178522.53520162537,"{'SPY': 0.6, 'QQQ': 0.2, 'HYG': 0.1, 'GLD': 0.1}",0.0
1302825600000,2011-04-15,179027.72823714532,"{'SPY': 0.6, 'QQQ': 0.2, 'HYG': 0.1, 'GLD': 0.1}",0.0
1303084800000,2011-04-18,177617.09799946964,"{'SPY': 0.6, 'QQQ': 0.2, 'HYG': 0.1, 'GLD': 0.1}",0.0
1303171200000,2011-04-19,178512.46181899338,"{'SPY': 0.6, 'QQQ': 0.2, 'HYG': 0.1, 'GLD': 0.1}",0.0
1303257600000,2011-04-20,180917.70474021308,"{'SPY': 0.6, 'QQQ': 0.2, 'HYG': 0.1, 'GLD': 0.1}",0.0
1303344000000,2011-04-21,181832.65172055046,"{'SPY': 0.6, 'QQQ': 0.2, 'HYG': 0.1, 'GLD': 0.1}",0.0
1303689600000,2011-04-25,181808.40877996,"{'SPY': 0.6, 'QQQ': 0.2, 'HYG': 0.1, 'GLD': 0.1}",0.0
1303776000000,2011-04-26,182933.00235853167,"{'SPY': 0.6, 'QQQ': 0.2, 'HYG': 0.1, 'GLD': 0.1}",0.0
1303862400000,2011-04-27,184262.65775617867,"{'SPY': 0.6, 'QQQ': 0.2, 'HYG': 0.1, 'GLD': 0.1}",0.0
1303948800000,2011-04-28,184651.70780396374,"{'SPY': 0.6, 'QQQ': 0.2, 'HYG': 0.1, 'GLD': 0.1}",0.0
1304035200000,2011-04-29,185239.11189657013,"{'SPY': 0.6, 'QQQ': 0.2, 'HYG': 0.1, 'GLD': 0.1}",0.0
1304294400000,2011-05-02,184751.3187264832,"{'SPY': 0.6, 'QQQ': 0.2, 'HYG': 0.1, 'GLD': 0.1}",0.0
1304380800000,2011-05-03,184116.05248349256,"{'SPY': 0.6, 'QQQ': 0.2, 'HYG': 0.1, 'GLD': 0.1}",0.0
1304467200000,2011-05-04,183056.98489386908,"{'SPY': 0.6, 'QQQ': 0.2, 'HYG': 0.1, 'GLD': 0.1}",0.0
1304553600000,2011-05-05,181259.95388369448,"{'SPY': 0.6, 'QQQ': 0.2, 'HYG': 0.1, 'GLD': 0.1}",0.0
1304640000000,2011-05-06,182182.33925141164,"{'SPY': 0.6, 'QQQ': 0.2, 'HYG': 0.1, 'GLD': 0.1}",0.0
1304899200000,2011-05-09,183027.47271230203,"{'SPY': 0.6, 'QQQ': 0.2, 'HYG': 0.1, 'GLD': 0.1}",0.0
1304985600000,2011-05-10,184380.89109434426,"{'SPY': 0.6, 'QQQ': 0.2, 'HYG': 0.1, 'GLD': 0.1}",0.0
1305072000000,2011-05-11,182751.23909452386,"{'SPY': 0.6, 'QQQ': 0.2, 'HYG': 0.1, 'GLD': 0.1}",0.0
1305158400000,2011-05-12,183514.95086701427,"{'SPY': 0.6, 'QQQ': 0.2, 'HYG': 0.1, 'GLD': 0.1}",0.0
1305244800000,2011-05-13,182037.066349167,"{'SPY': 0.6, 'QQQ': 0.2, 'HYG': 0.1, 'GLD': 0.1}",0.0
1305504000000,2011-05-16,180717.95750811565,"{'SPY': 0.6, 'QQQ': 0.2, 'HYG': 0.1, 'GLD': 0.1}",0.0
1305590400000,2011-05-17,180755.40083911986,"{'SPY': 0.6, 'QQQ': 0.2, 'HYG': 0.1, 'GLD': 0.1}",0.0
1305676800000,2011-05-18,182154.8559892317,"{'SPY': 0.6, 'QQQ': 0.2, 'HYG': 0.1, 'GLD': 0.1}",0.0
1305763200000,2011-05-19,182520.27600583428,"{'SPY': 0.6, 'QQQ': 0.2, 'HYG': 0.1, 'GLD': 0.1}",0.0
1305849600000,2011-05-20,181591.14048597874,"{'SPY': 0.6, 'QQQ': 0.2, 'HYG': 0.1, 'GLD': 0.1}",0.0
1306108800000,2011-05-23,179748.28486476984,"{'SPY': 0.6, 'QQQ': 0.2, 'HYG': 0.1, 'GLD': 0.1}",0.0
1306195200000,2011-05-24,179500.5030234401,"{'SPY': 0.6, 'QQQ': 0.2, 'HYG': 0.1, 'GLD': 0.1}",0.0
1306281600000,2011-05-25,179998.05066515817,"{'SPY': 0.6, 'QQQ': 0.2, 'HYG': 0.1, 'GLD': 0.1}",0.0
1306368000000,2011-05-26,180658.2827398984,"{'SPY': 0.6, 'QQQ': 0.2, 'HYG': 0.1, 'GLD': 0.1}",0.0
1306454400000,2011-05-27,181492.72258892716,"{'SPY': 0.6, 'QQQ': 0.2, 'HYG': 0.1, 'GLD': 0.1}",0.0
1306800000000,2011-05-31,183137.10859054702,"{'SPY': 0.25, 'TLT': 0.25, 'SHY': 0.25, 'GLD': 0.25}",0.0
1306886400000,2011-06-01,182840.5617496723,"{'SPY': 0.25, 'TLT': 0.25, 'SHY': 0.25, 'GLD': 0.25}",0.0
1306972800000,2011-06-02,181769.11763685968,"{'SPY': 0.25, 'TLT': 0.25, 'SHY': 0.25, 'GLD': 0.25}",0.0
1307059200000,2011-06-03,181813.17377833225,"{'SPY': 0.25, 'TLT': 0.25, 'SHY': 0.25, 'GLD': 0.25}",0.0
1307318400000,2011-06-06,181071.90913742303,"{'SPY': 0.25, 'TLT': 0.25, 'SHY': 0.25, 'GLD': 0.25}",0.0
1307404800000,2011-06-07,181266.28740400646,"{'SPY': 0.25, 'TLT': 0.25, 'SHY': 0.25, 'GLD': 0.25}",0.0
1307491200000,2011-06-08,181252.0380962853,"{'SPY': 0.25, 'TLT': 0.25, 'SHY': 0.25, 'GLD': 0.25}",0.0
1307577600000,2011-06-09,181593.78812210396,"{'SPY': 0.25, 'TLT': 0.25, 'SHY': 0.25, 'GLD': 0.25}",0.0
1307664000000,2011-06-10,180950.4622051822,"{'SPY': 0.25, 'TLT': 0.25, 'SHY': 0.25, 'GLD': 0.25}",0.0
1307923200000,2011-06-13,180296.05248919546,"{'SPY': 0.25, 'TLT': 0.25, 'SHY': 0.25, 'GLD': 0.25}",0.0
1308009600000,2011-06-14,180424.12137734174,"{'SPY': 0.25, 'TLT': 0.25, 'SHY': 0.25, 'GLD': 0.25}",0.0
1308096000000,2011-06-15,180642.38076120373,"{'SPY': 0.25, 'TLT': 0.25, 'SHY': 0.25, 'GLD': 0.25}",0.0
1308182400000,2011-06-16,180906.8531136939,"{'SPY': 0.25, 'TLT': 0.25, 'SHY': 0.25, 'GLD': 0.25}",0.0
1308268800000,2011-06-17,181133.3179824483,"{'SPY': 0.25, 'TLT': 0.25, 'SHY': 0.25, 'GLD': 0.25}",0.0
1308528000000,2011-06-20,181448.20039856574,"{'SPY': 0.25, 'TLT': 0.25, 'SHY': 0.25, 'GLD': 0.25}",0.0
1308614400000,2011-06-21,182094.89194784636,"{'SPY': 0.25, 'TLT': 0.25, 'SHY': 0.25, 'GLD': 0.25}",0.0
1308700800000,2011-06-22,181907.61873605123,"{'SPY': 0.25, 'TLT': 0.25, 'SHY': 0.25, 'GLD': 0.25}",0.0
1308787200000,2011-06-23,181353.76370891146,"{'SPY': 0.25, 'TLT': 0.25, 'SHY': 0.25, 'GLD': 0.25}",0.0
1308873600000,2011-06-24,180027.4626241152,"{'SPY': 0.25, 'TLT': 0.25, 'SHY': 0.25, 'GLD': 0.25}",0.0
1309132800000,2011-06-27,179605.60110832448,"{'SPY': 0.25, 'TLT': 0.25, 'SHY': 0.25, 'GLD': 0.25}",0.0
1309219200000,2011-06-28,179907.65368987233,"{'SPY': 0.25, 'TLT': 0.25, 'SHY': 0.25, 'GLD': 0.25}",0.0
1309305600000,2011-06-29,180283.24483918736,"{'SPY': 0.25, 'TLT': 0.25, 'SHY': 0.25, 'GLD': 0.25}",0.0
1309392000000,2011-06-30,180275.85599789172,"{'SPY': 0.25, 'TLT': 0.25, 'SHY': 0.25, 'GLD': 0.25}",0.0
1309478400000,2011-07-01,180523.8782920983,"{'SPY': 0.25, 'TLT': 0.25, 'SHY': 0.25, 'GLD': 0.25}",0.0
1309824000000,2011-07-05,181482.40620364193,"{'SPY': 0.25, 'TLT': 0.25, 'SHY': 0.25, 'GLD': 0.25}",0.0
1309910400000,2011-07-06,182178.17958165318,"{'SPY': 0.25, 'TLT': 0.25, 'SHY': 0.25, 'GLD': 0.25}",0.0
1309996800000,2011-07-07,182545.8139591937,"{'SPY': 0.25, 'TLT': 0.25, 'SHY': 0.25, 'GLD': 0.25}",0.0
1310083200000,2011-07-08,183269.12403781243,"{'SPY': 0.25, 'TLT': 0.25, 'SHY': 0.25, 'GLD': 0.25}",0.0
1310342400000,2011-07-11,183568.94011966928,"{'SPY': 0.25, 'TLT': 0.25, 'SHY': 0.25, 'GLD': 0.25}",0.0
1310428800000,2011-07-12,183878.93952505803,"{'SPY': 0.25, 'TLT': 0.25, 'SHY': 0.25, 'GLD': 0.25}",0.0
1310515200000,2011-07-13,184583.8217422817,"{'SPY': 0.25, 'TLT': 0.25, 'SHY': 0.25, 'GLD': 0.25}",0.0
1310601600000,2011-07-14,183710.1127712925,"{'SPY': 0.25, 'TLT': 0.25, 'SHY': 0.25, 'GLD': 0.25}",0.0
1310688000000,2011-07-15,184260.27550699096,"{'SPY': 0.25, 'TLT': 0.25, 'SHY': 0.25, 'GLD': 0.25}",0.0
1310947200000,2011-07-18,183843.63585893926,"{'SPY': 0.25, 'TLT': 0.25, 'SHY': 0.25, 'GLD': 0.25}",0.0
1311033600000,2011-07-19,184984.47421485672,"{'SPY': 0.25, 'TLT': 0.25, 'SHY': 0.25, 'GLD': 0.25}",0.0
1311120000000,2011-07-20,184799.81990162452,"{'SPY': 0.25, 'TLT': 0.25, 'SHY': 0.25, 'GLD': 0.25}",0.0
1311206400000,2011-07-21,184710.55877811488,"{'SPY': 0.25, 'TLT': 0.25, 'SHY': 0.25, 'GLD': 0.25}",0.0
1311292800000,2011-07-22,185480.40183529846,"{'SPY': 0.25, 'TLT': 0.25, 'SHY': 0.25, 'GLD': 0.25}",0.0
1311552000000,2011-07-25,185055.4310558758,"{'SPY': 0.25, 'TLT': 0.25, 'SHY': 0.25, 'GLD': 0.25}",0.0
1311638400000,2011-07-26,185353.06100138475,"{'SPY': 0.25, 'TLT': 0.25, 'SHY': 0.25, 'GLD': 0.25}",0.0
1311724800000,2011-07-27,184211.22279360215,"{'SPY': 0.25, 'TLT': 0.25, 'SHY': 0.25, 'GLD': 0.25}",0.0
1311811200000,2011-07-28,184315.93434499155,"{'SPY': 0.25, 'TLT': 0.25, 'SHY': 0.25, 'GLD': 0.25}",0.0
1311897600000,2011-07-29,185181.24402578664,"{'TLT': 0.6, 'SHY': 0.2, 'GLD': 0.2}",0.0
1312156800000,2011-08-01,186156.6210583585,"{'TLT': 0.6, 'SHY': 0.2, 'GLD': 0.2}",0.0
1312243200000,2011-08-02,190455.94913666815,"{'TLT': 0.6, 'SHY': 0.2, 'GLD': 0.2}",0.0
1312329600000,2011-08-03,190669.39430269384,"{'TLT': 0.6, 'SHY': 0.2, 'GLD': 0.2}",0.0
1312416000000,2011-08-04,194575.29415356662,"{'TLT': 0.6, 'SHY': 0.2, 'GLD': 0.2}",0.0
1312502400000,2011-08-05,191466.50205627969,"{'TLT': 0.6, 'SHY': 0.2, 'GLD': 0.2}",0.0
1312761600000,2011-08-08,196377.91538732874,"{'TLT': 0.6, 'SHY': 0.2, 'GLD': 0.2}",0.0
1312848000000,2011-08-09,197127.0682479368,"{'TLT': 0.6, 'SHY': 0.2, 'GLD': 0.2}",0.0
1312934400000,2011-08-10,202070.10698127083,"{'TLT': 0.6, 'SHY': 0.2, 'GLD': 0.2}",0.0
1313020800000,2011-08-11,195057.28297991928,"{'TLT': 0.6, 'SHY': 0.2, 'GLD': 0.2}",0.0
1313107200000,2011-08-12,197201.26306605374,"{'TLT': 0.6, 'SHY': 0.2, 'GLD': 0.2}",0.0
1313366400000,2011-08-15,196412.8054449345,"{'TLT': 0.6, 'SHY': 0.2, 'GLD': 0.2}",0.0
1313452800000,2011-08-16,198848.55952905663,"{'TLT': 0.6, 'SHY': 0.2, 'GLD': 0.2}",0.0
1313539200000,2011-08-17,201061.12639666864,"{'TLT': 0.6, 'SHY': 0.2, 'GLD': 0.2}",0.0
1313625600000,2011-08-18,204294.9054110587,"{'TLT': 0.6, 'SHY': 0.2, 'GLD': 0.2}",0.0
1313712000000,2011-08-19,205796.5361087621,"{'TLT': 0.6, 'SHY': 0.2, 'GLD': 0.2}",0.0
1313971200000,2011-08-22,206542.0705369536,"{'TLT': 0.6, 'SHY': 0.2, 'GLD': 0.2}",0.0
1314057600000,2011-08-23,203264.57857317885,"{'TLT': 0.6, 'SHY': 0.2, 'GLD': 0.2}",0.0
1314144000000,2011-08-24,198419.88767112585,"{'TLT': 0.6, 'SHY': 0.2, 'GLD': 0.2}",0.0
1314230400000,2011-08-25,199895.62475605973,"{'TLT': 0.6, 'SHY': 0.2, 'GLD': 0.2}",0.0
1314316800000,2011-08-26,202269.07473692394,"{'TLT': 0.6, 'SHY': 0.2, 'GLD': 0.2}",0.0
1314576000000,2011-08-29,199765.43621572995,"{'TLT': 0.6, 'SHY': 0.2, 'GLD': 0.2}",0.0
1314662400000,2011-08-30,202898.83455878767,"{'TLT': 0.6, 'SHY': 0.2, 'GLD': 0.2}",0.0
1314748800000,2011-08-31,200704.82639414095,"{'TLT': 0.6, 'SHY': 0.2, 'GLD': 0.2}",0.0
1314835200000,2011-09-01,203302.80457751726,"{'TLT': 0.6, 'SHY': 0.2, 'GLD': 0.2}",0.0
1314921600000,2011-09-02,208473.84630968704,"{'TLT': 0.6, 'SHY': 0.2, 'GLD': 0.2}",0.0
1315267200000,2011-09-06,209702.24302053405,"{'TLT': 0.6, 'SHY': 0.2, 'GLD': 0.2}",0.0
1315353600000,2011-09-07,205955.98610850234,"{'TLT': 0.6, 'SHY': 0.2, 'GLD': 0.2}",0.0
1315440000000,2011-09-08,208178.97135276167,"{'TLT': 0.6, 'SHY': 0.2, 'GLD': 0.2}",0.0
1315526400000,2011-09-09,209271.77015374354,"{'TLT': 0.6, 'SHY': 0.2, 'GLD': 0.2}",0.0
1315785600000,2011-09-12,208441.16931361778,"{'TLT': 0.6, 'SHY': 0.2, 'GLD': 0.2}",0.0
1315872000000,2011-09-13,207107.4773303285,"{'TLT': 0.6, 'SHY': 0.2, 'GLD': 0.2}",0.0
1315958400000,2011-09-14,207850.95050900473,"{'TLT': 0.6, 'SHY': 0.2, 'GLD': 0.2}",0.0
1316044800000,2011-09-15,205290.2126376397,"{'TLT': 0.6, 'SHY': 0.2, 'GLD': 0.2}",0.0
1316131200000,2011-09-16,206578.92078282707,"{'TLT': 0.6, 'SHY': 0.2, 'GLD': 0.2}",0.0
1316390400000,2011-09-19,208323.2734749193,"{'TLT': 0.6, 'SHY': 0.2, 'GLD': 0.2}",0.0
1316476800000,2011-09-20,209421.96868964803,"{'TLT': 0.6, 'SHY': 0.2, 'GLD': 0.2}",0.0
1316563200000,2011-09-21,213012.6866269825,"{'TLT': 0.6, 'SHY': 0.2, 'GLD': 0.2}",0.0
1316649600000,2011-09-22,216707.35933629714,"{'TLT': 0.6, 'SHY': 0.2, 'GLD': 0.2}",0.0
1316736000000,2011-09-23,211922.45408173918,"{'TLT': 0.6, 'SHY': 0.2, 'GLD': 0.2}",0.0
1316995200000,2011-09-26,209277.0923438683,"{'TLT': 0.6, 'SHY': 0.2, 'GLD': 0.2}",0.0
1317081600000,2011-09-27,208150.15052279408,"{'TLT': 0.6, 'SHY': 0.2, 'GLD': 0.2}",0.0
1317168000000,2011-09-28,206949.83190875017,"{'TLT': 0.6, 'SHY': 0.2, 'GLD': 0.2}",0.0
1317254400000,2011-09-29,208211.13515990332,"{'TLT': 0.6, 'SHY': 0.2, 'GLD': 0.2}",0.0
1317340800000,2011-09-30,211463.90067463167,"{'TLT': 0.6, 'SHY': 0.2, 'GLD': 0.2}",0.0
1317600000000,2011-10-03,215741.06837489092,"{'TLT': 0.6, 'SHY': 0.2, 'GLD': 0.2}",0.0
1317686400000,2011-10-04,213184.1427465744,"{'TLT': 0.6, 'SHY': 0.2, 'GLD': 0.2}",0.0
1317772800000,2011-10-05,212755.53423436912,"{'TLT': 0.6, 'SHY': 0.2, 'GLD': 0.2}",0.0
1317859200000,2011-10-06,210664.1948266132,"{'TLT': 0.6, 'SHY': 0.2, 'GLD': 0.2}",0.0
1317945600000,2011-10-07,209371.49786930098,"{'TLT': 0.6, 'SHY': 0.2, 'GLD': 0.2}",0.0
1318204800000,2011-10-10,208638.4903030336,"{'TLT': 0.6, 'SHY': 0.2, 'GLD': 0.2}",0.0
1318291200000,2011-10-11,207940.50282155527,"{'TLT': 0.6, 'SHY': 0.2, 'GLD': 0.2}",0.0
1318377600000,2011-10-12,206423.11366864326,"{'TLT': 0.6, 'SHY': 0.2, 'GLD': 0.2}",0.0
1318464000000,2011-10-13,207423.4011778055,"{'TLT': 0.6, 'SHY': 0.2, 'GLD': 0.2}",0.0
1318550400000,2011-10-14,205916.0313056325,"{'TLT': 0.6, 'SHY': 0.2, 'GLD': 0.2}",0.0
1318809600000,2011-10-17,207860.28831602455,"{'TLT': 0.6, 'SHY': 0.2, 'GLD': 0.2}",0.0
1318896000000,2011-10-18,206886.20954077758,"{'TLT': 0.6, 'SHY': 0.2, 'GLD': 0.2}",0.0
1318982400000,2011-10-19,206354.1665724075,"{'TLT': 0.6, 'SHY': 0.2, 'GLD': 0.2}",0.0
1319068800000,2011-10-20,204935.3946152606,"{'TLT': 0.6, 'SHY': 0.2, 'GLD': 0.2}",0.0
1319155200000,2011-10-21,204074.17062708866,"{'TLT': 0.6, 'SHY': 0.2, 'GLD': 0.2}",0.0
1319414400000,2011-10-24,204663.6191750384,"{'TLT': 0.6, 'SHY': 0.2, 'GLD': 0.2}",0.0
1319500800000,2011-10-25,208970.44432631845,"{'TLT': 0.6, 'SHY': 0.2, 'GLD': 0.2}",0.0
1319587200000,2011-10-26,207212.12965662812,"{'TLT': 0.6, 'SHY': 0.2, 'GLD': 0.2}",0.0
1319673600000,2011-10-27,203500.72697117686,"{'TLT': 0.6, 'SHY': 0.2, 'GLD': 0.2}",0.0
1319760000000,2011-10-28,204820.81745480176,"{'TLT': 0.6, 'SHY': 0.2, 'GLD': 0.2}",0.0
1320019200000,2011-10-31,209182.44745877734,"{'TLT': 0.6, 'SHY': 0.2, 'GLD': 0.2}",0.0
1320105600000,2011-11-01,213397.73554682813,"{'TLT': 0.6, 'SHY': 0.2, 'GLD': 0.2}",0.0
1320192000000,2011-11-02,212239.1171972433,"{'TLT': 0.6, 'SHY': 0.2, 'GLD': 0.2}",0.0
1320278400000,2011-11-03,211163.01821799538,"{'TLT': 0.6, 'SHY': 0.2, 'GLD': 0.2}",0.0
1320364800000,2011-11-04,211101.6019343327,"{'TLT': 0.6, 'SHY': 0.2, 'GLD': 0.2}",0.0
1320624000000,2011-11-07,212917.01516408497,"{'TLT': 0.6, 'SHY': 0.2, 'GLD': 0.2}",0.0
1320710400000,2011-11-08,210924.28211318416,"{'TLT': 0.6, 'SHY': 0.2, 'GLD': 0.2}",0.0
1320796800000,2011-11-09,213203.98214610296,"{'TLT': 0.6, 'SHY': 0.2, 'GLD': 0.2}",0.0
1320883200000,2011-11-10,211072.54765403055,"{'TLT': 0.6, 'SHY': 0.2, 'GLD': 0.2}",0.0
1320969600000,2011-11-11,210975.51543046784,"{'TLT': 0.6, 'SHY': 0.2, 'GLD': 0.2}",0.0
1321228800000,2011-11-14,212846.94024938857,"{'TLT': 0.6, 'SHY': 0.2, 'GLD': 0.2}",0.0
1321315200000,2011-11-15,212707.31936293052,"{'TLT': 0.6, 'SHY': 0.2, 'GLD': 0.2}",0.0
1321401600000,2011-11-16,213406.9477268158,"{'TLT': 0.6, 'SHY': 0.2, 'GLD': 0.2}",0.0
1321488000000,2011-11-17,213341.83930451894,"{'TLT': 0.6, 'SHY': 0.2, 'GLD': 0.2}",0.0
1321574400000,2011-11-18,213427.2255461419,"{'TLT': 0.6, 'SHY': 0.2, 'GLD': 0.2}",0.0
1321833600000,2011-11-21,213144.94335760103,"{'TLT': 0.6, 'SHY': 0.2, 'GLD': 0.2}",0.0
1321920000000,2011-11-22,215049.3993298199,"{'TLT': 0.6, 'SHY': 0.2, 'GLD': 0.2}",0.0
1322006400000,2011-11-23,216194.4709506648,"{'TLT': 0.6, 'SHY': 0.2, 'GLD': 0.2}",0.0
1322179200000,2011-11-25,213935.75207801236,"{'TLT': 0.6, 'SHY': 0.2, 'GLD': 0.2}",0.0
1322438400000,2011-11-28,214722.8423093152,"{'TLT': 0.6, 'SHY': 0.2, 'GLD': 0.2}",0.0
1322524800000,2011-11-29,213736.01556998055,"{'TLT': 0.6, 'SHY': 0.2, 'GLD': 0.2}",0.0
1322611200000,2011-11-30,212565.87918137683,"{'TLT': 0.6, 'SHY': 0.2, 'GLD': 0.2}",0.0
1322697600000,2011-12-01,211803.50943083654,"{'TLT': 0.6, 'SHY': 0.2, 'GLD': 0.2}",0.0
1322784000000,2011-12-02,213622.2688845084,"{'TLT': 0.6, 'SHY': 0.2, 'GLD': 0.2}",0.0
1323043200000,2011-12-05,212739.12183222393,"{'TLT': 0.6, 'SHY': 0.2, 'GLD': 0.2}",0.0
1323129600000,2011-12-06,211739.56382794256,"{'TLT': 0.6, 'SHY': 0.2, 'GLD': 0.2}",0.0
1323216000000,2011-12-07,212516.78119148358,"{'TLT': 0.6, 'SHY': 0.2, 'GLD': 0.2}",0.0
1323302400000,2011-12-08,213256.3405866574,"{'TLT': 0.6, 'SHY': 0.2, 'GLD': 0.2}",0.0
1323388800000,2011-12-09,210733.51628288746,"{'TLT': 0.6, 'SHY': 0.2, 'GLD': 0.2}",0.0
1323648000000,2011-12-12,211024.91880892482,"{'TLT': 0.6, 'SHY': 0.2, 'GLD': 0.2}",0.0
1323734400000,2011-12-13,211282.76324739118,"{'TLT': 0.6, 'SHY': 0.2, 'GLD': 0.2}",0.0
1323820800000,2011-12-14,212184.7154318703,"{'TLT': 0.6, 'SHY': 0.2, 'GLD': 0.2}",0.0
1323907200000,2011-12-15,211552.14407220823,"{'TLT': 0.6, 'SHY': 0.2, 'GLD': 0.2}",0.0
1323993600000,2011-12-16,213857.89348899812,"{'TLT': 0.6, 'SHY': 0.2, 'GLD': 0.2}",0.0
1324252800000,2011-12-19,215379.67515200886,"{'TLT': 0.6, 'SHY': 0.2, 'GLD': 0.2}",0.0
1324339200000,2011-12-20,212732.59089022072,"{'TLT': 0.6, 'SHY': 0.2, 'GLD': 0.2}",0.0
1324425600000,2011-12-21,210990.89912205323,"{'TLT': 0.6, 'SHY': 0.2, 'GLD': 0.2}",0.0
1324512000000,2011-12-22,211216.57330627495,"{'TLT': 0.6, 'SHY': 0.2, 'GLD': 0.2}",0.0
1324598400000,2011-12-23,209890.4546925254,"{'TLT': 0.6, 'SHY': 0.2, 'GLD': 0.2}",0.0
1324944000000,2011-12-27,210097.36682112954,"{'TLT': 0.6, 'SHY': 0.2, 'GLD': 0.2}",0.0
1325030400000,2011-12-28,211385.39778101703,"{'TLT': 0.6, 'SHY': 0.2, 'GLD': 0.2}",0.0
1325116800000,2011-12-29,211428.58999171673,"{'TLT': 0.6, 'SHY': 0.2, 'GLD': 0.2}",0.0
1325203200000,2011-12-30,212135.98958070803,"{'SPY': 0.4, 'HYG': 0.3, 'LQD': 0.2, 'GLD': 0.1}",0.0
1325548800000,2012-01-03,214209.61561391025,"{'SPY': 0.4, 'HYG': 0.3, 'LQD': 0.2, 'GLD': 0.1}",0.0
1325635200000,2012-01-04,214378.98499727444,"{'SPY': 0.4, 'HYG': 0.3, 'LQD': 0.2, 'GLD': 0.1}",0.0
1325721600000,2012-01-05,214288.97637114712,"{'SPY': 0.4, 'HYG': 0.3, 'LQD': 0.2, 'GLD': 0.1}",0.0
1325808000000,2012-01-06,213953.9250880337,"{'SPY': 0.4, 'HYG': 0.3, 'LQD': 0.2, 'GLD': 0.1}",0.0
1326067200000,2012-01-09,214089.08870298613,"{'SPY': 0.4, 'HYG': 0.3, 'LQD': 0.2, 'GLD': 0.1}",0.0
1326153600000,2012-01-10,215468.71866402298,"{'SPY': 0.4, 'HYG': 0.3, 'LQD': 0.2, 'GLD': 0.1}",0.0
1326240000000,2012-01-11,215582.5886709325,"{'SPY': 0.4, 'HYG': 0.3, 'LQD': 0.2, 'GLD': 0.1}",0.0
1326326400000,2012-01-12,215896.8709038392,"{'SPY': 0.4, 'HYG': 0.3, 'LQD': 0.2, 'GLD': 0.1}",0.0
1326412800000,2012-01-13,215381.8224277789,"{'SPY': 0.4, 'HYG': 0.3, 'LQD': 0.2, 'GLD': 0.1}",0.0
1326758400000,2012-01-17,216146.16012865637,"{'SPY': 0.4, 'HYG': 0.3, 'LQD': 0.2, 'GLD': 0.1}",0.0
1326844800000,2012-01-18,217345.4289961029,"{'SPY': 0.4, 'HYG': 0.3, 'LQD': 0.2, 'GLD': 0.1}",0.0
1326931200000,2012-01-19,217836.37794045327,"{'SPY': 0.4, 'HYG': 0.3, 'LQD': 0.2, 'GLD': 0.1}",0.0
1327017600000,2012-01-20,218165.74494826034,"{'SPY': 0.4, 'HYG': 0.3, 'LQD': 0.2, 'GLD': 0.1}",0.0
1327276800000,2012-01-23,218249.22565196035,"{'SPY': 0.4, 'HYG': 0.3, 'LQD': 0.2, 'GLD': 0.1}",0.0
1327363200000,2012-01-24,218320.23361706786,"{'SPY': 0.4, 'HYG': 0.3, 'LQD': 0.2, 'GLD': 0.1}",0.0
1327449600000,2012-01-25,220368.02148941616,"{'SPY': 0.4, 'HYG': 0.3, 'LQD': 0.2, 'GLD': 0.1}",0.0
1327536000000,2012-01-26,220533.49926478163,"{'SPY': 0.4, 'HYG': 0.3, 'LQD': 0.2, 'GLD': 0.1}",0.0
1327622400000,2012-01-27,220542.60301428934,"{'SPY': 0.4, 'HYG': 0.3, 'LQD': 0.2, 'GLD': 0.1}",0.0
1327881600000,2012-01-30,219850.49343637412,"{'SPY': 0.4, 'HYG': 0.3, 'LQD': 0.2, 'GLD': 0.1}",0.0
1327968000000,2012-01-31,220281.06985543625,"{'SPY': 0.4, 'HYG': 0.3, 'LQD': 0.2, 'GLD': 0.1}",0.0
1328054400000,2012-02-01,221382.8982243177,"{'SPY': 0.4, 'HYG': 0.3, 'LQD': 0.2, 'GLD': 0.1}",0.0
1328140800000,2012-02-02,221853.31187152167,"{'SPY': 0.4, 'HYG': 0.3, 'LQD': 0.2, 'GLD': 0.1}",0.0
1328227200000,2012-02-03,222781.5961557128,"{'SPY': 0.4, 'HYG': 0.3, 'LQD': 0.2, 'GLD': 0.1}",0.0
1328486400000,2012-02-06,222790.47460172378,"{'SPY': 0.4, 'HYG': 0.3, 'LQD': 0.2, 'GLD': 0.1}",0.0
1328572800000,2012-02-07,223400.22874663587,"{'SPY': 0.4, 'HYG': 0.3, 'LQD': 0.2, 'GLD': 0.1}",0.0
1328659200000,2012-02-08,223612.4602512833,"{'SPY': 0.4, 'HYG': 0.3, 'LQD': 0.2, 'GLD': 0.1}",0.0
1328745600000,2012-02-09,223548.71234598628,"{'SPY': 0.4, 'HYG': 0.3, 'LQD': 0.2, 'GLD': 0.1}",0.0
1328832000000,2012-02-10,222146.7586548704,"{'SPY': 0.4, 'HYG': 0.3, 'LQD': 0.2, 'GLD': 0.1}",0.0
1329091200000,2012-02-13,223202.4364403491,"{'SPY': 0.4, 'HYG': 0.3, 'LQD': 0.2, 'GLD': 0.1}",0.0
1329177600000,2012-02-14,223072.85284307098,"{'SPY': 0.4, 'HYG': 0.3, 'LQD': 0.2, 'GLD': 0.1}",0.0
1329264000000,2012-02-15,222513.49429414343,"{'SPY': 0.4, 'HYG': 0.3, 'LQD': 0.2, 'GLD': 0.1}",0.0
1329350400000,2012-02-16,223689.16826398048,"{'SPY': 0.4, 'HYG': 0.3, 'LQD': 0.2, 'GLD': 0.1}",0.0
1329436800000,2012-02-17,223747.8999877987,"{'SPY': 0.4, 'HYG': 0.3, 'LQD': 0.2, 'GLD': 0.1}",0.0
1329782400000,2012-02-21,224456.60816021077,"{'SPY': 0.4, 'HYG': 0.3, 'LQD': 0.2, 'GLD': 0.1}",0.0
1329868800000,2012-02-22,224913.0110507167,"{'SPY': 0.4, 'HYG': 0.3, 'LQD': 0.2, 'GLD': 0.1}",0.0
1329955200000,2012-02-23,225626.13621847215,"{'SPY': 0.4, 'HYG': 0.3, 'LQD': 0.2, 'GLD': 0.1}",0.0
1330041600000,2012-02-24,225963.19474451992,"{'SPY': 0.4, 'HYG': 0.3, 'LQD': 0.2, 'GLD': 0.1}",0.0
1330300800000,2012-02-27,226226.6000604062,"{'SPY': 0.4, 'HYG': 0.3, 'LQD': 0.2, 'GLD': 0.1}",0.0
1330387200000,2012-02-28,227002.1725674528,"{'SPY': 0.4, 'HYG': 0.3, 'LQD': 0.2, 'GLD': 0.1}",0.0
1330473600000,2012-02-29,225482.9847931193,"{'SPY': 0.6, 'QQQ': 0.2, 'HYG': 0.1, 'GLD': 0.1}",0.0
1330560000000,2012-03-01,226898.188138888,"{'SPY': 0.6, 'QQQ': 0.2, 'HYG': 0.1, 'GLD': 0.1}",0.0
1330646400000,2012-03-02,226317.31363481085,"{'SPY': 0.6, 'QQQ': 0.2, 'HYG': 0.1, 'GLD': 0.1}",0.0
1330905600000,2012-03-05,225075.79597547124,"{'SPY': 0.6, 'QQQ': 0.2, 'HYG': 0.1, 'GLD': 0.1}",0.0
1330992000000,2012-03-06,221958.4164736418,"{'SPY': 0.6, 'QQQ': 0.2, 'HYG': 0.1, 'GLD': 0.1}",0.0
1331078400000,2012-03-07,223418.41282702822,"{'SPY': 0.6, 'QQQ': 0.2, 'HYG': 0.1, 'GLD': 0.1}",0.0
1331164800000,2012-03-08,225632.6690843023,"{'SPY': 0.6, 'QQQ': 0.2, 'HYG': 0.1, 'GLD': 0.1}",0.0
1331251200000,2012-03-09,226519.494871273,"{'SPY': 0.6, 'QQQ': 0.2, 'HYG': 0.1, 'GLD': 0.1}",0.0
1331510400000,2012-03-12,226371.90526197673,"{'SPY': 0.6, 'QQQ': 0.2, 'HYG': 0.1, 'GLD': 0.1}",0.0
1331596800000,2012-03-13,229447.26408916715,"{'SPY': 0.6, 'QQQ': 0.2, 'HYG': 0.1, 'GLD': 0.1}",0.0
1331683200000,2012-03-14,229015.368179259,"{'SPY': 0.6, 'QQQ': 0.2, 'HYG': 0.1, 'GLD': 0.1}",0.0
1331769600000,2012-03-15,230080.56841193032,"{'SPY': 0.6, 'QQQ': 0.2, 'HYG': 0.1, 'GLD': 0.1}",0.0
1331856000000,2012-03-16,230187.05053491276,"{'SPY': 0.6, 'QQQ': 0.2, 'HYG': 0.1, 'GLD': 0.1}",0.0
1332115200000,2012-03-19,231181.71514922963,"{'SPY': 0.6, 'QQQ': 0.2, 'HYG': 0.1, 'GLD': 0.1}",0.0
1332201600000,2012-03-20,230634.06389080704,"{'SPY': 0.6, 'QQQ': 0.2, 'HYG': 0.1, 'GLD': 0.1}",0.0
1332288000000,2012-03-21,230352.0713251826,"{'SPY': 0.6, 'QQQ': 0.2, 'HYG': 0.1, 'GLD': 0.1}",0.0
1332374400000,2012-03-22,229224.4014822819,"{'SPY': 0.6, 'QQQ': 0.2, 'HYG': 0.1, 'GLD': 0.1}",0.0
1332460800000,2012-03-23,229875.2078215659,"{'SPY': 0.6, 'QQQ': 0.2, 'HYG': 0.1, 'GLD': 0.1}",0.0
1332720000000,2012-03-26,233162.66088871582,"{'SPY': 0.6, 'QQQ': 0.2, 'HYG': 0.1, 'GLD': 0.1}",0.0
1332806400000,2012-03-27,232672.8682622184,"{'SPY': 0.6, 'QQQ': 0.2, 'HYG': 0.1, 'GLD': 0.1}",0.0
1332892800000,2012-03-28,231473.3124208342,"{'SPY': 0.6, 'QQQ': 0.2, 'HYG': 0.1, 'GLD': 0.1}",0.0
1332979200000,2012-03-29,231023.3515908054,"{'SPY': 0.6, 'QQQ': 0.2, 'HYG': 0.1, 'GLD': 0.1}",0.0
1333065600000,2012-03-30,231582.52690617263,"{'SPY': 0.6, 'QQQ': 0.2, 'HYG': 0.1, 'GLD': 0.1}",0.0
1333324800000,2012-04-02,233235.8187028101,"{'SPY': 0.6, 'QQQ': 0.2, 'HYG': 0.1, 'GLD': 0.1}",0.0
1333411200000,2012-04-03,232192.68871285536,"{'SPY': 0.6, 'QQQ': 0.2, 'HYG': 0.1, 'GLD': 0.1}",0.0
1333497600000,2012-04-04,229704.8684127019,"{'SPY': 0.6, 'QQQ': 0.2, 'HYG': 0.1, 'GLD': 0.1}",0.0
1333584000000,2012-04-05,230027.1574831844,"{'SPY': 0.6, 'QQQ': 0.2, 'HYG': 0.1, 'GLD': 0.1}",0.0
1333929600000,2012-04-09,228166.64524164572,"{'SPY': 0.6, 'QQQ': 0.2, 'HYG': 0.1, 'GLD': 0.1}",0.0
1334016000000,2012-04-10,225270.7253353,"{'SPY': 0.6, 'QQQ': 0.2, 'HYG': 0.1, 'GLD': 0.1}",0.0
1334102400000,2012-04-11,226715.54008109306,"{'SPY': 0.6, 'QQQ': 0.2, 'HYG': 0.1, 'GLD': 0.1}",0.0
1334188800000,2012-04-12,229443.8575853002,"{'SPY': 0.6, 'QQQ': 0.2, 'HYG': 0.1, 'GLD': 0.1}",0.0
1334275200000,2012-04-13,226776.11923452662,"{'SPY': 0.6, 'QQQ': 0.2, 'HYG': 0.1, 'GLD': 0.1}",0.0
1334534400000,2012-04-16,226160.10891005327,"{'SPY': 0.6, 'QQQ': 0.2, 'HYG': 0.1, 'GLD': 0.1}",0.0
1334620800000,2012-04-17,229157.61557708526,"{'SPY': 0.6, 'QQQ': 0.2, 'HYG': 0.1, 'GLD': 0.1}",0.0
1334707200000,2012-04-18,228434.2560729101,"{'SPY': 0.6, 'QQQ': 0.2, 'HYG': 0.1, 'GLD': 0.1}",0.0
1334793600000,2012-04-19,227014.04689322473,"{'SPY': 0.6, 'QQQ': 0.2, 'HYG': 0.1, 'GLD': 0.1}",0.0
1334880000000,2012-04-20,227168.33069712756,"{'SPY': 0.6, 'QQQ': 0.2, 'HYG': 0.1, 'GLD': 0.1}",0.0
1335139200000,2012-04-23,225492.42214031675,"{'SPY': 0.6, 'QQQ': 0.2, 'HYG': 0.1, 'GLD': 0.1}",0.0
1335225600000,2012-04-24,225849.37083570103,"{'SPY': 0.6, 'QQQ': 0.2, 'HYG': 0.1, 'GLD': 0.1}",0.0
1335312000000,2012-04-25,229115.30833997676,"{'SPY': 0.6, 'QQQ': 0.2, 'HYG': 0.1, 'GLD': 0.1}",0.0
1335398400000,2012-04-26,230559.7830896362,"{'SPY': 0.6, 'QQQ': 0.2, 'HYG': 0.1, 'GLD': 0.1}",0.0
1335484800000,2012-04-27,231102.7092192216,"{'SPY': 0.6, 'QQQ': 0.2, 'HYG': 0.1, 'GLD': 0.1}",0.0
1335744000000,2012-04-30,230376.48113536966,"{'SPY': 0.6, 'QQQ': 0.2, 'HYG': 0.1, 'GLD': 0.1}",0.0
1335830400000,2012-05-01,231250.027153514,"{'SPY': 0.6, 'QQQ': 0.2, 'HYG': 0.1, 'GLD': 0.1}",0.0
1335916800000,2012-05-02,230951.96136621092,"{'SPY': 0.6, 'QQQ': 0.2, 'HYG': 0.1, 'GLD': 0.1}",0.0
1336003200000,2012-05-03,229157.9757212203,"{'SPY': 0.6, 'QQQ': 0.2, 'HYG': 0.1, 'GLD': 0.1}",0.0
1336089600000,2012-05-04,225823.40473836707,"{'SPY': 0.6, 'QQQ': 0.2, 'HYG': 0.1, 'GLD': 0.1}",0.0
1336348800000,2012-05-07,225946.24127846464,"{'SPY': 0.6, 'QQQ': 0.2, 'HYG': 0.1, 'GLD': 0.1}",0.0
1336435200000,2012-05-08,224792.5042503865,"{'SPY': 0.6, 'QQQ': 0.2, 'HYG': 0.1, 'GLD': 0.1}",0.0
1336521600000,2012-05-09,223553.502349945,"{'SPY': 0.6, 'QQQ': 0.2, 'HYG': 0.1, 'GLD': 0.1}",0.0
1336608000000,2012-05-10,223758.60851132433,"{'SPY': 0.6, 'QQQ': 0.2, 'HYG': 0.1, 'GLD': 0.1}",0.0
1336694400000,2012-05-11,223228.81786384035,"{'SPY': 0.6, 'QQQ': 0.2, 'HYG': 0.1, 'GLD': 0.1}",0.0
1336953600000,2012-05-14,220841.087244135,"{'SPY': 0.6, 'QQQ': 0.2, 'HYG': 0.1, 'GLD': 0.1}",0.0
1337040000000,2012-05-15,219594.547102139,"{'SPY': 0.6, 'QQQ': 0.2, 'HYG': 0.1, 'GLD': 0.1}",0.0
1337126400000,2012-05-16,218536.1709147666,"{'SPY': 0.6, 'QQQ': 0.2, 'HYG': 0.1, 'GLD': 0.1}",0.0
1337212800000,2012-05-17,215853.61165628544,"{'SPY': 0.6, 'QQQ': 0.2, 'HYG': 0.1, 'GLD': 0.1}",0.0
1337299200000,2012-05-18,214431.83777570905,"{'SPY': 0.6, 'QQQ': 0.2, 'HYG': 0.1, 'GLD': 0.1}",0.0
1337558400000,2012-05-21,218078.819533961,"{'SPY': 0.6, 'QQQ': 0.2, 'HYG': 0.1, 'GLD': 0.1}",0.0
1337644800000,2012-05-22,217893.0900777006,"{'SPY': 0.6, 'QQQ': 0.2, 'HYG': 0.1, 'GLD': 0.1}",0.0
1337731200000,2012-05-23,217958.02564570942,"{'SPY': 0.6, 'QQQ': 0.2, 'HYG': 0.1, 'GLD': 0.1}",0.0
1337817600000,2012-05-24,217904.10516973093,"{'SPY': 0.6, 'QQQ': 0.2, 'HYG': 0.1, 'GLD': 0.1}",0.0
1337904000000,2012-05-25,217537.60657809497,"{'SPY': 0.6, 'QQQ': 0.2, 'HYG': 0.1, 'GLD': 0.1}",0.0
1338249600000,2012-05-29,219675.1780013781,"{'SPY': 0.6, 'QQQ': 0.2, 'HYG': 0.1, 'GLD': 0.1}",0.0
1338336000000,2012-05-30,217423.03588327582,"{'SPY': 0.6, 'QQQ': 0.2, 'HYG': 0.1, 'GLD': 0.1}",0.0
1338422400000,2012-05-31,216675.67820646823,"{'SPY': 0.6, 'QQQ': 0.2, 'HYG': 0.1, 'GLD': 0.1}",0.0
1338508800000,2012-06-01,212902.3868061149,"{'SPY': 0.6, 'QQQ': 0.2, 'HYG': 0.1, 'GLD': 0.1}",0.0
1338768000000,2012-06-04,213159.76424111758,"{'SPY': 0.6, 'QQQ': 0.2, 'HYG': 0.1, 'GLD': 0.1}",0.0
1338854400000,2012-06-05,214414.35215682475,"{'SPY': 0.6, 'QQQ': 0.2, 'HYG': 0.1, 'GLD': 0.1}",0.0
1338940800000,2012-06-06,218525.69972148407,"{'SPY': 0.6, 'QQQ': 0.2, 'HYG': 0.1, 'GLD': 0.1}",0.0
1339027200000,2012-06-07,218135.63920085103,"{'SPY': 0.6, 'QQQ': 0.2, 'HYG': 0.1, 'GLD': 0.1}",0.0
1339113600000,2012-06-08,219713.11316554,"{'SPY': 0.6, 'QQQ': 0.2, 'HYG': 0.1, 'GLD': 0.1}",0.0
1339372800000,2012-06-11,217244.1839218436,"{'SPY': 0.6, 'QQQ': 0.2, 'HYG': 0.1, 'GLD': 0.1}",0.0
1339459200000,2012-06-12,219575.84688233546,"{'SPY': 0.6, 'QQQ': 0.2, 'HYG': 0.1, 'GLD': 0.1}",0.0
1339545600000,2012-06-13,218459.74526537934,"{'SPY': 0.6, 'QQQ': 0.2, 'HYG': 0.1, 'GLD': 0.1}",0.0
1339632000000,2012-06-14,220261.54443250076,"{'SPY': 0.6, 'QQQ': 0.2, 'HYG': 0.1, 'GLD': 0.1}",0.0
1339718400000,2012-06-15,222212.60595376184,"{'SPY': 0.6, 'QQQ': 0.2, 'HYG': 0.1, 'GLD': 0.1}",0.0
1339977600000,2012-06-18,222907.47950767307,"{'SPY': 0.6, 'QQQ': 0.2, 'HYG': 0.1, 'GLD': 0.1}",0.0
1340064000000,2012-06-19,224712.3775248234,"{'SPY': 0.6, 'QQQ': 0.2, 'HYG': 0.1, 'GLD': 0.1}",0.0
1340150400000,2012-06-20,224446.08890925275,"{'SPY': 0.6, 'QQQ': 0.2, 'HYG': 0.1, 'GLD': 0.1}",0.0
1340236800000,2012-06-21,219554.86404845814,"{'SPY': 0.6, 'QQQ': 0.2, 'HYG': 0.1, 'GLD': 0.1}",0.0
1340323200000,2012-06-22,221270.73448635,"{'SPY': 0.6, 'QQQ': 0.2, 'HYG': 0.1, 'GLD': 0.1}",0.0
1340582400000,2012-06-25,218417.6769077649,"{'SPY': 0.6, 'QQQ': 0.2, 'HYG': 0.1, 'GLD': 0.1}",0.0
1340668800000,2012-06-26,219157.08974635505,"{'SPY': 0.6, 'QQQ': 0.2, 'HYG': 0.1, 'GLD': 0.1}",0.0
1340755200000,2012-06-27,220770.8822090832,"{'SPY': 0.6, 'QQQ': 0.2, 'HYG': 0.1, 'GLD': 0.1}",0.0
1340841600000,2012-06-28,219641.92536846682,"{'SPY': 0.6, 'QQQ': 0.2, 'HYG': 0.1, 'GLD': 0.1}",0.0
1340928000000,2012-06-29,224975.6864775144,"{'SPY': 0.25, 'TLT': 0.25, 'SHY': 0.25, 'GLD': 0.25}",0.0
1341187200000,2012-07-02,225706.5123861442,"{'SPY': 0.25, 'TLT': 0.25, 'SHY': 0.25, 'GLD': 0.25}",0.0
1341273600000,2012-07-03,226493.827959796,"{'SPY': 0.25, 'TLT': 0.25, 'SHY': 0.25, 'GLD': 0.25}",0.0
1341446400000,2012-07-05,225907.66628369855,"{'SPY': 0.25, 'TLT': 0.25, 'SHY': 0.25, 'GLD': 0.25}",0.0
1341532800000,2012-07-06,225201.20693179083,"{'SPY': 0.25, 'TLT': 0.25, 'SHY': 0.25, 'GLD': 0.25}",0.0
1341792000000,2012-07-09,225747.7357655865,"{'SPY': 0.25, 'TLT': 0.25, 'SHY': 0.25, 'GLD': 0.25}",0.0
1341878400000,2012-07-10,224677.63171184005,"{'SPY': 0.25, 'TLT': 0.25, 'SHY': 0.25, 'GLD': 0.25}",0.0
1341964800000,2012-07-11,225072.75150801465,"{'SPY': 0.25, 'TLT': 0.25, 'SHY': 0.25, 'GLD': 0.25}",0.0
1342051200000,2012-07-12,225064.50937593722,"{'SPY': 0.25, 'TLT': 0.25, 'SHY': 0.25, 'GLD': 0.25}",0.0
1342137600000,2012-07-13,226445.67835360172,"{'SPY': 0.25, 'TLT': 0.25, 'SHY': 0.25, 'GLD': 0.25}",0.0
1342396800000,2012-07-16,226620.99257883828,"{'SPY': 0.25, 'TLT': 0.25, 'SHY': 0.25, 'GLD': 0.25}",0.0
1342483200000,2012-07-17,226286.19587066697,"{'SPY': 0.25, 'TLT': 0.25, 'SHY': 0.25, 'GLD': 0.25}",0.0
1342569600000,2012-07-18,226594.488603567,"{'SPY': 0.25, 'TLT': 0.25, 'SHY': 0.25, 'GLD': 0.25}",0.0
1342656000000,2012-07-19,226733.40673949197,"{'SPY': 0.25, 'TLT': 0.25, 'SHY': 0.25, 'GLD': 0.25}",0.0
1342742400000,2012-07-20,227021.33647161163,"{'SPY': 0.25, 'TLT': 0.25, 'SHY': 0.25, 'GLD': 0.25}",0.0
1343001600000,2012-07-23,226536.32365444716,"{'SPY': 0.25, 'TLT': 0.25, 'SHY': 0.25, 'GLD': 0.25}",0.0
1343088000000,2012-07-24,226663.96449563553,"{'SPY': 0.25, 'TLT': 0.25, 'SHY': 0.25, 'GLD': 0.25}",0.0
1343174400000,2012-07-25,227623.0780387284,"{'SPY': 0.25, 'TLT': 0.25, 'SHY': 0.25, 'GLD': 0.25}",0.0
1343260800000,2012-07-26,228442.98599968012,"{'SPY': 0.25, 'TLT': 0.25, 'SHY': 0.25, 'GLD': 0.25}",0.0
1343347200000,2012-07-27,228658.46279584663,"{'SPY': 0.25, 'TLT': 0.25, 'SHY': 0.25, 'GLD': 0.25}",0.0
1343606400000,2012-07-30,229072.76076742663,"{'SPY': 0.25, 'TLT': 0.25, 'SHY': 0.25, 'GLD': 0.25}",0.0
1343692800000,2012-07-31,228458.8253852889,"{'SPY': 0.25, 'TLT': 0.25, 'SHY': 0.25, 'GLD': 0.25}",0.0
1343779200000,2012-08-01,227621.3741165526,"{'SPY': 0.25, 'TLT': 0.25, 'SHY': 0.25, 'GLD': 0.25}",0.0
1343865600000,2012-08-02,227187.27088946072,"{'SPY': 0.25, 'TLT': 0.25, 'SHY': 0.25, 'GLD': 0.25}",0.0
1343952000000,2012-08-03,227900.336821359,"{'SPY': 0.25, 'TLT': 0.25, 'SHY': 0.25, 'GLD': 0.25}",0.0
1344211200000,2012-08-06,228314.5630092867,"{'SPY': 0.25, 'TLT': 0.25, 'SHY': 0.25, 'GLD': 0.25}",0.0
1344297600000,2012-08-07,227832.03092646276,"{'SPY': 0.25, 'TLT': 0.25, 'SHY': 0.25, 'GLD': 0.25}",0.0
1344384000000,2012-08-08,227650.35950116173,"{'SPY': 0.25, 'TLT': 0.25, 'SHY': 0.25, 'GLD': 0.25}",0.0
1344470400000,2012-08-09,227843.52204620876,"{'SPY': 0.25, 'TLT': 0.25, 'SHY': 0.25, 'GLD': 0.25}",0.0
1344556800000,2012-08-10,228306.1050997605,"{'SPY': 0.25, 'TLT': 0.25, 'SHY': 0.25, 'GLD': 0.25}",0.0
1344816000000,2012-08-13,227757.03284340058,"{'SPY': 0.25, 'TLT': 0.25, 'SHY': 0.25, 'GLD': 0.25}",0.0
1344902400000,2012-08-14,226666.34027027266,"{'SPY': 0.25, 'TLT': 0.25, 'SHY': 0.25, 'GLD': 0.25}",0.0
1344988800000,2012-08-15,226096.73527505618,"{'SPY': 0.25, 'TLT': 0.25, 'SHY': 0.25, 'GLD': 0.25}",0.0
1345075200000,2012-08-16,226363.21444483174,"{'SPY': 0.25, 'TLT': 0.25, 'SHY': 0.25, 'GLD': 0.25}",0.0
1345161600000,2012-08-17,226779.39859335154,"{'SPY': 0.25, 'TLT': 0.25, 'SHY': 0.25, 'GLD': 0.25}",0.0
1345420800000,2012-08-20,227095.2832446989,"{'SPY': 0.25, 'TLT': 0.25, 'SHY': 0.25, 'GLD': 0.25}",0.0
1345507200000,2012-08-21,227742.00131983,"{'SPY': 0.25, 'TLT': 0.25, 'SHY': 0.25, 'GLD': 0.25}",0.0
1345593600000,2012-08-22,229352.50785455373,"{'SPY': 0.25, 'TLT': 0.25, 'SHY': 0.25, 'GLD': 0.25}",0.0
1345680000000,2012-08-23,229612.09266204247,"{'SPY': 0.25, 'TLT': 0.25, 'SHY': 0.25, 'GLD': 0.25}",0.0
1345766400000,2012-08-24,229932.21044190144,"{'SPY': 0.25, 'TLT': 0.25, 'SHY': 0.25, 'GLD': 0.25}",0.0
1346025600000,2012-08-27,230057.36621616065,"{'SPY': 0.25, 'TLT': 0.25, 'SHY': 0.25, 'GLD': 0.25}",0.0
1346112000000,2012-08-28,230244.45684389488,"{'SPY': 0.25, 'TLT': 0.25, 'SHY': 0.25, 'GLD': 0.25}",0.0
1346198400000,2012-08-29,229663.79845251943,"{'SPY': 0.25, 'TLT': 0.25, 'SHY': 0.25, 'GLD': 0.25}",0.0
1346284800000,2012-08-30,229529.63770161042,"{'SPY': 0.25, 'TLT': 0.25, 'SHY': 0.25, 'GLD': 0.25}",0.0
1346371200000,2012-08-31,231970.92820165656,"{'SPY': 0.25, 'TLT': 0.25, 'SHY': 0.25, 'GLD': 0.25}",0.0
1346716800000,2012-09-04,231946.92601538135,"{'SPY': 0.25, 'TLT': 0.25, 'SHY': 0.25, 'GLD': 0.25}",0.0
1346803200000,2012-09-05,231564.4016901447,"{'SPY': 0.25, 'TLT': 0.25, 'SHY': 0.25, 'GLD': 0.25}",0.0
1346889600000,2012-09-06,231952.4231314715,"{'SPY': 0.25, 'TLT': 0.25, 'SHY': 0.25, 'GLD': 0.25}",0.0
1346976000000,2012-09-07,233170.60340532407,"{'SPY': 0.25, 'TLT': 0.25, 'SHY': 0.25, 'GLD': 0.25}",0.0
1347235200000,2012-09-10,232568.58114052596,"{'SPY': 0.25, 'TLT': 0.25, 'SHY': 0.25, 'GLD': 0.25}",0.0
1347321600000,2012-09-11,232591.70617691844,"{'SPY': 0.25, 'TLT': 0.25, 'SHY': 0.25, 'GLD': 0.25}",0.0
1347408000000,2012-09-12,232060.91286922485,"{'SPY': 0.25, 'TLT': 0.25, 'SHY': 0.25, 'GLD': 0.25}",0.0
1347494400000,2012-09-13,233908.38714664348,"{'SPY': 0.25, 'TLT': 0.25, 'SHY': 0.25, 'GLD': 0.25}",0.0
1347580800000,2012-09-14,232753.05276225213,"{'SPY': 0.25, 'TLT': 0.25, 'SHY': 0.25, 'GLD': 0.25}",0.0
1347840000000,2012-09-17,232779.74912946796,"{'SPY': 0.25, 'TLT': 0.25, 'SHY': 0.25, 'GLD': 0.25}",0.0
1347926400000,2012-09-18,233481.54467940325,"{'SPY': 0.25, 'TLT': 0.25, 'SHY': 0.25, 'GLD': 0.25}",0.0
1348012800000,2012-09-19,233903.45734556715,"{'SPY': 0.25, 'TLT': 0.25, 'SHY': 0.25, 'GLD': 0.25}",0.0
1348099200000,2012-09-20,233946.485126428,"{'SPY': 0.25, 'TLT': 0.25, 'SHY': 0.25, 'GLD': 0.25}",0.0
1348185600000,2012-09-21,234163.5521359177,"{'SPY': 0.25, 'TLT': 0.25, 'SHY': 0.25, 'GLD': 0.25}",0.0
1348444800000,2012-09-24,234229.94329748204,"{'SPY': 0.25, 'TLT': 0.25, 'SHY': 0.25, 'GLD': 0.25}",0.0
1348531200000,2012-09-25,234075.43720810892,"{'SPY': 0.25, 'TLT': 0.25, 'SHY': 0.25, 'GLD': 0.25}",0.0
1348617600000,2012-09-26,234060.53987821683,"{'SPY': 0.25, 'TLT': 0.25, 'SHY': 0.25, 'GLD': 0.25}",0.0
1348704000000,2012-09-27,235074.07914356233,"{'SPY': 0.25, 'TLT': 0.25, 'SHY': 0.25, 'GLD': 0.25}",0.0
1348790400000,2012-09-28,234627.21132711286,"{'TLT': 0.6, 'SHY': 0.2, 'GLD': 0.2}",0.0
1349049600000,2012-10-01,235259.88577408693,"{'TLT': 0.6, 'SHY': 0.2, 'GLD': 0.2}",0.0
1349136000000,2012-10-02,235004.04813563998,"{'TLT': 0.6, 'SHY': 0.2, 'GLD': 0.2}",0.0
1349222400000,2012-10-03,235134.1153881009,"{'TLT': 0.6, 'SHY': 0.2, 'GLD': 0.2}",0.0
1349308800000,2012-10-04,233702.08305037758,"{'TLT': 0.6, 'SHY': 0.2, 'GLD': 0.2}",0.0
1349395200000,2012-10-05,231596.89116896287,"{'TLT': 0.6, 'SHY': 0.2, 'GLD': 0.2}",0.0
1349654400000,2012-10-08,232619.44393031692,"{'TLT': 0.6, 'SHY': 0.2, 'GLD': 0.2}",0.0
1349740800000,2012-10-09,232081.38227304388,"{'TLT': 0.6, 'SHY': 0.2, 'GLD': 0.2}",0.0
1349827200000,2012-10-10,233017.20703834968,"{'TLT': 0.6, 'SHY': 0.2, 'GLD': 0.2}",0.0
1349913600000,2012-10-11,234110.26163451036,"{'TLT': 0.6, 'SHY': 0.2, 'GLD': 0.2}",0.0
1350000000000,2012-10-12,234134.63758510308,"{'TLT': 0.6, 'SHY': 0.2, 'GLD': 0.2}",0.0
1350259200000,2012-10-15,233335.46411118598,"{'TLT': 0.6, 'SHY': 0.2, 'GLD': 0.2}",0.0
1350345600000,2012-10-16,231696.5353732372,"{'TLT': 0.6, 'SHY': 0.2, 'GLD': 0.2}",0.0
1350432000000,2012-10-17,230414.094316283,"{'TLT': 0.6, 'SHY': 0.2, 'GLD': 0.2}",0.0
1350518400000,2012-10-18,229369.13195860496,"{'TLT': 0.6, 'SHY': 0.2, 'GLD': 0.2}",0.0
1350604800000,2012-10-19,230742.24846487129,"{'TLT': 0.6, 'SHY': 0.2, 'GLD': 0.2}",0.0
1350864000000,2012-10-22,230007.31744552404,"{'TLT': 0.6, 'SHY': 0.2, 'GLD': 0.2}",0.0
1350950400000,2012-10-23,231412.75922868168,"{'TLT': 0.6, 'SHY': 0.2, 'GLD': 0.2}",0.0
1351036800000,2012-10-24,229878.44916414798,"{'TLT': 0.6, 'SHY': 0.2, 'GLD': 0.2}",0.0
1351123200000,2012-10-25,229481.58786594917,"{'TLT': 0.6, 'SHY': 0.2, 'GLD': 0.2}",0.0
1351209600000,2012-10-26,231495.43584567608,"{'TLT': 0.6, 'SHY': 0.2, 'GLD': 0.2}",0.0
1351641600000,2012-10-31,232589.52657946319,"{'TLT': 0.6, 'SHY': 0.2, 'GLD': 0.2}",0.0
1351728000000,2012-11-01,231223.9220044997,"{'TLT': 0.6, 'SHY': 0.2, 'GLD': 0.2}",0.0
1351814400000,2012-11-02,230150.18014523864,"{'TLT': 0.6, 'SHY': 0.2, 'GLD': 0.2}",0.0
1352073600000,2012-11-05,231107.86704427042,"{'TLT': 0.6, 'SHY': 0.2, 'GLD': 0.2}",0.0
1352160000000,2012-11-06,230652.5321935709,"{'TLT': 0.6, 'SHY': 0.2, 'GLD': 0.2}",0.0
1352246400000,2012-11-07,233254.74825701653,"{'TLT': 0.6, 'SHY': 0.2, 'GLD': 0.2}",0.0
1352332800000,2012-11-08,235751.68635203896,"{'TLT': 0.6, 'SHY': 0.2, 'GLD': 0.2}",0.0
1352419200000,2012-11-09,235861.41723372252,"{'TLT': 0.6, 'SHY': 0.2, 'GLD': 0.2}",0.0
1352678400000,2012-11-12,235993.30728799812,"{'TLT': 0.6, 'SHY': 0.2, 'GLD': 0.2}",0.0
1352764800000,2012-11-13,236371.460025286,"{'TLT': 0.6, 'SHY': 0.2, 'GLD': 0.2}",0.0
1352851200000,2012-11-14,236528.44370376406,"{'TLT': 0.6, 'SHY': 0.2, 'GLD': 0.2}",0.0
1352937600000,2012-11-15,235951.24166761935,"{'TLT': 0.6, 'SHY': 0.2, 'GLD': 0.2}",0.0
1353024000000,2012-11-16,235768.53274869546,"{'TLT': 0.6, 'SHY': 0.2, 'GLD': 0.2}",0.0
1353283200000,2012-11-19,235533.83696102593,"{'TLT': 0.6, 'SHY': 0.2, 'GLD': 0.2}",0.0
1353369600000,2012-11-20,233970.93636972565,"{'TLT': 0.6, 'SHY': 0.2, 'GLD': 0.2}",0.0
1353456000000,2012-11-21,233933.8906198869,"{'TLT': 0.6, 'SHY': 0.2, 'GLD': 0.2}",0.0
1353628800000,2012-11-23,234370.86453152608,"{'TLT': 0.6, 'SHY': 0.2, 'GLD': 0.2}",0.0
1353888000000,2012-11-26,234983.52691424824,"{'TLT': 0.6, 'SHY': 0.2, 'GLD': 0.2}",0.0
1353974400000,2012-11-27,235342.88899188084,"{'TLT': 0.6, 'SHY': 0.2, 'GLD': 0.2}",0.0
1354060800000,2012-11-28,234543.05056465772,"{'TLT': 0.6, 'SHY': 0.2, 'GLD': 0.2}",0.0
1354147200000,2012-11-29,234742.97050865312,"{'TLT': 0.6, 'SHY': 0.2, 'GLD': 0.2}",0.0
1354233600000,2012-11-30,233837.81723241613,"{'SPY': 0.4, 'HYG': 0.3, 'LQD': 0.2, 'GLD': 0.1}",0.0
1354492800000,2012-12-03,233795.81284277208,"{'SPY': 0.4, 'HYG': 0.3, 'LQD': 0.2, 'GLD': 0.1}",0.0
1354579200000,2012-12-04,233465.10461884417,"{'SPY': 0.4, 'HYG': 0.3, 'LQD': 0.2, 'GLD': 0.1}",0.0
1354665600000,2012-12-05,233796.43688891715,"{'SPY': 0.4, 'HYG': 0.3, 'LQD': 0.2, 'GLD': 0.1}",0.0
1354752000000,2012-12-06,234288.15735213432,"{'SPY': 0.4, 'HYG': 0.3, 'LQD': 0.2, 'GLD': 0.1}",0.0
1354838400000,2012-12-07,234449.33882656245,"{'SPY': 0.4, 'HYG': 0.3, 'LQD': 0.2, 'GLD': 0.1}",0.0
1355097600000,2012-12-10,234682.37204100622,"{'SPY': 0.4, 'HYG': 0.3, 'LQD': 0.2, 'GLD': 0.1}",0.0
1355184000000,2012-12-11,235195.17764880974,"{'SPY': 0.4, 'HYG': 0.3, 'LQD': 0.2, 'GLD': 0.1}",0.0
1355270400000,2012-12-12,235326.52640849273,"{'SPY': 0.4, 'HYG': 0.3, 'LQD': 0.2, 'GLD': 0.1}",0.0
1355356800000,2012-12-13,234228.03828497793,"{'SPY': 0.4, 'HYG': 0.3, 'LQD': 0.2, 'GLD': 0.1}",0.0
1355443200000,2012-12-14,233827.8036283542,"{'SPY': 0.4, 'HYG': 0.3, 'LQD': 0.2, 'GLD': 0.1}",0.0
1355702400000,2012-12-17,235091.4458537459,"{'SPY': 0.4, 'HYG': 0.3, 'LQD': 0.2, 'GLD': 0.1}",0.0
1355788800000,2012-12-18,235721.42686402204,"{'SPY': 0.4, 'HYG': 0.3, 'LQD': 0.2, 'GLD': 0.1}",0.0
1355875200000,2012-12-19,235072.6904504787,"{'SPY': 0.4, 'HYG': 0.3, 'LQD': 0.2, 'GLD': 0.1}",0.0
1355961600000,2012-12-20,235624.0266319835,"{'SPY': 0.4, 'HYG': 0.3, 'LQD': 0.2, 'GLD': 0.1}",0.0
1356048000000,2012-12-21,234735.47643159644,"{'SPY': 0.4, 'HYG': 0.3, 'LQD': 0.2, 'GLD': 0.1}",0.0
1356307200000,2012-12-24,234201.85450251517,"{'SPY': 0.4, 'HYG': 0.3, 'LQD': 0.2, 'GLD': 0.1}",0.0
1356480000000,2012-12-26,234067.44557861803,"{'SPY': 0.4, 'HYG': 0.3, 'LQD': 0.2, 'GLD': 0.1}",0.0
1356566400000,2012-12-27,234291.64007627944,"{'SPY': 0.4, 'HYG': 0.3, 'LQD': 0.2, 'GLD': 0.1}",0.0
1356652800000,2012-12-28,233104.3161420531,"{'SPY': 0.4, 'HYG': 0.3, 'LQD': 0.2, 'GLD': 0.1}",0.0
1356912000000,2012-12-31,234865.5969555234,"{'SPY': 0.6, 'QQQ': 0.2, 'HYG': 0.1, 'GLD': 0.1}",0.0
1357084800000,2013-01-02,240358.41577460902,"{'SPY': 0.6, 'QQQ': 0.2, 'HYG': 0.1, 'GLD': 0.1}",0.0
1357171200000,2013-01-03,239418.04184613848,"{'SPY': 0.6, 'QQQ': 0.2, 'HYG': 0.1, 'GLD': 0.1}",0.0
1357257600000,2013-01-04,239793.74024274244,"{'SPY': 0.6, 'QQQ': 0.2, 'HYG': 0.1, 'GLD': 0.1}",0.0
1357516800000,2013-01-07,239284.41926401615,"{'SPY': 0.6, 'QQQ': 0.2, 'HYG': 0.1, 'GLD': 0.1}",0.0
1357603200000,2013-01-08,238929.72033071012,"{'SPY': 0.6, 'QQQ': 0.2, 'HYG': 0.1, 'GLD': 0.1}",0.0
1357689600000,2013-01-09,239509.11479460687,"{'SPY': 0.6, 'QQQ': 0.2, 'HYG': 0.1, 'GLD': 0.1}",0.0
1357776000000,2013-01-10,241201.51853894242,"{'SPY': 0.6, 'QQQ': 0.2, 'HYG': 0.1, 'GLD': 0.1}",0.0
1357862400000,2013-01-11,241162.761211908,"{'SPY': 0.6, 'QQQ': 0.2, 'HYG': 0.1, 'GLD': 0.1}",0.0
1358121600000,2013-01-14,240887.98986050233,"{'SPY': 0.6, 'QQQ': 0.2, 'HYG': 0.1, 'GLD': 0.1}",0.0
1358208000000,2013-01-15,240906.04691928695,"{'SPY': 0.6, 'QQQ': 0.2, 'HYG': 0.1, 'GLD': 0.1}",0.0
1358294400000,2013-01-16,241054.24290321663,"{'SPY': 0.6, 'QQQ': 0.2, 'HYG': 0.1, 'GLD': 0.1}",0.0
1358380800000,2013-01-17,242409.84195726595,"{'SPY': 0.6, 'QQQ': 0.2, 'HYG': 0.1, 'GLD': 0.1}",0.0
1358467200000,2013-01-18,242620.72282518633,"{'SPY': 0.6, 'QQQ': 0.2, 'HYG': 0.1, 'GLD': 0.1}",0.0
1358812800000,2013-01-22,243587.11427759862,"{'SPY': 0.6, 'QQQ': 0.2, 'HYG': 0.1, 'GLD': 0.1}",0.0
1358899200000,2013-01-23,244022.88265609264,"{'SPY': 0.6, 'QQQ': 0.2, 'HYG': 0.1, 'GLD': 0.1}",0.0
1358985600000,2013-01-24,243177.04277453737,"{'SPY': 0.6, 'QQQ': 0.2, 'HYG': 0.1, 'GLD': 0.1}",0.0
1359072000000,2013-01-25,244121.75615257057,"{'SPY': 0.6, 'QQQ': 0.2, 'HYG': 0.1, 'GLD': 0.1}",0.0
1359331200000,2013-01-28,243988.0447149723,"{'SPY': 0.6, 'QQQ': 0.2, 'HYG': 0.1, 'GLD': 0.1}",0.0
1359417600000,2013-01-29,244636.19388548762,"{'SPY': 0.6, 'QQQ': 0.2, 'HYG': 0.1, 'GLD': 0.1}",0.0
1359504000000,2013-01-30,243966.00897256803,"{'SPY': 0.6, 'QQQ': 0.2, 'HYG': 0.1, 'GLD': 0.1}",0.0
1359590400000,2013-01-31,243271.66961677474,"{'SPY': 0.6, 'QQQ': 0.2, 'HYG': 0.1, 'GLD': 0.1}",0.0
1359676800000,2013-02-01,245466.40351796953,"{'SPY': 0.6, 'QQQ': 0.2, 'HYG': 0.1, 'GLD': 0.1}",0.0
1359936000000,2013-02-04,242935.91577092468,"{'SPY': 0.6, 'QQQ': 0.2, 'HYG': 0.1, 'GLD': 0.1}",0.0
1360022400000,2013-02-05,245172.86484830896,"{'SPY': 0.6, 'QQQ': 0.2, 'HYG': 0.1, 'GLD': 0.1}",0.0
1360108800000,2013-02-06,245148.31264946022,"{'SPY': 0.6, 'QQQ': 0.2, 'HYG': 0.1, 'GLD': 0.1}",0.0
1360195200000,2013-02-07,244867.0636598287,"{'SPY': 0.6, 'QQQ': 0.2, 'HYG': 0.1, 'GLD': 0.1}",0.0
1360281600000,2013-02-08,246151.15189273778,"{'SPY': 0.6, 'QQQ': 0.2, 'HYG': 0.1, 'GLD': 0.1}",0.0
1360540800000,2013-02-11,245848.87818386828,"{'SPY': 0.6, 'QQQ': 0.2, 'HYG': 0.1, 'GLD': 0.1}",0.0
1360627200000,2013-02-12,246003.31408711185,"{'SPY': 0.6, 'QQQ': 0.2, 'HYG': 0.1, 'GLD': 0.1}",0.0
1360713600000,2013-02-13,246211.48008712777,"{'SPY': 0.6, 'QQQ': 0.2, 'HYG': 0.1, 'GLD': 0.1}",0.0
1360800000000,2013-02-14,246213.99602130317,"{'SPY': 0.6, 'QQQ': 0.2, 'HYG': 0.1, 'GLD': 0.1}",0.0
1360886400000,2013-02-15,245494.5294799807,"{'SPY': 0.6, 'QQQ': 0.2, 'HYG': 0.1, 'GLD': 0.1}",0.0
1361232000000,2013-02-19,246909.37461066656,"{'SPY': 0.6, 'QQQ': 0.2, 'HYG': 0.1, 'GLD': 0.1}",0.0
1361318400000,2013-02-20,243661.0350626238,"{'SPY': 0.6, 'QQQ': 0.2, 'HYG': 0.1, 'GLD': 0.1}",0.0
1361404800000,2013-02-21,242466.01899292335,"{'SPY': 0.6, 'QQQ': 0.2, 'HYG': 0.1, 'GLD': 0.1}",0.0
1361491200000,2013-02-22,244491.7761474028,"{'SPY': 0.6, 'QQQ': 0.2, 'HYG': 0.1, 'GLD': 0.1}",0.0
1361750400000,2013-02-25,241239.47027912768,"{'SPY': 0.6, 'QQQ': 0.2, 'HYG': 0.1, 'GLD': 0.1}",0.0
1361836800000,2013-02-26,242824.80127062497,"{'SPY': 0.6, 'QQQ': 0.2, 'HYG': 0.1, 'GLD': 0.1}",0.0
1361923200000,2013-02-27,244941.37379007408,"{'SPY': 0.6, 'QQQ': 0.2, 'HYG': 0.1, 'GLD': 0.1}",0.0
1362009600000,2013-02-28,244289.92121758382,"{'SPY': 0.6, 'QQQ': 0.2, 'HYG': 0.1, 'GLD': 0.1}",0.0
1362096000000,2013-03-01,244936.46308955082,"{'SPY': 0.6, 'QQQ': 0.2, 'HYG': 0.1, 'GLD': 0.1}",0.0
1362355200000,2013-03-04,245917.1799606455,"{'SPY': 0.6, 'QQQ': 0.2, 'HYG': 0.1, 'GLD': 0.1}",0.0
1362441600000,2013-03-05,248028.47917647182,"{'SPY': 0.6, 'QQQ': 0.2, 'HYG': 0.1, 'GLD': 0.1}",0.0
1362528000000,2013-03-06,248230.86949682675,"{'SPY': 0.6, 'QQQ': 0.2, 'HYG': 0.1, 'GLD': 0.1}",0.0
1362614400000,2013-03-07,248580.7089622956,"{'SPY': 0.6, 'QQQ': 0.2, 'HYG': 0.1, 'GLD': 0.1}",0.0
1362700800000,2013-03-08,249306.91785938985,"{'SPY': 0.6, 'QQQ': 0.2, 'HYG': 0.1, 'GLD': 0.1}",0.0
1362960000000,2013-03-11,250049.52002489945,"{'SPY': 0.6, 'QQQ': 0.2, 'HYG': 0.1, 'GLD': 0.1}",0.0
1363046400000,2013-03-12,249717.2826260587,"{'SPY': 0.6, 'QQQ': 0.2, 'HYG': 0.1, 'GLD': 0.1}",0.0
1363132800000,2013-03-13,249783.02244154023,"{'SPY': 0.6, 'QQQ': 0.2, 'HYG': 0.1, 'GLD': 0.1}",0.0
1363219200000,2013-03-14,250847.2690809095,"{'SPY': 0.6, 'QQQ': 0.2, 'HYG': 0.1, 'GLD': 0.1}",0.0
1363305600000,2013-03-15,250558.65709765872,"{'SPY': 0.6, 'QQQ': 0.2, 'HYG': 0.1, 'GLD': 0.1}",0.0
1363564800000,2013-03-18,249849.05564017853,"{'SPY': 0.6, 'QQQ': 0.2, 'HYG': 0.1, 'GLD': 0.1}",0.0
1363651200000,2013-03-19,249475.99706466007,"{'SPY': 0.6, 'QQQ': 0.2, 'HYG': 0.1, 'GLD': 0.1}",0.0
1363737600000,2013-03-20,250841.1782288165,"{'SPY': 0.6, 'QQQ': 0.2, 'HYG': 0.1, 'GLD': 0.1}",0.0
1363824000000,2013-03-21,249083.0017914542,"{'SPY': 0.6, 'QQQ': 0.2, 'HYG': 0.1, 'GLD': 0.1}",0.0
1363910400000,2013-03-22,250637.5399295644,"{'SPY': 0.6, 'QQQ': 0.2, 'HYG': 0.1, 'GLD': 0.1}",0.0
1364169600000,2013-03-25,249739.41389885437,"{'SPY': 0.6, 'QQQ': 0.2, 'HYG': 0.1, 'GLD': 0.1}",0.0
1364256000000,2013-03-26,251170.43982988546,"{'SPY': 0.6, 'QQQ': 0.2, 'HYG': 0.1, 'GLD': 0.1}",0.0
1364342400000,2013-03-27,251297.51400045896,"{'SPY': 0.6, 'QQQ': 0.2, 'HYG': 0.1, 'GLD': 0.1}",0.0
1364428800000,2013-03-28,251783.18165471338,"{'SPY': 0.6, 'QQQ': 0.2, 'HYG': 0.1, 'GLD': 0.1}",0.0
1364774400000,2013-04-01,250923.12954326652,"{'SPY': 0.6, 'QQQ': 0.2, 'HYG': 0.1, 'GLD': 0.1}",0.0
1364860800000,2013-04-02,251679.58089667122,"{'SPY': 0.6, 'QQQ': 0.2, 'HYG': 0.1, 'GLD': 0.1}",0.0
1364947200000,2013-04-03,249408.50534051398,"{'SPY': 0.6, 'QQQ': 0.2, 'HYG': 0.1, 'GLD': 0.1}",0.0
1365033600000,2013-04-04,249949.6417366146,"{'SPY': 0.6, 'QQQ': 0.2, 'HYG': 0.1, 'GLD': 0.1}",0.0
1365120000000,2013-04-05,249302.71994910904,"{'SPY': 0.6, 'QQQ': 0.2, 'HYG': 0.1, 'GLD': 0.1}",0.0
1365379200000,2013-04-08,250499.96102661095,"{'SPY': 0.6, 'QQQ': 0.2, 'HYG': 0.1, 'GLD': 0.1}",0.0
1365465600000,2013-04-09,251631.4804995148,"{'SPY': 0.6, 'QQQ': 0.2, 'HYG': 0.1, 'GLD': 0.1}",0.0
1365552000000,2013-04-10,254117.6155155796,"{'SPY': 0.6, 'QQQ': 0.2, 'HYG': 0.1, 'GLD': 0.1}",0.0
1365638400000,2013-04-11,254646.13642664667,"{'SPY': 0.6, 'QQQ': 0.2, 'HYG': 0.1, 'GLD': 0.1}",0.0
1365724800000,2013-04-12,253046.49631363823,"{'SPY': 0.6, 'QQQ': 0.2, 'HYG': 0.1, 'GLD': 0.1}",0.0
1365984000000,2013-04-15,246147.3058598252,"{'SPY': 0.6, 'QQQ': 0.2, 'HYG': 0.1, 'GLD': 0.1}",0.0
1366070400000,2013-04-16,249430.22353147203,"{'SPY': 0.6, 'QQQ': 0.2, 'HYG': 0.1, 'GLD': 0.1}",0.0
1366156800000,2013-04-17,246240.59488636407,"{'SPY': 0.6, 'QQQ': 0.2, 'HYG': 0.1, 'GLD': 0.1}",0.0
1366243200000,2013-04-18,244863.00433713873,"{'SPY': 0.6, 'QQQ': 0.2, 'HYG': 0.1, 'GLD': 0.1}",0.0
1366329600000,2013-04-19,247011.31645714847,"{'SPY': 0.6, 'QQQ': 0.2, 'HYG': 0.1, 'GLD': 0.1}",0.0
1366588800000,2013-04-22,248677.53934884712,"{'SPY': 0.6, 'QQQ': 0.2, 'HYG': 0.1, 'GLD': 0.1}",0.0
1366675200000,2013-04-23,250606.16847411756,"{'SPY': 0.6, 'QQQ': 0.2, 'HYG': 0.1, 'GLD': 0.1}",0.0
1366761600000,2013-04-24,250997.43927907752,"{'SPY': 0.6, 'QQQ': 0.2, 'HYG': 0.1, 'GLD': 0.1}",0.0
1366848000000,2013-04-25,252535.3899211582,"{'SPY': 0.6, 'QQQ': 0.2, 'HYG': 0.1, 'GLD': 0.1}",0.0
1366934400000,2013-04-26,251953.67275496834,"{'SPY': 0.6, 'QQQ': 0.2, 'HYG': 0.1, 'GLD': 0.1}",0.0
1367193600000,2013-04-29,253726.03163450886,"{'SPY': 0.6, 'QQQ': 0.2, 'HYG': 0.1, 'GLD': 0.1}",0.0
1367280000000,2013-04-30,254621.156379375,"{'SPY': 0.6, 'QQQ': 0.2, 'HYG': 0.1, 'GLD': 0.1}",0.0
1367366400000,2013-05-01,252699.52964419383,"{'SPY': 0.6, 'QQQ': 0.2, 'HYG': 0.1, 'GLD': 0.1}",0.0
1367452800000,2013-05-02,255053.65105692978,"{'SPY': 0.6, 'QQQ': 0.2, 'HYG': 0.1, 'GLD': 0.1}",0.0
1367539200000,2013-05-03,257277.14939446648,"{'SPY': 0.6, 'QQQ': 0.2, 'HYG': 0.1, 'GLD': 0.1}",0.0
1367798400000,2013-05-06,257896.02116259257,"{'SPY': 0.6, 'QQQ': 0.2, 'HYG': 0.1, 'GLD': 0.1}",0.0
1367884800000,2013-05-07,258312.0426312,"{'SPY': 0.6, 'QQQ': 0.2, 'HYG': 0.1, 'GLD': 0.1}",0.0
1367971200000,2013-05-08,259741.44877003573,"{'SPY': 0.6, 'QQQ': 0.2, 'HYG': 0.1, 'GLD': 0.1}",0.0
1368057600000,2013-05-09,258854.83738360915,"{'SPY': 0.6, 'QQQ': 0.2, 'HYG': 0.1, 'GLD': 0.1}",0.0
1368144000000,2013-05-10,259316.6384316298,"{'SPY': 0.6, 'QQQ': 0.2, 'HYG': 0.1, 'GLD': 0.1}",0.0
1368403200000,2013-05-13,259181.15285996645,"{'SPY': 0.6, 'QQQ': 0.2, 'HYG': 0.1, 'GLD': 0.1}",0.0
1368489600000,2013-05-14,260968.57589217124,"{'SPY': 0.6, 'QQQ': 0.2, 'HYG': 0.1, 'GLD': 0.1}",0.0
1368576000000,2013-05-15,261318.96999226953,"{'SPY': 0.6, 'QQQ': 0.2, 'HYG': 0.1, 'GLD': 0.1}",0.0
1368662400000,2013-05-16,260484.42426463065,"{'SPY': 0.6, 'QQQ': 0.2, 'HYG': 0.1, 'GLD': 0.1}",0.0
1368748800000,2013-05-17,261912.72794973524,"{'SPY': 0.6, 'QQQ': 0.2, 'HYG': 0.1, 'GLD': 0.1}",0.0
1369008000000,2013-05-20,262662.4742042973,"{'SPY': 0.6, 'QQQ': 0.2, 'HYG': 0.1, 'GLD': 0.1}",0.0
1369094400000,2013-05-21,262559.7633052336,"{'SPY': 0.6, 'QQQ': 0.2, 'HYG': 0.1, 'GLD': 0.1}",0.0
1369180800000,2013-05-22,260584.08668226458,"{'SPY': 0.6, 'QQQ': 0.2, 'HYG': 0.1, 'GLD': 0.1}",0.0
1369267200000,2013-05-23,260467.61191114795,"{'SPY': 0.6, 'QQQ': 0.2, 'HYG': 0.1, 'GLD': 0.1}",0.0
1369353600000,2013-05-24,260093.1311959239,"{'SPY': 0.6, 'QQQ': 0.2, 'HYG': 0.1, 'GLD': 0.1}",0.0
1369699200000,2013-05-28,261219.24384124888,"{'SPY': 0.6, 'QQQ': 0.2, 'HYG': 0.1, 'GLD': 0.1}",0.0
1369785600000,2013-05-29,260110.8963999351,"{'SPY': 0.6, 'QQQ': 0.2, 'HYG': 0.1, 'GLD': 0.1}",0.0
1369872000000,2013-05-30,261376.39163155775,"{'SPY': 0.6, 'QQQ': 0.2, 'HYG': 0.1, 'GLD': 0.1}",0.0
1369958400000,2013-05-31,257766.2876546122,"{'SPY': 0.6, 'QQQ': 0.2, 'HYG': 0.1, 'GLD': 0.1}",0.0
1370217600000,2013-06-03,259185.3535717145,"{'SPY': 0.6, 'QQQ': 0.2, 'HYG': 0.1, 'GLD': 0.1}",0.0
1370304000000,2013-06-04,257926.284243517,"{'SPY': 0.6, 'QQQ': 0.2, 'HYG': 0.1, 'GLD': 0.1}",0.0
1370390400000,2013-06-05,254920.14647035665,"{'SPY': 0.6, 'QQQ': 0.2, 'HYG': 0.1, 'GLD': 0.1}",0.0
1370476800000,2013-06-06,256943.0208120673,"{'SPY': 0.6, 'QQQ': 0.2, 'HYG': 0.1, 'GLD': 0.1}",0.0
1370563200000,2013-06-07,259011.8999790875,"{'SPY': 0.6, 'QQQ': 0.2, 'HYG': 0.1, 'GLD': 0.1}",0.0
1370822400000,2013-06-10,259108.0010525673,"{'SPY': 0.6, 'QQQ': 0.2, 'HYG': 0.1, 'GLD': 0.1}",0.0
1370908800000,2013-06-11,256695.24309355678,"{'SPY': 0.6, 'QQQ': 0.2, 'HYG': 0.1, 'GLD': 0.1}",0.0
1370995200000,2013-06-12,255039.4360335696,"{'SPY': 0.6, 'QQQ': 0.2, 'HYG': 0.1, 'GLD': 0.1}",0.0
1371081600000,2013-06-13,258208.03946780134,"{'SPY': 0.6, 'QQQ': 0.2, 'HYG': 0.1, 'GLD': 0.1}",0.0
1371168000000,2013-06-14,257059.37679586816,"{'SPY': 0.6, 'QQQ': 0.2, 'HYG': 0.1, 'GLD': 0.1}",0.0
1371427200000,2013-06-17,258619.30120606488,"{'SPY': 0.6, 'QQQ': 0.2, 'HYG': 0.1, 'GLD': 0.1}",0.0
1371513600000,2013-06-18,260018.36975840427,"{'SPY': 0.6, 'QQQ': 0.2, 'HYG': 0.1, 'GLD': 0.1}",0.0
1371600000000,2013-06-19,256591.63279380224,"{'SPY': 0.6, 'QQQ': 0.2, 'HYG': 0.1, 'GLD': 0.1}",0.0
1371686400000,2013-06-20,249931.24011341872,"{'SPY': 0.6, 'QQQ': 0.2, 'HYG': 0.1, 'GLD': 0.1}",0.0
1371772800000,2013-06-21,250278.02315148182,"{'SPY': 0.6, 'QQQ': 0.2, 'HYG': 0.1, 'GLD': 0.1}",0.0
1372032000000,2013-06-24,247350.54235818965,"{'SPY': 0.6, 'QQQ': 0.2, 'HYG': 0.1, 'GLD': 0.1}",0.0
1372118400000,2013-06-25,249400.25849839897,"{'SPY': 0.6, 'QQQ': 0.2, 'HYG': 0.1, 'GLD': 0.1}",0.0
1372204800000,2013-06-26,250487.89700725532,"{'SPY': 0.6, 'QQQ': 0.2, 'HYG': 0.1, 'GLD': 0.1}",0.0
1372291200000,2013-06-27,251207.76326692937,"{'SPY': 0.6, 'QQQ': 0.2, 'HYG': 0.1, 'GLD': 0.1}",0.0
1372377600000,2013-06-28,251177.3817412827,"{'SPY': 0.6, 'QQQ': 0.2, 'HYG': 0.1, 'GLD': 0.1}",0.0
1372636800000,2013-07-01,252932.7380258208,"{'SPY': 0.6, 'QQQ': 0.2, 'HYG': 0.1, 'GLD': 0.1}",0.0
1372723200000,2013-07-02,252509.43636013046,"{'SPY': 0.6, 'QQQ': 0.2, 'HYG': 0.1, 'GLD': 0.1}",0.0
1372809600000,2013-07-03,252982.99011594307,"{'SPY': 0.6, 'QQQ': 0.2, 'HYG': 0.1, 'GLD': 0.1}",0.0
1372982400000,2013-07-05,254181.44337747138,"{'SPY': 0.6, 'QQQ': 0.2, 'HYG': 0.1, 'GLD': 0.1}",0.0
1373241600000,2013-07-08,255757.035068356,"{'SPY': 0.6, 'QQQ': 0.2, 'HYG': 0.1, 'GLD': 0.1}",0.0
1373328000000,2013-07-09,257422.85389747136,"{'SPY': 0.6, 'QQQ': 0.2, 'HYG': 0.1, 'GLD': 0.1}",0.0
1373414400000,2013-07-10,257946.92965386025,"{'SPY': 0.6, 'QQQ': 0.2, 'HYG': 0.1, 'GLD': 0.1}",0.0
1373500800000,2013-07-11,262105.40726639444,"{'SPY': 0.6, 'QQQ': 0.2, 'HYG': 0.1, 'GLD': 0.1}",0.0
1373587200000,2013-07-12,262353.2227090568,"{'SPY': 0.6, 'QQQ': 0.2, 'HYG': 0.1, 'GLD': 0.1}",0.0
1373846400000,2013-07-15,263194.2455485589,"{'SPY': 0.6, 'QQQ': 0.2, 'HYG': 0.1, 'GLD': 0.1}",0.0
1373932800000,2013-07-16,262618.19540124154,"{'SPY': 0.6, 'QQQ': 0.2, 'HYG': 0.1, 'GLD': 0.1}",0.0
1374019200000,2013-07-17,263017.5007555528,"{'SPY': 0.6, 'QQQ': 0.2, 'HYG': 0.1, 'GLD': 0.1}",0.0
1374105600000,2013-07-18,264054.5336248074,"{'SPY': 0.6, 'QQQ': 0.2, 'HYG': 0.1, 'GLD': 0.1}",0.0
1374192000000,2013-07-19,264006.8612737305,"{'SPY': 0.6, 'QQQ': 0.2, 'HYG': 0.1, 'GLD': 0.1}",0.0
1374451200000,2013-07-22,265278.41554104903,"{'SPY': 0.6, 'QQQ': 0.2, 'HYG': 0.1, 'GLD': 0.1}",0.0
1374537600000,2013-07-23,264664.4824268731,"{'SPY': 0.6, 'QQQ': 0.2, 'HYG': 0.1, 'GLD': 0.1}",0.0
1374624000000,2013-07-24,263575.43030284235,"{'SPY': 0.6, 'QQQ': 0.2, 'HYG': 0.1, 'GLD': 0.1}",0.0
1374710400000,2013-07-25,264479.2102586382,"{'SPY': 0.6, 'QQQ': 0.2, 'HYG': 0.1, 'GLD': 0.1}",0.0
1374796800000,2013-07-26,264964.5268239246,"{'SPY': 0.6, 'QQQ': 0.2, 'HYG': 0.1, 'GLD': 0.1}",0.0
1375056000000,2013-07-29,264256.24130833463,"{'SPY': 0.6, 'QQQ': 0.2, 'HYG': 0.1, 'GLD': 0.1}",0.0
1375142400000,2013-07-30,264502.42816169886,"{'SPY': 0.6, 'QQQ': 0.2, 'HYG': 0.1, 'GLD': 0.1}",0.0
1375228800000,2013-07-31,264757.3474336293,"{'SPY': 0.6, 'QQQ': 0.2, 'HYG': 0.1, 'GLD': 0.1}",0.0
1375315200000,2013-08-01,266601.24337684124,"{'SPY': 0.6, 'QQQ': 0.2, 'HYG': 0.1, 'GLD': 0.1}",0.0
1375401600000,2013-08-02,267282.92891415267,"{'SPY': 0.6, 'QQQ': 0.2, 'HYG': 0.1, 'GLD': 0.1}",0.0
1375660800000,2013-08-05,266807.21865572815,"{'SPY': 0.6, 'QQQ': 0.2, 'HYG': 0.1, 'GLD': 0.1}",0.0
1375747200000,2013-08-06,265185.4323405157,"{'SPY': 0.6, 'QQQ': 0.2, 'HYG': 0.1, 'GLD': 0.1}",0.0
1375833600000,2013-08-07,264527.52754600544,"{'SPY': 0.6, 'QQQ': 0.2, 'HYG': 0.1, 'GLD': 0.1}",0.0
1375920000000,2013-08-08,266007.5508214486,"{'SPY': 0.6, 'QQQ': 0.2, 'HYG': 0.1, 'GLD': 0.1}",0.0
1376006400000,2013-08-09,265335.1440762609,"{'SPY': 0.6, 'QQQ': 0.2, 'HYG': 0.1, 'GLD': 0.1}",0.0
1376265600000,2013-08-12,265723.5859415773,"{'SPY': 0.6, 'QQQ': 0.2, 'HYG': 0.1, 'GLD': 0.1}",0.0
1376352000000,2013-08-13,266207.0551320042,"{'SPY': 0.6, 'QQQ': 0.2, 'HYG': 0.1, 'GLD': 0.1}",0.0
1376438400000,2013-08-14,265397.712477576,"{'SPY': 0.6, 'QQQ': 0.2, 'HYG': 0.1, 'GLD': 0.1}",0.0
1376524800000,2013-08-15,262688.97055045643,"{'SPY': 0.6, 'QQQ': 0.2, 'HYG': 0.1, 'GLD': 0.1}",0.0
1376611200000,2013-08-16,262234.9982659655,"{'SPY': 0.6, 'QQQ': 0.2, 'HYG': 0.1, 'GLD': 0.1}",0.0
1376870400000,2013-08-19,260852.40691433678,"{'SPY': 0.6, 'QQQ': 0.2, 'HYG': 0.1, 'GLD': 0.1}",0.0
1376956800000,2013-08-20,262177.983127261,"{'SPY': 0.6, 'QQQ': 0.2, 'HYG': 0.1, 'GLD': 0.1}",0.0
1377043200000,2013-08-21,260858.2287441632,"{'SPY': 0.6, 'QQQ': 0.2, 'HYG': 0.1, 'GLD': 0.1}",0.0
1377129600000,2013-08-22,263084.3603115023,"{'SPY': 0.6, 'QQQ': 0.2, 'HYG': 0.1, 'GLD': 0.1}",0.0
1377216000000,2013-08-23,264492.9363504382,"{'SPY': 0.6, 'QQQ': 0.2, 'HYG': 0.1, 'GLD': 0.1}",0.0
1377475200000,2013-08-26,264040.69891483244,"{'SPY': 0.6, 'QQQ': 0.2, 'HYG': 0.1, 'GLD': 0.1}",0.0
1377561600000,2013-08-27,260494.57677957613,"{'SPY': 0.6, 'QQQ': 0.2, 'HYG': 0.1, 'GLD': 0.1}",0.0
1377648000000,2013-08-28,261340.64157789105,"{'SPY': 0.6, 'QQQ': 0.2, 'HYG': 0.1, 'GLD': 0.1}",0.0
1377734400000,2013-08-29,261902.27531127125,"{'SPY': 0.6, 'QQQ': 0.2, 'HYG': 0.1, 'GLD': 0.1}",0.0
1377820800000,2013-08-30,260802.77264793735,"{'SPY': 0.6, 'QQQ': 0.2, 'HYG': 0.1, 'GLD': 0.1}",0.0
1378166400000,2013-09-03,262018.47834254592,"{'SPY': 0.6, 'QQQ': 0.2, 'HYG': 0.1, 'GLD': 0.1}",0.0
1378252800000,2013-09-04,263638.93799836026,"{'SPY': 0.6, 'QQQ': 0.2, 'HYG': 0.1, 'GLD': 0.1}",0.0
1378339200000,2013-09-05,263313.40217424836,"{'SPY': 0.6, 'QQQ': 0.2, 'HYG': 0.1, 'GLD': 0.1}",0.0
1378425600000,2013-09-06,263927.093610575,"{'SPY': 0.6, 'QQQ': 0.2, 'HYG': 0.1, 'GLD': 0.1}",0.0
1378684800000,2013-09-09,266080.90417926724,"{'SPY': 0.6, 'QQQ': 0.2, 'HYG': 0.1, 'GLD': 0.1}",0.0
1378771200000,2013-09-10,267184.2506416193,"{'SPY': 0.6, 'QQQ': 0.2, 'HYG': 0.1, 'GLD': 0.1}",0.0
1378857600000,2013-09-11,267611.9359853302,"{'SPY': 0.6, 'QQQ': 0.2, 'HYG': 0.1, 'GLD': 0.1}",0.0
1378944000000,2013-09-12,266299.9982154436,"{'SPY': 0.6, 'QQQ': 0.2, 'HYG': 0.1, 'GLD': 0.1}",0.0
1379030400000,2013-09-13,266704.30216199835,"{'SPY': 0.6, 'QQQ': 0.2, 'HYG': 0.1, 'GLD': 0.1}",0.0
1379289600000,2013-09-16,267347.557467466,"{'SPY': 0.6, 'QQQ': 0.2, 'HYG': 0.1, 'GLD': 0.1}",0.0
1379376000000,2013-09-17,268518.7522532327,"{'SPY': 0.6, 'QQQ': 0.2, 'HYG': 0.1, 'GLD': 0.1}",0.0
1379462400000,2013-09-18,272454.4117873652,"{'SPY': 0.6, 'QQQ': 0.2, 'HYG': 0.1, 'GLD': 0.1}",0.0
1379548800000,2013-09-19,272177.9940503165,"{'SPY': 0.6, 'QQQ': 0.2, 'HYG': 0.1, 'GLD': 0.1}",0.0
1379635200000,2013-09-20,270034.12136254716,"{'SPY': 0.6, 'QQQ': 0.2, 'HYG': 0.1, 'GLD': 0.1}",0.0
1379894400000,2013-09-23,269085.5334489511,"{'SPY': 0.6, 'QQQ': 0.2, 'HYG': 0.1, 'GLD': 0.1}",0.0
1379980800000,2013-09-24,268670.40106231585,"{'SPY': 0.6, 'QQQ': 0.2, 'HYG': 0.1, 'GLD': 0.1}",0.0
1380067200000,2013-09-25,268211.58092843246,"{'SPY': 0.6, 'QQQ': 0.2, 'HYG': 0.1, 'GLD': 0.1}",0.0
1380153600000,2013-09-26,269024.11508905893,"{'SPY': 0.6, 'QQQ': 0.2, 'HYG': 0.1, 'GLD': 0.1}",0.0
1380240000000,2013-09-27,268433.3895988494,"{'SPY': 0.6, 'QQQ': 0.2, 'HYG': 0.1, 'GLD': 0.1}",0.0
1380499200000,2013-09-30,267205.74105304986,"{'SPY': 0.6, 'QQQ': 0.2, 'HYG': 0.1, 'GLD': 0.1}",0.0
1380585600000,2013-10-01,268384.38681468833,"{'SPY': 0.6, 'QQQ': 0.2, 'HYG': 0.1, 'GLD': 0.1}",0.0
1380672000000,2013-10-02,268755.76406781294,"{'SPY': 0.6, 'QQQ': 0.2, 'HYG': 0.1, 'GLD': 0.1}",0.0
1380758400000,2013-10-03,266684.26368745894,"{'SPY': 0.6, 'QQQ': 0.2, 'HYG': 0.1, 'GLD': 0.1}",0.0
1380844800000,2013-10-04,268267.56475197803,"{'SPY': 0.6, 'QQQ': 0.2, 'HYG': 0.1, 'GLD': 0.1}",0.0
1381104000000,2013-10-07,266595.4057959257,"{'SPY': 0.6, 'QQQ': 0.2, 'HYG': 0.1, 'GLD': 0.1}",0.0
1381190400000,2013-10-08,263641.3932276598,"{'SPY': 0.6, 'QQQ': 0.2, 'HYG': 0.1, 'GLD': 0.1}",0.0
1381276800000,2013-10-09,263348.2928169158,"{'SPY': 0.6, 'QQQ': 0.2, 'HYG': 0.1, 'GLD': 0.1}",0.0
1381363200000,2013-10-10,267606.4019906565,"{'SPY': 0.6, 'QQQ': 0.2, 'HYG': 0.1, 'GLD': 0.1}",0.0
1381449600000,2013-10-11,268752.93176862184,"{'SPY': 0.6, 'QQQ': 0.2, 'HYG': 0.1, 'GLD': 0.1}",0.0
1381708800000,2013-10-14,269868.10125649744,"{'SPY': 0.6, 'QQQ': 0.2, 'HYG': 0.1, 'GLD': 0.1}",0.0
1381795200000,2013-10-15,268672.7596453846,"{'SPY': 0.6, 'QQQ': 0.2, 'HYG': 0.1, 'GLD': 0.1}",0.0
1381881600000,2013-10-16,271633.9484931131,"{'SPY': 0.6, 'QQQ': 0.2, 'HYG': 0.1, 'GLD': 0.1}",0.0
1381968000000,2013-10-17,274019.04567616776,"{'SPY': 0.6, 'QQQ': 0.2, 'HYG': 0.1, 'GLD': 0.1}",0.0
1382054400000,2013-10-18,275950.91663134756,"{'SPY': 0.6, 'QQQ': 0.2, 'HYG': 0.1, 'GLD': 0.1}",0.0
1382313600000,2013-10-21,276047.4421823233,"{'SPY': 0.6, 'QQQ': 0.2, 'HYG': 0.1, 'GLD': 0.1}",0.0
1382400000000,2013-10-22,277683.10988669744,"{'SPY': 0.6, 'QQQ': 0.2, 'HYG': 0.1, 'GLD': 0.1}",0.0
1382486400000,2013-10-23,276432.7238518096,"{'SPY': 0.6, 'QQQ': 0.2, 'HYG': 0.1, 'GLD': 0.1}",0.0
1382572800000,2013-10-24,277495.41802150564,"{'SPY': 0.6, 'QQQ': 0.2, 'HYG': 0.1, 'GLD': 0.1}",0.0
1382659200000,2013-10-25,278782.22095160244,"{'SPY': 0.6, 'QQQ': 0.2, 'HYG': 0.1, 'GLD': 0.1}",0.0
1382918400000,2013-10-28,279077.292319127,"{'SPY': 0.6, 'QQQ': 0.2, 'HYG': 0.1, 'GLD': 0.1}",0.0
1383004800000,2013-10-29,279940.54718176095,"{'SPY': 0.6, 'QQQ': 0.2, 'HYG': 0.1, 'GLD': 0.1}",0.0
1383091200000,2013-10-30,278902.23404462513,"{'SPY': 0.6, 'QQQ': 0.2, 'HYG': 0.1, 'GLD': 0.1}",0.0
1383177600000,2013-10-31,277914.52343733935,"{'SPY': 0.6, 'QQQ': 0.2, 'HYG': 0.1, 'GLD': 0.1}",0.0
1383264000000,2013-11-01,278106.6444687696,"{'SPY': 0.6, 'QQQ': 0.2, 'HYG': 0.1, 'GLD': 0.1}",0.0
1383523200000,2013-11-04,278791.6570143199,"{'SPY': 0.6, 'QQQ': 0.2, 'HYG': 0.1, 'GLD': 0.1}",0.0
1383609600000,2013-11-05,278192.5237599629,"{'SPY': 0.6, 'QQQ': 0.2, 'HYG': 0.1, 'GLD': 0.1}",0.0
1383696000000,2013-11-06,279253.0004024976,"{'SPY': 0.6, 'QQQ': 0.2, 'HYG': 0.1, 'GLD': 0.1}",0.0
1383782400000,2013-11-07,275874.60178015695,"{'SPY': 0.6, 'QQQ': 0.2, 'HYG': 0.1, 'GLD': 0.1}",0.0
1383868800000,2013-11-08,278394.417314523,"{'SPY': 0.6, 'QQQ': 0.2, 'HYG': 0.1, 'GLD': 0.1}",0.0
1384128000000,2013-11-11,278138.2856306734,"{'SPY': 0.6, 'QQQ': 0.2, 'HYG': 0.1, 'GLD': 0.1}",0.0
1384214400000,2013-11-12,277529.2535190167,"{'SPY': 0.6, 'QQQ': 0.2, 'HYG': 0.1, 'GLD': 0.1}",0.0
1384300800000,2013-11-13,279733.74441306177,"{'SPY': 0.6, 'QQQ': 0.2, 'HYG': 0.1, 'GLD': 0.1}",0.0
1384387200000,2013-11-14,281150.08952283394,"{'SPY': 0.6, 'QQQ': 0.2, 'HYG': 0.1, 'GLD': 0.1}",0.0
1384473600000,2013-11-15,282044.94762841536,"{'SPY': 0.6, 'QQQ': 0.2, 'HYG': 0.1, 'GLD': 0.1}",0.0
1384732800000,2013-11-18,280498.04774832685,"{'SPY': 0.6, 'QQQ': 0.2, 'HYG': 0.1, 'GLD': 0.1}",0.0
1384819200000,2013-11-19,279969.5583741805,"{'SPY': 0.6, 'QQQ': 0.2, 'HYG': 0.1, 'GLD': 0.1}",0.0
1384905600000,2013-11-20,278637.5002759489,"{'SPY': 0.6, 'QQQ': 0.2, 'HYG': 0.1, 'GLD': 0.1}",0.0
1384992000000,2013-11-21,280606.75474625005,"{'SPY': 0.6, 'QQQ': 0.2, 'HYG': 0.1, 'GLD': 0.1}",0.0
1385078400000,2013-11-22,281767.7682958256,"{'SPY': 0.6, 'QQQ': 0.2, 'HYG': 0.1, 'GLD': 0.1}",0.0
1385337600000,2013-11-25,281902.94292281196,"{'SPY': 0.6, 'QQQ': 0.2, 'HYG': 0.1, 'GLD': 0.1}",0.0
1385424000000,2013-11-26,282115.6345520683,"{'SPY': 0.6, 'QQQ': 0.2, 'HYG': 0.1, 'GLD': 0.1}",0.0
1385510400000,2013-11-27,282818.4205495091,"{'SPY': 0.6, 'QQQ': 0.2, 'HYG': 0.1, 'GLD': 0.1}",0.0
1385683200000,2013-11-29,283368.34016354365,"{'SPY': 0.6, 'QQQ': 0.2, 'HYG': 0.1, 'GLD': 0.1}",0.0
1385942400000,2013-12-02,282038.2319346539,"{'SPY': 0.6, 'QQQ': 0.2, 'HYG': 0.1, 'GLD': 0.1}",0.0
1386028800000,2013-12-03,281324.81759400613,"{'SPY': 0.6, 'QQQ': 0.2, 'HYG': 0.1, 'GLD': 0.1}",0.0
1386115200000,2013-12-04,281763.0311955401,"{'SPY': 0.6, 'QQQ': 0.2, 'HYG': 0.1, 'GLD': 0.1}",0.0
1386201600000,2013-12-05,280536.2390207379,"{'SPY': 0.6, 'QQQ': 0.2, 'HYG': 0.1, 'GLD': 0.1}",0.0
1386288000000,2013-12-06,282963.02597940515,"{'SPY': 0.6, 'QQQ': 0.2, 'HYG': 0.1, 'GLD': 0.1}",0.0
1386547200000,2013-12-09,284007.8318617873,"{'SPY': 0.6, 'QQQ': 0.2, 'HYG': 0.1, 'GLD': 0.1}",0.0
1386633600000,2013-12-10,283855.9686310885,"{'SPY': 0.6, 'QQQ': 0.2, 'HYG': 0.1, 'GLD': 0.1}",0.0
1386720000000,2013-12-11,280903.88891388086,"{'SPY': 0.6, 'QQQ': 0.2, 'HYG': 0.1, 'GLD': 0.1}",0.0
1386806400000,2013-12-12,279553.722867552,"{'SPY': 0.6, 'QQQ': 0.2, 'HYG': 0.1, 'GLD': 0.1}",0.0
1386892800000,2013-12-13,279765.22153361177,"{'SPY': 0.6, 'QQQ': 0.2, 'HYG': 0.1, 'GLD': 0.1}",0.0
1387152000000,2013-12-16,281218.06821930595,"{'SPY': 0.6, 'QQQ': 0.2, 'HYG': 0.1, 'GLD': 0.1}",0.0
1387238400000,2013-12-17,280327.9951743892,"{'SPY': 0.6, 'QQQ': 0.2, 'HYG': 0.1, 'GLD': 0.1}",0.0
1387324800000,2013-12-18,283653.92552578374,"{'SPY': 0.6, 'QQQ': 0.2, 'HYG': 0.1, 'GLD': 0.1}",0.0
1387411200000,2013-12-19,282595.8691655836,"{'SPY': 0.6, 'QQQ': 0.2, 'HYG': 0.1, 'GLD': 0.1}",0.0
1387497600000,2013-12-20,284451.56947840285,"{'SPY': 0.6, 'QQQ': 0.2, 'HYG': 0.1, 'GLD': 0.1}",0.0
1387756800000,2013-12-23,285892.48717606184,"{'SPY': 0.6, 'QQQ': 0.2, 'HYG': 0.1, 'GLD': 0.1}",0.0
1387843200000,2013-12-24,286410.31327170104,"{'SPY': 0.6, 'QQQ': 0.2, 'HYG': 0.1, 'GLD': 0.1}",0.0
1388016000000,2013-12-26,287658.683104339,"{'SPY': 0.6, 'QQQ': 0.2, 'HYG': 0.1, 'GLD': 0.1}",0.0
1388102400000,2013-12-27,287595.62648702046,"{'SPY': 0.6, 'QQQ': 0.2, 'HYG': 0.1, 'GLD': 0.1}",0.0
1388361600000,2013-12-30,287082.05010547984,"{'SPY': 0.6, 'QQQ': 0.2, 'HYG': 0.1, 'GLD': 0.1}",0.0
1388448000000,2013-12-31,288471.9554608398,"{'SPY': 0.6, 'QQQ': 0.2, 'HYG': 0.1, 'GLD': 0.1}",0.0
1388620800000,2014-01-02,286877.28840902355,"{'SPY': 0.6, 'QQQ': 0.2, 'HYG': 0.1, 'GLD': 0.1}",0.0
1388707200000,2014-01-03,286739.2703427598,"{'SPY': 0.6, 'QQQ': 0.2, 'HYG': 0.1, 'GLD': 0.1}",0.0
1388966400000,2014-01-06,286141.0158563706,"{'SPY': 0.6, 'QQQ': 0.2, 'HYG': 0.1, 'GLD': 0.1}",0.0
1389052800000,2014-01-07,287563.03121315385,"{'SPY': 0.6, 'QQQ': 0.2, 'HYG': 0.1, 'GLD': 0.1}",0.0
1389139200000,2014-01-08,287538.09848746826,"{'SPY': 0.6, 'QQQ': 0.2, 'HYG': 0.1, 'GLD': 0.1}",0.0
1389225600000,2014-01-09,287585.95689237997,"{'SPY': 0.6, 'QQQ': 0.2, 'HYG': 0.1, 'GLD': 0.1}",0.0
1389312000000,2014-01-10,288764.02293479315,"{'SPY': 0.6, 'QQQ': 0.2, 'HYG': 0.1, 'GLD': 0.1}",0.0
1389571200000,2014-01-13,285757.15525424987,"{'SPY': 0.6, 'QQQ': 0.2, 'HYG': 0.1, 'GLD': 0.1}",0.0
1389657600000,2014-01-14,288491.2634043466,"{'SPY': 0.6, 'QQQ': 0.2, 'HYG': 0.1, 'GLD': 0.1}",0.0
1389744000000,2014-01-15,289901.48380679626,"{'SPY': 0.6, 'QQQ': 0.2, 'HYG': 0.1, 'GLD': 0.1}",0.0
1389830400000,2014-01-16,289701.04467177717,"{'SPY': 0.6, 'QQQ': 0.2, 'HYG': 0.1, 'GLD': 0.1}",0.0
1389916800000,2014-01-17,288920.0409254729,"{'SPY': 0.6, 'QQQ': 0.2, 'HYG': 0.1, 'GLD': 0.1}",0.0
1390262400000,2014-01-21,289613.3908899036,"{'SPY': 0.6, 'QQQ': 0.2, 'HYG': 0.1, 'GLD': 0.1}",0.0
1390348800000,2014-01-22,289710.44211166445,"{'SPY': 0.6, 'QQQ': 0.2, 'HYG': 0.1, 'GLD': 0.1}",0.0
1390435200000,2014-01-23,288685.33513271395,"{'SPY': 0.6, 'QQQ': 0.2, 'HYG': 0.1, 'GLD': 0.1}",0.0
1390521600000,2014-01-24,283781.6781942924,"{'SPY': 0.6, 'QQQ': 0.2, 'HYG': 0.1, 'GLD': 0.1}",0.0
1390780800000,2014-01-27,282076.6754659665,"{'SPY': 0.6, 'QQQ': 0.2, 'HYG': 0.1, 'GLD': 0.1}",0.0
1390867200000,2014-01-28,283173.7083913703,"{'SPY': 0.6, 'QQQ': 0.2, 'HYG': 0.1, 'GLD': 0.1}",0.0
1390953600000,2014-01-29,281205.7925239761,"{'SPY': 0.6, 'QQQ': 0.2, 'HYG': 0.1, 'GLD': 0.1}",0.0
1391040000000,2014-01-30,283462.36688701663,"{'SPY': 0.6, 'QQQ': 0.2, 'HYG': 0.1, 'GLD': 0.1}",0.0
1391126400000,2014-01-31,282381.85417072795,"{'SPY': 0.6, 'QQQ': 0.2, 'HYG': 0.1, 'GLD': 0.1}",0.0
1391385600000,2014-02-03,277477.250234068,"{'SPY': 0.6, 'QQQ': 0.2, 'HYG': 0.1, 'GLD': 0.1}",0.0
1391472000000,2014-02-04,279009.1704000626,"{'SPY': 0.6, 'QQQ': 0.2, 'HYG': 0.1, 'GLD': 0.1}",0.0
1391558400000,2014-02-05,278723.78900763893,"{'SPY': 0.6, 'QQQ': 0.2, 'HYG': 0.1, 'GLD': 0.1}",0.0
1391644800000,2014-02-06,281727.7405494156,"{'SPY': 0.6, 'QQQ': 0.2, 'HYG': 0.1, 'GLD': 0.1}",0.0
1391731200000,2014-02-07,285186.7934408898,"{'SPY': 0.6, 'QQQ': 0.2, 'HYG': 0.1, 'GLD': 0.1}",0.0
1391990400000,2014-02-10,286021.18388493784,"{'SPY': 0.6, 'QQQ': 0.2, 'HYG': 0.1, 'GLD': 0.1}",0.0
1392076800000,2014-02-11,288934.8581801195,"{'SPY': 0.6, 'QQQ': 0.2, 'HYG': 0.1, 'GLD': 0.1}",0.0
1392163200000,2014-02-12,289101.03887429216,"{'SPY': 0.6, 'QQQ': 0.2, 'HYG': 0.1, 'GLD': 0.1}",0.0
1392249600000,2014-02-13,290755.33364667156,"{'SPY': 0.6, 'QQQ': 0.2, 'HYG': 0.1, 'GLD': 0.1}",0.0
1392336000000,2014-02-14,292266.1125963564,"{'SPY': 0.6, 'QQQ': 0.2, 'HYG': 0.1, 'GLD': 0.1}",0.0
1392681600000,2014-02-18,292860.0154044852,"{'SPY': 0.6, 'QQQ': 0.2, 'HYG': 0.1, 'GLD': 0.1}",0.0
1392768000000,2014-02-19,290959.63688138174,"{'SPY': 0.6, 'QQQ': 0.2, 'HYG': 0.1, 'GLD': 0.1}",0.0
1392854400000,2014-02-20,292658.90451683075,"{'SPY': 0.6, 'QQQ': 0.2, 'HYG': 0.1, 'GLD': 0.1}",0.0
1392940800000,2014-02-21,292400.9196801324,"{'SPY': 0.6, 'QQQ': 0.2, 'HYG': 0.1, 'GLD': 0.1}",0.0
1393200000000,2014-02-24,294074.46017317346,"{'SPY': 0.6, 'QQQ': 0.2, 'HYG': 0.1, 'GLD': 0.1}",0.0
1393286400000,2014-02-25,294027.056530621,"{'SPY': 0.6, 'QQQ': 0.2, 'HYG': 0.1, 'GLD': 0.1}",0.0
1393372800000,2014-02-26,293783.9715435513,"{'SPY': 0.6, 'QQQ': 0.2, 'HYG': 0.1, 'GLD': 0.1}",0.0
1393459200000,2014-02-27,295166.71635186224,"{'SPY': 0.6, 'QQQ': 0.2, 'HYG': 0.1, 'GLD': 0.1}",0.0
1393545600000,2014-02-28,295254.92473715125,"{'SPY': 0.25, 'TLT': 0.25, 'SHY': 0.25, 'GLD': 0.25}",0.0
1393804800000,2014-03-03,296814.8148238298,"{'SPY': 0.25, 'TLT': 0.25, 'SHY': 0.25, 'GLD': 0.25}",0.0
1393891200000,2014-03-04,295763.3098202904,"{'SPY': 0.25, 'TLT': 0.25, 'SHY': 0.25, 'GLD': 0.25}",0.0
1393977600000,2014-03-05,296135.57569688844,"{'SPY': 0.25, 'TLT': 0.25, 'SHY': 0.25, 'GLD': 0.25}",0.0
1394064000000,2014-03-06,296267.38341823034,"{'SPY': 0.25, 'TLT': 0.25, 'SHY': 0.25, 'GLD': 0.25}",0.0
1394150400000,2014-03-07,295166.05404184514,"{'SPY': 0.25, 'TLT': 0.25, 'SHY': 0.25, 'GLD': 0.25}",0.0
1394409600000,2014-03-10,295263.0570247745,"{'SPY': 0.25, 'TLT': 0.25, 'SHY': 0.25, 'GLD': 0.25}",0.0
1394496000000,2014-03-11,295510.3392100116,"{'SPY': 0.25, 'TLT': 0.25, 'SHY': 0.25, 'GLD': 0.25}",0.0
1394582400000,2014-03-12,297151.42481918226,"{'SPY': 0.25, 'TLT': 0.25, 'SHY': 0.25, 'GLD': 0.25}",0.0
1394668800000,2014-03-13,297615.3882606077,"{'SPY': 0.25, 'TLT': 0.25, 'SHY': 0.25, 'GLD': 0.25}",0.0
1394755200000,2014-03-14,297903.36242659006,"{'SPY': 0.25, 'TLT': 0.25, 'SHY': 0.25, 'GLD': 0.25}",0.0
1395014400000,2014-03-17,297177.70622443716,"{'SPY': 0.25, 'TLT': 0.25, 'SHY': 0.25, 'GLD': 0.25}",0.0
1395100800000,2014-03-18,297418.89199553354,"{'SPY': 0.25, 'TLT': 0.25, 'SHY': 0.25, 'GLD': 0.25}",0.0
1395187200000,2014-03-19,294881.53105656174,"{'SPY': 0.25, 'TLT': 0.25, 'SHY': 0.25, 'GLD': 0.25}",0.0
1395273600000,2014-03-20,295057.7925101598,"{'SPY': 0.25, 'TLT': 0.25, 'SHY': 0.25, 'GLD': 0.25}",0.0
1395360000000,2014-03-21,295931.5142391314,"{'SPY': 0.25, 'TLT': 0.25, 'SHY': 0.25, 'GLD': 0.25}",0.0
1395619200000,2014-03-24,294798.08028551016,"{'SPY': 0.25, 'TLT': 0.25, 'SHY': 0.25, 'GLD': 0.25}",0.0
1395705600000,2014-03-25,295013.7020441122,"{'SPY': 0.25, 'TLT': 0.25, 'SHY': 0.25, 'GLD': 0.25}",0.0
1395792000000,2014-03-26,294529.62728063815,"{'SPY': 0.25, 'TLT': 0.25, 'SHY': 0.25, 'GLD': 0.25}",0.0
1395878400000,2014-03-27,294254.13214305986,"{'SPY': 0.25, 'TLT': 0.25, 'SHY': 0.25, 'GLD': 0.25}",0.0
1395964800000,2014-03-28,294184.50368733675,"{'SPY': 0.25, 'TLT': 0.25, 'SHY': 0.25, 'GLD': 0.25}",0.0
1396224000000,2014-03-31,294088.24315666826,"{'SPY': 0.25, 'TLT': 0.25, 'SHY': 0.25, 'GLD': 0.25}",0.0
1396310400000,2014-04-01,293773.87631625345,"{'SPY': 0.25, 'TLT': 0.25, 'SHY': 0.25, 'GLD': 0.25}",0.0
1396396800000,2014-04-02,294125.0393959962,"{'SPY': 0.25, 'TLT': 0.25, 'SHY': 0.25, 'GLD': 0.25}",0.0
1396483200000,2014-04-03,294130.805580182,"{'SPY': 0.25, 'TLT': 0.25, 'SHY': 0.25, 'GLD': 0.25}",0.0
1396569600000,2014-04-04,294793.0003660134,"{'SPY': 0.25, 'TLT': 0.25, 'SHY': 0.25, 'GLD': 0.25}",0.0
1396828800000,2014-04-07,294041.5162512085,"{'SPY': 0.25, 'TLT': 0.25, 'SHY': 0.25, 'GLD': 0.25}",0.0
1396915200000,2014-04-08,295222.8935139158,"{'SPY': 0.25, 'TLT': 0.25, 'SHY': 0.25, 'GLD': 0.25}",0.0
1397001600000,2014-04-09,295821.54218518885,"{'SPY': 0.25, 'TLT': 0.25, 'SHY': 0.25, 'GLD': 0.25}",0.0
1397088000000,2014-04-10,295402.1432650359,"{'SPY': 0.25, 'TLT': 0.25, 'SHY': 0.25, 'GLD': 0.25}",0.0
1397174400000,2014-04-11,295279.99650119053,"{'SPY': 0.25, 'TLT': 0.25, 'SHY': 0.25, 'GLD': 0.25}",0.0
1397433600000,2014-04-14,296194.5536564405,"{'SPY': 0.25, 'TLT': 0.25, 'SHY': 0.25, 'GLD': 0.25}",0.0
1397520000000,2014-04-15,295800.3109454435,"{'SPY': 0.25, 'TLT': 0.25, 'SHY': 0.25, 'GLD': 0.25}",0.0
1397606400000,2014-04-16,296671.52819064213,"{'SPY': 0.25, 'TLT': 0.25, 'SHY': 0.25, 'GLD': 0.25}",0.0
1397692800000,2014-04-17,295477.6827712639,"{'SPY': 0.25, 'TLT': 0.25, 'SHY': 0.25, 'GLD': 0.25}",0.0
1398038400000,2014-04-21,295372.8771181371,"{'SPY': 0.25, 'TLT': 0.25, 'SHY': 0.25, 'GLD': 0.25}",0.0
1398124800000,2014-04-22,295648.5484011511,"{'SPY': 0.25, 'TLT': 0.25, 'SHY': 0.25, 'GLD': 0.25}",0.0
1398211200000,2014-04-23,295920.588602465,"{'SPY': 0.25, 'TLT': 0.25, 'SHY': 0.25, 'GLD': 0.25}",0.0
1398297600000,2014-04-24,296671.27122600196,"{'SPY': 0.25, 'TLT': 0.25, 'SHY': 0.25, 'GLD': 0.25}",0.0
1398384000000,2014-04-25,296696.7320313812,"{'SPY': 0.25, 'TLT': 0.25, 'SHY': 0.25, 'GLD': 0.25}",0.0
1398643200000,2014-04-28,296246.62381915457,"{'SPY': 0.25, 'TLT': 0.25, 'SHY': 0.25, 'GLD': 0.25}",0.0
1398729600000,2014-04-29,296470.51011647645,"{'SPY': 0.25, 'TLT': 0.25, 'SHY': 0.25, 'GLD': 0.25}",0.0
1398816000000,2014-04-30,296479.643049528,"{'SPY': 0.6, 'QQQ': 0.2, 'HYG': 0.1, 'GLD': 0.1}",0.0
1398902400000,2014-05-01,296544.08441729925,"{'SPY': 0.6, 'QQQ': 0.2, 'HYG': 0.1, 'GLD': 0.1}",0.0
1398988800000,2014-05-02,296552.1106510488,"{'SPY': 0.6, 'QQQ': 0.2, 'HYG': 0.1, 'GLD': 0.1}",0.0
1399248000000,2014-05-05,297466.9620268786,"{'SPY': 0.6, 'QQQ': 0.2, 'HYG': 0.1, 'GLD': 0.1}",0.0
1399334400000,2014-05-06,295092.17428325245,"{'SPY': 0.6, 'QQQ': 0.2, 'HYG': 0.1, 'GLD': 0.1}",0.0
1399420800000,2014-05-07,295584.9364465534,"{'SPY': 0.6, 'QQQ': 0.2, 'HYG': 0.1, 'GLD': 0.1}",0.0
1399507200000,2014-05-08,295335.21561376395,"{'SPY': 0.6, 'QQQ': 0.2, 'HYG': 0.1, 'GLD': 0.1}",0.0
1399593600000,2014-05-09,295829.76343915507,"{'SPY': 0.6, 'QQQ': 0.2, 'HYG': 0.1, 'GLD': 0.1}",0.0
1399852800000,2014-05-12,298764.22573236143,"{'SPY': 0.6, 'QQQ': 0.2, 'HYG': 0.1, 'GLD': 0.1}",0.0
1399939200000,2014-05-13,298931.631637031,"{'SPY': 0.6, 'QQQ': 0.2, 'HYG': 0.1, 'GLD': 0.1}",0.0
1400025600000,2014-05-14,298076.4519962584,"{'SPY': 0.6, 'QQQ': 0.2, 'HYG': 0.1, 'GLD': 0.1}",0.0
1400112000000,2014-05-15,295762.989992358,"{'SPY': 0.6, 'QQQ': 0.2, 'HYG': 0.1, 'GLD': 0.1}",0.0
1400198400000,2014-05-16,296760.95008649287,"{'SPY': 0.6, 'QQQ': 0.2, 'HYG': 0.1, 'GLD': 0.1}",0.0
1400457600000,2014-05-19,297890.0565807934,"{'SPY': 0.6, 'QQQ': 0.2, 'HYG': 0.1, 'GLD': 0.1}",0.0
1400544000000,2014-05-20,296535.8829478048,"{'SPY': 0.6, 'QQQ': 0.2, 'HYG': 0.1, 'GLD': 0.1}",0.0
1400630400000,2014-05-21,298526.4009776235,"{'SPY': 0.6, 'QQQ': 0.2, 'HYG': 0.1, 'GLD': 0.1}",0.0
1400716800000,2014-05-22,299313.41211665113,"{'SPY': 0.6, 'QQQ': 0.2, 'HYG': 0.1, 'GLD': 0.1}",0.0
1400803200000,2014-05-23,300440.4614663118,"{'SPY': 0.6, 'QQQ': 0.2, 'HYG': 0.1, 'GLD': 0.1}",0.0
1401148800000,2014-05-27,301683.90173249575,"{'SPY': 0.6, 'QQQ': 0.2, 'HYG': 0.1, 'GLD': 0.1}",0.0
1401235200000,2014-05-28,301214.5713901528,"{'SPY': 0.6, 'QQQ': 0.2, 'HYG': 0.1, 'GLD': 0.1}",0.0
1401321600000,2014-05-29,302498.63280586083,"{'SPY': 0.6, 'QQQ': 0.2, 'HYG': 0.1, 'GLD': 0.1}",0.0
1401408000000,2014-05-30,302701.94221963926,"{'SPY': 0.6, 'QQQ': 0.2, 'HYG': 0.1, 'GLD': 0.1}",0.0
1401667200000,2014-06-02,302569.88675374136,"{'SPY': 0.6, 'QQQ': 0.2, 'HYG': 0.1, 'GLD': 0.1}",0.0
1401753600000,2014-06-03,302530.8262719816,"{'SPY': 0.6, 'QQQ': 0.2, 'HYG': 0.1, 'GLD': 0.1}",0.0
1401840000000,2014-06-04,303060.5673885802,"{'SPY': 0.6, 'QQQ': 0.2, 'HYG': 0.1, 'GLD': 0.1}",0.0
1401926400000,2014-06-05,305058.15690814913,"{'SPY': 0.6, 'QQQ': 0.2, 'HYG': 0.1, 'GLD': 0.1}",0.0
1402012800000,2014-06-06,306358.3626588386,"{'SPY': 0.6, 'QQQ': 0.2, 'HYG': 0.1, 'GLD': 0.1}",0.0
1402272000000,2014-06-09,306546.05761417386,"{'SPY': 0.6, 'QQQ': 0.2, 'HYG': 0.1, 'GLD': 0.1}",0.0
1402358400000,2014-06-10,306842.4879939628,"{'SPY': 0.6, 'QQQ': 0.2, 'HYG': 0.1, 'GLD': 0.1}",0.0
1402444800000,2014-06-11,306197.4933868588,"{'SPY': 0.6, 'QQQ': 0.2, 'HYG': 0.1, 'GLD': 0.1}",0.0
1402531200000,2014-06-12,304633.8949891941,"{'SPY': 0.6, 'QQQ': 0.2, 'HYG': 0.1, 'GLD': 0.1}",0.0
1402617600000,2014-06-13,305484.6577723608,"{'SPY': 0.6, 'QQQ': 0.2, 'HYG': 0.1, 'GLD': 0.1}",0.0
1402876800000,2014-06-16,305538.3421945684,"{'SPY': 0.6, 'QQQ': 0.2, 'HYG': 0.1, 'GLD': 0.1}",0.0
1402963200000,2014-06-17,306023.4779128488,"{'SPY': 0.6, 'QQQ': 0.2, 'HYG': 0.1, 'GLD': 0.1}",0.0
1403049600000,2014-06-18,307951.82432192855,"{'SPY': 0.6, 'QQQ': 0.2, 'HYG': 0.1, 'GLD': 0.1}",0.0
1403136000000,2014-06-19,309184.6866136241,"{'SPY': 0.6, 'QQQ': 0.2, 'HYG': 0.1, 'GLD': 0.1}",0.0
1403222400000,2014-06-20,309556.0740516512,"{'SPY': 0.6, 'QQQ': 0.2, 'HYG': 0.1, 'GLD': 0.1}",0.0
1403481600000,2014-06-23,309594.926823155,"{'SPY': 0.6, 'QQQ': 0.2, 'HYG': 0.1, 'GLD': 0.1}",0.0
1403568000000,2014-06-24,308421.59043762786,"{'SPY': 0.6, 'QQQ': 0.2, 'HYG': 0.1, 'GLD': 0.1}",0.0
1403654400000,2014-06-25,309698.4223734496,"{'SPY': 0.6, 'QQQ': 0.2, 'HYG': 0.1, 'GLD': 0.1}",0.0
1403740800000,2014-06-26,309502.6824853844,"{'SPY': 0.6, 'QQQ': 0.2, 'HYG': 0.1, 'GLD': 0.1}",0.0
1403827200000,2014-06-27,310118.57901442674,"{'SPY': 0.6, 'QQQ': 0.2, 'HYG': 0.1, 'GLD': 0.1}",0.0
1404086400000,2014-06-30,310441.1790841479,"{'SPY': 0.6, 'QQQ': 0.2, 'HYG': 0.1, 'GLD': 0.1}",0.0
1404172800000,2014-07-01,312294.6735097866,"{'SPY': 0.6, 'QQQ': 0.2, 'HYG': 0.1, 'GLD': 0.1}",0.0
1404259200000,2014-07-02,312609.8924947238,"{'SPY': 0.6, 'QQQ': 0.2, 'HYG': 0.1, 'GLD': 0.1}",0.0
1404345600000,2014-07-03,313748.48758594575,"{'SPY': 0.6, 'QQQ': 0.2, 'HYG': 0.1, 'GLD': 0.1}",0.0
1404691200000,2014-07-07,312845.2754920404,"{'SPY': 0.6, 'QQQ': 0.2, 'HYG': 0.1, 'GLD': 0.1}",0.0
1404777600000,2014-07-08,310903.0547650812,"{'SPY': 0.6, 'QQQ': 0.2, 'HYG': 0.1, 'GLD': 0.1}",0.0
1404864000000,2014-07-09,312366.73204659106,"{'SPY': 0.6, 'QQQ': 0.2, 'HYG': 0.1, 'GLD': 0.1}",0.0
1404950400000,2014-07-10,311503.046028349,"{'SPY': 0.6, 'QQQ': 0.2, 'HYG': 0.1, 'GLD': 0.1}",0.0
1405036800000,2014-07-11,312272.5787381972,"{'SPY': 0.6, 'QQQ': 0.2, 'HYG': 0.1, 'GLD': 0.1}",0.0
1405296000000,2014-07-14,312837.73799703264,"{'SPY': 0.6, 'QQQ': 0.2, 'HYG': 0.1, 'GLD': 0.1}",0.0
1405382400000,2014-07-15,311925.0320068042,"{'SPY': 0.6, 'QQQ': 0.2, 'HYG': 0.1, 'GLD': 0.1}",0.0
1405468800000,2014-07-16,312926.562143075,"{'SPY': 0.6, 'QQQ': 0.2, 'HYG': 0.1, 'GLD': 0.1}",0.0
1405555200000,2014-07-17,310275.163841217,"{'SPY': 0.6, 'QQQ': 0.2, 'HYG': 0.1, 'GLD': 0.1}",0.0
1405641600000,2014-07-18,313056.388468088,"{'SPY': 0.6, 'QQQ': 0.2, 'HYG': 0.1, 'GLD': 0.1}",0.0
1405900800000,2014-07-21,312625.4331807609,"{'SPY': 0.6, 'QQQ': 0.2, 'HYG': 0.1, 'GLD': 0.1}",0.0
1405987200000,2014-07-22,313735.1191125742,"{'SPY': 0.6, 'QQQ': 0.2, 'HYG': 0.1, 'GLD': 0.1}",0.0
1406073600000,2014-07-23,314585.8932622593,"{'SPY': 0.6, 'QQQ': 0.2, 'HYG': 0.1, 'GLD': 0.1}",0.0
1406160000000,2014-07-24,314263.083932123,"{'SPY': 0.6, 'QQQ': 0.2, 'HYG': 0.1, 'GLD': 0.1}",0.0
1406246400000,2014-07-25,313444.9161374254,"{'SPY': 0.6, 'QQQ': 0.2, 'HYG': 0.1, 'GLD': 0.1}",0.0
1406505600000,2014-07-28,313394.8150364753,"{'SPY': 0.6, 'QQQ': 0.2, 'HYG': 0.1, 'GLD': 0.1}",0.0
1406592000000,2014-07-29,312338.4230585552,"{'SPY': 0.6, 'QQQ': 0.2, 'HYG': 0.1, 'GLD': 0.1}",0.0
1406678400000,2014-07-30,312390.2526540913,"{'SPY': 0.6, 'QQQ': 0.2, 'HYG': 0.1, 'GLD': 0.1}",0.0
1406764800000,2014-07-31,306811.0523116271,"{'SPY': 0.6, 'QQQ': 0.2, 'HYG': 0.1, 'GLD': 0.1}",0.0
1406851200000,2014-08-01,306265.7038180607,"{'SPY': 0.6, 'QQQ': 0.2, 'HYG': 0.1, 'GLD': 0.1}",0.0
1407110400000,2014-08-04,308103.5231230108,"{'SPY': 0.6, 'QQQ': 0.2, 'HYG': 0.1, 'GLD': 0.1}",0.0
1407196800000,2014-08-05,305749.3895308346,"{'SPY': 0.6, 'QQQ': 0.2, 'HYG': 0.1, 'GLD': 0.1}",0.0
1407283200000,2014-08-06,306278.56047666114,"{'SPY': 0.6, 'QQQ': 0.2, 'HYG': 0.1, 'GLD': 0.1}",0.0
1407369600000,2014-08-07,305233.1740420553,"{'SPY': 0.6, 'QQQ': 0.2, 'HYG': 0.1, 'GLD': 0.1}",0.0
1407456000000,2014-08-08,307890.3549975343,"{'SPY': 0.6, 'QQQ': 0.2, 'HYG': 0.1, 'GLD': 0.1}",0.0
1407715200000,2014-08-11,308878.7594429993,"{'SPY': 0.6, 'QQQ': 0.2, 'HYG': 0.1, 'GLD': 0.1}",0.0
1407801600000,2014-08-12,308595.3496037375,"{'SPY': 0.6, 'QQQ': 0.2, 'HYG': 0.1, 'GLD': 0.1}",0.0
1407888000000,2014-08-13,310642.66236760415,"{'SPY': 0.6, 'QQQ': 0.2, 'HYG': 0.1, 'GLD': 0.1}",0.0
1407974400000,2014-08-14,311931.60360099224,"{'SPY': 0.6, 'QQQ': 0.2, 'HYG': 0.1, 'GLD': 0.1}",0.0
1408060800000,2014-08-15,312053.9859082316,"{'SPY': 0.6, 'QQQ': 0.2, 'HYG': 0.1, 'GLD': 0.1}",0.0
1408320000000,2014-08-18,314063.7578626104,"{'SPY': 0.6, 'QQQ': 0.2, 'HYG': 0.1, 'GLD': 0.1}",0.0
1408406400000,2014-08-19,315318.82436678774,"{'SPY': 0.6, 'QQQ': 0.2, 'HYG': 0.1, 'GLD': 0.1}",0.0
1408492800000,2014-08-20,315731.2638935273,"{'SPY': 0.6, 'QQQ': 0.2, 'HYG': 0.1, 'GLD': 0.1}",0.0
1408579200000,2014-08-21,316071.01638475474,"{'SPY': 0.6, 'QQQ': 0.2, 'HYG': 0.1, 'GLD': 0.1}",0.0
1408665600000,2014-08-22,315875.0036518629,"{'SPY': 0.6, 'QQQ': 0.2, 'HYG': 0.1, 'GLD': 0.1}",0.0
1408924800000,2014-08-25,317010.87569302664,"{'SPY': 0.6, 'QQQ': 0.2, 'HYG': 0.1, 'GLD': 0.1}",0.0
1409011200000,2014-08-26,317379.23124017287,"{'SPY': 0.6, 'QQQ': 0.2, 'HYG': 0.1, 'GLD': 0.1}",0.0
1409097600000,2014-08-27,317278.01027320017,"{'SPY': 0.6, 'QQQ': 0.2, 'HYG': 0.1, 'GLD': 0.1}",0.0
1409184000000,2014-08-28,317231.0998950417,"{'SPY': 0.6, 'QQQ': 0.2, 'HYG': 0.1, 'GLD': 0.1}",0.0
1409270400000,2014-08-29,317997.1404561074,"{'SPY': 0.6, 'QQQ': 0.2, 'HYG': 0.1, 'GLD': 0.1}",0.0
1409616000000,2014-09-02,317556.76220190694,"{'SPY': 0.6, 'QQQ': 0.2, 'HYG': 0.1, 'GLD': 0.1}",0.0
1409702400000,2014-09-03,317127.18704247044,"{'SPY': 0.6, 'QQQ': 0.2, 'HYG': 0.1, 'GLD': 0.1}",0.0
1409788800000,2014-09-04,316515.77451681154,"{'SPY': 0.6, 'QQQ': 0.2, 'HYG': 0.1, 'GLD': 0.1}",0.0
1409875200000,2014-09-05,317801.7118101416,"{'SPY': 0.6, 'QQQ': 0.2, 'HYG': 0.1, 'GLD': 0.1}",0.0
1410134400000,2014-09-08,317052.6503488246,"{'SPY': 0.6, 'QQQ': 0.2, 'HYG': 0.1, 'GLD': 0.1}",0.0
1410220800000,2014-09-09,315212.8258510057,"{'SPY': 0.6, 'QQQ': 0.2, 'HYG': 0.1, 'GLD': 0.1}",0.0
1410307200000,2014-09-10,316299.77250024147,"{'SPY': 0.6, 'QQQ': 0.2, 'HYG': 0.1, 'GLD': 0.1}",0.0
1410393600000,2014-09-11,316259.61712107965,"{'SPY': 0.6, 'QQQ': 0.2, 'HYG': 0.1, 'GLD': 0.1}",0.0
1410480000000,2014-09-12,314502.55337282823,"{'SPY': 0.6, 'QQQ': 0.2, 'HYG': 0.1, 'GLD': 0.1}",0.0
1410739200000,2014-09-15,313764.7970300473,"{'SPY': 0.6, 'QQQ': 0.2, 'HYG': 0.1, 'GLD': 0.1}",0.0
1410825600000,2014-09-16,315846.3943083293,"{'SPY': 0.6, 'QQQ': 0.2, 'HYG': 0.1, 'GLD': 0.1}",0.0
1410912000000,2014-09-17,315956.3263521861,"{'SPY': 0.6, 'QQQ': 0.2, 'HYG': 0.1, 'GLD': 0.1}",0.0
1410998400000,2014-09-18,317517.68717446504,"{'SPY': 0.6, 'QQQ': 0.2, 'HYG': 0.1, 'GLD': 0.1}",0.0
1411084800000,2014-09-19,317168.41436256195,"{'SPY': 0.6, 'QQQ': 0.2, 'HYG': 0.1, 'GLD': 0.1}",0.0
1411344000000,2014-09-22,314985.8199722099,"{'SPY': 0.6, 'QQQ': 0.2, 'HYG': 0.1, 'GLD': 0.1}",0.0
1411430400000,2014-09-23,313775.22916206025,"{'SPY': 0.6, 'QQQ': 0.2, 'HYG': 0.1, 'GLD': 0.1}",0.0
1411516800000,2014-09-24,315680.6335664714,"{'SPY': 0.6, 'QQQ': 0.2, 'HYG': 0.1, 'GLD': 0.1}",0.0
1411603200000,2014-09-25,311172.5121980365,"{'SPY': 0.6, 'QQQ': 0.2, 'HYG': 0.1, 'GLD': 0.1}",0.0
1411689600000,2014-09-26,313210.32586315135,"{'SPY': 0.6, 'QQQ': 0.2, 'HYG': 0.1, 'GLD': 0.1}",0.0
1411948800000,2014-09-29,312712.9619608434,"{'SPY': 0.6, 'QQQ': 0.2, 'HYG': 0.1, 'GLD': 0.1}",0.0
1412035200000,2014-09-30,312290.66487244604,"{'SPY': 0.6, 'QQQ': 0.2, 'HYG': 0.1, 'GLD': 0.1}",0.0
1412121600000,2014-10-01,308937.4119745851,"{'SPY': 0.6, 'QQQ': 0.2, 'HYG': 0.1, 'GLD': 0.1}",0.0
1412208000000,2014-10-02,309018.75797140907,"{'SPY': 0.6, 'QQQ': 0.2, 'HYG': 0.1, 'GLD': 0.1}",0.0
1412294400000,2014-10-03,311210.8399069076,"{'SPY': 0.6, 'QQQ': 0.2, 'HYG': 0.1, 'GLD': 0.1}",0.0
1412553600000,2014-10-06,311278.55185109854,"{'SPY': 0.6, 'QQQ': 0.2, 'HYG': 0.1, 'GLD': 0.1}",0.0
1412640000000,2014-10-07,307482.54865197686,"{'SPY': 0.6, 'QQQ': 0.2, 'HYG': 0.1, 'GLD': 0.1}",0.0
1412726400000,2014-10-08,312346.93589375034,"{'SPY': 0.6, 'QQQ': 0.2, 'HYG': 0.1, 'GLD': 0.1}",0.0
1412812800000,2014-10-09,307334.8578737062,"{'SPY': 0.6, 'QQQ': 0.2, 'HYG': 0.1, 'GLD': 0.1}",0.0
1412899200000,2014-10-10,303432.2755709797,"{'SPY': 0.6, 'QQQ': 0.2, 'HYG': 0.1, 'GLD': 0.1}",0.0
1413158400000,2014-10-13,299579.9086263508,"{'SPY': 0.6, 'QQQ': 0.2, 'HYG': 0.1, 'GLD': 0.1}",0.0
1413244800000,2014-10-14,299981.8399639979,"{'SPY': 0.6, 'QQQ': 0.2, 'HYG': 0.1, 'GLD': 0.1}",0.0
1413331200000,2014-10-15,298484.64039623935,"{'SPY': 0.6, 'QQQ': 0.2, 'HYG': 0.1, 'GLD': 0.1}",0.0
1413417600000,2014-10-16,298182.00882418506,"{'SPY': 0.6, 'QQQ': 0.2, 'HYG': 0.1, 'GLD': 0.1}",0.0
1413504000000,2014-10-17,301275.9674383927,"{'SPY': 0.6, 'QQQ': 0.2, 'HYG': 0.1, 'GLD': 0.1}",0.0
1413763200000,2014-10-20,304353.506259896,"{'SPY': 0.6, 'QQQ': 0.2, 'HYG': 0.1, 'GLD': 0.1}",0.0
1413849600000,2014-10-21,309873.42867317726,"{'SPY': 0.6, 'QQQ': 0.2, 'HYG': 0.1, 'GLD': 0.1}",0.0
1413936000000,2014-10-22,307852.9741684072,"{'SPY': 0.6, 'QQQ': 0.2, 'HYG': 0.1, 'GLD': 0.1}",0.0
1414022400000,2014-10-23,310701.80432273773,"{'SPY': 0.6, 'QQQ': 0.2, 'HYG': 0.1, 'GLD': 0.1}",0.0
1414108800000,2014-10-24,312687.32976539823,"{'SPY': 0.6, 'QQQ': 0.2, 'HYG': 0.1, 'GLD': 0.1}",0.0
1414368000000,2014-10-27,312269.08277159906,"{'SPY': 0.6, 'QQQ': 0.2, 'HYG': 0.1, 'GLD': 0.1}",0.0
1414454400000,2014-10-28,315422.413079642,"{'SPY': 0.6, 'QQQ': 0.2, 'HYG': 0.1, 'GLD': 0.1}",0.0
1414540800000,2014-10-29,314428.028977339,"{'SPY': 0.6, 'QQQ': 0.2, 'HYG': 0.1, 'GLD': 0.1}",0.0
1414627200000,2014-10-30,315426.54743259726,"{'SPY': 0.6, 'QQQ': 0.2, 'HYG': 0.1, 'GLD': 0.1}",0.0
1414713600000,2014-10-31,317795.78268311213,"{'SPY': 0.6, 'QQQ': 0.2, 'HYG': 0.1, 'GLD': 0.1}",0.0
1414972800000,2014-11-03,318010.81076049746,"{'SPY': 0.6, 'QQQ': 0.2, 'HYG': 0.1, 'GLD': 0.1}",0.0
1415059200000,2014-11-04,317056.23922409216,"{'SPY': 0.6, 'QQQ': 0.2, 'HYG': 0.1, 'GLD': 0.1}",0.0
1415145600000,2014-11-05,317570.535312941,"{'SPY': 0.6, 'QQQ': 0.2, 'HYG': 0.1, 'GLD': 0.1}",0.0
1415232000000,2014-11-06,318642.78414389817,"{'SPY': 0.6, 'QQQ': 0.2, 'HYG': 0.1, 'GLD': 0.1}",0.0
1415318400000,2014-11-07,319692.2654531085,"{'SPY': 0.6, 'QQQ': 0.2, 'HYG': 0.1, 'GLD': 0.1}",0.0
1415577600000,2014-11-10,319826.1070735181,"{'SPY': 0.6, 'QQQ': 0.2, 'HYG': 0.1, 'GLD': 0.1}",0.0
1415664000000,2014-11-11,320745.2537491311,"{'SPY': 0.6, 'QQQ': 0.2, 'HYG': 0.1, 'GLD': 0.1}",0.0
1415750400000,2014-11-12,320392.2037098788,"{'SPY': 0.6, 'QQQ': 0.2, 'HYG': 0.1, 'GLD': 0.1}",0.0
1415836800000,2014-11-13,320801.0766831138,"{'SPY': 0.6, 'QQQ': 0.2, 'HYG': 0.1, 'GLD': 0.1}",0.0
1415923200000,2014-11-14,321691.59289835783,"{'SPY': 0.6, 'QQQ': 0.2, 'HYG': 0.1, 'GLD': 0.1}",0.0
1416182400000,2014-11-17,321499.666166261,"{'SPY': 0.6, 'QQQ': 0.2, 'HYG': 0.1, 'GLD': 0.1}",0.0
1416268800000,2014-11-18,323313.1113335717,"{'SPY': 0.6, 'QQQ': 0.2, 'HYG': 0.1, 'GLD': 0.1}",0.0
1416355200000,2014-11-19,322316.4772826692,"{'SPY': 0.6, 'QQQ': 0.2, 'HYG': 0.1, 'GLD': 0.1}",0.0
1416441600000,2014-11-20,323281.1675457392,"{'SPY': 0.6, 'QQQ': 0.2, 'HYG': 0.1, 'GLD': 0.1}",0.0
1416528000000,2014-11-21,324769.96582604386,"{'SPY': 0.6, 'QQQ': 0.2, 'HYG': 0.1, 'GLD': 0.1}",0.0
1416787200000,2014-11-24,325741.002400394,"{'SPY': 0.6, 'QQQ': 0.2, 'HYG': 0.1, 'GLD': 0.1}",0.0
1416873600000,2014-11-25,325828.84742746875,"{'SPY': 0.6, 'QQQ': 0.2, 'HYG': 0.1, 'GLD': 0.1}",0.0
1416960000000,2014-11-26,326732.25533118815,"{'SPY': 0.6, 'QQQ': 0.2, 'HYG': 0.1, 'GLD': 0.1}",0.0
1417132800000,2014-11-28,325230.90832042426,"{'SPY': 0.25, 'TLT': 0.25, 'SHY': 0.25, 'GLD': 0.25}",0.0
1417392000000,2014-12-01,327432.3280339975,"{'SPY': 0.25, 'TLT': 0.25, 'SHY': 0.25, 'GLD': 0.25}",0.0
1417478400000,2014-12-02,326107.0771808059,"{'SPY': 0.25, 'TLT': 0.25, 'SHY': 0.25, 'GLD': 0.25}",0.0
1417564800000,2014-12-03,327544.57662791334,"{'SPY': 0.25, 'TLT': 0.25, 'SHY': 0.25, 'GLD': 0.25}",0.0
1417651200000,2014-12-04,327870.26361615857,"{'SPY': 0.25, 'TLT': 0.25, 'SHY': 0.25, 'GLD': 0.25}",0.0
1417737600000,2014-12-05,326346.1288365491,"{'SPY': 0.25, 'TLT': 0.25, 'SHY': 0.25, 'GLD': 0.25}",0.0
1417996800000,2014-12-08,327751.0221674993,"{'SPY': 0.25, 'TLT': 0.25, 'SHY': 0.25, 'GLD': 0.25}",0.0
1418083200000,2014-12-09,329851.28575392894,"{'SPY': 0.25, 'TLT': 0.25, 'SHY': 0.25, 'GLD': 0.25}",0.0
1418169600000,2014-12-10,329039.4846443654,"{'SPY': 0.25, 'TLT': 0.25, 'SHY': 0.25, 'GLD': 0.25}",0.0
1418256000000,2014-12-11,329567.4147004656,"{'SPY': 0.25, 'TLT': 0.25, 'SHY': 0.25, 'GLD': 0.25}",0.0
1418342400000,2014-12-12,329235.2031332294,"{'SPY': 0.25, 'TLT': 0.25, 'SHY': 0.25, 'GLD': 0.25}",0.0
1418601600000,2014-12-15,326324.8976684214,"{'SPY': 0.25, 'TLT': 0.25, 'SHY': 0.25, 'GLD': 0.25}",0.0
1418688000000,2014-12-16,327127.925977179,"{'SPY': 0.25, 'TLT': 0.25, 'SHY': 0.25, 'GLD': 0.25}",0.0
1418774400000,2014-12-17,327433.13197448646,"{'SPY': 0.25, 'TLT': 0.25, 'SHY': 0.25, 'GLD': 0.25}",0.0
1418860800000,2014-12-18,328582.8230459304,"{'SPY': 0.25, 'TLT': 0.25, 'SHY': 0.25, 'GLD': 0.25}",0.0
1418947200000,2014-12-19,329707.43467487843,"{'SPY': 0.25, 'TLT': 0.25, 'SHY': 0.25, 'GLD': 0.25}",0.0
1419206400000,2014-12-22,328623.13293398905,"{'SPY': 0.25, 'TLT': 0.25, 'SHY': 0.25, 'GLD': 0.25}",0.0
1419292800000,2014-12-23,327155.5690482834,"{'SPY': 0.25, 'TLT': 0.25, 'SHY': 0.25, 'GLD': 0.25}",0.0
1419379200000,2014-12-24,327672.07319048466,"{'SPY': 0.25, 'TLT': 0.25, 'SHY': 0.25, 'GLD': 0.25}",0.0
1419552000000,2014-12-26,329707.5599613363,"{'SPY': 0.25, 'TLT': 0.25, 'SHY': 0.25, 'GLD': 0.25}",0.0
1419811200000,2014-12-29,329680.0118947257,"{'SPY': 0.25, 'TLT': 0.25, 'SHY': 0.25, 'GLD': 0.25}",0.0
1419897600000,2014-12-30,330599.96058510756,"{'SPY': 0.25, 'TLT': 0.25, 'SHY': 0.25, 'GLD': 0.25}",0.0
1419984000000,2014-12-31,328746.07673000643,"{'SPY': 0.25, 'TLT': 0.25, 'SHY': 0.25, 'GLD': 0.25}",0.0
1420156800000,2015-01-02,330065.1236244102,"{'SPY': 0.25, 'TLT': 0.25, 'SHY': 0.25, 'GLD': 0.25}",0.0
1420416000000,2015-01-05,331115.1900943052,"{'SPY': 0.25, 'TLT': 0.25, 'SHY': 0.25, 'GLD': 0.25}",0.0
1420502400000,2015-01-06,332809.739976446,"{'SPY': 0.25, 'TLT': 0.25, 'SHY': 0.25, 'GLD': 0.25}",0.0
1420588800000,2015-01-07,333231.4530347768,"{'SPY': 0.25, 'TLT': 0.25, 'SHY': 0.25, 'GLD': 0.25}",0.0
1420675200000,2015-01-08,333246.00284581014,"{'SPY': 0.25, 'TLT': 0.25, 'SHY': 0.25, 'GLD': 0.25}",0.0
1420761600000,2015-01-09,334508.2772472613,"{'SPY': 0.25, 'TLT': 0.25, 'SHY': 0.25, 'GLD': 0.25}",0.0
1421020800000,2015-01-12,335308.2051501291,"{'SPY': 0.25, 'TLT': 0.25, 'SHY': 0.25, 'GLD': 0.25}",0.0
1421107200000,2015-01-13,334839.1154374992,"{'SPY': 0.25, 'TLT': 0.25, 'SHY': 0.25, 'GLD': 0.25}",0.0
1421193600000,2015-01-14,334883.5569596106,"{'SPY': 0.25, 'TLT': 0.25, 'SHY': 0.25, 'GLD': 0.25}",0.0
1421280000000,2015-01-15,337670.04676797095,"{'SPY': 0.25, 'TLT': 0.25, 'SHY': 0.25, 'GLD': 0.25}",0.0
1421366400000,2015-01-16,338724.20562594774,"{'SPY': 0.25, 'TLT': 0.25, 'SHY': 0.25, 'GLD': 0.25}",0.0
1421712000000,2015-01-20,341151.4326101715,"{'SPY': 0.25, 'TLT': 0.25, 'SHY': 0.25, 'GLD': 0.25}",0.0
1421798400000,2015-01-21,340616.71531430975,"{'SPY': 0.25, 'TLT': 0.25, 'SHY': 0.25, 'GLD': 0.25}",0.0
1421884800000,2015-01-22,342231.93569465826,"{'SPY': 0.25, 'TLT': 0.25, 'SHY': 0.25, 'GLD': 0.25}",0.0
1421971200000,2015-01-23,342310.76509292924,"{'SPY': 0.25, 'TLT': 0.25, 'SHY': 0.25, 'GLD': 0.25}",0.0
1422230400000,2015-01-26,341346.4002045451,"{'SPY': 0.25, 'TLT': 0.25, 'SHY': 0.25, 'GLD': 0.25}",0.0
1422316800000,2015-01-27,341382.5853539685,"{'SPY': 0.25, 'TLT': 0.25, 'SHY': 0.25, 'GLD': 0.25}",0.0
1422403200000,2015-01-28,341071.49781961535,"{'SPY': 0.25, 'TLT': 0.25, 'SHY': 0.25, 'GLD': 0.25}",0.0
1422489600000,2015-01-29,339430.59664634365,"{'SPY': 0.25, 'TLT': 0.25, 'SHY': 0.25, 'GLD': 0.25}",0.0
1422576000000,2015-01-30,341739.4029836531,"{'TLT': 0.6, 'SHY': 0.2, 'GLD': 0.2}",0.0
1422835200000,2015-02-02,340373.2187555123,"{'TLT': 0.6, 'SHY': 0.2, 'GLD': 0.2}",0.0
1422921600000,2015-02-03,335232.47299989784,"{'TLT': 0.6, 'SHY': 0.2, 'GLD': 0.2}",0.0
1423008000000,2015-02-04,335877.81023395725,"{'TLT': 0.6, 'SHY': 0.2, 'GLD': 0.2}",0.0
1423094400000,2015-02-05,333757.4534919258,"{'TLT': 0.6, 'SHY': 0.2, 'GLD': 0.2}",0.0
1423180800000,2015-02-06,328328.7720268264,"{'TLT': 0.6, 'SHY': 0.2, 'GLD': 0.2}",0.0
1423440000000,2015-02-09,328298.4996632521,"{'TLT': 0.6, 'SHY': 0.2, 'GLD': 0.2}",0.0
1423526400000,2015-02-10,326330.52684414946,"{'TLT': 0.6, 'SHY': 0.2, 'GLD': 0.2}",0.0
1423612800000,2015-02-11,325929.1347698833,"{'TLT': 0.6, 'SHY': 0.2, 'GLD': 0.2}",0.0
1423699200000,2015-02-12,325455.58865159575,"{'TLT': 0.6, 'SHY': 0.2, 'GLD': 0.2}",0.0
1423785600000,2015-02-13,323805.39153303363,"{'TLT': 0.6, 'SHY': 0.2, 'GLD': 0.2}",0.0
1424131200000,2015-02-17,319768.30454282864,"{'TLT': 0.6, 'SHY': 0.2, 'GLD': 0.2}",0.0
1424217600000,2015-02-18,321165.4268791611,"{'TLT': 0.6, 'SHY': 0.2, 'GLD': 0.2}",0.0
1424304000000,2015-02-19,319632.26601966756,"{'TLT': 0.6, 'SHY': 0.2, 'GLD': 0.2}",0.0
1424390400000,2015-02-20,319823.30888658273,"{'TLT': 0.6, 'SHY': 0.2, 'GLD': 0.2}",0.0
1424649600000,2015-02-23,322135.6550280216,"{'TLT': 0.6, 'SHY': 0.2, 'GLD': 0.2}",0.0
1424736000000,2015-02-24,324631.0166024318,"{'TLT': 0.6, 'SHY': 0.2, 'GLD': 0.2}",0.0
1424822400000,2015-02-25,325719.92251082364,"{'TLT': 0.6, 'SHY': 0.2, 'GLD': 0.2}",0.0
1424908800000,2015-02-26,323195.7170439247,"{'TLT': 0.6, 'SHY': 0.2, 'GLD': 0.2}",0.0
1424995200000,2015-02-27,324899.02175451326,"{'TLT': 0.6, 'SHY': 0.2, 'GLD': 0.2}",0.0
1425254400000,2015-03-02,320946.5637811965,"{'TLT': 0.6, 'SHY': 0.2, 'GLD': 0.2}",0.0
1425340800000,2015-03-03,320116.70286952786,"{'TLT': 0.6, 'SHY': 0.2, 'GLD': 0.2}",0.0
1425427200000,2015-03-04,319993.0248410649,"{'TLT': 0.6, 'SHY': 0.2, 'GLD': 0.2}",0.0
1425513600000,2015-03-05,319711.6220187012,"{'TLT': 0.6, 'SHY': 0.2, 'GLD': 0.2}",0.0
1425600000000,2015-03-06,313659.9067633942,"{'TLT': 0.6, 'SHY': 0.2, 'GLD': 0.2}",0.0
1425859200000,2015-03-09,315488.35654654383,"{'TLT': 0.6, 'SHY': 0.2, 'GLD': 0.2}",0.0
1425945600000,2015-03-10,317684.1041016765,"{'TLT': 0.6, 'SHY': 0.2, 'GLD': 0.2}",0.0
1426032000000,2015-03-11,318690.71444141644,"{'TLT': 0.6, 'SHY': 0.2, 'GLD': 0.2}",0.0
1426118400000,2015-03-12,318553.18135883694,"{'TLT': 0.6, 'SHY': 0.2, 'GLD': 0.2}",0.0
1426204800000,2015-03-13,318066.3719776437,"{'TLT': 0.6, 'SHY': 0.2, 'GLD': 0.2}",0.0
1426464000000,2015-03-16,319871.0756780346,"{'TLT': 0.6, 'SHY': 0.2, 'GLD': 0.2}",0.0
1426550400000,2015-03-17,321099.58932731114,"{'TLT': 0.6, 'SHY': 0.2, 'GLD': 0.2}",0.0
1426636800000,2015-03-18,326228.8542278216,"{'TLT': 0.6, 'SHY': 0.2, 'GLD': 0.2}",0.0
1426723200000,2015-03-19,325100.44851021876,"{'TLT': 0.6, 'SHY': 0.2, 'GLD': 0.2}",0.0
1426809600000,2015-03-20,326916.51541639474,"{'TLT': 0.6, 'SHY': 0.2, 'GLD': 0.2}",0.0
1427068800000,2015-03-23,327115.52351020643,"{'TLT': 0.6, 'SHY': 0.2, 'GLD': 0.2}",0.0
1427155200000,2015-03-24,329196.5720721994,"{'TLT': 0.6, 'SHY': 0.2, 'GLD': 0.2}",0.0
1427241600000,2015-03-25,327605.00824320334,"{'TLT': 0.6, 'SHY': 0.2, 'GLD': 0.2}",0.0
1427328000000,2015-03-26,324937.98887747846,"{'TLT': 0.6, 'SHY': 0.2, 'GLD': 0.2}",0.0
1427414400000,2015-03-27,327164.8828897299,"{'TLT': 0.6, 'SHY': 0.2, 'GLD': 0.2}",0.0
1427673600000,2015-03-30,325438.63557234645,"{'TLT': 0.6, 'SHY': 0.2, 'GLD': 0.2}",0.0
1427760000000,2015-03-31,325860.00516930205,"{'TLT': 0.6, 'SHY': 0.2, 'GLD': 0.2}",0.0
1427846400000,2015-04-01,329568.95738100976,"{'TLT': 0.6, 'SHY': 0.2, 'GLD': 0.2}",0.0
1427932800000,2015-04-02,327283.4967239156,"{'TLT': 0.6, 'SHY': 0.2, 'GLD': 0.2}",0.0
1428278400000,2015-04-06,327041.5198387989,"{'TLT': 0.6, 'SHY': 0.2, 'GLD': 0.2}",0.0
1428364800000,2015-04-07,328315.54095463664,"{'TLT': 0.6, 'SHY': 0.2, 'GLD': 0.2}",0.0
1428451200000,2015-04-08,328013.77646633197,"{'TLT': 0.6, 'SHY': 0.2, 'GLD': 0.2}",0.0
1428537600000,2015-04-09,324984.5824483886,"{'TLT': 0.6, 'SHY': 0.2, 'GLD': 0.2}",0.0
1428624000000,2015-04-10,325992.27841784497,"{'TLT': 0.6, 'SHY': 0.2, 'GLD': 0.2}",0.0
1428883200000,2015-04-13,325835.71961016074,"{'TLT': 0.6, 'SHY': 0.2, 'GLD': 0.2}",0.0
1428969600000,2015-04-14,326855.99728191446,"{'TLT': 0.6, 'SHY': 0.2, 'GLD': 0.2}",0.0
1429056000000,2015-04-15,327256.4766580462,"{'TLT': 0.6, 'SHY': 0.2, 'GLD': 0.2}",0.0
1429142400000,2015-04-16,326083.2934418614,"{'TLT': 0.6, 'SHY': 0.2, 'GLD': 0.2}",0.0
1429228800000,2015-04-17,328618.92450360244,"{'TLT': 0.6, 'SHY': 0.2, 'GLD': 0.2}",0.0
1429488000000,2015-04-20,326370.8698774356,"{'TLT': 0.6, 'SHY': 0.2, 'GLD': 0.2}",0.0
1429574400000,2015-04-21,325867.2970905435,"{'TLT': 0.6, 'SHY': 0.2, 'GLD': 0.2}",0.0
1429660800000,2015-04-22,321953.20219931554,"{'TLT': 0.6, 'SHY': 0.2, 'GLD': 0.2}",0.0
1429747200000,2015-04-23,323285.05113245815,"{'TLT': 0.6, 'SHY': 0.2, 'GLD': 0.2}",0.0
1429833600000,2015-04-24,323609.7010563982,"{'TLT': 0.6, 'SHY': 0.2, 'GLD': 0.2}",0.0
1430092800000,2015-04-27,324907.3542104827,"{'TLT': 0.6, 'SHY': 0.2, 'GLD': 0.2}",0.0
1430179200000,2015-04-28,322751.62230030535,"{'TLT': 0.6, 'SHY': 0.2, 'GLD': 0.2}",0.0
1430265600000,2015-04-29,319930.9875634246,"{'TLT': 0.6, 'SHY': 0.2, 'GLD': 0.2}",0.0
1430352000000,2015-04-30,319129.26436432,"{'TLT': 0.6, 'SHY': 0.2, 'GLD': 0.2}",0.0
1430438400000,2015-05-01,316306.08572603384,"{'TLT': 0.6, 'SHY': 0.2, 'GLD': 0.2}",0.0
1430697600000,2015-05-04,315086.0313350131,"{'TLT': 0.6, 'SHY': 0.2, 'GLD': 0.2}",0.0
1430784000000,2015-05-05,314986.14260928857,"{'TLT': 0.6, 'SHY': 0.2, 'GLD': 0.2}",0.0
1430870400000,2015-05-06,311695.2478422808,"{'TLT': 0.6, 'SHY': 0.2, 'GLD': 0.2}",0.0
1430956800000,2015-05-07,313673.78910534235,"{'TLT': 0.6, 'SHY': 0.2, 'GLD': 0.2}",0.0
1431043200000,2015-05-08,314575.17390242615,"{'TLT': 0.6, 'SHY': 0.2, 'GLD': 0.2}",0.0
1431302400000,2015-05-11,309681.8867866062,"{'TLT': 0.6, 'SHY': 0.2, 'GLD': 0.2}",0.0
1431388800000,2015-05-12,310700.1996732272,"{'TLT': 0.6, 'SHY': 0.2, 'GLD': 0.2}",0.0
1431475200000,2015-05-13,310348.6556819275,"{'TLT': 0.6, 'SHY': 0.2, 'GLD': 0.2}",0.0
1431561600000,2015-05-14,311244.06009569805,"{'TLT': 0.6, 'SHY': 0.2, 'GLD': 0.2}",0.0
1431648000000,2015-05-15,315174.25417800347,"{'TLT': 0.6, 'SHY': 0.2, 'GLD': 0.2}",0.0
1431907200000,2015-05-18,311959.07834394154,"{'TLT': 0.6, 'SHY': 0.2, 'GLD': 0.2}",0.0
1431993600000,2015-05-19,309397.3003016361,"{'TLT': 0.6, 'SHY': 0.2, 'GLD': 0.2}",0.0
1432080000000,2015-05-20,309834.05187683186,"{'TLT': 0.6, 'SHY': 0.2, 'GLD': 0.2}",0.0
1432166400000,2015-05-21,312247.67455829564,"{'TLT': 0.6, 'SHY': 0.2, 'GLD': 0.2}",0.0
1432252800000,2015-05-22,312232.84827448806,"{'TLT': 0.6, 'SHY': 0.2, 'GLD': 0.2}",0.0
1432598400000,2015-05-26,314532.60726902954,"{'TLT': 0.6, 'SHY': 0.2, 'GLD': 0.2}",0.0
1432684800000,2015-05-27,314960.36235778226,"{'TLT': 0.6, 'SHY': 0.2, 'GLD': 0.2}",0.0
1432771200000,2015-05-28,314600.18000638497,"{'TLT': 0.6, 'SHY': 0.2, 'GLD': 0.2}",0.0
1432857600000,2015-05-29,315075.3477927633,"{'TLT': 0.6, 'SHY': 0.2, 'GLD': 0.2}",0.0
1433116800000,2015-06-01,312948.9777200074,"{'TLT': 0.6, 'SHY': 0.2, 'GLD': 0.2}",0.0
1433203200000,2015-06-02,310574.3625564899,"{'TLT': 0.6, 'SHY': 0.2, 'GLD': 0.2}",0.0
1433289600000,2015-06-03,307111.91796762485,"{'TLT': 0.6, 'SHY': 0.2, 'GLD': 0.2}",0.0
1433376000000,2015-06-04,309085.8931219309,"{'TLT': 0.6, 'SHY': 0.2, 'GLD': 0.2}",0.0
1433462400000,2015-06-05,306439.9523369941,"{'TLT': 0.6, 'SHY': 0.2, 'GLD': 0.2}",0.0
1433721600000,2015-06-08,306453.19624732964,"{'TLT': 0.6, 'SHY': 0.2, 'GLD': 0.2}",0.0
1433808000000,2015-06-09,305104.61442313326,"{'TLT': 0.6, 'SHY': 0.2, 'GLD': 0.2}",0.0
1433894400000,2015-06-10,304007.2070274555,"{'TLT': 0.6, 'SHY': 0.2, 'GLD': 0.2}",0.0
1433980800000,2015-06-11,307580.70964439143,"{'TLT': 0.6, 'SHY': 0.2, 'GLD': 0.2}",0.0
1434067200000,2015-06-12,307549.8824183496,"{'TLT': 0.6, 'SHY': 0.2, 'GLD': 0.2}",0.0
1434326400000,2015-06-15,308147.7344753686,"{'TLT': 0.6, 'SHY': 0.2, 'GLD': 0.2}",0.0
1434412800000,2015-06-16,309402.78011171194,"{'TLT': 0.6, 'SHY': 0.2, 'GLD': 0.2}",0.0
1434499200000,2015-06-17,308301.6370342353,"{'TLT': 0.6, 'SHY': 0.2, 'GLD': 0.2}",0.0
1434585600000,2015-06-18,308204.24089901196,"{'TLT': 0.6, 'SHY': 0.2, 'GLD': 0.2}",0.0
1434672000000,2015-06-19,310486.9633883261,"{'TLT': 0.6, 'SHY': 0.2, 'GLD': 0.2}",0.0
1434931200000,2015-06-22,305843.1505608983,"{'TLT': 0.6, 'SHY': 0.2, 'GLD': 0.2}",0.0
1435017600000,2015-06-23,304323.8367927933,"{'TLT': 0.6, 'SHY': 0.2, 'GLD': 0.2}",0.0
1435104000000,2015-06-24,305765.4710881549,"{'TLT': 0.6, 'SHY': 0.2, 'GLD': 0.2}",0.0
1435190400000,2015-06-25,305026.48547324573,"{'TLT': 0.6, 'SHY': 0.2, 'GLD': 0.2}",0.0
1435276800000,2015-06-26,302998.3800276961,"{'TLT': 0.6, 'SHY': 0.2, 'GLD': 0.2}",0.0
1435536000000,2015-06-29,308185.0488606243,"{'TLT': 0.6, 'SHY': 0.2, 'GLD': 0.2}",0.0
1435622400000,2015-06-30,306521.5218860594,"{'TLT': 0.6, 'SHY': 0.2, 'GLD': 0.2}",0.0
1435708800000,2015-07-01,303774.30466454325,"{'TLT': 0.6, 'SHY': 0.2, 'GLD': 0.2}",0.0
1435795200000,2015-07-02,304347.1622464556,"{'TLT': 0.6, 'SHY': 0.2, 'GLD': 0.2}",0.0
1436140800000,2015-07-06,307909.53895366774,"{'TLT': 0.6, 'SHY': 0.2, 'GLD': 0.2}",0.0
1436227200000,2015-07-07,308923.4262068765,"{'TLT': 0.6, 'SHY': 0.2, 'GLD': 0.2}",0.0
1436313600000,2015-07-08,310773.81802813435,"{'TLT': 0.6, 'SHY': 0.2, 'GLD': 0.2}",0.0
1436400000000,2015-07-09,307207.2249166441,"{'TLT': 0.6, 'SHY': 0.2, 'GLD': 0.2}",0.0
1436486400000,2015-07-10,304298.04666586424,"{'TLT': 0.6, 'SHY': 0.2, 'GLD': 0.2}",0.0
1436745600000,2015-07-13,303429.96147134324,"{'TLT': 0.6, 'SHY': 0.2, 'GLD': 0.2}",0.0
1436832000000,2015-07-14,303919.917408417,"{'TLT': 0.6, 'SHY': 0.2, 'GLD': 0.2}",0.0
1436918400000,2015-07-15,305555.4872069833,"{'TLT': 0.6, 'SHY': 0.2, 'GLD': 0.2}",0.0
1437004800000,2015-07-16,306570.77820178104,"{'TLT': 0.6, 'SHY': 0.2, 'GLD': 0.2}",0.0
1437091200000,2015-07-17,306886.30548783636,"{'TLT': 0.6, 'SHY': 0.2, 'GLD': 0.2}",0.0
1437350400000,2015-07-20,304408.09015778865,"{'TLT': 0.6, 'SHY': 0.2, 'GLD': 0.2}",0.0
1437436800000,2015-07-21,305213.99635270855,"{'TLT': 0.6, 'SHY': 0.2, 'GLD': 0.2}",0.0
1437523200000,2015-07-22,306016.74934473843,"{'TLT': 0.6, 'SHY': 0.2, 'GLD': 0.2}",0.0
1437609600000,2015-07-23,308036.8602055605,"{'TLT': 0.6, 'SHY': 0.2, 'GLD': 0.2}",0.0
1437696000000,2015-07-24,309111.68894200836,"{'TLT': 0.6, 'SHY': 0.2, 'GLD': 0.2}",0.0
1437955200000,2015-07-27,309860.9901702147,"{'TLT': 0.6, 'SHY': 0.2, 'GLD': 0.2}",0.0
1438041600000,2015-07-28,308584.9523203301,"{'TLT': 0.6, 'SHY': 0.2, 'GLD': 0.2}",0.0
1438128000000,2015-07-29,307971.0062068952,"{'TLT': 0.6, 'SHY': 0.2, 'GLD': 0.2}",0.0
1438214400000,2015-07-30,308838.5039635601,"{'TLT': 0.6, 'SHY': 0.2, 'GLD': 0.2}",0.0
1438300800000,2015-07-31,310666.29486554273,"{'TLT': 0.6, 'SHY': 0.2, 'GLD': 0.2}",0.0
1438560000000,2015-08-03,312157.48234092747,"{'TLT': 0.6, 'SHY': 0.2, 'GLD': 0.2}",0.0
1438646400000,2015-08-04,310702.0642233429,"{'TLT': 0.6, 'SHY': 0.2, 'GLD': 0.2}",0.0
1438732800000,2015-08-05,309083.73758054874,"{'TLT': 0.6, 'SHY': 0.2, 'GLD': 0.2}",0.0
1438819200000,2015-08-06,311018.40794472955,"{'TLT': 0.6, 'SHY': 0.2, 'GLD': 0.2}",0.0
1438905600000,2015-08-07,313591.9630242759,"{'TLT': 0.6, 'SHY': 0.2, 'GLD': 0.2}",0.0
1439164800000,2015-08-10,311902.81984267256,"{'TLT': 0.6, 'SHY': 0.2, 'GLD': 0.2}",0.0
1439251200000,2015-08-11,315274.1567198897,"{'TLT': 0.6, 'SHY': 0.2, 'GLD': 0.2}",0.0
1439337600000,2015-08-12,315127.31534316065,"{'TLT': 0.6, 'SHY': 0.2, 'GLD': 0.2}",0.0
1439424000000,2015-08-13,313945.1275880554,"{'TLT': 0.6, 'SHY': 0.2, 'GLD': 0.2}",0.0
1439510400000,2015-08-14,314351.3337217601,"{'TLT': 0.6, 'SHY': 0.2, 'GLD': 0.2}",0.0
1439769600000,2015-08-17,315405.26117986866,"{'TLT': 0.6, 'SHY': 0.2, 'GLD': 0.2}",0.0
1439856000000,2015-08-18,313896.6508770453,"{'TLT': 0.6, 'SHY': 0.2, 'GLD': 0.2}",0.0
1439942400000,2015-08-19,316659.7615247657,"{'TLT': 0.6, 'SHY': 0.2, 'GLD': 0.2}",0.0
1440028800000,2015-08-20,319658.9792428875,"{'TLT': 0.6, 'SHY': 0.2, 'GLD': 0.2}",0.0
1440115200000,2015-08-21,320704.59340918995,"{'TLT': 0.6, 'SHY': 0.2, 'GLD': 0.2}",0.0
1440374400000,2015-08-24,320327.6026650809,"{'TLT': 0.6, 'SHY': 0.2, 'GLD': 0.2}",0.0
1440460800000,2015-08-25,316415.6711013485,"{'TLT': 0.6, 'SHY': 0.2, 'GLD': 0.2}",0.0
1440547200000,2015-08-26,311849.7621746228,"{'TLT': 0.6, 'SHY': 0.2, 'GLD': 0.2}",0.0
1440633600000,2015-08-27,311999.43086706655,"{'TLT': 0.6, 'SHY': 0.2, 'GLD': 0.2}",0.0
1440720000000,2015-08-28,313084.1906328163,"{'TLT': 0.6, 'SHY': 0.2, 'GLD': 0.2}",0.0
1440979200000,2015-08-31,311688.0296372994,"{'TLT': 0.6, 'SHY': 0.2, 'GLD': 0.2}",0.0
1441065600000,2015-09-01,313275.2815766033,"{'TLT': 0.6, 'SHY': 0.2, 'GLD': 0.2}",0.0
1441152000000,2015-09-02,311340.0158908372,"{'TLT': 0.6, 'SHY': 0.2, 'GLD': 0.2}",0.0
1441238400000,2015-09-03,311803.8544039734,"{'TLT': 0.6, 'SHY': 0.2, 'GLD': 0.2}",0.0
1441324800000,2015-09-04,313316.9024955719,"{'TLT': 0.6, 'SHY': 0.2, 'GLD': 0.2}",0.0
1441670400000,2015-09-08,310538.7850258328,"{'TLT': 0.6, 'SHY': 0.2, 'GLD': 0.2}",0.0
1441756800000,2015-09-09,310615.218369702,"{'TLT': 0.6, 'SHY': 0.2, 'GLD': 0.2}",0.0
1441843200000,2015-09-10,309525.2376477492,"{'TLT': 0.6, 'SHY': 0.2, 'GLD': 0.2}",0.0
1441929600000,2015-09-11,310589.2105060058,"{'TLT': 0.6, 'SHY': 0.2, 'GLD': 0.2}",0.0
1442188800000,2015-09-14,310901.3399415721,"{'TLT': 0.6, 'SHY': 0.2, 'GLD': 0.2}",0.0
1442275200000,2015-09-15,307051.0986307035,"{'TLT': 0.6, 'SHY': 0.2, 'GLD': 0.2}",0.0
1442361600000,2015-09-16,307166.3234159819,"{'TLT': 0.6, 'SHY': 0.2, 'GLD': 0.2}",0.0
1442448000000,2015-09-17,310183.25545449555,"{'TLT': 0.6, 'SHY': 0.2, 'GLD': 0.2}",0.0
1442534400000,2015-09-18,313533.5709182805,"{'TLT': 0.6, 'SHY': 0.2, 'GLD': 0.2}",0.0
1442793600000,2015-09-21,310040.1458239217,"{'TLT': 0.6, 'SHY': 0.2, 'GLD': 0.2}",0.0
1442880000000,2015-09-22,312240.383751068,"{'TLT': 0.6, 'SHY': 0.2, 'GLD': 0.2}",0.0
1442966400000,2015-09-23,312452.0903198524,"{'TLT': 0.6, 'SHY': 0.2, 'GLD': 0.2}",0.0
1443052800000,2015-09-24,315077.4312725439,"{'TLT': 0.6, 'SHY': 0.2, 'GLD': 0.2}",0.0
1443139200000,2015-09-25,313025.5856226783,"{'TLT': 0.6, 'SHY': 0.2, 'GLD': 0.2}",0.0
1443398400000,2015-09-28,315491.4953497574,"{'TLT': 0.6, 'SHY': 0.2, 'GLD': 0.2}",0.0
1443484800000,2015-09-29,315801.06161230075,"{'TLT': 0.6, 'SHY': 0.2, 'GLD': 0.2}",0.0
1443571200000,2015-09-30,314503.6315931389,"{'TLT': 0.6, 'SHY': 0.2, 'GLD': 0.2}",0.0
1443657600000,2015-10-01,315232.13971767784,"{'TLT': 0.6, 'SHY': 0.2, 'GLD': 0.2}",0.0
1443744000000,2015-10-02,317801.95881009946,"{'TLT': 0.6, 'SHY': 0.2, 'GLD': 0.2}",0.0
1444003200000,2015-10-05,315041.7716388789,"{'TLT': 0.6, 'SHY': 0.2, 'GLD': 0.2}",0.0
1444089600000,2015-10-06,316481.14231374004,"{'TLT': 0.6, 'SHY': 0.2, 'GLD': 0.2}",0.0
1444176000000,2015-10-07,315743.1328165449,"{'TLT': 0.6, 'SHY': 0.2, 'GLD': 0.2}",0.0
1444262400000,2015-10-08,313819.3836312087,"{'TLT': 0.6, 'SHY': 0.2, 'GLD': 0.2}",0.0
1444348800000,2015-10-09,315308.30057476595,"{'TLT': 0.6, 'SHY': 0.2, 'GLD': 0.2}",0.0
1444608000000,2015-10-12,316982.5877568546,"{'TLT': 0.6, 'SHY': 0.2, 'GLD': 0.2}",0.0
1444694400000,2015-10-13,317642.35213913,"{'TLT': 0.6, 'SHY': 0.2, 'GLD': 0.2}",0.0
1444780800000,2015-10-14,320507.23236758215,"{'TLT': 0.6, 'SHY': 0.2, 'GLD': 0.2}",0.0
1444867200000,2015-10-15,319234.5324448157,"{'TLT': 0.6, 'SHY': 0.2, 'GLD': 0.2}",0.0
1444953600000,2015-10-16,318815.4600594573,"{'TLT': 0.6, 'SHY': 0.2, 'GLD': 0.2}",0.0
1445212800000,2015-10-19,318046.7232713787,"{'TLT': 0.6, 'SHY': 0.2, 'GLD': 0.2}",0.0
1445299200000,2015-10-20,317239.0371935766,"{'TLT': 0.6, 'SHY': 0.2, 'GLD': 0.2}",0.0
1445385600000,2015-10-21,318589.2018255899,"{'TLT': 0.6, 'SHY': 0.2, 'GLD': 0.2}",0.0
1445472000000,2015-10-22,318912.4536452178,"{'TLT': 0.6, 'SHY': 0.2, 'GLD': 0.2}",0.0
1445558400000,2015-10-23,317119.16168326203,"{'TLT': 0.6, 'SHY': 0.2, 'GLD': 0.2}",0.0
1445817600000,2015-10-26,318345.7878591341,"{'TLT': 0.6, 'SHY': 0.2, 'GLD': 0.2}",0.0
1445904000000,2015-10-27,318988.56183015724,"{'TLT': 0.6, 'SHY': 0.2, 'GLD': 0.2}",0.0
1445990400000,2015-10-28,317622.1534059235,"{'TLT': 0.6, 'SHY': 0.2, 'GLD': 0.2}",0.0
1446076800000,2015-10-29,313937.5276133489,"{'TLT': 0.6, 'SHY': 0.2, 'GLD': 0.2}",0.0
1446163200000,2015-10-30,315119.2999035881,"{'TLT': 0.6, 'SHY': 0.2, 'GLD': 0.2}",0.0
1446422400000,2015-11-02,313804.7092095365,"{'TLT': 0.6, 'SHY': 0.2, 'GLD': 0.2}",0.0
1446508800000,2015-11-03,311322.8388197538,"{'TLT': 0.6, 'SHY': 0.2, 'GLD': 0.2}",0.0
1446595200000,2015-11-04,310885.01466578164,"{'TLT': 0.6, 'SHY': 0.2, 'GLD': 0.2}",0.0
1446681600000,2015-11-05,310198.4446951922,"{'TLT': 0.6, 'SHY': 0.2, 'GLD': 0.2}",0.0
1446768000000,2015-11-06,306507.6071257097,"{'TLT': 0.6, 'SHY': 0.2, 'GLD': 0.2}",0.0
1447027200000,2015-11-09,305634.4112352754,"{'TLT': 0.6, 'SHY': 0.2, 'GLD': 0.2}",0.0
1447113600000,2015-11-10,306076.9728453136,"{'TLT': 0.6, 'SHY': 0.2, 'GLD': 0.2}",0.0
1447200000000,2015-11-11,305469.93565105053,"{'TLT': 0.6, 'SHY': 0.2, 'GLD': 0.2}",0.0
1447286400000,2015-11-12,306385.41564586724,"{'TLT': 0.6, 'SHY': 0.2, 'GLD': 0.2}",0.0
1447372800000,2015-11-13,307315.6168549897,"{'TLT': 0.6, 'SHY': 0.2, 'GLD': 0.2}",0.0
1447632000000,2015-11-16,307235.1647092529,"{'TLT': 0.6, 'SHY': 0.2, 'GLD': 0.2}",0.0
1447718400000,2015-11-17,306709.9683587708,"{'TLT': 0.6, 'SHY': 0.2, 'GLD': 0.2}",0.0
1447804800000,2015-11-18,307126.24458528735,"{'TLT': 0.6, 'SHY': 0.2, 'GLD': 0.2}",0.0
1447891200000,2015-11-19,309017.72634498565,"{'TLT': 0.6, 'SHY': 0.2, 'GLD': 0.2}",0.0
1447977600000,2015-11-20,308169.41044116276,"{'TLT': 0.6, 'SHY': 0.2, 'GLD': 0.2}",0.0
1448236800000,2015-11-23,308233.86048527213,"{'TLT': 0.6, 'SHY': 0.2, 'GLD': 0.2}",0.0
1448323200000,2015-11-24,308628.4840084503,"{'TLT': 0.6, 'SHY': 0.2, 'GLD': 0.2}",0.0
1448409600000,2015-11-25,308777.1631071623,"{'TLT': 0.6, 'SHY': 0.2, 'GLD': 0.2}",0.0
1448582400000,2015-11-27,307878.8101522307,"{'TLT': 0.6, 'SHY': 0.2, 'GLD': 0.2}",0.0
1448841600000,2015-11-30,308997.4234224065,"{'TLT': 0.6, 'SHY': 0.2, 'GLD': 0.2}",0.0
1448928000000,2015-12-01,311757.3768457263,"{'TLT': 0.6, 'SHY': 0.2, 'GLD': 0.2}",0.0
1449014400000,2015-12-02,310797.31750103855,"{'TLT': 0.6, 'SHY': 0.2, 'GLD': 0.2}",0.0
1449100800000,2015-12-03,306388.8355023735,"{'TLT': 0.6, 'SHY': 0.2, 'GLD': 0.2}",0.0
1449187200000,2015-12-04,309379.15229725174,"{'TLT': 0.6, 'SHY': 0.2, 'GLD': 0.2}",0.0
1449446400000,2015-12-07,310369.85494201555,"{'TLT': 0.6, 'SHY': 0.2, 'GLD': 0.2}",0.0
1449532800000,2015-12-08,310557.142707552,"{'TLT': 0.6, 'SHY': 0.2, 'GLD': 0.2}",0.0
1449619200000,2015-12-09,310259.5596002487,"{'TLT': 0.6, 'SHY': 0.2, 'GLD': 0.2}",0.0
1449705600000,2015-12-10,310413.0526284277,"{'TLT': 0.6, 'SHY': 0.2, 'GLD': 0.2}",0.0
1449792000000,2015-12-11,313760.5573822,"{'TLT': 0.6, 'SHY': 0.2, 'GLD': 0.2}",0.0
1450051200000,2015-12-14,310449.29987285705,"{'TLT': 0.6, 'SHY': 0.2, 'GLD': 0.2}",0.0
1450137600000,2015-12-15,309179.3645212603,"{'TLT': 0.6, 'SHY': 0.2, 'GLD': 0.2}",0.0
1450224000000,2015-12-16,309480.2660795541,"{'TLT': 0.6, 'SHY': 0.2, 'GLD': 0.2}",0.0
1450310400000,2015-12-17,310224.1296989957,"{'TLT': 0.6, 'SHY': 0.2, 'GLD': 0.2}",0.0
1450396800000,2015-12-18,312288.4198499278,"{'TLT': 0.6, 'SHY': 0.2, 'GLD': 0.2}",0.0
1450656000000,2015-12-21,312914.84941387764,"{'TLT': 0.6, 'SHY': 0.2, 'GLD': 0.2}",0.0
1450742400000,2015-12-22,311216.09683089604,"{'TLT': 0.6, 'SHY': 0.2, 'GLD': 0.2}",0.0
1450828800000,2015-12-23,309607.4925844828,"{'TLT': 0.6, 'SHY': 0.2, 'GLD': 0.2}",0.0
1450915200000,2015-12-24,311143.90307260625,"{'TLT': 0.6, 'SHY': 0.2, 'GLD': 0.2}",0.0
1451260800000,2015-12-28,311187.68202355795,"{'TLT': 0.6, 'SHY': 0.2, 'GLD': 0.2}",0.0
1451347200000,2015-12-29,308028.37458468793,"{'TLT': 0.6, 'SHY': 0.2, 'GLD': 0.2}",0.0
1451433600000,2015-12-30,307388.17659297,"{'TLT': 0.6, 'SHY': 0.2, 'GLD': 0.2}",0.0
1451520000000,2015-12-31,308213.0266469629,"{'TLT': 0.6, 'SHY': 0.2, 'GLD': 0.2}",0.0
1451865600000,2016-01-04,310496.3695473205,"{'TLT': 0.6, 'SHY': 0.2, 'GLD': 0.2}",0.0
1451952000000,2016-01-05,309883.0869900648,"{'TLT': 0.6, 'SHY': 0.2, 'GLD': 0.2}",0.0
1452038400000,2016-01-06,313320.1924288083,"{'TLT': 0.6, 'SHY': 0.2, 'GLD': 0.2}",0.0
1452124800000,2016-01-07,314566.02511838404,"{'TLT': 0.6, 'SHY': 0.2, 'GLD': 0.2}",0.0
1452211200000,2016-01-08,315177.326012863,"{'TLT': 0.6, 'SHY': 0.2, 'GLD': 0.2}",0.0
1452470400000,2016-01-11,312569.4589161723,"{'TLT': 0.6, 'SHY': 0.2, 'GLD': 0.2}",0.0
1452556800000,2016-01-12,314965.8532831642,"{'TLT': 0.6, 'SHY': 0.2, 'GLD': 0.2}",0.0
1452643200000,2016-01-13,317174.156874374,"{'TLT': 0.6, 'SHY': 0.2, 'GLD': 0.2}",0.0
1452729600000,2016-01-14,314377.9193302228,"{'TLT': 0.6, 'SHY': 0.2, 'GLD': 0.2}",0.0
1452816000000,2016-01-15,318017.0482103962,"{'TLT': 0.6, 'SHY': 0.2, 'GLD': 0.2}",0.0
1453161600000,2016-01-19,317356.6704546252,"{'TLT': 0.6, 'SHY': 0.2, 'GLD': 0.2}",0.0
1453248000000,2016-01-20,320255.0523110271,"{'TLT': 0.6, 'SHY': 0.2, 'GLD': 0.2}",0.0
1453334400000,2016-01-21,319015.9650338475,"{'TLT': 0.6, 'SHY': 0.2, 'GLD': 0.2}",0.0
1453420800000,2016-01-22,317966.84268174897,"{'TLT': 0.6, 'SHY': 0.2, 'GLD': 0.2}",0.0
1453680000000,2016-01-25,319655.9102548422,"{'TLT': 0.6, 'SHY': 0.2, 'GLD': 0.2}",0.0
1453766400000,2016-01-26,320506.75146667165,"{'TLT': 0.6, 'SHY': 0.2, 'GLD': 0.2}",0.0
1453852800000,2016-01-27,320714.9607313763,"{'TLT': 0.6, 'SHY': 0.2, 'GLD': 0.2}",0.0
1453939200000,2016-01-28,320304.8767142283,"{'TLT': 0.6, 'SHY': 0.2, 'GLD': 0.2}",0.0
1454025600000,2016-01-29,322255.9335047841,"{'TLT': 0.6, 'SHY': 0.2, 'GLD': 0.2}",0.0
1454284800000,2016-02-01,322292.6949723637,"{'TLT': 0.6, 'SHY': 0.2, 'GLD': 0.2}",0.0
1454371200000,2016-02-02,325987.7094926136,"{'TLT': 0.6, 'SHY': 0.2, 'GLD': 0.2}",0.0
1454457600000,2016-02-03,325080.6718254744,"{'TLT': 0.6, 'SHY': 0.2, 'GLD': 0.2}",0.0
1454544000000,2016-02-04,326826.61943942966,"{'TLT': 0.6, 'SHY': 0.2, 'GLD': 0.2}",0.0
1454630400000,2016-02-05,328074.6167540162,"{'TLT': 0.6, 'SHY': 0.2, 'GLD': 0.2}",0.0
1454889600000,2016-02-08,333269.8661266504,"{'TLT': 0.6, 'SHY': 0.2, 'GLD': 0.2}",0.0
1454976000000,2016-02-09,333312.973134754,"{'TLT': 0.6, 'SHY': 0.2, 'GLD': 0.2}",0.0
1455062400000,2016-02-10,335591.8268383641,"{'TLT': 0.6, 'SHY': 0.2, 'GLD': 0.2}",0.0
1455148800000,2016-02-11,339762.62386524223,"{'TLT': 0.6, 'SHY': 0.2, 'GLD': 0.2}",0.0
1455235200000,2016-02-12,335898.77579994744,"{'TLT': 0.6, 'SHY': 0.2, 'GLD': 0.2}",0.0
1455580800000,2016-02-16,331691.2302691053,"{'TLT': 0.6, 'SHY': 0.2, 'GLD': 0.2}",0.0
1455667200000,2016-02-17,330893.76467797253,"{'TLT': 0.6, 'SHY': 0.2, 'GLD': 0.2}",0.0
1455753600000,2016-02-18,334999.6712279412,"{'TLT': 0.6, 'SHY': 0.2, 'GLD': 0.2}",0.0
1455840000000,2016-02-19,334703.4092495609,"{'TLT': 0.6, 'SHY': 0.2, 'GLD': 0.2}",0.0
1456099200000,2016-02-22,333414.13383316936,"{'TLT': 0.6, 'SHY': 0.2, 'GLD': 0.2}",0.0
1456185600000,2016-02-23,335230.5967044395,"{'TLT': 0.6, 'SHY': 0.2, 'GLD': 0.2}",0.0
1456272000000,2016-02-24,335071.62214130856,"{'TLT': 0.6, 'SHY': 0.2, 'GLD': 0.2}",0.0
1456358400000,2016-02-25,335984.2416766573,"{'TLT': 0.6, 'SHY': 0.2, 'GLD': 0.2}",0.0
1456444800000,2016-02-26,333491.42162190005,"{'TLT': 0.6, 'SHY': 0.2, 'GLD': 0.2}",0.0
1456704000000,2016-02-29,335276.7220834288,"{'TLT': 0.6, 'SHY': 0.2, 'GLD': 0.2}",0.0
1456790400000,2016-03-01,331153.4682406296,"{'TLT': 0.6, 'SHY': 0.2, 'GLD': 0.2}",0.0
1456876800000,2016-03-02,332477.4225404242,"{'TLT': 0.6, 'SHY': 0.2, 'GLD': 0.2}",0.0
1456963200000,2016-03-03,334376.580262628,"{'TLT': 0.6, 'SHY': 0.2, 'GLD': 0.2}",0.0
1457049600000,2016-03-04,332937.53139272047,"{'TLT': 0.6, 'SHY': 0.2, 'GLD': 0.2}",0.0
1457308800000,2016-03-07,333159.5717336039,"{'TLT': 0.6, 'SHY': 0.2, 'GLD': 0.2}",0.0
1457395200000,2016-03-08,335106.7436725885,"{'TLT': 0.6, 'SHY': 0.2, 'GLD': 0.2}",0.0
1457481600000,2016-03-09,333305.14354080305,"{'TLT': 0.6, 'SHY': 0.2, 'GLD': 0.2}",0.0
1457568000000,2016-03-10,333547.2762548982,"{'TLT': 0.6, 'SHY': 0.2, 'GLD': 0.2}",0.0
1457654400000,2016-03-11,330314.49656534626,"{'TLT': 0.6, 'SHY': 0.2, 'GLD': 0.2}",0.0
1457913600000,2016-03-14,330084.9784238625,"{'TLT': 0.6, 'SHY': 0.2, 'GLD': 0.2}",0.0
1458000000000,2016-03-15,330344.7666563664,"{'TLT': 0.6, 'SHY': 0.2, 'GLD': 0.2}",0.0
1458086400000,2016-03-16,332539.4492151081,"{'TLT': 0.6, 'SHY': 0.2, 'GLD': 0.2}",0.0
1458172800000,2016-03-17,333102.4300140495,"{'TLT': 0.6, 'SHY': 0.2, 'GLD': 0.2}",0.0
1458259200000,2016-03-18,333354.02295755723,"{'TLT': 0.6, 'SHY': 0.2, 'GLD': 0.2}",0.0
1458518400000,2016-03-21,331344.51079712465,"{'TLT': 0.6, 'SHY': 0.2, 'GLD': 0.2}",0.0
1458604800000,2016-03-22,331453.86951266107,"{'TLT': 0.6, 'SHY': 0.2, 'GLD': 0.2}",0.0
1458691200000,2016-03-23,332245.0174322882,"{'TLT': 0.6, 'SHY': 0.2, 'GLD': 0.2}",0.0
1458777600000,2016-03-24,332131.06819457473,"{'TLT': 0.6, 'SHY': 0.2, 'GLD': 0.2}",0.0
1459123200000,2016-03-28,332562.38493059756,"{'TLT': 0.6, 'SHY': 0.2, 'GLD': 0.2}",0.0
1459209600000,2016-03-29,336012.1955347612,"{'TLT': 0.6, 'SHY': 0.2, 'GLD': 0.2}",0.0
1459296000000,2016-03-30,332958.013861858,"{'TLT': 0.6, 'SHY': 0.2, 'GLD': 0.2}",0.0
1459382400000,2016-03-31,334713.7212697067,"{'TLT': 0.6, 'SHY': 0.2, 'GLD': 0.2}",0.0
1459468800000,2016-04-01,334794.80094752397,"{'TLT': 0.6, 'SHY': 0.2, 'GLD': 0.2}",0.0
1459728000000,2016-04-04,334518.42104708863,"{'TLT': 0.6, 'SHY': 0.2, 'GLD': 0.2}",0.0
1459814400000,2016-04-05,337606.8620225228,"{'TLT': 0.6, 'SHY': 0.2, 'GLD': 0.2}",0.0
1459900800000,2016-04-06,335698.7966254827,"{'TLT': 0.6, 'SHY': 0.2, 'GLD': 0.2}",0.0
1459987200000,2016-04-07,339183.5008522245,"{'TLT': 0.6, 'SHY': 0.2, 'GLD': 0.2}",0.0
1460073600000,2016-04-08,337793.8951873511,"{'TLT': 0.6, 'SHY': 0.2, 'GLD': 0.2}",0.0
1460332800000,2016-04-11,338437.590238872,"{'TLT': 0.6, 'SHY': 0.2, 'GLD': 0.2}",0.0
1460419200000,2016-04-12,337031.3076136933,"{'TLT': 0.6, 'SHY': 0.2, 'GLD': 0.2}",0.0
1460505600000,2016-04-13,336991.39094418957,"{'TLT': 0.6, 'SHY': 0.2, 'GLD': 0.2}",0.0
1460592000000,2016-04-14,335079.832755579,"{'TLT': 0.6, 'SHY': 0.2, 'GLD': 0.2}",0.0
1460678400000,2016-04-15,337312.8069732886,"{'TLT': 0.6, 'SHY': 0.2, 'GLD': 0.2}",0.0
1460937600000,2016-04-18,336327.1696468956,"{'TLT': 0.6, 'SHY': 0.2, 'GLD': 0.2}",0.0
1461024000000,2016-04-19,336724.5829270507,"{'TLT': 0.6, 'SHY': 0.2, 'GLD': 0.2}",0.0
1461110400000,2016-04-20,334110.94915268815,"{'TLT': 0.6, 'SHY': 0.2, 'GLD': 0.2}",0.0
1461196800000,2016-04-21,333155.4884553639,"{'TLT': 0.6, 'SHY': 0.2, 'GLD': 0.2}",0.0
1461283200000,2016-04-22,331789.3097204542,"{'TLT': 0.6, 'SHY': 0.2, 'GLD': 0.2}",0.0
1461542400000,2016-04-25,331143.06946149265,"{'TLT': 0.6, 'SHY': 0.2, 'GLD': 0.2}",0.0
1461628800000,2016-04-26,330489.26539173146,"{'TLT': 0.6, 'SHY': 0.2, 'GLD': 0.2}",0.0
1461715200000,2016-04-27,332704.34543710307,"{'TLT': 0.6, 'SHY': 0.2, 'GLD': 0.2}",0.0
1461801600000,2016-04-28,334824.50893397373,"{'TLT': 0.6, 'SHY': 0.2, 'GLD': 0.2}",0.0
1461888000000,2016-04-29,336664.82475943735,"{'TLT': 0.6, 'SHY': 0.2, 'GLD': 0.2}",0.0
1462147200000,2016-05-02,334383.17783577257,"{'TLT': 0.6, 'SHY': 0.2, 'GLD': 0.2}",0.0
1462233600000,2016-05-03,336829.30846182763,"{'TLT': 0.6, 'SHY': 0.2, 'GLD': 0.2}",0.0
1462320000000,2016-05-04,337519.097031319,"{'TLT': 0.6, 'SHY': 0.2, 'GLD': 0.2}",0.0
1462406400000,2016-05-05,338819.3186075295,"{'TLT': 0.6, 'SHY': 0.2, 'GLD': 0.2}",0.0
1462492800000,2016-05-06,338550.64336537186,"{'TLT': 0.6, 'SHY': 0.2, 'GLD': 0.2}",0.0
1462752000000,2016-05-09,337830.1377288474,"{'TLT': 0.6, 'SHY': 0.2, 'GLD': 0.2}",0.0
1462838400000,2016-05-10,338046.39276186423,"{'TLT': 0.6, 'SHY': 0.2, 'GLD': 0.2}",0.0
1462924800000,2016-05-11,339806.50168536487,"{'TLT': 0.6, 'SHY': 0.2, 'GLD': 0.2}",0.0
1463011200000,2016-05-12,338302.7852884177,"{'TLT': 0.6, 'SHY': 0.2, 'GLD': 0.2}",0.0
1463097600000,2016-05-13,340585.5714291171,"{'TLT': 0.6, 'SHY': 0.2, 'GLD': 0.2}",0.0
1463356800000,2016-05-16,338842.81092810805,"{'TLT': 0.6, 'SHY': 0.2, 'GLD': 0.2}",0.0
1463443200000,2016-05-17,339393.72646026127,"{'TLT': 0.6, 'SHY': 0.2, 'GLD': 0.2}",0.0
1463529600000,2016-05-18,335197.50205413625,"{'TLT': 0.6, 'SHY': 0.2, 'GLD': 0.2}",0.0
1463616000000,2016-05-19,335954.7894843354,"{'TLT': 0.6, 'SHY': 0.2, 'GLD': 0.2}",0.0
1463702400000,2016-05-20,336043.7711703016,"{'TLT': 0.6, 'SHY': 0.2, 'GLD': 0.2}",0.0
1463961600000,2016-05-23,336294.2095879941,"{'TLT': 0.6, 'SHY': 0.2, 'GLD': 0.2}",0.0
1464048000000,2016-05-24,334183.09107207105,"{'TLT': 0.6, 'SHY': 0.2, 'GLD': 0.2}",0.0
1464134400000,2016-05-25,333283.573969552,"{'TLT': 0.6, 'SHY': 0.2, 'GLD': 0.2}",0.0
1464220800000,2016-05-26,334130.64623699524,"{'TLT': 0.6, 'SHY': 0.2, 'GLD': 0.2}",0.0
1464307200000,2016-05-27,333247.94957468414,"{'TLT': 0.6, 'SHY': 0.2, 'GLD': 0.2}",0.0
1464652800000,2016-05-31,334010.4275967559,"{'TLT': 0.6, 'SHY': 0.2, 'GLD': 0.2}",0.0
1464739200000,2016-06-01,334707.9552409106,"{'TLT': 0.6, 'SHY': 0.2, 'GLD': 0.2}",0.0
1464825600000,2016-06-02,336054.9219804071,"{'TLT': 0.6, 'SHY': 0.2, 'GLD': 0.2}",0.0
1464912000000,2016-06-03,340901.402969277,"{'TLT': 0.6, 'SHY': 0.2, 'GLD': 0.2}",0.0
1465171200000,2016-06-06,339388.25919326534,"{'TLT': 0.6, 'SHY': 0.2, 'GLD': 0.2}",0.0
1465257600000,2016-06-07,339839.9494861082,"{'TLT': 0.6, 'SHY': 0.2, 'GLD': 0.2}",0.0
1465344000000,2016-06-08,341954.8895993656,"{'TLT': 0.6, 'SHY': 0.2, 'GLD': 0.2}",0.0
1465430400000,2016-06-09,343674.9989495086,"{'TLT': 0.6, 'SHY': 0.2, 'GLD': 0.2}",0.0
1465516800000,2016-06-10,344992.4841342095,"{'TLT': 0.6, 'SHY': 0.2, 'GLD': 0.2}",0.0
1465776000000,2016-06-13,346440.3287192809,"{'TLT': 0.6, 'SHY': 0.2, 'GLD': 0.2}",0.0
1465862400000,2016-06-14,346368.32064767345,"{'TLT': 0.6, 'SHY': 0.2, 'GLD': 0.2}",0.0
1465948800000,2016-06-15,347762.10285020777,"{'TLT': 0.6, 'SHY': 0.2, 'GLD': 0.2}",0.0
1466035200000,2016-06-16,348004.15008871054,"{'TLT': 0.6, 'SHY': 0.2, 'GLD': 0.2}",0.0
1466121600000,2016-06-17,347604.719013977,"{'TLT': 0.6, 'SHY': 0.2, 'GLD': 0.2}",0.0
1466380800000,2016-06-20,344918.8045106293,"{'TLT': 0.6, 'SHY': 0.2, 'GLD': 0.2}",0.0
1466467200000,2016-06-21,342586.7490619169,"{'TLT': 0.6, 'SHY': 0.2, 'GLD': 0.2}",0.0
1466553600000,2016-06-22,342983.6282478935,"{'TLT': 0.6, 'SHY': 0.2, 'GLD': 0.2}",0.0
1466640000000,2016-06-23,340157.30299524724,"{'TLT': 0.6, 'SHY': 0.2, 'GLD': 0.2}",0.0
1466726400000,2016-06-24,349132.7896212998,"{'TLT': 0.6, 'SHY': 0.2, 'GLD': 0.2}",0.0
1466985600000,2016-06-27,354780.73888609017,"{'TLT': 0.6, 'SHY': 0.2, 'GLD': 0.2}",0.0
1467072000000,2016-06-28,354487.5352222764,"{'TLT': 0.6, 'SHY': 0.2, 'GLD': 0.2}",0.0
1467158400000,2016-06-29,353124.70240121963,"{'TLT': 0.6, 'SHY': 0.2, 'GLD': 0.2}",0.0
1467244800000,2016-06-30,354292.27729192446,"{'TLT': 0.6, 'SHY': 0.2, 'GLD': 0.2}",0.0
1467331200000,2016-07-01,358355.7440505482,"{'TLT': 0.6, 'SHY': 0.2, 'GLD': 0.2}",0.0
1467676800000,2016-07-05,361673.00862811273,"{'TLT': 0.6, 'SHY': 0.2, 'GLD': 0.2}",0.0
1467763200000,2016-07-06,362414.3922465169,"{'TLT': 0.6, 'SHY': 0.2, 'GLD': 0.2}",0.0
1467849600000,2016-07-07,362092.354404951,"{'TLT': 0.6, 'SHY': 0.2, 'GLD': 0.2}",0.0
1467936000000,2016-07-08,364128.18094909424,"{'TLT': 0.6, 'SHY': 0.2, 'GLD': 0.2}",0.0
1468195200000,2016-07-11,361447.7873426372,"{'TLT': 0.6, 'SHY': 0.2, 'GLD': 0.2}",0.0
1468281600000,2016-07-12,356660.590935659,"{'TLT': 0.6, 'SHY': 0.2, 'GLD': 0.2}",0.0
1468368000000,2016-07-13,359856.01220275526,"{'TLT': 0.6, 'SHY': 0.2, 'GLD': 0.2}",0.0
1468454400000,2016-07-14,356118.433520723,"{'TLT': 0.6, 'SHY': 0.2, 'GLD': 0.2}",0.0
1468540800000,2016-07-15,353973.91464898305,"{'TLT': 0.6, 'SHY': 0.2, 'GLD': 0.2}",0.0
1468800000000,2016-07-18,353927.65615697426,"{'TLT': 0.6, 'SHY': 0.2, 'GLD': 0.2}",0.0
1468886400000,2016-07-19,355228.66871057457,"{'TLT': 0.6, 'SHY': 0.2, 'GLD': 0.2}",0.0
1468972800000,2016-07-20,353013.8951423886,"{'TLT': 0.6, 'SHY': 0.2, 'GLD': 0.2}",0.0
1469059200000,2016-07-21,354567.98351261124,"{'TLT': 0.6, 'SHY': 0.2, 'GLD': 0.2}",0.0
1469145600000,2016-07-22,354382.3333665128,"{'TLT': 0.6, 'SHY': 0.2, 'GLD': 0.2}",0.0
1469404800000,2016-07-25,353685.5014497036,"{'TLT': 0.6, 'SHY': 0.2, 'GLD': 0.2}",0.0
1469491200000,2016-07-26,354329.292589686,"{'TLT': 0.6, 'SHY': 0.2, 'GLD': 0.2}",0.0
1469577600000,2016-07-27,358168.4871274916,"{'TLT': 0.6, 'SHY': 0.2, 'GLD': 0.2}",0.0
1469664000000,2016-07-28,357555.86809589295,"{'TLT': 0.6, 'SHY': 0.2, 'GLD': 0.2}",0.0
1469750400000,2016-07-29,359851.5984650429,"{'SPY': 0.4, 'HYG': 0.3, 'LQD': 0.2, 'GLD': 0.1}",0.0
1470009600000,2016-08-01,358787.83543234604,"{'SPY': 0.4, 'HYG': 0.3, 'LQD': 0.2, 'GLD': 0.1}",0.0
1470096000000,2016-08-02,357604.52259209286,"{'SPY': 0.4, 'HYG': 0.3, 'LQD': 0.2, 'GLD': 0.1}",0.0
1470182400000,2016-08-03,358428.8425178094,"{'SPY': 0.4, 'HYG': 0.3, 'LQD': 0.2, 'GLD': 0.1}",0.0
1470268800000,2016-08-04,359631.2361169289,"{'SPY': 0.4, 'HYG': 0.3, 'LQD': 0.2, 'GLD': 0.1}",0.0
1470355200000,2016-08-05,360113.1113438059,"{'SPY': 0.4, 'HYG': 0.3, 'LQD': 0.2, 'GLD': 0.1}",0.0
1470614400000,2016-08-08,360485.3202312495,"{'SPY': 0.4, 'HYG': 0.3, 'LQD': 0.2, 'GLD': 0.1}",0.0
1470700800000,2016-08-09,361519.7245124754,"{'SPY': 0.4, 'HYG': 0.3, 'LQD': 0.2, 'GLD': 0.1}",0.0
1470787200000,2016-08-10,361335.3116979491,"{'SPY': 0.4, 'HYG': 0.3, 'LQD': 0.2, 'GLD': 0.1}",0.0
1470873600000,2016-08-11,361780.7627502943,"{'SPY': 0.4, 'HYG': 0.3, 'LQD': 0.2, 'GLD': 0.1}",0.0
1470960000000,2016-08-12,361995.4602343255,"{'SPY': 0.4, 'HYG': 0.3, 'LQD': 0.2, 'GLD': 0.1}",0.0
1471219200000,2016-08-15,362642.9849268983,"{'SPY': 0.4, 'HYG': 0.3, 'LQD': 0.2, 'GLD': 0.1}",0.0
1471305600000,2016-08-16,361718.00124542834,"{'SPY': 0.4, 'HYG': 0.3, 'LQD': 0.2, 'GLD': 0.1}",0.0
1471392000000,2016-08-17,362349.04908436304,"{'SPY': 0.4, 'HYG': 0.3, 'LQD': 0.2, 'GLD': 0.1}",0.0
1471478400000,2016-08-18,363449.5066644503,"{'SPY': 0.4, 'HYG': 0.3, 'LQD': 0.2, 'GLD': 0.1}",0.0
1471564800000,2016-08-19,362372.4085174178,"{'SPY': 0.4, 'HYG': 0.3, 'LQD': 0.2, 'GLD': 0.1}",0.0
1471824000000,2016-08-22,362382.7852599538,"{'SPY': 0.4, 'HYG': 0.3, 'LQD': 0.2, 'GLD': 0.1}",0.0
1471910400000,2016-08-23,363115.65989566024,"{'SPY': 0.4, 'HYG': 0.3, 'LQD': 0.2, 'GLD': 0.1}",0.0
1471996800000,2016-08-24,361620.83396319806,"{'SPY': 0.4, 'HYG': 0.3, 'LQD': 0.2, 'GLD': 0.1}",0.0
1472083200000,2016-08-25,361620.43616382254,"{'SPY': 0.4, 'HYG': 0.3, 'LQD': 0.2, 'GLD': 0.1}",0.0
1472169600000,2016-08-26,360943.3768598167,"{'SPY': 0.4, 'HYG': 0.3, 'LQD': 0.2, 'GLD': 0.1}",0.0
1472428800000,2016-08-29,362673.2908029293,"{'SPY': 0.4, 'HYG': 0.3, 'LQD': 0.2, 'GLD': 0.1}",0.0
1472515200000,2016-08-30,362038.49374668545,"{'SPY': 0.4, 'HYG': 0.3, 'LQD': 0.2, 'GLD': 0.1}",0.0
1472601600000,2016-08-31,361100.7006598764,"{'SPY': 0.4, 'HYG': 0.3, 'LQD': 0.2, 'GLD': 0.1}",0.0
1472688000000,2016-09-01,361469.6658912921,"{'SPY': 0.4, 'HYG': 0.3, 'LQD': 0.2, 'GLD': 0.1}",0.0
1472774400000,2016-09-02,362863.47012065136,"{'SPY': 0.4, 'HYG': 0.3, 'LQD': 0.2, 'GLD': 0.1}",0.0
1473120000000,2016-09-06,364293.8124575249,"{'SPY': 0.4, 'HYG': 0.3, 'LQD': 0.2, 'GLD': 0.1}",0.0
1473206400000,2016-09-07,363754.4551437563,"{'SPY': 0.4, 'HYG': 0.3, 'LQD': 0.2, 'GLD': 0.1}",0.0
1473292800000,2016-09-08,362516.14028494095,"{'SPY': 0.4, 'HYG': 0.3, 'LQD': 0.2, 'GLD': 0.1}",0.0
1473379200000,2016-09-09,357221.03372544574,"{'SPY': 0.4, 'HYG': 0.3, 'LQD': 0.2, 'GLD': 0.1}",0.0
1473638400000,2016-09-12,359606.6813089824,"{'SPY': 0.4, 'HYG': 0.3, 'LQD': 0.2, 'GLD': 0.1}",0.0
1473724800000,2016-09-13,356236.89648809127,"{'SPY': 0.4, 'HYG': 0.3, 'LQD': 0.2, 'GLD': 0.1}",0.0
1473811200000,2016-09-14,356327.1241305868,"{'SPY': 0.4, 'HYG': 0.3, 'LQD': 0.2, 'GLD': 0.1}",0.0
1473897600000,2016-09-15,358195.5011227907,"{'SPY': 0.4, 'HYG': 0.3, 'LQD': 0.2, 'GLD': 0.1}",0.0
1473984000000,2016-09-16,357660.590205183,"{'SPY': 0.4, 'HYG': 0.3, 'LQD': 0.2, 'GLD': 0.1}",0.0
1474243200000,2016-09-19,357800.7741160908,"{'SPY': 0.4, 'HYG': 0.3, 'LQD': 0.2, 'GLD': 0.1}",0.0
1474329600000,2016-09-20,357810.9191595338,"{'SPY': 0.4, 'HYG': 0.3, 'LQD': 0.2, 'GLD': 0.1}",0.0
1474416000000,2016-09-21,361194.2098812338,"{'SPY': 0.4, 'HYG': 0.3, 'LQD': 0.2, 'GLD': 0.1}",0.0
1474502400000,2016-09-22,362847.7042616562,"{'SPY': 0.4, 'HYG': 0.3, 'LQD': 0.2, 'GLD': 0.1}",0.0
1474588800000,2016-09-23,361896.7428559892,"{'SPY': 0.4, 'HYG': 0.3, 'LQD': 0.2, 'GLD': 0.1}",0.0
1474848000000,2016-09-26,360331.9668626675,"{'SPY': 0.4, 'HYG': 0.3, 'LQD': 0.2, 'GLD': 0.1}",0.0
1474934400000,2016-09-27,361452.4638280434,"{'SPY': 0.4, 'HYG': 0.3, 'LQD': 0.2, 'GLD': 0.1}",0.0
1475020800000,2016-09-28,362828.84049352346,"{'SPY': 0.4, 'HYG': 0.3, 'LQD': 0.2, 'GLD': 0.1}",0.0
1475107200000,2016-09-29,361031.36195842177,"{'SPY': 0.4, 'HYG': 0.3, 'LQD': 0.2, 'GLD': 0.1}",0.0
1475193600000,2016-09-30,362343.0079664526,"{'SPY': 0.4, 'HYG': 0.3, 'LQD': 0.2, 'GLD': 0.1}",0.0
1475452800000,2016-10-03,361629.35864606116,"{'SPY': 0.4, 'HYG': 0.3, 'LQD': 0.2, 'GLD': 0.1}",0.0
1475539200000,2016-10-04,359112.8442724422,"{'SPY': 0.4, 'HYG': 0.3, 'LQD': 0.2, 'GLD': 0.1}",0.0
1475625600000,2016-10-05,359901.4706236206,"{'SPY': 0.4, 'HYG': 0.3, 'LQD': 0.2, 'GLD': 0.1}",0.0
1475712000000,2016-10-06,359735.8407168642,"{'SPY': 0.4, 'HYG': 0.3, 'LQD': 0.2, 'GLD': 0.1}",0.0
1475798400000,2016-10-07,359685.9164373215,"{'SPY': 0.4, 'HYG': 0.3, 'LQD': 0.2, 'GLD': 0.1}",0.0
1476057600000,2016-10-10,360871.08732313267,"{'SPY': 0.4, 'HYG': 0.3, 'LQD': 0.2, 'GLD': 0.1}",0.0
1476144000000,2016-10-11,358033.1178315102,"{'SPY': 0.4, 'HYG': 0.3, 'LQD': 0.2, 'GLD': 0.1}",0.0
1476230400000,2016-10-12,358335.01178733545,"{'SPY': 0.4, 'HYG': 0.3, 'LQD': 0.2, 'GLD': 0.1}",0.0
1476316800000,2016-10-13,357856.53198385146,"{'SPY': 0.4, 'HYG': 0.3, 'LQD': 0.2, 'GLD': 0.1}",0.0
1476403200000,2016-10-14,357644.6210922044,"{'SPY': 0.4, 'HYG': 0.3, 'LQD': 0.2, 'GLD': 0.1}",0.0
1476662400000,2016-10-17,357330.7609709057,"{'SPY': 0.4, 'HYG': 0.3, 'LQD': 0.2, 'GLD': 0.1}",0.0
1476748800000,2016-10-18,359055.05810726644,"{'SPY': 0.4, 'HYG': 0.3, 'LQD': 0.2, 'GLD': 0.1}",0.0
1476835200000,2016-10-19,360046.9263790533,"{'SPY': 0.4, 'HYG': 0.3, 'LQD': 0.2, 'GLD': 0.1}",0.0
1476921600000,2016-10-20,359656.95111973246,"{'SPY': 0.4, 'HYG': 0.3, 'LQD': 0.2, 'GLD': 0.1}",0.0
1477008000000,2016-10-21,359816.8861353252,"{'SPY': 0.4, 'HYG': 0.3, 'LQD': 0.2, 'GLD': 0.1}",0.0
1477267200000,2016-10-24,360204.75108877016,"{'SPY': 0.4, 'HYG': 0.3, 'LQD': 0.2, 'GLD': 0.1}",0.0
1477353600000,2016-10-25,359878.9964546604,"{'SPY': 0.4, 'HYG': 0.3, 'LQD': 0.2, 'GLD': 0.1}",0.0
1477440000000,2016-10-26,358655.2998975002,"{'SPY': 0.4, 'HYG': 0.3, 'LQD': 0.2, 'GLD': 0.1}",0.0
1477526400000,2016-10-27,357617.8173329606,"{'SPY': 0.4, 'HYG': 0.3, 'LQD': 0.2, 'GLD': 0.1}",0.0
1477612800000,2016-10-28,356761.033599483,"{'SPY': 0.4, 'HYG': 0.3, 'LQD': 0.2, 'GLD': 0.1}",0.0
1477872000000,2016-10-31,356473.11892414663,"{'SPY': 0.6, 'QQQ': 0.2, 'HYG': 0.1, 'GLD': 0.1}",0.0
1477958400000,2016-11-01,354479.08219766954,"{'SPY': 0.6, 'QQQ': 0.2, 'HYG': 0.1, 'GLD': 0.1}",0.0
1478044800000,2016-11-02,352736.09079979005,"{'SPY': 0.6, 'QQQ': 0.2, 'HYG': 0.1, 'GLD': 0.1}",0.0
1478131200000,2016-11-03,351271.8289283714,"{'SPY': 0.6, 'QQQ': 0.2, 'HYG': 0.1, 'GLD': 0.1}",0.0
1478217600000,2016-11-04,350835.29384125007,"{'SPY': 0.6, 'QQQ': 0.2, 'HYG': 0.1, 'GLD': 0.1}",0.0
1478476800000,2016-11-07,357004.74484967766,"{'SPY': 0.6, 'QQQ': 0.2, 'HYG': 0.1, 'GLD': 0.1}",0.0
1478563200000,2016-11-08,358208.1147507033,"{'SPY': 0.6, 'QQQ': 0.2, 'HYG': 0.1, 'GLD': 0.1}",0.0
1478649600000,2016-11-09,360543.521831028,"{'SPY': 0.6, 'QQQ': 0.2, 'HYG': 0.1, 'GLD': 0.1}",0.0
1478736000000,2016-11-10,358909.14633859484,"{'SPY': 0.6, 'QQQ': 0.2, 'HYG': 0.1, 'GLD': 0.1}",0.0
1478822400000,2016-11-11,357313.00391799357,"{'SPY': 0.6, 'QQQ': 0.2, 'HYG': 0.1, 'GLD': 0.1}",0.0
1479081600000,2016-11-14,356722.71066931635,"{'SPY': 0.6, 'QQQ': 0.2, 'HYG': 0.1, 'GLD': 0.1}",0.0
1479168000000,2016-11-15,360163.4751063694,"{'SPY': 0.6, 'QQQ': 0.2, 'HYG': 0.1, 'GLD': 0.1}",0.0
1479254400000,2016-11-16,359933.9158781393,"{'SPY': 0.6, 'QQQ': 0.2, 'HYG': 0.1, 'GLD': 0.1}",0.0
1479340800000,2016-11-17,361284.99261605577,"{'SPY': 0.6, 'QQQ': 0.2, 'HYG': 0.1, 'GLD': 0.1}",0.0
1479427200000,2016-11-18,360212.78317958675,"{'SPY': 0.6, 'QQQ': 0.2, 'HYG': 0.1, 'GLD': 0.1}",0.0
1479686400000,2016-11-21,363017.9158245592,"{'SPY': 0.6, 'QQQ': 0.2, 'HYG': 0.1, 'GLD': 0.1}",0.0
1479772800000,2016-11-22,363919.3798281507,"{'SPY': 0.6, 'QQQ': 0.2, 'HYG': 0.1, 'GLD': 0.1}",0.0
1479859200000,2016-11-23,362887.48869406624,"{'SPY': 0.6, 'QQQ': 0.2, 'HYG': 0.1, 'GLD': 0.1}",0.0
1480032000000,2016-11-25,363770.97695226566,"{'SPY': 0.6, 'QQQ': 0.2, 'HYG': 0.1, 'GLD': 0.1}",0.0
1480291200000,2016-11-28,362961.0488464585,"{'SPY': 0.6, 'QQQ': 0.2, 'HYG': 0.1, 'GLD': 0.1}",0.0
1480377600000,2016-11-29,363421.2822094963,"{'SPY': 0.6, 'QQQ': 0.2, 'HYG': 0.1, 'GLD': 0.1}",0.0
1480464000000,2016-11-30,361547.5151476549,"{'SPY': 0.6, 'QQQ': 0.2, 'HYG': 0.1, 'GLD': 0.1}",0.0
1480550400000,2016-12-01,359263.7245878532,"{'SPY': 0.6, 'QQQ': 0.2, 'HYG': 0.1, 'GLD': 0.1}",0.0
1480636800000,2016-12-02,359923.98832643003,"{'SPY': 0.6, 'QQQ': 0.2, 'HYG': 0.1, 'GLD': 0.1}",0.0
1480896000000,2016-12-05,361681.76696276554,"{'SPY': 0.6, 'QQQ': 0.2, 'HYG': 0.1, 'GLD': 0.1}",0.0
1480982400000,2016-12-06,362688.86144862947,"{'SPY': 0.6, 'QQQ': 0.2, 'HYG': 0.1, 'GLD': 0.1}",0.0
1481068800000,2016-12-07,366765.347029474,"{'SPY': 0.6, 'QQQ': 0.2, 'HYG': 0.1, 'GLD': 0.1}",0.0
1481155200000,2016-12-08,367344.9053383985,"{'SPY': 0.6, 'QQQ': 0.2, 'HYG': 0.1, 'GLD': 0.1}",0.0
1481241600000,2016-12-09,368884.3080580653,"{'SPY': 0.6, 'QQQ': 0.2, 'HYG': 0.1, 'GLD': 0.1}",0.0
1481500800000,2016-12-12,368385.9753612261,"{'SPY': 0.6, 'QQQ': 0.2, 'HYG': 0.1, 'GLD': 0.1}",0.0
1481587200000,2016-12-13,370756.68447646615,"{'SPY': 0.6, 'QQQ': 0.2, 'HYG': 0.1, 'GLD': 0.1}",0.0
1481673600000,2016-12-14,367944.5169882273,"{'SPY': 0.6, 'QQQ': 0.2, 'HYG': 0.1, 'GLD': 0.1}",0.0
1481760000000,2016-12-15,368483.11175684177,"{'SPY': 0.6, 'QQQ': 0.2, 'HYG': 0.1, 'GLD': 0.1}",0.0
1481846400000,2016-12-16,368055.58523852116,"{'SPY': 0.6, 'QQQ': 0.2, 'HYG': 0.1, 'GLD': 0.1}",0.0
1482105600000,2016-12-19,369116.0131466328,"{'SPY': 0.6, 'QQQ': 0.2, 'HYG': 0.1, 'GLD': 0.1}",0.0
1482192000000,2016-12-20,370032.5517483062,"{'SPY': 0.6, 'QQQ': 0.2, 'HYG': 0.1, 'GLD': 0.1}",0.0
1482278400000,2016-12-21,369444.3045140602,"{'SPY': 0.6, 'QQQ': 0.2, 'HYG': 0.1, 'GLD': 0.1}",0.0
1482364800000,2016-12-22,368843.4291182487,"{'SPY': 0.6, 'QQQ': 0.2, 'HYG': 0.1, 'GLD': 0.1}",0.0
1482451200000,2016-12-23,369401.4269671841,"{'SPY': 0.6, 'QQQ': 0.2, 'HYG': 0.1, 'GLD': 0.1}",0.0
1482796800000,2016-12-27,370513.9606568212,"{'SPY': 0.6, 'QQQ': 0.2, 'HYG': 0.1, 'GLD': 0.1}",0.0
1482883200000,2016-12-28,368151.1497064549,"{'SPY': 0.6, 'QQQ': 0.2, 'HYG': 0.1, 'GLD': 0.1}",0.0
1482969600000,2016-12-29,368532.31000775157,"{'SPY': 0.6, 'QQQ': 0.2, 'HYG': 0.1, 'GLD': 0.1}",0.0
1483056000000,2016-12-30,366752.35901339015,"{'SPY': 0.6, 'QQQ': 0.2, 'HYG': 0.1, 'GLD': 0.1}",0.0
1483401600000,2017-01-03,369532.2737320348,"{'SPY': 0.6, 'QQQ': 0.2, 'HYG': 0.1, 'GLD': 0.1}",0.0
1483488000000,2017-01-04,371583.473235558,"{'SPY': 0.6, 'QQQ': 0.2, 'HYG': 0.1, 'GLD': 0.1}",0.0
1483574400000,2017-01-05,372348.01039914053,"{'SPY': 0.6, 'QQQ': 0.2, 'HYG': 0.1, 'GLD': 0.1}",0.0
1483660800000,2017-01-06,373517.3465349464,"{'SPY': 0.6, 'QQQ': 0.2, 'HYG': 0.1, 'GLD': 0.1}",0.0
1483920000000,2017-01-09,373321.6365839128,"{'SPY': 0.6, 'QQQ': 0.2, 'HYG': 0.1, 'GLD': 0.1}",0.0
1484006400000,2017-01-10,373649.7534603011,"{'SPY': 0.6, 'QQQ': 0.2, 'HYG': 0.1, 'GLD': 0.1}",0.0
1484092800000,2017-01-11,374621.5029832845,"{'SPY': 0.6, 'QQQ': 0.2, 'HYG': 0.1, 'GLD': 0.1}",0.0
1484179200000,2017-01-12,374085.4515482219,"{'SPY': 0.6, 'QQQ': 0.2, 'HYG': 0.1, 'GLD': 0.1}",0.0
1484265600000,2017-01-13,374968.0192542579,"{'SPY': 0.6, 'QQQ': 0.2, 'HYG': 0.1, 'GLD': 0.1}",0.0
1484611200000,2017-01-17,374449.81857088994,"{'SPY': 0.6, 'QQQ': 0.2, 'HYG': 0.1, 'GLD': 0.1}",0.0
1484697600000,2017-01-18,374816.33698527724,"{'SPY': 0.6, 'QQQ': 0.2, 'HYG': 0.1, 'GLD': 0.1}",0.0
1484784000000,2017-01-19,373793.8294579116,"{'SPY': 0.6, 'QQQ': 0.2, 'HYG': 0.1, 'GLD': 0.1}",0.0
1484870400000,2017-01-20,374946.1816719836,"{'SPY': 0.6, 'QQQ': 0.2, 'HYG': 0.1, 'GLD': 0.1}",0.0
1485129600000,2017-01-23,374662.8591708585,"{'SPY': 0.6, 'QQQ': 0.2, 'HYG': 0.1, 'GLD': 0.1}",0.0
1485216000000,2017-01-24,376465.8939132744,"{'SPY': 0.6, 'QQQ': 0.2, 'HYG': 0.1, 'GLD': 0.1}",0.0
1485302400000,2017-01-25,379002.34605571674,"{'SPY': 0.6, 'QQQ': 0.2, 'HYG': 0.1, 'GLD': 0.1}",0.0
1485388800000,2017-01-26,378474.4751215825,"{'SPY': 0.6, 'QQQ': 0.2, 'HYG': 0.1, 'GLD': 0.1}",0.0
1485475200000,2017-01-27,378374.1689831361,"{'SPY': 0.6, 'QQQ': 0.2, 'HYG': 0.1, 'GLD': 0.1}",0.0
1485734400000,2017-01-30,376458.9559625904,"{'SPY': 0.6, 'QQQ': 0.2, 'HYG': 0.1, 'GLD': 0.1}",0.0
1485820800000,2017-01-31,376771.53723475506,"{'SPY': 0.6, 'QQQ': 0.2, 'HYG': 0.1, 'GLD': 0.1}",0.0
1485907200000,2017-02-01,377406.49089059397,"{'SPY': 0.6, 'QQQ': 0.2, 'HYG': 0.1, 'GLD': 0.1}",0.0
1485993600000,2017-02-02,377720.78354122845,"{'SPY': 0.6, 'QQQ': 0.2, 'HYG': 0.1, 'GLD': 0.1}",0.0
1486080000000,2017-02-03,379659.4024066919,"{'SPY': 0.6, 'QQQ': 0.2, 'HYG': 0.1, 'GLD': 0.1}",0.0
1486339200000,2017-02-06,379830.0333513461,"{'SPY': 0.6, 'QQQ': 0.2, 'HYG': 0.1, 'GLD': 0.1}",0.0
1486425600000,2017-02-07,379983.80124577996,"{'SPY': 0.6, 'QQQ': 0.2, 'HYG': 0.1, 'GLD': 0.1}",0.0
1486512000000,2017-02-08,380671.17468533706,"{'SPY': 0.6, 'QQQ': 0.2, 'HYG': 0.1, 'GLD': 0.1}",0.0
1486598400000,2017-02-09,382065.5206860662,"{'SPY': 0.6, 'QQQ': 0.2, 'HYG': 0.1, 'GLD': 0.1}",0.0
1486684800000,2017-02-10,383350.12544265523,"{'SPY': 0.6, 'QQQ': 0.2, 'HYG': 0.1, 'GLD': 0.1}",0.0
1486944000000,2017-02-13,384831.4762849491,"{'SPY': 0.6, 'QQQ': 0.2, 'HYG': 0.1, 'GLD': 0.1}",0.0
1487030400000,2017-02-14,386081.51321163226,"{'SPY': 0.6, 'QQQ': 0.2, 'HYG': 0.1, 'GLD': 0.1}",0.0
1487116800000,2017-02-15,387932.30968669866,"{'SPY': 0.6, 'QQQ': 0.2, 'HYG': 0.1, 'GLD': 0.1}",0.0
1487203200000,2017-02-16,387887.25673753914,"{'SPY': 0.6, 'QQQ': 0.2, 'HYG': 0.1, 'GLD': 0.1}",0.0
1487289600000,2017-02-17,388498.68243399827,"{'SPY': 0.6, 'QQQ': 0.2, 'HYG': 0.1, 'GLD': 0.1}",0.0
1487635200000,2017-02-21,390421.41234546545,"{'SPY': 0.6, 'QQQ': 0.2, 'HYG': 0.1, 'GLD': 0.1}",0.0
1487721600000,2017-02-22,390314.04523517797,"{'SPY': 0.6, 'QQQ': 0.2, 'HYG': 0.1, 'GLD': 0.1}",0.0
1487808000000,2017-02-23,390555.8897627009,"{'SPY': 0.6, 'QQQ': 0.2, 'HYG': 0.1, 'GLD': 0.1}",0.0
1487894400000,2017-02-24,391284.0331145636,"{'SPY': 0.6, 'QQQ': 0.2, 'HYG': 0.1, 'GLD': 0.1}",0.0
1488153600000,2017-02-27,391606.2519417064,"{'SPY': 0.6, 'QQQ': 0.2, 'HYG': 0.1, 'GLD': 0.1}",0.0
1488240000000,2017-02-28,390736.975763061,"{'SPY': 0.6, 'QQQ': 0.2, 'HYG': 0.1, 'GLD': 0.1}",0.0
1488326400000,2017-03-01,394960.34904730465,"{'SPY': 0.6, 'QQQ': 0.2, 'HYG': 0.1, 'GLD': 0.1}",0.0
1488412800000,2017-03-02,392455.1058573252,"{'SPY': 0.6, 'QQQ': 0.2, 'HYG': 0.1, 'GLD': 0.1}",0.0
1488499200000,2017-03-03,392741.8390497631,"{'SPY': 0.6, 'QQQ': 0.2, 'HYG': 0.1, 'GLD': 0.1}",0.0
1488758400000,2017-03-06,391477.3192931178,"{'SPY': 0.6, 'QQQ': 0.2, 'HYG': 0.1, 'GLD': 0.1}",0.0
1488844800000,2017-03-07,390074.32486718404,"{'SPY': 0.6, 'QQQ': 0.2, 'HYG': 0.1, 'GLD': 0.1}",0.0
1488931200000,2017-03-08,389275.01325897465,"{'SPY': 0.6, 'QQQ': 0.2, 'HYG': 0.1, 'GLD': 0.1}",0.0
1489017600000,2017-03-09,389327.75490559987,"{'SPY': 0.6, 'QQQ': 0.2, 'HYG': 0.1, 'GLD': 0.1}",0.0
1489104000000,2017-03-10,390545.0928304509,"{'SPY': 0.6, 'QQQ': 0.2, 'HYG': 0.1, 'GLD': 0.1}",0.0
1489363200000,2017-03-13,390832.6177386375,"{'SPY': 0.6, 'QQQ': 0.2, 'HYG': 0.1, 'GLD': 0.1}",0.0
1489449600000,2017-03-14,389416.39623272046,"{'SPY': 0.6, 'QQQ': 0.2, 'HYG': 0.1, 'GLD': 0.1}",0.0
1489536000000,2017-03-15,393183.80615893606,"{'SPY': 0.6, 'QQQ': 0.2, 'HYG': 0.1, 'GLD': 0.1}",0.0
1489622400000,2017-03-16,392715.96934187564,"{'SPY': 0.6, 'QQQ': 0.2, 'HYG': 0.1, 'GLD': 0.1}",0.0
1489708800000,2017-03-17,392375.72057301167,"{'SPY': 0.6, 'QQQ': 0.2, 'HYG': 0.1, 'GLD': 0.1}",0.0
1489968000000,2017-03-20,392286.80544041755,"{'SPY': 0.6, 'QQQ': 0.2, 'HYG': 0.1, 'GLD': 0.1}",0.0
1490054400000,2017-03-21,388138.28018042515,"{'SPY': 0.6, 'QQQ': 0.2, 'HYG': 0.1, 'GLD': 0.1}",0.0
1490140800000,2017-03-22,389401.9448955553,"{'SPY': 0.6, 'QQQ': 0.2, 'HYG': 0.1, 'GLD': 0.1}",0.0
1490227200000,2017-03-23,388917.0792524843,"{'SPY': 0.6, 'QQQ': 0.2, 'HYG': 0.1, 'GLD': 0.1}",0.0
1490313600000,2017-03-24,389105.86399195204,"{'SPY': 0.6, 'QQQ': 0.2, 'HYG': 0.1, 'GLD': 0.1}",0.0
1490572800000,2017-03-27,389170.30139319506,"{'SPY': 0.6, 'QQQ': 0.2, 'HYG': 0.1, 'GLD': 0.1}",0.0
1490659200000,2017-03-28,391401.1420137746,"{'SPY': 0.6, 'QQQ': 0.2, 'HYG': 0.1, 'GLD': 0.1}",0.0
1490745600000,2017-03-29,392159.5183935187,"{'SPY': 0.6, 'QQQ': 0.2, 'HYG': 0.1, 'GLD': 0.1}",0.0
1490832000000,2017-03-30,392940.53759323055,"{'SPY': 0.6, 'QQQ': 0.2, 'HYG': 0.1, 'GLD': 0.1}",0.0
1490918400000,2017-03-31,392407.9468375283,"{'SPY': 0.6, 'QQQ': 0.2, 'HYG': 0.1, 'GLD': 0.1}",0.0
1491177600000,2017-04-03,392138.0942651938,"{'SPY': 0.6, 'QQQ': 0.2, 'HYG': 0.1, 'GLD': 0.1}",0.0
1491264000000,2017-04-04,392514.75234002294,"{'SPY': 0.6, 'QQQ': 0.2, 'HYG': 0.1, 'GLD': 0.1}",0.0
1491350400000,2017-04-05,391463.3312603734,"{'SPY': 0.6, 'QQQ': 0.2, 'HYG': 0.1, 'GLD': 0.1}",0.0
1491436800000,2017-04-06,392070.4080857403,"{'SPY': 0.6, 'QQQ': 0.2, 'HYG': 0.1, 'GLD': 0.1}",0.0
1491523200000,2017-04-07,391863.2307053533,"{'SPY': 0.6, 'QQQ': 0.2, 'HYG': 0.1, 'GLD': 0.1}",0.0
1491782400000,2017-04-10,392086.683767085,"{'SPY': 0.6, 'QQQ': 0.2, 'HYG': 0.1, 'GLD': 0.1}",0.0
1491868800000,2017-04-11,391959.8913985576,"{'SPY': 0.6, 'QQQ': 0.2, 'HYG': 0.1, 'GLD': 0.1}",0.0
1491955200000,2017-04-12,390908.7235241006,"{'SPY': 0.6, 'QQQ': 0.2, 'HYG': 0.1, 'GLD': 0.1}",0.0
1492041600000,2017-04-13,389180.09067933506,"{'SPY': 0.6, 'QQQ': 0.2, 'HYG': 0.1, 'GLD': 0.1}",0.0
1492387200000,2017-04-17,391895.3783462119,"{'SPY': 0.6, 'QQQ': 0.2, 'HYG': 0.1, 'GLD': 0.1}",0.0
1492473600000,2017-04-18,391251.37710645696,"{'SPY': 0.6, 'QQQ': 0.2, 'HYG': 0.1, 'GLD': 0.1}",0.0
1492560000000,2017-04-19,390561.906673974,"{'SPY': 0.6, 'QQQ': 0.2, 'HYG': 0.1, 'GLD': 0.1}",0.0
1492646400000,2017-04-20,393326.10452498053,"{'SPY': 0.6, 'QQQ': 0.2, 'HYG': 0.1, 'GLD': 0.1}",0.0
1492732800000,2017-04-21,392637.6803089498,"{'SPY': 0.6, 'QQQ': 0.2, 'HYG': 0.1, 'GLD': 0.1}",0.0
1492992000000,2017-04-24,396093.7173284111,"{'SPY': 0.6, 'QQQ': 0.2, 'HYG': 0.1, 'GLD': 0.1}",0.0
1493078400000,2017-04-25,397720.33150122827,"{'SPY': 0.6, 'QQQ': 0.2, 'HYG': 0.1, 'GLD': 0.1}",0.0
1493164800000,2017-04-26,397617.4472110352,"{'SPY': 0.6, 'QQQ': 0.2, 'HYG': 0.1, 'GLD': 0.1}",0.0
1493251200000,2017-04-27,398174.06885591545,"{'SPY': 0.6, 'QQQ': 0.2, 'HYG': 0.1, 'GLD': 0.1}",0.0
1493337600000,2017-04-28,397906.24706247746,"{'SPY': 0.6, 'QQQ': 0.2, 'HYG': 0.1, 'GLD': 0.1}",0.0
1493596800000,2017-05-01,398873.99564207735,"{'SPY': 0.6, 'QQQ': 0.2, 'HYG': 0.1, 'GLD': 0.1}",0.0
1493683200000,2017-05-02,399104.8924477027,"{'SPY': 0.6, 'QQQ': 0.2, 'HYG': 0.1, 'GLD': 0.1}",0.0
1493769600000,2017-05-03,398037.8342175781,"{'SPY': 0.6, 'QQQ': 0.2, 'HYG': 0.1, 'GLD': 0.1}",0.0
1493856000000,2017-05-04,397732.98123190034,"{'SPY': 0.6, 'QQQ': 0.2, 'HYG': 0.1, 'GLD': 0.1}",0.0
1493942400000,2017-05-05,399105.95926489803,"{'SPY': 0.6, 'QQQ': 0.2, 'HYG': 0.1, 'GLD': 0.1}",0.0
1494201600000,2017-05-08,399196.97793390387,"{'SPY': 0.6, 'QQQ': 0.2, 'HYG': 0.1, 'GLD': 0.1}",0.0
1494288000000,2017-05-09,398988.42817785824,"{'SPY': 0.6, 'QQQ': 0.2, 'HYG': 0.1, 'GLD': 0.1}",0.0
1494374400000,2017-05-10,399634.0943171889,"{'SPY': 0.6, 'QQQ': 0.2, 'HYG': 0.1, 'GLD': 0.1}",0.0
1494460800000,2017-05-11,399243.7498166527,"{'SPY': 0.6, 'QQQ': 0.2, 'HYG': 0.1, 'GLD': 0.1}",0.0
1494547200000,2017-05-12,399121.9494941752,"{'SPY': 0.6, 'QQQ': 0.2, 'HYG': 0.1, 'GLD': 0.1}",0.0
1494806400000,2017-05-15,400894.7547784169,"{'SPY': 0.6, 'QQQ': 0.2, 'HYG': 0.1, 'GLD': 0.1}",0.0
1494892800000,2017-05-16,401242.6059327842,"{'SPY': 0.6, 'QQQ': 0.2, 'HYG': 0.1, 'GLD': 0.1}",0.0
1494979200000,2017-05-17,395482.98060540005,"{'SPY': 0.6, 'QQQ': 0.2, 'HYG': 0.1, 'GLD': 0.1}",0.0
1495065600000,2017-05-18,396852.13981070946,"{'SPY': 0.6, 'QQQ': 0.2, 'HYG': 0.1, 'GLD': 0.1}",0.0
1495152000000,2017-05-19,399005.4220015083,"{'SPY': 0.6, 'QQQ': 0.2, 'HYG': 0.1, 'GLD': 0.1}",0.0
1495411200000,2017-05-22,401181.9063764939,"{'SPY': 0.6, 'QQQ': 0.2, 'HYG': 0.1, 'GLD': 0.1}",0.0
1495497600000,2017-05-23,401536.39938846335,"{'SPY': 0.6, 'QQQ': 0.2, 'HYG': 0.1, 'GLD': 0.1}",0.0
1495584000000,2017-05-24,402694.35760250315,"{'SPY': 0.6, 'QQQ': 0.2, 'HYG': 0.1, 'GLD': 0.1}",0.0
1495670400000,2017-05-25,404459.2222322253,"{'SPY': 0.6, 'QQQ': 0.2, 'HYG': 0.1, 'GLD': 0.1}",0.0
1495756800000,2017-05-26,404934.22598487773,"{'SPY': 0.6, 'QQQ': 0.2, 'HYG': 0.1, 'GLD': 0.1}",0.0
1496102400000,2017-05-30,404698.65784346097,"{'SPY': 0.6, 'QQQ': 0.2, 'HYG': 0.1, 'GLD': 0.1}",0.0
1496188800000,2017-05-31,404766.7853268635,"{'SPY': 0.6, 'QQQ': 0.2, 'HYG': 0.1, 'GLD': 0.1}",0.0
1496275200000,2017-06-01,407164.7349649707,"{'SPY': 0.6, 'QQQ': 0.2, 'HYG': 0.1, 'GLD': 0.1}",0.0
1496361600000,2017-06-02,409231.0794809026,"{'SPY': 0.6, 'QQQ': 0.2, 'HYG': 0.1, 'GLD': 0.1}",0.0
1496620800000,2017-06-05,409036.2686508918,"{'SPY': 0.6, 'QQQ': 0.2, 'HYG': 0.1, 'GLD': 0.1}",0.0
1496707200000,2017-06-06,408322.2918410686,"{'SPY': 0.6, 'QQQ': 0.2, 'HYG': 0.1, 'GLD': 0.1}",0.0
1496793600000,2017-06-07,408796.9593862646,"{'SPY': 0.6, 'QQQ': 0.2, 'HYG': 0.1, 'GLD': 0.1}",0.0
1496880000000,2017-06-08,408768.63370809786,"{'SPY': 0.6, 'QQQ': 0.2, 'HYG': 0.1, 'GLD': 0.1}",0.0
1496966400000,2017-06-09,406011.50107897556,"{'SPY': 0.6, 'QQQ': 0.2, 'HYG': 0.1, 'GLD': 0.1}",0.0
1497225600000,2017-06-12,405534.7861133139,"{'SPY': 0.6, 'QQQ': 0.2, 'HYG': 0.1, 'GLD': 0.1}",0.0
1497312000000,2017-06-13,407496.58607370366,"{'SPY': 0.6, 'QQQ': 0.2, 'HYG': 0.1, 'GLD': 0.1}",0.0
1497398400000,2017-06-14,406613.8008955835,"{'SPY': 0.6, 'QQQ': 0.2, 'HYG': 0.1, 'GLD': 0.1}",0.0
1497484800000,2017-06-15,405457.86273668864,"{'SPY': 0.6, 'QQQ': 0.2, 'HYG': 0.1, 'GLD': 0.1}",0.0
1497571200000,2017-06-16,405097.18583939463,"{'SPY': 0.6, 'QQQ': 0.2, 'HYG': 0.1, 'GLD': 0.1}",0.0
1497830400000,2017-06-19,408290.5770058116,"{'SPY': 0.6, 'QQQ': 0.2, 'HYG': 0.1, 'GLD': 0.1}",0.0
1497916800000,2017-06-20,405769.59154242655,"{'SPY': 0.6, 'QQQ': 0.2, 'HYG': 0.1, 'GLD': 0.1}",0.0
1498003200000,2017-06-21,406394.94375400303,"{'SPY': 0.6, 'QQQ': 0.2, 'HYG': 0.1, 'GLD': 0.1}",0.0
1498089600000,2017-06-22,406509.9670773402,"{'SPY': 0.6, 'QQQ': 0.2, 'HYG': 0.1, 'GLD': 0.1}",0.0
1498176000000,2017-06-23,407454.1510349764,"{'SPY': 0.6, 'QQQ': 0.2, 'HYG': 0.1, 'GLD': 0.1}",0.0
1498435200000,2017-06-26,406924.708920563,"{'SPY': 0.6, 'QQQ': 0.2, 'HYG': 0.1, 'GLD': 0.1}",0.0
1498521600000,2017-06-27,403507.20312116056,"{'SPY': 0.6, 'QQQ': 0.2, 'HYG': 0.1, 'GLD': 0.1}",0.0
1498608000000,2017-06-28,407033.09814781003,"{'SPY': 0.6, 'QQQ': 0.2, 'HYG': 0.1, 'GLD': 0.1}",0.0
1498694400000,2017-06-29,403174.0369651648,"{'SPY': 0.6, 'QQQ': 0.2, 'HYG': 0.1, 'GLD': 0.1}",0.0
1498780800000,2017-06-30,403648.2125563401,"{'SPY': 0.6, 'QQQ': 0.2, 'HYG': 0.1, 'GLD': 0.1}",0.0
1499040000000,2017-07-03,402528.66999972495,"{'SPY': 0.6, 'QQQ': 0.2, 'HYG': 0.1, 'GLD': 0.1}",0.0
1499212800000,2017-07-05,403996.17020154186,"{'SPY': 0.6, 'QQQ': 0.2, 'HYG': 0.1, 'GLD': 0.1}",0.0
1499299200000,2017-07-06,400932.6480970952,"{'SPY': 0.6, 'QQQ': 0.2, 'HYG': 0.1, 'GLD': 0.1}",0.0
1499385600000,2017-07-07,402911.35082537023,"{'SPY': 0.6, 'QQQ': 0.2, 'HYG': 0.1, 'GLD': 0.1}",0.0
1499644800000,2017-07-10,403809.7746814818,"{'SPY': 0.6, 'QQQ': 0.2, 'HYG': 0.1, 'GLD': 0.1}",0.0
1499731200000,2017-07-11,403881.84717417526,"{'SPY': 0.6, 'QQQ': 0.2, 'HYG': 0.1, 'GLD': 0.1}",0.0
1499817600000,2017-07-12,407067.34286162455,"{'SPY': 0.6, 'QQQ': 0.2, 'HYG': 0.1, 'GLD': 0.1}",0.0
1499904000000,2017-07-13,407615.6761098637,"{'SPY': 0.6, 'QQQ': 0.2, 'HYG': 0.1, 'GLD': 0.1}",0.0
1499990400000,2017-07-14,409847.9254044221,"{'SPY': 0.6, 'QQQ': 0.2, 'HYG': 0.1, 'GLD': 0.1}",0.0
1500249600000,2017-07-17,410054.64169159613,"{'SPY': 0.6, 'QQQ': 0.2, 'HYG': 0.1, 'GLD': 0.1}",0.0
1500336000000,2017-07-18,411038.0078547736,"{'SPY': 0.6, 'QQQ': 0.2, 'HYG': 0.1, 'GLD': 0.1}",0.0
1500422400000,2017-07-19,412914.8551465536,"{'SPY': 0.6, 'QQQ': 0.2, 'HYG': 0.1, 'GLD': 0.1}",0.0
1500508800000,2017-07-20,413213.36873579543,"{'SPY': 0.6, 'QQQ': 0.2, 'HYG': 0.1, 'GLD': 0.1}",0.0
1500595200000,2017-07-21,413282.17378430505,"{'SPY': 0.6, 'QQQ': 0.2, 'HYG': 0.1, 'GLD': 0.1}",0.0
1500854400000,2017-07-24,413650.38714147045,"{'SPY': 0.6, 'QQQ': 0.2, 'HYG': 0.1, 'GLD': 0.1}",0.0
1500940800000,2017-07-25,413925.62028728024,"{'SPY': 0.6, 'QQQ': 0.2, 'HYG': 0.1, 'GLD': 0.1}",0.0
1501027200000,2017-07-26,414599.9041934506,"{'SPY': 0.6, 'QQQ': 0.2, 'HYG': 0.1, 'GLD': 0.1}",0.0
1501113600000,2017-07-27,413783.98475674994,"{'SPY': 0.6, 'QQQ': 0.2, 'HYG': 0.1, 'GLD': 0.1}",0.0
1501200000000,2017-07-28,413739.2921902441,"{'SPY': 0.6, 'QQQ': 0.2, 'HYG': 0.1, 'GLD': 0.1}",0.0
1501459200000,2017-07-31,413268.2153201659,"{'SPY': 0.6, 'QQQ': 0.2, 'HYG': 0.1, 'GLD': 0.1}",0.0
1501545600000,2017-08-01,414018.1831855277,"{'SPY': 0.6, 'QQQ': 0.2, 'HYG': 0.1, 'GLD': 0.1}",0.0
1501632000000,2017-08-02,414287.2025128525,"{'SPY': 0.6, 'QQQ': 0.2, 'HYG': 0.1, 'GLD': 0.1}",0.0
1501718400000,2017-08-03,413468.55864450504,"{'SPY': 0.6, 'QQQ': 0.2, 'HYG': 0.1, 'GLD': 0.1}",0.0
1501804800000,2017-08-04,413757.58531195467,"{'SPY': 0.6, 'QQQ': 0.2, 'HYG': 0.1, 'GLD': 0.1}",0.0
1502064000000,2017-08-07,414676.27867456555,"{'SPY': 0.6, 'QQQ': 0.2, 'HYG': 0.1, 'GLD': 0.1}",0.0
1502150400000,2017-08-08,413863.8315858453,"{'SPY': 0.6, 'QQQ': 0.2, 'HYG': 0.1, 'GLD': 0.1}",0.0
1502236800000,2017-08-09,414085.7078335263,"{'SPY': 0.6, 'QQQ': 0.2, 'HYG': 0.1, 'GLD': 0.1}",0.0
1502323200000,2017-08-10,408846.0959633111,"{'SPY': 0.6, 'QQQ': 0.2, 'HYG': 0.1, 'GLD': 0.1}",0.0
1502409600000,2017-08-11,410093.0970936194,"{'SPY': 0.6, 'QQQ': 0.2, 'HYG': 0.1, 'GLD': 0.1}",0.0
1502668800000,2017-08-14,413513.9417168539,"{'SPY': 0.6, 'QQQ': 0.2, 'HYG': 0.1, 'GLD': 0.1}",0.0
1502755200000,2017-08-15,413236.586427062,"{'SPY': 0.6, 'QQQ': 0.2, 'HYG': 0.1, 'GLD': 0.1}",0.0
1502841600000,2017-08-16,414121.24834330264,"{'SPY': 0.6, 'QQQ': 0.2, 'HYG': 0.1, 'GLD': 0.1}",0.0
1502928000000,2017-08-17,408533.5950714656,"{'SPY': 0.6, 'QQQ': 0.2, 'HYG': 0.1, 'GLD': 0.1}",0.0
1503014400000,2017-08-18,408089.9460681496,"{'SPY': 0.6, 'QQQ': 0.2, 'HYG': 0.1, 'GLD': 0.1}",0.0
1503273600000,2017-08-21,408373.07729308214,"{'SPY': 0.6, 'QQQ': 0.2, 'HYG': 0.1, 'GLD': 0.1}",0.0
1503360000000,2017-08-22,412165.2354251924,"{'SPY': 0.6, 'QQQ': 0.2, 'HYG': 0.1, 'GLD': 0.1}",0.0
1503446400000,2017-08-23,411144.81949326844,"{'SPY': 0.6, 'QQQ': 0.2, 'HYG': 0.1, 'GLD': 0.1}",0.0
1503532800000,2017-08-24,410261.2360796321,"{'SPY': 0.6, 'QQQ': 0.2, 'HYG': 0.1, 'GLD': 0.1}",0.0
1503619200000,2017-08-25,410888.7644514937,"{'SPY': 0.6, 'QQQ': 0.2, 'HYG': 0.1, 'GLD': 0.1}",0.0
1503878400000,2017-08-28,411811.04669076926,"{'SPY': 0.6, 'QQQ': 0.2, 'HYG': 0.1, 'GLD': 0.1}",0.0
1503964800000,2017-08-29,412277.27332902025,"{'SPY': 0.6, 'QQQ': 0.2, 'HYG': 0.1, 'GLD': 0.1}",0.0
1504051200000,2017-08-30,414510.549523102,"{'SPY': 0.6, 'QQQ': 0.2, 'HYG': 0.1, 'GLD': 0.1}",0.0
1504137600000,2017-08-31,417494.2575831579,"{'SPY': 0.6, 'QQQ': 0.2, 'HYG': 0.1, 'GLD': 0.1}",0.0
1504224000000,2017-09-01,417856.4935233296,"{'SPY': 0.6, 'QQQ': 0.2, 'HYG': 0.1, 'GLD': 0.1}",0.0
1504569600000,2017-09-05,415675.4753674093,"{'SPY': 0.6, 'QQQ': 0.2, 'HYG': 0.1, 'GLD': 0.1}",0.0
1504656000000,2017-09-06,416539.38188205543,"{'SPY': 0.6, 'QQQ': 0.2, 'HYG': 0.1, 'GLD': 0.1}",0.0
1504742400000,2017-09-07,417142.53041967365,"{'SPY': 0.6, 'QQQ': 0.2, 'HYG': 0.1, 'GLD': 0.1}",0.0
1504828800000,2017-09-08,415941.2305490928,"{'SPY': 0.6, 'QQQ': 0.2, 'HYG': 0.1, 'GLD': 0.1}",0.0
1505088000000,2017-09-11,419114.70483020705,"{'SPY': 0.6, 'QQQ': 0.2, 'HYG': 0.1, 'GLD': 0.1}",0.0
1505174400000,2017-09-12,420338.6850333035,"{'SPY': 0.6, 'QQQ': 0.2, 'HYG': 0.1, 'GLD': 0.1}",0.0
1505260800000,2017-09-13,420273.5030689227,"{'SPY': 0.6, 'QQQ': 0.2, 'HYG': 0.1, 'GLD': 0.1}",0.0
1505347200000,2017-09-14,419940.36165843974,"{'SPY': 0.6, 'QQQ': 0.2, 'HYG': 0.1, 'GLD': 0.1}",0.0
1505433600000,2017-09-15,420396.40585298574,"{'SPY': 0.6, 'QQQ': 0.2, 'HYG': 0.1, 'GLD': 0.1}",0.0
1505692800000,2017-09-18,420411.85902904544,"{'SPY': 0.6, 'QQQ': 0.2, 'HYG': 0.1, 'GLD': 0.1}",0.0
1505779200000,2017-09-19,420939.51733012806,"{'SPY': 0.6, 'QQQ': 0.2, 'HYG': 0.1, 'GLD': 0.1}",0.0
1505865600000,2017-09-20,420428.0581049658,"{'SPY': 0.6, 'QQQ': 0.2, 'HYG': 0.1, 'GLD': 0.1}",0.0
1505952000000,2017-09-21,418865.34231287544,"{'SPY': 0.6, 'QQQ': 0.2, 'HYG': 0.1, 'GLD': 0.1}",0.0
1506038400000,2017-09-22,419068.3045267378,"{'SPY': 0.6, 'QQQ': 0.2, 'HYG': 0.1, 'GLD': 0.1}",0.0
1506297600000,2017-09-25,418133.9165128988,"{'SPY': 0.6, 'QQQ': 0.2, 'HYG': 0.1, 'GLD': 0.1}",0.0
1506384000000,2017-09-26,418086.98223559564,"{'SPY': 0.6, 'QQQ': 0.2, 'HYG': 0.1, 'GLD': 0.1}",0.0
1506470400000,2017-09-27,419442.35119953344,"{'SPY': 0.6, 'QQQ': 0.2, 'HYG': 0.1, 'GLD': 0.1}",0.0
1506556800000,2017-09-28,419794.3836785636,"{'SPY': 0.6, 'QQQ': 0.2, 'HYG': 0.1, 'GLD': 0.1}",0.0
1506643200000,2017-09-29,421129.5565288084,"{'SPY': 0.6, 'QQQ': 0.2, 'HYG': 0.1, 'GLD': 0.1}",0.0
1506902400000,2017-10-02,421999.1349090436,"{'SPY': 0.6, 'QQQ': 0.2, 'HYG': 0.1, 'GLD': 0.1}",0.0
1506988800000,2017-10-03,422818.04554711474,"{'SPY': 0.6, 'QQQ': 0.2, 'HYG': 0.1, 'GLD': 0.1}",0.0
1507075200000,2017-10-04,423276.2234363032,"{'SPY': 0.6, 'QQQ': 0.2, 'HYG': 0.1, 'GLD': 0.1}",0.0
1507161600000,2017-10-05,425435.58609902504,"{'SPY': 0.6, 'QQQ': 0.2, 'HYG': 0.1, 'GLD': 0.1}",0.0
1507248000000,2017-10-06,425398.9988619228,"{'SPY': 0.6, 'QQQ': 0.2, 'HYG': 0.1, 'GLD': 0.1}",0.0
1507507200000,2017-10-09,425232.3125086999,"{'SPY': 0.6, 'QQQ': 0.2, 'HYG': 0.1, 'GLD': 0.1}",0.0
1507593600000,2017-10-10,426114.0721703991,"{'SPY': 0.6, 'QQQ': 0.2, 'HYG': 0.1, 'GLD': 0.1}",0.0
1507680000000,2017-10-11,426862.0993903441,"{'SPY': 0.6, 'QQQ': 0.2, 'HYG': 0.1, 'GLD': 0.1}",0.0
1507766400000,2017-10-12,426311.2360499666,"{'SPY': 0.6, 'QQQ': 0.2, 'HYG': 0.1, 'GLD': 0.1}",0.0
1507852800000,2017-10-13,427293.4252048984,"{'SPY': 0.6, 'QQQ': 0.2, 'HYG': 0.1, 'GLD': 0.1}",0.0
1508112000000,2017-10-16,427660.02100484667,"{'SPY': 0.6, 'QQQ': 0.2, 'HYG': 0.1, 'GLD': 0.1}",0.0
1508198400000,2017-10-17,427720.8169325331,"{'SPY': 0.6, 'QQQ': 0.2, 'HYG': 0.1, 'GLD': 0.1}",0.0
1508284800000,2017-10-18,427751.03081463877,"{'SPY': 0.6, 'QQQ': 0.2, 'HYG': 0.1, 'GLD': 0.1}",0.0
1508371200000,2017-10-19,427763.2337949059,"{'SPY': 0.6, 'QQQ': 0.2, 'HYG': 0.1, 'GLD': 0.1}",0.0
1508457600000,2017-10-20,429084.40949250886,"{'SPY': 0.6, 'QQQ': 0.2, 'HYG': 0.1, 'GLD': 0.1}",0.0
1508716800000,2017-10-23,427541.966082864,"{'SPY': 0.6, 'QQQ': 0.2, 'HYG': 0.1, 'GLD': 0.1}",0.0
1508803200000,2017-10-24,427972.400326464,"{'SPY': 0.6, 'QQQ': 0.2, 'HYG': 0.1, 'GLD': 0.1}",0.0
1508889600000,2017-10-25,426263.73285082926,"{'SPY': 0.6, 'QQQ': 0.2, 'HYG': 0.1, 'GLD': 0.1}",0.0
1508976000000,2017-10-26,425911.1210962059,"{'SPY': 0.6, 'QQQ': 0.2, 'HYG': 0.1, 'GLD': 0.1}",0.0
1509062400000,2017-10-27,430798.9916455382,"{'SPY': 0.6, 'QQQ': 0.2, 'HYG': 0.1, 'GLD': 0.1}",0.0
1509321600000,2017-10-30,430102.0581731126,"{'SPY': 0.6, 'QQQ': 0.2, 'HYG': 0.1, 'GLD': 0.1}",0.0
1509408000000,2017-10-31,430673.895579388,"{'SPY': 0.6, 'QQQ': 0.2, 'HYG': 0.1, 'GLD': 0.1}",0.0
1509494400000,2017-11-01,431103.22067946044,"{'SPY': 0.6, 'QQQ': 0.2, 'HYG': 0.1, 'GLD': 0.1}",0.0
1509580800000,2017-11-02,431043.2919064333,"{'SPY': 0.6, 'QQQ': 0.2, 'HYG': 0.1, 'GLD': 0.1}",0.0
1509667200000,2017-11-03,432538.04696001124,"{'SPY': 0.6, 'QQQ': 0.2, 'HYG': 0.1, 'GLD': 0.1}",0.0
1509926400000,2017-11-06,433607.53107588756,"{'SPY': 0.6, 'QQQ': 0.2, 'HYG': 0.1, 'GLD': 0.1}",0.0
1510012800000,2017-11-07,433197.2817862502,"{'SPY': 0.6, 'QQQ': 0.2, 'HYG': 0.1, 'GLD': 0.1}",0.0
1510099200000,2017-11-08,433945.99871837144,"{'SPY': 0.6, 'QQQ': 0.2, 'HYG': 0.1, 'GLD': 0.1}",0.0
1510185600000,2017-11-09,432511.241894887,"{'SPY': 0.6, 'QQQ': 0.2, 'HYG': 0.1, 'GLD': 0.1}",0.0
1510272000000,2017-11-10,432165.62236595555,"{'SPY': 0.6, 'QQQ': 0.2, 'HYG': 0.1, 'GLD': 0.1}",0.0
1510531200000,2017-11-13,432548.01216129743,"{'SPY': 0.6, 'QQQ': 0.2, 'HYG': 0.1, 'GLD': 0.1}",0.0
1510617600000,2017-11-14,431535.6803009978,"{'SPY': 0.6, 'QQQ': 0.2, 'HYG': 0.1, 'GLD': 0.1}",0.0
1510704000000,2017-11-15,429781.0979110348,"{'SPY': 0.6, 'QQQ': 0.2, 'HYG': 0.1, 'GLD': 0.1}",0.0
1510790400000,2017-11-16,433489.6298446996,"{'SPY': 0.6, 'QQQ': 0.2, 'HYG': 0.1, 'GLD': 0.1}",0.0
1510876800000,2017-11-17,432885.9310706984,"{'SPY': 0.6, 'QQQ': 0.2, 'HYG': 0.1, 'GLD': 0.1}",0.0
1511136000000,2017-11-20,432725.4213539203,"{'SPY': 0.6, 'QQQ': 0.2, 'HYG': 0.1, 'GLD': 0.1}",0.0
1511222400000,2017-11-21,435524.0494500194,"{'SPY': 0.6, 'QQQ': 0.2, 'HYG': 0.1, 'GLD': 0.1}",0.0
1511308800000,2017-11-22,435870.24788517115,"{'SPY': 0.6, 'QQQ': 0.2, 'HYG': 0.1, 'GLD': 0.1}",0.0
1511481600000,2017-11-24,436713.1014598327,"{'SPY': 0.6, 'QQQ': 0.2, 'HYG': 0.1, 'GLD': 0.1}",0.0
1511740800000,2017-11-27,436591.131596426,"{'SPY': 0.6, 'QQQ': 0.2, 'HYG': 0.1, 'GLD': 0.1}",0.0
1511827200000,2017-11-28,439599.7069376207,"{'SPY': 0.6, 'QQQ': 0.2, 'HYG': 0.1, 'GLD': 0.1}",0.0
1511913600000,2017-11-29,437575.61039915856,"{'SPY': 0.6, 'QQQ': 0.2, 'HYG': 0.1, 'GLD': 0.1}",0.0
1512000000000,2017-11-30,440280.9289714518,"{'SPY': 0.6, 'QQQ': 0.2, 'HYG': 0.1, 'GLD': 0.1}",0.0
1512086400000,2017-12-01,439522.1052384454,"{'SPY': 0.6, 'QQQ': 0.2, 'HYG': 0.1, 'GLD': 0.1}",0.0
1512345600000,2017-12-04,438026.93731541757,"{'SPY': 0.6, 'QQQ': 0.2, 'HYG': 0.1, 'GLD': 0.1}",0.0
1512432000000,2017-12-05,436803.1149357017,"{'SPY': 0.6, 'QQQ': 0.2, 'HYG': 0.1, 'GLD': 0.1}",0.0
1512518400000,2017-12-06,437116.56111257203,"{'SPY': 0.6, 'QQQ': 0.2, 'HYG': 0.1, 'GLD': 0.1}",0.0
1512604800000,2017-12-07,437684.5142920296,"{'SPY': 0.6, 'QQQ': 0.2, 'HYG': 0.1, 'GLD': 0.1}",0.0
1512691200000,2017-12-08,439544.534064973,"{'SPY': 0.6, 'QQQ': 0.2, 'HYG': 0.1, 'GLD': 0.1}",0.0
1512950400000,2017-12-11,440856.6803904745,"{'SPY': 0.6, 'QQQ': 0.2, 'HYG': 0.1, 'GLD': 0.1}",0.0
1513036800000,2017-12-12,441236.8732123887,"{'SPY': 0.6, 'QQQ': 0.2, 'HYG': 0.1, 'GLD': 0.1}",0.0
1513123200000,2017-12-13,441783.31075587205,"{'SPY': 0.6, 'QQQ': 0.2, 'HYG': 0.1, 'GLD': 0.1}",0.0
1513209600000,2017-12-14,440457.86916257144,"{'SPY': 0.6, 'QQQ': 0.2, 'HYG': 0.1, 'GLD': 0.1}",0.0
1513296000000,2017-12-15,443756.58813423425,"{'SPY': 0.6, 'QQQ': 0.2, 'HYG': 0.1, 'GLD': 0.1}",0.0
1513555200000,2017-12-18,446439.6400247514,"{'SPY': 0.6, 'QQQ': 0.2, 'HYG': 0.1, 'GLD': 0.1}",0.0
1513641600000,2017-12-19,444823.4556838798,"{'SPY': 0.6, 'QQQ': 0.2, 'HYG': 0.1, 'GLD': 0.1}",0.0
1513728000000,2017-12-20,444742.1637339977,"{'SPY': 0.6, 'QQQ': 0.2, 'HYG': 0.1, 'GLD': 0.1}",0.0
1513814400000,2017-12-21,445412.5655300366,"{'SPY': 0.6, 'QQQ': 0.2, 'HYG': 0.1, 'GLD': 0.1}",0.0
1513900800000,2017-12-22,445515.1521954137,"{'SPY': 0.6, 'QQQ': 0.2, 'HYG': 0.1, 'GLD': 0.1}",0.0
1514246400000,2017-12-26,445086.466105883,"{'SPY': 0.6, 'QQQ': 0.2, 'HYG': 0.1, 'GLD': 0.1}",0.0
1514332800000,2017-12-27,445416.33076465555,"{'SPY': 0.6, 'QQQ': 0.2, 'HYG': 0.1, 'GLD': 0.1}",0.0
1514419200000,2017-12-28,446279.8102175458,"{'SPY': 0.6, 'QQQ': 0.2, 'HYG': 0.1, 'GLD': 0.1}",0.0
1514505600000,2017-12-29,445074.926731952,"{'SPY': 0.6, 'QQQ': 0.2, 'HYG': 0.1, 'GLD': 0.1}",0.0
1514851200000,2018-01-02,449127.1526877728,"{'SPY': 0.6, 'QQQ': 0.2, 'HYG': 0.1, 'GLD': 0.1}",0.0
1514937600000,2018-01-03,451801.93113534595,"{'SPY': 0.6, 'QQQ': 0.2, 'HYG': 0.1, 'GLD': 0.1}",0.0
1515024000000,2018-01-04,453411.5560895257,"{'SPY': 0.6, 'QQQ': 0.2, 'HYG': 0.1, 'GLD': 0.1}",0.0
1515110400000,2018-01-05,456119.1443560971,"{'SPY': 0.6, 'QQQ': 0.2, 'HYG': 0.1, 'GLD': 0.1}",0.0
1515369600000,2018-01-08,456930.9023435188,"{'SPY': 0.6, 'QQQ': 0.2, 'HYG': 0.1, 'GLD': 0.1}",0.0
1515456000000,2018-01-09,457205.3364054462,"{'SPY': 0.6, 'QQQ': 0.2, 'HYG': 0.1, 'GLD': 0.1}",0.0
1515542400000,2018-01-10,456582.6632012175,"{'SPY': 0.6, 'QQQ': 0.2, 'HYG': 0.1, 'GLD': 0.1}",0.0
1515628800000,2018-01-11,459507.6112399696,"{'SPY': 0.6, 'QQQ': 0.2, 'HYG': 0.1, 'GLD': 0.1}",0.0
1515715200000,2018-01-12,462458.6096655377,"{'SPY': 0.6, 'QQQ': 0.2, 'HYG': 0.1, 'GLD': 0.1}",0.0
1516060800000,2018-01-16,461295.8621677403,"{'SPY': 0.6, 'QQQ': 0.2, 'HYG': 0.1, 'GLD': 0.1}",0.0
1516147200000,2018-01-17,464561.25914582756,"{'SPY': 0.6, 'QQQ': 0.2, 'HYG': 0.1, 'GLD': 0.1}",0.0
1516233600000,2018-01-18,463958.65701460256,"{'SPY': 0.6, 'QQQ': 0.2, 'HYG': 0.1, 'GLD': 0.1}",0.0
1516320000000,2018-01-19,465770.2827049523,"{'SPY': 0.6, 'QQQ': 0.2, 'HYG': 0.1, 'GLD': 0.1}",0.0
1516579200000,2018-01-22,469166.7658770886,"{'SPY': 0.6, 'QQQ': 0.2, 'HYG': 0.1, 'GLD': 0.1}",0.0
1516665600000,2018-01-23,470912.72839276947,"{'SPY': 0.6, 'QQQ': 0.2, 'HYG': 0.1, 'GLD': 0.1}",0.0
1516752000000,2018-01-24,470695.6577010691,"{'SPY': 0.6, 'QQQ': 0.2, 'HYG': 0.1, 'GLD': 0.1}",0.0
1516838400000,2018-01-25,470435.2731739296,"{'SPY': 0.6, 'QQQ': 0.2, 'HYG': 0.1, 'GLD': 0.1}",0.0
1516924800000,2018-01-26,475219.4337156426,"{'SPY': 0.6, 'QQQ': 0.2, 'HYG': 0.1, 'GLD': 0.1}",0.0
1517184000000,2018-01-29,472432.4508019873,"{'SPY': 0.6, 'QQQ': 0.2, 'HYG': 0.1, 'GLD': 0.1}",0.0
1517270400000,2018-01-30,468381.4810247897,"{'SPY': 0.6, 'QQQ': 0.2, 'HYG': 0.1, 'GLD': 0.1}",0.0
1517356800000,2018-01-31,469304.2334745673,"{'SPY': 0.6, 'QQQ': 0.2, 'HYG': 0.1, 'GLD': 0.1}",0.0
1517443200000,2018-02-01,468252.5878280801,"{'SPY': 0.6, 'QQQ': 0.2, 'HYG': 0.1, 'GLD': 0.1}",0.0
1517529600000,2018-02-02,459357.2960275262,"{'SPY': 0.6, 'QQQ': 0.2, 'HYG': 0.1, 'GLD': 0.1}",0.0
1517788800000,2018-02-05,444068.86955801805,"{'SPY': 0.6, 'QQQ': 0.2, 'HYG': 0.1, 'GLD': 0.1}",0.0
1517875200000,2018-02-06,451475.03655334306,"{'SPY': 0.6, 'QQQ': 0.2, 'HYG': 0.1, 'GLD': 0.1}",0.0
1517961600000,2018-02-07,448457.32992268336,"{'SPY': 0.6, 'QQQ': 0.2, 'HYG': 0.1, 'GLD': 0.1}",0.0
1518048000000,2018-02-08,434257.1051990853,"{'SPY': 0.6, 'QQQ': 0.2, 'HYG': 0.1, 'GLD': 0.1}",0.0
1518134400000,2018-02-09,439475.5550481864,"{'SPY': 0.6, 'QQQ': 0.2, 'HYG': 0.1, 'GLD': 0.1}",0.0
1518393600000,2018-02-12,445418.7066367148,"{'SPY': 0.6, 'QQQ': 0.2, 'HYG': 0.1, 'GLD': 0.1}",0.0
1518480000000,2018-02-13,446654.88832895376,"{'SPY': 0.6, 'QQQ': 0.2, 'HYG': 0.1, 'GLD': 0.1}",0.0
1518566400000,2018-02-14,452784.6340389996,"{'SPY': 0.6, 'QQQ': 0.2, 'HYG': 0.1, 'GLD': 0.1}",0.0
1518652800000,2018-02-15,458351.082350378,"{'SPY': 0.6, 'QQQ': 0.2, 'HYG': 0.1, 'GLD': 0.1}",0.0
1518739200000,2018-02-16,458058.7509123792,"{'SPY': 0.6, 'QQQ': 0.2, 'HYG': 0.1, 'GLD': 0.1}",0.0
1519084800000,2018-02-20,455746.4249577946,"{'SPY': 0.6, 'QQQ': 0.2, 'HYG': 0.1, 'GLD': 0.1}",0.0
1519171200000,2018-02-21,453711.4454704041,"{'SPY': 0.6, 'QQQ': 0.2, 'HYG': 0.1, 'GLD': 0.1}",0.0
1519257600000,2018-02-22,454315.9719769832,"{'SPY': 0.6, 'QQQ': 0.2, 'HYG': 0.1, 'GLD': 0.1}",0.0
1519344000000,2018-02-23,460763.0902481817,"{'SPY': 0.6, 'QQQ': 0.2, 'HYG': 0.1, 'GLD': 0.1}",0.0
1519603200000,2018-02-26,465388.7744907065,"{'SPY': 0.6, 'QQQ': 0.2, 'HYG': 0.1, 'GLD': 0.1}",0.0
1519689600000,2018-02-27,460139.90584679355,"{'SPY': 0.6, 'QQQ': 0.2, 'HYG': 0.1, 'GLD': 0.1}",0.0
1519776000000,2018-02-28,456635.4848988612,"{'SPY': 0.6, 'QQQ': 0.2, 'HYG': 0.1, 'GLD': 0.1}",0.0
1519862400000,2018-03-01,450755.639577915,"{'SPY': 0.6, 'QQQ': 0.2, 'HYG': 0.1, 'GLD': 0.1}",0.0
1519948800000,2018-03-02,453473.2359862825,"{'SPY': 0.6, 'QQQ': 0.2, 'HYG': 0.1, 'GLD': 0.1}",0.0
1520208000000,2018-03-05,457547.37673676864,"{'SPY': 0.6, 'QQQ': 0.2, 'HYG': 0.1, 'GLD': 0.1}",0.0
1520294400000,2018-03-06,459188.0082683275,"{'SPY': 0.6, 'QQQ': 0.2, 'HYG': 0.1, 'GLD': 0.1}",0.0
1520380800000,2018-03-07,458893.25198965933,"{'SPY': 0.6, 'QQQ': 0.2, 'HYG': 0.1, 'GLD': 0.1}",0.0
1520467200000,2018-03-08,460674.86498177506,"{'SPY': 0.6, 'QQQ': 0.2, 'HYG': 0.1, 'GLD': 0.1}",0.0
1520553600000,2018-03-09,467485.58129535115,"{'SPY': 0.6, 'QQQ': 0.2, 'HYG': 0.1, 'GLD': 0.1}",0.0
1520812800000,2018-03-12,467554.30270017084,"{'SPY': 0.6, 'QQQ': 0.2, 'HYG': 0.1, 'GLD': 0.1}",0.0
1520899200000,2018-03-13,464410.65472930775,"{'SPY': 0.6, 'QQQ': 0.2, 'HYG': 0.1, 'GLD': 0.1}",0.0
1520985600000,2018-03-14,462880.77274003054,"{'SPY': 0.6, 'QQQ': 0.2, 'HYG': 0.1, 'GLD': 0.1}",0.0
1521072000000,2018-03-15,462235.11490705423,"{'SPY': 0.6, 'QQQ': 0.2, 'HYG': 0.1, 'GLD': 0.1}",0.0
1521158400000,2018-03-16,462247.1624944982,"{'SPY': 0.6, 'QQQ': 0.2, 'HYG': 0.1, 'GLD': 0.1}",0.0
1521417600000,2018-03-19,456433.55960019655,"{'SPY': 0.6, 'QQQ': 0.2, 'HYG': 0.1, 'GLD': 0.1}",0.0
1521504000000,2018-03-20,457085.9892220614,"{'SPY': 0.6, 'QQQ': 0.2, 'HYG': 0.1, 'GLD': 0.1}",0.0
1521590400000,2018-03-21,456975.4738189843,"{'SPY': 0.6, 'QQQ': 0.2, 'HYG': 0.1, 'GLD': 0.1}",0.0
1521676800000,2018-03-22,447412.9750445363,"{'SPY': 0.6, 'QQQ': 0.2, 'HYG': 0.1, 'GLD': 0.1}",0.0
1521763200000,2018-03-23,439796.3755856422,"{'SPY': 0.6, 'QQQ': 0.2, 'HYG': 0.1, 'GLD': 0.1}",0.0
1522022400000,2018-03-26,450800.16168227966,"{'SPY': 0.6, 'QQQ': 0.2, 'HYG': 0.1, 'GLD': 0.1}",0.0
1522108800000,2018-03-27,442961.38590811304,"{'SPY': 0.6, 'QQQ': 0.2, 'HYG': 0.1, 'GLD': 0.1}",0.0
1522195200000,2018-03-28,440524.62184737105,"{'SPY': 0.6, 'QQQ': 0.2, 'HYG': 0.1, 'GLD': 0.1}",0.0
1522281600000,2018-03-29,445686.27155381814,"{'SPY': 0.6, 'QQQ': 0.2, 'HYG': 0.1, 'GLD': 0.1}",0.0
1522627200000,2018-04-02,437690.4457858149,"{'SPY': 0.6, 'QQQ': 0.2, 'HYG': 0.1, 'GLD': 0.1}",0.0
1522713600000,2018-04-03,441834.8680046069,"{'SPY': 0.6, 'QQQ': 0.2, 'HYG': 0.1, 'GLD': 0.1}",0.0
1522800000000,2018-04-04,446215.80733304494,"{'SPY': 0.6, 'QQQ': 0.2, 'HYG': 0.1, 'GLD': 0.1}",0.0
1522886400000,2018-04-05,448644.33338789514,"{'SPY': 0.6, 'QQQ': 0.2, 'HYG': 0.1, 'GLD': 0.1}",0.0
1522972800000,2018-04-06,440510.61373046384,"{'SPY': 0.6, 'QQQ': 0.2, 'HYG': 0.1, 'GLD': 0.1}",0.0
1523232000000,2018-04-09,442747.1014462451,"{'SPY': 0.6, 'QQQ': 0.2, 'HYG': 0.1, 'GLD': 0.1}",0.0
1523318400000,2018-04-10,449189.81688324286,"{'SPY': 0.6, 'QQQ': 0.2, 'HYG': 0.1, 'GLD': 0.1}",0.0
1523404800000,2018-04-11,447624.1928941272,"{'SPY': 0.6, 'QQQ': 0.2, 'HYG': 0.1, 'GLD': 0.1}",0.0
1523491200000,2018-04-12,450552.6630297549,"{'SPY': 0.6, 'QQQ': 0.2, 'HYG': 0.1, 'GLD': 0.1}",0.0
1523577600000,2018-04-13,449614.5607062835,"{'SPY': 0.6, 'QQQ': 0.2, 'HYG': 0.1, 'GLD': 0.1}",0.0
1523836800000,2018-04-16,452649.1911635529,"{'SPY': 0.6, 'QQQ': 0.2, 'HYG': 0.1, 'GLD': 0.1}",0.0
1523923200000,2018-04-17,457566.9534987789,"{'SPY': 0.6, 'QQQ': 0.2, 'HYG': 0.1, 'GLD': 0.1}",0.0
1524009600000,2018-04-18,457945.7467764111,"{'SPY': 0.6, 'QQQ': 0.2, 'HYG': 0.1, 'GLD': 0.1}",0.0
1524096000000,2018-04-19,455346.84065976425,"{'SPY': 0.6, 'QQQ': 0.2, 'HYG': 0.1, 'GLD': 0.1}",0.0
1524182400000,2018-04-20,451131.6583890063,"{'SPY': 0.6, 'QQQ': 0.2, 'HYG': 0.1, 'GLD': 0.1}",0.0
1524441600000,2018-04-23,450382.4583379159,"{'SPY': 0.6, 'QQQ': 0.2, 'HYG': 0.1, 'GLD': 0.1}",0.0
1524528000000,2018-04-24,444963.99680944363,"{'SPY': 0.6, 'QQQ': 0.2, 'HYG': 0.1, 'GLD': 0.1}",0.0
1524614400000,2018-04-25,445446.75914602744,"{'SPY': 0.6, 'QQQ': 0.2, 'HYG': 0.1, 'GLD': 0.1}",0.0
1524700800000,2018-04-26,450039.391890923,"{'SPY': 0.6, 'QQQ': 0.2, 'HYG': 0.1, 'GLD': 0.1}",0.0
1524787200000,2018-04-27,450518.21912730206,"{'SPY': 0.6, 'QQQ': 0.2, 'HYG': 0.1, 'GLD': 0.1}",0.0
1525046400000,2018-04-30,447441.9430688413,"{'SPY': 0.6, 'QQQ': 0.2, 'HYG': 0.1, 'GLD': 0.1}",0.0
1525132800000,2018-05-01,448659.07316413725,"{'SPY': 0.6, 'QQQ': 0.2, 'HYG': 0.1, 'GLD': 0.1}",0.0
1525219200000,2018-05-02,446284.0865990685,"{'SPY': 0.6, 'QQQ': 0.2, 'HYG': 0.1, 'GLD': 0.1}",0.0
1525305600000,2018-05-03,445905.0670313709,"{'SPY': 0.6, 'QQQ': 0.2, 'HYG': 0.1, 'GLD': 0.1}",0.0
1525392000000,2018-05-04,451185.62786355003,"{'SPY': 0.6, 'QQQ': 0.2, 'HYG': 0.1, 'GLD': 0.1}",0.0
1525651200000,2018-05-07,452904.40059291356,"{'SPY': 0.6, 'QQQ': 0.2, 'HYG': 0.1, 'GLD': 0.1}",0.0
1525737600000,2018-05-08,452750.18500591634,"{'SPY': 0.6, 'QQQ': 0.2, 'HYG': 0.1, 'GLD': 0.1}",0.0
1525824000000,2018-05-09,456342.50914405833,"{'SPY': 0.6, 'QQQ': 0.2, 'HYG': 0.1, 'GLD': 0.1}",0.0
1525910400000,2018-05-10,460294.17014908005,"{'SPY': 0.6, 'QQQ': 0.2, 'HYG': 0.1, 'GLD': 0.1}",0.0
1525996800000,2018-05-11,460967.8368928212,"{'SPY': 0.6, 'QQQ': 0.2, 'HYG': 0.1, 'GLD': 0.1}",0.0
1526256000000,2018-05-14,461079.97834278556,"{'SPY': 0.6, 'QQQ': 0.2, 'HYG': 0.1, 'GLD': 0.1}",0.0
1526342400000,2018-05-15,457183.1640729664,"{'SPY': 0.6, 'QQQ': 0.2, 'HYG': 0.1, 'GLD': 0.1}",0.0
1526428800000,2018-05-16,458929.2339297232,"{'SPY': 0.6, 'QQQ': 0.2, 'HYG': 0.1, 'GLD': 0.1}",0.0
1526515200000,2018-05-17,458396.5717698891,"{'SPY': 0.6, 'QQQ': 0.2, 'HYG': 0.1, 'GLD': 0.1}",0.0
1526601600000,2018-05-18,457205.70367494423,"{'SPY': 0.6, 'QQQ': 0.2, 'HYG': 0.1, 'GLD': 0.1}",0.0
1526860800000,2018-05-21,459871.88621922134,"{'SPY': 0.6, 'QQQ': 0.2, 'HYG': 0.1, 'GLD': 0.1}",0.0
1526947200000,2018-05-22,458990.6406756952,"{'SPY': 0.6, 'QQQ': 0.2, 'HYG': 0.1, 'GLD': 0.1}",0.0
1527033600000,2018-05-23,460609.5690804601,"{'SPY': 0.6, 'QQQ': 0.2, 'HYG': 0.1, 'GLD': 0.1}",0.0
1527120000000,2018-05-24,460437.8575904241,"{'SPY': 0.6, 'QQQ': 0.2, 'HYG': 0.1, 'GLD': 0.1}",0.0
1527206400000,2018-05-25,459655.2392019121,"{'SPY': 0.6, 'QQQ': 0.2, 'HYG': 0.1, 'GLD': 0.1}",0.0
1527552000000,2018-05-29,455876.20886833285,"{'SPY': 0.6, 'QQQ': 0.2, 'HYG': 0.1, 'GLD': 0.1}",0.0
1527638400000,2018-05-30,460384.9743933909,"{'SPY': 0.6, 'QQQ': 0.2, 'HYG': 0.1, 'GLD': 0.1}",0.0
1527724800000,2018-05-31,458489.4255747487,"{'SPY': 0.6, 'QQQ': 0.2, 'HYG': 0.1, 'GLD': 0.1}",0.0
1527811200000,2018-06-01,462507.2866009898,"{'SPY': 0.6, 'QQQ': 0.2, 'HYG': 0.1, 'GLD': 0.1}",0.0
1528070400000,2018-06-04,464713.5723450796,"{'SPY': 0.6, 'QQQ': 0.2, 'HYG': 0.1, 'GLD': 0.1}",0.0
1528156800000,2018-06-05,465441.1014926823,"{'SPY': 0.6, 'QQQ': 0.2, 'HYG': 0.1, 'GLD': 0.1}",0.0
1528243200000,2018-06-06,468459.8933693883,"{'SPY': 0.6, 'QQQ': 0.2, 'HYG': 0.1, 'GLD': 0.1}",0.0
1528329600000,2018-06-07,467661.18949776416,"{'SPY': 0.6, 'QQQ': 0.2, 'HYG': 0.1, 'GLD': 0.1}",0.0
1528416000000,2018-06-08,468525.9223674407,"{'SPY': 0.6, 'QQQ': 0.2, 'HYG': 0.1, 'GLD': 0.1}",0.0
1528675200000,2018-06-11,469323.5560533894,"{'SPY': 0.6, 'QQQ': 0.2, 'HYG': 0.1, 'GLD': 0.1}",0.0
1528761600000,2018-06-12,470063.32568887586,"{'SPY': 0.6, 'QQQ': 0.2, 'HYG': 0.1, 'GLD': 0.1}",0.0
1528848000000,2018-06-13,469316.0827180322,"{'SPY': 0.6, 'QQQ': 0.2, 'HYG': 0.1, 'GLD': 0.1}",0.0
1528934400000,2018-06-14,471184.2287304275,"{'SPY': 0.6, 'QQQ': 0.2, 'HYG': 0.1, 'GLD': 0.1}",0.0
1529020800000,2018-06-15,469688.2171700535,"{'SPY': 0.6, 'QQQ': 0.2, 'HYG': 0.1, 'GLD': 0.1}",0.0
1529280000000,2018-06-18,468959.7958604629,"{'SPY': 0.6, 'QQQ': 0.2, 'HYG': 0.1, 'GLD': 0.1}",0.0
1529366400000,2018-06-19,467430.2831211677,"{'SPY': 0.6, 'QQQ': 0.2, 'HYG': 0.1, 'GLD': 0.1}",0.0
1529452800000,2018-06-20,468412.6482689463,"{'SPY': 0.6, 'QQQ': 0.2, 'HYG': 0.1, 'GLD': 0.1}",0.0
1529539200000,2018-06-21,465657.19200232194,"{'SPY': 0.6, 'QQQ': 0.2, 'HYG': 0.1, 'GLD': 0.1}",0.0
1529625600000,2018-06-22,466077.6793721436,"{'SPY': 0.6, 'QQQ': 0.2, 'HYG': 0.1, 'GLD': 0.1}",0.0
1529884800000,2018-06-25,459888.03005117545,"{'SPY': 0.6, 'QQQ': 0.2, 'HYG': 0.1, 'GLD': 0.1}",0.0
1529971200000,2018-06-26,460627.61970155354,"{'SPY': 0.6, 'QQQ': 0.2, 'HYG': 0.1, 'GLD': 0.1}",0.0
1530057600000,2018-06-27,456725.8116362774,"{'SPY': 0.6, 'QQQ': 0.2, 'HYG': 0.1, 'GLD': 0.1}",0.0
1530144000000,2018-06-28,458811.4421507337,"{'SPY': 0.6, 'QQQ': 0.2, 'HYG': 0.1, 'GLD': 0.1}",0.0
1530230400000,2018-06-29,459513.58428599406,"{'SPY': 0.6, 'QQQ': 0.2, 'HYG': 0.1, 'GLD': 0.1}",0.0
1530489600000,2018-07-02,460301.9026631371,"{'SPY': 0.6, 'QQQ': 0.2, 'HYG': 0.1, 'GLD': 0.1}",0.0
1530576000000,2018-07-03,458732.9077452266,"{'SPY': 0.6, 'QQQ': 0.2, 'HYG': 0.1, 'GLD': 0.1}",0.0
1530748800000,2018-07-05,462444.84615947003,"{'SPY': 0.6, 'QQQ': 0.2, 'HYG': 0.1, 'GLD': 0.1}",0.0
1530835200000,2018-07-06,466276.2566740591,"{'SPY': 0.6, 'QQQ': 0.2, 'HYG': 0.1, 'GLD': 0.1}",0.0
1531094400000,2018-07-09,469819.23247113917,"{'SPY': 0.6, 'QQQ': 0.2, 'HYG': 0.1, 'GLD': 0.1}",0.0
1531180800000,2018-07-10,470821.2861562174,"{'SPY': 0.6, 'QQQ': 0.2, 'HYG': 0.1, 'GLD': 0.1}",0.0
1531267200000,2018-07-11,467694.66111631447,"{'SPY': 0.6, 'QQQ': 0.2, 'HYG': 0.1, 'GLD': 0.1}",0.0
1531353600000,2018-07-12,472193.493569245,"{'SPY': 0.6, 'QQQ': 0.2, 'HYG': 0.1, 'GLD': 0.1}",0.0
1531440000000,2018-07-13,472287.5258775036,"{'SPY': 0.6, 'QQQ': 0.2, 'HYG': 0.1, 'GLD': 0.1}",0.0
1531699200000,2018-07-16,471750.9071481777,"{'SPY': 0.6, 'QQQ': 0.2, 'HYG': 0.1, 'GLD': 0.1}",0.0
1531785600000,2018-07-17,472976.82139944134,"{'SPY': 0.6, 'QQQ': 0.2, 'HYG': 0.1, 'GLD': 0.1}",0.0
1531872000000,2018-07-18,473429.6597906081,"{'SPY': 0.6, 'QQQ': 0.2, 'HYG': 0.1, 'GLD': 0.1}",0.0
1531958400000,2018-07-19,471659.08943399234,"{'SPY': 0.6, 'QQQ': 0.2, 'HYG': 0.1, 'GLD': 0.1}",0.0
1532044800000,2018-07-20,471642.04170115927,"{'SPY': 0.6, 'QQQ': 0.2, 'HYG': 0.1, 'GLD': 0.1}",0.0
1532304000000,2018-07-23,472225.4713226044,"{'SPY': 0.6, 'QQQ': 0.2, 'HYG': 0.1, 'GLD': 0.1}",0.0
1532390400000,2018-07-24,474156.0419824591,"{'SPY': 0.6, 'QQQ': 0.2, 'HYG': 0.1, 'GLD': 0.1}",0.0
1532476800000,2018-07-25,478256.10346842645,"{'SPY': 0.6, 'QQQ': 0.2, 'HYG': 0.1, 'GLD': 0.1}",0.0
1532563200000,2018-07-26,475762.4574423963,"{'SPY': 0.6, 'QQQ': 0.2, 'HYG': 0.1, 'GLD': 0.1}",0.0
1532649600000,2018-07-27,472551.92061679903,"{'SPY': 0.6, 'QQQ': 0.2, 'HYG': 0.1, 'GLD': 0.1}",0.0
1532908800000,2018-07-30,469678.4705151608,"{'SPY': 0.6, 'QQQ': 0.2, 'HYG': 0.1, 'GLD': 0.1}",0.0
1532995200000,2018-07-31,471715.95149271714,"{'SPY': 0.25, 'TLT': 0.25, 'SHY': 0.25, 'GLD': 0.25}",0.0
1533081600000,2018-08-01,469705.2804423866,"{'SPY': 0.25, 'TLT': 0.25, 'SHY': 0.25, 'GLD': 0.25}",0.0
1533168000000,2018-08-02,469951.8499353526,"{'SPY': 0.25, 'TLT': 0.25, 'SHY': 0.25, 'GLD': 0.25}",0.0
1533254400000,2018-08-03,471464.1030843347,"{'SPY': 0.25, 'TLT': 0.25, 'SHY': 0.25, 'GLD': 0.25}",0.0
1533513600000,2018-08-06,471388.838036547,"{'SPY': 0.25, 'TLT': 0.25, 'SHY': 0.25, 'GLD': 0.25}",0.0
1533600000000,2018-08-07,471390.9423037261,"{'SPY': 0.25, 'TLT': 0.25, 'SHY': 0.25, 'GLD': 0.25}",0.0
1533686400000,2018-08-08,471803.80903523933,"{'SPY': 0.25, 'TLT': 0.25, 'SHY': 0.25, 'GLD': 0.25}",0.0
1533772800000,2018-08-09,472532.0739792125,"{'SPY': 0.25, 'TLT': 0.25, 'SHY': 0.25, 'GLD': 0.25}",0.0
1533859200000,2018-08-10,472660.77691170713,"{'SPY': 0.25, 'TLT': 0.25, 'SHY': 0.25, 'GLD': 0.25}",0.0
1534118400000,2018-08-13,470162.7449878635,"{'SPY': 0.25, 'TLT': 0.25, 'SHY': 0.25, 'GLD': 0.25}",0.0
1534204800000,2018-08-14,470763.60634341306,"{'SPY': 0.25, 'TLT': 0.25, 'SHY': 0.25, 'GLD': 0.25}",0.0
1534291200000,2018-08-15,468670.2208655175,"{'SPY': 0.25, 'TLT': 0.25, 'SHY': 0.25, 'GLD': 0.25}",0.0
1534377600000,2018-08-16,469485.65708203596,"{'SPY': 0.25, 'TLT': 0.25, 'SHY': 0.25, 'GLD': 0.25}",0.0
1534464000000,2018-08-17,471174.98101617314,"{'SPY': 0.25, 'TLT': 0.25, 'SHY': 0.25, 'GLD': 0.25}",0.0
1534723200000,2018-08-20,472874.7060187995,"{'SPY': 0.25, 'TLT': 0.25, 'SHY': 0.25, 'GLD': 0.25}",0.0
1534809600000,2018-08-21,473071.8790610596,"{'SPY': 0.25, 'TLT': 0.25, 'SHY': 0.25, 'GLD': 0.25}",0.0
1534896000000,2018-08-22,473759.2526399082,"{'SPY': 0.25, 'TLT': 0.25, 'SHY': 0.25, 'GLD': 0.25}",0.0
1534982400000,2018-08-23,472653.6606908959,"{'SPY': 0.25, 'TLT': 0.25, 'SHY': 0.25, 'GLD': 0.25}",0.0
1535068800000,2018-08-24,475675.49880036205,"{'SPY': 0.25, 'TLT': 0.25, 'SHY': 0.25, 'GLD': 0.25}",0.0
1535328000000,2018-08-27,476338.7681834002,"{'SPY': 0.25, 'TLT': 0.25, 'SHY': 0.25, 'GLD': 0.25}",0.0
1535414400000,2018-08-28,474692.84424130665,"{'SPY': 0.25, 'TLT': 0.25, 'SHY': 0.25, 'GLD': 0.25}",0.0
1535500800000,2018-08-29,476017.0714498769,"{'SPY': 0.25, 'TLT': 0.25, 'SHY': 0.25, 'GLD': 0.25}",0.0
1535587200000,2018-08-30,475293.21060644975,"{'SPY': 0.25, 'TLT': 0.25, 'SHY': 0.25, 'GLD': 0.25}",0.0
1535673600000,2018-08-31,474915.5579715814,"{'SPY': 0.25, 'TLT': 0.25, 'SHY': 0.25, 'GLD': 0.25}",0.0
1536019200000,2018-09-04,473390.8234453324,"{'SPY': 0.25, 'TLT': 0.25, 'SHY': 0.25, 'GLD': 0.25}",0.0
1536105600000,2018-09-05,473165.5575492235,"{'SPY': 0.25, 'TLT': 0.25, 'SHY': 0.25, 'GLD': 0.25}",0.0
1536192000000,2018-09-06,473516.5001040795,"{'SPY': 0.25, 'TLT': 0.25, 'SHY': 0.25, 'GLD': 0.25}",0.0
1536278400000,2018-09-07,471830.32809286745,"{'SPY': 0.25, 'TLT': 0.25, 'SHY': 0.25, 'GLD': 0.25}",0.0
1536537600000,2018-09-10,472401.80951309286,"{'SPY': 0.25, 'TLT': 0.25, 'SHY': 0.25, 'GLD': 0.25}",0.0
1536624000000,2018-09-11,471894.5432610727,"{'SPY': 0.25, 'TLT': 0.25, 'SHY': 0.25, 'GLD': 0.25}",0.0
1536710400000,2018-09-12,473191.3520663753,"{'SPY': 0.25, 'TLT': 0.25, 'SHY': 0.25, 'GLD': 0.25}",0.0
1536796800000,2018-09-13,473659.4812347468,"{'SPY': 0.25, 'TLT': 0.25, 'SHY': 0.25, 'GLD': 0.25}",0.0
1536883200000,2018-09-14,472300.15680161794,"{'SPY': 0.25, 'TLT': 0.25, 'SHY': 0.25, 'GLD': 0.25}",0.0
1537142400000,2018-09-17,472262.9504882701,"{'SPY': 0.25, 'TLT': 0.25, 'SHY': 0.25, 'GLD': 0.25}",0.0
1537228800000,2018-09-18,471477.8834812134,"{'SPY': 0.25, 'TLT': 0.25, 'SHY': 0.25, 'GLD': 0.25}",0.0
1537315200000,2018-09-19,471328.7719461289,"{'SPY': 0.25, 'TLT': 0.25, 'SHY': 0.25, 'GLD': 0.25}",0.0
1537401600000,2018-09-20,473275.4708928097,"{'SPY': 0.25, 'TLT': 0.25, 'SHY': 0.25, 'GLD': 0.25}",0.0
1537488000000,2018-09-21,472280.85586586775,"{'SPY': 0.25, 'TLT': 0.25, 'SHY': 0.25, 'GLD': 0.25}",0.0
1537747200000,2018-09-24,471565.26516597375,"{'SPY': 0.25, 'TLT': 0.25, 'SHY': 0.25, 'GLD': 0.25}",0.0
1537833600000,2018-09-25,471536.0205589082,"{'SPY': 0.25, 'TLT': 0.25, 'SHY': 0.25, 'GLD': 0.25}",0.0
1537920000000,2018-09-26,471403.4839848309,"{'SPY': 0.25, 'TLT': 0.25, 'SHY': 0.25, 'GLD': 0.25}",0.0
1538006400000,2018-09-27,470770.5692552103,"{'SPY': 0.25, 'TLT': 0.25, 'SHY': 0.25, 'GLD': 0.25}",0.0
1538092800000,2018-09-28,471110.0497466057,"{'TLT': 0.6, 'SHY': 0.2, 'GLD': 0.2}",0.0
1538352000000,2018-10-01,468849.94488018786,"{'TLT': 0.6, 'SHY': 0.2, 'GLD': 0.2}",0.0
1538438400000,2018-10-02,471686.32806095266,"{'TLT': 0.6, 'SHY': 0.2, 'GLD': 0.2}",0.0
1538524800000,2018-10-03,466351.85498487565,"{'TLT': 0.6, 'SHY': 0.2, 'GLD': 0.2}",0.0
1538611200000,2018-10-04,464404.9184839491,"{'TLT': 0.6, 'SHY': 0.2, 'GLD': 0.2}",0.0
1538697600000,2018-10-05,462260.711877041,"{'TLT': 0.6, 'SHY': 0.2, 'GLD': 0.2}",0.0
1538956800000,2018-10-08,460282.41622110794,"{'TLT': 0.6, 'SHY': 0.2, 'GLD': 0.2}",0.0
1539043200000,2018-10-09,463159.3723539614,"{'TLT': 0.6, 'SHY': 0.2, 'GLD': 0.2}",0.0
1539129600000,2018-10-10,462655.1062289091,"{'TLT': 0.6, 'SHY': 0.2, 'GLD': 0.2}",0.0
1539216000000,2018-10-11,468441.19898238033,"{'TLT': 0.6, 'SHY': 0.2, 'GLD': 0.2}",0.0
1539302400000,2018-10-12,467017.33291418175,"{'TLT': 0.6, 'SHY': 0.2, 'GLD': 0.2}",0.0
1539561600000,2018-10-15,467552.93868206313,"{'TLT': 0.6, 'SHY': 0.2, 'GLD': 0.2}",0.0
1539648000000,2018-10-16,467995.3298893367,"{'TLT': 0.6, 'SHY': 0.2, 'GLD': 0.2}",0.0
1539734400000,2018-10-17,466322.15560240124,"{'TLT': 0.6, 'SHY': 0.2, 'GLD': 0.2}",0.0
1539820800000,2018-10-18,466385.0193985502,"{'TLT': 0.6, 'SHY': 0.2, 'GLD': 0.2}",0.0
1539907200000,2018-10-19,465787.31937936094,"{'TLT': 0.6, 'SHY': 0.2, 'GLD': 0.2}",0.0
1540166400000,2018-10-22,465155.3637376497,"{'TLT': 0.6, 'SHY': 0.2, 'GLD': 0.2}",0.0
1540252800000,2018-10-23,466642.8638789701,"{'TLT': 0.6, 'SHY': 0.2, 'GLD': 0.2}",0.0
1540339200000,2018-10-24,469119.34458697273,"{'TLT': 0.6, 'SHY': 0.2, 'GLD': 0.2}",0.0
1540425600000,2018-10-25,467699.2159028027,"{'TLT': 0.6, 'SHY': 0.2, 'GLD': 0.2}",0.0
1540512000000,2018-10-26,469746.7777496738,"{'TLT': 0.6, 'SHY': 0.2, 'GLD': 0.2}",0.0
1540771200000,2018-10-29,468773.42729857384,"{'TLT': 0.6, 'SHY': 0.2, 'GLD': 0.2}",0.0
1540857600000,2018-10-30,466919.8832422348,"{'TLT': 0.6, 'SHY': 0.2, 'GLD': 0.2}",0.0
1540944000000,2018-10-31,464927.38414202025,"{'TLT': 0.6, 'SHY': 0.2, 'GLD': 0.2}",0.0
1541030400000,2018-11-01,466432.42850116966,"{'TLT': 0.6, 'SHY': 0.2, 'GLD': 0.2}",0.0
1541116800000,2018-11-02,462856.7282460578,"{'TLT': 0.6, 'SHY': 0.2, 'GLD': 0.2}",0.0
1541376000000,2018-11-05,463759.0016447128,"{'TLT': 0.6, 'SHY': 0.2, 'GLD': 0.2}",0.0
1541462400000,2018-11-06,463300.3806506315,"{'TLT': 0.6, 'SHY': 0.2, 'GLD': 0.2}",0.0
1541548800000,2018-11-07,463629.9415770352,"{'TLT': 0.6, 'SHY': 0.2, 'GLD': 0.2}",0.0
1541635200000,2018-11-08,463394.3156098402,"{'TLT': 0.6, 'SHY': 0.2, 'GLD': 0.2}",0.0
1541721600000,2018-11-09,464474.1737279974,"{'TLT': 0.6, 'SHY': 0.2, 'GLD': 0.2}",0.0
1541980800000,2018-11-12,465695.40672440676,"{'TLT': 0.6, 'SHY': 0.2, 'GLD': 0.2}",0.0
1542067200000,2018-11-13,465568.09580186615,"{'TLT': 0.6, 'SHY': 0.2, 'GLD': 0.2}",0.0
1542153600000,2018-11-14,466576.6357836404,"{'TLT': 0.6, 'SHY': 0.2, 'GLD': 0.2}",0.0
1542240000000,2018-11-15,466604.8099787261,"{'TLT': 0.6, 'SHY': 0.2, 'GLD': 0.2}",0.0
1542326400000,2018-11-16,468983.64330670406,"{'TLT': 0.6, 'SHY': 0.2, 'GLD': 0.2}",0.0
1542585600000,2018-11-19,469888.0961126318,"{'TLT': 0.6, 'SHY': 0.2, 'GLD': 0.2}",0.0
1542672000000,2018-11-20,469963.5997189763,"{'TLT': 0.6, 'SHY': 0.2, 'GLD': 0.2}",0.0
1542758400000,2018-11-21,470019.9247748115,"{'TLT': 0.6, 'SHY': 0.2, 'GLD': 0.2}",0.0
1542931200000,2018-11-23,470218.4926612615,"{'TLT': 0.6, 'SHY': 0.2, 'GLD': 0.2}",0.0
1543190400000,2018-11-26,469487.133296995,"{'TLT': 0.6, 'SHY': 0.2, 'GLD': 0.2}",0.0
1543276800000,2018-11-27,469257.000302158,"{'TLT': 0.6, 'SHY': 0.2, 'GLD': 0.2}",0.0
1543363200000,2018-11-28,468270.87173620664,"{'TLT': 0.6, 'SHY': 0.2, 'GLD': 0.2}",0.0
1543449600000,2018-11-29,469690.31823126576,"{'TLT': 0.6, 'SHY': 0.2, 'GLD': 0.2}",0.0
1543536000000,2018-11-30,470616.49250713806,"{'TLT': 0.6, 'SHY': 0.2, 'GLD': 0.2}",0.0
1543795200000,2018-12-03,473253.21450843214,"{'TLT': 0.6, 'SHY': 0.2, 'GLD': 0.2}",0.0
1543881600000,2018-12-04,478652.7689835518,"{'TLT': 0.6, 'SHY': 0.2, 'GLD': 0.2}",0.0
1544054400000,2018-12-06,479663.1891909918,"{'TLT': 0.6, 'SHY': 0.2, 'GLD': 0.2}",0.0
1544140800000,2018-12-07,481080.6905988623,"{'TLT': 0.6, 'SHY': 0.2, 'GLD': 0.2}",0.0
1544400000000,2018-12-10,481941.05542814074,"{'TLT': 0.6, 'SHY': 0.2, 'GLD': 0.2}",0.0
1544486400000,2018-12-11,481685.1703199267,"{'TLT': 0.6, 'SHY': 0.2, 'GLD': 0.2}",0.0
1544572800000,2018-12-12,480590.113659416,"{'TLT': 0.6, 'SHY': 0.2, 'GLD': 0.2}",0.0
1544659200000,2018-12-13,479788.06381198537,"{'TLT': 0.6, 'SHY': 0.2, 'GLD': 0.2}",0.0
1544745600000,2018-12-14,480461.6966437335,"{'TLT': 0.6, 'SHY': 0.2, 'GLD': 0.2}",0.0
1545004800000,2018-12-17,482897.70485040935,"{'TLT': 0.6, 'SHY': 0.2, 'GLD': 0.2}",0.0
1545091200000,2018-12-18,484919.0737546353,"{'TLT': 0.6, 'SHY': 0.2, 'GLD': 0.2}",0.0
1545177600000,2018-12-19,488195.05268906127,"{'TLT': 0.6, 'SHY': 0.2, 'GLD': 0.2}",0.0
1545264000000,2018-12-20,488624.7337209791,"{'TLT': 0.6, 'SHY': 0.2, 'GLD': 0.2}",0.0
1545350400000,2018-12-21,488220.4269077836,"{'TLT': 0.6, 'SHY': 0.2, 'GLD': 0.2}",0.0
1545609600000,2018-12-24,490827.5185308479,"{'TLT': 0.6, 'SHY': 0.2, 'GLD': 0.2}",0.0
1545782400000,2018-12-26,487283.1981018746,"{'TLT': 0.6, 'SHY': 0.2, 'GLD': 0.2}",0.0
1545868800000,2018-12-27,488178.48338992754,"{'TLT': 0.6, 'SHY': 0.2, 'GLD': 0.2}",0.0
1545955200000,2018-12-28,491179.88528712606,"{'TLT': 0.6, 'SHY': 0.2, 'GLD': 0.2}",0.0
1546214400000,2018-12-31,492489.3502968944,"{'TLT': 0.6, 'SHY': 0.2, 'GLD': 0.2}",0.0
1546387200000,2019-01-02,494122.44939212775,"{'TLT': 0.6, 'SHY': 0.2, 'GLD': 0.2}",0.0
1546473600000,2019-01-03,498592.8893680644,"{'TLT': 0.6, 'SHY': 0.2, 'GLD': 0.2}",0.0
1546560000000,2019-01-04,494109.6937133416,"{'TLT': 0.6, 'SHY': 0.2, 'GLD': 0.2}",0.0
1546819200000,2019-01-07,493506.576753889,"{'TLT': 0.6, 'SHY': 0.2, 'GLD': 0.2}",0.0
1546905600000,2019-01-08,492401.93418450915,"{'TLT': 0.6, 'SHY': 0.2, 'GLD': 0.2}",0.0
1546992000000,2019-01-09,492618.87611397327,"{'TLT': 0.6, 'SHY': 0.2, 'GLD': 0.2}",0.0
1547078400000,2019-01-10,490149.07918628294,"{'TLT': 0.6, 'SHY': 0.2, 'GLD': 0.2}",0.0
1547164800000,2019-01-11,491524.4690229656,"{'TLT': 0.6, 'SHY': 0.2, 'GLD': 0.2}",0.0
1547424000000,2019-01-14,490661.1262848848,"{'TLT': 0.6, 'SHY': 0.2, 'GLD': 0.2}",0.0
1547510400000,2019-01-15,489452.59763857006,"{'TLT': 0.6, 'SHY': 0.2, 'GLD': 0.2}",0.0
1547596800000,2019-01-16,490035.9231983602,"{'TLT': 0.6, 'SHY': 0.2, 'GLD': 0.2}",0.0
1547683200000,2019-01-17,489969.2838517312,"{'TLT': 0.6, 'SHY': 0.2, 'GLD': 0.2}",0.0
1547769600000,2019-01-18,487471.61315717234,"{'TLT': 0.6, 'SHY': 0.2, 'GLD': 0.2}",0.0
1548115200000,2019-01-22,489881.1938118403,"{'TLT': 0.6, 'SHY': 0.2, 'GLD': 0.2}",0.0
1548201600000,2019-01-23,489598.39038417785,"{'TLT': 0.6, 'SHY': 0.2, 'GLD': 0.2}",0.0
1548288000000,2019-01-24,491455.89376479574,"{'TLT': 0.6, 'SHY': 0.2, 'GLD': 0.2}",0.0
1548374400000,2019-01-25,491409.9832912196,"{'TLT': 0.6, 'SHY': 0.2, 'GLD': 0.2}",0.0
1548633600000,2019-01-28,491472.2142764033,"{'TLT': 0.6, 'SHY': 0.2, 'GLD': 0.2}",0.0
1548720000000,2019-01-29,493563.189888453,"{'TLT': 0.6, 'SHY': 0.2, 'GLD': 0.2}",0.0
1548806400000,2019-01-30,494037.98347758985,"{'TLT': 0.6, 'SHY': 0.2, 'GLD': 0.2}",0.0
1548892800000,2019-01-31,496717.3096633485,"{'TLT': 0.6, 'SHY': 0.2, 'GLD': 0.2}",0.0
1548979200000,2019-02-01,494601.8270728375,"{'TLT': 0.6, 'SHY': 0.2, 'GLD': 0.2}",0.0
1549238400000,2019-02-04,492848.05185137177,"{'TLT': 0.6, 'SHY': 0.2, 'GLD': 0.2}",0.0
1549324800000,2019-02-05,494453.0906509667,"{'TLT': 0.6, 'SHY': 0.2, 'GLD': 0.2}",0.0
1549411200000,2019-02-06,493979.1864611075,"{'TLT': 0.6, 'SHY': 0.2, 'GLD': 0.2}",0.0
1549497600000,2019-02-07,496249.32503052463,"{'TLT': 0.6, 'SHY': 0.2, 'GLD': 0.2}",0.0
1549584000000,2019-02-08,497932.78678049886,"{'TLT': 0.6, 'SHY': 0.2, 'GLD': 0.2}",0.0
1549843200000,2019-02-11,496235.9383501798,"{'TLT': 0.6, 'SHY': 0.2, 'GLD': 0.2}",0.0
1549929600000,2019-02-12,495675.54050939204,"{'TLT': 0.6, 'SHY': 0.2, 'GLD': 0.2}",0.0
1550016000000,2019-02-13,494086.6520459249,"{'TLT': 0.6, 'SHY': 0.2, 'GLD': 0.2}",0.0
1550102400000,2019-02-14,496458.50592346676,"{'TLT': 0.6, 'SHY': 0.2, 'GLD': 0.2}",0.0
1550188800000,2019-02-15,497468.1318333665,"{'TLT': 0.6, 'SHY': 0.2, 'GLD': 0.2}",0.0
1550534400000,2019-02-19,499812.66271697753,"{'TLT': 0.6, 'SHY': 0.2, 'GLD': 0.2}",0.0
1550620800000,2019-02-20,498769.06206342124,"{'TLT': 0.6, 'SHY': 0.2, 'GLD': 0.2}",0.0
1550707200000,2019-02-21,494930.2514594332,"{'TLT': 0.6, 'SHY': 0.2, 'GLD': 0.2}",0.0
1550793600000,2019-02-22,497126.7533522098,"{'TLT': 0.6, 'SHY': 0.2, 'GLD': 0.2}",0.0
1551052800000,2019-02-25,496128.53052483394,"{'TLT': 0.6, 'SHY': 0.2, 'GLD': 0.2}",0.0
1551139200000,2019-02-26,497815.55618682905,"{'TLT': 0.6, 'SHY': 0.2, 'GLD': 0.2}",0.0
1551225600000,2019-02-27,493702.3577385295,"{'TLT': 0.6, 'SHY': 0.2, 'GLD': 0.2}",0.0
1551312000000,2019-02-28,492115.9529405023,"{'TLT': 0.6, 'SHY': 0.2, 'GLD': 0.2}",0.0
1551398400000,2019-03-01,487645.99538331595,"{'TLT': 0.6, 'SHY': 0.2, 'GLD': 0.2}",0.0
1551657600000,2019-03-04,489706.49857855885,"{'TLT': 0.6, 'SHY': 0.2, 'GLD': 0.2}",0.0
1551744000000,2019-03-05,490461.1629060167,"{'TLT': 0.6, 'SHY': 0.2, 'GLD': 0.2}",0.0
1551830400000,2019-03-06,491523.5651619584,"{'TLT': 0.6, 'SHY': 0.2, 'GLD': 0.2}",0.0
1551916800000,2019-03-07,493437.37198473455,"{'TLT': 0.6, 'SHY': 0.2, 'GLD': 0.2}",0.0
1552003200000,2019-03-08,495800.3346756042,"{'TLT': 0.6, 'SHY': 0.2, 'GLD': 0.2}",0.0
1552262400000,2019-03-11,494411.43003244186,"{'TLT': 0.6, 'SHY': 0.2, 'GLD': 0.2}",0.0
1552348800000,2019-03-12,497125.59161139966,"{'TLT': 0.6, 'SHY': 0.2, 'GLD': 0.2}",0.0
1552435200000,2019-03-13,497270.76575526997,"{'TLT': 0.6, 'SHY': 0.2, 'GLD': 0.2}",0.0
1552521600000,2019-03-14,493990.94673487096,"{'TLT': 0.6, 'SHY': 0.2, 'GLD': 0.2}",0.0
1552608000000,2019-03-15,496438.80712983455,"{'TLT': 0.6, 'SHY': 0.2, 'GLD': 0.2}",0.0
1552867200000,2019-03-18,496300.3025123167,"{'TLT': 0.6, 'SHY': 0.2, 'GLD': 0.2}",0.0
1552953600000,2019-03-19,495902.08194977633,"{'TLT': 0.6, 'SHY': 0.2, 'GLD': 0.2}",0.0
1553040000000,2019-03-20,499799.55084473704,"{'TLT': 0.6, 'SHY': 0.2, 'GLD': 0.2}",0.0
1553126400000,2019-03-21,500057.1227441324,"{'TLT': 0.6, 'SHY': 0.2, 'GLD': 0.2}",0.0
1553212800000,2019-03-22,505119.43098207074,"{'TLT': 0.6, 'SHY': 0.2, 'GLD': 0.2}",0.0
1553472000000,2019-03-25,506487.4258196727,"{'TLT': 0.6, 'SHY': 0.2, 'GLD': 0.2}",0.0
1553558400000,2019-03-26,505753.7960550675,"{'TLT': 0.6, 'SHY': 0.2, 'GLD': 0.2}",0.0
1553644800000,2019-03-27,508101.3779946717,"{'TLT': 0.6, 'SHY': 0.2, 'GLD': 0.2}",0.0
1553731200000,2019-03-28,507714.74473711813,"{'TLT': 0.6, 'SHY': 0.2, 'GLD': 0.2}",0.0
1553817600000,2019-03-29,507457.28423151403,"{'TLT': 0.6, 'SHY': 0.2, 'GLD': 0.2}",0.0
1554076800000,2019-04-01,502629.31757734774,"{'TLT': 0.6, 'SHY': 0.2, 'GLD': 0.2}",0.0
1554163200000,2019-04-02,503607.2151981437,"{'TLT': 0.6, 'SHY': 0.2, 'GLD': 0.2}",0.0
1554249600000,2019-04-03,500791.35879060935,"{'TLT': 0.6, 'SHY': 0.2, 'GLD': 0.2}",0.0
1554336000000,2019-04-04,501921.6276260562,"{'TLT': 0.6, 'SHY': 0.2, 'GLD': 0.2}",0.0
1554422400000,2019-04-05,502191.8717112684,"{'TLT': 0.6, 'SHY': 0.2, 'GLD': 0.2}",0.0
1554681600000,2019-04-08,501535.3548890045,"{'TLT': 0.6, 'SHY': 0.2, 'GLD': 0.2}",0.0
1554768000000,2019-04-09,503020.80684440397,"{'TLT': 0.6, 'SHY': 0.2, 'GLD': 0.2}",0.0
1554854400000,2019-04-10,504145.5617354064,"{'TLT': 0.6, 'SHY': 0.2, 'GLD': 0.2}",0.0
1554940800000,2019-04-11,501019.0512277834,"{'TLT': 0.6, 'SHY': 0.2, 'GLD': 0.2}",0.0
1555027200000,2019-04-12,498719.54039585404,"{'TLT': 0.6, 'SHY': 0.2, 'GLD': 0.2}",0.0
1555286400000,2019-04-15,499299.58961332904,"{'TLT': 0.6, 'SHY': 0.2, 'GLD': 0.2}",0.0
1555372800000,2019-04-16,496516.61868058995,"{'TLT': 0.6, 'SHY': 0.2, 'GLD': 0.2}",0.0
1555459200000,2019-04-17,496484.6177959939,"{'TLT': 0.6, 'SHY': 0.2, 'GLD': 0.2}",0.0
1555545600000,2019-04-18,498141.8900784775,"{'TLT': 0.6, 'SHY': 0.2, 'GLD': 0.2}",0.0
1555891200000,2019-04-22,496718.97519316484,"{'TLT': 0.6, 'SHY': 0.2, 'GLD': 0.2}",0.0
1555977600000,2019-04-23,497193.4092045205,"{'TLT': 0.6, 'SHY': 0.2, 'GLD': 0.2}",0.0
1556064000000,2019-04-24,499976.3250705316,"{'TLT': 0.6, 'SHY': 0.2, 'GLD': 0.2}",0.0
1556150400000,2019-04-25,499622.41142976354,"{'TLT': 0.6, 'SHY': 0.2, 'GLD': 0.2}",0.0
1556236800000,2019-04-26,501412.76076937874,"{'TLT': 0.6, 'SHY': 0.2, 'GLD': 0.2}",0.0
1556496000000,2019-04-29,499011.1787273013,"{'TLT': 0.6, 'SHY': 0.2, 'GLD': 0.2}",0.0
1556582400000,2019-04-30,500921.40899827535,"{'TLT': 0.6, 'SHY': 0.2, 'GLD': 0.2}",0.0
1556668800000,2019-05-01,501411.6892492707,"{'TLT': 0.6, 'SHY': 0.2, 'GLD': 0.2}",0.0
1556755200000,2019-05-02,499548.0359315294,"{'TLT': 0.6, 'SHY': 0.2, 'GLD': 0.2}",0.0
1556841600000,2019-05-03,501026.0423958625,"{'TLT': 0.6, 'SHY': 0.2, 'GLD': 0.2}",0.0
1557100800000,2019-05-06,502045.20802553854,"{'TLT': 0.6, 'SHY': 0.2, 'GLD': 0.2}",0.0
1557187200000,2019-05-07,504733.17562757595,"{'TLT': 0.6, 'SHY': 0.2, 'GLD': 0.2}",0.0
1557273600000,2019-05-08,503162.58679885295,"{'TLT': 0.6, 'SHY': 0.2, 'GLD': 0.2}",0.0
1557360000000,2019-05-09,504701.45777330326,"{'TLT': 0.6, 'SHY': 0.2, 'GLD': 0.2}",0.0
1557446400000,2019-05-10,504504.879125751,"{'TLT': 0.6, 'SHY': 0.2, 'GLD': 0.2}",0.0
1557705600000,2019-05-13,508033.45478767797,"{'TLT': 0.6, 'SHY': 0.2, 'GLD': 0.2}",0.0
1557792000000,2019-05-14,506962.4675461618,"{'TLT': 0.6, 'SHY': 0.2, 'GLD': 0.2}",0.0
1557878400000,2019-05-15,508845.10096327285,"{'TLT': 0.6, 'SHY': 0.2, 'GLD': 0.2}",0.0
1557964800000,2019-05-16,507036.312609571,"{'TLT': 0.6, 'SHY': 0.2, 'GLD': 0.2}",0.0
1558051200000,2019-05-17,507020.2961592827,"{'TLT': 0.6, 'SHY': 0.2, 'GLD': 0.2}",0.0
1558310400000,2019-05-20,506335.9153721988,"{'TLT': 0.6, 'SHY': 0.2, 'GLD': 0.2}",0.0
1558396800000,2019-05-21,505569.3315999205,"{'TLT': 0.6, 'SHY': 0.2, 'GLD': 0.2}",0.0
1558483200000,2019-05-22,507256.61477733444,"{'TLT': 0.6, 'SHY': 0.2, 'GLD': 0.2}",0.0
1558569600000,2019-05-23,511645.4105802565,"{'TLT': 0.6, 'SHY': 0.2, 'GLD': 0.2}",0.0
1558656000000,2019-05-24,511983.38909734803,"{'TLT': 0.6, 'SHY': 0.2, 'GLD': 0.2}",0.0
1559001600000,2019-05-28,513883.39889817213,"{'TLT': 0.6, 'SHY': 0.2, 'GLD': 0.2}",0.0
1559088000000,2019-05-29,514863.94166012143,"{'TLT': 0.6, 'SHY': 0.2, 'GLD': 0.2}",0.0
1559174400000,2019-05-30,518304.2271471165,"{'TLT': 0.6, 'SHY': 0.2, 'GLD': 0.2}",0.0
1559260800000,2019-05-31,523815.70916150295,"{'TLT': 0.6, 'SHY': 0.2, 'GLD': 0.2}",0.0
1559520000000,2019-06-03,527627.3093866763,"{'TLT': 0.6, 'SHY': 0.2, 'GLD': 0.2}",0.0
1559606400000,2019-06-04,523976.8509045364,"{'TLT': 0.6, 'SHY': 0.2, 'GLD': 0.2}",0.0
1559692800000,2019-06-05,522517.50917191437,"{'TLT': 0.6, 'SHY': 0.2, 'GLD': 0.2}",0.0
1559779200000,2019-06-06,523808.57406119525,"{'TLT': 0.6, 'SHY': 0.2, 'GLD': 0.2}",0.0
1559865600000,2019-06-07,527230.2203656918,"{'TLT': 0.6, 'SHY': 0.2, 'GLD': 0.2}",0.0
1560124800000,2019-06-10,523103.39747887943,"{'TLT': 0.6, 'SHY': 0.2, 'GLD': 0.2}",0.0
1560211200000,2019-06-11,523133.33591171674,"{'TLT': 0.6, 'SHY': 0.2, 'GLD': 0.2}",0.0
1560297600000,2019-06-12,524003.7419216144,"{'TLT': 0.6, 'SHY': 0.2, 'GLD': 0.2}",0.0
1560384000000,2019-06-13,525839.30721586,"{'TLT': 0.6, 'SHY': 0.2, 'GLD': 0.2}",0.0
1560470400000,2019-06-14,526562.7856135884,"{'TLT': 0.6, 'SHY': 0.2, 'GLD': 0.2}",0.0
1560729600000,2019-06-17,526999.1330275343,"{'TLT': 0.6, 'SHY': 0.2, 'GLD': 0.2}",0.0
1560816000000,2019-06-18,529129.6259476417,"{'TLT': 0.6, 'SHY': 0.2, 'GLD': 0.2}",0.0
1560902400000,2019-06-19,530451.7000914264,"{'TLT': 0.6, 'SHY': 0.2, 'GLD': 0.2}",0.0
1560988800000,2019-06-20,534013.3970395783,"{'TLT': 0.6, 'SHY': 0.2, 'GLD': 0.2}",0.0
1561075200000,2019-06-21,531151.5773794191,"{'TLT': 0.6, 'SHY': 0.2, 'GLD': 0.2}",0.0
1561334400000,2019-06-24,535168.1789178868,"{'TLT': 0.6, 'SHY': 0.2, 'GLD': 0.2}",0.0
1561420800000,2019-06-25,536395.4183493884,"{'TLT': 0.6, 'SHY': 0.2, 'GLD': 0.2}",0.0
1561507200000,2019-06-26,533225.9924549772,"{'TLT': 0.6, 'SHY': 0.2, 'GLD': 0.2}",0.0
1561593600000,2019-06-27,535464.4422841425,"{'TLT': 0.6, 'SHY': 0.2, 'GLD': 0.2}",0.0
1561680000000,2019-06-28,535537.113652984,"{'TLT': 0.6, 'SHY': 0.2, 'GLD': 0.2}",0.0
1561939200000,2019-07-01,532642.6453130329,"{'TLT': 0.6, 'SHY': 0.2, 'GLD': 0.2}",0.0
1562025600000,2019-07-02,537446.3018554419,"{'TLT': 0.6, 'SHY': 0.2, 'GLD': 0.2}",0.0
1562112000000,2019-07-03,539947.75703704,"{'TLT': 0.6, 'SHY': 0.2, 'GLD': 0.2}",0.0
1562284800000,2019-07-05,534229.8711293271,"{'TLT': 0.6, 'SHY': 0.2, 'GLD': 0.2}",0.0
1562544000000,2019-07-08,533927.6710345438,"{'TLT': 0.6, 'SHY': 0.2, 'GLD': 0.2}",0.0
1562630400000,2019-07-09,534143.1065180202,"{'TLT': 0.6, 'SHY': 0.2, 'GLD': 0.2}",0.0
1562716800000,2019-07-10,534254.6547478194,"{'TLT': 0.6, 'SHY': 0.2, 'GLD': 0.2}",0.0
1562803200000,2019-07-11,529022.2710433267,"{'TLT': 0.6, 'SHY': 0.2, 'GLD': 0.2}",0.0
1562889600000,2019-07-12,530062.5726409034,"{'TLT': 0.6, 'SHY': 0.2, 'GLD': 0.2}",0.0
1563148800000,2019-07-15,531919.5036748153,"{'TLT': 0.6, 'SHY': 0.2, 'GLD': 0.2}",0.0
1563235200000,2019-07-16,530031.0135370452,"{'TLT': 0.6, 'SHY': 0.2, 'GLD': 0.2}",0.0
1563321600000,2019-07-17,535310.8042677967,"{'TLT': 0.6, 'SHY': 0.2, 'GLD': 0.2}",0.0
1563408000000,2019-07-18,536973.1452344123,"{'TLT': 0.6, 'SHY': 0.2, 'GLD': 0.2}",0.0
1563494400000,2019-07-19,534520.7685216148,"{'TLT': 0.6, 'SHY': 0.2, 'GLD': 0.2}",0.0
1563753600000,2019-07-22,535126.3615737192,"{'TLT': 0.6, 'SHY': 0.2, 'GLD': 0.2}",0.0
1563840000000,2019-07-23,532744.0051577421,"{'TLT': 0.6, 'SHY': 0.2, 'GLD': 0.2}",0.0
1563926400000,2019-07-24,534699.639993823,"{'TLT': 0.6, 'SHY': 0.2, 'GLD': 0.2}",0.0
1564012800000,2019-07-25,532346.8467744259,"{'TLT': 0.6, 'SHY': 0.2, 'GLD': 0.2}",0.0
1564099200000,2019-07-26,533289.7884370697,"{'TLT': 0.6, 'SHY': 0.2, 'GLD': 0.2}",0.0
1564358400000,2019-07-29,534097.3340473056,"{'TLT': 0.6, 'SHY': 0.2, 'GLD': 0.2}",0.0
1564444800000,2019-07-30,535247.2233805554,"{'TLT': 0.6, 'SHY': 0.2, 'GLD': 0.2}",0.0
1564531200000,2019-07-31,536413.0691692673,"{'TLT': 0.6, 'SHY': 0.2, 'GLD': 0.2}",0.0
1564617600000,2019-08-01,545687.153182126,"{'TLT': 0.6, 'SHY': 0.2, 'GLD': 0.2}",0.0
1564704000000,2019-08-02,548322.910899457,"{'TLT': 0.6, 'SHY': 0.2, 'GLD': 0.2}",0.0
1564963200000,2019-08-05,555763.9845619343,"{'TLT': 0.6, 'SHY': 0.2, 'GLD': 0.2}",0.0
1565049600000,2019-08-06,559385.0504309997,"{'TLT': 0.6, 'SHY': 0.2, 'GLD': 0.2}",0.0
1565136000000,2019-08-07,561217.6586122423,"{'TLT': 0.6, 'SHY': 0.2, 'GLD': 0.2}",0.0
1565222400000,2019-08-08,562464.5018982295,"{'TLT': 0.6, 'SHY': 0.2, 'GLD': 0.2}",0.0
1565308800000,2019-08-09,561351.7414611765,"{'TLT': 0.6, 'SHY': 0.2, 'GLD': 0.2}",0.0
1565568000000,2019-08-12,569582.2721921359,"{'TLT': 0.6, 'SHY': 0.2, 'GLD': 0.2}",0.0
1565654400000,2019-08-13,567597.6086408405,"{'TLT': 0.6, 'SHY': 0.2, 'GLD': 0.2}",0.0
1565740800000,2019-08-14,576194.3364108697,"{'TLT': 0.6, 'SHY': 0.2, 'GLD': 0.2}",0.0
1565827200000,2019-08-15,581049.7711875358,"{'TLT': 0.6, 'SHY': 0.2, 'GLD': 0.2}",0.0
1565913600000,2019-08-16,577499.258081206,"{'TLT': 0.6, 'SHY': 0.2, 'GLD': 0.2}",0.0
1566172800000,2019-08-19,571070.5725754013,"{'TLT': 0.6, 'SHY': 0.2, 'GLD': 0.2}",0.0
1566259200000,2019-08-20,575586.0254690546,"{'TLT': 0.6, 'SHY': 0.2, 'GLD': 0.2}",0.0
1566345600000,2019-08-21,572811.4077005722,"{'TLT': 0.6, 'SHY': 0.2, 'GLD': 0.2}",0.0
1566432000000,2019-08-22,570184.2075127774,"{'TLT': 0.6, 'SHY': 0.2, 'GLD': 0.2}",0.0
1566518400000,2019-08-23,578228.5375328313,"{'TLT': 0.6, 'SHY': 0.2, 'GLD': 0.2}",0.0
1566777600000,2019-08-26,576787.7503382541,"{'TLT': 0.6, 'SHY': 0.2, 'GLD': 0.2}",0.0
1566864000000,2019-08-27,583265.2308933483,"{'TLT': 0.6, 'SHY': 0.2, 'GLD': 0.2}",0.0
1566950400000,2019-08-28,583414.5893747433,"{'TLT': 0.6, 'SHY': 0.2, 'GLD': 0.2}",0.0
1567036800000,2019-08-29,581197.5910870034,"{'TLT': 0.6, 'SHY': 0.2, 'GLD': 0.2}",0.0
1567123200000,2019-08-30,581034.7136607544,"{'TLT': 0.6, 'SHY': 0.2, 'GLD': 0.2}",0.0
1567468800000,2019-09-03,583192.3937970164,"{'TLT': 0.6, 'SHY': 0.2, 'GLD': 0.2}",0.0
1567555200000,2019-09-04,584539.6852430173,"{'TLT': 0.6, 'SHY': 0.2, 'GLD': 0.2}",0.0
1567641600000,2019-09-05,575120.7628298653,"{'TLT': 0.6, 'SHY': 0.2, 'GLD': 0.2}",0.0
1567728000000,2019-09-06,576609.3463374248,"{'TLT': 0.6, 'SHY': 0.2, 'GLD': 0.2}",0.0
1567987200000,2019-09-09,569910.2516979715,"{'TLT': 0.6, 'SHY': 0.2, 'GLD': 0.2}",0.0
1568073600000,2019-09-10,562753.0061628273,"{'TLT': 0.6, 'SHY': 0.2, 'GLD': 0.2}",0.0
1568160000000,2019-09-11,562835.5449877668,"{'TLT': 0.6, 'SHY': 0.2, 'GLD': 0.2}",0.0
1568246400000,2019-09-12,560828.0340907644,"{'TLT': 0.6, 'SHY': 0.2, 'GLD': 0.2}",0.0
1568332800000,2019-09-13,552526.6989002589,"{'TLT': 0.6, 'SHY': 0.2, 'GLD': 0.2}",0.0
1568592000000,2019-09-16,557765.4175833437,"{'TLT': 0.6, 'SHY': 0.2, 'GLD': 0.2}",0.0
1568678400000,2019-09-17,559854.399334105,"{'TLT': 0.6, 'SHY': 0.2, 'GLD': 0.2}",0.0
1568764800000,2019-09-18,560509.8576798798,"{'TLT': 0.6, 'SHY': 0.2, 'GLD': 0.2}",0.0
1568851200000,2019-09-19,561989.078224767,"{'TLT': 0.6, 'SHY': 0.2, 'GLD': 0.2}",0.0
1568937600000,2019-09-20,567891.9649974646,"{'TLT': 0.6, 'SHY': 0.2, 'GLD': 0.2}",0.0
1569196800000,2019-09-23,568522.2226311517,"{'TLT': 0.6, 'SHY': 0.2, 'GLD': 0.2}",0.0
1569283200000,2019-09-24,573356.2525817041,"{'TLT': 0.6, 'SHY': 0.2, 'GLD': 0.2}",0.0
1569369600000,2019-09-25,566049.0372114535,"{'TLT': 0.6, 'SHY': 0.2, 'GLD': 0.2}",0.0
1569456000000,2019-09-26,568255.2172875409,"{'TLT': 0.6, 'SHY': 0.2, 'GLD': 0.2}",0.0
1569542400000,2019-09-27,568575.3420956987,"{'TLT': 0.6, 'SHY': 0.2, 'GLD': 0.2}",0.0
1569801600000,2019-09-30,567699.9337236312,"{'TLT': 0.6, 'SHY': 0.2, 'GLD': 0.2}",0.0
1569888000000,2019-10-01,569474.2209173425,"{'TLT': 0.6, 'SHY': 0.2, 'GLD': 0.2}",0.0
1569974400000,2019-10-02,571759.3455371739,"{'TLT': 0.6, 'SHY': 0.2, 'GLD': 0.2}",0.0
1570060800000,2019-10-03,575649.4183414591,"{'TLT': 0.6, 'SHY': 0.2, 'GLD': 0.2}",0.0
1570147200000,2019-10-04,578185.8848249936,"{'TLT': 0.6, 'SHY': 0.2, 'GLD': 0.2}",0.0
1570406400000,2019-10-07,574202.222192204,"{'TLT': 0.6, 'SHY': 0.2, 'GLD': 0.2}",0.0
1570492800000,2019-10-08,576201.7167283329,"{'TLT': 0.6, 'SHY': 0.2, 'GLD': 0.2}",0.0
1570579200000,2019-10-09,574286.7277075105,"{'TLT': 0.6, 'SHY': 0.2, 'GLD': 0.2}",0.0
1570665600000,2019-10-10,568016.7088859684,"{'TLT': 0.6, 'SHY': 0.2, 'GLD': 0.2}",0.0
1570752000000,2019-10-11,563062.2197258397,"{'TLT': 0.6, 'SHY': 0.2, 'GLD': 0.2}",0.0
1571011200000,2019-10-14,565979.7315289112,"{'TLT': 0.6, 'SHY': 0.2, 'GLD': 0.2}",0.0
1571097600000,2019-10-15,561058.6934552905,"{'TLT': 0.6, 'SHY': 0.2, 'GLD': 0.2}",0.0
1571184000000,2019-10-16,562164.12684297,"{'TLT': 0.6, 'SHY': 0.2, 'GLD': 0.2}",0.0
1571270400000,2019-10-17,561504.7576514345,"{'TLT': 0.6, 'SHY': 0.2, 'GLD': 0.2}",0.0
1571356800000,2019-10-18,561424.7305368047,"{'TLT': 0.6, 'SHY': 0.2, 'GLD': 0.2}",0.0
1571616000000,2019-10-21,558302.1542019875,"{'TLT': 0.6, 'SHY': 0.2, 'GLD': 0.2}",0.0
1571702400000,2019-10-22,560627.9347890189,"{'TLT': 0.6, 'SHY': 0.2, 'GLD': 0.2}",0.0
1571788800000,2019-10-23,561216.5056272693,"{'TLT': 0.6, 'SHY': 0.2, 'GLD': 0.2}",0.0
1571875200000,2019-10-24,561339.1181737602,"{'TLT': 0.6, 'SHY': 0.2, 'GLD': 0.2}",0.0
1571961600000,2019-10-25,559889.5323476291,"{'TLT': 0.6, 'SHY': 0.2, 'GLD': 0.2}",0.0
1572220800000,2019-10-28,555831.0880794778,"{'TLT': 0.6, 'SHY': 0.2, 'GLD': 0.2}",0.0
1572307200000,2019-10-29,555767.8304389543,"{'TLT': 0.6, 'SHY': 0.2, 'GLD': 0.2}",0.0
1572393600000,2019-10-30,561323.5629768196,"{'TLT': 0.6, 'SHY': 0.2, 'GLD': 0.2}",0.0
1572480000000,2019-10-31,567187.9289523516,"{'TLT': 0.6, 'SHY': 0.2, 'GLD': 0.2}",0.0
1572566400000,2019-11-01,566177.1936578058,"{'TLT': 0.6, 'SHY': 0.2, 'GLD': 0.2}",0.0
1572825600000,2019-11-04,561300.2084631993,"{'TLT': 0.6, 'SHY': 0.2, 'GLD': 0.2}",0.0
1572912000000,2019-11-05,555616.7908154498,"{'TLT': 0.6, 'SHY': 0.2, 'GLD': 0.2}",0.0
1572998400000,2019-11-06,558176.6548863169,"{'TLT': 0.6, 'SHY': 0.2, 'GLD': 0.2}",0.0
1573084800000,2019-11-07,550243.9206178768,"{'TLT': 0.6, 'SHY': 0.2, 'GLD': 0.2}",0.0
1573171200000,2019-11-08,548167.5101533608,"{'TLT': 0.6, 'SHY': 0.2, 'GLD': 0.2}",0.0
1573430400000,2019-11-11,548149.5901811816,"{'TLT': 0.6, 'SHY': 0.2, 'GLD': 0.2}",0.0
1573516800000,2019-11-12,549969.004442362,"{'TLT': 0.6, 'SHY': 0.2, 'GLD': 0.2}",0.0
1573603200000,2019-11-13,552602.3075063056,"{'TLT': 0.6, 'SHY': 0.2, 'GLD': 0.2}",0.0
1573689600000,2019-11-14,556596.2448686709,"{'TLT': 0.6, 'SHY': 0.2, 'GLD': 0.2}",0.0
1573776000000,2019-11-15,555912.3516754278,"{'TLT': 0.6, 'SHY': 0.2, 'GLD': 0.2}",0.0
1574035200000,2019-11-18,556900.020255303,"{'TLT': 0.6, 'SHY': 0.2, 'GLD': 0.2}",0.0
1574121600000,2019-11-19,559727.5243918772,"{'TLT': 0.6, 'SHY': 0.2, 'GLD': 0.2}",0.0
1574208000000,2019-11-20,563311.8977757598,"{'TLT': 0.6, 'SHY': 0.2, 'GLD': 0.2}",0.0
1574294400000,2019-11-21,560526.2679143783,"{'TLT': 0.6, 'SHY': 0.2, 'GLD': 0.2}",0.0
1574380800000,2019-11-22,560735.2697396851,"{'TLT': 0.6, 'SHY': 0.2, 'GLD': 0.2}",0.0
1574640000000,2019-11-25,561196.9061601297,"{'TLT': 0.6, 'SHY': 0.2, 'GLD': 0.2}",0.0
1574726400000,2019-11-26,563758.0190237815,"{'TLT': 0.6, 'SHY': 0.2, 'GLD': 0.2}",0.0
1574812800000,2019-11-27,562111.7341360765,"{'TLT': 0.6, 'SHY': 0.2, 'GLD': 0.2}",0.0
1574985600000,2019-11-29,561624.0299283026,"{'SPY': 0.4, 'HYG': 0.3, 'LQD': 0.2, 'GLD': 0.1}",0.0
1575244800000,2019-12-02,559084.8673234434,"{'SPY': 0.4, 'HYG': 0.3, 'LQD': 0.2, 'GLD': 0.1}",0.0
1575331200000,2019-12-03,558750.462663742,"{'SPY': 0.4, 'HYG': 0.3, 'LQD': 0.2, 'GLD': 0.1}",0.0
1575417600000,2019-12-04,560409.0477216518,"{'SPY': 0.4, 'HYG': 0.3, 'LQD': 0.2, 'GLD': 0.1}",0.0
1575504000000,2019-12-05,560973.8377921763,"{'SPY': 0.4, 'HYG': 0.3, 'LQD': 0.2, 'GLD': 0.1}",0.0
1575590400000,2019-12-06,562637.6143054655,"{'SPY': 0.4, 'HYG': 0.3, 'LQD': 0.2, 'GLD': 0.1}",0.0
1575849600000,2019-12-09,561896.0455267538,"{'SPY': 0.4, 'HYG': 0.3, 'LQD': 0.2, 'GLD': 0.1}",0.0
1575936000000,2019-12-10,562211.9075040147,"{'SPY': 0.4, 'HYG': 0.3, 'LQD': 0.2, 'GLD': 0.1}",0.0
1576022400000,2019-12-11,564026.2445791698,"{'SPY': 0.4, 'HYG': 0.3, 'LQD': 0.2, 'GLD': 0.1}",0.0
1576108800000,2019-12-12,565640.0147702284,"{'SPY': 0.4, 'HYG': 0.3, 'LQD': 0.2, 'GLD': 0.1}",0.0
1576195200000,2019-12-13,566939.5209361468,"{'SPY': 0.4, 'HYG': 0.3, 'LQD': 0.2, 'GLD': 0.1}",0.0
1576454400000,2019-12-16,568567.3147623555,"{'SPY': 0.4, 'HYG': 0.3, 'LQD': 0.2, 'GLD': 0.1}",0.0
1576540800000,2019-12-17,569040.8429650031,"{'SPY': 0.4, 'HYG': 0.3, 'LQD': 0.2, 'GLD': 0.1}",0.0
1576627200000,2019-12-18,569289.3838738012,"{'SPY': 0.4, 'HYG': 0.3, 'LQD': 0.2, 'GLD': 0.1}",0.0
1576713600000,2019-12-19,570393.2513534565,"{'SPY': 0.4, 'HYG': 0.3, 'LQD': 0.2, 'GLD': 0.1}",0.0
1576800000000,2019-12-20,571161.8869449025,"{'SPY': 0.4, 'HYG': 0.3, 'LQD': 0.2, 'GLD': 0.1}",0.0
1577059200000,2019-12-23,571818.737459155,"{'SPY': 0.4, 'HYG': 0.3, 'LQD': 0.2, 'GLD': 0.1}",0.0
1577145600000,2019-12-24,572618.4168027213,"{'SPY': 0.4, 'HYG': 0.3, 'LQD': 0.2, 'GLD': 0.1}",0.0
1577318400000,2019-12-26,574748.0182505621,"{'SPY': 0.4, 'HYG': 0.3, 'LQD': 0.2, 'GLD': 0.1}",0.0
1577404800000,2019-12-27,574753.9164351011,"{'SPY': 0.4, 'HYG': 0.3, 'LQD': 0.2, 'GLD': 0.1}",0.0
1577664000000,2019-12-30,573696.137682432,"{'SPY': 0.4, 'HYG': 0.3, 'LQD': 0.2, 'GLD': 0.1}",0.0
1577750400000,2019-12-31,574045.5496386547,"{'SPY': 0.4, 'HYG': 0.3, 'LQD': 0.2, 'GLD': 0.1}",0.0
1577923200000,2020-01-02,577581.4877975633,"{'SPY': 0.4, 'HYG': 0.3, 'LQD': 0.2, 'GLD': 0.1}",0.0
1578009600000,2020-01-03,576818.3041935052,"{'SPY': 0.4, 'HYG': 0.3, 'LQD': 0.2, 'GLD': 0.1}",0.0
1578268800000,2020-01-06,577741.4351745754,"{'SPY': 0.4, 'HYG': 0.3, 'LQD': 0.2, 'GLD': 0.1}",0.0
1578355200000,2020-01-07,576864.3379474229,"{'SPY': 0.4, 'HYG': 0.3, 'LQD': 0.2, 'GLD': 0.1}",0.0
1578441600000,2020-01-08,577656.2676202662,"{'SPY': 0.4, 'HYG': 0.3, 'LQD': 0.2, 'GLD': 0.1}",0.0
1578528000000,2020-01-09,579900.5742195073,"{'SPY': 0.4, 'HYG': 0.3, 'LQD': 0.2, 'GLD': 0.1}",0.0
1578614400000,2020-01-10,579966.853304741,"{'SPY': 0.4, 'HYG': 0.3, 'LQD': 0.2, 'GLD': 0.1}",0.0
1578873600000,2020-01-13,580852.6323491614,"{'SPY': 0.4, 'HYG': 0.3, 'LQD': 0.2, 'GLD': 0.1}",0.0
1578960000000,2020-01-14,580571.8314018695,"{'SPY': 0.4, 'HYG': 0.3, 'LQD': 0.2, 'GLD': 0.1}",0.0
1579046400000,2020-01-15,581727.4935160318,"{'SPY': 0.4, 'HYG': 0.3, 'LQD': 0.2, 'GLD': 0.1}",0.0
1579132800000,2020-01-16,583793.6426447519,"{'SPY': 0.4, 'HYG': 0.3, 'LQD': 0.2, 'GLD': 0.1}",0.0
1579219200000,2020-01-17,584471.4392416045,"{'SPY': 0.4, 'HYG': 0.3, 'LQD': 0.2, 'GLD': 0.1}",0.0
1579564800000,2020-01-21,584262.3194880325,"{'SPY': 0.4, 'HYG': 0.3, 'LQD': 0.2, 'GLD': 0.1}",0.0
1579651200000,2020-01-22,584691.5112921895,"{'SPY': 0.4, 'HYG': 0.3, 'LQD': 0.2, 'GLD': 0.1}",0.0
1579737600000,2020-01-23,584708.300988807,"{'SPY': 0.4, 'HYG': 0.3, 'LQD': 0.2, 'GLD': 0.1}",0.0
1579824000000,2020-01-24,582431.4113093159,"{'SPY': 0.4, 'HYG': 0.3, 'LQD': 0.2, 'GLD': 0.1}",0.0
1580083200000,2020-01-27,578142.6892952517,"{'SPY': 0.4, 'HYG': 0.3, 'LQD': 0.2, 'GLD': 0.1}",0.0
1580169600000,2020-01-28,581481.505025201,"{'SPY': 0.4, 'HYG': 0.3, 'LQD': 0.2, 'GLD': 0.1}",0.0
1580256000000,2020-01-29,581880.1200476328,"{'SPY': 0.4, 'HYG': 0.3, 'LQD': 0.2, 'GLD': 0.1}",0.0
1580342400000,2020-01-30,582889.5213086179,"{'SPY': 0.4, 'HYG': 0.3, 'LQD': 0.2, 'GLD': 0.1}",0.0
1580428800000,2020-01-31,578580.366906746,"{'SPY': 0.4, 'HYG': 0.3, 'LQD': 0.2, 'GLD': 0.1}",0.0
1580688000000,2020-02-03,579804.6856534685,"{'SPY': 0.4, 'HYG': 0.3, 'LQD': 0.2, 'GLD': 0.1}",0.0
1580774400000,2020-02-04,583339.1658542721,"{'SPY': 0.4, 'HYG': 0.3, 'LQD': 0.2, 'GLD': 0.1}",0.0
1580860800000,2020-02-05,586752.3435858461,"{'SPY': 0.4, 'HYG': 0.3, 'LQD': 0.2, 'GLD': 0.1}",0.0
1580947200000,2020-02-06,587944.2300494219,"{'SPY': 0.4, 'HYG': 0.3, 'LQD': 0.2, 'GLD': 0.1}",0.0
1581033600000,2020-02-07,587037.6061336743,"{'SPY': 0.4, 'HYG': 0.3, 'LQD': 0.2, 'GLD': 0.1}",0.0
1581292800000,2020-02-10,589460.4006439775,"{'SPY': 0.4, 'HYG': 0.3, 'LQD': 0.2, 'GLD': 0.1}",0.0
1581379200000,2020-02-11,589615.4742780253,"{'SPY': 0.4, 'HYG': 0.3, 'LQD': 0.2, 'GLD': 0.1}",0.0
1581465600000,2020-02-12,591494.4429045029,"{'SPY': 0.4, 'HYG': 0.3, 'LQD': 0.2, 'GLD': 0.1}",0.0
1581552000000,2020-02-13,591557.7173987604,"{'SPY': 0.4, 'HYG': 0.3, 'LQD': 0.2, 'GLD': 0.1}",0.0
1581638400000,2020-02-14,592453.587817873,"{'SPY': 0.4, 'HYG': 0.3, 'LQD': 0.2, 'GLD': 0.1}",0.0
1581984000000,2020-02-18,592466.6088117129,"{'SPY': 0.4, 'HYG': 0.3, 'LQD': 0.2, 'GLD': 0.1}",0.0
1582070400000,2020-02-19,593863.1930277855,"{'SPY': 0.4, 'HYG': 0.3, 'LQD': 0.2, 'GLD': 0.1}",0.0
1582156800000,2020-02-20,593831.5471579611,"{'SPY': 0.4, 'HYG': 0.3, 'LQD': 0.2, 'GLD': 0.1}",0.0
1582243200000,2020-02-21,592351.1644874476,"{'SPY': 0.4, 'HYG': 0.3, 'LQD': 0.2, 'GLD': 0.1}",0.0
1582502400000,2020-02-24,583131.9965010845,"{'SPY': 0.4, 'HYG': 0.3, 'LQD': 0.2, 'GLD': 0.1}",0.0
1582588800000,2020-02-25,573915.2845840057,"{'SPY': 0.4, 'HYG': 0.3, 'LQD': 0.2, 'GLD': 0.1}",0.0
1582675200000,2020-02-26,573073.8412461715,"{'SPY': 0.4, 'HYG': 0.3, 'LQD': 0.2, 'GLD': 0.1}",0.0
1582761600000,2020-02-27,559863.7705250519,"{'SPY': 0.4, 'HYG': 0.3, 'LQD': 0.2, 'GLD': 0.1}",0.0
1582848000000,2020-02-28,558601.3989660883,"{'SPY': 0.6, 'QQQ': 0.2, 'HYG': 0.1, 'GLD': 0.1}",0.0
1583107200000,2020-03-02,579613.8025752906,"{'SPY': 0.6, 'QQQ': 0.2, 'HYG': 0.1, 'GLD': 0.1}",0.0
1583193600000,2020-03-03,567512.5780709549,"{'SPY': 0.6, 'QQQ': 0.2, 'HYG': 0.1, 'GLD': 0.1}",0.0
1583280000000,2020-03-04,587439.5315729161,"{'SPY': 0.6, 'QQQ': 0.2, 'HYG': 0.1, 'GLD': 0.1}",0.0
1583366400000,2020-03-05,572680.7240849606,"{'SPY': 0.6, 'QQQ': 0.2, 'HYG': 0.1, 'GLD': 0.1}",0.0
1583452800000,2020-03-06,564443.977858573,"{'SPY': 0.6, 'QQQ': 0.2, 'HYG': 0.1, 'GLD': 0.1}",0.0
1583712000000,2020-03-09,527818.4611021592,"{'SPY': 0.6, 'QQQ': 0.2, 'HYG': 0.1, 'GLD': 0.1}",0.0
1583798400000,2020-03-10,549650.3518232559,"{'SPY': 0.6, 'QQQ': 0.2, 'HYG': 0.1, 'GLD': 0.1}",0.0
1583884800000,2020-03-11,527392.7495781357,"{'SPY': 0.6, 'QQQ': 0.2, 'HYG': 0.1, 'GLD': 0.1}",0.0
1583971200000,2020-03-12,483234.79710522544,"{'SPY': 0.6, 'QQQ': 0.2, 'HYG': 0.1, 'GLD': 0.1}",0.0
1584057600000,2020-03-13,516251.8113005206,"{'SPY': 0.6, 'QQQ': 0.2, 'HYG': 0.1, 'GLD': 0.1}",0.0
1584316800000,2020-03-16,466561.0451026939,"{'SPY': 0.6, 'QQQ': 0.2, 'HYG': 0.1, 'GLD': 0.1}",0.0
1584403200000,2020-03-17,489822.6548299632,"{'SPY': 0.6, 'QQQ': 0.2, 'HYG': 0.1, 'GLD': 0.1}",0.0
1584489600000,2020-03-18,468824.77998050035,"{'SPY': 0.6, 'QQQ': 0.2, 'HYG': 0.1, 'GLD': 0.1}",0.0
1584576000000,2020-03-19,468045.5353226514,"{'SPY': 0.6, 'QQQ': 0.2, 'HYG': 0.1, 'GLD': 0.1}",0.0
1584662400000,2020-03-20,451928.5938683672,"{'SPY': 0.6, 'QQQ': 0.2, 'HYG': 0.1, 'GLD': 0.1}",0.0
1584921600000,2020-03-23,446331.7632500588,"{'SPY': 0.6, 'QQQ': 0.2, 'HYG': 0.1, 'GLD': 0.1}",0.0
1585008000000,2020-03-24,481514.37213127664,"{'SPY': 0.6, 'QQQ': 0.2, 'HYG': 0.1, 'GLD': 0.1}",0.0
1585094400000,2020-03-25,485821.5218149654,"{'SPY': 0.6, 'QQQ': 0.2, 'HYG': 0.1, 'GLD': 0.1}",0.0
1585180800000,2020-03-26,510803.1201021967,"{'SPY': 0.6, 'QQQ': 0.2, 'HYG': 0.1, 'GLD': 0.1}",0.0
1585267200000,2020-03-27,497963.7184552079,"{'SPY': 0.6, 'QQQ': 0.2, 'HYG': 0.1, 'GLD': 0.1}",0.0
1585526400000,2020-03-30,511935.12181651086,"{'SPY': 0.6, 'QQQ': 0.2, 'HYG': 0.1, 'GLD': 0.1}",0.0
1585612800000,2020-03-31,504443.48448127677,"{'SPY': 0.6, 'QQQ': 0.2, 'HYG': 0.1, 'GLD': 0.1}",0.0
1585699200000,2020-04-01,485627.6072180938,"{'SPY': 0.6, 'QQQ': 0.2, 'HYG': 0.1, 'GLD': 0.1}",0.0
1585785600000,2020-04-02,495496.1986237991,"{'SPY': 0.6, 'QQQ': 0.2, 'HYG': 0.1, 'GLD': 0.1}",0.0
1585872000000,2020-04-03,488975.7633251921,"{'SPY': 0.6, 'QQQ': 0.2, 'HYG': 0.1, 'GLD': 0.1}",0.0
1586131200000,2020-04-06,518218.24462859466,"{'SPY': 0.6, 'QQQ': 0.2, 'HYG': 0.1, 'GLD': 0.1}",0.0
1586217600000,2020-04-07,518215.4446970313,"{'SPY': 0.6, 'QQQ': 0.2, 'HYG': 0.1, 'GLD': 0.1}",0.0
1586304000000,2020-04-08,531740.056199787,"{'SPY': 0.6, 'QQQ': 0.2, 'HYG': 0.1, 'GLD': 0.1}",0.0
1586390400000,2020-04-09,541618.622227881,"{'SPY': 0.6, 'QQQ': 0.2, 'HYG': 0.1, 'GLD': 0.1}",0.0
1586736000000,2020-04-13,539974.2537343137,"{'SPY': 0.6, 'QQQ': 0.2, 'HYG': 0.1, 'GLD': 0.1}",0.0
1586822400000,2020-04-14,554877.2410462468,"{'SPY': 0.6, 'QQQ': 0.2, 'HYG': 0.1, 'GLD': 0.1}",0.0
1586908800000,2020-04-15,545729.9311303116,"{'SPY': 0.6, 'QQQ': 0.2, 'HYG': 0.1, 'GLD': 0.1}",0.0
1586995200000,2020-04-16,549199.0967566028,"{'SPY': 0.6, 'QQQ': 0.2, 'HYG': 0.1, 'GLD': 0.1}",0.0
1587081600000,2020-04-17,558364.7231540326,"{'SPY': 0.6, 'QQQ': 0.2, 'HYG': 0.1, 'GLD': 0.1}",0.0
1587340800000,2020-04-20,550697.4226340101,"{'SPY': 0.6, 'QQQ': 0.2, 'HYG': 0.1, 'GLD': 0.1}",0.0
1587427200000,2020-04-21,535218.26027298,"{'SPY': 0.6, 'QQQ': 0.2, 'HYG': 0.1, 'GLD': 0.1}",0.0
1587513600000,2020-04-22,547045.823121755,"{'SPY': 0.6, 'QQQ': 0.2, 'HYG': 0.1, 'GLD': 0.1}",0.0
1587600000000,2020-04-23,547305.9328830679,"{'SPY': 0.6, 'QQQ': 0.2, 'HYG': 0.1, 'GLD': 0.1}",0.0
1587686400000,2020-04-24,552862.6354036739,"{'SPY': 0.6, 'QQQ': 0.2, 'HYG': 0.1, 'GLD': 0.1}",0.0
1587945600000,2020-04-27,558393.6157288906,"{'SPY': 0.6, 'QQQ': 0.2, 'HYG': 0.1, 'GLD': 0.1}",0.0
1588032000000,2020-04-28,554670.9503568333,"{'SPY': 0.6, 'QQQ': 0.2, 'HYG': 0.1, 'GLD': 0.1}",0.0
1588118400000,2020-04-29,568601.5489688795,"{'SPY': 0.6, 'QQQ': 0.2, 'HYG': 0.1, 'GLD': 0.1}",0.0
1588204800000,2020-04-30,563953.5920950928,"{'TLT': 0.6, 'SHY': 0.2, 'GLD': 0.2}",0.0
1588291200000,2020-05-01,567380.6551530906,"{'TLT': 0.6, 'SHY': 0.2, 'GLD': 0.2}",0.0
1588550400000,2020-05-04,566176.898876247,"{'TLT': 0.6, 'SHY': 0.2, 'GLD': 0.2}",0.0
1588636800000,2020-05-05,564469.7595959243,"{'TLT': 0.6, 'SHY': 0.2, 'GLD': 0.2}",0.0
1588723200000,2020-05-06,557592.5773751577,"{'TLT': 0.6, 'SHY': 0.2, 'GLD': 0.2}",0.0
1588809600000,2020-05-07,564971.1347394419,"{'TLT': 0.6, 'SHY': 0.2, 'GLD': 0.2}",0.0
1588896000000,2020-05-08,559858.6238051362,"{'TLT': 0.6, 'SHY': 0.2, 'GLD': 0.2}",0.0
1589155200000,2020-05-11,556499.8434495538,"{'TLT': 0.6, 'SHY': 0.2, 'GLD': 0.2}",0.0
1589241600000,2020-05-12,560385.4972860607,"{'TLT': 0.6, 'SHY': 0.2, 'GLD': 0.2}",0.0
1589328000000,2020-05-13,563816.473216086,"{'TLT': 0.6, 'SHY': 0.2, 'GLD': 0.2}",0.0
1589414400000,2020-05-14,568099.3570090549,"{'TLT': 0.6, 'SHY': 0.2, 'GLD': 0.2}",0.0
1589500800000,2020-05-15,567929.3713966497,"{'TLT': 0.6, 'SHY': 0.2, 'GLD': 0.2}",0.0
1589760000000,2020-05-18,559497.1716420014,"{'TLT': 0.6, 'SHY': 0.2, 'GLD': 0.2}",0.0
1589846400000,2020-05-19,561897.8277689816,"{'TLT': 0.6, 'SHY': 0.2, 'GLD': 0.2}",0.0
1589932800000,2020-05-20,563173.9645027377,"{'TLT': 0.6, 'SHY': 0.2, 'GLD': 0.2}",0.0
1590019200000,2020-05-21,562350.0924294877,"{'TLT': 0.6, 'SHY': 0.2, 'GLD': 0.2}",0.0
1590105600000,2020-05-22,565045.4542601852,"{'TLT': 0.6, 'SHY': 0.2, 'GLD': 0.2}",0.0
1590451200000,2020-05-26,558892.717778227,"{'TLT': 0.6, 'SHY': 0.2, 'GLD': 0.2}",0.0
1590537600000,2020-05-27,558452.6582916159,"{'TLT': 0.6, 'SHY': 0.2, 'GLD': 0.2}",0.0
1590624000000,2020-05-28,557645.1734268013,"{'TLT': 0.6, 'SHY': 0.2, 'GLD': 0.2}",0.0
1590710400000,2020-05-29,560855.1684696045,"{'TLT': 0.6, 'SHY': 0.2, 'GLD': 0.2}",0.0
1590969600000,2020-06-01,559092.8909549647,"{'TLT': 0.6, 'SHY': 0.2, 'GLD': 0.2}",0.0
1591056000000,2020-06-02,557149.1207334392,"{'TLT': 0.6, 'SHY': 0.2, 'GLD': 0.2}",0.0
1591142400000,2020-06-03,550558.07648855,"{'TLT': 0.6, 'SHY': 0.2, 'GLD': 0.2}",0.0
1591228800000,2020-06-04,546959.578454576,"{'TLT': 0.6, 'SHY': 0.2, 'GLD': 0.2}",0.0
1591315200000,2020-06-05,542366.1072644232,"{'TLT': 0.6, 'SHY': 0.2, 'GLD': 0.2}",0.0
1591574400000,2020-06-08,544765.6070214934,"{'TLT': 0.6, 'SHY': 0.2, 'GLD': 0.2}",0.0
1591660800000,2020-06-09,549566.6061875498,"{'TLT': 0.6, 'SHY': 0.2, 'GLD': 0.2}",0.0
1591747200000,2020-06-10,556093.7787618255,"{'TLT': 0.6, 'SHY': 0.2, 'GLD': 0.2}",0.0
1591833600000,2020-06-11,561546.4364237747,"{'TLT': 0.6, 'SHY': 0.2, 'GLD': 0.2}",0.0
1591920000000,2020-06-12,558495.8166506935,"{'TLT': 0.6, 'SHY': 0.2, 'GLD': 0.2}",0.0
1592179200000,2020-06-15,558456.8356285024,"{'TLT': 0.6, 'SHY': 0.2, 'GLD': 0.2}",0.0
1592265600000,2020-06-16,553251.0363225153,"{'TLT': 0.6, 'SHY': 0.2, 'GLD': 0.2}",0.0
1592352000000,2020-06-17,554871.0072006516,"{'TLT': 0.6, 'SHY': 0.2, 'GLD': 0.2}",0.0
1592438400000,2020-06-18,558164.6425495906,"{'TLT': 0.6, 'SHY': 0.2, 'GLD': 0.2}",0.0
1592524800000,2020-06-19,559690.3860010996,"{'TLT': 0.6, 'SHY': 0.2, 'GLD': 0.2}",0.0
1592784000000,2020-06-22,560429.3156801302,"{'TLT': 0.6, 'SHY': 0.2, 'GLD': 0.2}",0.0
1592870400000,2020-06-23,559100.7530767249,"{'TLT': 0.6, 'SHY': 0.2, 'GLD': 0.2}",0.0
1592956800000,2020-06-24,562322.1335015177,"{'TLT': 0.6, 'SHY': 0.2, 'GLD': 0.2}",0.0
1593043200000,2020-06-25,563226.8026855325,"{'TLT': 0.6, 'SHY': 0.2, 'GLD': 0.2}",0.0
1593129600000,2020-06-26,567385.779886264,"{'TLT': 0.6, 'SHY': 0.2, 'GLD': 0.2}",0.0
1593388800000,2020-06-29,566401.9863395564,"{'TLT': 0.6, 'SHY': 0.2, 'GLD': 0.2}",0.0
1593475200000,2020-06-30,565241.6768499697,"{'TLT': 0.6, 'SHY': 0.2, 'GLD': 0.2}",0.0
1593561600000,2020-07-01,564038.535458502,"{'TLT': 0.6, 'SHY': 0.2, 'GLD': 0.2}",0.0
1593648000000,2020-07-02,564686.5236141665,"{'TLT': 0.6, 'SHY': 0.2, 'GLD': 0.2}",0.0
1593993600000,2020-07-06,563936.0448709521,"{'TLT': 0.6, 'SHY': 0.2, 'GLD': 0.2}",0.0
1594080000000,2020-07-07,569429.8484032591,"{'TLT': 0.6, 'SHY': 0.2, 'GLD': 0.2}",0.0
1594166400000,2020-07-08,568772.216792767,"{'TLT': 0.6, 'SHY': 0.2, 'GLD': 0.2}",0.0
1594252800000,2020-07-09,573924.580849528,"{'TLT': 0.6, 'SHY': 0.2, 'GLD': 0.2}",0.0
1594339200000,2020-07-10,571856.7890682063,"{'TLT': 0.6, 'SHY': 0.2, 'GLD': 0.2}",0.0
1594598400000,2020-07-13,573133.3573621593,"{'TLT': 0.6, 'SHY': 0.2, 'GLD': 0.2}",0.0
1594684800000,2020-07-14,574175.660933065,"{'TLT': 0.6, 'SHY': 0.2, 'GLD': 0.2}",0.0
1594771200000,2020-07-15,572682.188203727,"{'TLT': 0.6, 'SHY': 0.2, 'GLD': 0.2}",0.0
1594857600000,2020-07-16,573231.4782089527,"{'TLT': 0.6, 'SHY': 0.2, 'GLD': 0.2}",0.0
1594944000000,2020-07-17,573482.2447869832,"{'TLT': 0.6, 'SHY': 0.2, 'GLD': 0.2}",0.0
1595203200000,2020-07-20,574854.3670920653,"{'TLT': 0.6, 'SHY': 0.2, 'GLD': 0.2}",0.0
1595289600000,2020-07-21,576472.9142841063,"{'TLT': 0.6, 'SHY': 0.2, 'GLD': 0.2}",0.0
1595376000000,2020-07-22,579245.9745858109,"{'TLT': 0.6, 'SHY': 0.2, 'GLD': 0.2}",0.0
1595462400000,2020-07-23,584328.2773125484,"{'TLT': 0.6, 'SHY': 0.2, 'GLD': 0.2}",0.0
1595548800000,2020-07-24,585323.7100090242,"{'TLT': 0.6, 'SHY': 0.2, 'GLD': 0.2}",0.0
1595808000000,2020-07-27,586292.1846107214,"{'TLT': 0.6, 'SHY': 0.2, 'GLD': 0.2}",0.0
1595894400000,2020-07-28,589731.1211454677,"{'TLT': 0.6, 'SHY': 0.2, 'GLD': 0.2}",0.0
1595980800000,2020-07-29,590041.6177211509,"{'TLT': 0.6, 'SHY': 0.2, 'GLD': 0.2}",0.0
1596067200000,2020-07-30,591541.7619920854,"{'TLT': 0.6, 'SHY': 0.2, 'GLD': 0.2}",0.0
1596153600000,2020-07-31,592402.2660255361,"{'TLT': 0.6, 'SHY': 0.2, 'GLD': 0.2}",0.0
1596412800000,2020-08-03,590746.7734365833,"{'TLT': 0.6, 'SHY': 0.2, 'GLD': 0.2}",0.0
1596499200000,2020-08-04,596653.2279321894,"{'TLT': 0.6, 'SHY': 0.2, 'GLD': 0.2}",0.0
1596585600000,2020-08-05,594603.6358111247,"{'TLT': 0.6, 'SHY': 0.2, 'GLD': 0.2}",0.0
1596672000000,2020-08-06,598174.9343228721,"{'TLT': 0.6, 'SHY': 0.2, 'GLD': 0.2}",0.0
1596758400000,2020-08-07,593868.3743889324,"{'TLT': 0.6, 'SHY': 0.2, 'GLD': 0.2}",0.0
1597017600000,2020-08-10,591835.8278312507,"{'TLT': 0.6, 'SHY': 0.2, 'GLD': 0.2}",0.0
1597104000000,2020-08-11,581232.5763235398,"{'TLT': 0.6, 'SHY': 0.2, 'GLD': 0.2}",0.0
1597190400000,2020-08-12,577490.8789269474,"{'TLT': 0.6, 'SHY': 0.2, 'GLD': 0.2}",0.0
1597276800000,2020-08-13,576501.7589459714,"{'TLT': 0.6, 'SHY': 0.2, 'GLD': 0.2}",0.0
1597363200000,2020-08-14,574666.7591032175,"{'TLT': 0.6, 'SHY': 0.2, 'GLD': 0.2}",0.0
1597622400000,2020-08-17,578039.7972765751,"{'TLT': 0.6, 'SHY': 0.2, 'GLD': 0.2}",0.0
1597708800000,2020-08-18,581575.2149553756,"{'TLT': 0.6, 'SHY': 0.2, 'GLD': 0.2}",0.0
1597795200000,2020-08-19,575721.9982872665,"{'TLT': 0.6, 'SHY': 0.2, 'GLD': 0.2}",0.0
1597881600000,2020-08-20,579640.7976014245,"{'TLT': 0.6, 'SHY': 0.2, 'GLD': 0.2}",0.0
1597968000000,2020-08-21,580782.5859840492,"{'TLT': 0.6, 'SHY': 0.2, 'GLD': 0.2}",0.0
1598227200000,2020-08-24,579545.7533875195,"{'TLT': 0.6, 'SHY': 0.2, 'GLD': 0.2}",0.0
1598313600000,2020-08-25,577038.612339734,"{'TLT': 0.6, 'SHY': 0.2, 'GLD': 0.2}",0.0
1598400000000,2020-08-26,577076.8846949458,"{'TLT': 0.6, 'SHY': 0.2, 'GLD': 0.2}",0.0
1598486400000,2020-08-27,569839.7423021834,"{'TLT': 0.6, 'SHY': 0.2, 'GLD': 0.2}",0.0
1598572800000,2020-08-28,571605.7751622115,"{'TLT': 0.6, 'SHY': 0.2, 'GLD': 0.2}",0.0
1598832000000,2020-08-31,573678.8299483627,"{'SPY': 0.6, 'QQQ': 0.2, 'HYG': 0.1, 'GLD': 0.1}",0.0
1598918400000,2020-09-01,579262.4747469663,"{'SPY': 0.6, 'QQQ': 0.2, 'HYG': 0.1, 'GLD': 0.1}",0.0
1599004800000,2020-09-02,584693.8117872969,"{'SPY': 0.6, 'QQQ': 0.2, 'HYG': 0.1, 'GLD': 0.1}",0.0
1599091200000,2020-09-03,565854.5720704229,"{'SPY': 0.6, 'QQQ': 0.2, 'HYG': 0.1, 'GLD': 0.1}",0.0
1599177600000,2020-09-04,561577.0463689032,"{'SPY': 0.6, 'QQQ': 0.2, 'HYG': 0.1, 'GLD': 0.1}",0.0
1599523200000,2020-09-08,546551.7629028655,"{'SPY': 0.6, 'QQQ': 0.2, 'HYG': 0.1, 'GLD': 0.1}",0.0
1599609600000,2020-09-09,557198.52957052,"{'SPY': 0.6, 'QQQ': 0.2, 'HYG': 0.1, 'GLD': 0.1}",0.0
1599696000000,2020-09-10,548729.1007113713,"{'SPY': 0.6, 'QQQ': 0.2, 'HYG': 0.1, 'GLD': 0.1}",0.0
1599782400000,2020-09-11,548242.6865469709,"{'SPY': 0.6, 'QQQ': 0.2, 'HYG': 0.1, 'GLD': 0.1}",0.0
1600041600000,2020-09-14,554859.1672844815,"{'SPY': 0.6, 'QQQ': 0.2, 'HYG': 0.1, 'GLD': 0.1}",0.0
1600128000000,2020-09-15,558132.4955908512,"{'SPY': 0.6, 'QQQ': 0.2, 'HYG': 0.1, 'GLD': 0.1}",0.0
1600214400000,2020-09-16,555181.7066338575,"{'SPY': 0.6, 'QQQ': 0.2, 'HYG': 0.1, 'GLD': 0.1}",0.0
1600300800000,2020-09-17,550153.5290251925,"{'SPY': 0.6, 'QQQ': 0.2, 'HYG': 0.1, 'GLD': 0.1}",0.0
1600387200000,2020-09-18,544884.36045562,"{'SPY': 0.6, 'QQQ': 0.2, 'HYG': 0.1, 'GLD': 0.1}",0.0
1600646400000,2020-09-21,539972.93450684,"{'SPY': 0.6, 'QQQ': 0.2, 'HYG': 0.1, 'GLD': 0.1}",0.0
1600732800000,2020-09-22,545204.6172694954,"{'SPY': 0.6, 'QQQ': 0.2, 'HYG': 0.1, 'GLD': 0.1}",0.0
1600819200000,2020-09-23,532558.463002854,"{'SPY': 0.6, 'QQQ': 0.2, 'HYG': 0.1, 'GLD': 0.1}",0.0
1600905600000,2020-09-24,534136.3006681174,"{'SPY': 0.6, 'QQQ': 0.2, 'HYG': 0.1, 'GLD': 0.1}",0.0
1600992000000,2020-09-25,541552.4481456035,"{'SPY': 0.6, 'QQQ': 0.2, 'HYG': 0.1, 'GLD': 0.1}",0.0
1601251200000,2020-09-28,550096.1880491802,"{'SPY': 0.6, 'QQQ': 0.2, 'HYG': 0.1, 'GLD': 0.1}",0.0
1601337600000,2020-09-29,548312.5435924039,"{'SPY': 0.6, 'QQQ': 0.2, 'HYG': 0.1, 'GLD': 0.1}",0.0
1601424000000,2020-09-30,551451.7702504284,"{'SPY': 0.6, 'QQQ': 0.2, 'HYG': 0.1, 'GLD': 0.1}",0.0
1601510400000,2020-10-01,556008.0714398355,"{'SPY': 0.6, 'QQQ': 0.2, 'HYG': 0.1, 'GLD': 0.1}",0.0
1601596800000,2020-10-02,549662.5038655783,"{'SPY': 0.6, 'QQQ': 0.2, 'HYG': 0.1, 'GLD': 0.1}",0.0
1601856000000,2020-10-05,558536.2111895906,"{'SPY': 0.6, 'QQQ': 0.2, 'HYG': 0.1, 'GLD': 0.1}",0.0
1601942400000,2020-10-06,550996.0440168187,"{'SPY': 0.6, 'QQQ': 0.2, 'HYG': 0.1, 'GLD': 0.1}",0.0
1602028800000,2020-10-07,558828.2389028659,"{'SPY': 0.6, 'QQQ': 0.2, 'HYG': 0.1, 'GLD': 0.1}",0.0
1602115200000,2020-10-08,562718.9749921358,"{'SPY': 0.6, 'QQQ': 0.2, 'HYG': 0.1, 'GLD': 0.1}",0.0
1602201600000,2020-10-09,568601.8666904335,"{'SPY': 0.6, 'QQQ': 0.2, 'HYG': 0.1, 'GLD': 0.1}",0.0
1602460800000,2020-10-12,577725.4770046616,"{'SPY': 0.6, 'QQQ': 0.2, 'HYG': 0.1, 'GLD': 0.1}",0.0
1602547200000,2020-10-13,574293.529560197,"{'SPY': 0.6, 'QQQ': 0.2, 'HYG': 0.1, 'GLD': 0.1}",0.0
1602633600000,2020-10-14,571204.9637838503,"{'SPY': 0.6, 'QQQ': 0.2, 'HYG': 0.1, 'GLD': 0.1}",0.0
1602720000000,2020-10-15,570182.612494354,"{'SPY': 0.6, 'QQQ': 0.2, 'HYG': 0.1, 'GLD': 0.1}",0.0
1602806400000,2020-10-16,569085.8456692162,"{'SPY': 0.6, 'QQQ': 0.2, 'HYG': 0.1, 'GLD': 0.1}",0.0
1603065600000,2020-10-19,561863.6237834023,"{'SPY': 0.6, 'QQQ': 0.2, 'HYG': 0.1, 'GLD': 0.1}",0.0
1603152000000,2020-10-20,563926.2257086934,"{'SPY': 0.6, 'QQQ': 0.2, 'HYG': 0.1, 'GLD': 0.1}",0.0
1603238400000,2020-10-21,563616.5898993128,"{'SPY': 0.6, 'QQQ': 0.2, 'HYG': 0.1, 'GLD': 0.1}",0.0
1603324800000,2020-10-22,565015.0925899447,"{'SPY': 0.6, 'QQQ': 0.2, 'HYG': 0.1, 'GLD': 0.1}",0.0
1603411200000,2020-10-23,566395.4835818168,"{'SPY': 0.6, 'QQQ': 0.2, 'HYG': 0.1, 'GLD': 0.1}",0.0
1603670400000,2020-10-26,557887.4591815204,"{'SPY': 0.6, 'QQQ': 0.2, 'HYG': 0.1, 'GLD': 0.1}",0.0
1603756800000,2020-10-27,557778.1139046234,"{'SPY': 0.6, 'QQQ': 0.2, 'HYG': 0.1, 'GLD': 0.1}",0.0
1603843200000,2020-10-28,540625.9853075412,"{'SPY': 0.6, 'QQQ': 0.2, 'HYG': 0.1, 'GLD': 0.1}",0.0
1603929600000,2020-10-29,545744.8270344699,"{'SPY': 0.6, 'QQQ': 0.2, 'HYG': 0.1, 'GLD': 0.1}",0.0
1604016000000,2020-10-30,539929.2211832764,"{'SPY': 0.6, 'QQQ': 0.2, 'HYG': 0.1, 'GLD': 0.1}",0.0
1604275200000,2020-11-02,544453.4671244252,"{'SPY': 0.6, 'QQQ': 0.2, 'HYG': 0.1, 'GLD': 0.1}",0.0
1604361600000,2020-11-03,552882.050447059,"{'SPY': 0.6, 'QQQ': 0.2, 'HYG': 0.1, 'GLD': 0.1}",0.0
1604448000000,2020-11-04,565718.3111330209,"{'SPY': 0.6, 'QQQ': 0.2, 'HYG': 0.1, 'GLD': 0.1}",0.0
1604534400000,2020-11-05,576787.21092918,"{'SPY': 0.6, 'QQQ': 0.2, 'HYG': 0.1, 'GLD': 0.1}",0.0
1604620800000,2020-11-06,576674.0752784286,"{'SPY': 0.6, 'QQQ': 0.2, 'HYG': 0.1, 'GLD': 0.1}",0.0
1604880000000,2020-11-09,576551.9232907542,"{'SPY': 0.6, 'QQQ': 0.2, 'HYG': 0.1, 'GLD': 0.1}",0.0
1604966400000,2020-11-10,574089.3910891566,"{'SPY': 0.6, 'QQQ': 0.2, 'HYG': 0.1, 'GLD': 0.1}",0.0
1605052800000,2020-11-11,578948.055277794,"{'SPY': 0.6, 'QQQ': 0.2, 'HYG': 0.1, 'GLD': 0.1}",0.0
1605139200000,2020-11-12,574993.8992838783,"{'SPY': 0.6, 'QQQ': 0.2, 'HYG': 0.1, 'GLD': 0.1}",0.0
1605225600000,2020-11-13,581367.0465074936,"{'SPY': 0.6, 'QQQ': 0.2, 'HYG': 0.1, 'GLD': 0.1}",0.0
1605484800000,2020-11-16,586951.8095319301,"{'SPY': 0.6, 'QQQ': 0.2, 'HYG': 0.1, 'GLD': 0.1}",0.0
1605571200000,2020-11-17,584490.4339585754,"{'SPY': 0.6, 'QQQ': 0.2, 'HYG': 0.1, 'GLD': 0.1}",0.0
1605657600000,2020-11-18,578962.778232006,"{'SPY': 0.6, 'QQQ': 0.2, 'HYG': 0.1, 'GLD': 0.1}",0.0
1605744000000,2020-11-19,581418.0834028383,"{'SPY': 0.6, 'QQQ': 0.2, 'HYG': 0.1, 'GLD': 0.1}",0.0
1605830400000,2020-11-20,578301.8033754912,"{'SPY': 0.6, 'QQQ': 0.2, 'HYG': 0.1, 'GLD': 0.1}",0.0
1606089600000,2020-11-23,579334.2783327214,"{'SPY': 0.6, 'QQQ': 0.2, 'HYG': 0.1, 'GLD': 0.1}",0.0
1606176000000,2020-11-24,585850.2567325475,"{'SPY': 0.6, 'QQQ': 0.2, 'HYG': 0.1, 'GLD': 0.1}",0.0
1606262400000,2020-11-25,585973.7774224479,"{'SPY': 0.6, 'QQQ': 0.2, 'HYG': 0.1, 'GLD': 0.1}",0.0
1606435200000,2020-11-27,587533.3512716931,"{'SPY': 0.6, 'QQQ': 0.2, 'HYG': 0.1, 'GLD': 0.1}",0.0
1606694400000,2020-11-30,585759.053613327,"{'SPY': 0.6, 'QQQ': 0.2, 'HYG': 0.1, 'GLD': 0.1}",0.0
1606780800000,2020-12-01,592488.6100772481,"{'SPY': 0.6, 'QQQ': 0.2, 'HYG': 0.1, 'GLD': 0.1}",0.0
1606867200000,2020-12-02,593999.3841975147,"{'SPY': 0.6, 'QQQ': 0.2, 'HYG': 0.1, 'GLD': 0.1}",0.0
1606953600000,2020-12-03,594572.4187130756,"{'SPY': 0.6, 'QQQ': 0.2, 'HYG': 0.1, 'GLD': 0.1}",0.0
1607040000000,2020-12-04,598210.2031575606,"{'SPY': 0.6, 'QQQ': 0.2, 'HYG': 0.1, 'GLD': 0.1}",0.0
1607299200000,2020-12-07,599014.70809597,"{'SPY': 0.6, 'QQQ': 0.2, 'HYG': 0.1, 'GLD': 0.1}",0.0
1607385600000,2020-12-08,600632.5024246242,"{'SPY': 0.6, 'QQQ': 0.2, 'HYG': 0.1, 'GLD': 0.1}",0.0
1607472000000,2020-12-09,593563.8586083539,"{'SPY': 0.6, 'QQQ': 0.2, 'HYG': 0.1, 'GLD': 0.1}",0.0
1607558400000,2020-12-10,593920.1175811815,"{'SPY': 0.6, 'QQQ': 0.2, 'HYG': 0.1, 'GLD': 0.1}",0.0
1607644800000,2020-12-11,593288.028172836,"{'SPY': 0.6, 'QQQ': 0.2, 'HYG': 0.1, 'GLD': 0.1}",0.0
1607904000000,2020-12-14,592242.0758477305,"{'SPY': 0.6, 'QQQ': 0.2, 'HYG': 0.1, 'GLD': 0.1}",0.0
1607990400000,2020-12-15,599325.3357591158,"{'SPY': 0.6, 'QQQ': 0.2, 'HYG': 0.1, 'GLD': 0.1}",0.0
1608076800000,2020-12-16,600790.0577582086,"{'SPY': 0.6, 'QQQ': 0.2, 'HYG': 0.1, 'GLD': 0.1}",0.0
1608163200000,2020-12-17,604313.0752104388,"{'SPY': 0.6, 'QQQ': 0.2, 'HYG': 0.1, 'GLD': 0.1}",0.0
1608249600000,2020-12-18,602446.2250986577,"{'SPY': 0.6, 'QQQ': 0.2, 'HYG': 0.1, 'GLD': 0.1}",0.0
1608508800000,2020-12-21,600521.8309599732,"{'SPY': 0.6, 'QQQ': 0.2, 'HYG': 0.1, 'GLD': 0.1}",0.0
1608595200000,2020-12-22,599842.9753087902,"{'SPY': 0.6, 'QQQ': 0.2, 'HYG': 0.1, 'GLD': 0.1}",0.0
1608681600000,2020-12-23,600231.4249703524,"{'SPY': 0.6, 'QQQ': 0.2, 'HYG': 0.1, 'GLD': 0.1}",0.0
1608768000000,2020-12-24,602525.8494434637,"{'SPY': 0.6, 'QQQ': 0.2, 'HYG': 0.1, 'GLD': 0.1}",0.0
1609113600000,2020-12-28,606703.4949833497,"{'SPY': 0.6, 'QQQ': 0.2, 'HYG': 0.1, 'GLD': 0.1}",0.0
1609200000000,2020-12-29,606262.1891153483,"{'SPY': 0.6, 'QQQ': 0.2, 'HYG': 0.1, 'GLD': 0.1}",0.0
1609286400000,2020-12-30,607374.4445542394,"{'SPY': 0.6, 'QQQ': 0.2, 'HYG': 0.1, 'GLD': 0.1}",0.0
1609372800000,2020-12-31,609799.2414914867,"{'SPY': 0.6, 'QQQ': 0.2, 'HYG': 0.1, 'GLD': 0.1}",0.0
1609718400000,2021-01-04,604327.828094124,"{'SPY': 0.6, 'QQQ': 0.2, 'HYG': 0.1, 'GLD': 0.1}",0.0
1609804800000,2021-01-05,608021.2761263571,"{'SPY': 0.6, 'QQQ': 0.2, 'HYG': 0.1, 'GLD': 0.1}",0.0
1609891200000,2021-01-06,607418.693416527,"{'SPY': 0.6, 'QQQ': 0.2, 'HYG': 0.1, 'GLD': 0.1}",0.0
1609977600000,2021-01-07,615805.1596444473,"{'SPY': 0.6, 'QQQ': 0.2, 'HYG': 0.1, 'GLD': 0.1}",0.0
1610064000000,2021-01-08,617479.0749061301,"{'SPY': 0.6, 'QQQ': 0.2, 'HYG': 0.1, 'GLD': 0.1}",0.0
1610323200000,2021-01-11,612743.9347374489,"{'SPY': 0.6, 'QQQ': 0.2, 'HYG': 0.1, 'GLD': 0.1}",0.0
1610409600000,2021-01-12,613100.9492855554,"{'SPY': 0.6, 'QQQ': 0.2, 'HYG': 0.1, 'GLD': 0.1}",0.0
1610496000000,2021-01-13,614838.7895693029,"{'SPY': 0.6, 'QQQ': 0.2, 'HYG': 0.1, 'GLD': 0.1}",0.0
1610582400000,2021-01-14,612843.3346805482,"{'SPY': 0.6, 'QQQ': 0.2, 'HYG': 0.1, 'GLD': 0.1}",0.0
1610668800000,2021-01-15,608332.0995558924,"{'SPY': 0.6, 'QQQ': 0.2, 'HYG': 0.1, 'GLD': 0.1}",0.0
1611014400000,2021-01-19,613663.2272219957,"{'SPY': 0.6, 'QQQ': 0.2, 'HYG': 0.1, 'GLD': 0.1}",0.0
1611100800000,2021-01-20,622725.1873197163,"{'SPY': 0.6, 'QQQ': 0.2, 'HYG': 0.1, 'GLD': 0.1}",0.0
1611187200000,2021-01-21,623987.3906754255,"{'SPY': 0.6, 'QQQ': 0.2, 'HYG': 0.1, 'GLD': 0.1}",0.0
1611273600000,2021-01-22,621690.374942233,"{'SPY': 0.6, 'QQQ': 0.2, 'HYG': 0.1, 'GLD': 0.1}",0.0
1611532800000,2021-01-25,624256.9416498903,"{'SPY': 0.6, 'QQQ': 0.2, 'HYG': 0.1, 'GLD': 0.1}",0.0
1611619200000,2021-01-26,623607.839005949,"{'SPY': 0.6, 'QQQ': 0.2, 'HYG': 0.1, 'GLD': 0.1}",0.0
1611705600000,2021-01-27,610412.3557155395,"{'SPY': 0.6, 'QQQ': 0.2, 'HYG': 0.1, 'GLD': 0.1}",0.0
1611792000000,2021-01-28,614523.6609919072,"{'SPY': 0.6, 'QQQ': 0.2, 'HYG': 0.1, 'GLD': 0.1}",0.0
1611878400000,2021-01-29,604369.6118569679,"{'SPY': 0.6, 'QQQ': 0.2, 'HYG': 0.1, 'GLD': 0.1}",0.0
1612137600000,2021-02-01,614186.9001572591,"{'SPY': 0.6, 'QQQ': 0.2, 'HYG': 0.1, 'GLD': 0.1}",0.0
1612224000000,2021-02-02,620802.7694694278,"{'SPY': 0.6, 'QQQ': 0.2, 'HYG': 0.1, 'GLD': 0.1}",0.0
1612310400000,2021-02-03,620559.1264148104,"{'SPY': 0.6, 'QQQ': 0.2, 'HYG': 0.1, 'GLD': 0.1}",0.0
1612396800000,2021-02-04,625050.8477075531,"{'SPY': 0.6, 'QQQ': 0.2, 'HYG': 0.1, 'GLD': 0.1}",0.0
1612483200000,2021-02-05,627660.9512424573,"{'SPY': 0.6, 'QQQ': 0.2, 'HYG': 0.1, 'GLD': 0.1}",0.0
1612742400000,2021-02-08,632040.2824126701,"{'SPY': 0.6, 'QQQ': 0.2, 'HYG': 0.1, 'GLD': 0.1}",0.0
1612828800000,2021-02-09,631852.3866091428,"{'SPY': 0.6, 'QQQ': 0.2, 'HYG': 0.1, 'GLD': 0.1}",0.0
1612915200000,2021-02-10,631616.1742231584,"{'SPY': 0.6, 'QQQ': 0.2, 'HYG': 0.1, 'GLD': 0.1}",0.0
1613001600000,2021-02-11,632403.1513504027,"{'SPY': 0.6, 'QQQ': 0.2, 'HYG': 0.1, 'GLD': 0.1}",0.0
1613088000000,2021-02-12,634893.4028290503,"{'SPY': 0.6, 'QQQ': 0.2, 'HYG': 0.1, 'GLD': 0.1}",0.0
1613433600000,2021-02-16,633207.6020392971,"{'SPY': 0.6, 'QQQ': 0.2, 'HYG': 0.1, 'GLD': 0.1}",0.0
1613520000000,2021-02-17,631946.6080290837,"{'SPY': 0.6, 'QQQ': 0.2, 'HYG': 0.1, 'GLD': 0.1}",0.0
1613606400000,2021-02-18,629689.843661435,"{'SPY': 0.6, 'QQQ': 0.2, 'HYG': 0.1, 'GLD': 0.1}",0.0
1613692800000,2021-02-19,628741.7594784837,"{'SPY': 0.6, 'QQQ': 0.2, 'HYG': 0.1, 'GLD': 0.1}",0.0
1613952000000,2021-02-22,623327.8904639358,"{'SPY': 0.6, 'QQQ': 0.2, 'HYG': 0.1, 'GLD': 0.1}",0.0
1614038400000,2021-02-23,623417.654405075,"{'SPY': 0.6, 'QQQ': 0.2, 'HYG': 0.1, 'GLD': 0.1}",0.0
1614124800000,2021-02-24,628587.1273444631,"{'SPY': 0.6, 'QQQ': 0.2, 'HYG': 0.1, 'GLD': 0.1}",0.0
1614211200000,2021-02-25,613337.6929410729,"{'SPY': 0.6, 'QQQ': 0.2, 'HYG': 0.1, 'GLD': 0.1}",0.0
1614297600000,2021-02-26,610287.9976251898,"{'SPY': 0.6, 'QQQ': 0.2, 'HYG': 0.1, 'GLD': 0.1}",0.0
1614556800000,2021-03-01,623415.2982962147,"{'SPY': 0.6, 'QQQ': 0.2, 'HYG': 0.1, 'GLD': 0.1}",0.0
1614643200000,2021-03-02,618743.4454087967,"{'SPY': 0.6, 'QQQ': 0.2, 'HYG': 0.1, 'GLD': 0.1}",0.0
1614729600000,2021-03-03,609353.5923597361,"{'SPY': 0.6, 'QQQ': 0.2, 'HYG': 0.1, 'GLD': 0.1}",0.0
1614816000000,2021-03-04,602003.2973543974,"{'SPY': 0.6, 'QQQ': 0.2, 'HYG': 0.1, 'GLD': 0.1}",0.0
1614902400000,2021-03-05,610680.5314935348,"{'SPY': 0.6, 'QQQ': 0.2, 'HYG': 0.1, 'GLD': 0.1}",0.0
1615161600000,2021-03-08,604320.8636764841,"{'SPY': 0.6, 'QQQ': 0.2, 'HYG': 0.1, 'GLD': 0.1}",0.0
1615248000000,2021-03-09,615634.5118449556,"{'SPY': 0.6, 'QQQ': 0.2, 'HYG': 0.1, 'GLD': 0.1}",0.0
1615334400000,2021-03-10,618089.1267655828,"{'SPY': 0.6, 'QQQ': 0.2, 'HYG': 0.1, 'GLD': 0.1}",0.0
1615420800000,2021-03-11,624871.8759045723,"{'SPY': 0.6, 'QQQ': 0.2, 'HYG': 0.1, 'GLD': 0.1}",0.0
1615507200000,2021-03-12,624178.4270695993,"{'SPY': 0.6, 'QQQ': 0.2, 'HYG': 0.1, 'GLD': 0.1}",0.0
1615766400000,2021-03-15,628027.0001735071,"{'SPY': 0.6, 'QQQ': 0.2, 'HYG': 0.1, 'GLD': 0.1}",0.0
1615852800000,2021-03-16,628154.0525699095,"{'SPY': 0.6, 'QQQ': 0.2, 'HYG': 0.1, 'GLD': 0.1}",0.0
1615939200000,2021-03-17,630492.674759599,"{'SPY': 0.6, 'QQQ': 0.2, 'HYG': 0.1, 'GLD': 0.1}",0.0
1616025600000,2021-03-18,620278.1013057575,"{'SPY': 0.6, 'QQQ': 0.2, 'HYG': 0.1, 'GLD': 0.1}",0.0
1616112000000,2021-03-19,620525.0839539043,"{'SPY': 0.6, 'QQQ': 0.2, 'HYG': 0.1, 'GLD': 0.1}",0.0
1616371200000,2021-03-22,625957.6460294403,"{'SPY': 0.6, 'QQQ': 0.2, 'HYG': 0.1, 'GLD': 0.1}",0.0
1616457600000,2021-03-23,622063.5817876242,"{'SPY': 0.6, 'QQQ': 0.2, 'HYG': 0.1, 'GLD': 0.1}",0.0
1616544000000,2021-03-24,618319.3793804846,"{'SPY': 0.6, 'QQQ': 0.2, 'HYG': 0.1, 'GLD': 0.1}",0.0
1616630400000,2021-03-25,620074.7539218501,"{'SPY': 0.6, 'QQQ': 0.2, 'HYG': 0.1, 'GLD': 0.1}",0.0
1616716800000,2021-03-26,628292.815541771,"{'SPY': 0.6, 'QQQ': 0.2, 'HYG': 0.1, 'GLD': 0.1}",0.0
1616976000000,2021-03-29,627355.3305671107,"{'SPY': 0.6, 'QQQ': 0.2, 'HYG': 0.1, 'GLD': 0.1}",0.0
1617062400000,2021-03-30,624501.4903990262,"{'SPY': 0.6, 'QQQ': 0.2, 'HYG': 0.1, 'GLD': 0.1}",0.0
1617148800000,2021-03-31,629181.1854056263,"{'SPY': 0.6, 'QQQ': 0.2, 'HYG': 0.1, 'GLD': 0.1}",0.0
1617235200000,2021-04-01,636330.7148683697,"{'SPY': 0.6, 'QQQ': 0.2, 'HYG': 0.1, 'GLD': 0.1}",0.0
1617580800000,2021-04-05,644357.1951572862,"{'SPY': 0.6, 'QQQ': 0.2, 'HYG': 0.1, 'GLD': 0.1}",0.0
1617667200000,2021-04-06,644667.6804660491,"{'SPY': 0.6, 'QQQ': 0.2, 'HYG': 0.1, 'GLD': 0.1}",0.0
1617753600000,2021-04-07,645223.3010176012,"{'SPY': 0.6, 'QQQ': 0.2, 'HYG': 0.1, 'GLD': 0.1}",0.0
1617840000000,2021-04-08,649123.365838358,"{'SPY': 0.6, 'QQQ': 0.2, 'HYG': 0.1, 'GLD': 0.1}",0.0
1617926400000,2021-04-09,652207.3152582498,"{'SPY': 0.6, 'QQQ': 0.2, 'HYG': 0.1, 'GLD': 0.1}",0.0
1618185600000,2021-04-12,651717.0201977318,"{'SPY': 0.6, 'QQQ': 0.2, 'HYG': 0.1, 'GLD': 0.1}",0.0
1618272000000,2021-04-13,654904.1622349299,"{'SPY': 0.6, 'QQQ': 0.2, 'HYG': 0.1, 'GLD': 0.1}",0.0
1618358400000,2021-04-14,651674.8240412632,"{'SPY': 0.6, 'QQQ': 0.2, 'HYG': 0.1, 'GLD': 0.1}",0.0
1618444800000,2021-04-15,659165.5141883774,"{'SPY': 0.6, 'QQQ': 0.2, 'HYG': 0.1, 'GLD': 0.1}",0.0
1618531200000,2021-04-16,660904.876112763,"{'SPY': 0.6, 'QQQ': 0.2, 'HYG': 0.1, 'GLD': 0.1}",0.0
1618790400000,2021-04-19,657458.1599676701,"{'SPY': 0.6, 'QQQ': 0.2, 'HYG': 0.1, 'GLD': 0.1}",0.0
1618876800000,2021-04-20,653732.132792052,"{'SPY': 0.6, 'QQQ': 0.2, 'HYG': 0.1, 'GLD': 0.1}",0.0
1618963200000,2021-04-21,659428.7259106074,"{'SPY': 0.6, 'QQQ': 0.2, 'HYG': 0.1, 'GLD': 0.1}",0.0
1619049600000,2021-04-22,653676.9427279625,"{'SPY': 0.6, 'QQQ': 0.2, 'HYG': 0.1, 'GLD': 0.1}",0.0
1619136000000,2021-04-23,659497.3632748598,"{'SPY': 0.6, 'QQQ': 0.2, 'HYG': 0.1, 'GLD': 0.1}",0.0
1619395200000,2021-04-26,661326.5376058997,"{'SPY': 0.6, 'QQQ': 0.2, 'HYG': 0.1, 'GLD': 0.1}",0.0
1619481600000,2021-04-27,660410.675646629,"{'SPY': 0.6, 'QQQ': 0.2, 'HYG': 0.1, 'GLD': 0.1}",0.0
1619568000000,2021-04-28,660173.3527761453,"{'SPY': 0.6, 'QQQ': 0.2, 'HYG': 0.1, 'GLD': 0.1}",0.0
1619654400000,2021-04-29,662975.4898698059,"{'SPY': 0.6, 'QQQ': 0.2, 'HYG': 0.1, 'GLD': 0.1}",0.0
1619740800000,2021-04-30,659239.0965908804,"{'SPY': 0.6, 'QQQ': 0.2, 'HYG': 0.1, 'GLD': 0.1}",0.0
1620000000000,2021-05-03,660271.3346098859,"{'SPY': 0.6, 'QQQ': 0.2, 'HYG': 0.1, 'GLD': 0.1}",0.0
1620086400000,2021-05-04,654928.922706512,"{'SPY': 0.6, 'QQQ': 0.2, 'HYG': 0.1, 'GLD': 0.1}",0.0
1620172800000,2021-05-05,655010.6204559455,"{'SPY': 0.6, 'QQQ': 0.2, 'HYG': 0.1, 'GLD': 0.1}",0.0
1620259200000,2021-05-06,660206.3380291804,"{'SPY': 0.6, 'QQQ': 0.2, 'HYG': 0.1, 'GLD': 0.1}",0.0
1620345600000,2021-05-07,664800.1504715433,"{'SPY': 0.6, 'QQQ': 0.2, 'HYG': 0.1, 'GLD': 0.1}",0.0
1620604800000,2021-05-10,657541.6523079755,"{'SPY': 0.6, 'QQQ': 0.2, 'HYG': 0.1, 'GLD': 0.1}",0.0
1620691200000,2021-05-11,653782.4609798583,"{'SPY': 0.6, 'QQQ': 0.2, 'HYG': 0.1, 'GLD': 0.1}",0.0
1620777600000,2021-05-12,641099.3798144909,"{'SPY': 0.6, 'QQQ': 0.2, 'HYG': 0.1, 'GLD': 0.1}",0.0
1620864000000,2021-05-13,647204.1853839766,"{'SPY': 0.6, 'QQQ': 0.2, 'HYG': 0.1, 'GLD': 0.1}",0.0
1620950400000,2021-05-14,656823.1104033072,"{'SPY': 0.6, 'QQQ': 0.2, 'HYG': 0.1, 'GLD': 0.1}",0.0
1621209600000,2021-05-17,655667.3721399797,"{'SPY': 0.6, 'QQQ': 0.2, 'HYG': 0.1, 'GLD': 0.1}",0.0
1621296000000,2021-05-18,651362.1721486796,"{'SPY': 0.6, 'QQQ': 0.2, 'HYG': 0.1, 'GLD': 0.1}",0.0
1621382400000,2021-05-19,650359.2237100338,"{'SPY': 0.6, 'QQQ': 0.2, 'HYG': 0.1, 'GLD': 0.1}",0.0
1621468800000,2021-05-20,657648.1698779525,"{'SPY': 0.6, 'QQQ': 0.2, 'HYG': 0.1, 'GLD': 0.1}",0.0
1621555200000,2021-05-21,656725.347101585,"{'SPY': 0.6, 'QQQ': 0.2, 'HYG': 0.1, 'GLD': 0.1}",0.0
1621814400000,2021-05-24,663142.295250784,"{'SPY': 0.6, 'QQQ': 0.2, 'HYG': 0.1, 'GLD': 0.1}",0.0
1621900800000,2021-05-25,663052.287154423,"{'SPY': 0.6, 'QQQ': 0.2, 'HYG': 0.1, 'GLD': 0.1}",0.0
1621987200000,2021-05-26,664210.9745107286,"{'SPY': 0.6, 'QQQ': 0.2, 'HYG': 0.1, 'GLD': 0.1}",0.0
1622073600000,2021-05-27,663918.9154610976,"{'SPY': 0.6, 'QQQ': 0.2, 'HYG': 0.1, 'GLD': 0.1}",0.0
1622160000000,2021-05-28,665277.9168408099,"{'SPY': 0.6, 'QQQ': 0.2, 'HYG': 0.1, 'GLD': 0.1}",0.0
1622505600000,2021-06-01,664504.7790621908,"{'SPY': 0.6, 'QQQ': 0.2, 'HYG': 0.1, 'GLD': 0.1}",0.0
1622592000000,2021-06-02,665800.1775220637,"{'SPY': 0.6, 'QQQ': 0.2, 'HYG': 0.1, 'GLD': 0.1}",0.0
1622678400000,2021-06-03,661491.0841074769,"{'SPY': 0.6, 'QQQ': 0.2, 'HYG': 0.1, 'GLD': 0.1}",0.0
1622764800000,2021-06-04,668223.7696997277,"{'SPY': 0.6, 'QQQ': 0.2, 'HYG': 0.1, 'GLD': 0.1}",0.0
1623024000000,2021-06-07,668523.7718207369,"{'SPY': 0.6, 'QQQ': 0.2, 'HYG': 0.1, 'GLD': 0.1}",0.0
1623110400000,2021-06-08,668512.0760189327,"{'SPY': 0.6, 'QQQ': 0.2, 'HYG': 0.1, 'GLD': 0.1}",0.0
1623196800000,2021-06-09,667870.7535198937,"{'SPY': 0.6, 'QQQ': 0.2, 'HYG': 0.1, 'GLD': 0.1}",0.0
1623283200000,2021-06-10,671534.3197433795,"{'SPY': 0.6, 'QQQ': 0.2, 'HYG': 0.1, 'GLD': 0.1}",0.0
1623369600000,2021-06-11,671818.6925482838,"{'SPY': 0.6, 'QQQ': 0.2, 'HYG': 0.1, 'GLD': 0.1}",0.0
1623628800000,2021-06-14,673553.7278529159,"{'SPY': 0.6, 'QQQ': 0.2, 'HYG': 0.1, 'GLD': 0.1}",0.0
1623715200000,2021-06-15,671670.5713868921,"{'SPY': 0.6, 'QQQ': 0.2, 'HYG': 0.1, 'GLD': 0.1}",0.0
1623801600000,2021-06-16,667703.304915321,"{'SPY': 0.6, 'QQQ': 0.2, 'HYG': 0.1, 'GLD': 0.1}",0.0
1623888000000,2021-06-17,667259.2997318361,"{'SPY': 0.6, 'QQQ': 0.2, 'HYG': 0.1, 'GLD': 0.1}",0.0
1623974400000,2021-06-18,660410.4005752432,"{'SPY': 0.6, 'QQQ': 0.2, 'HYG': 0.1, 'GLD': 0.1}",0.0
1624233600000,2021-06-21,667841.2581371149,"{'SPY': 0.6, 'QQQ': 0.2, 'HYG': 0.1, 'GLD': 0.1}",0.0
1624320000000,2021-06-22,670994.2200603863,"{'SPY': 0.6, 'QQQ': 0.2, 'HYG': 0.1, 'GLD': 0.1}",0.0
1624406400000,2021-06-23,670461.3741006793,"{'SPY': 0.6, 'QQQ': 0.2, 'HYG': 0.1, 'GLD': 0.1}",0.0
1624492800000,2021-06-24,673836.5622399069,"{'SPY': 0.6, 'QQQ': 0.2, 'HYG': 0.1, 'GLD': 0.1}",0.0
1624579200000,2021-06-25,675399.2276048849,"{'SPY': 0.6, 'QQQ': 0.2, 'HYG': 0.1, 'GLD': 0.1}",0.0
1624838400000,2021-06-28,677847.2505736251,"{'SPY': 0.6, 'QQQ': 0.2, 'HYG': 0.1, 'GLD': 0.1}",0.0
1624924800000,2021-06-29,677929.3905999458,"{'SPY': 0.6, 'QQQ': 0.2, 'HYG': 0.1, 'GLD': 0.1}",0.0
1625011200000,2021-06-30,678394.6218423911,"{'SPY': 0.6, 'QQQ': 0.2, 'HYG': 0.1, 'GLD': 0.1}",0.0
1625097600000,2021-07-01,681068.2002411891,"{'SPY': 0.6, 'QQQ': 0.2, 'HYG': 0.1, 'GLD': 0.1}",0.0
1625184000000,2021-07-02,686310.3797380257,"{'SPY': 0.6, 'QQQ': 0.2, 'HYG': 0.1, 'GLD': 0.1}",0.0
1625529600000,2021-07-06,686455.0916538637,"{'SPY': 0.6, 'QQQ': 0.2, 'HYG': 0.1, 'GLD': 0.1}",0.0
1625616000000,2021-07-07,688485.0783260126,"{'SPY': 0.6, 'QQQ': 0.2, 'HYG': 0.1, 'GLD': 0.1}",0.0
1625702400000,2021-07-08,684094.113628522,"{'SPY': 0.6, 'QQQ': 0.2, 'HYG': 0.1, 'GLD': 0.1}",0.0
1625788800000,2021-07-09,689673.7972448554,"{'SPY': 0.6, 'QQQ': 0.2, 'HYG': 0.1, 'GLD': 0.1}",0.0
1626048000000,2021-07-12,691585.7003080052,"{'SPY': 0.6, 'QQQ': 0.2, 'HYG': 0.1, 'GLD': 0.1}",0.0
1626134400000,2021-07-13,690056.7536021648,"{'SPY': 0.6, 'QQQ': 0.2, 'HYG': 0.1, 'GLD': 0.1}",0.0
1626220800000,2021-07-14,691774.4511997959,"{'SPY': 0.6, 'QQQ': 0.2, 'HYG': 0.1, 'GLD': 0.1}",0.0
1626307200000,2021-07-15,689349.9454590617,"{'SPY': 0.6, 'QQQ': 0.2, 'HYG': 0.1, 'GLD': 0.1}",0.0
1626393600000,2021-07-16,684225.8503367569,"{'SPY': 0.6, 'QQQ': 0.2, 'HYG': 0.1, 'GLD': 0.1}",0.0
1626652800000,2021-07-19,676662.3254467205,"{'SPY': 0.6, 'QQQ': 0.2, 'HYG': 0.1, 'GLD': 0.1}",0.0
1626739200000,2021-07-20,684306.5947285979,"{'SPY': 0.6, 'QQQ': 0.2, 'HYG': 0.1, 'GLD': 0.1}",0.0
1626825600000,2021-07-21,688597.0947775925,"{'SPY': 0.6, 'QQQ': 0.2, 'HYG': 0.1, 'GLD': 0.1}",0.0
1626912000000,2021-07-22,690546.4799012037,"{'SPY': 0.6, 'QQQ': 0.2, 'HYG': 0.1, 'GLD': 0.1}",0.0
1626998400000,2021-07-23,696339.1864393048,"{'SPY': 0.6, 'QQQ': 0.2, 'HYG': 0.1, 'GLD': 0.1}",0.0
1627257600000,2021-07-26,697206.3424205332,"{'SPY': 0.6, 'QQQ': 0.2, 'HYG': 0.1, 'GLD': 0.1}",0.0
1627344000000,2021-07-27,693784.2479713615,"{'SPY': 0.6, 'QQQ': 0.2, 'HYG': 0.1, 'GLD': 0.1}",0.0
1627430400000,2021-07-28,694552.0771277489,"{'SPY': 0.6, 'QQQ': 0.2, 'HYG': 0.1, 'GLD': 0.1}",0.0
1627516800000,2021-07-29,697448.8821985057,"{'SPY': 0.6, 'QQQ': 0.2, 'HYG': 0.1, 'GLD': 0.1}",0.0
1627603200000,2021-07-30,694044.436558763,"{'SPY': 0.6, 'QQQ': 0.2, 'HYG': 0.1, 'GLD': 0.1}",0.0
1627862400000,2021-08-02,692924.3719455717,"{'SPY': 0.6, 'QQQ': 0.2, 'HYG': 0.1, 'GLD': 0.1}",0.0
1627948800000,2021-08-03,697177.0299397594,"{'SPY': 0.6, 'QQQ': 0.2, 'HYG': 0.1, 'GLD': 0.1}",0.0
1628035200000,2021-08-04,695209.866389898,"{'SPY': 0.6, 'QQQ': 0.2, 'HYG': 0.1, 'GLD': 0.1}",0.0
1628121600000,2021-08-05,698617.8627416696,"{'SPY': 0.6, 'QQQ': 0.2, 'HYG': 0.1, 'GLD': 0.1}",0.0
1628208000000,2021-08-06,696872.4355632453,"{'SPY': 0.6, 'QQQ': 0.2, 'HYG': 0.1, 'GLD': 0.1}",0.0
1628467200000,2021-08-09,695394.2617965853,"{'SPY': 0.6, 'QQQ': 0.2, 'HYG': 0.1, 'GLD': 0.1}",0.0
1628553600000,2021-08-10,695062.4678440881,"{'SPY': 0.6, 'QQQ': 0.2, 'HYG': 0.1, 'GLD': 0.1}",0.0
1628640000000,2021-08-11,696929.9501146604,"{'SPY': 0.6, 'QQQ': 0.2, 'HYG': 0.1, 'GLD': 0.1}",0.0
1628726400000,2021-08-12,698822.6259517004,"{'SPY': 0.6, 'QQQ': 0.2, 'HYG': 0.1, 'GLD': 0.1}",0.0
1628812800000,2021-08-13,701229.5192901801,"{'SPY': 0.6, 'QQQ': 0.2, 'HYG': 0.1, 'GLD': 0.1}",0.0
1629072000000,2021-08-16,702654.8479770359,"{'SPY': 0.6, 'QQQ': 0.2, 'HYG': 0.1, 'GLD': 0.1}",0.0
1629158400000,2021-08-17,698387.8373915339,"{'SPY': 0.6, 'QQQ': 0.2, 'HYG': 0.1, 'GLD': 0.1}",0.0
1629244800000,2021-08-18,692351.4376389509,"{'SPY': 0.6, 'QQQ': 0.2, 'HYG': 0.1, 'GLD': 0.1}",0.0
1629331200000,2021-08-19,693452.6844172451,"{'SPY': 0.6, 'QQQ': 0.2, 'HYG': 0.1, 'GLD': 0.1}",0.0
1629417600000,2021-08-20,698404.6932764276,"{'SPY': 0.6, 'QQQ': 0.2, 'HYG': 0.1, 'GLD': 0.1}",0.0
1629676800000,2021-08-23,705246.3968017643,"{'SPY': 0.6, 'QQQ': 0.2, 'HYG': 0.1, 'GLD': 0.1}",0.0
1629763200000,2021-08-24,706412.2492906913,"{'SPY': 0.6, 'QQQ': 0.2, 'HYG': 0.1, 'GLD': 0.1}",0.0
1629849600000,2021-08-25,707046.3005785279,"{'SPY': 0.6, 'QQQ': 0.2, 'HYG': 0.1, 'GLD': 0.1}",0.0
1629936000000,2021-08-26,703684.0453927187,"{'SPY': 0.6, 'QQQ': 0.2, 'HYG': 0.1, 'GLD': 0.1}",0.0
1630022400000,2021-08-27,710077.1632682795,"{'SPY': 0.6, 'QQQ': 0.2, 'HYG': 0.1, 'GLD': 0.1}",0.0
1630281600000,2021-08-30,713282.7102873973,"{'SPY': 0.6, 'QQQ': 0.2, 'HYG': 0.1, 'GLD': 0.1}",0.0
1630368000000,2021-08-31,712691.8422241851,"{'SPY': 0.6, 'QQQ': 0.2, 'HYG': 0.1, 'GLD': 0.1}",0.0
1630454400000,2021-09-01,713220.3745980335,"{'SPY': 0.6, 'QQQ': 0.2, 'HYG': 0.1, 'GLD': 0.1}",0.0
1630540800000,2021-09-02,714369.6588515535,"{'SPY': 0.6, 'QQQ': 0.2, 'HYG': 0.1, 'GLD': 0.1}",0.0
1630627200000,2021-09-03,715477.2531213667,"{'SPY': 0.6, 'QQQ': 0.2, 'HYG': 0.1, 'GLD': 0.1}",0.0
1630972800000,2021-09-07,712556.5798885112,"{'SPY': 0.6, 'QQQ': 0.2, 'HYG': 0.1, 'GLD': 0.1}",0.0
1631059200000,2021-09-08,711442.3254492678,"{'SPY': 0.6, 'QQQ': 0.2, 'HYG': 0.1, 'GLD': 0.1}",0.0
1631145600000,2021-09-09,709505.3208197573,"{'SPY': 0.6, 'QQQ': 0.2, 'HYG': 0.1, 'GLD': 0.1}",0.0
1631232000000,2021-09-10,704608.0893643855,"{'SPY': 0.6, 'QQQ': 0.2, 'HYG': 0.1, 'GLD': 0.1}",0.0
1631491200000,2021-09-13,706005.330106247,"{'SPY': 0.6, 'QQQ': 0.2, 'HYG': 0.1, 'GLD': 0.1}",0.0
1631577600000,2021-09-14,703740.3356259001,"{'SPY': 0.6, 'QQQ': 0.2, 'HYG': 0.1, 'GLD': 0.1}",0.0
1631664000000,2021-09-15,708004.9785024266,"{'SPY': 0.6, 'QQQ': 0.2, 'HYG': 0.1, 'GLD': 0.1}",0.0
1631750400000,2021-09-16,705801.695631726,"{'SPY': 0.6, 'QQQ': 0.2, 'HYG': 0.1, 'GLD': 0.1}",0.0
1631836800000,2021-09-17,699804.9028607002,"{'SPY': 0.6, 'QQQ': 0.2, 'HYG': 0.1, 'GLD': 0.1}",0.0
1632096000000,2021-09-20,690165.1260406367,"{'SPY': 0.6, 'QQQ': 0.2, 'HYG': 0.1, 'GLD': 0.1}",0.0
1632182400000,2021-09-21,690522.0972460973,"{'SPY': 0.6, 'QQQ': 0.2, 'HYG': 0.1, 'GLD': 0.1}",0.0
1632268800000,2021-09-22,695721.5447864857,"{'SPY': 0.6, 'QQQ': 0.2, 'HYG': 0.1, 'GLD': 0.1}",0.0
1632355200000,2021-09-23,701305.5552929981,"{'SPY': 0.6, 'QQQ': 0.2, 'HYG': 0.1, 'GLD': 0.1}",0.0
1632441600000,2021-09-24,701936.6771065413,"{'SPY': 0.6, 'QQQ': 0.2, 'HYG': 0.1, 'GLD': 0.1}",0.0
1632700800000,2021-09-27,699693.3853021504,"{'SPY': 0.6, 'QQQ': 0.2, 'HYG': 0.1, 'GLD': 0.1}",0.0
1632787200000,2021-09-28,686274.9843530924,"{'SPY': 0.6, 'QQQ': 0.2, 'HYG': 0.1, 'GLD': 0.1}",0.0
1632873600000,2021-09-29,686559.4328997453,"{'SPY': 0.6, 'QQQ': 0.2, 'HYG': 0.1, 'GLD': 0.1}",0.0
1632960000000,2021-09-30,681732.4094945512,"{'SPY': 0.25, 'TLT': 0.25, 'SHY': 0.25, 'GLD': 0.25}",0.0
1633046400000,2021-10-01,685657.3706737022,"{'SPY': 0.25, 'TLT': 0.25, 'SHY': 0.25, 'GLD': 0.25}",0.0
1633305600000,2021-10-04,683732.7828913678,"{'SPY': 0.25, 'TLT': 0.25, 'SHY': 0.25, 'GLD': 0.25}",0.0
1633392000000,2021-10-05,683044.9264866816,"{'SPY': 0.25, 'TLT': 0.25, 'SHY': 0.25, 'GLD': 0.25}",0.0
1633478400000,2021-10-06,685154.6340021226,"{'SPY': 0.25, 'TLT': 0.25, 'SHY': 0.25, 'GLD': 0.25}",0.0
1633564800000,2021-10-07,683881.564034673,"{'SPY': 0.25, 'TLT': 0.25, 'SHY': 0.25, 'GLD': 0.25}",0.0
1633651200000,2021-10-08,682386.4193020812,"{'SPY': 0.25, 'TLT': 0.25, 'SHY': 0.25, 'GLD': 0.25}",0.0
1633910400000,2021-10-11,680257.7070287985,"{'SPY': 0.25, 'TLT': 0.25, 'SHY': 0.25, 'GLD': 0.25}",0.0
1633996800000,2021-10-12,683594.0213811563,"{'SPY': 0.25, 'TLT': 0.25, 'SHY': 0.25, 'GLD': 0.25}",0.0
1634083200000,2021-10-13,688852.4373437302,"{'SPY': 0.25, 'TLT': 0.25, 'SHY': 0.25, 'GLD': 0.25}",0.0
1634169600000,2021-10-14,692810.3560536026,"{'SPY': 0.25, 'TLT': 0.25, 'SHY': 0.25, 'GLD': 0.25}",0.0
1634256000000,2021-10-15,690267.0426119068,"{'SPY': 0.25, 'TLT': 0.25, 'SHY': 0.25, 'GLD': 0.25}",0.0
1634515200000,2021-10-18,691038.4939993655,"{'SPY': 0.25, 'TLT': 0.25, 'SHY': 0.25, 'GLD': 0.25}",0.0
1634601600000,2021-10-19,690603.7366731601,"{'SPY': 0.25, 'TLT': 0.25, 'SHY': 0.25, 'GLD': 0.25}",0.0
1634688000000,2021-10-20,691689.8839599263,"{'SPY': 0.25, 'TLT': 0.25, 'SHY': 0.25, 'GLD': 0.25}",0.0
1634774400000,2021-10-21,691578.2512074029,"{'SPY': 0.25, 'TLT': 0.25, 'SHY': 0.25, 'GLD': 0.25}",0.0
1634860800000,2021-10-22,694320.5505587398,"{'SPY': 0.25, 'TLT': 0.25, 'SHY': 0.25, 'GLD': 0.25}",0.0
1635120000000,2021-10-25,696267.5549684997,"{'SPY': 0.25, 'TLT': 0.25, 'SHY': 0.25, 'GLD': 0.25}",0.0
1635206400000,2021-10-26,696534.9746917244,"{'SPY': 0.25, 'TLT': 0.25, 'SHY': 0.25, 'GLD': 0.25}",0.0
1635292800000,2021-10-27,699348.1597055326,"{'SPY': 0.25, 'TLT': 0.25, 'SHY': 0.25, 'GLD': 0.25}",0.0
1635379200000,2021-10-28,700422.225059824,"{'SPY': 0.25, 'TLT': 0.25, 'SHY': 0.25, 'GLD': 0.25}",0.0
1635465600000,2021-10-29,699843.2494380916,"{'SPY': 0.25, 'TLT': 0.25, 'SHY': 0.25, 'GLD': 0.25}",0.0
1635724800000,2021-11-01,699718.4714763471,"{'SPY': 0.25, 'TLT': 0.25, 'SHY': 0.25, 'GLD': 0.25}",0.0
1635811200000,2021-11-02,701009.760132041,"{'SPY': 0.25, 'TLT': 0.25, 'SHY': 0.25, 'GLD': 0.25}",0.0
1635897600000,2021-11-03,698770.6602674561,"{'SPY': 0.25, 'TLT': 0.25, 'SHY': 0.25, 'GLD': 0.25}",0.0
1635984000000,2021-11-04,703573.9323472495,"{'SPY': 0.25, 'TLT': 0.25, 'SHY': 0.25, 'GLD': 0.25}",0.0
1636070400000,2021-11-05,709194.4134862632,"{'SPY': 0.25, 'TLT': 0.25, 'SHY': 0.25, 'GLD': 0.25}",0.0
1636329600000,2021-11-08,709443.7536272813,"{'SPY': 0.25, 'TLT': 0.25, 'SHY': 0.25, 'GLD': 0.25}",0.0
1636416000000,2021-11-09,712143.8088613471,"{'SPY': 0.25, 'TLT': 0.25, 'SHY': 0.25, 'GLD': 0.25}",0.0
1636502400000,2021-11-10,709037.5784950596,"{'SPY': 0.25, 'TLT': 0.25, 'SHY': 0.25, 'GLD': 0.25}",0.0
1636588800000,2021-11-11,709700.7796643134,"{'SPY': 0.25, 'TLT': 0.25, 'SHY': 0.25, 'GLD': 0.25}",0.0
1636675200000,2021-11-12,710741.5261001909,"{'SPY': 0.25, 'TLT': 0.25, 'SHY': 0.25, 'GLD': 0.25}",0.0
1636934400000,2021-11-15,708275.6013137435,"{'SPY': 0.25, 'TLT': 0.25, 'SHY': 0.25, 'GLD': 0.25}",0.0
1637020800000,2021-11-16,707245.1496118859,"{'SPY': 0.25, 'TLT': 0.25, 'SHY': 0.25, 'GLD': 0.25}",0.0
1637107200000,2021-11-17,709894.281182119,"{'SPY': 0.25, 'TLT': 0.25, 'SHY': 0.25, 'GLD': 0.25}",0.0
1637193600000,2021-11-18,710574.246828763,"{'SPY': 0.25, 'TLT': 0.25, 'SHY': 0.25, 'GLD': 0.25}",0.0
1637280000000,2021-11-19,710732.3727752804,"{'SPY': 0.25, 'TLT': 0.25, 'SHY': 0.25, 'GLD': 0.25}",0.0
1637539200000,2021-11-22,703957.4110842565,"{'SPY': 0.25, 'TLT': 0.25, 'SHY': 0.25, 'GLD': 0.25}",0.0
1637625600000,2021-11-23,700123.2641368808,"{'SPY': 0.25, 'TLT': 0.25, 'SHY': 0.25, 'GLD': 0.25}",0.0
1637712000000,2021-11-24,703192.3684593679,"{'SPY': 0.25, 'TLT': 0.25, 'SHY': 0.25, 'GLD': 0.25}",0.0
1637884800000,2021-11-26,703778.892335781,"{'SPY': 0.25, 'TLT': 0.25, 'SHY': 0.25, 'GLD': 0.25}",0.0
1638144000000,2021-11-29,704362.3098806596,"{'SPY': 0.25, 'TLT': 0.25, 'SHY': 0.25, 'GLD': 0.25}",0.0
1638230400000,2021-11-30,702285.6386574337,"{'SPY': 0.25, 'TLT': 0.25, 'SHY': 0.25, 'GLD': 0.25}",0.0
1638316800000,2021-12-01,702139.3194644308,"{'SPY': 0.25, 'TLT': 0.25, 'SHY': 0.25, 'GLD': 0.25}",0.0
1638403200000,2021-12-02,703849.5853193343,"{'SPY': 0.25, 'TLT': 0.25, 'SHY': 0.25, 'GLD': 0.25}",0.0
1638489600000,2021-12-03,706001.0868324502,"{'SPY': 0.25, 'TLT': 0.25, 'SHY': 0.25, 'GLD': 0.25}",0.0
1638748800000,2021-12-06,705088.6914175312,"{'SPY': 0.25, 'TLT': 0.25, 'SHY': 0.25, 'GLD': 0.25}",0.0
1638835200000,2021-12-07,707709.8617647685,"{'SPY': 0.25, 'TLT': 0.25, 'SHY': 0.25, 'GLD': 0.25}",0.0
1638921600000,2021-12-08,705277.6378853181,"{'SPY': 0.25, 'TLT': 0.25, 'SHY': 0.25, 'GLD': 0.25}",0.0
1639008000000,2021-12-09,703934.1732670525,"{'SPY': 0.25, 'TLT': 0.25, 'SHY': 0.25, 'GLD': 0.25}",0.0
1639094400000,2021-12-10,705991.0940839302,"{'SPY': 0.25, 'TLT': 0.25, 'SHY': 0.25, 'GLD': 0.25}",0.0
1639353600000,2021-12-13,707584.2291222127,"{'SPY': 0.25, 'TLT': 0.25, 'SHY': 0.25, 'GLD': 0.25}",0.0
1639440000000,2021-12-14,704189.8173366362,"{'SPY': 0.25, 'TLT': 0.25, 'SHY': 0.25, 'GLD': 0.25}",0.0
1639526400000,2021-12-15,706064.03586729,"{'SPY': 0.25, 'TLT': 0.25, 'SHY': 0.25, 'GLD': 0.25}",0.0
1639612800000,2021-12-16,706851.8011462938,"{'SPY': 0.25, 'TLT': 0.25, 'SHY': 0.25, 'GLD': 0.25}",0.0
1639699200000,2021-12-17,706512.6875716824,"{'SPY': 0.25, 'TLT': 0.25, 'SHY': 0.25, 'GLD': 0.25}",0.0
1639958400000,2021-12-20,702605.1128095032,"{'SPY': 0.25, 'TLT': 0.25, 'SHY': 0.25, 'GLD': 0.25}",0.0
1640044800000,2021-12-21,704879.3898546391,"{'SPY': 0.25, 'TLT': 0.25, 'SHY': 0.25, 'GLD': 0.25}",0.0
1640131200000,2021-12-22,709092.7584746118,"{'SPY': 0.25, 'TLT': 0.25, 'SHY': 0.25, 'GLD': 0.25}",0.0
1640217600000,2021-12-23,709036.4330795534,"{'SPY': 0.25, 'TLT': 0.25, 'SHY': 0.25, 'GLD': 0.25}",0.0
1640563200000,2021-12-27,712332.0529026765,"{'SPY': 0.25, 'TLT': 0.25, 'SHY': 0.25, 'GLD': 0.25}",0.0
1640649600000,2021-12-28,710713.1707273792,"{'SPY': 0.25, 'TLT': 0.25, 'SHY': 0.25, 'GLD': 0.25}",0.0
1640736000000,2021-12-29,708925.9557109195,"{'SPY': 0.25, 'TLT': 0.25, 'SHY': 0.25, 'GLD': 0.25}",0.0
1640822400000,2021-12-30,711298.0213262346,"{'SPY': 0.25, 'TLT': 0.25, 'SHY': 0.25, 'GLD': 0.25}",0.0
1640908800000,2021-12-31,712392.5837118679,"{'SPY': 0.25, 'TLT': 0.25, 'SHY': 0.25, 'GLD': 0.25}",0.0
1641168000000,2022-01-03,705800.6043425602,"{'SPY': 0.25, 'TLT': 0.25, 'SHY': 0.25, 'GLD': 0.25}",0.0
1641254400000,2022-01-04,706410.883593226,"{'SPY': 0.25, 'TLT': 0.25, 'SHY': 0.25, 'GLD': 0.25}",0.0
1641340800000,2022-01-05,701302.7447767854,"{'SPY': 0.25, 'TLT': 0.25, 'SHY': 0.25, 'GLD': 0.25}",0.0
1641427200000,2022-01-06,699301.530097758,"{'SPY': 0.25, 'TLT': 0.25, 'SHY': 0.25, 'GLD': 0.25}",0.0
1641513600000,2022-01-07,698108.2646007127,"{'SPY': 0.25, 'TLT': 0.25, 'SHY': 0.25, 'GLD': 0.25}",0.0
1641772800000,2022-01-10,698748.8912181837,"{'SPY': 0.25, 'TLT': 0.25, 'SHY': 0.25, 'GLD': 0.25}",0.0
1641859200000,2022-01-11,703672.6375975336,"{'SPY': 0.25, 'TLT': 0.25, 'SHY': 0.25, 'GLD': 0.25}",0.0
1641945600000,2022-01-12,703877.3183315964,"{'SPY': 0.25, 'TLT': 0.25, 'SHY': 0.25, 'GLD': 0.25}",0.0
1642032000000,2022-01-13,702500.1925300269,"{'SPY': 0.25, 'TLT': 0.25, 'SHY': 0.25, 'GLD': 0.25}",0.0
1642118400000,2022-01-14,699186.1116494187,"{'SPY': 0.25, 'TLT': 0.25, 'SHY': 0.25, 'GLD': 0.25}",0.0
1642464000000,2022-01-18,693075.1447939136,"{'SPY': 0.25, 'TLT': 0.25, 'SHY': 0.25, 'GLD': 0.25}",0.0
1642550400000,2022-01-19,695308.7553587683,"{'SPY': 0.25, 'TLT': 0.25, 'SHY': 0.25, 'GLD': 0.25}",0.0
1642636800000,2022-01-20,693981.5063459555,"{'SPY': 0.25, 'TLT': 0.25, 'SHY': 0.25, 'GLD': 0.25}",0.0
1642723200000,2022-01-21,692218.2090205142,"{'SPY': 0.25, 'TLT': 0.25, 'SHY': 0.25, 'GLD': 0.25}",0.0
1642982400000,2022-01-24,692583.7722061283,"{'SPY': 0.25, 'TLT': 0.25, 'SHY': 0.25, 'GLD': 0.25}",0.0
1643068800000,2022-01-25,690662.4973182643,"{'SPY': 0.25, 'TLT': 0.25, 'SHY': 0.25, 'GLD': 0.25}",0.0
1643155200000,2022-01-26,685045.6116079752,"{'SPY': 0.25, 'TLT': 0.25, 'SHY': 0.25, 'GLD': 0.25}",0.0
1643241600000,2022-01-27,684994.7518739987,"{'SPY': 0.25, 'TLT': 0.25, 'SHY': 0.25, 'GLD': 0.25}",0.0
1643328000000,2022-01-28,688857.1992208778,"{'SPY': 0.25, 'TLT': 0.25, 'SHY': 0.25, 'GLD': 0.25}",0.0
1643587200000,2022-01-31,691846.6959492284,"{'TLT': 0.6, 'SHY': 0.2, 'GLD': 0.2}",0.0
1643673600000,2022-02-01,690572.7203896507,"{'TLT': 0.6, 'SHY': 0.2, 'GLD': 0.2}",0.0
1643760000000,2022-02-02,692509.4174006763,"{'TLT': 0.6, 'SHY': 0.2, 'GLD': 0.2}",0.0
1643846400000,2022-02-03,688954.8965466745,"{'TLT': 0.6, 'SHY': 0.2, 'GLD': 0.2}",0.0
1643932800000,2022-02-04,682797.3874330793,"{'TLT': 0.6, 'SHY': 0.2, 'GLD': 0.2}",0.0
1644192000000,2022-02-07,684105.6784896972,"{'TLT': 0.6, 'SHY': 0.2, 'GLD': 0.2}",0.0
1644278400000,2022-02-08,681634.3841244635,"{'TLT': 0.6, 'SHY': 0.2, 'GLD': 0.2}",0.0
1644364800000,2022-02-09,682851.198541955,"{'TLT': 0.6, 'SHY': 0.2, 'GLD': 0.2}",0.0
1644451200000,2022-02-10,675127.3565911353,"{'TLT': 0.6, 'SHY': 0.2, 'GLD': 0.2}",0.0
1644537600000,2022-02-11,684123.6887497905,"{'TLT': 0.6, 'SHY': 0.2, 'GLD': 0.2}",0.0
1644796800000,2022-02-14,679457.2558129301,"{'TLT': 0.6, 'SHY': 0.2, 'GLD': 0.2}",0.0
1644883200000,2022-02-15,673586.4981562279,"{'TLT': 0.6, 'SHY': 0.2, 'GLD': 0.2}",0.0
1644969600000,2022-02-16,677543.2089312052,"{'TLT': 0.6, 'SHY': 0.2, 'GLD': 0.2}",0.0
1645056000000,2022-02-17,682499.4633392234,"{'TLT': 0.6, 'SHY': 0.2, 'GLD': 0.2}",0.0
1645142400000,2022-02-18,686726.3852716064,"{'TLT': 0.6, 'SHY': 0.2, 'GLD': 0.2}",0.0
1645488000000,2022-02-22,687956.2563990222,"{'TLT': 0.6, 'SHY': 0.2, 'GLD': 0.2}",0.0
1645574400000,2022-02-23,682806.1868743331,"{'TLT': 0.6, 'SHY': 0.2, 'GLD': 0.2}",0.0
1645660800000,2022-02-24,682308.5476202201,"{'TLT': 0.6, 'SHY': 0.2, 'GLD': 0.2}",0.0
1645747200000,2022-02-25,682153.3545924271,"{'TLT': 0.6, 'SHY': 0.2, 'GLD': 0.2}",0.0
1646006400000,2022-02-28,692780.958490458,"{'TLT': 0.6, 'SHY': 0.2, 'GLD': 0.2}",0.0
1646092800000,2022-03-01,700423.1100686905,"{'TLT': 0.6, 'SHY': 0.2, 'GLD': 0.2}",0.0
1646179200000,2022-03-02,684136.921914723,"{'TLT': 0.6, 'SHY': 0.2, 'GLD': 0.2}",0.0
1646265600000,2022-03-03,689132.4358001335,"{'TLT': 0.6, 'SHY': 0.2, 'GLD': 0.2}",0.0
1646352000000,2022-03-04,698613.326422547,"{'TLT': 0.6, 'SHY': 0.2, 'GLD': 0.2}",0.0
1646611200000,2022-03-07,697309.8894875189,"{'TLT': 0.6, 'SHY': 0.2, 'GLD': 0.2}",0.0
1646697600000,2022-03-08,696734.7860824697,"{'TLT': 0.6, 'SHY': 0.2, 'GLD': 0.2}",0.0
1646784000000,2022-03-09,688415.7964349912,"{'TLT': 0.6, 'SHY': 0.2, 'GLD': 0.2}",0.0
1646870400000,2022-03-10,682796.5274870314,"{'TLT': 0.6, 'SHY': 0.2, 'GLD': 0.2}",0.0
1646956800000,2022-03-11,683159.3328303002,"{'TLT': 0.6, 'SHY': 0.2, 'GLD': 0.2}",0.0
1647216000000,2022-03-14,671172.121606107,"{'TLT': 0.6, 'SHY': 0.2, 'GLD': 0.2}",0.0
1647302400000,2022-03-15,668006.1675824252,"{'TLT': 0.6, 'SHY': 0.2, 'GLD': 0.2}",0.0
1647388800000,2022-03-16,672646.2976099447,"{'TLT': 0.6, 'SHY': 0.2, 'GLD': 0.2}",0.0
1647475200000,2022-03-17,670247.6710287298,"{'TLT': 0.6, 'SHY': 0.2, 'GLD': 0.2}",0.0
1647561600000,2022-03-18,673948.678720523,"{'TLT': 0.6, 'SHY': 0.2, 'GLD': 0.2}",0.0
1647820800000,2022-03-21,665164.7882213999,"{'TLT': 0.6, 'SHY': 0.2, 'GLD': 0.2}",0.0
1647907200000,2022-03-22,658991.555330193,"{'TLT': 0.6, 'SHY': 0.2, 'GLD': 0.2}",0.0
1647993600000,2022-03-23,669567.3534218386,"{'TLT': 0.6, 'SHY': 0.2, 'GLD': 0.2}",0.0
1648080000000,2022-03-24,667360.8503573007,"{'TLT': 0.6, 'SHY': 0.2, 'GLD': 0.2}",0.0
1648166400000,2022-03-25,660891.9832819598,"{'TLT': 0.6, 'SHY': 0.2, 'GLD': 0.2}",0.0
1648425600000,2022-03-28,661749.0679005376,"{'TLT': 0.6, 'SHY': 0.2, 'GLD': 0.2}",0.0
1648512000000,2022-03-29,664870.4640168992,"{'TLT': 0.6, 'SHY': 0.2, 'GLD': 0.2}",0.0
1648598400000,2022-03-30,669147.5649551868,"{'TLT': 0.6, 'SHY': 0.2, 'GLD': 0.2}",0.0
1648684800000,2022-03-31,670174.5093939474,"{'TLT': 0.6, 'SHY': 0.2, 'GLD': 0.2}",0.0
1648771200000,2022-04-01,670571.9665457737,"{'TLT': 0.6, 'SHY': 0.2, 'GLD': 0.2}",0.0
1649030400000,2022-04-04,668506.504750508,"{'TLT': 0.6, 'SHY': 0.2, 'GLD': 0.2}",0.0
1649116800000,2022-04-05,658365.8670744555,"{'TLT': 0.6, 'SHY': 0.2, 'GLD': 0.2}",0.0
1649203200000,2022-04-06,655572.2120603061,"{'TLT': 0.6, 'SHY': 0.2, 'GLD': 0.2}",0.0
1649289600000,2022-04-07,653200.3761004678,"{'TLT': 0.6, 'SHY': 0.2, 'GLD': 0.2}",0.0
1649376000000,2022-04-08,649616.8972809135,"{'TLT': 0.6, 'SHY': 0.2, 'GLD': 0.2}",0.0
1649635200000,2022-04-11,644124.5477435421,"{'TLT': 0.6, 'SHY': 0.2, 'GLD': 0.2}",0.0
1649721600000,2022-04-12,644905.5292388228,"{'TLT': 0.6, 'SHY': 0.2, 'GLD': 0.2}",0.0
1649808000000,2022-04-13,646371.7215780347,"{'TLT': 0.6, 'SHY': 0.2, 'GLD': 0.2}",0.0
1649894400000,2022-04-14,637938.0235763009,"{'TLT': 0.6, 'SHY': 0.2, 'GLD': 0.2}",0.0
1650240000000,2022-04-18,636431.240850985,"{'TLT': 0.6, 'SHY': 0.2, 'GLD': 0.2}",0.0
1650326400000,2022-04-19,631356.4182538356,"{'TLT': 0.6, 'SHY': 0.2, 'GLD': 0.2}",0.0
1650412800000,2022-04-20,639674.4989995856,"{'TLT': 0.6, 'SHY': 0.2, 'GLD': 0.2}",0.0
1650499200000,2022-04-21,636164.2194941523,"{'TLT': 0.6, 'SHY': 0.2, 'GLD': 0.2}",0.0
1650585600000,2022-04-22,632494.1853699092,"{'TLT': 0.6, 'SHY': 0.2, 'GLD': 0.2}",0.0
1650844800000,2022-04-25,634214.4885583965,"{'TLT': 0.6, 'SHY': 0.2, 'GLD': 0.2}",0.0
1650931200000,2022-04-26,638467.993228053,"{'TLT': 0.6, 'SHY': 0.2, 'GLD': 0.2}",0.0
1651017600000,2022-04-27,632528.1907687939,"{'TLT': 0.6, 'SHY': 0.2, 'GLD': 0.2}",0.0
1651104000000,2022-04-28,633685.1564367514,"{'TLT': 0.6, 'SHY': 0.2, 'GLD': 0.2}",0.0
1651190400000,2022-04-29,628494.2129189144,"{'TLT': 0.6, 'SHY': 0.2, 'GLD': 0.2}",0.0
1651449600000,2022-05-02,619618.0262726082,"{'TLT': 0.6, 'SHY': 0.2, 'GLD': 0.2}",0.0
1651536000000,2022-05-03,622392.9463297894,"{'TLT': 0.6, 'SHY': 0.2, 'GLD': 0.2}",0.0
1651622400000,2022-05-04,626003.8598937029,"{'TLT': 0.6, 'SHY': 0.2, 'GLD': 0.2}",0.0
1651708800000,2022-05-05,615024.735827151,"{'TLT': 0.6, 'SHY': 0.2, 'GLD': 0.2}",0.0
1651795200000,2022-05-06,609776.0490840514,"{'TLT': 0.6, 'SHY': 0.2, 'GLD': 0.2}",0.0
1652054400000,2022-05-09,611537.8053668933,"{'TLT': 0.6, 'SHY': 0.2, 'GLD': 0.2}",0.0
1652140800000,2022-05-10,613759.2444489594,"{'TLT': 0.6, 'SHY': 0.2, 'GLD': 0.2}",0.0
1652227200000,2022-05-11,621873.6963332172,"{'TLT': 0.6, 'SHY': 0.2, 'GLD': 0.2}",0.0
1652313600000,2022-05-12,619450.1098666837,"{'TLT': 0.6, 'SHY': 0.2, 'GLD': 0.2}",0.0
1652400000000,2022-05-13,612907.0676992887,"{'TLT': 0.6, 'SHY': 0.2, 'GLD': 0.2}",0.0
1652659200000,2022-05-16,613769.7078274745,"{'TLT': 0.6, 'SHY': 0.2, 'GLD': 0.2}",0.0
1652745600000,2022-05-17,608283.3457169255,"{'TLT': 0.6, 'SHY': 0.2, 'GLD': 0.2}",0.0
1652832000000,2022-05-18,616186.9314715273,"{'TLT': 0.6, 'SHY': 0.2, 'GLD': 0.2}",0.0
1652918400000,2022-05-19,619061.6906309325,"{'TLT': 0.6, 'SHY': 0.2, 'GLD': 0.2}",0.0
1653004800000,2022-05-20,623453.2578413503,"{'TLT': 0.6, 'SHY': 0.2, 'GLD': 0.2}",0.0
1653264000000,2022-05-23,617818.1151370795,"{'TLT': 0.6, 'SHY': 0.2, 'GLD': 0.2}",0.0
1653350400000,2022-05-24,626344.3119502477,"{'TLT': 0.6, 'SHY': 0.2, 'GLD': 0.2}",0.0
1653436800000,2022-05-25,627165.2297974514,"{'TLT': 0.6, 'SHY': 0.2, 'GLD': 0.2}",0.0
1653523200000,2022-05-26,625260.5059420982,"{'TLT': 0.6, 'SHY': 0.2, 'GLD': 0.2}",0.0
1653609600000,2022-05-27,626271.4067526363,"{'TLT': 0.6, 'SHY': 0.2, 'GLD': 0.2}",0.0
1653955200000,2022-05-31,616885.2764820962,"{'TLT': 0.6, 'SHY': 0.2, 'GLD': 0.2}",0.0
1654041600000,2022-06-01,617018.4167839958,"{'TLT': 0.6, 'SHY': 0.2, 'GLD': 0.2}",0.0
1654128000000,2022-06-02,618758.1099636722,"{'TLT': 0.6, 'SHY': 0.2, 'GLD': 0.2}",0.0
1654214400000,2022-06-03,616658.9479772616,"{'TLT': 0.6, 'SHY': 0.2, 'GLD': 0.2}",0.0
1654473600000,2022-06-06,609128.671767935,"{'TLT': 0.6, 'SHY': 0.2, 'GLD': 0.2}",0.0
1654560000000,2022-06-07,613884.446737071,"{'TLT': 0.6, 'SHY': 0.2, 'GLD': 0.2}",0.0
1654646400000,2022-06-08,610418.6886668584,"{'TLT': 0.6, 'SHY': 0.2, 'GLD': 0.2}",0.0
1654732800000,2022-06-09,611161.5359405704,"{'TLT': 0.6, 'SHY': 0.2, 'GLD': 0.2}",0.0
1654819200000,2022-06-10,610010.6264832919,"{'TLT': 0.6, 'SHY': 0.2, 'GLD': 0.2}",0.0
1655078400000,2022-06-13,594682.5570521356,"{'TLT': 0.6, 'SHY': 0.2, 'GLD': 0.2}",0.0
1655164800000,2022-06-14,588998.4633917895,"{'TLT': 0.6, 'SHY': 0.2, 'GLD': 0.2}",0.0
1655251200000,2022-06-15,597588.8549142212,"{'TLT': 0.6, 'SHY': 0.2, 'GLD': 0.2}",0.0
1655337600000,2022-06-16,601939.1971633454,"{'TLT': 0.6, 'SHY': 0.2, 'GLD': 0.2}",0.0
1655424000000,2022-06-17,602083.764384658,"{'TLT': 0.6, 'SHY': 0.2, 'GLD': 0.2}",0.0
1655769600000,2022-06-21,595465.8891882654,"{'TLT': 0.6, 'SHY': 0.2, 'GLD': 0.2}",0.0
1655856000000,2022-06-22,606112.8656728466,"{'TLT': 0.6, 'SHY': 0.2, 'GLD': 0.2}",0.0
1655942400000,2022-06-23,608460.1205560997,"{'TLT': 0.6, 'SHY': 0.2, 'GLD': 0.2}",0.0
1656028800000,2022-06-24,603255.4205116917,"{'TLT': 0.6, 'SHY': 0.2, 'GLD': 0.2}",0.0
1656288000000,2022-06-27,599902.4598138481,"{'TLT': 0.6, 'SHY': 0.2, 'GLD': 0.2}",0.0
1656374400000,2022-06-28,601352.6452172819,"{'TLT': 0.6, 'SHY': 0.2, 'GLD': 0.2}",0.0
1656460800000,2022-06-29,607037.9420896409,"{'TLT': 0.6, 'SHY': 0.2, 'GLD': 0.2}",0.0
1656547200000,2022-06-30,609733.7534571289,"{'TLT': 0.6, 'SHY': 0.2, 'GLD': 0.2}",0.0
1656633600000,2022-07-01,613755.504956575,"{'TLT': 0.6, 'SHY': 0.2, 'GLD': 0.2}",0.0
1656979200000,2022-07-05,614030.6603486604,"{'TLT': 0.6, 'SHY': 0.2, 'GLD': 0.2}",0.0
1657065600000,2022-07-06,605558.5372493097,"{'TLT': 0.6, 'SHY': 0.2, 'GLD': 0.2}",0.0
1657152000000,2022-07-07,602340.369618438,"{'TLT': 0.6, 'SHY': 0.2, 'GLD': 0.2}",0.0
1657238400000,2022-07-08,598243.8938333616,"{'TLT': 0.6, 'SHY': 0.2, 'GLD': 0.2}",0.0
1657497600000,2022-07-11,603835.7749733253,"{'TLT': 0.6, 'SHY': 0.2, 'GLD': 0.2}",0.0
1657584000000,2022-07-12,605598.1422665132,"{'TLT': 0.6, 'SHY': 0.2, 'GLD': 0.2}",0.0
1657670400000,2022-07-13,610212.6017992924,"{'TLT': 0.6, 'SHY': 0.2, 'GLD': 0.2}",0.0
1657756800000,2022-07-14,605466.6470731881,"{'TLT': 0.6, 'SHY': 0.2, 'GLD': 0.2}",0.0
1657843200000,2022-07-15,607356.2717565862,"{'TLT': 0.6, 'SHY': 0.2, 'GLD': 0.2}",0.0
1658102400000,2022-07-18,603600.5853998897,"{'TLT': 0.6, 'SHY': 0.2, 'GLD': 0.2}",0.0
1658188800000,2022-07-19,601803.438558742,"{'TLT': 0.6, 'SHY': 0.2, 'GLD': 0.2}",0.0
1658275200000,2022-07-20,601604.7238472282,"{'TLT': 0.6, 'SHY': 0.2, 'GLD': 0.2}",0.0
1658361600000,2022-07-21,609874.218361535,"{'TLT': 0.6, 'SHY': 0.2, 'GLD': 0.2}",0.0
1658448000000,2022-07-22,616640.2886735677,"{'TLT': 0.6, 'SHY': 0.2, 'GLD': 0.2}",0.0
1658707200000,2022-07-25,612578.1770932283,"{'TLT': 0.6, 'SHY': 0.2, 'GLD': 0.2}",0.0
1658793600000,2022-07-26,612655.4738528259,"{'TLT': 0.6, 'SHY': 0.2, 'GLD': 0.2}",0.0
1658880000000,2022-07-27,612030.7229911875,"{'TLT': 0.6, 'SHY': 0.2, 'GLD': 0.2}",0.0
1658966400000,2022-07-28,616711.5777294928,"{'TLT': 0.6, 'SHY': 0.2, 'GLD': 0.2}",0.0
1659052800000,2022-07-29,616037.7669177945,"{'TLT': 0.6, 'SHY': 0.2, 'GLD': 0.2}",0.0
1659312000000,2022-08-01,625634.9696009472,"{'TLT': 0.6, 'SHY': 0.2, 'GLD': 0.2}",0.0
1659398400000,2022-08-02,616511.7022661342,"{'TLT': 0.6, 'SHY': 0.2, 'GLD': 0.2}",0.0
1659484800000,2022-08-03,622680.9957212795,"{'TLT': 0.6, 'SHY': 0.2, 'GLD': 0.2}",0.0
1659571200000,2022-08-04,624781.2640774105,"{'TLT': 0.6, 'SHY': 0.2, 'GLD': 0.2}",0.0
1659657600000,2022-08-05,613939.7079542843,"{'TLT': 0.6, 'SHY': 0.2, 'GLD': 0.2}",0.0
1659916800000,2022-08-08,621044.9489642589,"{'TLT': 0.6, 'SHY': 0.2, 'GLD': 0.2}",0.0
1660003200000,2022-08-09,619856.164163704,"{'TLT': 0.6, 'SHY': 0.2, 'GLD': 0.2}",0.0
1660089600000,2022-08-10,617235.8265669725,"{'TLT': 0.6, 'SHY': 0.2, 'GLD': 0.2}",0.0
1660176000000,2022-08-11,608232.7712567532,"{'TLT': 0.6, 'SHY': 0.2, 'GLD': 0.2}",0.0
1660262400000,2022-08-12,613082.0689499637,"{'TLT': 0.6, 'SHY': 0.2, 'GLD': 0.2}",0.0
1660521600000,2022-08-15,611289.8584338531,"{'TLT': 0.6, 'SHY': 0.2, 'GLD': 0.2}",0.0
1660608000000,2022-08-16,612497.2297487364,"{'TLT': 0.6, 'SHY': 0.2, 'GLD': 0.2}",0.0
1660694400000,2022-08-17,607765.291797857,"{'TLT': 0.6, 'SHY': 0.2, 'GLD': 0.2}",0.0
1660780800000,2022-08-18,608164.5733827526,"{'TLT': 0.6, 'SHY': 0.2, 'GLD': 0.2}",0.0
1660867200000,2022-08-19,601310.0395864381,"{'TLT': 0.6, 'SHY': 0.2, 'GLD': 0.2}",0.0
1661126400000,2022-08-22,599138.7696531792,"{'TLT': 0.6, 'SHY': 0.2, 'GLD': 0.2}",0.0
1661212800000,2022-08-23,598056.2615128423,"{'TLT': 0.6, 'SHY': 0.2, 'GLD': 0.2}",0.0
1661299200000,2022-08-24,595652.2275735075,"{'TLT': 0.6, 'SHY': 0.2, 'GLD': 0.2}",0.0
1661385600000,2022-08-25,601069.9961993005,"{'TLT': 0.6, 'SHY': 0.2, 'GLD': 0.2}",0.0
1661472000000,2022-08-26,602298.3793110203,"{'TLT': 0.6, 'SHY': 0.2, 'GLD': 0.2}",0.0
1661731200000,2022-08-29,599295.3147143524,"{'TLT': 0.6, 'SHY': 0.2, 'GLD': 0.2}",0.0
1661817600000,2022-08-30,599130.8911990911,"{'TLT': 0.6, 'SHY': 0.2, 'GLD': 0.2}",0.0
1661904000000,2022-08-31,594753.6837543371,"{'TLT': 0.6, 'SHY': 0.2, 'GLD': 0.2}",0.0
1661990400000,2022-09-01,587087.8491413533,"{'TLT': 0.6, 'SHY': 0.2, 'GLD': 0.2}",0.0
1662076800000,2022-09-02,590371.7679580735,"{'TLT': 0.6, 'SHY': 0.2, 'GLD': 0.2}",0.0
1662422400000,2022-09-06,580650.3512084209,"{'TLT': 0.6, 'SHY': 0.2, 'GLD': 0.2}",0.0
1662508800000,2022-09-07,587511.0487709842,"{'TLT': 0.6, 'SHY': 0.2, 'GLD': 0.2}",0.0
1662595200000,2022-09-08,583047.0508595372,"{'TLT': 0.6, 'SHY': 0.2, 'GLD': 0.2}",0.0
1662681600000,2022-09-09,584340.6406154322,"{'TLT': 0.6, 'SHY': 0.2, 'GLD': 0.2}",0.0
1662940800000,2022-09-12,582037.8650787473,"{'TLT': 0.6, 'SHY': 0.2, 'GLD': 0.2}",0.0
1663027200000,2022-09-13,580938.8003501336,"{'TLT': 0.6, 'SHY': 0.2, 'GLD': 0.2}",0.0
1663113600000,2022-09-14,581590.1576086949,"{'TLT': 0.6, 'SHY': 0.2, 'GLD': 0.2}",0.0
1663200000000,2022-09-15,579063.2278290051,"{'TLT': 0.6, 'SHY': 0.2, 'GLD': 0.2}",0.0
1663286400000,2022-09-16,576866.3824028494,"{'TLT': 0.6, 'SHY': 0.2, 'GLD': 0.2}",0.0
1663545600000,2022-09-19,577636.3446452321,"{'TLT': 0.6, 'SHY': 0.2, 'GLD': 0.2}",0.0
1663632000000,2022-09-20,573464.9964512348,"{'TLT': 0.6, 'SHY': 0.2, 'GLD': 0.2}",0.0
1663718400000,2022-09-21,579663.3376764229,"{'TLT': 0.6, 'SHY': 0.2, 'GLD': 0.2}",0.0
1663804800000,2022-09-22,570497.2171503468,"{'TLT': 0.6, 'SHY': 0.2, 'GLD': 0.2}",0.0
1663891200000,2022-09-23,569783.7365193376,"{'TLT': 0.6, 'SHY': 0.2, 'GLD': 0.2}",0.0
1664150400000,2022-09-26,561672.2622739152,"{'TLT': 0.6, 'SHY': 0.2, 'GLD': 0.2}",0.0
1664236800000,2022-09-27,553028.8074863387,"{'TLT': 0.6, 'SHY': 0.2, 'GLD': 0.2}",0.0
1664323200000,2022-09-28,566915.5380131436,"{'TLT': 0.6, 'SHY': 0.2, 'GLD': 0.2}",0.0
1664409600000,2022-09-29,564979.7926904686,"{'TLT': 0.6, 'SHY': 0.2, 'GLD': 0.2}",0.0
1664496000000,2022-09-30,560513.1306931698,"{'TLT': 0.6, 'SHY': 0.2, 'GLD': 0.2}",0.0
1664755200000,2022-10-03,568828.276952688,"{'TLT': 0.6, 'SHY': 0.2, 'GLD': 0.2}",0.0
1664841600000,2022-10-04,569547.0183148711,"{'TLT': 0.6, 'SHY': 0.2, 'GLD': 0.2}",0.0
1664928000000,2022-10-05,565536.6241696507,"{'TLT': 0.6, 'SHY': 0.2, 'GLD': 0.2}",0.0
1665014400000,2022-10-06,563383.8918183469,"{'TLT': 0.6, 'SHY': 0.2, 'GLD': 0.2}",0.0
1665100800000,2022-10-07,558728.227475225,"{'TLT': 0.6, 'SHY': 0.2, 'GLD': 0.2}",0.0
1665360000000,2022-10-10,551776.4374899868,"{'TLT': 0.6, 'SHY': 0.2, 'GLD': 0.2}",0.0
1665446400000,2022-10-11,553069.2107728305,"{'TLT': 0.6, 'SHY': 0.2, 'GLD': 0.2}",0.0
1665532800000,2022-10-12,555398.268571264,"{'TLT': 0.6, 'SHY': 0.2, 'GLD': 0.2}",0.0
1665619200000,2022-10-13,551112.6662708297,"{'TLT': 0.6, 'SHY': 0.2, 'GLD': 0.2}",0.0
1665705600000,2022-10-14,546956.7304930977,"{'TLT': 0.6, 'SHY': 0.2, 'GLD': 0.2}",0.0
1665964800000,2022-10-17,545795.2039247811,"{'TLT': 0.6, 'SHY': 0.2, 'GLD': 0.2}",0.0
1666051200000,2022-10-18,546851.6752108497,"{'TLT': 0.6, 'SHY': 0.2, 'GLD': 0.2}",0.0
1666137600000,2022-10-19,539210.0452597868,"{'TLT': 0.6, 'SHY': 0.2, 'GLD': 0.2}",0.0
1666224000000,2022-10-20,533389.3982483781,"{'TLT': 0.6, 'SHY': 0.2, 'GLD': 0.2}",0.0
1666310400000,2022-10-21,529800.7254363444,"{'TLT': 0.6, 'SHY': 0.2, 'GLD': 0.2}",0.0
1666569600000,2022-10-24,526803.8214897787,"{'TLT': 0.6, 'SHY': 0.2, 'GLD': 0.2}",0.0
1666656000000,2022-10-25,536349.9057377696,"{'TLT': 0.6, 'SHY': 0.2, 'GLD': 0.2}",0.0
1666742400000,2022-10-26,541761.6892834748,"{'TLT': 0.6, 'SHY': 0.2, 'GLD': 0.2}",0.0
1666828800000,2022-10-27,545224.7627231686,"{'TLT': 0.6, 'SHY': 0.2, 'GLD': 0.2}",0.0
1666915200000,2022-10-28,541701.5934900141,"{'TLT': 0.6, 'SHY': 0.2, 'GLD': 0.2}",0.0
1667174400000,2022-10-31,538340.1874200841,"{'TLT': 0.6, 'SHY': 0.2, 'GLD': 0.2}",0.0
1667260800000,2022-11-01,542352.461306229,"{'TLT': 0.6, 'SHY': 0.2, 'GLD': 0.2}",0.0
1667347200000,2022-11-02,540129.9931036306,"{'TLT': 0.6, 'SHY': 0.2, 'GLD': 0.2}",0.0
1667433600000,2022-11-03,537769.0860581199,"{'TLT': 0.6, 'SHY': 0.2, 'GLD': 0.2}",0.0
1667520000000,2022-11-04,535769.8147703247,"{'TLT': 0.6, 'SHY': 0.2, 'GLD': 0.2}",0.0
1667779200000,2022-11-07,532045.1479045702,"{'TLT': 0.6, 'SHY': 0.2, 'GLD': 0.2}",0.0
1667865600000,2022-11-08,538099.3847802776,"{'TLT': 0.6, 'SHY': 0.2, 'GLD': 0.2}",0.0
1667952000000,2022-11-09,538794.199042215,"{'TLT': 0.6, 'SHY': 0.2, 'GLD': 0.2}",0.0
1668038400000,2022-11-10,555099.04704631,"{'TLT': 0.6, 'SHY': 0.2, 'GLD': 0.2}",0.0
1668124800000,2022-11-11,554584.8927796229,"{'TLT': 0.6, 'SHY': 0.2, 'GLD': 0.2}",0.0
1668384000000,2022-11-14,553916.1312399639,"{'TLT': 0.6, 'SHY': 0.2, 'GLD': 0.2}",0.0
1668470400000,2022-11-15,559792.4768112415,"{'TLT': 0.6, 'SHY': 0.2, 'GLD': 0.2}",0.0
1668556800000,2022-11-16,566894.15555035,"{'TLT': 0.6, 'SHY': 0.2, 'GLD': 0.2}",0.0
1668643200000,2022-11-17,562341.485013211,"{'TLT': 0.6, 'SHY': 0.2, 'GLD': 0.2}",0.0
1668729600000,2022-11-18,559120.9619716996,"{'TLT': 0.6, 'SHY': 0.2, 'GLD': 0.2}",0.0
1668988800000,2022-11-21,559882.4436263103,"{'TLT': 0.6, 'SHY': 0.2, 'GLD': 0.2}",0.0
1669075200000,2022-11-22,564864.0791520282,"{'TLT': 0.6, 'SHY': 0.2, 'GLD': 0.2}",0.0
1669161600000,2022-11-23,571576.891398549,"{'TLT': 0.6, 'SHY': 0.2, 'GLD': 0.2}",0.0
1669334400000,2022-11-25,570526.6537633769,"{'TLT': 0.6, 'SHY': 0.2, 'GLD': 0.2}",0.0
1669593600000,2022-11-28,570617.7205010849,"{'TLT': 0.6, 'SHY': 0.2, 'GLD': 0.2}",0.0
1669680000000,2022-11-29,567124.723501299,"{'TLT': 0.6, 'SHY': 0.2, 'GLD': 0.2}",0.0
1669766400000,2022-11-30,571412.3042323611,"{'TLT': 0.6, 'SHY': 0.2, 'GLD': 0.2}",0.0
1669852800000,2022-12-01,584712.1292926434,"{'TLT': 0.6, 'SHY': 0.2, 'GLD': 0.2}",0.0
1669939200000,2022-12-02,588691.0617664724,"{'TLT': 0.6, 'SHY': 0.2, 'GLD': 0.2}",0.0
1670198400000,2022-12-05,581390.6692671287,"{'TLT': 0.6, 'SHY': 0.2, 'GLD': 0.2}",0.0
1670284800000,2022-12-06,586330.9098909548,"{'TLT': 0.6, 'SHY': 0.2, 'GLD': 0.2}",0.0
1670371200000,2022-12-07,595925.5025359823,"{'TLT': 0.6, 'SHY': 0.2, 'GLD': 0.2}",0.0
1670457600000,2022-12-08,594928.8734419198,"{'TLT': 0.6, 'SHY': 0.2, 'GLD': 0.2}",0.0
1670544000000,2022-12-09,586006.0860058225,"{'TLT': 0.6, 'SHY': 0.2, 'GLD': 0.2}",0.0
1670803200000,2022-12-12,586090.0383840394,"{'TLT': 0.6, 'SHY': 0.2, 'GLD': 0.2}",0.0
1670889600000,2022-12-13,591834.0498266016,"{'TLT': 0.6, 'SHY': 0.2, 'GLD': 0.2}",0.0
1670976000000,2022-12-14,593077.2190788088,"{'TLT': 0.6, 'SHY': 0.2, 'GLD': 0.2}",0.0
1671062400000,2022-12-15,592541.2626009897,"{'TLT': 0.6, 'SHY': 0.2, 'GLD': 0.2}",0.0
1671148800000,2022-12-16,589718.3884744582,"{'TLT': 0.6, 'SHY': 0.2, 'GLD': 0.2}",0.0
1671408000000,2022-12-19,583295.0681568141,"{'TLT': 0.6, 'SHY': 0.2, 'GLD': 0.2}",0.0
1671494400000,2022-12-20,579016.3888224525,"{'TLT': 0.6, 'SHY': 0.2, 'GLD': 0.2}",0.0
1671580800000,2022-12-21,579811.662840812,"{'TLT': 0.6, 'SHY': 0.2, 'GLD': 0.2}",0.0
1671667200000,2022-12-22,578271.8865023269,"{'TLT': 0.6, 'SHY': 0.2, 'GLD': 0.2}",0.0
1671753600000,2022-12-23,573475.1778323025,"{'TLT': 0.6, 'SHY': 0.2, 'GLD': 0.2}",0.0
1672099200000,2022-12-27,567483.3335781441,"{'TLT': 0.6, 'SHY': 0.2, 'GLD': 0.2}",0.0
1672185600000,2022-12-28,564965.8407483237,"{'TLT': 0.6, 'SHY': 0.2, 'GLD': 0.2}",0.0
1672272000000,2022-12-29,569529.6918198335,"{'TLT': 0.6, 'SHY': 0.2, 'GLD': 0.2}",0.0
1672358400000,2022-12-30,566121.0776600763,"{'TLT': 0.6, 'SHY': 0.2, 'GLD': 0.2}",0.0
1672704000000,2023-01-03,573648.8154714768,"{'TLT': 0.6, 'SHY': 0.2, 'GLD': 0.2}",0.0
1672790400000,2023-01-04,579556.9507815487,"{'TLT': 0.6, 'SHY': 0.2, 'GLD': 0.2}",0.0
1672876800000,2023-01-05,579410.812219285,"{'TLT': 0.6, 'SHY': 0.2, 'GLD': 0.2}",0.0
1672963200000,2023-01-06,588416.5725971969,"{'TLT': 0.6, 'SHY': 0.2, 'GLD': 0.2}",0.0
1673222400000,2023-01-09,590675.9867034312,"{'TLT': 0.6, 'SHY': 0.2, 'GLD': 0.2}",0.0
1673308800000,2023-01-10,585143.3406288571,"{'TLT': 0.6, 'SHY': 0.2, 'GLD': 0.2}",0.0
1673395200000,2023-01-11,590869.282951111,"{'TLT': 0.6, 'SHY': 0.2, 'GLD': 0.2}",0.0
1673481600000,2023-01-12,599474.6062778006,"{'TLT': 0.6, 'SHY': 0.2, 'GLD': 0.2}",0.0
1673568000000,2023-01-13,597337.202066151,"{'TLT': 0.6, 'SHY': 0.2, 'GLD': 0.2}",0.0
1673913600000,2023-01-17,594311.7885884187,"{'TLT': 0.6, 'SHY': 0.2, 'GLD': 0.2}",0.0
1674000000000,2023-01-18,602872.8964985735,"{'TLT': 0.6, 'SHY': 0.2, 'GLD': 0.2}",0.0
1674086400000,2023-01-19,602492.4913315988,"{'TLT': 0.6, 'SHY': 0.2, 'GLD': 0.2}",0.0
1674172800000,2023-01-20,596127.3774637044,"{'TLT': 0.6, 'SHY': 0.2, 'GLD': 0.2}",0.0
1674432000000,2023-01-23,594552.7173326004,"{'TLT': 0.6, 'SHY': 0.2, 'GLD': 0.2}",0.0
1674518400000,2023-01-24,600156.5998475961,"{'TLT': 0.6, 'SHY': 0.2, 'GLD': 0.2}",0.0
1674604800000,2023-01-25,601656.0572952254,"{'TLT': 0.6, 'SHY': 0.2, 'GLD': 0.2}",0.0
1674691200000,2023-01-26,598813.3934680154,"{'TLT': 0.6, 'SHY': 0.2, 'GLD': 0.2}",0.0
1674777600000,2023-01-27,597739.7832931505,"{'TLT': 0.6, 'SHY': 0.2, 'GLD': 0.2}",0.0
1675036800000,2023-01-30,596005.1837619562,"{'TLT': 0.6, 'SHY': 0.2, 'GLD': 0.2}",0.0
1675123200000,2023-01-31,599516.538244577,"{'TLT': 0.6, 'SHY': 0.2, 'GLD': 0.2}",0.0
1675209600000,2023-02-01,605559.6008663711,"{'TLT': 0.6, 'SHY': 0.2, 'GLD': 0.2}",0.0
1675296000000,2023-02-02,603531.233456018,"{'TLT': 0.6, 'SHY': 0.2, 'GLD': 0.2}",0.0
1675382400000,2023-02-03,594660.2894553723,"{'TLT': 0.6, 'SHY': 0.2, 'GLD': 0.2}",0.0
1675641600000,2023-02-06,591929.7659234921,"{'TLT': 0.6, 'SHY': 0.2, 'GLD': 0.2}",0.0
1675728000000,2023-02-07,589246.655239246,"{'TLT': 0.6, 'SHY': 0.2, 'GLD': 0.2}",0.0
1675814400000,2023-02-08,591263.9447168235,"{'TLT': 0.6, 'SHY': 0.2, 'GLD': 0.2}",0.0
1675900800000,2023-02-09,586880.4142356849,"{'TLT': 0.6, 'SHY': 0.2, 'GLD': 0.2}",0.0
1675987200000,2023-02-10,583106.240748598,"{'TLT': 0.6, 'SHY': 0.2, 'GLD': 0.2}",0.0
1676246400000,2023-02-13,585487.0338826105,"{'TLT': 0.6, 'SHY': 0.2, 'GLD': 0.2}",0.0
1676332800000,2023-02-14,584521.7083989825,"{'TLT': 0.6, 'SHY': 0.2, 'GLD': 0.2}",0.0
1676419200000,2023-02-15,580100.5883141068,"{'TLT': 0.6, 'SHY': 0.2, 'GLD': 0.2}",0.0
1676505600000,2023-02-16,575088.7508824237,"{'TLT': 0.6, 'SHY': 0.2, 'GLD': 0.2}",0.0
1676592000000,2023-02-17,578214.7664972622,"{'TLT': 0.6, 'SHY': 0.2, 'GLD': 0.2}",0.0
1676937600000,2023-02-21,570811.2797870941,"{'TLT': 0.6, 'SHY': 0.2, 'GLD': 0.2}",0.0
1677024000000,2023-02-22,573363.7957932167,"{'TLT': 0.6, 'SHY': 0.2, 'GLD': 0.2}",0.0
1677110400000,2023-02-23,576735.5732383048,"{'TLT': 0.6, 'SHY': 0.2, 'GLD': 0.2}",0.0
1677196800000,2023-02-24,571165.1110886454,"{'TLT': 0.6, 'SHY': 0.2, 'GLD': 0.2}",0.0
1677456000000,2023-02-27,572662.0115105953,"{'TLT': 0.6, 'SHY': 0.2, 'GLD': 0.2}",0.0
1677542400000,2023-02-28,574716.603568226,"{'TLT': 0.6, 'SHY': 0.2, 'GLD': 0.2}",0.0
1677628800000,2023-03-01,571465.0699672444,"{'TLT': 0.6, 'SHY': 0.2, 'GLD': 0.2}",0.0
1677715200000,2023-03-02,568400.2467712152,"{'TLT': 0.6, 'SHY': 0.2, 'GLD': 0.2}",0.0
1677801600000,2023-03-03,577951.6469340324,"{'TLT': 0.6, 'SHY': 0.2, 'GLD': 0.2}",0.0
1678060800000,2023-03-06,574622.6952526803,"{'TLT': 0.6, 'SHY': 0.2, 'GLD': 0.2}",0.0
1678147200000,2023-03-07,574486.131615975,"{'TLT': 0.6, 'SHY': 0.2, 'GLD': 0.2}",0.0
1678233600000,2023-03-08,574713.3748396935,"{'TLT': 0.6, 'SHY': 0.2, 'GLD': 0.2}",0.0
1678320000000,2023-03-09,577063.3421360978,"{'TLT': 0.6, 'SHY': 0.2, 'GLD': 0.2}",0.0
1678406400000,2023-03-10,592121.1683539936,"{'TLT': 0.6, 'SHY': 0.2, 'GLD': 0.2}",0.0
1678665600000,2023-03-13,596827.4391132825,"{'TLT': 0.6, 'SHY': 0.2, 'GLD': 0.2}",0.0
1678752000000,2023-03-14,589797.4646272125,"{'TLT': 0.6, 'SHY': 0.2, 'GLD': 0.2}",0.0
1678838400000,2023-03-15,598244.32976672,"{'TLT': 0.6, 'SHY': 0.2, 'GLD': 0.2}",0.0
1678924800000,2023-03-16,595197.7497152364,"{'TLT': 0.6, 'SHY': 0.2, 'GLD': 0.2}",0.0
1679011200000,2023-03-17,604620.3807620821,"{'TLT': 0.6, 'SHY': 0.2, 'GLD': 0.2}",0.0
1679270400000,2023-03-20,601328.0110049717,"{'TLT': 0.6, 'SHY': 0.2, 'GLD': 0.2}",0.0
1679356800000,2023-03-21,595504.2559870216,"{'TLT': 0.6, 'SHY': 0.2, 'GLD': 0.2}",0.0
1679443200000,2023-03-22,602848.3096981831,"{'TLT': 0.6, 'SHY': 0.2, 'GLD': 0.2}",0.0
1679529600000,2023-03-23,604711.9083033671,"{'TLT': 0.6, 'SHY': 0.2, 'GLD': 0.2}",0.0
1679616000000,2023-03-24,604944.1923691973,"{'TLT': 0.6, 'SHY': 0.2, 'GLD': 0.2}",0.0
1679875200000,2023-03-27,594784.7076204603,"{'TLT': 0.6, 'SHY': 0.2, 'GLD': 0.2}",0.0
1679961600000,2023-03-28,596278.4746875789,"{'TLT': 0.6, 'SHY': 0.2, 'GLD': 0.2}",0.0
1680048000000,2023-03-29,594924.4347953734,"{'TLT': 0.6, 'SHY': 0.2, 'GLD': 0.2}",0.0
1680134400000,2023-03-30,597656.8408530377,"{'TLT': 0.6, 'SHY': 0.2, 'GLD': 0.2}",0.0
1680220800000,2023-03-31,602551.6469295069,"{'TLT': 0.6, 'SHY': 0.2, 'GLD': 0.2}",0.0
1680480000000,2023-04-03,605267.1972369503,"{'TLT': 0.6, 'SHY': 0.2, 'GLD': 0.2}",0.0
1680566400000,2023-04-04,609609.5123782018,"{'TLT': 0.6, 'SHY': 0.2, 'GLD': 0.2}",0.0
1680652800000,2023-04-05,613499.1543552969,"{'TLT': 0.6, 'SHY': 0.2, 'GLD': 0.2}",0.0
1680739200000,2023-04-06,613531.2468857006,"{'TLT': 0.6, 'SHY': 0.2, 'GLD': 0.2}",0.0
1681084800000,2023-04-10,606255.3593235095,"{'TLT': 0.6, 'SHY': 0.2, 'GLD': 0.2}",0.0
1681171200000,2023-04-11,607756.4058564305,"{'TLT': 0.6, 'SHY': 0.2, 'GLD': 0.2}",0.0
1681257600000,2023-04-12,608108.6589615264,"{'TLT': 0.6, 'SHY': 0.2, 'GLD': 0.2}",0.0
1681344000000,2023-04-13,606959.1667034493,"{'TLT': 0.6, 'SHY': 0.2, 'GLD': 0.2}",0.0
1681430400000,2023-04-14,601197.6219548524,"{'TLT': 0.6, 'SHY': 0.2, 'GLD': 0.2}",0.0
1681689600000,2023-04-17,596195.153846321,"{'TLT': 0.6, 'SHY': 0.2, 'GLD': 0.2}",0.0
1681776000000,2023-04-18,597903.5743775545,"{'TLT': 0.6, 'SHY': 0.2, 'GLD': 0.2}",0.0
1681862400000,2023-04-19,596885.5715235872,"{'TLT': 0.6, 'SHY': 0.2, 'GLD': 0.2}",0.0
1681948800000,2023-04-20,600709.4036071443,"{'TLT': 0.6, 'SHY': 0.2, 'GLD': 0.2}",0.0
1682035200000,2023-04-21,597422.9219659467,"{'TLT': 0.6, 'SHY': 0.2, 'GLD': 0.2}",0.0
1682294400000,2023-04-24,601385.0147185923,"{'TLT': 0.6, 'SHY': 0.2, 'GLD': 0.2}",0.0
1682380800000,2023-04-25,607771.8004870111,"{'TLT': 0.6, 'SHY': 0.2, 'GLD': 0.2}",0.0
1682467200000,2023-04-26,603076.6582315251,"{'TLT': 0.6, 'SHY': 0.2, 'GLD': 0.2}",0.0
1682553600000,2023-04-27,599258.0142353695,"{'TLT': 0.6, 'SHY': 0.2, 'GLD': 0.2}",0.0
1682640000000,2023-04-28,604676.8797557033,"{'SPY': 0.4, 'HYG': 0.3, 'LQD': 0.2, 'GLD': 0.1}",0.0
1682899200000,2023-05-01,601377.735796327,"{'SPY': 0.4, 'HYG': 0.3, 'LQD': 0.2, 'GLD': 0.1}",0.0
1682985600000,2023-05-02,601116.0828914191,"{'SPY': 0.4, 'HYG': 0.3, 'LQD': 0.2, 'GLD': 0.1}",0.0
1683072000000,2023-05-03,600077.1319770874,"{'SPY': 0.4, 'HYG': 0.3, 'LQD': 0.2, 'GLD': 0.1}",0.0
1683158400000,2023-05-04,597938.4923207999,"{'SPY': 0.4, 'HYG': 0.3, 'LQD': 0.2, 'GLD': 0.1}",0.0
1683244800000,2023-05-05,601923.6019021189,"{'SPY': 0.4, 'HYG': 0.3, 'LQD': 0.2, 'GLD': 0.1}",0.0
1683504000000,2023-05-08,600689.3747985887,"{'SPY': 0.4, 'HYG': 0.3, 'LQD': 0.2, 'GLD': 0.1}",0.0
1683590400000,2023-05-09,599557.378779081,"{'SPY': 0.4, 'HYG': 0.3, 'LQD': 0.2, 'GLD': 0.1}",0.0
1683676800000,2023-05-10,602626.9923818283,"{'SPY': 0.4, 'HYG': 0.3, 'LQD': 0.2, 'GLD': 0.1}",0.0
1683763200000,2023-05-11,601865.5662709657,"{'SPY': 0.4, 'HYG': 0.3, 'LQD': 0.2, 'GLD': 0.1}",0.0
1683849600000,2023-05-12,600054.6331845764,"{'SPY': 0.4, 'HYG': 0.3, 'LQD': 0.2, 'GLD': 0.1}",0.0
1684108800000,2023-05-15,600320.1130619679,"{'SPY': 0.4, 'HYG': 0.3, 'LQD': 0.2, 'GLD': 0.1}",0.0
1684195200000,2023-05-16,596104.639718032,"{'SPY': 0.4, 'HYG': 0.3, 'LQD': 0.2, 'GLD': 0.1}",0.0
1684281600000,2023-05-17,599265.644078257,"{'SPY': 0.4, 'HYG': 0.3, 'LQD': 0.2, 'GLD': 0.1}",0.0
1684368000000,2023-05-18,600391.3234317375,"{'SPY': 0.4, 'HYG': 0.3, 'LQD': 0.2, 'GLD': 0.1}",0.0
1684454400000,2023-05-19,600684.3019496612,"{'SPY': 0.4, 'HYG': 0.3, 'LQD': 0.2, 'GLD': 0.1}",0.0
1684713600000,2023-05-22,601397.6409755351,"{'SPY': 0.4, 'HYG': 0.3, 'LQD': 0.2, 'GLD': 0.1}",0.0
1684800000000,2023-05-23,598074.2604362022,"{'SPY': 0.4, 'HYG': 0.3, 'LQD': 0.2, 'GLD': 0.1}",0.0
1684886400000,2023-05-24,594129.6583624874,"{'SPY': 0.4, 'HYG': 0.3, 'LQD': 0.2, 'GLD': 0.1}",0.0
1684972800000,2023-05-25,595104.2985985152,"{'SPY': 0.4, 'HYG': 0.3, 'LQD': 0.2, 'GLD': 0.1}",0.0
1685059200000,2023-05-26,600022.0154721665,"{'SPY': 0.4, 'HYG': 0.3, 'LQD': 0.2, 'GLD': 0.1}",0.0
1685404800000,2023-05-30,602164.7485295739,"{'SPY': 0.4, 'HYG': 0.3, 'LQD': 0.2, 'GLD': 0.1}",0.0
1685491200000,2023-05-31,600755.8648246047,"{'SPY': 0.4, 'HYG': 0.3, 'LQD': 0.2, 'GLD': 0.1}",0.0
1685577600000,2023-06-01,604964.4224926903,"{'SPY': 0.4, 'HYG': 0.3, 'LQD': 0.2, 'GLD': 0.1}",0.0
1685664000000,2023-06-02,608174.9651397779,"{'SPY': 0.4, 'HYG': 0.3, 'LQD': 0.2, 'GLD': 0.1}",0.0
1685923200000,2023-06-05,607667.4433165237,"{'SPY': 0.4, 'HYG': 0.3, 'LQD': 0.2, 'GLD': 0.1}",0.0
1686009600000,2023-06-06,608795.376598503,"{'SPY': 0.4, 'HYG': 0.3, 'LQD': 0.2, 'GLD': 0.1}",0.0
1686096000000,2023-06-07,605129.4934082206,"{'SPY': 0.4, 'HYG': 0.3, 'LQD': 0.2, 'GLD': 0.1}",0.0
1686182400000,2023-06-08,609350.546694279,"{'SPY': 0.4, 'HYG': 0.3, 'LQD': 0.2, 'GLD': 0.1}",0.0
1686268800000,2023-06-09,609354.4867749298,"{'SPY': 0.4, 'HYG': 0.3, 'LQD': 0.2, 'GLD': 0.1}",0.0
1686528000000,2023-06-12,611704.5232258901,"{'SPY': 0.4, 'HYG': 0.3, 'LQD': 0.2, 'GLD': 0.1}",0.0
1686614400000,2023-06-13,612539.9894926454,"{'SPY': 0.4, 'HYG': 0.3, 'LQD': 0.2, 'GLD': 0.1}",0.0
1686700800000,2023-06-14,613318.5858104612,"{'SPY': 0.4, 'HYG': 0.3, 'LQD': 0.2, 'GLD': 0.1}",0.0
1686787200000,2023-06-15,618744.0149553552,"{'SPY': 0.4, 'HYG': 0.3, 'LQD': 0.2, 'GLD': 0.1}",0.0
1686873600000,2023-06-16,617118.2370527249,"{'SPY': 0.4, 'HYG': 0.3, 'LQD': 0.2, 'GLD': 0.1}",0.0
1687219200000,2023-06-20,615151.5987992863,"{'SPY': 0.4, 'HYG': 0.3, 'LQD': 0.2, 'GLD': 0.1}",0.0
1687305600000,2023-06-21,613196.0982736986,"{'SPY': 0.4, 'HYG': 0.3, 'LQD': 0.2, 'GLD': 0.1}",0.0
1687392000000,2023-06-22,612294.3074915074,"{'SPY': 0.4, 'HYG': 0.3, 'LQD': 0.2, 'GLD': 0.1}",0.0
1687478400000,2023-06-23,610632.2352415759,"{'SPY': 0.4, 'HYG': 0.3, 'LQD': 0.2, 'GLD': 0.1}",0.0
1687737600000,2023-06-26,609975.384051253,"{'SPY': 0.4, 'HYG': 0.3, 'LQD': 0.2, 'GLD': 0.1}",0.0
1687824000000,2023-06-27,612850.6465029855,"{'SPY': 0.4, 'HYG': 0.3, 'LQD': 0.2, 'GLD': 0.1}",0.0
1687910400000,2023-06-28,614429.3020603415,"{'SPY': 0.4, 'HYG': 0.3, 'LQD': 0.2, 'GLD': 0.1}",0.0
1687996800000,2023-06-29,613908.394041895,"{'SPY': 0.4, 'HYG': 0.3, 'LQD': 0.2, 'GLD': 0.1}",0.0
1688083200000,2023-06-30,619006.3327121278,"{'SPY': 0.4, 'HYG': 0.3, 'LQD': 0.2, 'GLD': 0.1}",0.0
1688342400000,2023-07-03,618722.8360704705,"{'SPY': 0.4, 'HYG': 0.3, 'LQD': 0.2, 'GLD': 0.1}",0.0
1688515200000,2023-07-05,616677.2324108083,"{'SPY': 0.4, 'HYG': 0.3, 'LQD': 0.2, 'GLD': 0.1}",0.0
1688601600000,2023-07-06,611969.4387042369,"{'SPY': 0.4, 'HYG': 0.3, 'LQD': 0.2, 'GLD': 0.1}",0.0
1688688000000,2023-07-07,611868.8337554008,"{'SPY': 0.4, 'HYG': 0.3, 'LQD': 0.2, 'GLD': 0.1}",0.0
1688947200000,2023-07-10,614093.6367943729,"{'SPY': 0.4, 'HYG': 0.3, 'LQD': 0.2, 'GLD': 0.1}",0.0
1689033600000,2023-07-11,617459.8438463251,"{'SPY': 0.4, 'HYG': 0.3, 'LQD': 0.2, 'GLD': 0.1}",0.0
1689120000000,2023-07-12,622812.0909587243,"{'SPY': 0.4, 'HYG': 0.3, 'LQD': 0.2, 'GLD': 0.1}",0.0
1689206400000,2023-07-13,626832.3047233708,"{'SPY': 0.4, 'HYG': 0.3, 'LQD': 0.2, 'GLD': 0.1}",0.0
1689292800000,2023-07-14,624136.7406991316,"{'SPY': 0.4, 'HYG': 0.3, 'LQD': 0.2, 'GLD': 0.1}",0.0
1689552000000,2023-07-17,625606.458540825,"{'SPY': 0.4, 'HYG': 0.3, 'LQD': 0.2, 'GLD': 0.1}",0.0
1689638400000,2023-07-18,629020.4290839634,"{'SPY': 0.4, 'HYG': 0.3, 'LQD': 0.2, 'GLD': 0.1}",0.0
1689724800000,2023-07-19,630451.4338532328,"{'SPY': 0.4, 'HYG': 0.3, 'LQD': 0.2, 'GLD': 0.1}",0.0
1689811200000,2023-07-20,626784.2620089686,"{'SPY': 0.4, 'HYG': 0.3, 'LQD': 0.2, 'GLD': 0.1}",0.0
1689897600000,2023-07-21,627288.3557196113,"{'SPY': 0.4, 'HYG': 0.3, 'LQD': 0.2, 'GLD': 0.1}",0.0
1690156800000,2023-07-24,627665.0854946898,"{'SPY': 0.4, 'HYG': 0.3, 'LQD': 0.2, 'GLD': 0.1}",0.0
1690243200000,2023-07-25,628376.9675870937,"{'SPY': 0.4, 'HYG': 0.3, 'LQD': 0.2, 'GLD': 0.1}",0.0
1690329600000,2023-07-26,630057.948702857,"{'SPY': 0.4, 'HYG': 0.3, 'LQD': 0.2, 'GLD': 0.1}",0.0
1690416000000,2023-07-27,624357.0034382407,"{'SPY': 0.4, 'HYG': 0.3, 'LQD': 0.2, 'GLD': 0.1}",0.0
1690502400000,2023-07-28,629194.0398751653,"{'SPY': 0.4, 'HYG': 0.3, 'LQD': 0.2, 'GLD': 0.1}",0.0
1690761600000,2023-07-31,630392.5429900341,"{'SPY': 0.6, 'QQQ': 0.2, 'HYG': 0.1, 'GLD': 0.1}",0.0
1690848000000,2023-08-01,628052.3118300488,"{'SPY': 0.6, 'QQQ': 0.2, 'HYG': 0.1, 'GLD': 0.1}",0.0
1690934400000,2023-08-02,619485.7549312528,"{'SPY': 0.6, 'QQQ': 0.2, 'HYG': 0.1, 'GLD': 0.1}",0.0
1691020800000,2023-08-03,618001.6106280028,"{'SPY': 0.6, 'QQQ': 0.2, 'HYG': 0.1, 'GLD': 0.1}",0.0
1691107200000,2023-08-04,616336.056142452,"{'SPY': 0.6, 'QQQ': 0.2, 'HYG': 0.1, 'GLD': 0.1}",0.0
1691366400000,2023-08-07,620582.8914642315,"{'SPY': 0.6, 'QQQ': 0.2, 'HYG': 0.1, 'GLD': 0.1}",0.0
1691452800000,2023-08-08,617647.6215132566,"{'SPY': 0.6, 'QQQ': 0.2, 'HYG': 0.1, 'GLD': 0.1}",0.0
1691539200000,2023-08-09,613526.354733022,"{'SPY': 0.6, 'QQQ': 0.2, 'HYG': 0.1, 'GLD': 0.1}",0.0
1691625600000,2023-08-10,613803.3243038434,"{'SPY': 0.6, 'QQQ': 0.2, 'HYG': 0.1, 'GLD': 0.1}",0.0
1691712000000,2023-08-11,612715.7969884922,"{'SPY': 0.6, 'QQQ': 0.2, 'HYG': 0.1, 'GLD': 0.1}",0.0
1691971200000,2023-08-14,615925.7793557345,"{'SPY': 0.6, 'QQQ': 0.2, 'HYG': 0.1, 'GLD': 0.1}",0.0
1692057600000,2023-08-15,609952.6676319886,"{'SPY': 0.6, 'QQQ': 0.2, 'HYG': 0.1, 'GLD': 0.1}",0.0
1692144000000,2023-08-16,605434.9421655367,"{'SPY': 0.6, 'QQQ': 0.2, 'HYG': 0.1, 'GLD': 0.1}",0.0
1692230400000,2023-08-17,600998.7996294573,"{'SPY': 0.6, 'QQQ': 0.2, 'HYG': 0.1, 'GLD': 0.1}",0.0
1692316800000,2023-08-18,601072.3718063243,"{'SPY': 0.6, 'QQQ': 0.2, 'HYG': 0.1, 'GLD': 0.1}",0.0
1692576000000,2023-08-21,605503.9771041231,"{'SPY': 0.6, 'QQQ': 0.2, 'HYG': 0.1, 'GLD': 0.1}",0.0
1692662400000,2023-08-22,604479.4530634085,"{'SPY': 0.6, 'QQQ': 0.2, 'HYG': 0.1, 'GLD': 0.1}",0.0
1692748800000,2023-08-23,611529.1336472642,"{'SPY': 0.6, 'QQQ': 0.2, 'HYG': 0.1, 'GLD': 0.1}",0.0
1692835200000,2023-08-24,603480.3208805689,"{'SPY': 0.6, 'QQQ': 0.2, 'HYG': 0.1, 'GLD': 0.1}",0.0
1692921600000,2023-08-25,607142.2957908988,"{'SPY': 0.6, 'QQQ': 0.2, 'HYG': 0.1, 'GLD': 0.1}",0.0
1693180800000,2023-08-28,610768.5500658436,"{'SPY': 0.6, 'QQQ': 0.2, 'HYG': 0.1, 'GLD': 0.1}",0.0
1693267200000,2023-08-29,619713.4210645343,"{'SPY': 0.6, 'QQQ': 0.2, 'HYG': 0.1, 'GLD': 0.1}",0.0
1693353600000,2023-08-30,622066.4654611956,"{'SPY': 0.6, 'QQQ': 0.2, 'HYG': 0.1, 'GLD': 0.1}",0.0
1693440000000,2023-08-31,621748.4845090259,"{'SPY': 0.6, 'QQQ': 0.2, 'HYG': 0.1, 'GLD': 0.1}",0.0
1693526400000,2023-09-01,622460.8162740762,"{'SPY': 0.6, 'QQQ': 0.2, 'HYG': 0.1, 'GLD': 0.1}",0.0
1693872000000,2023-09-05,620090.5755573503,"{'SPY': 0.6, 'QQQ': 0.2, 'HYG': 0.1, 'GLD': 0.1}",0.0
1693958400000,2023-09-06,616066.3593858561,"{'SPY': 0.6, 'QQQ': 0.2, 'HYG': 0.1, 'GLD': 0.1}",0.0
1694044800000,2023-09-07,614323.1447634835,"{'SPY': 0.6, 'QQQ': 0.2, 'HYG': 0.1, 'GLD': 0.1}",0.0
1694131200000,2023-09-08,615045.9432610397,"{'SPY': 0.6, 'QQQ': 0.2, 'HYG': 0.1, 'GLD': 0.1}",0.0
1694390400000,2023-09-11,619143.4546086101,"{'SPY': 0.6, 'QQQ': 0.2, 'HYG': 0.1, 'GLD': 0.1}",0.0
1694476800000,2023-09-12,615313.9308558466,"{'SPY': 0.6, 'QQQ': 0.2, 'HYG': 0.1, 'GLD': 0.1}",0.0
1694563200000,2023-09-13,616235.9070589752,"{'SPY': 0.6, 'QQQ': 0.2, 'HYG': 0.1, 'GLD': 0.1}",0.0
1694649600000,2023-09-14,620537.1800744417,"{'SPY': 0.6, 'QQQ': 0.2, 'HYG': 0.1, 'GLD': 0.1}",0.0
1694736000000,2023-09-15,614104.1324730921,"{'SPY': 0.6, 'QQQ': 0.2, 'HYG': 0.1, 'GLD': 0.1}",0.0
1694995200000,2023-09-18,614850.9205865834,"{'SPY': 0.6, 'QQQ': 0.2, 'HYG': 0.1, 'GLD': 0.1}",0.0
1695081600000,2023-09-19,613576.1973389188,"{'SPY': 0.6, 'QQQ': 0.2, 'HYG': 0.1, 'GLD': 0.1}",0.0
1695168000000,2023-09-20,608418.4066377617,"{'SPY': 0.6, 'QQQ': 0.2, 'HYG': 0.1, 'GLD': 0.1}",0.0
1695254400000,2023-09-21,599280.4784501923,"{'SPY': 0.6, 'QQQ': 0.2, 'HYG': 0.1, 'GLD': 0.1}",0.0
1695340800000,2023-09-22,598785.9931569953,"{'SPY': 0.6, 'QQQ': 0.2, 'HYG': 0.1, 'GLD': 0.1}",0.0
1695600000000,2023-09-25,600476.3170255277,"{'SPY': 0.6, 'QQQ': 0.2, 'HYG': 0.1, 'GLD': 0.1}",0.0
1695686400000,2023-09-26,592640.0322066708,"{'SPY': 0.6, 'QQQ': 0.2, 'HYG': 0.1, 'GLD': 0.1}",0.0
1695772800000,2023-09-27,592246.2729439257,"{'SPY': 0.6, 'QQQ': 0.2, 'HYG': 0.1, 'GLD': 0.1}",0.0
1695859200000,2023-09-28,595283.3971166592,"{'SPY': 0.6, 'QQQ': 0.2, 'HYG': 0.1, 'GLD': 0.1}",0.0
1695945600000,2023-09-29,593802.6125314832,"{'SPY': 0.6, 'QQQ': 0.2, 'HYG': 0.1, 'GLD': 0.1}",0.0
1696204800000,2023-10-02,593668.347656835,"{'SPY': 0.6, 'QQQ': 0.2, 'HYG': 0.1, 'GLD': 0.1}",0.0
1696291200000,2023-10-03,586042.2683402399,"{'SPY': 0.6, 'QQQ': 0.2, 'HYG': 0.1, 'GLD': 0.1}",0.0
1696377600000,2023-10-04,590491.530027384,"{'SPY': 0.6, 'QQQ': 0.2, 'HYG': 0.1, 'GLD': 0.1}",0.0
1696464000000,2023-10-05,589958.7729769474,"{'SPY': 0.6, 'QQQ': 0.2, 'HYG': 0.1, 'GLD': 0.1}",0.0
1696550400000,2023-10-06,596523.8167231639,"{'SPY': 0.6, 'QQQ': 0.2, 'HYG': 0.1, 'GLD': 0.1}",0.0
1696809600000,2023-10-09,600963.5451853356,"{'SPY': 0.6, 'QQQ': 0.2, 'HYG': 0.1, 'GLD': 0.1}",0.0
1696896000000,2023-10-10,603388.6553944183,"{'SPY': 0.6, 'QQQ': 0.2, 'HYG': 0.1, 'GLD': 0.1}",0.0
1696982400000,2023-10-11,606165.1752027761,"{'SPY': 0.6, 'QQQ': 0.2, 'HYG': 0.1, 'GLD': 0.1}",0.0
1697068800000,2023-10-12,603018.7551285102,"{'SPY': 0.6, 'QQQ': 0.2, 'HYG': 0.1, 'GLD': 0.1}",0.0
1697155200000,2023-10-13,601589.5380284418,"{'SPY': 0.6, 'QQQ': 0.2, 'HYG': 0.1, 'GLD': 0.1}",0.0
1697414400000,2023-10-16,606438.4257734724,"{'SPY': 0.6, 'QQQ': 0.2, 'HYG': 0.1, 'GLD': 0.1}",0.0
1697500800000,2023-10-17,605853.4284723653,"{'SPY': 0.6, 'QQQ': 0.2, 'HYG': 0.1, 'GLD': 0.1}",0.0
1697587200000,2023-10-18,600003.8392859246,"{'SPY': 0.6, 'QQQ': 0.2, 'HYG': 0.1, 'GLD': 0.1}",0.0
1697673600000,2023-10-19,596237.8938333165,"{'SPY': 0.6, 'QQQ': 0.2, 'HYG': 0.1, 'GLD': 0.1}",0.0
1697760000000,2023-10-20,590350.3751584244,"{'SPY': 0.6, 'QQQ': 0.2, 'HYG': 0.1, 'GLD': 0.1}",0.0
1698019200000,2023-10-23,590131.3762612827,"{'SPY': 0.6, 'QQQ': 0.2, 'HYG': 0.1, 'GLD': 0.1}",0.0
1698105600000,2023-10-24,594244.9763556904,"{'SPY': 0.6, 'QQQ': 0.2, 'HYG': 0.1, 'GLD': 0.1}",0.0
1698192000000,2023-10-25,586149.6257840542,"{'SPY': 0.6, 'QQQ': 0.2, 'HYG': 0.1, 'GLD': 0.1}",0.0
1698278400000,2023-10-26,579998.5593143221,"{'SPY': 0.6, 'QQQ': 0.2, 'HYG': 0.1, 'GLD': 0.1}",0.0
1698364800000,2023-10-27,579580.6018075385,"{'SPY': 0.6, 'QQQ': 0.2, 'HYG': 0.1, 'GLD': 0.1}",0.0
1698624000000,2023-10-30,584733.094017244,"{'SPY': 0.6, 'QQQ': 0.2, 'HYG': 0.1, 'GLD': 0.1}",0.0
1698710400000,2023-10-31,587330.1795539029,"{'SPY': 0.6, 'QQQ': 0.2, 'HYG': 0.1, 'GLD': 0.1}",0.0
1698796800000,2023-11-01,593502.0758624381,"{'SPY': 0.6, 'QQQ': 0.2, 'HYG': 0.1, 'GLD': 0.1}",0.0
1698883200000,2023-11-02,603346.4809653064,"{'SPY': 0.6, 'QQQ': 0.2, 'HYG': 0.1, 'GLD': 0.1}",0.0
1698969600000,2023-11-03,608875.9101911254,"{'SPY': 0.6, 'QQQ': 0.2, 'HYG': 0.1, 'GLD': 0.1}",0.0
1699228800000,2023-11-06,609493.2060929002,"{'SPY': 0.6, 'QQQ': 0.2, 'HYG': 0.1, 'GLD': 0.1}",0.0
1699315200000,2023-11-07,611441.8058374628,"{'SPY': 0.6, 'QQQ': 0.2, 'HYG': 0.1, 'GLD': 0.1}",0.0
1699401600000,2023-11-08,611212.8260186951,"{'SPY': 0.6, 'QQQ': 0.2, 'HYG': 0.1, 'GLD': 0.1}",0.0
1699488000000,2023-11-09,607276.4042843137,"{'SPY': 0.6, 'QQQ': 0.2, 'HYG': 0.1, 'GLD': 0.1}",0.0
1699574400000,2023-11-10,615326.9451715581,"{'SPY': 0.6, 'QQQ': 0.2, 'HYG': 0.1, 'GLD': 0.1}",0.0
1699833600000,2023-11-13,614875.9000731163,"{'SPY': 0.6, 'QQQ': 0.2, 'HYG': 0.1, 'GLD': 0.1}",0.0
1699920000000,2023-11-14,625852.158746895,"{'SPY': 0.6, 'QQQ': 0.2, 'HYG': 0.1, 'GLD': 0.1}",0.0
1700006400000,2023-11-15,626375.4552231905,"{'SPY': 0.6, 'QQQ': 0.2, 'HYG': 0.1, 'GLD': 0.1}",0.0
1700092800000,2023-11-16,627733.3260612825,"{'SPY': 0.6, 'QQQ': 0.2, 'HYG': 0.1, 'GLD': 0.1}",0.0
1700179200000,2023-11-17,628367.3007879923,"{'SPY': 0.6, 'QQQ': 0.2, 'HYG': 0.1, 'GLD': 0.1}",0.0
1700438400000,2023-11-20,632764.0819391755,"{'SPY': 0.6, 'QQQ': 0.2, 'HYG': 0.1, 'GLD': 0.1}",0.0
1700524800000,2023-11-21,631969.2873481909,"{'SPY': 0.6, 'QQQ': 0.2, 'HYG': 0.1, 'GLD': 0.1}",0.0
1700611200000,2023-11-22,633790.7736809421,"{'SPY': 0.6, 'QQQ': 0.2, 'HYG': 0.1, 'GLD': 0.1}",0.0
1700784000000,2023-11-24,634108.1853594513,"{'SPY': 0.6, 'QQQ': 0.2, 'HYG': 0.1, 'GLD': 0.1}",0.0
1701043200000,2023-11-27,633832.528859196,"{'SPY': 0.6, 'QQQ': 0.2, 'HYG': 0.1, 'GLD': 0.1}",0.0
1701129600000,2023-11-28,635664.8697976217,"{'SPY': 0.6, 'QQQ': 0.2, 'HYG': 0.1, 'GLD': 0.1}",0.0
1701216000000,2023-11-29,635712.2610681494,"{'SPY': 0.6, 'QQQ': 0.2, 'HYG': 0.1, 'GLD': 0.1}",0.0
1701302400000,2023-11-30,636512.1977135785,"{'SPY': 0.6, 'QQQ': 0.2, 'HYG': 0.1, 'GLD': 0.1}",0.0
1701388800000,2023-12-01,640761.2797414273,"{'SPY': 0.6, 'QQQ': 0.2, 'HYG': 0.1, 'GLD': 0.1}",0.0
1701648000000,2023-12-04,636008.2577496569,"{'SPY': 0.6, 'QQQ': 0.2, 'HYG': 0.1, 'GLD': 0.1}",0.0
1701734400000,2023-12-05,636070.7948152416,"{'SPY': 0.6, 'QQQ': 0.2, 'HYG': 0.1, 'GLD': 0.1}",0.0
1701820800000,2023-12-06,634039.9753225396,"{'SPY': 0.6, 'QQQ': 0.2, 'HYG': 0.1, 'GLD': 0.1}",0.0
1701907200000,2023-12-07,638927.8634453809,"{'SPY': 0.6, 'QQQ': 0.2, 'HYG': 0.1, 'GLD': 0.1}",0.0
1701993600000,2023-12-08,640166.98593689,"{'SPY': 0.6, 'QQQ': 0.2, 'HYG': 0.1, 'GLD': 0.1}",0.0
1702252800000,2023-12-11,642005.5890646136,"{'SPY': 0.6, 'QQQ': 0.2, 'HYG': 0.1, 'GLD': 0.1}",0.0
1702339200000,2023-12-12,644896.4871667518,"{'SPY': 0.6, 'QQQ': 0.2, 'HYG': 0.1, 'GLD': 0.1}",0.0
1702425600000,2023-12-13,654312.2755094043,"{'SPY': 0.6, 'QQQ': 0.2, 'HYG': 0.1, 'GLD': 0.1}",0.0
1702512000000,2023-12-14,656131.3057998853,"{'SPY': 0.6, 'QQQ': 0.2, 'HYG': 0.1, 'GLD': 0.1}",0.0
1702598400000,2023-12-15,655371.3712356833,"{'SPY': 0.6, 'QQQ': 0.2, 'HYG': 0.1, 'GLD': 0.1}",0.0
1702857600000,2023-12-18,658749.3607198363,"{'SPY': 0.6, 'QQQ': 0.2, 'HYG': 0.1, 'GLD': 0.1}",0.0
1702944000000,2023-12-19,662463.1602319266,"{'SPY': 0.6, 'QQQ': 0.2, 'HYG': 0.1, 'GLD': 0.1}",0.0
1703030400000,2023-12-20,654634.2042020166,"{'SPY': 0.6, 'QQQ': 0.2, 'HYG': 0.1, 'GLD': 0.1}",0.0
1703116800000,2023-12-21,660641.5253103267,"{'SPY': 0.6, 'QQQ': 0.2, 'HYG': 0.1, 'GLD': 0.1}",0.0
1703203200000,2023-12-22,661852.106114853,"{'SPY': 0.6, 'QQQ': 0.2, 'HYG': 0.1, 'GLD': 0.1}",0.0
1703548800000,2023-12-26,664971.7846134497,"{'SPY': 0.6, 'QQQ': 0.2, 'HYG': 0.1, 'GLD': 0.1}",0.0
1703635200000,2023-12-27,666539.8364086039,"{'SPY': 0.6, 'QQQ': 0.2, 'HYG': 0.1, 'GLD': 0.1}",0.0
1703721600000,2023-12-28,666024.6552947453,"{'SPY': 0.6, 'QQQ': 0.2, 'HYG': 0.1, 'GLD': 0.1}",0.0
1703808000000,2023-12-29,663929.7886315685,"{'SPY': 0.6, 'QQQ': 0.2, 'HYG': 0.1, 'GLD': 0.1}",0.0
1704153600000,2024-01-02,659074.0443069369,"{'SPY': 0.6, 'QQQ': 0.2, 'HYG': 0.1, 'GLD': 0.1}",0.0
1704240000000,2024-01-03,653720.8162255514,"{'SPY': 0.6, 'QQQ': 0.2, 'HYG': 0.1, 'GLD': 0.1}",0.0
1704326400000,2024-01-04,651595.2753188697,"{'SPY': 0.6, 'QQQ': 0.2, 'HYG': 0.1, 'GLD': 0.1}",0.0
1704412800000,2024-01-05,652346.6533541811,"{'SPY': 0.6, 'QQQ': 0.2, 'HYG': 0.1, 'GLD': 0.1}",0.0
1704672000000,2024-01-08,660486.9235559262,"{'SPY': 0.6, 'QQQ': 0.2, 'HYG': 0.1, 'GLD': 0.1}",0.0
1704758400000,2024-01-09,660270.5000881925,"{'SPY': 0.6, 'QQQ': 0.2, 'HYG': 0.1, 'GLD': 0.1}",0.0
1704844800000,2024-01-10,663374.5598269287,"{'SPY': 0.6, 'QQQ': 0.2, 'HYG': 0.1, 'GLD': 0.1}",0.0
1704931200000,2024-01-11,663820.5499717343,"{'SPY': 0.6, 'QQQ': 0.2, 'HYG': 0.1, 'GLD': 0.1}",0.0
1705017600000,2024-01-12,664883.1173544704,"{'SPY': 0.6, 'QQQ': 0.2, 'HYG': 0.1, 'GLD': 0.1}",0.0
1705363200000,2024-01-16,662355.3806580714,"{'SPY': 0.6, 'QQQ': 0.2, 'HYG': 0.1, 'GLD': 0.1}",0.0
1705449600000,2024-01-17,658386.3419935979,"{'SPY': 0.6, 'QQQ': 0.2, 'HYG': 0.1, 'GLD': 0.1}",0.0
1705536000000,2024-01-18,664447.463875888,"{'SPY': 0.6, 'QQQ': 0.2, 'HYG': 0.1, 'GLD': 0.1}",0.0
1705622400000,2024-01-19,672363.3478348085,"{'SPY': 0.6, 'QQQ': 0.2, 'HYG': 0.1, 'GLD': 0.1}",0.0
1705881600000,2024-01-22,673190.1337517798,"{'SPY': 0.6, 'QQQ': 0.2, 'HYG': 0.1, 'GLD': 0.1}",0.0
1705968000000,2024-01-23,675110.9102661805,"{'SPY': 0.6, 'QQQ': 0.2, 'HYG': 0.1, 'GLD': 0.1}",0.0
1706054400000,2024-01-24,675711.1755695636,"{'SPY': 0.6, 'QQQ': 0.2, 'HYG': 0.1, 'GLD': 0.1}",0.0
1706140800000,2024-01-25,678866.6171008844,"{'SPY': 0.6, 'QQQ': 0.2, 'HYG': 0.1, 'GLD': 0.1}",0.0
1706227200000,2024-01-26,677440.683776151,"{'SPY': 0.6, 'QQQ': 0.2, 'HYG': 0.1, 'GLD': 0.1}",0.0
1706486400000,2024-01-29,682673.6440190895,"{'SPY': 0.6, 'QQQ': 0.2, 'HYG': 0.1, 'GLD': 0.1}",0.0
1706572800000,2024-01-30,681454.3982469473,"{'SPY': 0.6, 'QQQ': 0.2, 'HYG': 0.1, 'GLD': 0.1}",0.0
1706659200000,2024-01-31,671869.796072296,"{'SPY': 0.6, 'QQQ': 0.2, 'HYG': 0.1, 'GLD': 0.1}",0.0
1706745600000,2024-02-01,679813.9828294412,"{'SPY': 0.6, 'QQQ': 0.2, 'HYG': 0.1, 'GLD': 0.1}",0.0
1706832000000,2024-02-02,685456.2840350787,"{'SPY': 0.6, 'QQQ': 0.2, 'HYG': 0.1, 'GLD': 0.1}",0.0
1707091200000,2024-02-05,683082.1416171254,"{'SPY': 0.6, 'QQQ': 0.2, 'HYG': 0.1, 'GLD': 0.1}",0.0
1707177600000,2024-02-06,684603.7180165374,"{'SPY': 0.6, 'QQQ': 0.2, 'HYG': 0.1, 'GLD': 0.1}",0.0
1707264000000,2024-02-07,689535.8500641288,"{'SPY': 0.6, 'QQQ': 0.2, 'HYG': 0.1, 'GLD': 0.1}",0.0
1707350400000,2024-02-08,689876.0693886839,"{'SPY': 0.6, 'QQQ': 0.2, 'HYG': 0.1, 'GLD': 0.1}",0.0
1707436800000,2024-02-09,693501.9647904717,"{'SPY': 0.6, 'QQQ': 0.2, 'HYG': 0.1, 'GLD': 0.1}",0.0
1707696000000,2024-02-12,692443.1637714349,"{'SPY': 0.6, 'QQQ': 0.2, 'HYG': 0.1, 'GLD': 0.1}",0.0
1707782400000,2024-02-13,683049.8916805492,"{'SPY': 0.6, 'QQQ': 0.2, 'HYG': 0.1, 'GLD': 0.1}",0.0
1707868800000,2024-02-14,688489.8691944764,"{'SPY': 0.6, 'QQQ': 0.2, 'HYG': 0.1, 'GLD': 0.1}",0.0
1707955200000,2024-02-15,692454.9015570205,"{'SPY': 0.6, 'QQQ': 0.2, 'HYG': 0.1, 'GLD': 0.1}",0.0
1708041600000,2024-02-16,689177.1865672976,"{'SPY': 0.6, 'QQQ': 0.2, 'HYG': 0.1, 'GLD': 0.1}",0.0
1708387200000,2024-02-20,686421.6126164702,"{'SPY': 0.6, 'QQQ': 0.2, 'HYG': 0.1, 'GLD': 0.1}",0.0
1708473600000,2024-02-21,686124.2813380077,"{'SPY': 0.6, 'QQQ': 0.2, 'HYG': 0.1, 'GLD': 0.1}",0.0
1708560000000,2024-02-22,699020.660183295,"{'SPY': 0.6, 'QQQ': 0.2, 'HYG': 0.1, 'GLD': 0.1}",0.0
1708646400000,2024-02-23,699338.5030584016,"{'SPY': 0.6, 'QQQ': 0.2, 'HYG': 0.1, 'GLD': 0.1}",0.0
1708905600000,2024-02-26,697346.3273939717,"{'SPY': 0.6, 'QQQ': 0.2, 'HYG': 0.1, 'GLD': 0.1}",0.0
1708992000000,2024-02-27,698475.3985890986,"{'SPY': 0.6, 'QQQ': 0.2, 'HYG': 0.1, 'GLD': 0.1}",0.0
1709078400000,2024-02-28,697294.9890999761,"{'SPY': 0.6, 'QQQ': 0.2, 'HYG': 0.1, 'GLD': 0.1}",0.0
1709164800000,2024-02-29,700479.7536045071,"{'SPY': 0.6, 'QQQ': 0.2, 'HYG': 0.1, 'GLD': 0.1}",0.0
1709251200000,2024-03-01,708121.9192322169,"{'SPY': 0.6, 'QQQ': 0.2, 'HYG': 0.1, 'GLD': 0.1}",0.0
1709510400000,2024-03-04,708287.9661120819,"{'SPY': 0.6, 'QQQ': 0.2, 'HYG': 0.1, 'GLD': 0.1}",0.0
1709596800000,2024-03-05,701869.3845920013,"{'SPY': 0.6, 'QQQ': 0.2, 'HYG': 0.1, 'GLD': 0.1}",0.0
1709683200000,2024-03-06,705634.9327281645,"{'SPY': 0.6, 'QQQ': 0.2, 'HYG': 0.1, 'GLD': 0.1}",0.0
1709769600000,2024-03-07,712462.8527291742,"{'SPY': 0.6, 'QQQ': 0.2, 'HYG': 0.1, 'GLD': 0.1}",0.0
1709856000000,2024-03-08,708460.8343385372,"{'SPY': 0.6, 'QQQ': 0.2, 'HYG': 0.1, 'GLD': 0.1}",0.0
1710115200000,2024-03-11,707690.1020997677,"{'SPY': 0.6, 'QQQ': 0.2, 'HYG': 0.1, 'GLD': 0.1}",0.0
1710201600000,2024-03-12,713576.6135343147,"{'SPY': 0.6, 'QQQ': 0.2, 'HYG': 0.1, 'GLD': 0.1}",0.0
1710288000000,2024-03-13,712336.1422938069,"{'SPY': 0.6, 'QQQ': 0.2, 'HYG': 0.1, 'GLD': 0.1}",0.0
1710374400000,2024-03-14,710494.5236296956,"{'SPY': 0.6, 'QQQ': 0.2, 'HYG': 0.1, 'GLD': 0.1}",0.0
1710460800000,2024-03-15,705605.223296066,"{'SPY': 0.6, 'QQQ': 0.2, 'HYG': 0.1, 'GLD': 0.1}",0.0
1710720000000,2024-03-18,709745.0980427997,"{'SPY': 0.6, 'QQQ': 0.2, 'HYG': 0.1, 'GLD': 0.1}",0.0
1710806400000,2024-03-19,712668.4898520189,"{'SPY': 0.6, 'QQQ': 0.2, 'HYG': 0.1, 'GLD': 0.1}",0.0
1710892800000,2024-03-20,719401.3390994583,"{'SPY': 0.6, 'QQQ': 0.2, 'HYG': 0.1, 'GLD': 0.1}",0.0
1710979200000,2024-03-21,721396.9106677733,"{'SPY': 0.6, 'QQQ': 0.2, 'HYG': 0.1, 'GLD': 0.1}",0.0
1711065600000,2024-03-22,720088.4661790747,"{'SPY': 0.6, 'QQQ': 0.2, 'HYG': 0.1, 'GLD': 0.1}",0.0
1711324800000,2024-03-25,718490.9528582483,"{'SPY': 0.6, 'QQQ': 0.2, 'HYG': 0.1, 'GLD': 0.1}",0.0
1711411200000,2024-03-26,717378.5341309804,"{'SPY': 0.6, 'QQQ': 0.2, 'HYG': 0.1, 'GLD': 0.1}",0.0
1711497600000,2024-03-27,722383.4818458004,"{'SPY': 0.6, 'QQQ': 0.2, 'HYG': 0.1, 'GLD': 0.1}",0.0
1711584000000,2024-03-28,722808.4847048711,"{'SPY': 0.6, 'QQQ': 0.2, 'HYG': 0.1, 'GLD': 0.1}",0.0
1711929600000,2024-04-01,722803.4448520112,"{'SPY': 0.6, 'QQQ': 0.2, 'HYG': 0.1, 'GLD': 0.1}",0.0
1712016000000,2024-04-02,719744.2461974341,"{'SPY': 0.6, 'QQQ': 0.2, 'HYG': 0.1, 'GLD': 0.1}",0.0
1712102400000,2024-04-03,721229.2105274902,"{'SPY': 0.6, 'QQQ': 0.2, 'HYG': 0.1, 'GLD': 0.1}",0.0
1712188800000,2024-04-04,713271.7642996839,"{'SPY': 0.6, 'QQQ': 0.2, 'HYG': 0.1, 'GLD': 0.1}",0.0
1712275200000,2024-04-05,720579.4177812976,"{'SPY': 0.6, 'QQQ': 0.2, 'HYG': 0.1, 'GLD': 0.1}",0.0
1712534400000,2024-04-08,721481.4798639164,"{'SPY': 0.6, 'QQQ': 0.2, 'HYG': 0.1, 'GLD': 0.1}",0.0
1712620800000,2024-04-09,723062.5964840683,"{'SPY': 0.6, 'QQQ': 0.2, 'HYG': 0.1, 'GLD': 0.1}",0.0
1712707200000,2024-04-10,716134.7724713439,"{'SPY': 0.6, 'QQQ': 0.2, 'HYG': 0.1, 'GLD': 0.1}",0.0
1712793600000,2024-04-11,722990.7074567955,"{'SPY': 0.6, 'QQQ': 0.2, 'HYG': 0.1, 'GLD': 0.1}",0.0
1712880000000,2024-04-12,713702.799126274,"{'SPY': 0.6, 'QQQ': 0.2, 'HYG': 0.1, 'GLD': 0.1}",0.0
1713139200000,2024-04-15,706914.5310340159,"{'SPY': 0.6, 'QQQ': 0.2, 'HYG': 0.1, 'GLD': 0.1}",0.0
1713225600000,2024-04-16,706007.7455887948,"{'SPY': 0.6, 'QQQ': 0.2, 'HYG': 0.1, 'GLD': 0.1}",0.0
1713312000000,2024-04-17,701350.9852333216,"{'SPY': 0.6, 'QQQ': 0.2, 'HYG': 0.1, 'GLD': 0.1}",0.0
1713398400000,2024-04-18,699979.6731228188,"{'SPY': 0.6, 'QQQ': 0.2, 'HYG': 0.1, 'GLD': 0.1}",0.0
1713484800000,2024-04-19,693765.9051779121,"{'SPY': 0.6, 'QQQ': 0.2, 'HYG': 0.1, 'GLD': 0.1}",0.0
1713744000000,2024-04-22,697664.4556831582,"{'SPY': 0.6, 'QQQ': 0.2, 'HYG': 0.1, 'GLD': 0.1}",0.0
1713830400000,2024-04-23,704825.6145672953,"{'SPY': 0.6, 'QQQ': 0.2, 'HYG': 0.1, 'GLD': 0.1}",0.0
1713916800000,2024-04-24,704815.061205747,"{'SPY': 0.6, 'QQQ': 0.2, 'HYG': 0.1, 'GLD': 0.1}",0.0
1714003200000,2024-04-25,702800.7041120842,"{'SPY': 0.6, 'QQQ': 0.2, 'HYG': 0.1, 'GLD': 0.1}",0.0
1714089600000,2024-04-26,709413.4746869352,"{'SPY': 0.6, 'QQQ': 0.2, 'HYG': 0.1, 'GLD': 0.1}",0.0
1714348800000,2024-04-29,711565.8327832693,"{'SPY': 0.6, 'QQQ': 0.2, 'HYG': 0.1, 'GLD': 0.1}",0.0
1714435200000,2024-04-30,700181.919437439,"{'SPY': 0.6, 'QQQ': 0.2, 'HYG': 0.1, 'GLD': 0.1}",0.0
1714521600000,2024-05-01,698808.806861893,"{'SPY': 0.6, 'QQQ': 0.2, 'HYG': 0.1, 'GLD': 0.1}",0.0
1714608000000,2024-05-02,704729.1222831805,"{'SPY': 0.6, 'QQQ': 0.2, 'HYG': 0.1, 'GLD': 0.1}",0.0
1714694400000,2024-05-03,713040.7043262797,"{'SPY': 0.6, 'QQQ': 0.2, 'HYG': 0.1, 'GLD': 0.1}",0.0
1714953600000,2024-05-06,719854.1018872398,"{'SPY': 0.6, 'QQQ': 0.2, 'HYG': 0.1, 'GLD': 0.1}",0.0
1715040000000,2024-05-07,720031.7578714852,"{'SPY': 0.6, 'QQQ': 0.2, 'HYG': 0.1, 'GLD': 0.1}",0.0
1715126400000,2024-05-08,719608.7661364786,"{'SPY': 0.6, 'QQQ': 0.2, 'HYG': 0.1, 'GLD': 0.1}",0.0
1715212800000,2024-05-09,723564.7052267053,"{'SPY': 0.6, 'QQQ': 0.2, 'HYG': 0.1, 'GLD': 0.1}",0.0
1715299200000,2024-05-10,724939.4374112416,"{'SPY': 0.6, 'QQQ': 0.2, 'HYG': 0.1, 'GLD': 0.1}",0.0
1715558400000,2024-05-13,724501.4288715,"{'SPY': 0.6, 'QQQ': 0.2, 'HYG': 0.1, 'GLD': 0.1}",0.0
1715644800000,2024-05-14,728154.0325145625,"{'SPY': 0.6, 'QQQ': 0.2, 'HYG': 0.1, 'GLD': 0.1}",0.0
1715731200000,2024-05-15,737200.8663451773,"{'SPY': 0.6, 'QQQ': 0.2, 'HYG': 0.1, 'GLD': 0.1}",0.0
1715817600000,2024-05-16,735532.8675212665,"{'SPY': 0.6, 'QQQ': 0.2, 'HYG': 0.1, 'GLD': 0.1}",0.0
1715904000000,2024-05-17,737318.6934537853,"{'SPY': 0.6, 'QQQ': 0.2, 'HYG': 0.1, 'GLD': 0.1}",0.0
1716163200000,2024-05-20,739191.4487421662,"{'SPY': 0.6, 'QQQ': 0.2, 'HYG': 0.1, 'GLD': 0.1}",0.0
1716249600000,2024-05-21,740402.4586661311,"{'SPY': 0.6, 'QQQ': 0.2, 'HYG': 0.1, 'GLD': 0.1}",0.0
1716336000000,2024-05-22,737570.7363694139,"{'SPY': 0.6, 'QQQ': 0.2, 'HYG': 0.1, 'GLD': 0.1}",0.0
1716422400000,2024-05-23,731945.272665711,"{'SPY': 0.6, 'QQQ': 0.2, 'HYG': 0.1, 'GLD': 0.1}",0.0
1716508800000,2024-05-24,736560.5154406218,"{'SPY': 0.6, 'QQQ': 0.2, 'HYG': 0.1, 'GLD': 0.1}",0.0
1716854400000,2024-05-28,737903.9561814173,"{'SPY': 0.6, 'QQQ': 0.2, 'HYG': 0.1, 'GLD': 0.1}",0.0
1716940800000,2024-05-29,732855.8453348204,"{'SPY': 0.6, 'QQQ': 0.2, 'HYG': 0.1, 'GLD': 0.1}",0.0
1717027200000,2024-05-30,728804.5123837823,"{'SPY': 0.6, 'QQQ': 0.2, 'HYG': 0.1, 'GLD': 0.1}",0.0
1717113600000,2024-05-31,731868.822229255,"{'SPY': 0.25, 'TLT': 0.25, 'SHY': 0.25, 'GLD': 0.25}",0.0
1717372800000,2024-06-03,736816.2831414668,"{'SPY': 0.25, 'TLT': 0.25, 'SHY': 0.25, 'GLD': 0.25}",0.0
1717459200000,2024-06-04,737701.56865176,"{'SPY': 0.25, 'TLT': 0.25, 'SHY': 0.25, 'GLD': 0.25}",0.0
1717545600000,2024-06-05,743612.7581931002,"{'SPY': 0.25, 'TLT': 0.25, 'SHY': 0.25, 'GLD': 0.25}",0.0
1717632000000,2024-06-06,744727.4013000723,"{'SPY': 0.25, 'TLT': 0.25, 'SHY': 0.25, 'GLD': 0.25}",0.0
1717718400000,2024-06-07,733961.9609492696,"{'SPY': 0.25, 'TLT': 0.25, 'SHY': 0.25, 'GLD': 0.25}",0.0
1717977600000,2024-06-10,735010.4709972467,"{'SPY': 0.25, 'TLT': 0.25, 'SHY': 0.25, 'GLD': 0.25}",0.0
1718064000000,2024-06-11,738081.774819363,"{'SPY': 0.25, 'TLT': 0.25, 'SHY': 0.25, 'GLD': 0.25}",0.0
1718150400000,2024-06-12,741724.3678981904,"{'SPY': 0.25, 'TLT': 0.25, 'SHY': 0.25, 'GLD': 0.25}",0.0
1718236800000,2024-06-13,743607.9396554364,"{'SPY': 0.25, 'TLT': 0.25, 'SHY': 0.25, 'GLD': 0.25}",0.0
1718323200000,2024-06-14,747717.4244422273,"{'SPY': 0.25, 'TLT': 0.25, 'SHY': 0.25, 'GLD': 0.25}",0.0
1718582400000,2024-06-17,746195.4857517726,"{'SPY': 0.25, 'TLT': 0.25, 'SHY': 0.25, 'GLD': 0.25}",0.0
1718668800000,2024-06-18,749380.359565826,"{'SPY': 0.25, 'TLT': 0.25, 'SHY': 0.25, 'GLD': 0.25}",0.0
1718841600000,2024-06-20,749893.6333107211,"{'SPY': 0.25, 'TLT': 0.25, 'SHY': 0.25, 'GLD': 0.25}",0.0
1718928000000,2024-06-21,746806.7168760945,"{'SPY': 0.25, 'TLT': 0.25, 'SHY': 0.25, 'GLD': 0.25}",0.0
1719187200000,2024-06-24,747716.613123178,"{'SPY': 0.25, 'TLT': 0.25, 'SHY': 0.25, 'GLD': 0.25}",0.0
1719273600000,2024-06-25,747848.7574141206,"{'SPY': 0.25, 'TLT': 0.25, 'SHY': 0.25, 'GLD': 0.25}",0.0
1719360000000,2024-06-26,743502.7382928855,"{'SPY': 0.25, 'TLT': 0.25, 'SHY': 0.25, 'GLD': 0.25}",0.0
1719446400000,2024-06-27,746778.0977470645,"{'SPY': 0.25, 'TLT': 0.25, 'SHY': 0.25, 'GLD': 0.25}",0.0
1719532800000,2024-06-28,742610.0478299217,"{'SPY': 0.25, 'TLT': 0.25, 'SHY': 0.25, 'GLD': 0.25}",0.0
1719792000000,2024-07-01,740111.8330107493,"{'SPY': 0.25, 'TLT': 0.25, 'SHY': 0.25, 'GLD': 0.25}",0.0
1719878400000,2024-07-02,742948.1813705701,"{'SPY': 0.25, 'TLT': 0.25, 'SHY': 0.25, 'GLD': 0.25}",0.0
1719964800000,2024-07-03,748584.1603393415,"{'SPY': 0.25, 'TLT': 0.25, 'SHY': 0.25, 'GLD': 0.25}",0.0
1720137600000,2024-07-05,754081.1587951457,"{'SPY': 0.25, 'TLT': 0.25, 'SHY': 0.25, 'GLD': 0.25}",0.0
1720396800000,2024-07-08,752344.8112037233,"{'SPY': 0.25, 'TLT': 0.25, 'SHY': 0.25, 'GLD': 0.25}",0.0
1720483200000,2024-07-09,751969.2654122087,"{'SPY': 0.25, 'TLT': 0.25, 'SHY': 0.25, 'GLD': 0.25}",0.0
1720569600000,2024-07-10,755177.1108610174,"{'SPY': 0.25, 'TLT': 0.25, 'SHY': 0.25, 'GLD': 0.25}",0.0
1720656000000,2024-07-11,759170.5747094641,"{'SPY': 0.25, 'TLT': 0.25, 'SHY': 0.25, 'GLD': 0.25}",0.0
1720742400000,2024-07-12,761338.5892613772,"{'SPY': 0.25, 'TLT': 0.25, 'SHY': 0.25, 'GLD': 0.25}",0.0
1721001600000,2024-07-15,760288.0134990396,"{'SPY': 0.25, 'TLT': 0.25, 'SHY': 0.25, 'GLD': 0.25}",0.0
1721088000000,2024-07-16,767953.5582324638,"{'SPY': 0.25, 'TLT': 0.25, 'SHY': 0.25, 'GLD': 0.25}",0.0
1721174400000,2024-07-17,764434.3681560598,"{'SPY': 0.25, 'TLT': 0.25, 'SHY': 0.25, 'GLD': 0.25}",0.0
1721260800000,2024-07-18,760192.0987747457,"{'SPY': 0.25, 'TLT': 0.25, 'SHY': 0.25, 'GLD': 0.25}",0.0
1721347200000,2024-07-19,754310.0013037444,"{'SPY': 0.25, 'TLT': 0.25, 'SHY': 0.25, 'GLD': 0.25}",0.0
1721606400000,2024-07-22,755788.7877025156,"{'SPY': 0.25, 'TLT': 0.25, 'SHY': 0.25, 'GLD': 0.25}",0.0
1721692800000,2024-07-23,755984.0274625502,"{'SPY': 0.25, 'TLT': 0.25, 'SHY': 0.25, 'GLD': 0.25}",0.0
1721779200000,2024-07-24,749088.1054831274,"{'SPY': 0.25, 'TLT': 0.25, 'SHY': 0.25, 'GLD': 0.25}",0.0
1721865600000,2024-07-25,746740.0165078792,"{'SPY': 0.25, 'TLT': 0.25, 'SHY': 0.25, 'GLD': 0.25}",0.0
1721952000000,2024-07-26,752504.5977925902,"{'SPY': 0.25, 'TLT': 0.25, 'SHY': 0.25, 'GLD': 0.25}",0.0
1722211200000,2024-07-29,753385.2919008057,"{'SPY': 0.25, 'TLT': 0.25, 'SHY': 0.25, 'GLD': 0.25}",0.0
1722297600000,2024-07-30,755105.8217674384,"{'SPY': 0.25, 'TLT': 0.25, 'SHY': 0.25, 'GLD': 0.25}",0.0
1722384000000,2024-07-31,763914.7419721704,"{'SPY': 0.25, 'TLT': 0.25, 'SHY': 0.25, 'GLD': 0.25}",0.0
1722470400000,2024-08-01,762530.3891187437,"{'SPY': 0.25, 'TLT': 0.25, 'SHY': 0.25, 'GLD': 0.25}",0.0
1722556800000,2024-08-02,765625.079555044,"{'SPY': 0.25, 'TLT': 0.25, 'SHY': 0.25, 'GLD': 0.25}",0.0
1722816000000,2024-08-05,758587.7731007444,"{'SPY': 0.25, 'TLT': 0.25, 'SHY': 0.25, 'GLD': 0.25}",0.0
1722902400000,2024-08-06,754347.2726728561,"{'SPY': 0.25, 'TLT': 0.25, 'SHY': 0.25, 'GLD': 0.25}",0.0
1722988800000,2024-08-07,751516.8082587094,"{'SPY': 0.25, 'TLT': 0.25, 'SHY': 0.25, 'GLD': 0.25}",0.0
1723075200000,2024-08-08,757560.5557225081,"{'SPY': 0.25, 'TLT': 0.25, 'SHY': 0.25, 'GLD': 0.25}",0.0
1723161600000,2024-08-09,760774.4083647834,"{'SPY': 0.25, 'TLT': 0.25, 'SHY': 0.25, 'GLD': 0.25}",0.0
1723420800000,2024-08-12,764941.9382434143,"{'SPY': 0.25, 'TLT': 0.25, 'SHY': 0.25, 'GLD': 0.25}",0.0
1723507200000,2024-08-13,769421.3860575927,"{'SPY': 0.25, 'TLT': 0.25, 'SHY': 0.25, 'GLD': 0.25}",0.0
1723593600000,2024-08-14,769642.3676885194,"{'SPY': 0.25, 'TLT': 0.25, 'SHY': 0.25, 'GLD': 0.25}",0.0
1723680000000,2024-08-15,771525.7743039859,"{'SPY': 0.25, 'TLT': 0.25, 'SHY': 0.25, 'GLD': 0.25}",0.0
1723766400000,2024-08-16,777162.3576931234,"{'SPY': 0.25, 'TLT': 0.25, 'SHY': 0.25, 'GLD': 0.25}",0.0
1724025600000,2024-08-19,779552.0243484054,"{'SPY': 0.25, 'TLT': 0.25, 'SHY': 0.25, 'GLD': 0.25}",0.0
1724112000000,2024-08-20,781786.6033189128,"{'SPY': 0.25, 'TLT': 0.25, 'SHY': 0.25, 'GLD': 0.25}",0.0
1724198400000,2024-08-21,782529.3767929013,"{'SPY': 0.25, 'TLT': 0.25, 'SHY': 0.25, 'GLD': 0.25}",0.0
1724284800000,2024-08-22,776449.2764763944,"{'SPY': 0.25, 'TLT': 0.25, 'SHY': 0.25, 'GLD': 0.25}",0.0
1724371200000,2024-08-23,782471.67088935,"{'SPY': 0.25, 'TLT': 0.25, 'SHY': 0.25, 'GLD': 0.25}",0.0
1724630400000,2024-08-26,782037.7992536234,"{'SPY': 0.25, 'TLT': 0.25, 'SHY': 0.25, 'GLD': 0.25}",0.0
1724716800000,2024-08-27,782614.8257395788,"{'SPY': 0.25, 'TLT': 0.25, 'SHY': 0.25, 'GLD': 0.25}",0.0
1724803200000,2024-08-28,779840.8604892296,"{'SPY': 0.25, 'TLT': 0.25, 'SHY': 0.25, 'GLD': 0.25}",0.0
1724889600000,2024-08-29,780206.7518426962,"{'SPY': 0.25, 'TLT': 0.25, 'SHY': 0.25, 'GLD': 0.25}",0.0
1724976000000,2024-08-30,778598.8652883427,"{'SPY': 0.25, 'TLT': 0.25, 'SHY': 0.25, 'GLD': 0.25}",0.0
1725321600000,2024-09-03,777142.7359346995,"{'SPY': 0.25, 'TLT': 0.25, 'SHY': 0.25, 'GLD': 0.25}",0.0
1725408000000,2024-09-04,779790.8302233843,"{'SPY': 0.25, 'TLT': 0.25, 'SHY': 0.25, 'GLD': 0.25}",0.0
1725494400000,2024-09-05,782114.3443497067,"{'SPY': 0.25, 'TLT': 0.25, 'SHY': 0.25, 'GLD': 0.25}",0.0
1725580800000,2024-09-06,777710.7215730014,"{'SPY': 0.25, 'TLT': 0.25, 'SHY': 0.25, 'GLD': 0.25}",0.0
1725840000000,2024-09-09,781568.503804594,"{'SPY': 0.25, 'TLT': 0.25, 'SHY': 0.25, 'GLD': 0.25}",0.0
1725926400000,2024-09-10,784930.5732632619,"{'SPY': 0.25, 'TLT': 0.25, 'SHY': 0.25, 'GLD': 0.25}",0.0
1726012800000,2024-09-11,786310.3477269675,"{'SPY': 0.25, 'TLT': 0.25, 'SHY': 0.25, 'GLD': 0.25}",0.0
1726099200000,2024-09-12,790524.8668445918,"{'SPY': 0.25, 'TLT': 0.25, 'SHY': 0.25, 'GLD': 0.25}",0.0
1726185600000,2024-09-13,794340.7341923416,"{'SPY': 0.25, 'TLT': 0.25, 'SHY': 0.25, 'GLD': 0.25}",0.0
1726444800000,2024-09-16,796556.2774898147,"{'SPY': 0.25, 'TLT': 0.25, 'SHY': 0.25, 'GLD': 0.25}",0.0
1726531200000,2024-09-17,794429.5817840947,"{'SPY': 0.25, 'TLT': 0.25, 'SHY': 0.25, 'GLD': 0.25}",0.0
1726617600000,2024-09-18,789775.6821176107,"{'SPY': 0.25, 'TLT': 0.25, 'SHY': 0.25, 'GLD': 0.25}",0.0
1726704000000,2024-09-19,795725.4422770749,"{'SPY': 0.25, 'TLT': 0.25, 'SHY': 0.25, 'GLD': 0.25}",0.0
1726790400000,2024-09-20,797220.2385876792,"{'SPY': 0.25, 'TLT': 0.25, 'SHY': 0.25, 'GLD': 0.25}",0.0
1727049600000,2024-09-23,797681.7367190605,"{'SPY': 0.25, 'TLT': 0.25, 'SHY': 0.25, 'GLD': 0.25}",0.0
1727136000000,2024-09-24,801189.4244100912,"{'SPY': 0.25, 'TLT': 0.25, 'SHY': 0.25, 'GLD': 0.25}",0.0
1727222400000,2024-09-25,798637.6661992796,"{'SPY': 0.25, 'TLT': 0.25, 'SHY': 0.25, 'GLD': 0.25}",0.0
1727308800000,2024-09-26,800722.3163614738,"{'SPY': 0.25, 'TLT': 0.25, 'SHY': 0.25, 'GLD': 0.25}",0.0
1727395200000,2024-09-27,800197.5658305982,"{'SPY': 0.25, 'TLT': 0.25, 'SHY': 0.25, 'GLD': 0.25}",0.0
1727654400000,2024-09-30,798156.6752199351,"{'SPY': 0.25, 'TLT': 0.25, 'SHY': 0.25, 'GLD': 0.25}",0.0
1727740800000,2024-10-01,800030.907073185,"{'SPY': 0.25, 'TLT': 0.25, 'SHY': 0.25, 'GLD': 0.25}",0.0
1727827200000,2024-10-02,798422.2112415144,"{'SPY': 0.25, 'TLT': 0.25, 'SHY': 0.25, 'GLD': 0.25}",0.0
1727913600000,2024-10-03,795774.024039522,"{'SPY': 0.25, 'TLT': 0.25, 'SHY': 0.25, 'GLD': 0.25}",0.0
1728000000000,2024-10-04,794064.8175688311,"{'SPY': 0.25, 'TLT': 0.25, 'SHY': 0.25, 'GLD': 0.25}",0.0
1728259200000,2024-10-07,789837.1026674396,"{'SPY': 0.25, 'TLT': 0.25, 'SHY': 0.25, 'GLD': 0.25}",0.0
1728345600000,2024-10-08,790749.9084798597,"{'SPY': 0.25, 'TLT': 0.25, 'SHY': 0.25, 'GLD': 0.25}",0.0
1728432000000,2024-10-09,789726.9098401838,"{'SPY': 0.25, 'TLT': 0.25, 'SHY': 0.25, 'GLD': 0.25}",0.0
1728518400000,2024-10-10,790225.4538178446,"{'SPY': 0.25, 'TLT': 0.25, 'SHY': 0.25, 'GLD': 0.25}",0.0
1728604800000,2024-10-11,792934.194057494,"{'SPY': 0.25, 'TLT': 0.25, 'SHY': 0.25, 'GLD': 0.25}",0.0
1728864000000,2024-10-14,794284.3927161263,"{'SPY': 0.25, 'TLT': 0.25, 'SHY': 0.25, 'GLD': 0.25}",0.0
1728950400000,2024-10-15,795940.6806793356,"{'SPY': 0.25, 'TLT': 0.25, 'SHY': 0.25, 'GLD': 0.25}",0.0
1729036800000,2024-10-16,798759.8709960297,"{'SPY': 0.25, 'TLT': 0.25, 'SHY': 0.25, 'GLD': 0.25}",0.0
1729123200000,2024-10-17,796639.9171086198,"{'SPY': 0.25, 'TLT': 0.25, 'SHY': 0.25, 'GLD': 0.25}",0.0
1729209600000,2024-10-18,799838.2744100788,"{'SPY': 0.25, 'TLT': 0.25, 'SHY': 0.25, 'GLD': 0.25}",0.0
1729468800000,2024-10-21,795686.1352214242,"{'SPY': 0.25, 'TLT': 0.25, 'SHY': 0.25, 'GLD': 0.25}",0.0
1729555200000,2024-10-22,797896.3090223076,"{'SPY': 0.25, 'TLT': 0.25, 'SHY': 0.25, 'GLD': 0.25}",0.0
1729641600000,2024-10-23,793008.7108388442,"{'SPY': 0.25, 'TLT': 0.25, 'SHY': 0.25, 'GLD': 0.25}",0.0
1729728000000,2024-10-24,796329.2617438361,"{'SPY': 0.25, 'TLT': 0.25, 'SHY': 0.25, 'GLD': 0.25}",0.0
1729814400000,2024-10-25,795480.4605020634,"{'SPY': 0.25, 'TLT': 0.25, 'SHY': 0.25, 'GLD': 0.25}",0.0
1730073600000,2024-10-28,795466.9047447111,"{'SPY': 0.25, 'TLT': 0.25, 'SHY': 0.25, 'GLD': 0.25}",0.0
1730160000000,2024-10-29,798330.7446201036,"{'SPY': 0.25, 'TLT': 0.25, 'SHY': 0.25, 'GLD': 0.25}",0.0
1730246400000,2024-10-30,799241.9472070037,"{'SPY': 0.25, 'TLT': 0.25, 'SHY': 0.25, 'GLD': 0.25}",0.0
1730332800000,2024-10-31,792602.1743458473,"{'SPY': 0.25, 'TLT': 0.25, 'SHY': 0.25, 'GLD': 0.25}",0.0
1730419200000,2024-11-01,789766.9251620705,"{'SPY': 0.25, 'TLT': 0.25, 'SHY': 0.25, 'GLD': 0.25}",0.0
1730678400000,2024-11-04,792832.1445613038,"{'SPY': 0.25, 'TLT': 0.25, 'SHY': 0.25, 'GLD': 0.25}",0.0
1730764800000,2024-11-05,796680.1838366175,"{'SPY': 0.25, 'TLT': 0.25, 'SHY': 0.25, 'GLD': 0.25}",0.0
1730851200000,2024-11-06,789883.0510773662,"{'SPY': 0.25, 'TLT': 0.25, 'SHY': 0.25, 'GLD': 0.25}",0.0
1730937600000,2024-11-07,797395.5083368925,"{'SPY': 0.25, 'TLT': 0.25, 'SHY': 0.25, 'GLD': 0.25}",0.0
1731024000000,2024-11-08,799295.9749388738,"{'SPY': 0.25, 'TLT': 0.25, 'SHY': 0.25, 'GLD': 0.25}",0.0
1731283200000,2024-11-11,793677.8696515866,"{'SPY': 0.25, 'TLT': 0.25, 'SHY': 0.25, 'GLD': 0.25}",0.0
1731369600000,2024-11-12,788180.279911342,"{'SPY': 0.25, 'TLT': 0.25, 'SHY': 0.25, 'GLD': 0.25}",0.0
1731456000000,2024-11-13,784709.032054723,"{'SPY': 0.25, 'TLT': 0.25, 'SHY': 0.25, 'GLD': 0.25}",0.0
1731542400000,2024-11-14,783784.8045458894,"{'SPY': 0.25, 'TLT': 0.25, 'SHY': 0.25, 'GLD': 0.25}",0.0
1731628800000,2024-11-15,780622.2415201039,"{'SPY': 0.25, 'TLT': 0.25, 'SHY': 0.25, 'GLD': 0.25}",0.0
1731888000000,2024-11-18,785623.2478438223,"{'SPY': 0.25, 'TLT': 0.25, 'SHY': 0.25, 'GLD': 0.25}",0.0
1731974400000,2024-11-19,789102.0301041666,"{'SPY': 0.25, 'TLT': 0.25, 'SHY': 0.25, 'GLD': 0.25}",0.0
1732060800000,2024-11-20,789553.0781533805,"{'SPY': 0.25, 'TLT': 0.25, 'SHY': 0.25, 'GLD': 0.25}",0.0
1732147200000,2024-11-21,792057.7852679719,"{'SPY': 0.25, 'TLT': 0.25, 'SHY': 0.25, 'GLD': 0.25}",0.0
1732233600000,2024-11-22,795309.8683059402,"{'SPY': 0.25, 'TLT': 0.25, 'SHY': 0.25, 'GLD': 0.25}",0.0
1732492800000,2024-11-25,795662.20286337,"{'SPY': 0.25, 'TLT': 0.25, 'SHY': 0.25, 'GLD': 0.25}",0.0
1732579200000,2024-11-26,796314.1304151177,"{'SPY': 0.25, 'TLT': 0.25, 'SHY': 0.25, 'GLD': 0.25}",0.0
1732665600000,2024-11-27,797653.9441839502,"{'SPY': 0.25, 'TLT': 0.25, 'SHY': 0.25, 'GLD': 0.25}",0.0
1732838400000,2024-11-29,802913.318342853,"{'SPY': 0.25, 'TLT': 0.25, 'SHY': 0.25, 'GLD': 0.25}",0.0
1733097600000,2024-12-02,801985.9040334271,"{'SPY': 0.25, 'TLT': 0.25, 'SHY': 0.25, 'GLD': 0.25}",0.0
1733184000000,2024-12-03,800776.7992588362,"{'SPY': 0.25, 'TLT': 0.25, 'SHY': 0.25, 'GLD': 0.25}",0.0
1733270400000,2024-12-04,804998.085078239,"{'SPY': 0.25, 'TLT': 0.25, 'SHY': 0.25, 'GLD': 0.25}",0.0
1733356800000,2024-12-05,803584.6557240356,"{'SPY': 0.25, 'TLT': 0.25, 'SHY': 0.25, 'GLD': 0.25}",0.0
1733443200000,2024-12-06,804533.9691520254,"{'SPY': 0.25, 'TLT': 0.25, 'SHY': 0.25, 'GLD': 0.25}",0.0
1733702400000,2024-12-09,803566.1889561947,"{'SPY': 0.25, 'TLT': 0.25, 'SHY': 0.25, 'GLD': 0.25}",0.0
1733788800000,2024-12-10,804616.5225757917,"{'SPY': 0.25, 'TLT': 0.25, 'SHY': 0.25, 'GLD': 0.25}",0.0
1733875200000,2024-12-11,806138.6290550993,"{'SPY': 0.25, 'TLT': 0.25, 'SHY': 0.25, 'GLD': 0.25}",0.0
1733961600000,2024-12-12,799598.6883698803,"{'SPY': 0.25, 'TLT': 0.25, 'SHY': 0.25, 'GLD': 0.25}",0.0
1734048000000,2024-12-13,795003.3874431357,"{'SPY': 0.25, 'TLT': 0.25, 'SHY': 0.25, 'GLD': 0.25}",0.0
1734307200000,2024-12-16,796951.548299257,"{'SPY': 0.25, 'TLT': 0.25, 'SHY': 0.25, 'GLD': 0.25}",0.0
1734393600000,2024-12-17,795874.9101020647,"{'SPY': 0.25, 'TLT': 0.25, 'SHY': 0.25, 'GLD': 0.25}",0.0
1734480000000,2024-12-18,783275.1291708167,"{'SPY': 0.25, 'TLT': 0.25, 'SHY': 0.25, 'GLD': 0.25}",0.0
1734566400000,2024-12-19,780744.0574237468,"{'SPY': 0.25, 'TLT': 0.25, 'SHY': 0.25, 'GLD': 0.25}",0.0
1734652800000,2024-12-20,786260.2164244467,"{'SPY': 0.25, 'TLT': 0.25, 'SHY': 0.25, 'GLD': 0.25}",0.0
1734912000000,2024-12-23,784588.7367047915,"{'SPY': 0.25, 'TLT': 0.25, 'SHY': 0.25, 'GLD': 0.25}",0.0
1734998400000,2024-12-24,788084.9556273327,"{'SPY': 0.25, 'TLT': 0.25, 'SHY': 0.25, 'GLD': 0.25}",0.0
1735171200000,2024-12-26,789364.2704837809,"{'SPY': 0.25, 'TLT': 0.25, 'SHY': 0.25, 'GLD': 0.25}",0.0
1735257600000,2024-12-27,784361.4572997943,"{'SPY': 0.25, 'TLT': 0.25, 'SHY': 0.25, 'GLD': 0.25}",0.0
1735516800000,2024-12-30,783361.855426841,"{'SPY': 0.25, 'TLT': 0.25, 'SHY': 0.25, 'GLD': 0.25}",0.0
1735603200000,2024-12-31,782941.3681191177,"{'SPY': 0.25, 'TLT': 0.25, 'SHY': 0.25, 'GLD': 0.25}",0.0
1735776000000,2025-01-02,785610.2174580888,"{'SPY': 0.25, 'TLT': 0.25, 'SHY': 0.25, 'GLD': 0.25}",0.0
1735862400000,2025-01-03,785893.4108416544,"{'SPY': 0.25, 'TLT': 0.25, 'SHY': 0.25, 'GLD': 0.25}",0.0
1736121600000,2025-01-06,785953.3160992281,"{'SPY': 0.25, 'TLT': 0.25, 'SHY': 0.25, 'GLD': 0.25}",0.0
1736208000000,2025-01-07,782503.3274849051,"{'SPY': 0.25, 'TLT': 0.25, 'SHY': 0.25, 'GLD': 0.25}",0.0
1736294400000,2025-01-08,784198.858728209,"{'SPY': 0.25, 'TLT': 0.25, 'SHY': 0.25, 'GLD': 0.25}",0.0
1736467200000,2025-01-10,781421.89704592,"{'SPY': 0.25, 'TLT': 0.25, 'SHY': 0.25, 'GLD': 0.25}",0.0
1736726400000,2025-01-13,779759.939772585,"{'SPY': 0.25, 'TLT': 0.25, 'SHY': 0.25, 'GLD': 0.25}",0.0
1736812800000,2025-01-14,780779.7024210651,"{'SPY': 0.25, 'TLT': 0.25, 'SHY': 0.25, 'GLD': 0.25}",0.0
1736899200000,2025-01-15,789585.4678198448,"{'SPY': 0.25, 'TLT': 0.25, 'SHY': 0.25, 'GLD': 0.25}",0.0
1736985600000,2025-01-16,791327.4612664762,"{'SPY': 0.25, 'TLT': 0.25, 'SHY': 0.25, 'GLD': 0.25}",0.0
1737072000000,2025-01-17,792556.4754375296,"{'SPY': 0.25, 'TLT': 0.25, 'SHY': 0.25, 'GLD': 0.25}",0.0
1737417600000,2025-01-21,799283.2525010167,"{'SPY': 0.25, 'TLT': 0.25, 'SHY': 0.25, 'GLD': 0.25}",0.0
1737504000000,2025-01-22,800339.2866875326,"{'SPY': 0.25, 'TLT': 0.25, 'SHY': 0.25, 'GLD': 0.25}",0.0
1737590400000,2025-01-23,799593.4639276898,"{'SPY': 0.25, 'TLT': 0.25, 'SHY': 0.25, 'GLD': 0.25}",0.0
1737676800000,2025-01-24,801272.5707718618,"{'SPY': 0.25, 'TLT': 0.25, 'SHY': 0.25, 'GLD': 0.25}",0.0
1737936000000,2025-01-27,799013.0072240662,"{'SPY': 0.25, 'TLT': 0.25, 'SHY': 0.25, 'GLD': 0.25}",0.0
1738022400000,2025-01-28,802371.288967917,"{'SPY': 0.25, 'TLT': 0.25, 'SHY': 0.25, 'GLD': 0.25}",0.0
1738108800000,2025-01-29,800170.3435156017,"{'SPY': 0.25, 'TLT': 0.25, 'SHY': 0.25, 'GLD': 0.25}",0.0
1738195200000,2025-01-30,805145.4085055818,"{'SPY': 0.25, 'TLT': 0.25, 'SHY': 0.25, 'GLD': 0.25}",0.0
1738281600000,2025-01-31,803174.9055177349,"{'SPY': 0.25, 'TLT': 0.25, 'SHY': 0.25, 'GLD': 0.25}",0.0
1738540800000,2025-02-03,804390.7087851919,"{'SPY': 0.25, 'TLT': 0.25, 'SHY': 0.25, 'GLD': 0.25}",0.0
1738627200000,2025-02-04,808532.3372491109,"{'SPY': 0.25, 'TLT': 0.25, 'SHY': 0.25, 'GLD': 0.25}",0.0
1738713600000,2025-02-05,814067.5609711459,"{'SPY': 0.25, 'TLT': 0.25, 'SHY': 0.25, 'GLD': 0.25}",0.0
1738800000000,2025-02-06,814070.5662691791,"{'SPY': 0.25, 'TLT': 0.25, 'SHY': 0.25, 'GLD': 0.25}",0.0
1738886400000,2025-02-07,811033.8117511995,"{'SPY': 0.25, 'TLT': 0.25, 'SHY': 0.25, 'GLD': 0.25}",0.0
1739145600000,2025-02-10,815330.8652268098,"{'SPY': 0.25, 'TLT': 0.25, 'SHY': 0.25, 'GLD': 0.25}",0.0
1739232000000,2025-02-11,813386.4499152143,"{'SPY': 0.25, 'TLT': 0.25, 'SHY': 0.25, 'GLD': 0.25}",0.0
1739318400000,2025-02-12,809912.0744110651,"{'SPY': 0.25, 'TLT': 0.25, 'SHY': 0.25, 'GLD': 0.25}",0.0
1739404800000,2025-02-13,817684.5084167281,"{'SPY': 0.25, 'TLT': 0.25, 'SHY': 0.25, 'GLD': 0.25}",0.0
1739491200000,2025-02-14,815992.0640478678,"{'SPY': 0.25, 'TLT': 0.25, 'SHY': 0.25, 'GLD': 0.25}",0.0
1739836800000,2025-02-18,817392.7198684613,"{'SPY': 0.25, 'TLT': 0.25, 'SHY': 0.25, 'GLD': 0.25}",0.0
1739923200000,2025-02-19,818391.7165106242,"{'SPY': 0.25, 'TLT': 0.25, 'SHY': 0.25, 'GLD': 0.25}",0.0
1740009600000,2025-02-20,818436.7038553703,"{'SPY': 0.25, 'TLT': 0.25, 'SHY': 0.25, 'GLD': 0.25}",0.0
1740096000000,2025-02-21,817569.7757201589,"{'SPY': 0.25, 'TLT': 0.25, 'SHY': 0.25, 'GLD': 0.25}",0.0
1740355200000,2025-02-24,818491.7172102844,"{'SPY': 0.25, 'TLT': 0.25, 'SHY': 0.25, 'GLD': 0.25}",0.0
1740441600000,2025-02-25,818578.0990482314,"{'SPY': 0.25, 'TLT': 0.25, 'SHY': 0.25, 'GLD': 0.25}",0.0
1740528000000,2025-02-26,820276.980773686,"{'SPY': 0.25, 'TLT': 0.25, 'SHY': 0.25, 'GLD': 0.25}",0.0
1740614400000,2025-02-27,812503.7173122594,"{'SPY': 0.25, 'TLT': 0.25, 'SHY': 0.25, 'GLD': 0.25}",0.0
1740700800000,2025-02-28,817261.7907100061,"{'SPY': 0.25, 'TLT': 0.25, 'SHY': 0.25, 'GLD': 0.25}",0.0
1740960000000,2025-03-03,817460.0902680409,"{'SPY': 0.25, 'TLT': 0.25, 'SHY': 0.25, 'GLD': 0.25}",0.0
1741046400000,2025-03-04,814326.5361651899,"{'SPY': 0.25, 'TLT': 0.25, 'SHY': 0.25, 'GLD': 0.25}",0.0
1741132800000,2025-03-05,815090.6323245986,"{'SPY': 0.25, 'TLT': 0.25, 'SHY': 0.25, 'GLD': 0.25}",0.0
1741219200000,2025-03-06,809887.8093263523,"{'SPY': 0.25, 'TLT': 0.25, 'SHY': 0.25, 'GLD': 0.25}",0.0
1741305600000,2025-03-07,810454.1865205126,"{'SPY': 0.25, 'TLT': 0.25, 'SHY': 0.25, 'GLD': 0.25}",0.0
1741564800000,2025-03-10,805765.9056895147,"{'SPY': 0.25, 'TLT': 0.25, 'SHY': 0.25, 'GLD': 0.25}",0.0
1741651200000,2025-03-11,804893.6654303395,"{'SPY': 0.25, 'TLT': 0.25, 'SHY': 0.25, 'GLD': 0.25}",0.0
1741737600000,2025-03-12,805487.7079788626,"{'SPY': 0.25, 'TLT': 0.25, 'SHY': 0.25, 'GLD': 0.25}",0.0
1741824000000,2025-03-13,808295.898377784,"{'SPY': 0.25, 'TLT': 0.25, 'SHY': 0.25, 'GLD': 0.25}",0.0
1741910400000,2025-03-14,811333.6371258822,"{'SPY': 0.25, 'TLT': 0.25, 'SHY': 0.25, 'GLD': 0.25}",0.0
1742169600000,2025-03-17,814934.2439027475,"{'SPY': 0.25, 'TLT': 0.25, 'SHY': 0.25, 'GLD': 0.25}",0.0
1742256000000,2025-03-18,815312.5356610803,"{'SPY': 0.25, 'TLT': 0.25, 'SHY': 0.25, 'GLD': 0.25}",0.0
1742342400000,2025-03-19,819722.6093696246,"{'SPY': 0.25, 'TLT': 0.25, 'SHY': 0.25, 'GLD': 0.25}",0.0
1742428800000,2025-03-20,819052.0944794846,"{'SPY': 0.25, 'TLT': 0.25, 'SHY': 0.25, 'GLD': 0.25}",0.0
1742515200000,2025-03-21,816383.4740775131,"{'SPY': 0.25, 'TLT': 0.25, 'SHY': 0.25, 'GLD': 0.25}",0.0
1742774400000,2025-03-24,816765.213501317,"{'SPY': 0.25, 'TLT': 0.25, 'SHY': 0.25, 'GLD': 0.25}",0.0
1742860800000,2025-03-25,818206.1451460342,"{'SPY': 0.25, 'TLT': 0.25, 'SHY': 0.25, 'GLD': 0.25}",0.0
1742947200000,2025-03-26,814201.0791281542,"{'SPY': 0.25, 'TLT': 0.25, 'SHY': 0.25, 'GLD': 0.25}",0.0
1743033600000,2025-03-27,815894.4253852612,"{'SPY': 0.25, 'TLT': 0.25, 'SHY': 0.25, 'GLD': 0.25}",0.0
1743120000000,2025-03-28,816491.1961996198,"{'SPY': 0.25, 'TLT': 0.25, 'SHY': 0.25, 'GLD': 0.25}",0.0
1743379200000,2025-03-31,822956.9096901423,"{'SPY': 0.25, 'TLT': 0.25, 'SHY': 0.25, 'GLD': 0.25}",0.0
1743465600000,2025-04-01,824988.6553589794,"{'SPY': 0.25, 'TLT': 0.25, 'SHY': 0.25, 'GLD': 0.25}",0.0
1743552000000,2025-04-02,826431.7395351124,"{'SPY': 0.25, 'TLT': 0.25, 'SHY': 0.25, 'GLD': 0.25}",0.0
1743638400000,2025-04-03,816728.5526554936,"{'SPY': 0.25, 'TLT': 0.25, 'SHY': 0.25, 'GLD': 0.25}",0.0
1743724800000,2025-04-04,802098.4748847568,"{'SPY': 0.25, 'TLT': 0.25, 'SHY': 0.25, 'GLD': 0.25}",0.0
1743984000000,2025-04-07,791410.0582314143,"{'SPY': 0.25, 'TLT': 0.25, 'SHY': 0.25, 'GLD': 0.25}",0.0
1744070400000,2025-04-08,785533.4085900374,"{'SPY': 0.25, 'TLT': 0.25, 'SHY': 0.25, 'GLD': 0.25}",0.0
1744156800000,2025-04-09,814458.9428409192,"{'SPY': 0.25, 'TLT': 0.25, 'SHY': 0.25, 'GLD': 0.25}",0.0
1744243200000,2025-04-10,804871.7880275098,"{'SPY': 0.25, 'TLT': 0.25, 'SHY': 0.25, 'GLD': 0.25}",0.0
1744329600000,2025-04-11,813031.504795821,"{'SPY': 0.25, 'TLT': 0.25, 'SHY': 0.25, 'GLD': 0.25}",0.0
1744588800000,2025-04-14,815737.7235637485,"{'SPY': 0.25, 'TLT': 0.25, 'SHY': 0.25, 'GLD': 0.25}",0.0
1744675200000,2025-04-15,816956.0533200111,"{'SPY': 0.25, 'TLT': 0.25, 'SHY': 0.25, 'GLD': 0.25}",0.0
1744761600000,2025-04-16,820473.9076439796,"{'SPY': 0.25, 'TLT': 0.25, 'SHY': 0.25, 'GLD': 0.25}",0.0
1744848000000,2025-04-17,818128.6121130504,"{'SPY': 0.25, 'TLT': 0.25, 'SHY': 0.25, 'GLD': 0.25}",0.0
1745193600000,2025-04-21,815888.7454508353,"{'SPY': 0.25, 'TLT': 0.25, 'SHY': 0.25, 'GLD': 0.25}",0.0
1745280000000,2025-04-22,819512.6388110236,"{'SPY': 0.25, 'TLT': 0.25, 'SHY': 0.25, 'GLD': 0.25}",0.0
1745366400000,2025-04-23,819616.0010977054,"{'SPY': 0.25, 'TLT': 0.25, 'SHY': 0.25, 'GLD': 0.25}",0.0
1745452800000,2025-04-24,829318.3389497399,"{'SPY': 0.25, 'TLT': 0.25, 'SHY': 0.25, 'GLD': 0.25}",0.0
1745539200000,2025-04-25,830271.155474543,"{'SPY': 0.25, 'TLT': 0.25, 'SHY': 0.25, 'GLD': 0.25}",0.0
1745798400000,2025-04-28,834914.8603775245,"{'SPY': 0.25, 'TLT': 0.25, 'SHY': 0.25, 'GLD': 0.25}",0.0
1745884800000,2025-04-29,836072.8220032249,"{'SPY': 0.25, 'TLT': 0.25, 'SHY': 0.25, 'GLD': 0.25}",0.0
1745971200000,2025-04-30,833177.2237733987,"{'SPY': 0.25, 'TLT': 0.25, 'SHY': 0.25, 'GLD': 0.25}",0.0
1746057600000,2025-05-01,828840.6749781454,"{'SPY': 0.25, 'TLT': 0.25, 'SHY': 0.25, 'GLD': 0.25}",0.0
1746144000000,2025-05-02,829634.9070676925,"{'SPY': 0.25, 'TLT': 0.25, 'SHY': 0.25, 'GLD': 0.25}",0.0
1746403200000,2025-05-05,833456.8135320327,"{'SPY': 0.25, 'TLT': 0.25, 'SHY': 0.25, 'GLD': 0.25}",0.0
1746489600000,2025-05-06,838423.8250623025,"{'SPY': 0.25, 'TLT': 0.25, 'SHY': 0.25, 'GLD': 0.25}",0.0
1746576000000,2025-05-07,837124.8679379316,"{'SPY': 0.25, 'TLT': 0.25, 'SHY': 0.25, 'GLD': 0.25}",0.0
1746662400000,2025-05-08,831697.5363521125,"{'SPY': 0.25, 'TLT': 0.25, 'SHY': 0.25, 'GLD': 0.25}",0.0
1746748800000,2025-05-09,833352.8946258413,"{'SPY': 0.25, 'TLT': 0.25, 'SHY': 0.25, 'GLD': 0.25}",0.0
1747008000000,2025-05-12,832047.2820469993,"{'SPY': 0.25, 'TLT': 0.25, 'SHY': 0.25, 'GLD': 0.25}",0.0
1747094400000,2025-05-13,833412.2040873104,"{'SPY': 0.25, 'TLT': 0.25, 'SHY': 0.25, 'GLD': 0.25}",0.0
1747180800000,2025-05-14,827760.6088211248,"{'SPY': 0.25, 'TLT': 0.25, 'SHY': 0.25, 'GLD': 0.25}",0.0
1747267200000,2025-05-15,834296.5639406804,"{'SPY': 0.25, 'TLT': 0.25, 'SHY': 0.25, 'GLD': 0.25}",0.0
1747353600000,2025-05-16,833603.4182381763,"{'SPY': 0.25, 'TLT': 0.25, 'SHY': 0.25, 'GLD': 0.25}",0.0
1747612800000,2025-05-19,835987.8721183785,"{'SPY': 0.25, 'TLT': 0.25, 'SHY': 0.25, 'GLD': 0.25}",0.0
1747699200000,2025-05-20,837696.6387508437,"{'SPY': 0.25, 'TLT': 0.25, 'SHY': 0.25, 'GLD': 0.25}",0.0
1747785600000,2025-05-21,832006.9271961147,"{'SPY': 0.25, 'TLT': 0.25, 'SHY': 0.25, 'GLD': 0.25}",0.0
1747872000000,2025-05-22,831461.9167963954,"{'SPY': 0.25, 'TLT': 0.25, 'SHY': 0.25, 'GLD': 0.25}",0.0
1747958400000,2025-05-23,835067.5154927495,"{'SPY': 0.25, 'TLT': 0.25, 'SHY': 0.25, 'GLD': 0.25}",0.0
1748304000000,2025-05-27,838858.9939196601,"{'SPY': 0.25, 'TLT': 0.25, 'SHY': 0.25, 'GLD': 0.25}",0.0
1748390400000,2025-05-28,836112.8933095512,"{'SPY': 0.25, 'TLT': 0.25, 'SHY': 0.25, 'GLD': 0.25}",0.0
1748476800000,2025-05-29,840339.1036949465,"{'SPY': 0.25, 'TLT': 0.25, 'SHY': 0.25, 'GLD': 0.25}",0.0
1748563200000,2025-05-30,839293.9267966863,"{'SPY': 0.25, 'TLT': 0.25, 'SHY': 0.25, 'GLD': 0.25}",0.0
1748822400000,2025-06-02,843927.2929177821,"{'SPY': 0.25, 'TLT': 0.25, 'SHY': 0.25, 'GLD': 0.25}",0.0
1748908800000,2025-06-03,842839.0802791417,"{'SPY': 0.25, 'TLT': 0.25, 'SHY': 0.25, 'GLD': 0.25}",0.0
1748995200000,2025-06-04,847944.583511593,"{'SPY': 0.25, 'TLT': 0.25, 'SHY': 0.25, 'GLD': 0.25}",0.0
1749081600000,2025-06-05,845765.383699394,"{'SPY': 0.25, 'TLT': 0.25, 'SHY': 0.25, 'GLD': 0.25}",0.0
1749168000000,2025-06-06,842050.0891914121,"{'SPY': 0.25, 'TLT': 0.25, 'SHY': 0.25, 'GLD': 0.25}",0.0
1749427200000,2025-06-09,843608.7905414548,"{'SPY': 0.25, 'TLT': 0.25, 'SHY': 0.25, 'GLD': 0.25}",0.0
1749513600000,2025-06-10,845952.5433397397,"{'SPY': 0.25, 'TLT': 0.25, 'SHY': 0.25, 'GLD': 0.25}",0.0
1749600000000,2025-06-11,847468.4873204287,"{'SPY': 0.25, 'TLT': 0.25, 'SHY': 0.25, 'GLD': 0.25}",0.0
1749686400000,2025-06-12,853655.2209935013,"{'SPY': 0.25, 'TLT': 0.25, 'SHY': 0.25, 'GLD': 0.25}",0.0
1749772800000,2025-06-13,851853.351442105,"{'SPY': 0.25, 'TLT': 0.25, 'SHY': 0.25, 'GLD': 0.25}",0.0
1750032000000,2025-06-16,848670.8613722525,"{'SPY': 0.25, 'TLT': 0.25, 'SHY': 0.25, 'GLD': 0.25}",0.0
1750118400000,2025-06-17,849651.6848141439,"{'SPY': 0.25, 'TLT': 0.25, 'SHY': 0.25, 'GLD': 0.25}",0.0
1750204800000,2025-06-18,848947.08001568,"{'SPY': 0.25, 'TLT': 0.25, 'SHY': 0.25, 'GLD': 0.25}",0.0
1750377600000,2025-06-20,848122.2106457106,"{'SPY': 0.25, 'TLT': 0.25, 'SHY': 0.25, 'GLD': 0.25}",0.0
1750636800000,2025-06-23,851834.9900539729,"{'SPY': 0.25, 'TLT': 0.25, 'SHY': 0.25, 'GLD': 0.25}",0.0
1750723200000,2025-06-24,852566.611703235,"{'SPY': 0.25, 'TLT': 0.25, 'SHY': 0.25, 'GLD': 0.25}",0.0
1750809600000,2025-06-25,853627.4329577348,"{'SPY': 0.25, 'TLT': 0.25, 'SHY': 0.25, 'GLD': 0.25}",0.0
1750896000000,2025-06-26,856391.8188660296,"{'SPY': 0.25, 'TLT': 0.25, 'SHY': 0.25, 'GLD': 0.25}",0.0
1750982400000,2025-06-27,852134.5485173909,"{'SPY': 0.25, 'TLT': 0.25, 'SHY': 0.25, 'GLD': 0.25}",0.0
1751241600000,2025-06-30,857956.9746064454,"{'SPY': 0.25, 'TLT': 0.25, 'SHY': 0.25, 'GLD': 0.25}",0.0
1751328000000,2025-07-01,860109.9793684123,"{'SPY': 0.25, 'TLT': 0.25, 'SHY': 0.25, 'GLD': 0.25}",0.0
1751414400000,2025-07-02,860881.1012270396,"{'SPY': 0.25, 'TLT': 0.25, 'SHY': 0.25, 'GLD': 0.25}",0.0
1751500800000,2025-07-03,859375.1076900859,"{'SPY': 0.25, 'TLT': 0.25, 'SHY': 0.25, 'GLD': 0.25}",0.0
1751846400000,2025-07-07,855832.4299908382,"{'SPY': 0.25, 'TLT': 0.25, 'SHY': 0.25, 'GLD': 0.25}",0.0
1751932800000,2025-07-08,853233.5905908889,"{'SPY': 0.25, 'TLT': 0.25, 'SHY': 0.25, 'GLD': 0.25}",0.0
1752019200000,2025-07-09,857879.085699821,"{'SPY': 0.25, 'TLT': 0.25, 'SHY': 0.25, 'GLD': 0.25}",0.0
1752105600000,2025-07-10,859109.36233411,"{'SPY': 0.25, 'TLT': 0.25, 'SHY': 0.25, 'GLD': 0.25}",0.0
1752192000000,2025-07-11,857401.7219675791,"{'SPY': 0.25, 'TLT': 0.25, 'SHY': 0.25, 'GLD': 0.25}",0.0
1752451200000,2025-07-14,856603.4343320224,"{'SPY': 0.25, 'TLT': 0.25, 'SHY': 0.25, 'GLD': 0.25}",0.0
1752537600000,2025-07-15,853089.7453596734,"{'SPY': 0.25, 'TLT': 0.25, 'SHY': 0.25, 'GLD': 0.25}",0.0
1752624000000,2025-07-16,855452.4752183814,"{'SPY': 0.25, 'TLT': 0.25, 'SHY': 0.25, 'GLD': 0.25}",0.0
1752710400000,2025-07-17,856168.3635137983,"{'SPY': 0.25, 'TLT': 0.25, 'SHY': 0.25, 'GLD': 0.25}",0.0
1752796800000,2025-07-18,857076.9170314528,"{'SPY': 0.25, 'TLT': 0.25, 'SHY': 0.25, 'GLD': 0.25}",0.0
1753056000000,2025-07-21,862816.8172276982,"{'SPY': 0.25, 'TLT': 0.25, 'SHY': 0.25, 'GLD': 0.25}",0.0
1753142400000,2025-07-22,866354.5985833405,"{'SPY': 0.25, 'TLT': 0.25, 'SHY': 0.25, 'GLD': 0.25}",0.0
1753228800000,2025-07-23,864126.1942988178,"{'SPY': 0.25, 'TLT': 0.25, 'SHY': 0.25, 'GLD': 0.25}",0.0
1753315200000,2025-07-24,862316.1944534166,"{'SPY': 0.25, 'TLT': 0.25, 'SHY': 0.25, 'GLD': 0.25}",0.0
1753401600000,2025-07-25,862718.8605908824,"{'SPY': 0.25, 'TLT': 0.25, 'SHY': 0.25, 'GLD': 0.25}",0.0
1753660800000,2025-07-28,859844.8337792958,"{'SPY': 0.25, 'TLT': 0.25, 'SHY': 0.25, 'GLD': 0.25}",0.0
1753747200000,2025-07-29,863681.2341608701,"{'SPY': 0.25, 'TLT': 0.25, 'SHY': 0.25, 'GLD': 0.25}",0.0
1753833600000,2025-07-30,858331.6224875203,"{'SPY': 0.25, 'TLT': 0.25, 'SHY': 0.25, 'GLD': 0.25}",0.0
1753920000000,2025-07-31,859076.1491628719,"{'SPY': 0.25, 'TLT': 0.25, 'SHY': 0.25, 'GLD': 0.25}",0.0
1754006400000,2025-08-01,864039.6468625983,"{'SPY': 0.25, 'TLT': 0.25, 'SHY': 0.25, 'GLD': 0.25}",0.0
1754265600000,2025-08-04,869223.3886574109,"{'SPY': 0.25, 'TLT': 0.25, 'SHY': 0.25, 'GLD': 0.25}",0.0
1754352000000,2025-08-05,868883.8585449635,"{'SPY': 0.25, 'TLT': 0.25, 'SHY': 0.25, 'GLD': 0.25}",0.0
1754438400000,2025-08-06,868911.5863916542,"{'SPY': 0.25, 'TLT': 0.25, 'SHY': 0.25, 'GLD': 0.25}",0.0
1754524800000,2025-08-07,870086.5121724502,"{'SPY': 0.25, 'TLT': 0.25, 'SHY': 0.25, 'GLD': 0.25}",0.0
1754611200000,2025-08-08,870738.5435051036,"{'SPY': 0.25, 'TLT': 0.25, 'SHY': 0.25, 'GLD': 0.25}",0.0
1754870400000,2025-08-11,867428.2469318153,"{'SPY': 0.25, 'TLT': 0.25, 'SHY': 0.25, 'GLD': 0.25}",0.0
1754956800000,2025-08-12,868605.751516963,"{'SPY': 0.25, 'TLT': 0.25, 'SHY': 0.25, 'GLD': 0.25}",0.0
1755043200000,2025-08-13,872098.3573215936,"{'SPY': 0.25, 'TLT': 0.25, 'SHY': 0.25, 'GLD': 0.25}",0.0
1755129600000,2025-08-14,868883.1364107862,"{'SPY': 0.25, 'TLT': 0.25, 'SHY': 0.25, 'GLD': 0.25}",0.0
1755216000000,2025-08-15,866875.3720180092,"{'SPY': 0.25, 'TLT': 0.25, 'SHY': 0.25, 'GLD': 0.25}",0.0
1755475200000,2025-08-18,865862.7882386082,"{'SPY': 0.25, 'TLT': 0.25, 'SHY': 0.25, 'GLD': 0.25}",0.0
1755561600000,2025-08-19,864864.6992162041,"{'SPY': 0.25, 'TLT': 0.25, 'SHY': 0.25, 'GLD': 0.25}",0.0
1755648000000,2025-08-20,867031.2731110503,"{'SPY': 0.25, 'TLT': 0.25, 'SHY': 0.25, 'GLD': 0.25}",0.0
1755734400000,2025-08-21,864152.918697037,"{'SPY': 0.25, 'TLT': 0.25, 'SHY': 0.25, 'GLD': 0.25}",0.0
1755820800000,2025-08-22,871853.9876733094,"{'SPY': 0.25, 'TLT': 0.25, 'SHY': 0.25, 'GLD': 0.25}",0.0
1756080000000,2025-08-25,869637.1737133675,"{'SPY': 0.25, 'TLT': 0.25, 'SHY': 0.25, 'GLD': 0.25}",0.0
1756166400000,2025-08-26,872184.8701559493,"{'SPY': 0.25, 'TLT': 0.25, 'SHY': 0.25, 'GLD': 0.25}",0.0
1756252800000,2025-08-27,873028.3679368191,"{'SPY': 0.25, 'TLT': 0.25, 'SHY': 0.25, 'GLD': 0.25}",0.0
1756339200000,2025-08-28,876777.4032678131,"{'SPY': 0.25, 'TLT': 0.25, 'SHY': 0.25, 'GLD': 0.25}",0.0
1756425600000,2025-08-29,876212.3225550742,"{'SPY': 0.25, 'TLT': 0.25, 'SHY': 0.25, 'GLD': 0.25}",0.0
1756771200000,2025-09-02,878026.6421391416,"{'SPY': 0.25, 'TLT': 0.25, 'SHY': 0.25, 'GLD': 0.25}",0.0
1756857600000,2025-09-03,883504.3722947363,"{'SPY': 0.25, 'TLT': 0.25, 'SHY': 0.25, 'GLD': 0.25}",0.0
1756944000000,2025-09-04,886218.4917133328,"{'SPY': 0.25, 'TLT': 0.25, 'SHY': 0.25, 'GLD': 0.25}",0.0
1757030400000,2025-09-05,892232.7457270914,"{'SPY': 0.25, 'TLT': 0.25, 'SHY': 0.25, 'GLD': 0.25}",0.0
1757289600000,2025-09-08,898427.5010842382,"{'SPY': 0.25, 'TLT': 0.25, 'SHY': 0.25, 'GLD': 0.25}",0.0
1757376000000,2025-09-09,896970.9933995188,"{'SPY': 0.25, 'TLT': 0.25, 'SHY': 0.25, 'GLD': 0.25}",0.0
1757462400000,2025-09-10,899733.510845928,"{'SPY': 0.25, 'TLT': 0.25, 'SHY': 0.25, 'GLD': 0.25}",0.0
1757548800000,2025-09-11,902852.5783208711,"{'SPY': 0.25, 'TLT': 0.25, 'SHY': 0.25, 'GLD': 0.25}",0.0
1757635200000,2025-09-12,902220.4087165254,"{'SPY': 0.25, 'TLT': 0.25, 'SHY': 0.25, 'GLD': 0.25}",0.0
1757894400000,2025-09-15,906376.3141734861,"{'SPY': 0.25, 'TLT': 0.25, 'SHY': 0.25, 'GLD': 0.25}",0.0
1757980800000,2025-09-16,907105.7472461165,"{'SPY': 0.25, 'TLT': 0.25, 'SHY': 0.25, 'GLD': 0.25}",0.0
1758067200000,2025-09-17,904387.7796362347,"{'SPY': 0.25, 'TLT': 0.25, 'SHY': 0.25, 'GLD': 0.25}",0.0
1758153600000,2025-09-18,902123.4737034619,"{'SPY': 0.25, 'TLT': 0.25, 'SHY': 0.25, 'GLD': 0.25}",0.0
1758240000000,2025-09-19,905284.3397375598,"{'SPY': 0.25, 'TLT': 0.25, 'SHY': 0.25, 'GLD': 0.25}",0.0
1758499200000,2025-09-22,909349.2235690415,"{'SPY': 0.25, 'TLT': 0.25, 'SHY': 0.25, 'GLD': 0.25}",0.0
1758585600000,2025-09-23,910712.0610336994,"{'SPY': 0.25, 'TLT': 0.25, 'SHY': 0.25, 'GLD': 0.25}",0.0
1758672000000,2025-09-24,906947.8213264523,"{'SPY': 0.25, 'TLT': 0.25, 'SHY': 0.25, 'GLD': 0.25}",0.0
1758758400000,2025-09-25,906654.7223549916,"{'SPY': 0.25, 'TLT': 0.25, 'SHY': 0.25, 'GLD': 0.25}",0.0
1758844800000,2025-09-26,909194.6394106329,"{'SPY': 0.25, 'TLT': 0.25, 'SHY': 0.25, 'GLD': 0.25}",0.0
1759104000000,2025-09-29,915531.7793943348,"{'SPY': 0.25, 'TLT': 0.25, 'SHY': 0.25, 'GLD': 0.25}",0.0
1759190400000,2025-09-30,917795.0787746022,"{'SPY': 0.25, 'TLT': 0.25, 'SHY': 0.25, 'GLD': 0.25}",0.0
1759276800000,2025-10-01,919797.3479766679,"{'SPY': 0.25, 'TLT': 0.25, 'SHY': 0.25, 'GLD': 0.25}",0.0
1759363200000,2025-10-02,919986.3891355427,"{'SPY': 0.25, 'TLT': 0.25, 'SHY': 0.25, 'GLD': 0.25}",0.0
1759449600000,2025-10-03,921310.6655808605,"{'SPY': 0.25, 'TLT': 0.25, 'SHY': 0.25, 'GLD': 0.25}",0.0
1759708800000,2025-10-06,924592.0770548574,"{'SPY': 0.25, 'TLT': 0.25, 'SHY': 0.25, 'GLD': 0.25}",0.0
1759795200000,2025-10-07,926368.8890525489,"{'SPY': 0.25, 'TLT': 0.25, 'SHY': 0.25, 'GLD': 0.25}",0.0
1759881600000,2025-10-08,931722.8827444152,"{'SPY': 0.25, 'TLT': 0.25, 'SHY': 0.25, 'GLD': 0.25}",0.0
1759968000000,2025-10-09,926539.0558774581,"{'SPY': 0.25, 'TLT': 0.25, 'SHY': 0.25, 'GLD': 0.25}",0.0
1760054400000,2025-10-10,926749.3377313726,"{'SPY': 0.25, 'TLT': 0.25, 'SHY': 0.25, 'GLD': 0.25}",0.0
1760313600000,2025-10-13,936253.8003671147,"{'SPY': 0.25, 'TLT': 0.25, 'SHY': 0.25, 'GLD': 0.25}",0.0
1760400000000,2025-10-14,938219.7785016545,"{'SPY': 0.25, 'TLT': 0.25, 'SHY': 0.25, 'GLD': 0.25}",0.0
1760486400000,2025-10-15,942697.2009850186,"{'SPY': 0.25, 'TLT': 0.25, 'SHY': 0.25, 'GLD': 0.25}",0.0
1760572800000,2025-10-16,948684.0446731681,"{'SPY': 0.25, 'TLT': 0.25, 'SHY': 0.25, 'GLD': 0.25}",0.0
1760659200000,2025-10-17,945175.3443558277,"{'SPY': 0.25, 'TLT': 0.25, 'SHY': 0.25, 'GLD': 0.25}",0.0
1760918400000,2025-10-20,957169.7922259457,"{'SPY': 0.25, 'TLT': 0.25, 'SHY': 0.25, 'GLD': 0.25}",0.0
1761004800000,2025-10-21,943020.9038425467,"{'SPY': 0.25, 'TLT': 0.25, 'SHY': 0.25, 'GLD': 0.25}",0.0
1761091200000,2025-10-22,941974.0026807953,"{'SPY': 0.25, 'TLT': 0.25, 'SHY': 0.25, 'GLD': 0.25}",0.0
1761177600000,2025-10-23,942531.4552451739,"{'SPY': 0.25, 'TLT': 0.25, 'SHY': 0.25, 'GLD': 0.25}",0.0
1761264000000,2025-10-24,943912.1171055486,"{'SPY': 0.25, 'TLT': 0.25, 'SHY': 0.25, 'GLD': 0.25}",0.0
1761523200000,2025-10-27,940869.5422762665,"{'SPY': 0.25, 'TLT': 0.25, 'SHY': 0.25, 'GLD': 0.25}",0.0
1761609600000,2025-10-28,940452.0574306445,"{'SPY': 0.25, 'TLT': 0.25, 'SHY': 0.25, 'GLD': 0.25}",0.0
1761696000000,2025-10-29,936845.7373019326,"{'SPY': 0.25, 'TLT': 0.25, 'SHY': 0.25, 'GLD': 0.25}",0.0
1761782400000,2025-10-30,937535.6626805679,"{'SPY': 0.25, 'TLT': 0.25, 'SHY': 0.25, 'GLD': 0.25}",0.0
1761868800000,2025-10-31,936417.6864267802,"{'SPY': 0.25, 'TLT': 0.25, 'SHY': 0.25, 'GLD': 0.25}",0.0
1762128000000,2025-11-03,936699.7092314257,"{'SPY': 0.25, 'TLT': 0.25, 'SHY': 0.25, 'GLD': 0.25}",0.0
1762214400000,2025-11-04,930428.6741280333,"{'SPY': 0.25, 'TLT': 0.25, 'SHY': 0.25, 'GLD': 0.25}",0.0
1762300800000,2025-11-05,931221.5035498531,"{'SPY': 0.25, 'TLT': 0.25, 'SHY': 0.25, 'GLD': 0.25}",0.0
1762387200000,2025-11-06,930819.2725044023,"{'SPY': 0.25, 'TLT': 0.25, 'SHY': 0.25, 'GLD': 0.25}",0.0
1762473600000,2025-11-07,932092.1619672426,"{'SPY': 0.25, 'TLT': 0.25, 'SHY': 0.25, 'GLD': 0.25}",0.0
1762732800000,2025-11-10,941991.1776929705,"{'SPY': 0.25, 'TLT': 0.25, 'SHY': 0.25, 'GLD': 0.25}",0.0
1762819200000,2025-11-11,944734.8793928277,"{'SPY': 0.25, 'TLT': 0.25, 'SHY': 0.25, 'GLD': 0.25}",0.0
1762905600000,2025-11-12,949005.9941916215,"{'SPY': 0.25, 'TLT': 0.25, 'SHY': 0.25, 'GLD': 0.25}",0.0
1762992000000,2025-11-13,941059.9699095059,"{'SPY': 0.25, 'TLT': 0.25, 'SHY': 0.25, 'GLD': 0.25}",0.0
1763078400000,2025-11-14,935518.2733225166,"{'SPY': 0.25, 'TLT': 0.25, 'SHY': 0.25, 'GLD': 0.25}",0.0
1763337600000,2025-11-17,931208.8630649934,"{'SPY': 0.25, 'TLT': 0.25, 'SHY': 0.25, 'GLD': 0.25}",0.0
1763424000000,2025-11-18,931007.4066492019,"{'SPY': 0.25, 'TLT': 0.25, 'SHY': 0.25, 'GLD': 0.25}",0.0
1763510400000,2025-11-19,931787.287246792,"{'SPY': 0.25, 'TLT': 0.25, 'SHY': 0.25, 'GLD': 0.25}",0.0
1763596800000,2025-11-20,929282.4218114032,"{'SPY': 0.25, 'TLT': 0.25, 'SHY': 0.25, 'GLD': 0.25}",0.0
1763683200000,2025-11-21,932220.2862115406,"{'SPY': 0.25, 'TLT': 0.25, 'SHY': 0.25, 'GLD': 0.25}",0.0
1763942400000,2025-11-24,940699.1422353995,"{'SPY': 0.25, 'TLT': 0.25, 'SHY': 0.25, 'GLD': 0.25}",0.0
1764028800000,2025-11-25,943579.4696921846,"{'SPY': 0.25, 'TLT': 0.25, 'SHY': 0.25, 'GLD': 0.25}",0.0
1764115200000,2025-11-26,948112.0224801407,"{'SPY': 0.25, 'TLT': 0.25, 'SHY': 0.25, 'GLD': 0.25}",0.0
1764288000000,2025-11-28,951226.2465326104,"{'SPY': 0.25, 'TLT': 0.25, 'SHY': 0.25, 'GLD': 0.25}",0.0
1764547200000,2025-12-01,948122.8015000698,"{'SPY': 0.25, 'TLT': 0.25, 'SHY': 0.25, 'GLD': 0.25}",0.0
1764633600000,2025-12-02,947285.3454558644,"{'SPY': 0.25, 'TLT': 0.25, 'SHY': 0.25, 'GLD': 0.25}",0.0
1764720000000,2025-12-03,948694.9179113249,"{'SPY': 0.25, 'TLT': 0.25, 'SHY': 0.25, 'GLD': 0.25}",0.0
1764806400000,2025-12-04,947571.5661883514,"{'SPY': 0.25, 'TLT': 0.25, 'SHY': 0.25, 'GLD': 0.25}",0.0
1764892800000,2025-12-05,946416.9680730969,"{'SPY': 0.25, 'TLT': 0.25, 'SHY': 0.25, 'GLD': 0.25}",0.0
1765152000000,2025-12-08,944246.2772099716,"{'SPY': 0.25, 'TLT': 0.25, 'SHY': 0.25, 'GLD': 0.25}",0.0
1765238400000,2025-12-09,945382.8303262094,"{'SPY': 0.25, 'TLT': 0.25, 'SHY': 0.25, 'GLD': 0.25}",0.0
1765324800000,2025-12-10,949270.5056699297,"{'SPY': 0.25, 'TLT': 0.25, 'SHY': 0.25, 'GLD': 0.25}",0.0
1765411200000,2025-12-11,952084.7918878382,"{'SPY': 0.25, 'TLT': 0.25, 'SHY': 0.25, 'GLD': 0.25}",0.0
1765497600000,2025-12-12,948591.8035907088,"{'SPY': 0.25, 'TLT': 0.25, 'SHY': 0.25, 'GLD': 0.25}",0.0
1765756800000,2025-12-15,948755.4002208493,"{'SPY': 0.25, 'TLT': 0.25, 'SHY': 0.25, 'GLD': 0.25}",0.0
1765843200000,2025-12-16,949578.3726114264,"{'SPY': 0.25, 'TLT': 0.25, 'SHY': 0.25, 'GLD': 0.25}",0.0
1765929600000,2025-12-17,948817.4463479785,"{'SPY': 0.25, 'TLT': 0.25, 'SHY': 0.25, 'GLD': 0.25}",0.0
1766016000000,2025-12-18,951487.1645891664,"{'SPY': 0.25, 'TLT': 0.25, 'SHY': 0.25, 'GLD': 0.25}",0.0
1766102400000,2025-12-19,952980.7333719245,"{'SPY': 0.25, 'TLT': 0.25, 'SHY': 0.25, 'GLD': 0.25}",0.0
1766361600000,2025-12-22,959331.8554641888,"{'SPY': 0.25, 'TLT': 0.25, 'SHY': 0.25, 'GLD': 0.25}",0.0
1766448000000,2025-12-23,963874.7099106328,"{'SPY': 0.25, 'TLT': 0.25, 'SHY': 0.25, 'GLD': 0.25}",0.0
1766534400000,2025-12-24,965331.4834007466,"{'SPY': 0.25, 'TLT': 0.25, 'SHY': 0.25, 'GLD': 0.25}",0.0
1766707200000,2025-12-26,967504.9425751452,"{'SPY': 0.25, 'TLT': 0.25, 'SHY': 0.25, 'GLD': 0.25}",0.0
1766966400000,2025-12-29,957141.1586359385,"{'SPY': 0.25, 'TLT': 0.25, 'SHY': 0.25, 'GLD': 0.25}",0.0
1767052800000,2025-12-30,956510.2240892188,"{'SPY': 0.25, 'TLT': 0.25, 'SHY': 0.25, 'GLD': 0.25}",0.0
1767139200000,2025-12-31,951200.1232057634,"{'SPY': 0.25, 'TLT': 0.25, 'SHY': 0.25, 'GLD': 0.25}",0.0
1767312000000,2026-01-02,952578.2645673631,"{'SPY': 0.25, 'TLT': 0.25, 'SHY': 0.25, 'GLD': 0.25}",0.0
1767571200000,2026-01-05,961693.5285188243,"{'SPY': 0.25, 'TLT': 0.25, 'SHY': 0.25, 'GLD': 0.25}",0.0
1767657600000,2026-01-06,965257.3273861499,"{'SPY': 0.25, 'TLT': 0.25, 'SHY': 0.25, 'GLD': 0.25}",0.0
1767744000000,2026-01-07,963553.4368936286,"{'SPY': 0.25, 'TLT': 0.25, 'SHY': 0.25, 'GLD': 0.25}",0.0
1767830400000,2026-01-08,963564.7666032171,"{'SPY': 0.25, 'TLT': 0.25, 'SHY': 0.25, 'GLD': 0.25}",0.0
1767916800000,2026-01-09,968414.7207381933,"{'SPY': 0.25, 'TLT': 0.25, 'SHY': 0.25, 'GLD': 0.25}",0.0
1768176000000,2026-01-12,972611.9025228901,"{'SPY': 0.25, 'TLT': 0.25, 'SHY': 0.25, 'GLD': 0.25}",0.0
1768262400000,2026-01-13,972254.9011864515,"{'SPY': 0.25, 'TLT': 0.25, 'SHY': 0.25, 'GLD': 0.25}",0.0
1768348800000,2026-01-14,975015.1030798806,"{'SPY': 0.25, 'TLT': 0.25, 'SHY': 0.25, 'GLD': 0.25}",0.0
1768435200000,2026-01-15,973953.560110545,"{'SPY': 0.25, 'TLT': 0.25, 'SHY': 0.25, 'GLD': 0.25}",0.0
1768521600000,2026-01-16,971111.2556762701,"{'SPY': 0.25, 'TLT': 0.25, 'SHY': 0.25, 'GLD': 0.25}",0.0
1768867200000,2026-01-20,972204.323451003,"{'SPY': 0.25, 'TLT': 0.25, 'SHY': 0.25, 'GLD': 0.25}",0.0
1768953600000,2026-01-21,980519.0417984145,"{'SPY': 0.25, 'TLT': 0.25, 'SHY': 0.25, 'GLD': 0.25}",0.0
1769040000000,2026-01-22,987303.2547394924,"{'SPY': 0.25, 'TLT': 0.25, 'SHY': 0.25, 'GLD': 0.25}",0.0
1769126400000,2026-01-23,991550.4427699633,"{'SPY': 0.25, 'TLT': 0.25, 'SHY': 0.25, 'GLD': 0.25}",0.0
1769385600000,2026-01-26,997709.3645923813,"{'SPY': 0.25, 'TLT': 0.25, 'SHY': 0.25, 'GLD': 0.25}",0.0
1769472000000,2026-01-27,1003329.5822431409,"{'SPY': 0.25, 'TLT': 0.25, 'SHY': 0.25, 'GLD': 0.25}",0.0
1769558400000,2026-01-28,1012458.5441996981,"{'SPY': 0.25, 'TLT': 0.25, 'SHY': 0.25, 'GLD': 0.25}",0.0
1769644800000,2026-01-29,1012791.4736889448,"{'SPY': 0.25, 'TLT': 0.25, 'SHY': 0.25, 'GLD': 0.25}",0.0
1769731200000,2026-01-30,984819.8573378285,"{'SPY': 0.25, 'TLT': 0.25, 'SHY': 0.25, 'GLD': 0.25}",0.0
1769990400000,2026-02-02,975361.0158637834,"{'SPY': 0.25, 'TLT': 0.25, 'SHY': 0.25, 'GLD': 0.25}",0.0
1770076800000,2026-02-03,989366.5272635254,"{'SPY': 0.25, 'TLT': 0.25, 'SHY': 0.25, 'GLD': 0.25}",0.0
1770163200000,2026-02-04,987486.6356452554,"{'SPY': 0.25, 'TLT': 0.25, 'SHY': 0.25, 'GLD': 0.25}",0.0
1770249600000,2026-02-05,980898.2386283454,"{'SPY': 0.25, 'TLT': 0.25, 'SHY': 0.25, 'GLD': 0.25}",0.0
1770336000000,2026-02-06,993307.288266591,"{'SPY': 0.25, 'TLT': 0.25, 'SHY': 0.25, 'GLD': 0.25}",0.0
1770595200000,2026-02-09,1000816.1590636161,"{'SPY': 0.25, 'TLT': 0.25, 'SHY': 0.25, 'GLD': 0.25}",0.0
1770681600000,2026-02-10,1000714.196866398,"{'SPY': 0.25, 'TLT': 0.25, 'SHY': 0.25, 'GLD': 0.25}",0.0
1770768000000,2026-02-11,1001916.5239122882,"{'SPY': 0.25, 'TLT': 0.25, 'SHY': 0.25, 'GLD': 0.25}",0.0
1770854400000,2026-02-12,992918.012510635,"{'SPY': 0.25, 'TLT': 0.25, 'SHY': 0.25, 'GLD': 0.25}",0.0
1770940800000,2026-02-13,1001020.7976841953,"{'SPY': 0.25, 'TLT': 0.25, 'SHY': 0.25, 'GLD': 0.25}",0.0
1771286400000,2026-02-17,993952.0687729054,"{'SPY': 0.25, 'TLT': 0.25, 'SHY': 0.25, 'GLD': 0.25}",0.0
1771372800000,2026-02-18,999702.6788575621,"{'SPY': 0.25, 'TLT': 0.25, 'SHY': 0.25, 'GLD': 0.25}",0.0
1771459200000,2026-02-19,999992.8132760434,"{'SPY': 0.25, 'TLT': 0.25, 'SHY': 0.25, 'GLD': 0.25}",0.0
1771545600000,2026-02-20,1006173.6558451277,"{'SPY': 0.25, 'TLT': 0.25, 'SHY': 0.25, 'GLD': 0.25}",0.0
1771804800000,2026-02-23,1011541.1419722562,"{'SPY': 0.25, 'TLT': 0.25, 'SHY': 0.25, 'GLD': 0.25}",0.0
1771891200000,2026-02-24,1010325.4344988593,"{'SPY': 0.25, 'TLT': 0.25, 'SHY': 0.25, 'GLD': 0.25}",0.0
1771977600000,2026-02-25,1011790.8371656784,"{'SPY': 0.25, 'TLT': 0.25, 'SHY': 0.25, 'GLD': 0.25}",0.0
1772064000000,2026-02-26,1013659.2151920142,"{'SPY': 0.25, 'TLT': 0.25, 'SHY': 0.25, 'GLD': 0.25}",0.0
1772150400000,2026-02-27,1017649.6334047761,"{'SPY': 0.25, 'TLT': 0.25, 'SHY': 0.25, 'GLD': 0.25}",0.0
1772409600000,2026-03-02,1018075.6459823587,"{'SPY': 0.25, 'TLT': 0.25, 'SHY': 0.25, 'GLD': 0.25}",0.0
1772496000000,2026-03-03,1003935.6127562055,"{'SPY': 0.25, 'TLT': 0.25, 'SHY': 0.25, 'GLD': 0.25}",0.0
1772582400000,2026-03-04,1006731.1907637427,"{'SPY': 0.25, 'TLT': 0.25, 'SHY': 0.25, 'GLD': 0.25}",0.0
1772668800000,2026-03-05,1001104.4463922469,"{'SPY': 0.25, 'TLT': 0.25, 'SHY': 0.25, 'GLD': 0.25}",0.0
1772755200000,2026-03-06,1000977.436065173,"{'SPY': 0.25, 'TLT': 0.25, 'SHY': 0.25, 'GLD': 0.25}",0.0
1773014400000,2026-03-09,1004950.8807836832,"{'SPY': 0.25, 'TLT': 0.25, 'SHY': 0.25, 'GLD': 0.25}",0.0
1773100800000,2026-03-10,1004554.4069160498,"{'SPY': 0.25, 'TLT': 0.25, 'SHY': 0.25, 'GLD': 0.25}",0.0
1773187200000,2026-03-11,999901.800272329,"{'SPY': 0.25, 'TLT': 0.25, 'SHY': 0.25, 'GLD': 0.25}",0.0
1773273600000,2026-03-12,990281.7978681657,"{'SPY': 0.25, 'TLT': 0.25, 'SHY': 0.25, 'GLD': 0.25}",0.0
1773360000000,2026-03-13,984603.7656961036,"{'SPY': 0.25, 'TLT': 0.25, 'SHY': 0.25, 'GLD': 0.25}",0.0
1773619200000,2026-03-16,989093.7069617133,"{'SPY': 0.25, 'TLT': 0.25, 'SHY': 0.25, 'GLD': 0.25}",0.0
1773705600000,2026-03-17,989831.6131738058,"{'SPY': 0.25, 'TLT': 0.25, 'SHY': 0.25, 'GLD': 0.25}",0.0
1773792000000,2026-03-18,976714.1566381304,"{'SPY': 0.25, 'TLT': 0.25, 'SHY': 0.25, 'GLD': 0.25}",0.0
1773878400000,2026-03-19,967477.585689195,"{'SPY': 0.25, 'TLT': 0.25, 'SHY': 0.25, 'GLD': 0.25}",0.0
1773964800000,2026-03-20,951502.382940196,"{'SPY': 0.25, 'TLT': 0.25, 'SHY': 0.25, 'GLD': 0.25}",0.0
1774224000000,2026-03-23,950524.3142729962,"{'SPY': 0.25, 'TLT': 0.25, 'SHY': 0.25, 'GLD': 0.25}",0.0
1774310400000,2026-03-24,948388.3385703389,"{'SPY': 0.25, 'TLT': 0.25, 'SHY': 0.25, 'GLD': 0.25}",0.0
1774396800000,2026-03-25,959390.9823337874,"{'SPY': 0.25, 'TLT': 0.25, 'SHY': 0.25, 'GLD': 0.25}",0.0
1774483200000,2026-03-26,943550.6328756727,"{'SPY': 0.25, 'TLT': 0.25, 'SHY': 0.25, 'GLD': 0.25}",0.0
1774569600000,2026-03-27,947006.699083708,"{'SPY': 0.25, 'TLT': 0.25, 'SHY': 0.25, 'GLD': 0.25}",0.0
1774828800000,2026-03-30,949614.2238583212,"{'SPY': 0.25, 'TLT': 0.25, 'SHY': 0.25, 'GLD': 0.25}",0.0
1774915200000,2026-03-31,965466.3973064821,"{'SPY': 0.25, 'TLT': 0.25, 'SHY': 0.25, 'GLD': 0.25}",0.0
1775001600000,2026-04-01,971262.4467394362,"{'SPY': 0.25, 'TLT': 0.25, 'SHY': 0.25, 'GLD': 0.25}",0.0
1775088000000,2026-04-02,968426.8069384859,"{'SPY': 0.25, 'TLT': 0.25, 'SHY': 0.25, 'GLD': 0.25}",0.0
1775433600000,2026-04-06,967953.1480798711,"{'SPY': 0.25, 'TLT': 0.25, 'SHY': 0.25, 'GLD': 0.25}",0.0
1775520000000,2026-04-07,970562.133926954,"{'SPY': 0.25, 'TLT': 0.25, 'SHY': 0.25, 'GLD': 0.25}",0.0
1775606400000,2026-04-08,979290.3943670532,"{'SPY': 0.25, 'TLT': 0.25, 'SHY': 0.25, 'GLD': 0.25}",0.0
1775692800000,2026-04-09,982046.9323863963,"{'SPY': 0.25, 'TLT': 0.25, 'SHY': 0.25, 'GLD': 0.25}",0.0
1775779200000,2026-04-10,980763.1357341206,"{'SPY': 0.25, 'TLT': 0.25, 'SHY': 0.25, 'GLD': 0.25}",0.0
1776038400000,2026-04-13,983081.9974552467,"{'SPY': 0.25, 'TLT': 0.25, 'SHY': 0.25, 'GLD': 0.25}",0.0
1776124800000,2026-04-14,993051.521145188,"{'SPY': 0.25, 'TLT': 0.25, 'SHY': 0.25, 'GLD': 0.25}",0.0
1776211200000,2026-04-15,991286.1299417795,"{'SPY': 0.25, 'TLT': 0.25, 'SHY': 0.25, 'GLD': 0.25}",0.0
1776297600000,2026-04-16,990021.4360651304,"{'SPY': 0.25, 'TLT': 0.25, 'SHY': 0.25, 'GLD': 0.25}",0.0
1776384000000,2026-04-17,999049.1145626875,"{'SPY': 0.25, 'TLT': 0.25, 'SHY': 0.25, 'GLD': 0.25}",0.0
1776643200000,2026-04-20,996220.6901303013,"{'SPY': 0.25, 'TLT': 0.25, 'SHY': 0.25, 'GLD': 0.25}",0.0
1776729600000,2026-04-21,985801.7544890887,"{'SPY': 0.25, 'TLT': 0.25, 'SHY': 0.25, 'GLD': 0.25}",0.0
1776816000000,2026-04-22,992165.3717218396,"{'SPY': 0.25, 'TLT': 0.25, 'SHY': 0.25, 'GLD': 0.25}",0.0
1776902400000,2026-04-23,988134.4274234353,"{'SPY': 0.25, 'TLT': 0.25, 'SHY': 0.25, 'GLD': 0.25}",0.0
1776988800000,2026-04-24,992041.5553623278,"{'SPY': 0.25, 'TLT': 0.25, 'SHY': 0.25, 'GLD': 0.25}",0.0
1777248000000,2026-04-27,989255.4767723277,"{'SPY': 0.25, 'TLT': 0.25, 'SHY': 0.25, 'GLD': 0.25}",0.0
1777334400000,2026-04-28,983569.351068387,"{'SPY': 0.25, 'TLT': 0.25, 'SHY': 0.25, 'GLD': 0.25}",0.0
1777420800000,2026-04-29,978673.3795992918,"{'SPY': 0.25, 'TLT': 0.25, 'SHY': 0.25, 'GLD': 0.25}",0.0
1777507200000,2026-04-30,984810.1284071712,"{'SPY': 0.25, 'TLT': 0.25, 'SHY': 0.25, 'GLD': 0.25}",0.0
1777593600000,2026-05-01,986132.1518760845,"{'SPY': 0.25, 'TLT': 0.25, 'SHY': 0.25, 'GLD': 0.25}",0.0
1777852800000,2026-05-04,978123.0285890449,"{'SPY': 0.25, 'TLT': 0.25, 'SHY': 0.25, 'GLD': 0.25}",0.0
1777939200000,2026-05-05,983655.6651956033,"{'SPY': 0.25, 'TLT': 0.25, 'SHY': 0.25, 'GLD': 0.25}",0.0
1778025600000,2026-05-06,996734.7439839492,"{'SPY': 0.25, 'TLT': 0.25, 'SHY': 0.25, 'GLD': 0.25}",0.0
1778112000000,2026-05-07,994930.3287570646,"{'SPY': 0.25, 'TLT': 0.25, 'SHY': 0.25, 'GLD': 0.25}",0.0
1778198400000,2026-05-08,999648.6138876366,"{'SPY': 0.25, 'TLT': 0.25, 'SHY': 0.25, 'GLD': 0.25}",0.0
1778457600000,2026-05-11,998972.1777759464,"{'SPY': 0.25, 'TLT': 0.25, 'SHY': 0.25, 'GLD': 0.25}",0.0
1778544000000,2026-05-12,995759.5200539794,"{'SPY': 0.25, 'TLT': 0.25, 'SHY': 0.25, 'GLD': 0.25}",0.0
1778630400000,2026-05-13,995289.4404346191,"{'SPY': 0.25, 'TLT': 0.25, 'SHY': 0.25, 'GLD': 0.25}",0.0
1778716800000,2026-05-14,995613.3854073894,"{'SPY': 0.25, 'TLT': 0.25, 'SHY': 0.25, 'GLD': 0.25}",0.0
1778803200000,2026-05-15,982843.558430575,"{'SPY': 0.25, 'TLT': 0.25, 'SHY': 0.25, 'GLD': 0.25}",0.0
1779062400000,2026-05-18,983168.025477288,"{'SPY': 0.25, 'TLT': 0.25, 'SHY': 0.25, 'GLD': 0.25}",0.0
1779148800000,2026-05-19,975692.0332583917,"{'SPY': 0.25, 'TLT': 0.25, 'SHY': 0.25, 'GLD': 0.25}",0.0
1779235200000,2026-05-20,984631.3178967878,"{'SPY': 0.25, 'TLT': 0.25, 'SHY': 0.25, 'GLD': 0.25}",0.0
1779321600000,2026-05-21,985757.0976027757,"{'SPY': 0.25, 'TLT': 0.25, 'SHY': 0.25, 'GLD': 0.25}",0.0
1779408000000,2026-05-22,986138.5777167128,"{'SPY': 0.25, 'TLT': 0.25, 'SHY': 0.25, 'GLD': 0.25}",0.0
1779753600000,2026-05-26,989375.3946034785,"{'SPY': 0.25, 'TLT': 0.25, 'SHY': 0.25, 'GLD': 0.25}",0.0
1779840000000,2026-05-27,986652.0254810818,"{'SPY': 0.25, 'TLT': 0.25, 'SHY': 0.25, 'GLD': 0.25}",0.0
1779926400000,2026-05-28,991989.5463930287,"{'SPY': 0.25, 'TLT': 0.25, 'SHY': 0.25, 'GLD': 0.25}",0.0
1780012800000,2026-05-29,995399.3933512614,"{'SPY': 0.25, 'TLT': 0.25, 'SHY': 0.25, 'GLD': 0.25}",0.0
1780272000000,2026-06-01,992572.5041470568,"{'SPY': 0.25, 'TLT': 0.25, 'SHY': 0.25, 'GLD': 0.25}",0.0
1780358400000,2026-06-02,993848.3798366544,"{'SPY': 0.25, 'TLT': 0.25, 'SHY': 0.25, 'GLD': 0.25}",0.0
1780444800000,2026-06-03,988536.5700764648,"{'SPY': 0.25, 'TLT': 0.25, 'SHY': 0.25, 'GLD': 0.25}",0.0
1780531200000,2026-06-04,992261.8223790254,"{'SPY': 0.25, 'TLT': 0.25, 'SHY': 0.25, 'GLD': 0.25}",0.0
1780617600000,2026-06-05,975003.077502407,"{'SPY': 0.25, 'TLT': 0.25, 'SHY': 0.25, 'GLD': 0.25}",0.0
1780876800000,2026-06-08,975046.8438754816,"{'SPY': 0.25, 'TLT': 0.25, 'SHY': 0.25, 'GLD': 0.25}",0.0
