time,date,equity,weights,cashAllocation
1626739200000,2021-07-20,100000.0,"{'BTC': 0.0, 'ETH': 0.0, 'SOL': 0.0, 'XRP': 0.0, 'ADA': 0.0, 'DOGE': 0.0, 'LINK': 0.0, 'AVAX': 0.0, 'LTC': 0.0, 'BCH': 0.0, 'CASH': 1.0}",1.0
1626825600000,2021-07-21,100000.0,"{'BTC': 0.0, 'ETH': 0.0, 'SOL': 0.0, 'XRP': 0.0, 'ADA': 0.0, 'DOGE': 0.0, 'LINK': 0.0, 'AVAX': 0.0, 'LTC': 0.0, 'BCH': 0.0, 'CASH': 1.0}",1.0
1626912000000,2021-07-22,100000.0,"{'BTC': 0.0, 'ETH': 0.0, 'SOL': 0.0, 'XRP': 0.0, 'ADA': 0.0, 'DOGE': 0.0, 'LINK': 0.0, 'AVAX': 0.0, 'LTC': 0.0, 'BCH': 0.0, 'CASH': 1.0}",1.0
1626998400000,2021-07-23,100000.0,"{'BTC': 0.0, 'ETH': 0.0, 'SOL': 0.0, 'XRP': 0.0, 'ADA': 0.0, 'DOGE': 0.0, 'LINK': 0.0, 'AVAX': 0.0, 'LTC': 0.0, 'BCH': 0.0, 'CASH': 1.0}",1.0
1627084800000,2021-07-24,100000.0,"{'BTC': 0.0, 'ETH': 0.0, 'SOL': 0.0, 'XRP': 0.0, 'ADA': 0.0, 'DOGE': 0.0, 'LINK': 0.0, 'AVAX': 0.0, 'LTC': 0.0, 'BCH': 0.0, 'CASH': 1.0}",1.0
1627171200000,2021-07-25,100000.0,"{'BTC': 0.0, 'ETH': 0.0, 'SOL': 0.0, 'XRP': 0.0, 'ADA': 0.0, 'DOGE': 0.0, 'LINK': 0.0, 'AVAX': 0.0, 'LTC': 0.0, 'BCH': 0.0, 'CASH': 1.0}",1.0
1627257600000,2021-07-26,100000.0,"{'BTC': 0.0, 'ETH': 0.0, 'SOL': 0.0, 'XRP': 0.0, 'ADA': 0.0, 'DOGE': 0.0, 'LINK': 0.0, 'AVAX': 0.0, 'LTC': 0.0, 'BCH': 0.0, 'CASH': 1.0}",1.0
1627344000000,2021-07-27,100000.0,"{'BTC': 0.0, 'ETH': 0.0, 'SOL': 0.0, 'XRP': 0.0, 'ADA': 0.0, 'DOGE': 0.0, 'LINK': 0.0, 'AVAX': 0.0, 'LTC': 0.0, 'BCH': 0.0, 'CASH': 1.0}",1.0
1627430400000,2021-07-28,100000.0,"{'BTC': 0.0, 'ETH': 0.0, 'SOL': 0.0, 'XRP': 0.0, 'ADA': 0.0, 'DOGE': 0.0, 'LINK': 0.0, 'AVAX': 0.0, 'LTC': 0.0, 'BCH': 0.0, 'CASH': 1.0}",1.0
1627516800000,2021-07-29,100000.0,"{'BTC': 0.0, 'ETH': 0.0, 'SOL': 0.0, 'XRP': 0.0, 'ADA': 0.0, 'DOGE': 0.0, 'LINK': 0.0, 'AVAX': 0.0, 'LTC': 0.0, 'BCH': 0.0, 'CASH': 1.0}",1.0
1627603200000,2021-07-30,100000.0,"{'BTC': 0.0, 'ETH': 0.0, 'SOL': 0.0, 'XRP': 0.0, 'ADA': 0.0, 'DOGE': 0.0, 'LINK': 0.0, 'AVAX': 0.0, 'LTC': 0.0, 'BCH': 0.0, 'CASH': 1.0}",1.0
1627689600000,2021-07-31,100000.0,"{'BTC': 0.0, 'ETH': 0.0, 'SOL': 0.0, 'XRP': 0.0, 'ADA': 0.0, 'DOGE': 0.0, 'LINK': 0.0, 'AVAX': 0.0, 'LTC': 0.0, 'BCH': 0.0, 'CASH': 1.0}",1.0
1627776000000,2021-08-01,100000.0,"{'BTC': 0.0, 'ETH': 0.0, 'SOL': 0.0, 'XRP': 0.0, 'ADA': 0.0, 'DOGE': 0.0, 'LINK': 0.0, 'AVAX': 0.0, 'LTC': 0.0, 'BCH': 0.0, 'CASH': 1.0}",1.0
1627862400000,2021-08-02,100000.0,"{'BTC': 0.0, 'ETH': 0.0, 'SOL': 0.0, 'XRP': 0.0, 'ADA': 0.0, 'DOGE': 0.0, 'LINK': 0.0, 'AVAX': 0.0, 'LTC': 0.0, 'BCH': 0.0, 'CASH': 1.0}",1.0
1627948800000,2021-08-03,100000.0,"{'BTC': 0.0, 'ETH': 0.0, 'SOL': 0.0, 'XRP': 0.0, 'ADA': 0.0, 'DOGE': 0.0, 'LINK': 0.0, 'AVAX': 0.0, 'LTC': 0.0, 'BCH': 0.0, 'CASH': 1.0}",1.0
1628035200000,2021-08-04,100000.0,"{'BTC': 0.0, 'ETH': 0.0, 'SOL': 0.0, 'XRP': 0.0, 'ADA': 0.0, 'DOGE': 0.0, 'LINK': 0.0, 'AVAX': 0.0, 'LTC': 0.0, 'BCH': 0.0, 'CASH': 1.0}",1.0
1628121600000,2021-08-05,100000.0,"{'BTC': 0.0, 'ETH': 0.0, 'SOL': 0.0, 'XRP': 0.0, 'ADA': 0.0, 'DOGE': 0.0, 'LINK': 0.0, 'AVAX': 0.0, 'LTC': 0.0, 'BCH': 0.0, 'CASH': 1.0}",1.0
1628208000000,2021-08-06,100000.0,"{'BTC': 0.0, 'ETH': 0.0, 'SOL': 0.0, 'XRP': 0.0, 'ADA': 0.0, 'DOGE': 0.0, 'LINK': 0.0, 'AVAX': 0.0, 'LTC': 0.0, 'BCH': 0.0, 'CASH': 1.0}",1.0
1628294400000,2021-08-07,100000.0,"{'BTC': 0.0, 'ETH': 0.0, 'SOL': 0.0, 'XRP': 0.0, 'ADA': 0.0, 'DOGE': 0.0, 'LINK': 0.0, 'AVAX': 0.0, 'LTC': 0.0, 'BCH': 0.0, 'CASH': 1.0}",1.0
1628380800000,2021-08-08,100000.0,"{'BTC': 0.0, 'ETH': 0.0, 'SOL': 0.0, 'XRP': 0.0, 'ADA': 0.0, 'DOGE': 0.0, 'LINK': 0.0, 'AVAX': 0.0, 'LTC': 0.0, 'BCH': 0.0, 'CASH': 1.0}",1.0
1628467200000,2021-08-09,99920.0,"{'BTC': 0.0, 'ETH': 0.4, 'SOL': 0.0, 'XRP': 0.0, 'ADA': 0.0, 'DOGE': 0.0, 'LINK': 0.0, 'AVAX': 0.0, 'LTC': 0.0, 'BCH': 0.0, 'CASH': 0.6}",0.6
1628553600000,2021-08-10,99664.06547050602,"{'BTC': 0.0, 'ETH': 0.4, 'SOL': 0.0, 'XRP': 0.0, 'ADA': 0.0, 'DOGE': 0.0, 'LINK': 0.0, 'AVAX': 0.0, 'LTC': 0.0, 'BCH': 0.0, 'CASH': 0.6}",0.6
1628640000000,2021-08-11,99924.41531706735,"{'BTC': 0.0, 'ETH': 0.4, 'SOL': 0.0, 'XRP': 0.0, 'ADA': 0.0, 'DOGE': 0.0, 'LINK': 0.0, 'AVAX': 0.0, 'LTC': 0.0, 'BCH': 0.0, 'CASH': 0.6}",0.6
1628726400000,2021-08-12,98465.96454032416,"{'BTC': 0.0, 'ETH': 0.4, 'SOL': 0.0, 'XRP': 0.0, 'ADA': 0.0, 'DOGE': 0.0, 'LINK': 0.0, 'AVAX': 0.0, 'LTC': 0.0, 'BCH': 0.0, 'CASH': 0.6}",0.6
1628812800000,2021-08-13,102050.17592936948,"{'BTC': 0.0, 'ETH': 0.4, 'SOL': 0.0, 'XRP': 0.0, 'ADA': 0.0, 'DOGE': 0.0, 'LINK': 0.0, 'AVAX': 0.0, 'LTC': 0.0, 'BCH': 0.0, 'CASH': 0.6}",0.6
1628899200000,2021-08-14,101338.1444177008,"{'BTC': 0.0, 'ETH': 0.4, 'SOL': 0.0, 'XRP': 0.0, 'ADA': 0.0, 'DOGE': 0.0, 'LINK': 0.0, 'AVAX': 0.0, 'LTC': 0.0, 'BCH': 0.0, 'CASH': 0.6}",0.6
1628985600000,2021-08-15,101889.24185394366,"{'BTC': 0.0, 'ETH': 0.4, 'SOL': 0.0, 'XRP': 0.0, 'ADA': 0.0, 'DOGE': 0.0, 'LINK': 0.0, 'AVAX': 0.0, 'LTC': 0.0, 'BCH': 0.0, 'CASH': 0.6}",0.6
1629072000000,2021-08-16,99866.43145156626,"{'BTC': 0.0, 'ETH': 0.4, 'SOL': 0.0, 'XRP': 0.0, 'ADA': 0.0, 'DOGE': 0.0, 'LINK': 0.0, 'AVAX': 0.0, 'LTC': 0.0, 'BCH': 0.0, 'CASH': 0.6}",0.6
1629158400000,2021-08-17,98145.09547743318,"{'BTC': 0.0, 'ETH': 0.4, 'SOL': 0.0, 'XRP': 0.0, 'ADA': 0.0, 'DOGE': 0.0, 'LINK': 0.0, 'AVAX': 0.0, 'LTC': 0.0, 'BCH': 0.0, 'CASH': 0.6}",0.6
1629244800000,2021-08-18,98189.03408564224,"{'BTC': 0.0, 'ETH': 0.4, 'SOL': 0.0, 'XRP': 0.0, 'ADA': 0.0, 'DOGE': 0.0, 'LINK': 0.0, 'AVAX': 0.0, 'LTC': 0.0, 'BCH': 0.0, 'CASH': 0.6}",0.6
1629331200000,2021-08-19,100401.81995321893,"{'BTC': 0.0, 'ETH': 0.4, 'SOL': 0.0, 'XRP': 0.0, 'ADA': 0.0, 'DOGE': 0.0, 'LINK': 0.0, 'AVAX': 0.0, 'LTC': 0.0, 'BCH': 0.0, 'CASH': 0.6}",0.6
1629417600000,2021-08-20,101692.95769961266,"{'BTC': 0.0, 'ETH': 0.4, 'SOL': 0.0, 'XRP': 0.0, 'ADA': 0.0, 'DOGE': 0.0, 'LINK': 0.0, 'AVAX': 0.0, 'LTC': 0.0, 'BCH': 0.0, 'CASH': 0.6}",0.6
1629504000000,2021-08-21,100952.20913809013,"{'BTC': 0.0, 'ETH': 0.4, 'SOL': 0.0, 'XRP': 0.0, 'ADA': 0.0, 'DOGE': 0.0, 'LINK': 0.0, 'AVAX': 0.0, 'LTC': 0.0, 'BCH': 0.0, 'CASH': 0.6}",0.6
1629590400000,2021-08-22,101136.0470113846,"{'BTC': 0.0, 'ETH': 0.4, 'SOL': 0.0, 'XRP': 0.0, 'ADA': 0.0, 'DOGE': 0.0, 'LINK': 0.0, 'AVAX': 0.0, 'LTC': 0.0, 'BCH': 0.0, 'CASH': 0.6}",0.6
1629676800000,2021-08-23,102074.79191082038,"{'BTC': 0.4, 'ETH': 0.4, 'SOL': 0.0, 'XRP': 0.0, 'ADA': 0.0, 'DOGE': 0.0, 'LINK': 0.0, 'AVAX': 0.0, 'LTC': 0.0, 'BCH': 0.0, 'CASH': 0.19999999999999996}",0.19999999999999996
1629763200000,2021-08-24,98707.77586251374,"{'BTC': 0.4, 'ETH': 0.4, 'SOL': 0.0, 'XRP': 0.0, 'ADA': 0.0, 'DOGE': 0.0, 'LINK': 0.0, 'AVAX': 0.0, 'LTC': 0.0, 'BCH': 0.0, 'CASH': 0.19999999999999996}",0.19999999999999996
1629849600000,2021-08-25,100497.7563022315,"{'BTC': 0.4, 'ETH': 0.4, 'SOL': 0.0, 'XRP': 0.0, 'ADA': 0.0, 'DOGE': 0.0, 'LINK': 0.0, 'AVAX': 0.0, 'LTC': 0.0, 'BCH': 0.0, 'CASH': 0.19999999999999996}",0.19999999999999996
1629936000000,2021-08-26,97060.2816898558,"{'BTC': 0.4, 'ETH': 0.4, 'SOL': 0.0, 'XRP': 0.0, 'ADA': 0.0, 'DOGE': 0.0, 'LINK': 0.0, 'AVAX': 0.0, 'LTC': 0.0, 'BCH': 0.0, 'CASH': 0.19999999999999996}",0.19999999999999996
1630022400000,2021-08-27,101182.67968862358,"{'BTC': 0.4, 'ETH': 0.4, 'SOL': 0.0, 'XRP': 0.0, 'ADA': 0.0, 'DOGE': 0.0, 'LINK': 0.0, 'AVAX': 0.0, 'LTC': 0.0, 'BCH': 0.0, 'CASH': 0.19999999999999996}",0.19999999999999996
1630108800000,2021-08-28,100741.90388691833,"{'BTC': 0.4, 'ETH': 0.4, 'SOL': 0.0, 'XRP': 0.0, 'ADA': 0.0, 'DOGE': 0.0, 'LINK': 0.0, 'AVAX': 0.0, 'LTC': 0.0, 'BCH': 0.0, 'CASH': 0.19999999999999996}",0.19999999999999996
1630195200000,2021-08-29,100359.223903901,"{'BTC': 0.4, 'ETH': 0.4, 'SOL': 0.0, 'XRP': 0.0, 'ADA': 0.0, 'DOGE': 0.0, 'LINK': 0.0, 'AVAX': 0.0, 'LTC': 0.0, 'BCH': 0.0, 'CASH': 0.19999999999999996}",0.19999999999999996
1630281600000,2021-08-30,98822.73587846455,"{'BTC': 0.0, 'ETH': 0.4, 'SOL': 0.0, 'XRP': 0.0, 'ADA': 0.0, 'DOGE': 0.0, 'LINK': 0.0, 'AVAX': 0.0, 'LTC': 0.0, 'BCH': 0.0, 'CASH': 0.6}",0.6
1630368000000,2021-08-31,101286.04332111287,"{'BTC': 0.0, 'ETH': 0.4, 'SOL': 0.0, 'XRP': 0.0, 'ADA': 0.0, 'DOGE': 0.0, 'LINK': 0.0, 'AVAX': 0.0, 'LTC': 0.0, 'BCH': 0.0, 'CASH': 0.6}",0.6
1630454400000,2021-09-01,106000.51868306298,"{'BTC': 0.0, 'ETH': 0.4, 'SOL': 0.0, 'XRP': 0.0, 'ADA': 0.0, 'DOGE': 0.0, 'LINK': 0.0, 'AVAX': 0.0, 'LTC': 0.0, 'BCH': 0.0, 'CASH': 0.6}",0.6
1630540800000,2021-09-02,105541.90344838043,"{'BTC': 0.0, 'ETH': 0.4, 'SOL': 0.0, 'XRP': 0.0, 'ADA': 0.0, 'DOGE': 0.0, 'LINK': 0.0, 'AVAX': 0.0, 'LTC': 0.0, 'BCH': 0.0, 'CASH': 0.6}",0.6
1630627200000,2021-09-03,107236.93990278362,"{'BTC': 0.0, 'ETH': 0.4, 'SOL': 0.0, 'XRP': 0.0, 'ADA': 0.0, 'DOGE': 0.0, 'LINK': 0.0, 'AVAX': 0.0, 'LTC': 0.0, 'BCH': 0.0, 'CASH': 0.6}",0.6
1630713600000,2021-09-04,106665.05455554595,"{'BTC': 0.0, 'ETH': 0.4, 'SOL': 0.0, 'XRP': 0.0, 'ADA': 0.0, 'DOGE': 0.0, 'LINK': 0.0, 'AVAX': 0.0, 'LTC': 0.0, 'BCH': 0.0, 'CASH': 0.6}",0.6
1630800000000,2021-09-05,107374.48487520605,"{'BTC': 0.0, 'ETH': 0.4, 'SOL': 0.0, 'XRP': 0.0, 'ADA': 0.0, 'DOGE': 0.0, 'LINK': 0.0, 'AVAX': 0.0, 'LTC': 0.0, 'BCH': 0.0, 'CASH': 0.6}",0.6
1630886400000,2021-09-06,107121.49191104765,"{'BTC': 0.0, 'ETH': 0.4, 'SOL': 0.0, 'XRP': 0.0, 'ADA': 0.0, 'DOGE': 0.0, 'LINK': 0.0, 'AVAX': 0.0, 'LTC': 0.0, 'BCH': 0.0, 'CASH': 0.6}",0.6
1630972800000,2021-09-07,101756.48800248298,"{'BTC': 0.0, 'ETH': 0.4, 'SOL': 0.0, 'XRP': 0.0, 'ADA': 0.0, 'DOGE': 0.0, 'LINK': 0.0, 'AVAX': 0.0, 'LTC': 0.0, 'BCH': 0.0, 'CASH': 0.6}",0.6
1631059200000,2021-09-08,102507.07296240072,"{'BTC': 0.0, 'ETH': 0.4, 'SOL': 0.0, 'XRP': 0.0, 'ADA': 0.0, 'DOGE': 0.0, 'LINK': 0.0, 'AVAX': 0.0, 'LTC': 0.0, 'BCH': 0.0, 'CASH': 0.6}",0.6
1631145600000,2021-09-09,101623.95781008576,"{'BTC': 0.0, 'ETH': 0.4, 'SOL': 0.0, 'XRP': 0.0, 'ADA': 0.0, 'DOGE': 0.0, 'LINK': 0.0, 'AVAX': 0.0, 'LTC': 0.0, 'BCH': 0.0, 'CASH': 0.6}",0.6
1631232000000,2021-09-10,99070.65197570175,"{'BTC': 0.0, 'ETH': 0.4, 'SOL': 0.0, 'XRP': 0.0, 'ADA': 0.0, 'DOGE': 0.0, 'LINK': 0.0, 'AVAX': 0.0, 'LTC': 0.0, 'BCH': 0.0, 'CASH': 0.6}",0.6
1631318400000,2021-09-11,99773.75353653895,"{'BTC': 0.0, 'ETH': 0.4, 'SOL': 0.0, 'XRP': 0.0, 'ADA': 0.0, 'DOGE': 0.0, 'LINK': 0.0, 'AVAX': 0.0, 'LTC': 0.0, 'BCH': 0.0, 'CASH': 0.6}",0.6
1631404800000,2021-09-12,101447.21187727737,"{'BTC': 0.0, 'ETH': 0.4, 'SOL': 0.0, 'XRP': 0.0, 'ADA': 0.0, 'DOGE': 0.0, 'LINK': 0.0, 'AVAX': 0.0, 'LTC': 0.0, 'BCH': 0.0, 'CASH': 0.6}",0.6
1631491200000,2021-09-13,99964.64451468863,"{'BTC': 0.0, 'ETH': 0.0, 'SOL': 0.0, 'XRP': 0.0, 'ADA': 0.0, 'DOGE': 0.0, 'LINK': 0.0, 'AVAX': 0.0, 'LTC': 0.0, 'BCH': 0.0, 'CASH': 1.0}",1.0
1631577600000,2021-09-14,99964.64451468863,"{'BTC': 0.0, 'ETH': 0.0, 'SOL': 0.0, 'XRP': 0.0, 'ADA': 0.0, 'DOGE': 0.0, 'LINK': 0.0, 'AVAX': 0.0, 'LTC': 0.0, 'BCH': 0.0, 'CASH': 1.0}",1.0
1631664000000,2021-09-15,99964.64451468863,"{'BTC': 0.0, 'ETH': 0.0, 'SOL': 0.0, 'XRP': 0.0, 'ADA': 0.0, 'DOGE': 0.0, 'LINK': 0.0, 'AVAX': 0.0, 'LTC': 0.0, 'BCH': 0.0, 'CASH': 1.0}",1.0
1631750400000,2021-09-16,99964.64451468863,"{'BTC': 0.0, 'ETH': 0.0, 'SOL': 0.0, 'XRP': 0.0, 'ADA': 0.0, 'DOGE': 0.0, 'LINK': 0.0, 'AVAX': 0.0, 'LTC': 0.0, 'BCH': 0.0, 'CASH': 1.0}",1.0
1631836800000,2021-09-17,99964.64451468863,"{'BTC': 0.0, 'ETH': 0.0, 'SOL': 0.0, 'XRP': 0.0, 'ADA': 0.0, 'DOGE': 0.0, 'LINK': 0.0, 'AVAX': 0.0, 'LTC': 0.0, 'BCH': 0.0, 'CASH': 1.0}",1.0
1631923200000,2021-09-18,99964.64451468863,"{'BTC': 0.0, 'ETH': 0.0, 'SOL': 0.0, 'XRP': 0.0, 'ADA': 0.0, 'DOGE': 0.0, 'LINK': 0.0, 'AVAX': 0.0, 'LTC': 0.0, 'BCH': 0.0, 'CASH': 1.0}",1.0
1632009600000,2021-09-19,99964.64451468863,"{'BTC': 0.0, 'ETH': 0.0, 'SOL': 0.0, 'XRP': 0.0, 'ADA': 0.0, 'DOGE': 0.0, 'LINK': 0.0, 'AVAX': 0.0, 'LTC': 0.0, 'BCH': 0.0, 'CASH': 1.0}",1.0
1632096000000,2021-09-20,99884.67279907687,"{'BTC': 0.0, 'ETH': 0.4, 'SOL': 0.0, 'XRP': 0.0, 'ADA': 0.0, 'DOGE': 0.0, 'LINK': 0.0, 'AVAX': 0.0, 'LTC': 0.0, 'BCH': 0.0, 'CASH': 0.6}",0.6
1632182400000,2021-09-21,97055.1976903152,"{'BTC': 0.0, 'ETH': 0.4, 'SOL': 0.0, 'XRP': 0.0, 'ADA': 0.0, 'DOGE': 0.0, 'LINK': 0.0, 'AVAX': 0.0, 'LTC': 0.0, 'BCH': 0.0, 'CASH': 0.6}",0.6
1632268800000,2021-09-22,101445.13908297585,"{'BTC': 0.0, 'ETH': 0.4, 'SOL': 0.0, 'XRP': 0.0, 'ADA': 0.0, 'DOGE': 0.0, 'LINK': 0.0, 'AVAX': 0.0, 'LTC': 0.0, 'BCH': 0.0, 'CASH': 0.6}",0.6
1632355200000,2021-09-23,102449.43090013354,"{'BTC': 0.0, 'ETH': 0.4, 'SOL': 0.0, 'XRP': 0.0, 'ADA': 0.0, 'DOGE': 0.0, 'LINK': 0.0, 'AVAX': 0.0, 'LTC': 0.0, 'BCH': 0.0, 'CASH': 0.6}",0.6
1632441600000,2021-09-24,99539.45162961108,"{'BTC': 0.0, 'ETH': 0.4, 'SOL': 0.0, 'XRP': 0.0, 'ADA': 0.0, 'DOGE': 0.0, 'LINK': 0.0, 'AVAX': 0.0, 'LTC': 0.0, 'BCH': 0.0, 'CASH': 0.6}",0.6
1632528000000,2021-09-25,99449.78287385643,"{'BTC': 0.0, 'ETH': 0.4, 'SOL': 0.0, 'XRP': 0.0, 'ADA': 0.0, 'DOGE': 0.0, 'LINK': 0.0, 'AVAX': 0.0, 'LTC': 0.0, 'BCH': 0.0, 'CASH': 0.6}",0.6
1632614400000,2021-09-26,101309.52826718356,"{'BTC': 0.0, 'ETH': 0.4, 'SOL': 0.0, 'XRP': 0.0, 'ADA': 0.0, 'DOGE': 0.0, 'LINK': 0.0, 'AVAX': 0.0, 'LTC': 0.0, 'BCH': 0.0, 'CASH': 0.6}",0.6
1632700800000,2021-09-27,99516.30218454165,"{'BTC': 0.0, 'ETH': 0.4, 'SOL': 0.0, 'XRP': 0.0, 'ADA': 0.0, 'DOGE': 0.0, 'LINK': 0.0, 'AVAX': 0.0, 'LTC': 0.0, 'BCH': 0.0, 'CASH': 0.6}",0.6
1632787200000,2021-09-28,97888.53584949362,"{'BTC': 0.0, 'ETH': 0.4, 'SOL': 0.0, 'XRP': 0.0, 'ADA': 0.0, 'DOGE': 0.0, 'LINK': 0.0, 'AVAX': 0.0, 'LTC': 0.0, 'BCH': 0.0, 'CASH': 0.6}",0.6
1632873600000,2021-09-29,98509.43453036172,"{'BTC': 0.0, 'ETH': 0.4, 'SOL': 0.0, 'XRP': 0.0, 'ADA': 0.0, 'DOGE': 0.0, 'LINK': 0.0, 'AVAX': 0.0, 'LTC': 0.0, 'BCH': 0.0, 'CASH': 0.6}",0.6
1632960000000,2021-09-30,100587.6395586907,"{'BTC': 0.0, 'ETH': 0.4, 'SOL': 0.0, 'XRP': 0.0, 'ADA': 0.0, 'DOGE': 0.0, 'LINK': 0.0, 'AVAX': 0.0, 'LTC': 0.0, 'BCH': 0.0, 'CASH': 0.6}",0.6
1633046400000,2021-10-01,104754.01132980383,"{'BTC': 0.0, 'ETH': 0.4, 'SOL': 0.0, 'XRP': 0.0, 'ADA': 0.0, 'DOGE': 0.0, 'LINK': 0.0, 'AVAX': 0.0, 'LTC': 0.0, 'BCH': 0.0, 'CASH': 0.6}",0.6
1633132800000,2021-10-02,105724.11757758923,"{'BTC': 0.0, 'ETH': 0.4, 'SOL': 0.0, 'XRP': 0.0, 'ADA': 0.0, 'DOGE': 0.0, 'LINK': 0.0, 'AVAX': 0.0, 'LTC': 0.0, 'BCH': 0.0, 'CASH': 0.6}",0.6
1633219200000,2021-10-03,106126.68947242157,"{'BTC': 0.0, 'ETH': 0.4, 'SOL': 0.0, 'XRP': 0.0, 'ADA': 0.0, 'DOGE': 0.0, 'LINK': 0.0, 'AVAX': 0.0, 'LTC': 0.0, 'BCH': 0.0, 'CASH': 0.6}",0.6
1633305600000,2021-10-04,105543.90579462415,"{'BTC': 0.37915280970400034, 'ETH': 0.2882424402723864, 'SOL': 0.0, 'XRP': 0.0, 'ADA': 0.3326047500236132, 'DOGE': 0.0, 'LINK': 0.0, 'AVAX': 0.0, 'LTC': 0.0, 'BCH': 0.0, 'CASH': 1.1102230246251565e-16}",1.1102230246251565e-16
1633392000000,2021-10-05,109187.91266876852,"{'BTC': 0.37915280970400034, 'ETH': 0.2882424402723864, 'SOL': 0.0, 'XRP': 0.0, 'ADA': 0.3326047500236132, 'DOGE': 0.0, 'LINK': 0.0, 'AVAX': 0.0, 'LTC': 0.0, 'BCH': 0.0, 'CASH': 1.1102230246251565e-16}",1.1102230246251565e-16
1633478400000,2021-10-06,112457.33727049192,"{'BTC': 0.37915280970400034, 'ETH': 0.2882424402723864, 'SOL': 0.0, 'XRP': 0.0, 'ADA': 0.3326047500236132, 'DOGE': 0.0, 'LINK': 0.0, 'AVAX': 0.0, 'LTC': 0.0, 'BCH': 0.0, 'CASH': 1.1102230246251565e-16}",1.1102230246251565e-16
1633564800000,2021-10-07,112528.0215305218,"{'BTC': 0.37915280970400034, 'ETH': 0.2882424402723864, 'SOL': 0.0, 'XRP': 0.0, 'ADA': 0.3326047500236132, 'DOGE': 0.0, 'LINK': 0.0, 'AVAX': 0.0, 'LTC': 0.0, 'BCH': 0.0, 'CASH': 1.1102230246251565e-16}",1.1102230246251565e-16
1633651200000,2021-10-08,111775.73293799454,"{'BTC': 0.37915280970400034, 'ETH': 0.2882424402723864, 'SOL': 0.0, 'XRP': 0.0, 'ADA': 0.3326047500236132, 'DOGE': 0.0, 'LINK': 0.0, 'AVAX': 0.0, 'LTC': 0.0, 'BCH': 0.0, 'CASH': 1.1102230246251565e-16}",1.1102230246251565e-16
1633737600000,2021-10-09,113180.4834084956,"{'BTC': 0.37915280970400034, 'ETH': 0.2882424402723864, 'SOL': 0.0, 'XRP': 0.0, 'ADA': 0.3326047500236132, 'DOGE': 0.0, 'LINK': 0.0, 'AVAX': 0.0, 'LTC': 0.0, 'BCH': 0.0, 'CASH': 1.1102230246251565e-16}",1.1102230246251565e-16
1633824000000,2021-10-10,110186.95611850082,"{'BTC': 0.37915280970400034, 'ETH': 0.2882424402723864, 'SOL': 0.0, 'XRP': 0.0, 'ADA': 0.3326047500236132, 'DOGE': 0.0, 'LINK': 0.0, 'AVAX': 0.0, 'LTC': 0.0, 'BCH': 0.0, 'CASH': 1.1102230246251565e-16}",1.1102230246251565e-16
1633910400000,2021-10-11,113196.86384246104,"{'BTC': 0.3641798837597528, 'ETH': 0.30321886598186754, 'SOL': 0.0, 'XRP': 0.0, 'ADA': 0.3326012502583797, 'DOGE': 0.0, 'LINK': 0.0, 'AVAX': 0.0, 'LTC': 0.0, 'BCH': 0.0, 'CASH': 0.0}",0.0
1633996800000,2021-10-12,110697.84344924596,"{'BTC': 0.3641798837597528, 'ETH': 0.30321886598186754, 'SOL': 0.0, 'XRP': 0.0, 'ADA': 0.3326012502583797, 'DOGE': 0.0, 'LINK': 0.0, 'AVAX': 0.0, 'LTC': 0.0, 'BCH': 0.0, 'CASH': 0.0}",0.0
1634083200000,2021-10-13,114052.40001580537,"{'BTC': 0.3641798837597528, 'ETH': 0.30321886598186754, 'SOL': 0.0, 'XRP': 0.0, 'ADA': 0.3326012502583797, 'DOGE': 0.0, 'LINK': 0.0, 'AVAX': 0.0, 'LTC': 0.0, 'BCH': 0.0, 'CASH': 0.0}",0.0
1634169600000,2021-10-14,115548.5565429136,"{'BTC': 0.3641798837597528, 'ETH': 0.30321886598186754, 'SOL': 0.0, 'XRP': 0.0, 'ADA': 0.3326012502583797, 'DOGE': 0.0, 'LINK': 0.0, 'AVAX': 0.0, 'LTC': 0.0, 'BCH': 0.0, 'CASH': 0.0}",0.0
1634256000000,2021-10-15,120209.14637398542,"{'BTC': 0.3641798837597528, 'ETH': 0.30321886598186754, 'SOL': 0.0, 'XRP': 0.0, 'ADA': 0.3326012502583797, 'DOGE': 0.0, 'LINK': 0.0, 'AVAX': 0.0, 'LTC': 0.0, 'BCH': 0.0, 'CASH': 0.0}",0.0
1634342400000,2021-10-16,118551.64358979222,"{'BTC': 0.3641798837597528, 'ETH': 0.30321886598186754, 'SOL': 0.0, 'XRP': 0.0, 'ADA': 0.3326012502583797, 'DOGE': 0.0, 'LINK': 0.0, 'AVAX': 0.0, 'LTC': 0.0, 'BCH': 0.0, 'CASH': 0.0}",0.0
1634428800000,2021-10-17,118823.89126082057,"{'BTC': 0.3641798837597528, 'ETH': 0.30321886598186754, 'SOL': 0.0, 'XRP': 0.0, 'ADA': 0.3326012502583797, 'DOGE': 0.0, 'LINK': 0.0, 'AVAX': 0.0, 'LTC': 0.0, 'BCH': 0.0, 'CASH': 0.0}",0.0
1634515200000,2021-10-18,117563.1503920705,"{'BTC': 0.4, 'ETH': 0.4, 'SOL': 0.0, 'XRP': 0.0, 'ADA': 0.0, 'DOGE': 0.0, 'LINK': 0.0, 'AVAX': 0.0, 'LTC': 0.0, 'BCH': 0.0, 'CASH': 0.19999999999999996}",0.19999999999999996
1634601600000,2021-10-19,120942.62837821296,"{'BTC': 0.4, 'ETH': 0.4, 'SOL': 0.0, 'XRP': 0.0, 'ADA': 0.0, 'DOGE': 0.0, 'LINK': 0.0, 'AVAX': 0.0, 'LTC': 0.0, 'BCH': 0.0, 'CASH': 0.19999999999999996}",0.19999999999999996
1634688000000,2021-10-20,125778.99291713639,"{'BTC': 0.4, 'ETH': 0.4, 'SOL': 0.0, 'XRP': 0.0, 'ADA': 0.0, 'DOGE': 0.0, 'LINK': 0.0, 'AVAX': 0.0, 'LTC': 0.0, 'BCH': 0.0, 'CASH': 0.19999999999999996}",0.19999999999999996
1634774400000,2021-10-21,121560.22777372216,"{'BTC': 0.4, 'ETH': 0.4, 'SOL': 0.0, 'XRP': 0.0, 'ADA': 0.0, 'DOGE': 0.0, 'LINK': 0.0, 'AVAX': 0.0, 'LTC': 0.0, 'BCH': 0.0, 'CASH': 0.19999999999999996}",0.19999999999999996
1634860800000,2021-10-22,119387.15412147703,"{'BTC': 0.4, 'ETH': 0.4, 'SOL': 0.0, 'XRP': 0.0, 'ADA': 0.0, 'DOGE': 0.0, 'LINK': 0.0, 'AVAX': 0.0, 'LTC': 0.0, 'BCH': 0.0, 'CASH': 0.19999999999999996}",0.19999999999999996
1634947200000,2021-10-23,122237.92071954478,"{'BTC': 0.4, 'ETH': 0.4, 'SOL': 0.0, 'XRP': 0.0, 'ADA': 0.0, 'DOGE': 0.0, 'LINK': 0.0, 'AVAX': 0.0, 'LTC': 0.0, 'BCH': 0.0, 'CASH': 0.19999999999999996}",0.19999999999999996
1635033600000,2021-10-24,120874.74987606418,"{'BTC': 0.4, 'ETH': 0.4, 'SOL': 0.0, 'XRP': 0.0, 'ADA': 0.0, 'DOGE': 0.0, 'LINK': 0.0, 'AVAX': 0.0, 'LTC': 0.0, 'BCH': 0.0, 'CASH': 0.19999999999999996}",0.19999999999999996
1635120000000,2021-10-25,124199.47663749971,"{'BTC': 0.34957139877394783, 'ETH': 0.37661274585019755, 'SOL': 0.0, 'XRP': 0.0, 'ADA': 0.0, 'DOGE': 0.0, 'LINK': 0.27381585537585457, 'AVAX': 0.0, 'LTC': 0.0, 'BCH': 0.0, 'CASH': 0.0}",0.0
1635206400000,2021-10-26,121482.77386903501,"{'BTC': 0.34957139877394783, 'ETH': 0.37661274585019755, 'SOL': 0.0, 'XRP': 0.0, 'ADA': 0.0, 'DOGE': 0.0, 'LINK': 0.27381585537585457, 'AVAX': 0.0, 'LTC': 0.0, 'BCH': 0.0, 'CASH': 0.0}",0.0
1635292800000,2021-10-27,114147.8004378617,"{'BTC': 0.34957139877394783, 'ETH': 0.37661274585019755, 'SOL': 0.0, 'XRP': 0.0, 'ADA': 0.0, 'DOGE': 0.0, 'LINK': 0.27381585537585457, 'AVAX': 0.0, 'LTC': 0.0, 'BCH': 0.0, 'CASH': 0.0}",0.0
1635379200000,2021-10-28,120991.04855979243,"{'BTC': 0.34957139877394783, 'ETH': 0.37661274585019755, 'SOL': 0.0, 'XRP': 0.0, 'ADA': 0.0, 'DOGE': 0.0, 'LINK': 0.27381585537585457, 'AVAX': 0.0, 'LTC': 0.0, 'BCH': 0.0, 'CASH': 0.0}",0.0
1635465600000,2021-10-29,124415.17424086262,"{'BTC': 0.34957139877394783, 'ETH': 0.37661274585019755, 'SOL': 0.0, 'XRP': 0.0, 'ADA': 0.0, 'DOGE': 0.0, 'LINK': 0.27381585537585457, 'AVAX': 0.0, 'LTC': 0.0, 'BCH': 0.0, 'CASH': 0.0}",0.0
1635552000000,2021-10-30,121847.96536428129,"{'BTC': 0.34957139877394783, 'ETH': 0.37661274585019755, 'SOL': 0.0, 'XRP': 0.0, 'ADA': 0.0, 'DOGE': 0.0, 'LINK': 0.27381585537585457, 'AVAX': 0.0, 'LTC': 0.0, 'BCH': 0.0, 'CASH': 0.0}",0.0
1635638400000,2021-10-31,121352.01274905009,"{'BTC': 0.34957139877394783, 'ETH': 0.37661274585019755, 'SOL': 0.0, 'XRP': 0.0, 'ADA': 0.0, 'DOGE': 0.0, 'LINK': 0.27381585537585457, 'AVAX': 0.0, 'LTC': 0.0, 'BCH': 0.0, 'CASH': 0.0}",0.0
1635724800000,2021-11-01,123110.9906411038,"{'BTC': 0.38794061966571924, 'ETH': 0.3226394188192613, 'SOL': 0.0, 'XRP': 0.0, 'ADA': 0.0, 'DOGE': 0.0, 'LINK': 0.0, 'AVAX': 0.0, 'LTC': 0.2894199615150196, 'BCH': 0.0, 'CASH': 0.0}",0.0
1635811200000,2021-11-02,128036.22478981447,"{'BTC': 0.38794061966571924, 'ETH': 0.3226394188192613, 'SOL': 0.0, 'XRP': 0.0, 'ADA': 0.0, 'DOGE': 0.0, 'LINK': 0.0, 'AVAX': 0.0, 'LTC': 0.2894199615150196, 'BCH': 0.0, 'CASH': 0.0}",0.0
1635897600000,2021-11-03,129033.31321979042,"{'BTC': 0.38794061966571924, 'ETH': 0.3226394188192613, 'SOL': 0.0, 'XRP': 0.0, 'ADA': 0.0, 'DOGE': 0.0, 'LINK': 0.0, 'AVAX': 0.0, 'LTC': 0.2894199615150196, 'BCH': 0.0, 'CASH': 0.0}",0.0
1635984000000,2021-11-04,126430.14065627963,"{'BTC': 0.38794061966571924, 'ETH': 0.3226394188192613, 'SOL': 0.0, 'XRP': 0.0, 'ADA': 0.0, 'DOGE': 0.0, 'LINK': 0.0, 'AVAX': 0.0, 'LTC': 0.2894199615150196, 'BCH': 0.0, 'CASH': 0.0}",0.0
1636070400000,2021-11-05,124881.7697320171,"{'BTC': 0.38794061966571924, 'ETH': 0.3226394188192613, 'SOL': 0.0, 'XRP': 0.0, 'ADA': 0.0, 'DOGE': 0.0, 'LINK': 0.0, 'AVAX': 0.0, 'LTC': 0.2894199615150196, 'BCH': 0.0, 'CASH': 0.0}",0.0
1636156800000,2021-11-06,125451.30041084034,"{'BTC': 0.38794061966571924, 'ETH': 0.3226394188192613, 'SOL': 0.0, 'XRP': 0.0, 'ADA': 0.0, 'DOGE': 0.0, 'LINK': 0.0, 'AVAX': 0.0, 'LTC': 0.2894199615150196, 'BCH': 0.0, 'CASH': 0.0}",0.0
1636243200000,2021-11-07,128509.64967004921,"{'BTC': 0.38794061966571924, 'ETH': 0.3226394188192613, 'SOL': 0.0, 'XRP': 0.0, 'ADA': 0.0, 'DOGE': 0.0, 'LINK': 0.0, 'AVAX': 0.0, 'LTC': 0.2894199615150196, 'BCH': 0.0, 'CASH': 0.0}",0.0
1636329600000,2021-11-08,138530.4907270922,"{'BTC': 0.4, 'ETH': 0.34222812493664756, 'SOL': 0.0, 'XRP': 0.0, 'ADA': 0.0, 'DOGE': 0.0, 'LINK': 0.0, 'AVAX': 0.0, 'LTC': 0.2577718750633524, 'BCH': 0.0, 'CASH': 0.0}",0.0
1636416000000,2021-11-09,142389.9357591457,"{'BTC': 0.4, 'ETH': 0.34222812493664756, 'SOL': 0.0, 'XRP': 0.0, 'ADA': 0.0, 'DOGE': 0.0, 'LINK': 0.0, 'AVAX': 0.0, 'LTC': 0.2577718750633524, 'BCH': 0.0, 'CASH': 0.0}",0.0
1636502400000,2021-11-10,139360.12753276768,"{'BTC': 0.4, 'ETH': 0.34222812493664756, 'SOL': 0.0, 'XRP': 0.0, 'ADA': 0.0, 'DOGE': 0.0, 'LINK': 0.0, 'AVAX': 0.0, 'LTC': 0.2577718750633524, 'BCH': 0.0, 'CASH': 0.0}",0.0
1636588800000,2021-11-11,140486.0305360763,"{'BTC': 0.4, 'ETH': 0.34222812493664756, 'SOL': 0.0, 'XRP': 0.0, 'ADA': 0.0, 'DOGE': 0.0, 'LINK': 0.0, 'AVAX': 0.0, 'LTC': 0.2577718750633524, 'BCH': 0.0, 'CASH': 0.0}",0.0
1636675200000,2021-11-12,137830.45617069883,"{'BTC': 0.4, 'ETH': 0.34222812493664756, 'SOL': 0.0, 'XRP': 0.0, 'ADA': 0.0, 'DOGE': 0.0, 'LINK': 0.0, 'AVAX': 0.0, 'LTC': 0.2577718750633524, 'BCH': 0.0, 'CASH': 0.0}",0.0
1636761600000,2021-11-13,138736.3400847148,"{'BTC': 0.4, 'ETH': 0.34222812493664756, 'SOL': 0.0, 'XRP': 0.0, 'ADA': 0.0, 'DOGE': 0.0, 'LINK': 0.0, 'AVAX': 0.0, 'LTC': 0.2577718750633524, 'BCH': 0.0, 'CASH': 0.0}",0.0
1636848000000,2021-11-14,142510.41573761575,"{'BTC': 0.4, 'ETH': 0.34222812493664756, 'SOL': 0.0, 'XRP': 0.0, 'ADA': 0.0, 'DOGE': 0.0, 'LINK': 0.0, 'AVAX': 0.0, 'LTC': 0.2577718750633524, 'BCH': 0.0, 'CASH': 0.0}",0.0
1636934400000,2021-11-15,138052.0996768347,"{'BTC': 0.4, 'ETH': 0.3843266129192716, 'SOL': 0.0, 'XRP': 0.0, 'ADA': 0.0, 'DOGE': 0.0, 'LINK': 0.0, 'AVAX': 0.0, 'LTC': 0.21567338708072833, 'BCH': 0.0, 'CASH': 0.0}",0.0
1637020800000,2021-11-16,127168.51236385311,"{'BTC': 0.4, 'ETH': 0.3843266129192716, 'SOL': 0.0, 'XRP': 0.0, 'ADA': 0.0, 'DOGE': 0.0, 'LINK': 0.0, 'AVAX': 0.0, 'LTC': 0.21567338708072833, 'BCH': 0.0, 'CASH': 0.0}",0.0
1637107200000,2021-11-17,128207.03520582739,"{'BTC': 0.4, 'ETH': 0.3843266129192716, 'SOL': 0.0, 'XRP': 0.0, 'ADA': 0.0, 'DOGE': 0.0, 'LINK': 0.0, 'AVAX': 0.0, 'LTC': 0.21567338708072833, 'BCH': 0.0, 'CASH': 0.0}",0.0
1637193600000,2021-11-18,118873.37561516941,"{'BTC': 0.4, 'ETH': 0.3843266129192716, 'SOL': 0.0, 'XRP': 0.0, 'ADA': 0.0, 'DOGE': 0.0, 'LINK': 0.0, 'AVAX': 0.0, 'LTC': 0.21567338708072833, 'BCH': 0.0, 'CASH': 0.0}",0.0
1637280000000,2021-11-19,125085.47884417124,"{'BTC': 0.4, 'ETH': 0.3843266129192716, 'SOL': 0.0, 'XRP': 0.0, 'ADA': 0.0, 'DOGE': 0.0, 'LINK': 0.0, 'AVAX': 0.0, 'LTC': 0.21567338708072833, 'BCH': 0.0, 'CASH': 0.0}",0.0
1637366400000,2021-11-20,128904.11341867763,"{'BTC': 0.4, 'ETH': 0.3843266129192716, 'SOL': 0.0, 'XRP': 0.0, 'ADA': 0.0, 'DOGE': 0.0, 'LINK': 0.0, 'AVAX': 0.0, 'LTC': 0.21567338708072833, 'BCH': 0.0, 'CASH': 0.0}",0.0
1637452800000,2021-11-21,125563.97459409975,"{'BTC': 0.4, 'ETH': 0.3843266129192716, 'SOL': 0.0, 'XRP': 0.0, 'ADA': 0.0, 'DOGE': 0.0, 'LINK': 0.0, 'AVAX': 0.0, 'LTC': 0.21567338708072833, 'BCH': 0.0, 'CASH': 0.0}",0.0
1637539200000,2021-11-22,120044.6898940973,"{'BTC': 0.4, 'ETH': 0.396564315315106, 'SOL': 0.0, 'XRP': 0.0, 'ADA': 0.0, 'DOGE': 0.0, 'LINK': 0.0, 'AVAX': 0.0, 'LTC': 0.203435684684894, 'BCH': 0.0, 'CASH': 0.0}",0.0
1637625600000,2021-11-23,124909.77636110832,"{'BTC': 0.4, 'ETH': 0.396564315315106, 'SOL': 0.0, 'XRP': 0.0, 'ADA': 0.0, 'DOGE': 0.0, 'LINK': 0.0, 'AVAX': 0.0, 'LTC': 0.203435684684894, 'BCH': 0.0, 'CASH': 0.0}",0.0
1637712000000,2021-11-24,123267.47692693768,"{'BTC': 0.4, 'ETH': 0.396564315315106, 'SOL': 0.0, 'XRP': 0.0, 'ADA': 0.0, 'DOGE': 0.0, 'LINK': 0.0, 'AVAX': 0.0, 'LTC': 0.203435684684894, 'BCH': 0.0, 'CASH': 0.0}",0.0
1637798400000,2021-11-25,129042.56073484462,"{'BTC': 0.4, 'ETH': 0.396564315315106, 'SOL': 0.0, 'XRP': 0.0, 'ADA': 0.0, 'DOGE': 0.0, 'LINK': 0.0, 'AVAX': 0.0, 'LTC': 0.203435684684894, 'BCH': 0.0, 'CASH': 0.0}",0.0
1637884800000,2021-11-26,115804.63918714774,"{'BTC': 0.4, 'ETH': 0.396564315315106, 'SOL': 0.0, 'XRP': 0.0, 'ADA': 0.0, 'DOGE': 0.0, 'LINK': 0.0, 'AVAX': 0.0, 'LTC': 0.203435684684894, 'BCH': 0.0, 'CASH': 0.0}",0.0
1637971200000,2021-11-27,117237.51429613688,"{'BTC': 0.4, 'ETH': 0.396564315315106, 'SOL': 0.0, 'XRP': 0.0, 'ADA': 0.0, 'DOGE': 0.0, 'LINK': 0.0, 'AVAX': 0.0, 'LTC': 0.203435684684894, 'BCH': 0.0, 'CASH': 0.0}",0.0
1638057600000,2021-11-28,122220.41908376814,"{'BTC': 0.4, 'ETH': 0.396564315315106, 'SOL': 0.0, 'XRP': 0.0, 'ADA': 0.0, 'DOGE': 0.0, 'LINK': 0.0, 'AVAX': 0.0, 'LTC': 0.203435684684894, 'BCH': 0.0, 'CASH': 0.0}",0.0
1638144000000,2021-11-29,125104.02731632911,"{'BTC': 0.4, 'ETH': 0.3331756540738388, 'SOL': 0.0, 'XRP': 0.0, 'ADA': 0.0, 'DOGE': 0.0, 'LINK': 0.0, 'AVAX': 0.0, 'LTC': 0.2668243459261612, 'BCH': 0.0, 'CASH': 0.0}",0.0
1638230400000,2021-11-30,126458.52417667198,"{'BTC': 0.4, 'ETH': 0.3331756540738388, 'SOL': 0.0, 'XRP': 0.0, 'ADA': 0.0, 'DOGE': 0.0, 'LINK': 0.0, 'AVAX': 0.0, 'LTC': 0.2668243459261612, 'BCH': 0.0, 'CASH': 0.0}",0.0
1638316800000,2021-12-01,126386.42547385835,"{'BTC': 0.4, 'ETH': 0.3331756540738388, 'SOL': 0.0, 'XRP': 0.0, 'ADA': 0.0, 'DOGE': 0.0, 'LINK': 0.0, 'AVAX': 0.0, 'LTC': 0.2668243459261612, 'BCH': 0.0, 'CASH': 0.0}",0.0
1638403200000,2021-12-02,124246.99337217268,"{'BTC': 0.4, 'ETH': 0.3331756540738388, 'SOL': 0.0, 'XRP': 0.0, 'ADA': 0.0, 'DOGE': 0.0, 'LINK': 0.0, 'AVAX': 0.0, 'LTC': 0.2668243459261612, 'BCH': 0.0, 'CASH': 0.0}",0.0
1638489600000,2021-12-03,116471.80201221473,"{'BTC': 0.4, 'ETH': 0.3331756540738388, 'SOL': 0.0, 'XRP': 0.0, 'ADA': 0.0, 'DOGE': 0.0, 'LINK': 0.0, 'AVAX': 0.0, 'LTC': 0.2668243459261612, 'BCH': 0.0, 'CASH': 0.0}",0.0
1638576000000,2021-12-04,107610.33953845155,"{'BTC': 0.4, 'ETH': 0.3331756540738388, 'SOL': 0.0, 'XRP': 0.0, 'ADA': 0.0, 'DOGE': 0.0, 'LINK': 0.0, 'AVAX': 0.0, 'LTC': 0.2668243459261612, 'BCH': 0.0, 'CASH': 0.0}",0.0
1638662400000,2021-12-05,107414.1152303103,"{'BTC': 0.4, 'ETH': 0.3331756540738388, 'SOL': 0.0, 'XRP': 0.0, 'ADA': 0.0, 'DOGE': 0.0, 'LINK': 0.0, 'AVAX': 0.0, 'LTC': 0.2668243459261612, 'BCH': 0.0, 'CASH': 0.0}",0.0
1638748800000,2021-12-06,110361.071246698,"{'BTC': 0.0, 'ETH': 0.4, 'SOL': 0.0, 'XRP': 0.0, 'ADA': 0.0, 'DOGE': 0.0, 'LINK': 0.0, 'AVAX': 0.0, 'LTC': 0.0, 'BCH': 0.0, 'CASH': 0.6}",0.6
1638835200000,2021-12-07,109914.6814945043,"{'BTC': 0.0, 'ETH': 0.4, 'SOL': 0.0, 'XRP': 0.0, 'ADA': 0.0, 'DOGE': 0.0, 'LINK': 0.0, 'AVAX': 0.0, 'LTC': 0.0, 'BCH': 0.0, 'CASH': 0.6}",0.6
1638921600000,2021-12-08,111244.00398769963,"{'BTC': 0.0, 'ETH': 0.4, 'SOL': 0.0, 'XRP': 0.0, 'ADA': 0.0, 'DOGE': 0.0, 'LINK': 0.0, 'AVAX': 0.0, 'LTC': 0.0, 'BCH': 0.0, 'CASH': 0.6}",0.6
1639008000000,2021-12-09,107892.53695948115,"{'BTC': 0.0, 'ETH': 0.4, 'SOL': 0.0, 'XRP': 0.0, 'ADA': 0.0, 'DOGE': 0.0, 'LINK': 0.0, 'AVAX': 0.0, 'LTC': 0.0, 'BCH': 0.0, 'CASH': 0.6}",0.6
1639094400000,2021-12-10,105736.29433689525,"{'BTC': 0.0, 'ETH': 0.4, 'SOL': 0.0, 'XRP': 0.0, 'ADA': 0.0, 'DOGE': 0.0, 'LINK': 0.0, 'AVAX': 0.0, 'LTC': 0.0, 'BCH': 0.0, 'CASH': 0.6}",0.6
1639180800000,2021-12-11,107799.24321020748,"{'BTC': 0.0, 'ETH': 0.4, 'SOL': 0.0, 'XRP': 0.0, 'ADA': 0.0, 'DOGE': 0.0, 'LINK': 0.0, 'AVAX': 0.0, 'LTC': 0.0, 'BCH': 0.0, 'CASH': 0.6}",0.6
1639267200000,2021-12-12,108239.16913980179,"{'BTC': 0.0, 'ETH': 0.4, 'SOL': 0.0, 'XRP': 0.0, 'ADA': 0.0, 'DOGE': 0.0, 'LINK': 0.0, 'AVAX': 0.0, 'LTC': 0.0, 'BCH': 0.0, 'CASH': 0.6}",0.6
1639353600000,2021-12-13,104495.36921217301,"{'BTC': 0.0, 'ETH': 0.0, 'SOL': 0.0, 'XRP': 0.0, 'ADA': 0.0, 'DOGE': 0.0, 'LINK': 0.0, 'AVAX': 0.0, 'LTC': 0.0, 'BCH': 0.0, 'CASH': 1.0}",1.0
1639440000000,2021-12-14,104495.36921217301,"{'BTC': 0.0, 'ETH': 0.0, 'SOL': 0.0, 'XRP': 0.0, 'ADA': 0.0, 'DOGE': 0.0, 'LINK': 0.0, 'AVAX': 0.0, 'LTC': 0.0, 'BCH': 0.0, 'CASH': 1.0}",1.0
1639526400000,2021-12-15,104495.36921217301,"{'BTC': 0.0, 'ETH': 0.0, 'SOL': 0.0, 'XRP': 0.0, 'ADA': 0.0, 'DOGE': 0.0, 'LINK': 0.0, 'AVAX': 0.0, 'LTC': 0.0, 'BCH': 0.0, 'CASH': 1.0}",1.0
1639612800000,2021-12-16,104495.36921217301,"{'BTC': 0.0, 'ETH': 0.0, 'SOL': 0.0, 'XRP': 0.0, 'ADA': 0.0, 'DOGE': 0.0, 'LINK': 0.0, 'AVAX': 0.0, 'LTC': 0.0, 'BCH': 0.0, 'CASH': 1.0}",1.0
1639699200000,2021-12-17,104495.36921217301,"{'BTC': 0.0, 'ETH': 0.0, 'SOL': 0.0, 'XRP': 0.0, 'ADA': 0.0, 'DOGE': 0.0, 'LINK': 0.0, 'AVAX': 0.0, 'LTC': 0.0, 'BCH': 0.0, 'CASH': 1.0}",1.0
1639785600000,2021-12-18,104495.36921217301,"{'BTC': 0.0, 'ETH': 0.0, 'SOL': 0.0, 'XRP': 0.0, 'ADA': 0.0, 'DOGE': 0.0, 'LINK': 0.0, 'AVAX': 0.0, 'LTC': 0.0, 'BCH': 0.0, 'CASH': 1.0}",1.0
1639872000000,2021-12-19,104495.36921217301,"{'BTC': 0.0, 'ETH': 0.0, 'SOL': 0.0, 'XRP': 0.0, 'ADA': 0.0, 'DOGE': 0.0, 'LINK': 0.0, 'AVAX': 0.0, 'LTC': 0.0, 'BCH': 0.0, 'CASH': 1.0}",1.0
1639958400000,2021-12-20,104495.36921217301,"{'BTC': 0.0, 'ETH': 0.0, 'SOL': 0.0, 'XRP': 0.0, 'ADA': 0.0, 'DOGE': 0.0, 'LINK': 0.0, 'AVAX': 0.0, 'LTC': 0.0, 'BCH': 0.0, 'CASH': 1.0}",1.0
1640044800000,2021-12-21,104495.36921217301,"{'BTC': 0.0, 'ETH': 0.0, 'SOL': 0.0, 'XRP': 0.0, 'ADA': 0.0, 'DOGE': 0.0, 'LINK': 0.0, 'AVAX': 0.0, 'LTC': 0.0, 'BCH': 0.0, 'CASH': 1.0}",1.0
1640131200000,2021-12-22,104495.36921217301,"{'BTC': 0.0, 'ETH': 0.0, 'SOL': 0.0, 'XRP': 0.0, 'ADA': 0.0, 'DOGE': 0.0, 'LINK': 0.0, 'AVAX': 0.0, 'LTC': 0.0, 'BCH': 0.0, 'CASH': 1.0}",1.0
1640217600000,2021-12-23,104495.36921217301,"{'BTC': 0.0, 'ETH': 0.0, 'SOL': 0.0, 'XRP': 0.0, 'ADA': 0.0, 'DOGE': 0.0, 'LINK': 0.0, 'AVAX': 0.0, 'LTC': 0.0, 'BCH': 0.0, 'CASH': 1.0}",1.0
1640304000000,2021-12-24,104495.36921217301,"{'BTC': 0.0, 'ETH': 0.0, 'SOL': 0.0, 'XRP': 0.0, 'ADA': 0.0, 'DOGE': 0.0, 'LINK': 0.0, 'AVAX': 0.0, 'LTC': 0.0, 'BCH': 0.0, 'CASH': 1.0}",1.0
1640390400000,2021-12-25,104495.36921217301,"{'BTC': 0.0, 'ETH': 0.0, 'SOL': 0.0, 'XRP': 0.0, 'ADA': 0.0, 'DOGE': 0.0, 'LINK': 0.0, 'AVAX': 0.0, 'LTC': 0.0, 'BCH': 0.0, 'CASH': 1.0}",1.0
1640476800000,2021-12-26,104495.36921217301,"{'BTC': 0.0, 'ETH': 0.0, 'SOL': 0.0, 'XRP': 0.0, 'ADA': 0.0, 'DOGE': 0.0, 'LINK': 0.0, 'AVAX': 0.0, 'LTC': 0.0, 'BCH': 0.0, 'CASH': 1.0}",1.0
1640563200000,2021-12-27,104495.36921217301,"{'BTC': 0.0, 'ETH': 0.0, 'SOL': 0.0, 'XRP': 0.0, 'ADA': 0.0, 'DOGE': 0.0, 'LINK': 0.0, 'AVAX': 0.0, 'LTC': 0.0, 'BCH': 0.0, 'CASH': 1.0}",1.0
1640649600000,2021-12-28,104495.36921217301,"{'BTC': 0.0, 'ETH': 0.0, 'SOL': 0.0, 'XRP': 0.0, 'ADA': 0.0, 'DOGE': 0.0, 'LINK': 0.0, 'AVAX': 0.0, 'LTC': 0.0, 'BCH': 0.0, 'CASH': 1.0}",1.0
1640736000000,2021-12-29,104495.36921217301,"{'BTC': 0.0, 'ETH': 0.0, 'SOL': 0.0, 'XRP': 0.0, 'ADA': 0.0, 'DOGE': 0.0, 'LINK': 0.0, 'AVAX': 0.0, 'LTC': 0.0, 'BCH': 0.0, 'CASH': 1.0}",1.0
1640822400000,2021-12-30,104495.36921217301,"{'BTC': 0.0, 'ETH': 0.0, 'SOL': 0.0, 'XRP': 0.0, 'ADA': 0.0, 'DOGE': 0.0, 'LINK': 0.0, 'AVAX': 0.0, 'LTC': 0.0, 'BCH': 0.0, 'CASH': 1.0}",1.0
1640908800000,2021-12-31,104495.36921217301,"{'BTC': 0.0, 'ETH': 0.0, 'SOL': 0.0, 'XRP': 0.0, 'ADA': 0.0, 'DOGE': 0.0, 'LINK': 0.0, 'AVAX': 0.0, 'LTC': 0.0, 'BCH': 0.0, 'CASH': 1.0}",1.0
1640995200000,2022-01-01,104495.36921217301,"{'BTC': 0.0, 'ETH': 0.0, 'SOL': 0.0, 'XRP': 0.0, 'ADA': 0.0, 'DOGE': 0.0, 'LINK': 0.0, 'AVAX': 0.0, 'LTC': 0.0, 'BCH': 0.0, 'CASH': 1.0}",1.0
1641081600000,2022-01-02,104495.36921217301,"{'BTC': 0.0, 'ETH': 0.0, 'SOL': 0.0, 'XRP': 0.0, 'ADA': 0.0, 'DOGE': 0.0, 'LINK': 0.0, 'AVAX': 0.0, 'LTC': 0.0, 'BCH': 0.0, 'CASH': 1.0}",1.0
1641168000000,2022-01-03,104495.36921217301,"{'BTC': 0.0, 'ETH': 0.0, 'SOL': 0.0, 'XRP': 0.0, 'ADA': 0.0, 'DOGE': 0.0, 'LINK': 0.0, 'AVAX': 0.0, 'LTC': 0.0, 'BCH': 0.0, 'CASH': 1.0}",1.0
1641254400000,2022-01-04,104495.36921217301,"{'BTC': 0.0, 'ETH': 0.0, 'SOL': 0.0, 'XRP': 0.0, 'ADA': 0.0, 'DOGE': 0.0, 'LINK': 0.0, 'AVAX': 0.0, 'LTC': 0.0, 'BCH': 0.0, 'CASH': 1.0}",1.0
1641340800000,2022-01-05,104495.36921217301,"{'BTC': 0.0, 'ETH': 0.0, 'SOL': 0.0, 'XRP': 0.0, 'ADA': 0.0, 'DOGE': 0.0, 'LINK': 0.0, 'AVAX': 0.0, 'LTC': 0.0, 'BCH': 0.0, 'CASH': 1.0}",1.0
1641427200000,2022-01-06,104495.36921217301,"{'BTC': 0.0, 'ETH': 0.0, 'SOL': 0.0, 'XRP': 0.0, 'ADA': 0.0, 'DOGE': 0.0, 'LINK': 0.0, 'AVAX': 0.0, 'LTC': 0.0, 'BCH': 0.0, 'CASH': 1.0}",1.0
1641513600000,2022-01-07,104495.36921217301,"{'BTC': 0.0, 'ETH': 0.0, 'SOL': 0.0, 'XRP': 0.0, 'ADA': 0.0, 'DOGE': 0.0, 'LINK': 0.0, 'AVAX': 0.0, 'LTC': 0.0, 'BCH': 0.0, 'CASH': 1.0}",1.0
1641600000000,2022-01-08,104495.36921217301,"{'BTC': 0.0, 'ETH': 0.0, 'SOL': 0.0, 'XRP': 0.0, 'ADA': 0.0, 'DOGE': 0.0, 'LINK': 0.0, 'AVAX': 0.0, 'LTC': 0.0, 'BCH': 0.0, 'CASH': 1.0}",1.0
1641686400000,2022-01-09,104495.36921217301,"{'BTC': 0.0, 'ETH': 0.0, 'SOL': 0.0, 'XRP': 0.0, 'ADA': 0.0, 'DOGE': 0.0, 'LINK': 0.0, 'AVAX': 0.0, 'LTC': 0.0, 'BCH': 0.0, 'CASH': 1.0}",1.0
1641772800000,2022-01-10,104495.36921217301,"{'BTC': 0.0, 'ETH': 0.0, 'SOL': 0.0, 'XRP': 0.0, 'ADA': 0.0, 'DOGE': 0.0, 'LINK': 0.0, 'AVAX': 0.0, 'LTC': 0.0, 'BCH': 0.0, 'CASH': 1.0}",1.0
1641859200000,2022-01-11,104495.36921217301,"{'BTC': 0.0, 'ETH': 0.0, 'SOL': 0.0, 'XRP': 0.0, 'ADA': 0.0, 'DOGE': 0.0, 'LINK': 0.0, 'AVAX': 0.0, 'LTC': 0.0, 'BCH': 0.0, 'CASH': 1.0}",1.0
1641945600000,2022-01-12,104495.36921217301,"{'BTC': 0.0, 'ETH': 0.0, 'SOL': 0.0, 'XRP': 0.0, 'ADA': 0.0, 'DOGE': 0.0, 'LINK': 0.0, 'AVAX': 0.0, 'LTC': 0.0, 'BCH': 0.0, 'CASH': 1.0}",1.0
1642032000000,2022-01-13,104495.36921217301,"{'BTC': 0.0, 'ETH': 0.0, 'SOL': 0.0, 'XRP': 0.0, 'ADA': 0.0, 'DOGE': 0.0, 'LINK': 0.0, 'AVAX': 0.0, 'LTC': 0.0, 'BCH': 0.0, 'CASH': 1.0}",1.0
1642118400000,2022-01-14,104495.36921217301,"{'BTC': 0.0, 'ETH': 0.0, 'SOL': 0.0, 'XRP': 0.0, 'ADA': 0.0, 'DOGE': 0.0, 'LINK': 0.0, 'AVAX': 0.0, 'LTC': 0.0, 'BCH': 0.0, 'CASH': 1.0}",1.0
1642204800000,2022-01-15,104495.36921217301,"{'BTC': 0.0, 'ETH': 0.0, 'SOL': 0.0, 'XRP': 0.0, 'ADA': 0.0, 'DOGE': 0.0, 'LINK': 0.0, 'AVAX': 0.0, 'LTC': 0.0, 'BCH': 0.0, 'CASH': 1.0}",1.0
1642291200000,2022-01-16,104495.36921217301,"{'BTC': 0.0, 'ETH': 0.0, 'SOL': 0.0, 'XRP': 0.0, 'ADA': 0.0, 'DOGE': 0.0, 'LINK': 0.0, 'AVAX': 0.0, 'LTC': 0.0, 'BCH': 0.0, 'CASH': 1.0}",1.0
1642377600000,2022-01-17,104495.36921217301,"{'BTC': 0.0, 'ETH': 0.0, 'SOL': 0.0, 'XRP': 0.0, 'ADA': 0.0, 'DOGE': 0.0, 'LINK': 0.0, 'AVAX': 0.0, 'LTC': 0.0, 'BCH': 0.0, 'CASH': 1.0}",1.0
1642464000000,2022-01-18,104495.36921217301,"{'BTC': 0.0, 'ETH': 0.0, 'SOL': 0.0, 'XRP': 0.0, 'ADA': 0.0, 'DOGE': 0.0, 'LINK': 0.0, 'AVAX': 0.0, 'LTC': 0.0, 'BCH': 0.0, 'CASH': 1.0}",1.0
1642550400000,2022-01-19,104495.36921217301,"{'BTC': 0.0, 'ETH': 0.0, 'SOL': 0.0, 'XRP': 0.0, 'ADA': 0.0, 'DOGE': 0.0, 'LINK': 0.0, 'AVAX': 0.0, 'LTC': 0.0, 'BCH': 0.0, 'CASH': 1.0}",1.0
1642636800000,2022-01-20,104495.36921217301,"{'BTC': 0.0, 'ETH': 0.0, 'SOL': 0.0, 'XRP': 0.0, 'ADA': 0.0, 'DOGE': 0.0, 'LINK': 0.0, 'AVAX': 0.0, 'LTC': 0.0, 'BCH': 0.0, 'CASH': 1.0}",1.0
1642723200000,2022-01-21,104495.36921217301,"{'BTC': 0.0, 'ETH': 0.0, 'SOL': 0.0, 'XRP': 0.0, 'ADA': 0.0, 'DOGE': 0.0, 'LINK': 0.0, 'AVAX': 0.0, 'LTC': 0.0, 'BCH': 0.0, 'CASH': 1.0}",1.0
1642809600000,2022-01-22,104495.36921217301,"{'BTC': 0.0, 'ETH': 0.0, 'SOL': 0.0, 'XRP': 0.0, 'ADA': 0.0, 'DOGE': 0.0, 'LINK': 0.0, 'AVAX': 0.0, 'LTC': 0.0, 'BCH': 0.0, 'CASH': 1.0}",1.0
1642896000000,2022-01-23,104495.36921217301,"{'BTC': 0.0, 'ETH': 0.0, 'SOL': 0.0, 'XRP': 0.0, 'ADA': 0.0, 'DOGE': 0.0, 'LINK': 0.0, 'AVAX': 0.0, 'LTC': 0.0, 'BCH': 0.0, 'CASH': 1.0}",1.0
1642982400000,2022-01-24,104495.36921217301,"{'BTC': 0.0, 'ETH': 0.0, 'SOL': 0.0, 'XRP': 0.0, 'ADA': 0.0, 'DOGE': 0.0, 'LINK': 0.0, 'AVAX': 0.0, 'LTC': 0.0, 'BCH': 0.0, 'CASH': 1.0}",1.0
1643068800000,2022-01-25,104495.36921217301,"{'BTC': 0.0, 'ETH': 0.0, 'SOL': 0.0, 'XRP': 0.0, 'ADA': 0.0, 'DOGE': 0.0, 'LINK': 0.0, 'AVAX': 0.0, 'LTC': 0.0, 'BCH': 0.0, 'CASH': 1.0}",1.0
1643155200000,2022-01-26,104495.36921217301,"{'BTC': 0.0, 'ETH': 0.0, 'SOL': 0.0, 'XRP': 0.0, 'ADA': 0.0, 'DOGE': 0.0, 'LINK': 0.0, 'AVAX': 0.0, 'LTC': 0.0, 'BCH': 0.0, 'CASH': 1.0}",1.0
1643241600000,2022-01-27,104495.36921217301,"{'BTC': 0.0, 'ETH': 0.0, 'SOL': 0.0, 'XRP': 0.0, 'ADA': 0.0, 'DOGE': 0.0, 'LINK': 0.0, 'AVAX': 0.0, 'LTC': 0.0, 'BCH': 0.0, 'CASH': 1.0}",1.0
1643328000000,2022-01-28,104495.36921217301,"{'BTC': 0.0, 'ETH': 0.0, 'SOL': 0.0, 'XRP': 0.0, 'ADA': 0.0, 'DOGE': 0.0, 'LINK': 0.0, 'AVAX': 0.0, 'LTC': 0.0, 'BCH': 0.0, 'CASH': 1.0}",1.0
1643414400000,2022-01-29,104495.36921217301,"{'BTC': 0.0, 'ETH': 0.0, 'SOL': 0.0, 'XRP': 0.0, 'ADA': 0.0, 'DOGE': 0.0, 'LINK': 0.0, 'AVAX': 0.0, 'LTC': 0.0, 'BCH': 0.0, 'CASH': 1.0}",1.0
1643500800000,2022-01-30,104495.36921217301,"{'BTC': 0.0, 'ETH': 0.0, 'SOL': 0.0, 'XRP': 0.0, 'ADA': 0.0, 'DOGE': 0.0, 'LINK': 0.0, 'AVAX': 0.0, 'LTC': 0.0, 'BCH': 0.0, 'CASH': 1.0}",1.0
1643587200000,2022-01-31,104495.36921217301,"{'BTC': 0.0, 'ETH': 0.0, 'SOL': 0.0, 'XRP': 0.0, 'ADA': 0.0, 'DOGE': 0.0, 'LINK': 0.0, 'AVAX': 0.0, 'LTC': 0.0, 'BCH': 0.0, 'CASH': 1.0}",1.0
1643673600000,2022-02-01,104495.36921217301,"{'BTC': 0.0, 'ETH': 0.0, 'SOL': 0.0, 'XRP': 0.0, 'ADA': 0.0, 'DOGE': 0.0, 'LINK': 0.0, 'AVAX': 0.0, 'LTC': 0.0, 'BCH': 0.0, 'CASH': 1.0}",1.0
1643760000000,2022-02-02,104495.36921217301,"{'BTC': 0.0, 'ETH': 0.0, 'SOL': 0.0, 'XRP': 0.0, 'ADA': 0.0, 'DOGE': 0.0, 'LINK': 0.0, 'AVAX': 0.0, 'LTC': 0.0, 'BCH': 0.0, 'CASH': 1.0}",1.0
1643846400000,2022-02-03,104495.36921217301,"{'BTC': 0.0, 'ETH': 0.0, 'SOL': 0.0, 'XRP': 0.0, 'ADA': 0.0, 'DOGE': 0.0, 'LINK': 0.0, 'AVAX': 0.0, 'LTC': 0.0, 'BCH': 0.0, 'CASH': 1.0}",1.0
1643932800000,2022-02-04,104495.36921217301,"{'BTC': 0.0, 'ETH': 0.0, 'SOL': 0.0, 'XRP': 0.0, 'ADA': 0.0, 'DOGE': 0.0, 'LINK': 0.0, 'AVAX': 0.0, 'LTC': 0.0, 'BCH': 0.0, 'CASH': 1.0}",1.0
1644019200000,2022-02-05,104495.36921217301,"{'BTC': 0.0, 'ETH': 0.0, 'SOL': 0.0, 'XRP': 0.0, 'ADA': 0.0, 'DOGE': 0.0, 'LINK': 0.0, 'AVAX': 0.0, 'LTC': 0.0, 'BCH': 0.0, 'CASH': 1.0}",1.0
1644105600000,2022-02-06,104495.36921217301,"{'BTC': 0.0, 'ETH': 0.0, 'SOL': 0.0, 'XRP': 0.0, 'ADA': 0.0, 'DOGE': 0.0, 'LINK': 0.0, 'AVAX': 0.0, 'LTC': 0.0, 'BCH': 0.0, 'CASH': 1.0}",1.0
1644192000000,2022-02-07,104495.36921217301,"{'BTC': 0.0, 'ETH': 0.0, 'SOL': 0.0, 'XRP': 0.0, 'ADA': 0.0, 'DOGE': 0.0, 'LINK': 0.0, 'AVAX': 0.0, 'LTC': 0.0, 'BCH': 0.0, 'CASH': 1.0}",1.0
1644278400000,2022-02-08,104495.36921217301,"{'BTC': 0.0, 'ETH': 0.0, 'SOL': 0.0, 'XRP': 0.0, 'ADA': 0.0, 'DOGE': 0.0, 'LINK': 0.0, 'AVAX': 0.0, 'LTC': 0.0, 'BCH': 0.0, 'CASH': 1.0}",1.0
1644364800000,2022-02-09,104495.36921217301,"{'BTC': 0.0, 'ETH': 0.0, 'SOL': 0.0, 'XRP': 0.0, 'ADA': 0.0, 'DOGE': 0.0, 'LINK': 0.0, 'AVAX': 0.0, 'LTC': 0.0, 'BCH': 0.0, 'CASH': 1.0}",1.0
1644451200000,2022-02-10,104495.36921217301,"{'BTC': 0.0, 'ETH': 0.0, 'SOL': 0.0, 'XRP': 0.0, 'ADA': 0.0, 'DOGE': 0.0, 'LINK': 0.0, 'AVAX': 0.0, 'LTC': 0.0, 'BCH': 0.0, 'CASH': 1.0}",1.0
1644537600000,2022-02-11,104495.36921217301,"{'BTC': 0.0, 'ETH': 0.0, 'SOL': 0.0, 'XRP': 0.0, 'ADA': 0.0, 'DOGE': 0.0, 'LINK': 0.0, 'AVAX': 0.0, 'LTC': 0.0, 'BCH': 0.0, 'CASH': 1.0}",1.0
1644624000000,2022-02-12,104495.36921217301,"{'BTC': 0.0, 'ETH': 0.0, 'SOL': 0.0, 'XRP': 0.0, 'ADA': 0.0, 'DOGE': 0.0, 'LINK': 0.0, 'AVAX': 0.0, 'LTC': 0.0, 'BCH': 0.0, 'CASH': 1.0}",1.0
1644710400000,2022-02-13,104495.36921217301,"{'BTC': 0.0, 'ETH': 0.0, 'SOL': 0.0, 'XRP': 0.0, 'ADA': 0.0, 'DOGE': 0.0, 'LINK': 0.0, 'AVAX': 0.0, 'LTC': 0.0, 'BCH': 0.0, 'CASH': 1.0}",1.0
1644796800000,2022-02-14,104495.36921217301,"{'BTC': 0.0, 'ETH': 0.0, 'SOL': 0.0, 'XRP': 0.0, 'ADA': 0.0, 'DOGE': 0.0, 'LINK': 0.0, 'AVAX': 0.0, 'LTC': 0.0, 'BCH': 0.0, 'CASH': 1.0}",1.0
1644883200000,2022-02-15,104495.36921217301,"{'BTC': 0.0, 'ETH': 0.0, 'SOL': 0.0, 'XRP': 0.0, 'ADA': 0.0, 'DOGE': 0.0, 'LINK': 0.0, 'AVAX': 0.0, 'LTC': 0.0, 'BCH': 0.0, 'CASH': 1.0}",1.0
1644969600000,2022-02-16,104495.36921217301,"{'BTC': 0.0, 'ETH': 0.0, 'SOL': 0.0, 'XRP': 0.0, 'ADA': 0.0, 'DOGE': 0.0, 'LINK': 0.0, 'AVAX': 0.0, 'LTC': 0.0, 'BCH': 0.0, 'CASH': 1.0}",1.0
1645056000000,2022-02-17,104495.36921217301,"{'BTC': 0.0, 'ETH': 0.0, 'SOL': 0.0, 'XRP': 0.0, 'ADA': 0.0, 'DOGE': 0.0, 'LINK': 0.0, 'AVAX': 0.0, 'LTC': 0.0, 'BCH': 0.0, 'CASH': 1.0}",1.0
1645142400000,2022-02-18,104495.36921217301,"{'BTC': 0.0, 'ETH': 0.0, 'SOL': 0.0, 'XRP': 0.0, 'ADA': 0.0, 'DOGE': 0.0, 'LINK': 0.0, 'AVAX': 0.0, 'LTC': 0.0, 'BCH': 0.0, 'CASH': 1.0}",1.0
1645228800000,2022-02-19,104495.36921217301,"{'BTC': 0.0, 'ETH': 0.0, 'SOL': 0.0, 'XRP': 0.0, 'ADA': 0.0, 'DOGE': 0.0, 'LINK': 0.0, 'AVAX': 0.0, 'LTC': 0.0, 'BCH': 0.0, 'CASH': 1.0}",1.0
1645315200000,2022-02-20,104495.36921217301,"{'BTC': 0.0, 'ETH': 0.0, 'SOL': 0.0, 'XRP': 0.0, 'ADA': 0.0, 'DOGE': 0.0, 'LINK': 0.0, 'AVAX': 0.0, 'LTC': 0.0, 'BCH': 0.0, 'CASH': 1.0}",1.0
1645401600000,2022-02-21,104495.36921217301,"{'BTC': 0.0, 'ETH': 0.0, 'SOL': 0.0, 'XRP': 0.0, 'ADA': 0.0, 'DOGE': 0.0, 'LINK': 0.0, 'AVAX': 0.0, 'LTC': 0.0, 'BCH': 0.0, 'CASH': 1.0}",1.0
1645488000000,2022-02-22,104495.36921217301,"{'BTC': 0.0, 'ETH': 0.0, 'SOL': 0.0, 'XRP': 0.0, 'ADA': 0.0, 'DOGE': 0.0, 'LINK': 0.0, 'AVAX': 0.0, 'LTC': 0.0, 'BCH': 0.0, 'CASH': 1.0}",1.0
1645574400000,2022-02-23,104495.36921217301,"{'BTC': 0.0, 'ETH': 0.0, 'SOL': 0.0, 'XRP': 0.0, 'ADA': 0.0, 'DOGE': 0.0, 'LINK': 0.0, 'AVAX': 0.0, 'LTC': 0.0, 'BCH': 0.0, 'CASH': 1.0}",1.0
1645660800000,2022-02-24,104495.36921217301,"{'BTC': 0.0, 'ETH': 0.0, 'SOL': 0.0, 'XRP': 0.0, 'ADA': 0.0, 'DOGE': 0.0, 'LINK': 0.0, 'AVAX': 0.0, 'LTC': 0.0, 'BCH': 0.0, 'CASH': 1.0}",1.0
1645747200000,2022-02-25,104495.36921217301,"{'BTC': 0.0, 'ETH': 0.0, 'SOL': 0.0, 'XRP': 0.0, 'ADA': 0.0, 'DOGE': 0.0, 'LINK': 0.0, 'AVAX': 0.0, 'LTC': 0.0, 'BCH': 0.0, 'CASH': 1.0}",1.0
1645833600000,2022-02-26,104495.36921217301,"{'BTC': 0.0, 'ETH': 0.0, 'SOL': 0.0, 'XRP': 0.0, 'ADA': 0.0, 'DOGE': 0.0, 'LINK': 0.0, 'AVAX': 0.0, 'LTC': 0.0, 'BCH': 0.0, 'CASH': 1.0}",1.0
1645920000000,2022-02-27,104495.36921217301,"{'BTC': 0.0, 'ETH': 0.0, 'SOL': 0.0, 'XRP': 0.0, 'ADA': 0.0, 'DOGE': 0.0, 'LINK': 0.0, 'AVAX': 0.0, 'LTC': 0.0, 'BCH': 0.0, 'CASH': 1.0}",1.0
1646006400000,2022-02-28,104495.36921217301,"{'BTC': 0.0, 'ETH': 0.0, 'SOL': 0.0, 'XRP': 0.0, 'ADA': 0.0, 'DOGE': 0.0, 'LINK': 0.0, 'AVAX': 0.0, 'LTC': 0.0, 'BCH': 0.0, 'CASH': 1.0}",1.0
1646092800000,2022-03-01,104495.36921217301,"{'BTC': 0.0, 'ETH': 0.0, 'SOL': 0.0, 'XRP': 0.0, 'ADA': 0.0, 'DOGE': 0.0, 'LINK': 0.0, 'AVAX': 0.0, 'LTC': 0.0, 'BCH': 0.0, 'CASH': 1.0}",1.0
1646179200000,2022-03-02,104495.36921217301,"{'BTC': 0.0, 'ETH': 0.0, 'SOL': 0.0, 'XRP': 0.0, 'ADA': 0.0, 'DOGE': 0.0, 'LINK': 0.0, 'AVAX': 0.0, 'LTC': 0.0, 'BCH': 0.0, 'CASH': 1.0}",1.0
1646265600000,2022-03-03,104495.36921217301,"{'BTC': 0.0, 'ETH': 0.0, 'SOL': 0.0, 'XRP': 0.0, 'ADA': 0.0, 'DOGE': 0.0, 'LINK': 0.0, 'AVAX': 0.0, 'LTC': 0.0, 'BCH': 0.0, 'CASH': 1.0}",1.0
1646352000000,2022-03-04,104495.36921217301,"{'BTC': 0.0, 'ETH': 0.0, 'SOL': 0.0, 'XRP': 0.0, 'ADA': 0.0, 'DOGE': 0.0, 'LINK': 0.0, 'AVAX': 0.0, 'LTC': 0.0, 'BCH': 0.0, 'CASH': 1.0}",1.0
1646438400000,2022-03-05,104495.36921217301,"{'BTC': 0.0, 'ETH': 0.0, 'SOL': 0.0, 'XRP': 0.0, 'ADA': 0.0, 'DOGE': 0.0, 'LINK': 0.0, 'AVAX': 0.0, 'LTC': 0.0, 'BCH': 0.0, 'CASH': 1.0}",1.0
1646524800000,2022-03-06,104495.36921217301,"{'BTC': 0.0, 'ETH': 0.0, 'SOL': 0.0, 'XRP': 0.0, 'ADA': 0.0, 'DOGE': 0.0, 'LINK': 0.0, 'AVAX': 0.0, 'LTC': 0.0, 'BCH': 0.0, 'CASH': 1.0}",1.0
1646611200000,2022-03-07,104495.36921217301,"{'BTC': 0.0, 'ETH': 0.0, 'SOL': 0.0, 'XRP': 0.0, 'ADA': 0.0, 'DOGE': 0.0, 'LINK': 0.0, 'AVAX': 0.0, 'LTC': 0.0, 'BCH': 0.0, 'CASH': 1.0}",1.0
1646697600000,2022-03-08,104495.36921217301,"{'BTC': 0.0, 'ETH': 0.0, 'SOL': 0.0, 'XRP': 0.0, 'ADA': 0.0, 'DOGE': 0.0, 'LINK': 0.0, 'AVAX': 0.0, 'LTC': 0.0, 'BCH': 0.0, 'CASH': 1.0}",1.0
1646784000000,2022-03-09,104495.36921217301,"{'BTC': 0.0, 'ETH': 0.0, 'SOL': 0.0, 'XRP': 0.0, 'ADA': 0.0, 'DOGE': 0.0, 'LINK': 0.0, 'AVAX': 0.0, 'LTC': 0.0, 'BCH': 0.0, 'CASH': 1.0}",1.0
1646870400000,2022-03-10,104495.36921217301,"{'BTC': 0.0, 'ETH': 0.0, 'SOL': 0.0, 'XRP': 0.0, 'ADA': 0.0, 'DOGE': 0.0, 'LINK': 0.0, 'AVAX': 0.0, 'LTC': 0.0, 'BCH': 0.0, 'CASH': 1.0}",1.0
1646956800000,2022-03-11,104495.36921217301,"{'BTC': 0.0, 'ETH': 0.0, 'SOL': 0.0, 'XRP': 0.0, 'ADA': 0.0, 'DOGE': 0.0, 'LINK': 0.0, 'AVAX': 0.0, 'LTC': 0.0, 'BCH': 0.0, 'CASH': 1.0}",1.0
1647043200000,2022-03-12,104495.36921217301,"{'BTC': 0.0, 'ETH': 0.0, 'SOL': 0.0, 'XRP': 0.0, 'ADA': 0.0, 'DOGE': 0.0, 'LINK': 0.0, 'AVAX': 0.0, 'LTC': 0.0, 'BCH': 0.0, 'CASH': 1.0}",1.0
1647129600000,2022-03-13,104495.36921217301,"{'BTC': 0.0, 'ETH': 0.0, 'SOL': 0.0, 'XRP': 0.0, 'ADA': 0.0, 'DOGE': 0.0, 'LINK': 0.0, 'AVAX': 0.0, 'LTC': 0.0, 'BCH': 0.0, 'CASH': 1.0}",1.0
1647216000000,2022-03-14,104495.36921217301,"{'BTC': 0.0, 'ETH': 0.0, 'SOL': 0.0, 'XRP': 0.0, 'ADA': 0.0, 'DOGE': 0.0, 'LINK': 0.0, 'AVAX': 0.0, 'LTC': 0.0, 'BCH': 0.0, 'CASH': 1.0}",1.0
1647302400000,2022-03-15,104495.36921217301,"{'BTC': 0.0, 'ETH': 0.0, 'SOL': 0.0, 'XRP': 0.0, 'ADA': 0.0, 'DOGE': 0.0, 'LINK': 0.0, 'AVAX': 0.0, 'LTC': 0.0, 'BCH': 0.0, 'CASH': 1.0}",1.0
1647388800000,2022-03-16,104495.36921217301,"{'BTC': 0.0, 'ETH': 0.0, 'SOL': 0.0, 'XRP': 0.0, 'ADA': 0.0, 'DOGE': 0.0, 'LINK': 0.0, 'AVAX': 0.0, 'LTC': 0.0, 'BCH': 0.0, 'CASH': 1.0}",1.0
1647475200000,2022-03-17,104495.36921217301,"{'BTC': 0.0, 'ETH': 0.0, 'SOL': 0.0, 'XRP': 0.0, 'ADA': 0.0, 'DOGE': 0.0, 'LINK': 0.0, 'AVAX': 0.0, 'LTC': 0.0, 'BCH': 0.0, 'CASH': 1.0}",1.0
1647561600000,2022-03-18,104495.36921217301,"{'BTC': 0.0, 'ETH': 0.0, 'SOL': 0.0, 'XRP': 0.0, 'ADA': 0.0, 'DOGE': 0.0, 'LINK': 0.0, 'AVAX': 0.0, 'LTC': 0.0, 'BCH': 0.0, 'CASH': 1.0}",1.0
1647648000000,2022-03-19,104495.36921217301,"{'BTC': 0.0, 'ETH': 0.0, 'SOL': 0.0, 'XRP': 0.0, 'ADA': 0.0, 'DOGE': 0.0, 'LINK': 0.0, 'AVAX': 0.0, 'LTC': 0.0, 'BCH': 0.0, 'CASH': 1.0}",1.0
1647734400000,2022-03-20,104495.36921217301,"{'BTC': 0.0, 'ETH': 0.0, 'SOL': 0.0, 'XRP': 0.0, 'ADA': 0.0, 'DOGE': 0.0, 'LINK': 0.0, 'AVAX': 0.0, 'LTC': 0.0, 'BCH': 0.0, 'CASH': 1.0}",1.0
1647820800000,2022-03-21,104495.36921217301,"{'BTC': 0.0, 'ETH': 0.0, 'SOL': 0.0, 'XRP': 0.0, 'ADA': 0.0, 'DOGE': 0.0, 'LINK': 0.0, 'AVAX': 0.0, 'LTC': 0.0, 'BCH': 0.0, 'CASH': 1.0}",1.0
1647907200000,2022-03-22,104495.36921217301,"{'BTC': 0.0, 'ETH': 0.0, 'SOL': 0.0, 'XRP': 0.0, 'ADA': 0.0, 'DOGE': 0.0, 'LINK': 0.0, 'AVAX': 0.0, 'LTC': 0.0, 'BCH': 0.0, 'CASH': 1.0}",1.0
1647993600000,2022-03-23,104495.36921217301,"{'BTC': 0.0, 'ETH': 0.0, 'SOL': 0.0, 'XRP': 0.0, 'ADA': 0.0, 'DOGE': 0.0, 'LINK': 0.0, 'AVAX': 0.0, 'LTC': 0.0, 'BCH': 0.0, 'CASH': 1.0}",1.0
1648080000000,2022-03-24,104495.36921217301,"{'BTC': 0.0, 'ETH': 0.0, 'SOL': 0.0, 'XRP': 0.0, 'ADA': 0.0, 'DOGE': 0.0, 'LINK': 0.0, 'AVAX': 0.0, 'LTC': 0.0, 'BCH': 0.0, 'CASH': 1.0}",1.0
1648166400000,2022-03-25,104495.36921217301,"{'BTC': 0.0, 'ETH': 0.0, 'SOL': 0.0, 'XRP': 0.0, 'ADA': 0.0, 'DOGE': 0.0, 'LINK': 0.0, 'AVAX': 0.0, 'LTC': 0.0, 'BCH': 0.0, 'CASH': 1.0}",1.0
1648252800000,2022-03-26,104495.36921217301,"{'BTC': 0.0, 'ETH': 0.0, 'SOL': 0.0, 'XRP': 0.0, 'ADA': 0.0, 'DOGE': 0.0, 'LINK': 0.0, 'AVAX': 0.0, 'LTC': 0.0, 'BCH': 0.0, 'CASH': 1.0}",1.0
1648339200000,2022-03-27,104495.36921217301,"{'BTC': 0.0, 'ETH': 0.0, 'SOL': 0.0, 'XRP': 0.0, 'ADA': 0.0, 'DOGE': 0.0, 'LINK': 0.0, 'AVAX': 0.0, 'LTC': 0.0, 'BCH': 0.0, 'CASH': 1.0}",1.0
1648425600000,2022-03-28,104495.36921217301,"{'BTC': 0.0, 'ETH': 0.0, 'SOL': 0.0, 'XRP': 0.0, 'ADA': 0.0, 'DOGE': 0.0, 'LINK': 0.0, 'AVAX': 0.0, 'LTC': 0.0, 'BCH': 0.0, 'CASH': 1.0}",1.0
1648512000000,2022-03-29,104495.36921217301,"{'BTC': 0.0, 'ETH': 0.0, 'SOL': 0.0, 'XRP': 0.0, 'ADA': 0.0, 'DOGE': 0.0, 'LINK': 0.0, 'AVAX': 0.0, 'LTC': 0.0, 'BCH': 0.0, 'CASH': 1.0}",1.0
1648598400000,2022-03-30,104495.36921217301,"{'BTC': 0.0, 'ETH': 0.0, 'SOL': 0.0, 'XRP': 0.0, 'ADA': 0.0, 'DOGE': 0.0, 'LINK': 0.0, 'AVAX': 0.0, 'LTC': 0.0, 'BCH': 0.0, 'CASH': 1.0}",1.0
1648684800000,2022-03-31,104495.36921217301,"{'BTC': 0.0, 'ETH': 0.0, 'SOL': 0.0, 'XRP': 0.0, 'ADA': 0.0, 'DOGE': 0.0, 'LINK': 0.0, 'AVAX': 0.0, 'LTC': 0.0, 'BCH': 0.0, 'CASH': 1.0}",1.0
1648771200000,2022-04-01,104495.36921217301,"{'BTC': 0.0, 'ETH': 0.0, 'SOL': 0.0, 'XRP': 0.0, 'ADA': 0.0, 'DOGE': 0.0, 'LINK': 0.0, 'AVAX': 0.0, 'LTC': 0.0, 'BCH': 0.0, 'CASH': 1.0}",1.0
1648857600000,2022-04-02,104495.36921217301,"{'BTC': 0.0, 'ETH': 0.0, 'SOL': 0.0, 'XRP': 0.0, 'ADA': 0.0, 'DOGE': 0.0, 'LINK': 0.0, 'AVAX': 0.0, 'LTC': 0.0, 'BCH': 0.0, 'CASH': 1.0}",1.0
1648944000000,2022-04-03,104495.36921217301,"{'BTC': 0.0, 'ETH': 0.0, 'SOL': 0.0, 'XRP': 0.0, 'ADA': 0.0, 'DOGE': 0.0, 'LINK': 0.0, 'AVAX': 0.0, 'LTC': 0.0, 'BCH': 0.0, 'CASH': 1.0}",1.0
1649030400000,2022-04-04,104495.36921217301,"{'BTC': 0.0, 'ETH': 0.0, 'SOL': 0.0, 'XRP': 0.0, 'ADA': 0.0, 'DOGE': 0.0, 'LINK': 0.0, 'AVAX': 0.0, 'LTC': 0.0, 'BCH': 0.0, 'CASH': 1.0}",1.0
1649116800000,2022-04-05,104495.36921217301,"{'BTC': 0.0, 'ETH': 0.0, 'SOL': 0.0, 'XRP': 0.0, 'ADA': 0.0, 'DOGE': 0.0, 'LINK': 0.0, 'AVAX': 0.0, 'LTC': 0.0, 'BCH': 0.0, 'CASH': 1.0}",1.0
1649203200000,2022-04-06,104495.36921217301,"{'BTC': 0.0, 'ETH': 0.0, 'SOL': 0.0, 'XRP': 0.0, 'ADA': 0.0, 'DOGE': 0.0, 'LINK': 0.0, 'AVAX': 0.0, 'LTC': 0.0, 'BCH': 0.0, 'CASH': 1.0}",1.0
1649289600000,2022-04-07,104495.36921217301,"{'BTC': 0.0, 'ETH': 0.0, 'SOL': 0.0, 'XRP': 0.0, 'ADA': 0.0, 'DOGE': 0.0, 'LINK': 0.0, 'AVAX': 0.0, 'LTC': 0.0, 'BCH': 0.0, 'CASH': 1.0}",1.0
1649376000000,2022-04-08,104495.36921217301,"{'BTC': 0.0, 'ETH': 0.0, 'SOL': 0.0, 'XRP': 0.0, 'ADA': 0.0, 'DOGE': 0.0, 'LINK': 0.0, 'AVAX': 0.0, 'LTC': 0.0, 'BCH': 0.0, 'CASH': 1.0}",1.0
1649462400000,2022-04-09,104495.36921217301,"{'BTC': 0.0, 'ETH': 0.0, 'SOL': 0.0, 'XRP': 0.0, 'ADA': 0.0, 'DOGE': 0.0, 'LINK': 0.0, 'AVAX': 0.0, 'LTC': 0.0, 'BCH': 0.0, 'CASH': 1.0}",1.0
1649548800000,2022-04-10,104495.36921217301,"{'BTC': 0.0, 'ETH': 0.0, 'SOL': 0.0, 'XRP': 0.0, 'ADA': 0.0, 'DOGE': 0.0, 'LINK': 0.0, 'AVAX': 0.0, 'LTC': 0.0, 'BCH': 0.0, 'CASH': 1.0}",1.0
1649635200000,2022-04-11,104495.36921217301,"{'BTC': 0.0, 'ETH': 0.0, 'SOL': 0.0, 'XRP': 0.0, 'ADA': 0.0, 'DOGE': 0.0, 'LINK': 0.0, 'AVAX': 0.0, 'LTC': 0.0, 'BCH': 0.0, 'CASH': 1.0}",1.0
1649721600000,2022-04-12,104495.36921217301,"{'BTC': 0.0, 'ETH': 0.0, 'SOL': 0.0, 'XRP': 0.0, 'ADA': 0.0, 'DOGE': 0.0, 'LINK': 0.0, 'AVAX': 0.0, 'LTC': 0.0, 'BCH': 0.0, 'CASH': 1.0}",1.0
1649808000000,2022-04-13,104495.36921217301,"{'BTC': 0.0, 'ETH': 0.0, 'SOL': 0.0, 'XRP': 0.0, 'ADA': 0.0, 'DOGE': 0.0, 'LINK': 0.0, 'AVAX': 0.0, 'LTC': 0.0, 'BCH': 0.0, 'CASH': 1.0}",1.0
1649894400000,2022-04-14,104495.36921217301,"{'BTC': 0.0, 'ETH': 0.0, 'SOL': 0.0, 'XRP': 0.0, 'ADA': 0.0, 'DOGE': 0.0, 'LINK': 0.0, 'AVAX': 0.0, 'LTC': 0.0, 'BCH': 0.0, 'CASH': 1.0}",1.0
1649980800000,2022-04-15,104495.36921217301,"{'BTC': 0.0, 'ETH': 0.0, 'SOL': 0.0, 'XRP': 0.0, 'ADA': 0.0, 'DOGE': 0.0, 'LINK': 0.0, 'AVAX': 0.0, 'LTC': 0.0, 'BCH': 0.0, 'CASH': 1.0}",1.0
1650067200000,2022-04-16,104495.36921217301,"{'BTC': 0.0, 'ETH': 0.0, 'SOL': 0.0, 'XRP': 0.0, 'ADA': 0.0, 'DOGE': 0.0, 'LINK': 0.0, 'AVAX': 0.0, 'LTC': 0.0, 'BCH': 0.0, 'CASH': 1.0}",1.0
1650153600000,2022-04-17,104495.36921217301,"{'BTC': 0.0, 'ETH': 0.0, 'SOL': 0.0, 'XRP': 0.0, 'ADA': 0.0, 'DOGE': 0.0, 'LINK': 0.0, 'AVAX': 0.0, 'LTC': 0.0, 'BCH': 0.0, 'CASH': 1.0}",1.0
1650240000000,2022-04-18,104495.36921217301,"{'BTC': 0.0, 'ETH': 0.0, 'SOL': 0.0, 'XRP': 0.0, 'ADA': 0.0, 'DOGE': 0.0, 'LINK': 0.0, 'AVAX': 0.0, 'LTC': 0.0, 'BCH': 0.0, 'CASH': 1.0}",1.0
1650326400000,2022-04-19,104495.36921217301,"{'BTC': 0.0, 'ETH': 0.0, 'SOL': 0.0, 'XRP': 0.0, 'ADA': 0.0, 'DOGE': 0.0, 'LINK': 0.0, 'AVAX': 0.0, 'LTC': 0.0, 'BCH': 0.0, 'CASH': 1.0}",1.0
1650412800000,2022-04-20,104495.36921217301,"{'BTC': 0.0, 'ETH': 0.0, 'SOL': 0.0, 'XRP': 0.0, 'ADA': 0.0, 'DOGE': 0.0, 'LINK': 0.0, 'AVAX': 0.0, 'LTC': 0.0, 'BCH': 0.0, 'CASH': 1.0}",1.0
1650499200000,2022-04-21,104495.36921217301,"{'BTC': 0.0, 'ETH': 0.0, 'SOL': 0.0, 'XRP': 0.0, 'ADA': 0.0, 'DOGE': 0.0, 'LINK': 0.0, 'AVAX': 0.0, 'LTC': 0.0, 'BCH': 0.0, 'CASH': 1.0}",1.0
1650585600000,2022-04-22,104495.36921217301,"{'BTC': 0.0, 'ETH': 0.0, 'SOL': 0.0, 'XRP': 0.0, 'ADA': 0.0, 'DOGE': 0.0, 'LINK': 0.0, 'AVAX': 0.0, 'LTC': 0.0, 'BCH': 0.0, 'CASH': 1.0}",1.0
1650672000000,2022-04-23,104495.36921217301,"{'BTC': 0.0, 'ETH': 0.0, 'SOL': 0.0, 'XRP': 0.0, 'ADA': 0.0, 'DOGE': 0.0, 'LINK': 0.0, 'AVAX': 0.0, 'LTC': 0.0, 'BCH': 0.0, 'CASH': 1.0}",1.0
1650758400000,2022-04-24,104495.36921217301,"{'BTC': 0.0, 'ETH': 0.0, 'SOL': 0.0, 'XRP': 0.0, 'ADA': 0.0, 'DOGE': 0.0, 'LINK': 0.0, 'AVAX': 0.0, 'LTC': 0.0, 'BCH': 0.0, 'CASH': 1.0}",1.0
1650844800000,2022-04-25,104495.36921217301,"{'BTC': 0.0, 'ETH': 0.0, 'SOL': 0.0, 'XRP': 0.0, 'ADA': 0.0, 'DOGE': 0.0, 'LINK': 0.0, 'AVAX': 0.0, 'LTC': 0.0, 'BCH': 0.0, 'CASH': 1.0}",1.0
1650931200000,2022-04-26,104495.36921217301,"{'BTC': 0.0, 'ETH': 0.0, 'SOL': 0.0, 'XRP': 0.0, 'ADA': 0.0, 'DOGE': 0.0, 'LINK': 0.0, 'AVAX': 0.0, 'LTC': 0.0, 'BCH': 0.0, 'CASH': 1.0}",1.0
1651017600000,2022-04-27,104495.36921217301,"{'BTC': 0.0, 'ETH': 0.0, 'SOL': 0.0, 'XRP': 0.0, 'ADA': 0.0, 'DOGE': 0.0, 'LINK': 0.0, 'AVAX': 0.0, 'LTC': 0.0, 'BCH': 0.0, 'CASH': 1.0}",1.0
1651104000000,2022-04-28,104495.36921217301,"{'BTC': 0.0, 'ETH': 0.0, 'SOL': 0.0, 'XRP': 0.0, 'ADA': 0.0, 'DOGE': 0.0, 'LINK': 0.0, 'AVAX': 0.0, 'LTC': 0.0, 'BCH': 0.0, 'CASH': 1.0}",1.0
1651190400000,2022-04-29,104495.36921217301,"{'BTC': 0.0, 'ETH': 0.0, 'SOL': 0.0, 'XRP': 0.0, 'ADA': 0.0, 'DOGE': 0.0, 'LINK': 0.0, 'AVAX': 0.0, 'LTC': 0.0, 'BCH': 0.0, 'CASH': 1.0}",1.0
1651276800000,2022-04-30,104495.36921217301,"{'BTC': 0.0, 'ETH': 0.0, 'SOL': 0.0, 'XRP': 0.0, 'ADA': 0.0, 'DOGE': 0.0, 'LINK': 0.0, 'AVAX': 0.0, 'LTC': 0.0, 'BCH': 0.0, 'CASH': 1.0}",1.0
1651363200000,2022-05-01,104495.36921217301,"{'BTC': 0.0, 'ETH': 0.0, 'SOL': 0.0, 'XRP': 0.0, 'ADA': 0.0, 'DOGE': 0.0, 'LINK': 0.0, 'AVAX': 0.0, 'LTC': 0.0, 'BCH': 0.0, 'CASH': 1.0}",1.0
1651449600000,2022-05-02,104495.36921217301,"{'BTC': 0.0, 'ETH': 0.0, 'SOL': 0.0, 'XRP': 0.0, 'ADA': 0.0, 'DOGE': 0.0, 'LINK': 0.0, 'AVAX': 0.0, 'LTC': 0.0, 'BCH': 0.0, 'CASH': 1.0}",1.0
1651536000000,2022-05-03,104495.36921217301,"{'BTC': 0.0, 'ETH': 0.0, 'SOL': 0.0, 'XRP': 0.0, 'ADA': 0.0, 'DOGE': 0.0, 'LINK': 0.0, 'AVAX': 0.0, 'LTC': 0.0, 'BCH': 0.0, 'CASH': 1.0}",1.0
1651622400000,2022-05-04,104495.36921217301,"{'BTC': 0.0, 'ETH': 0.0, 'SOL': 0.0, 'XRP': 0.0, 'ADA': 0.0, 'DOGE': 0.0, 'LINK': 0.0, 'AVAX': 0.0, 'LTC': 0.0, 'BCH': 0.0, 'CASH': 1.0}",1.0
1651708800000,2022-05-05,104495.36921217301,"{'BTC': 0.0, 'ETH': 0.0, 'SOL': 0.0, 'XRP': 0.0, 'ADA': 0.0, 'DOGE': 0.0, 'LINK': 0.0, 'AVAX': 0.0, 'LTC': 0.0, 'BCH': 0.0, 'CASH': 1.0}",1.0
1651795200000,2022-05-06,104495.36921217301,"{'BTC': 0.0, 'ETH': 0.0, 'SOL': 0.0, 'XRP': 0.0, 'ADA': 0.0, 'DOGE': 0.0, 'LINK': 0.0, 'AVAX': 0.0, 'LTC': 0.0, 'BCH': 0.0, 'CASH': 1.0}",1.0
1651881600000,2022-05-07,104495.36921217301,"{'BTC': 0.0, 'ETH': 0.0, 'SOL': 0.0, 'XRP': 0.0, 'ADA': 0.0, 'DOGE': 0.0, 'LINK': 0.0, 'AVAX': 0.0, 'LTC': 0.0, 'BCH': 0.0, 'CASH': 1.0}",1.0
1651968000000,2022-05-08,104495.36921217301,"{'BTC': 0.0, 'ETH': 0.0, 'SOL': 0.0, 'XRP': 0.0, 'ADA': 0.0, 'DOGE': 0.0, 'LINK': 0.0, 'AVAX': 0.0, 'LTC': 0.0, 'BCH': 0.0, 'CASH': 1.0}",1.0
1652054400000,2022-05-09,104495.36921217301,"{'BTC': 0.0, 'ETH': 0.0, 'SOL': 0.0, 'XRP': 0.0, 'ADA': 0.0, 'DOGE': 0.0, 'LINK': 0.0, 'AVAX': 0.0, 'LTC': 0.0, 'BCH': 0.0, 'CASH': 1.0}",1.0
1652140800000,2022-05-10,104495.36921217301,"{'BTC': 0.0, 'ETH': 0.0, 'SOL': 0.0, 'XRP': 0.0, 'ADA': 0.0, 'DOGE': 0.0, 'LINK': 0.0, 'AVAX': 0.0, 'LTC': 0.0, 'BCH': 0.0, 'CASH': 1.0}",1.0
1652227200000,2022-05-11,104495.36921217301,"{'BTC': 0.0, 'ETH': 0.0, 'SOL': 0.0, 'XRP': 0.0, 'ADA': 0.0, 'DOGE': 0.0, 'LINK': 0.0, 'AVAX': 0.0, 'LTC': 0.0, 'BCH': 0.0, 'CASH': 1.0}",1.0
1652313600000,2022-05-12,104495.36921217301,"{'BTC': 0.0, 'ETH': 0.0, 'SOL': 0.0, 'XRP': 0.0, 'ADA': 0.0, 'DOGE': 0.0, 'LINK': 0.0, 'AVAX': 0.0, 'LTC': 0.0, 'BCH': 0.0, 'CASH': 1.0}",1.0
1652400000000,2022-05-13,104495.36921217301,"{'BTC': 0.0, 'ETH': 0.0, 'SOL': 0.0, 'XRP': 0.0, 'ADA': 0.0, 'DOGE': 0.0, 'LINK': 0.0, 'AVAX': 0.0, 'LTC': 0.0, 'BCH': 0.0, 'CASH': 1.0}",1.0
1652486400000,2022-05-14,104495.36921217301,"{'BTC': 0.0, 'ETH': 0.0, 'SOL': 0.0, 'XRP': 0.0, 'ADA': 0.0, 'DOGE': 0.0, 'LINK': 0.0, 'AVAX': 0.0, 'LTC': 0.0, 'BCH': 0.0, 'CASH': 1.0}",1.0
1652572800000,2022-05-15,104495.36921217301,"{'BTC': 0.0, 'ETH': 0.0, 'SOL': 0.0, 'XRP': 0.0, 'ADA': 0.0, 'DOGE': 0.0, 'LINK': 0.0, 'AVAX': 0.0, 'LTC': 0.0, 'BCH': 0.0, 'CASH': 1.0}",1.0
1652659200000,2022-05-16,104495.36921217301,"{'BTC': 0.0, 'ETH': 0.0, 'SOL': 0.0, 'XRP': 0.0, 'ADA': 0.0, 'DOGE': 0.0, 'LINK': 0.0, 'AVAX': 0.0, 'LTC': 0.0, 'BCH': 0.0, 'CASH': 1.0}",1.0
1652745600000,2022-05-17,104495.36921217301,"{'BTC': 0.0, 'ETH': 0.0, 'SOL': 0.0, 'XRP': 0.0, 'ADA': 0.0, 'DOGE': 0.0, 'LINK': 0.0, 'AVAX': 0.0, 'LTC': 0.0, 'BCH': 0.0, 'CASH': 1.0}",1.0
1652832000000,2022-05-18,104495.36921217301,"{'BTC': 0.0, 'ETH': 0.0, 'SOL': 0.0, 'XRP': 0.0, 'ADA': 0.0, 'DOGE': 0.0, 'LINK': 0.0, 'AVAX': 0.0, 'LTC': 0.0, 'BCH': 0.0, 'CASH': 1.0}",1.0
1652918400000,2022-05-19,104495.36921217301,"{'BTC': 0.0, 'ETH': 0.0, 'SOL': 0.0, 'XRP': 0.0, 'ADA': 0.0, 'DOGE': 0.0, 'LINK': 0.0, 'AVAX': 0.0, 'LTC': 0.0, 'BCH': 0.0, 'CASH': 1.0}",1.0
1653004800000,2022-05-20,104495.36921217301,"{'BTC': 0.0, 'ETH': 0.0, 'SOL': 0.0, 'XRP': 0.0, 'ADA': 0.0, 'DOGE': 0.0, 'LINK': 0.0, 'AVAX': 0.0, 'LTC': 0.0, 'BCH': 0.0, 'CASH': 1.0}",1.0
1653091200000,2022-05-21,104495.36921217301,"{'BTC': 0.0, 'ETH': 0.0, 'SOL': 0.0, 'XRP': 0.0, 'ADA': 0.0, 'DOGE': 0.0, 'LINK': 0.0, 'AVAX': 0.0, 'LTC': 0.0, 'BCH': 0.0, 'CASH': 1.0}",1.0
1653177600000,2022-05-22,104495.36921217301,"{'BTC': 0.0, 'ETH': 0.0, 'SOL': 0.0, 'XRP': 0.0, 'ADA': 0.0, 'DOGE': 0.0, 'LINK': 0.0, 'AVAX': 0.0, 'LTC': 0.0, 'BCH': 0.0, 'CASH': 1.0}",1.0
1653264000000,2022-05-23,104495.36921217301,"{'BTC': 0.0, 'ETH': 0.0, 'SOL': 0.0, 'XRP': 0.0, 'ADA': 0.0, 'DOGE': 0.0, 'LINK': 0.0, 'AVAX': 0.0, 'LTC': 0.0, 'BCH': 0.0, 'CASH': 1.0}",1.0
1653350400000,2022-05-24,104495.36921217301,"{'BTC': 0.0, 'ETH': 0.0, 'SOL': 0.0, 'XRP': 0.0, 'ADA': 0.0, 'DOGE': 0.0, 'LINK': 0.0, 'AVAX': 0.0, 'LTC': 0.0, 'BCH': 0.0, 'CASH': 1.0}",1.0
1653436800000,2022-05-25,104495.36921217301,"{'BTC': 0.0, 'ETH': 0.0, 'SOL': 0.0, 'XRP': 0.0, 'ADA': 0.0, 'DOGE': 0.0, 'LINK': 0.0, 'AVAX': 0.0, 'LTC': 0.0, 'BCH': 0.0, 'CASH': 1.0}",1.0
1653523200000,2022-05-26,104495.36921217301,"{'BTC': 0.0, 'ETH': 0.0, 'SOL': 0.0, 'XRP': 0.0, 'ADA': 0.0, 'DOGE': 0.0, 'LINK': 0.0, 'AVAX': 0.0, 'LTC': 0.0, 'BCH': 0.0, 'CASH': 1.0}",1.0
1653609600000,2022-05-27,104495.36921217301,"{'BTC': 0.0, 'ETH': 0.0, 'SOL': 0.0, 'XRP': 0.0, 'ADA': 0.0, 'DOGE': 0.0, 'LINK': 0.0, 'AVAX': 0.0, 'LTC': 0.0, 'BCH': 0.0, 'CASH': 1.0}",1.0
1653696000000,2022-05-28,104495.36921217301,"{'BTC': 0.0, 'ETH': 0.0, 'SOL': 0.0, 'XRP': 0.0, 'ADA': 0.0, 'DOGE': 0.0, 'LINK': 0.0, 'AVAX': 0.0, 'LTC': 0.0, 'BCH': 0.0, 'CASH': 1.0}",1.0
1653782400000,2022-05-29,104495.36921217301,"{'BTC': 0.0, 'ETH': 0.0, 'SOL': 0.0, 'XRP': 0.0, 'ADA': 0.0, 'DOGE': 0.0, 'LINK': 0.0, 'AVAX': 0.0, 'LTC': 0.0, 'BCH': 0.0, 'CASH': 1.0}",1.0
1653868800000,2022-05-30,104495.36921217301,"{'BTC': 0.0, 'ETH': 0.0, 'SOL': 0.0, 'XRP': 0.0, 'ADA': 0.0, 'DOGE': 0.0, 'LINK': 0.0, 'AVAX': 0.0, 'LTC': 0.0, 'BCH': 0.0, 'CASH': 1.0}",1.0
1653955200000,2022-05-31,104495.36921217301,"{'BTC': 0.0, 'ETH': 0.0, 'SOL': 0.0, 'XRP': 0.0, 'ADA': 0.0, 'DOGE': 0.0, 'LINK': 0.0, 'AVAX': 0.0, 'LTC': 0.0, 'BCH': 0.0, 'CASH': 1.0}",1.0
1654041600000,2022-06-01,104495.36921217301,"{'BTC': 0.0, 'ETH': 0.0, 'SOL': 0.0, 'XRP': 0.0, 'ADA': 0.0, 'DOGE': 0.0, 'LINK': 0.0, 'AVAX': 0.0, 'LTC': 0.0, 'BCH': 0.0, 'CASH': 1.0}",1.0
1654128000000,2022-06-02,104495.36921217301,"{'BTC': 0.0, 'ETH': 0.0, 'SOL': 0.0, 'XRP': 0.0, 'ADA': 0.0, 'DOGE': 0.0, 'LINK': 0.0, 'AVAX': 0.0, 'LTC': 0.0, 'BCH': 0.0, 'CASH': 1.0}",1.0
1654214400000,2022-06-03,104495.36921217301,"{'BTC': 0.0, 'ETH': 0.0, 'SOL': 0.0, 'XRP': 0.0, 'ADA': 0.0, 'DOGE': 0.0, 'LINK': 0.0, 'AVAX': 0.0, 'LTC': 0.0, 'BCH': 0.0, 'CASH': 1.0}",1.0
1654300800000,2022-06-04,104495.36921217301,"{'BTC': 0.0, 'ETH': 0.0, 'SOL': 0.0, 'XRP': 0.0, 'ADA': 0.0, 'DOGE': 0.0, 'LINK': 0.0, 'AVAX': 0.0, 'LTC': 0.0, 'BCH': 0.0, 'CASH': 1.0}",1.0
1654387200000,2022-06-05,104495.36921217301,"{'BTC': 0.0, 'ETH': 0.0, 'SOL': 0.0, 'XRP': 0.0, 'ADA': 0.0, 'DOGE': 0.0, 'LINK': 0.0, 'AVAX': 0.0, 'LTC': 0.0, 'BCH': 0.0, 'CASH': 1.0}",1.0
1654473600000,2022-06-06,104495.36921217301,"{'BTC': 0.0, 'ETH': 0.0, 'SOL': 0.0, 'XRP': 0.0, 'ADA': 0.0, 'DOGE': 0.0, 'LINK': 0.0, 'AVAX': 0.0, 'LTC': 0.0, 'BCH': 0.0, 'CASH': 1.0}",1.0
1654560000000,2022-06-07,104495.36921217301,"{'BTC': 0.0, 'ETH': 0.0, 'SOL': 0.0, 'XRP': 0.0, 'ADA': 0.0, 'DOGE': 0.0, 'LINK': 0.0, 'AVAX': 0.0, 'LTC': 0.0, 'BCH': 0.0, 'CASH': 1.0}",1.0
1654646400000,2022-06-08,104495.36921217301,"{'BTC': 0.0, 'ETH': 0.0, 'SOL': 0.0, 'XRP': 0.0, 'ADA': 0.0, 'DOGE': 0.0, 'LINK': 0.0, 'AVAX': 0.0, 'LTC': 0.0, 'BCH': 0.0, 'CASH': 1.0}",1.0
1654732800000,2022-06-09,104495.36921217301,"{'BTC': 0.0, 'ETH': 0.0, 'SOL': 0.0, 'XRP': 0.0, 'ADA': 0.0, 'DOGE': 0.0, 'LINK': 0.0, 'AVAX': 0.0, 'LTC': 0.0, 'BCH': 0.0, 'CASH': 1.0}",1.0
1654819200000,2022-06-10,104495.36921217301,"{'BTC': 0.0, 'ETH': 0.0, 'SOL': 0.0, 'XRP': 0.0, 'ADA': 0.0, 'DOGE': 0.0, 'LINK': 0.0, 'AVAX': 0.0, 'LTC': 0.0, 'BCH': 0.0, 'CASH': 1.0}",1.0
1654905600000,2022-06-11,104495.36921217301,"{'BTC': 0.0, 'ETH': 0.0, 'SOL': 0.0, 'XRP': 0.0, 'ADA': 0.0, 'DOGE': 0.0, 'LINK': 0.0, 'AVAX': 0.0, 'LTC': 0.0, 'BCH': 0.0, 'CASH': 1.0}",1.0
1654992000000,2022-06-12,104495.36921217301,"{'BTC': 0.0, 'ETH': 0.0, 'SOL': 0.0, 'XRP': 0.0, 'ADA': 0.0, 'DOGE': 0.0, 'LINK': 0.0, 'AVAX': 0.0, 'LTC': 0.0, 'BCH': 0.0, 'CASH': 1.0}",1.0
1655078400000,2022-06-13,104495.36921217301,"{'BTC': 0.0, 'ETH': 0.0, 'SOL': 0.0, 'XRP': 0.0, 'ADA': 0.0, 'DOGE': 0.0, 'LINK': 0.0, 'AVAX': 0.0, 'LTC': 0.0, 'BCH': 0.0, 'CASH': 1.0}",1.0
1655164800000,2022-06-14,104495.36921217301,"{'BTC': 0.0, 'ETH': 0.0, 'SOL': 0.0, 'XRP': 0.0, 'ADA': 0.0, 'DOGE': 0.0, 'LINK': 0.0, 'AVAX': 0.0, 'LTC': 0.0, 'BCH': 0.0, 'CASH': 1.0}",1.0
1655251200000,2022-06-15,104495.36921217301,"{'BTC': 0.0, 'ETH': 0.0, 'SOL': 0.0, 'XRP': 0.0, 'ADA': 0.0, 'DOGE': 0.0, 'LINK': 0.0, 'AVAX': 0.0, 'LTC': 0.0, 'BCH': 0.0, 'CASH': 1.0}",1.0
1655337600000,2022-06-16,104495.36921217301,"{'BTC': 0.0, 'ETH': 0.0, 'SOL': 0.0, 'XRP': 0.0, 'ADA': 0.0, 'DOGE': 0.0, 'LINK': 0.0, 'AVAX': 0.0, 'LTC': 0.0, 'BCH': 0.0, 'CASH': 1.0}",1.0
1655424000000,2022-06-17,104495.36921217301,"{'BTC': 0.0, 'ETH': 0.0, 'SOL': 0.0, 'XRP': 0.0, 'ADA': 0.0, 'DOGE': 0.0, 'LINK': 0.0, 'AVAX': 0.0, 'LTC': 0.0, 'BCH': 0.0, 'CASH': 1.0}",1.0
1655510400000,2022-06-18,104495.36921217301,"{'BTC': 0.0, 'ETH': 0.0, 'SOL': 0.0, 'XRP': 0.0, 'ADA': 0.0, 'DOGE': 0.0, 'LINK': 0.0, 'AVAX': 0.0, 'LTC': 0.0, 'BCH': 0.0, 'CASH': 1.0}",1.0
1655596800000,2022-06-19,104495.36921217301,"{'BTC': 0.0, 'ETH': 0.0, 'SOL': 0.0, 'XRP': 0.0, 'ADA': 0.0, 'DOGE': 0.0, 'LINK': 0.0, 'AVAX': 0.0, 'LTC': 0.0, 'BCH': 0.0, 'CASH': 1.0}",1.0
1655683200000,2022-06-20,104495.36921217301,"{'BTC': 0.0, 'ETH': 0.0, 'SOL': 0.0, 'XRP': 0.0, 'ADA': 0.0, 'DOGE': 0.0, 'LINK': 0.0, 'AVAX': 0.0, 'LTC': 0.0, 'BCH': 0.0, 'CASH': 1.0}",1.0
1655769600000,2022-06-21,104495.36921217301,"{'BTC': 0.0, 'ETH': 0.0, 'SOL': 0.0, 'XRP': 0.0, 'ADA': 0.0, 'DOGE': 0.0, 'LINK': 0.0, 'AVAX': 0.0, 'LTC': 0.0, 'BCH': 0.0, 'CASH': 1.0}",1.0
1655856000000,2022-06-22,104495.36921217301,"{'BTC': 0.0, 'ETH': 0.0, 'SOL': 0.0, 'XRP': 0.0, 'ADA': 0.0, 'DOGE': 0.0, 'LINK': 0.0, 'AVAX': 0.0, 'LTC': 0.0, 'BCH': 0.0, 'CASH': 1.0}",1.0
1655942400000,2022-06-23,104495.36921217301,"{'BTC': 0.0, 'ETH': 0.0, 'SOL': 0.0, 'XRP': 0.0, 'ADA': 0.0, 'DOGE': 0.0, 'LINK': 0.0, 'AVAX': 0.0, 'LTC': 0.0, 'BCH': 0.0, 'CASH': 1.0}",1.0
1656028800000,2022-06-24,104495.36921217301,"{'BTC': 0.0, 'ETH': 0.0, 'SOL': 0.0, 'XRP': 0.0, 'ADA': 0.0, 'DOGE': 0.0, 'LINK': 0.0, 'AVAX': 0.0, 'LTC': 0.0, 'BCH': 0.0, 'CASH': 1.0}",1.0
1656115200000,2022-06-25,104495.36921217301,"{'BTC': 0.0, 'ETH': 0.0, 'SOL': 0.0, 'XRP': 0.0, 'ADA': 0.0, 'DOGE': 0.0, 'LINK': 0.0, 'AVAX': 0.0, 'LTC': 0.0, 'BCH': 0.0, 'CASH': 1.0}",1.0
1656201600000,2022-06-26,104495.36921217301,"{'BTC': 0.0, 'ETH': 0.0, 'SOL': 0.0, 'XRP': 0.0, 'ADA': 0.0, 'DOGE': 0.0, 'LINK': 0.0, 'AVAX': 0.0, 'LTC': 0.0, 'BCH': 0.0, 'CASH': 1.0}",1.0
1656288000000,2022-06-27,104495.36921217301,"{'BTC': 0.0, 'ETH': 0.0, 'SOL': 0.0, 'XRP': 0.0, 'ADA': 0.0, 'DOGE': 0.0, 'LINK': 0.0, 'AVAX': 0.0, 'LTC': 0.0, 'BCH': 0.0, 'CASH': 1.0}",1.0
1656374400000,2022-06-28,104495.36921217301,"{'BTC': 0.0, 'ETH': 0.0, 'SOL': 0.0, 'XRP': 0.0, 'ADA': 0.0, 'DOGE': 0.0, 'LINK': 0.0, 'AVAX': 0.0, 'LTC': 0.0, 'BCH': 0.0, 'CASH': 1.0}",1.0
1656460800000,2022-06-29,104495.36921217301,"{'BTC': 0.0, 'ETH': 0.0, 'SOL': 0.0, 'XRP': 0.0, 'ADA': 0.0, 'DOGE': 0.0, 'LINK': 0.0, 'AVAX': 0.0, 'LTC': 0.0, 'BCH': 0.0, 'CASH': 1.0}",1.0
1656547200000,2022-06-30,104495.36921217301,"{'BTC': 0.0, 'ETH': 0.0, 'SOL': 0.0, 'XRP': 0.0, 'ADA': 0.0, 'DOGE': 0.0, 'LINK': 0.0, 'AVAX': 0.0, 'LTC': 0.0, 'BCH': 0.0, 'CASH': 1.0}",1.0
1656633600000,2022-07-01,104495.36921217301,"{'BTC': 0.0, 'ETH': 0.0, 'SOL': 0.0, 'XRP': 0.0, 'ADA': 0.0, 'DOGE': 0.0, 'LINK': 0.0, 'AVAX': 0.0, 'LTC': 0.0, 'BCH': 0.0, 'CASH': 1.0}",1.0
1656720000000,2022-07-02,104495.36921217301,"{'BTC': 0.0, 'ETH': 0.0, 'SOL': 0.0, 'XRP': 0.0, 'ADA': 0.0, 'DOGE': 0.0, 'LINK': 0.0, 'AVAX': 0.0, 'LTC': 0.0, 'BCH': 0.0, 'CASH': 1.0}",1.0
1656806400000,2022-07-03,104495.36921217301,"{'BTC': 0.0, 'ETH': 0.0, 'SOL': 0.0, 'XRP': 0.0, 'ADA': 0.0, 'DOGE': 0.0, 'LINK': 0.0, 'AVAX': 0.0, 'LTC': 0.0, 'BCH': 0.0, 'CASH': 1.0}",1.0
1656892800000,2022-07-04,104495.36921217301,"{'BTC': 0.0, 'ETH': 0.0, 'SOL': 0.0, 'XRP': 0.0, 'ADA': 0.0, 'DOGE': 0.0, 'LINK': 0.0, 'AVAX': 0.0, 'LTC': 0.0, 'BCH': 0.0, 'CASH': 1.0}",1.0
1656979200000,2022-07-05,104495.36921217301,"{'BTC': 0.0, 'ETH': 0.0, 'SOL': 0.0, 'XRP': 0.0, 'ADA': 0.0, 'DOGE': 0.0, 'LINK': 0.0, 'AVAX': 0.0, 'LTC': 0.0, 'BCH': 0.0, 'CASH': 1.0}",1.0
1657065600000,2022-07-06,104495.36921217301,"{'BTC': 0.0, 'ETH': 0.0, 'SOL': 0.0, 'XRP': 0.0, 'ADA': 0.0, 'DOGE': 0.0, 'LINK': 0.0, 'AVAX': 0.0, 'LTC': 0.0, 'BCH': 0.0, 'CASH': 1.0}",1.0
1657152000000,2022-07-07,104495.36921217301,"{'BTC': 0.0, 'ETH': 0.0, 'SOL': 0.0, 'XRP': 0.0, 'ADA': 0.0, 'DOGE': 0.0, 'LINK': 0.0, 'AVAX': 0.0, 'LTC': 0.0, 'BCH': 0.0, 'CASH': 1.0}",1.0
1657238400000,2022-07-08,104495.36921217301,"{'BTC': 0.0, 'ETH': 0.0, 'SOL': 0.0, 'XRP': 0.0, 'ADA': 0.0, 'DOGE': 0.0, 'LINK': 0.0, 'AVAX': 0.0, 'LTC': 0.0, 'BCH': 0.0, 'CASH': 1.0}",1.0
1657324800000,2022-07-09,104495.36921217301,"{'BTC': 0.0, 'ETH': 0.0, 'SOL': 0.0, 'XRP': 0.0, 'ADA': 0.0, 'DOGE': 0.0, 'LINK': 0.0, 'AVAX': 0.0, 'LTC': 0.0, 'BCH': 0.0, 'CASH': 1.0}",1.0
1657411200000,2022-07-10,104495.36921217301,"{'BTC': 0.0, 'ETH': 0.0, 'SOL': 0.0, 'XRP': 0.0, 'ADA': 0.0, 'DOGE': 0.0, 'LINK': 0.0, 'AVAX': 0.0, 'LTC': 0.0, 'BCH': 0.0, 'CASH': 1.0}",1.0
1657497600000,2022-07-11,104495.36921217301,"{'BTC': 0.0, 'ETH': 0.0, 'SOL': 0.0, 'XRP': 0.0, 'ADA': 0.0, 'DOGE': 0.0, 'LINK': 0.0, 'AVAX': 0.0, 'LTC': 0.0, 'BCH': 0.0, 'CASH': 1.0}",1.0
1657584000000,2022-07-12,104495.36921217301,"{'BTC': 0.0, 'ETH': 0.0, 'SOL': 0.0, 'XRP': 0.0, 'ADA': 0.0, 'DOGE': 0.0, 'LINK': 0.0, 'AVAX': 0.0, 'LTC': 0.0, 'BCH': 0.0, 'CASH': 1.0}",1.0
1657670400000,2022-07-13,104495.36921217301,"{'BTC': 0.0, 'ETH': 0.0, 'SOL': 0.0, 'XRP': 0.0, 'ADA': 0.0, 'DOGE': 0.0, 'LINK': 0.0, 'AVAX': 0.0, 'LTC': 0.0, 'BCH': 0.0, 'CASH': 1.0}",1.0
1657756800000,2022-07-14,104495.36921217301,"{'BTC': 0.0, 'ETH': 0.0, 'SOL': 0.0, 'XRP': 0.0, 'ADA': 0.0, 'DOGE': 0.0, 'LINK': 0.0, 'AVAX': 0.0, 'LTC': 0.0, 'BCH': 0.0, 'CASH': 1.0}",1.0
1657843200000,2022-07-15,104495.36921217301,"{'BTC': 0.0, 'ETH': 0.0, 'SOL': 0.0, 'XRP': 0.0, 'ADA': 0.0, 'DOGE': 0.0, 'LINK': 0.0, 'AVAX': 0.0, 'LTC': 0.0, 'BCH': 0.0, 'CASH': 1.0}",1.0
1657929600000,2022-07-16,104495.36921217301,"{'BTC': 0.0, 'ETH': 0.0, 'SOL': 0.0, 'XRP': 0.0, 'ADA': 0.0, 'DOGE': 0.0, 'LINK': 0.0, 'AVAX': 0.0, 'LTC': 0.0, 'BCH': 0.0, 'CASH': 1.0}",1.0
1658016000000,2022-07-17,104495.36921217301,"{'BTC': 0.0, 'ETH': 0.0, 'SOL': 0.0, 'XRP': 0.0, 'ADA': 0.0, 'DOGE': 0.0, 'LINK': 0.0, 'AVAX': 0.0, 'LTC': 0.0, 'BCH': 0.0, 'CASH': 1.0}",1.0
1658102400000,2022-07-18,104495.36921217301,"{'BTC': 0.0, 'ETH': 0.0, 'SOL': 0.0, 'XRP': 0.0, 'ADA': 0.0, 'DOGE': 0.0, 'LINK': 0.0, 'AVAX': 0.0, 'LTC': 0.0, 'BCH': 0.0, 'CASH': 1.0}",1.0
1658188800000,2022-07-19,104495.36921217301,"{'BTC': 0.0, 'ETH': 0.0, 'SOL': 0.0, 'XRP': 0.0, 'ADA': 0.0, 'DOGE': 0.0, 'LINK': 0.0, 'AVAX': 0.0, 'LTC': 0.0, 'BCH': 0.0, 'CASH': 1.0}",1.0
1658275200000,2022-07-20,104495.36921217301,"{'BTC': 0.0, 'ETH': 0.0, 'SOL': 0.0, 'XRP': 0.0, 'ADA': 0.0, 'DOGE': 0.0, 'LINK': 0.0, 'AVAX': 0.0, 'LTC': 0.0, 'BCH': 0.0, 'CASH': 1.0}",1.0
1658361600000,2022-07-21,104495.36921217301,"{'BTC': 0.0, 'ETH': 0.0, 'SOL': 0.0, 'XRP': 0.0, 'ADA': 0.0, 'DOGE': 0.0, 'LINK': 0.0, 'AVAX': 0.0, 'LTC': 0.0, 'BCH': 0.0, 'CASH': 1.0}",1.0
1658448000000,2022-07-22,104495.36921217301,"{'BTC': 0.0, 'ETH': 0.0, 'SOL': 0.0, 'XRP': 0.0, 'ADA': 0.0, 'DOGE': 0.0, 'LINK': 0.0, 'AVAX': 0.0, 'LTC': 0.0, 'BCH': 0.0, 'CASH': 1.0}",1.0
1658534400000,2022-07-23,104495.36921217301,"{'BTC': 0.0, 'ETH': 0.0, 'SOL': 0.0, 'XRP': 0.0, 'ADA': 0.0, 'DOGE': 0.0, 'LINK': 0.0, 'AVAX': 0.0, 'LTC': 0.0, 'BCH': 0.0, 'CASH': 1.0}",1.0
1658620800000,2022-07-24,104495.36921217301,"{'BTC': 0.0, 'ETH': 0.0, 'SOL': 0.0, 'XRP': 0.0, 'ADA': 0.0, 'DOGE': 0.0, 'LINK': 0.0, 'AVAX': 0.0, 'LTC': 0.0, 'BCH': 0.0, 'CASH': 1.0}",1.0
1658707200000,2022-07-25,104495.36921217301,"{'BTC': 0.0, 'ETH': 0.0, 'SOL': 0.0, 'XRP': 0.0, 'ADA': 0.0, 'DOGE': 0.0, 'LINK': 0.0, 'AVAX': 0.0, 'LTC': 0.0, 'BCH': 0.0, 'CASH': 1.0}",1.0
1658793600000,2022-07-26,104495.36921217301,"{'BTC': 0.0, 'ETH': 0.0, 'SOL': 0.0, 'XRP': 0.0, 'ADA': 0.0, 'DOGE': 0.0, 'LINK': 0.0, 'AVAX': 0.0, 'LTC': 0.0, 'BCH': 0.0, 'CASH': 1.0}",1.0
1658880000000,2022-07-27,104495.36921217301,"{'BTC': 0.0, 'ETH': 0.0, 'SOL': 0.0, 'XRP': 0.0, 'ADA': 0.0, 'DOGE': 0.0, 'LINK': 0.0, 'AVAX': 0.0, 'LTC': 0.0, 'BCH': 0.0, 'CASH': 1.0}",1.0
1658966400000,2022-07-28,104495.36921217301,"{'BTC': 0.0, 'ETH': 0.0, 'SOL': 0.0, 'XRP': 0.0, 'ADA': 0.0, 'DOGE': 0.0, 'LINK': 0.0, 'AVAX': 0.0, 'LTC': 0.0, 'BCH': 0.0, 'CASH': 1.0}",1.0
1659052800000,2022-07-29,104495.36921217301,"{'BTC': 0.0, 'ETH': 0.0, 'SOL': 0.0, 'XRP': 0.0, 'ADA': 0.0, 'DOGE': 0.0, 'LINK': 0.0, 'AVAX': 0.0, 'LTC': 0.0, 'BCH': 0.0, 'CASH': 1.0}",1.0
1659139200000,2022-07-30,104495.36921217301,"{'BTC': 0.0, 'ETH': 0.0, 'SOL': 0.0, 'XRP': 0.0, 'ADA': 0.0, 'DOGE': 0.0, 'LINK': 0.0, 'AVAX': 0.0, 'LTC': 0.0, 'BCH': 0.0, 'CASH': 1.0}",1.0
1659225600000,2022-07-31,104495.36921217301,"{'BTC': 0.0, 'ETH': 0.0, 'SOL': 0.0, 'XRP': 0.0, 'ADA': 0.0, 'DOGE': 0.0, 'LINK': 0.0, 'AVAX': 0.0, 'LTC': 0.0, 'BCH': 0.0, 'CASH': 1.0}",1.0
1659312000000,2022-08-01,104495.36921217301,"{'BTC': 0.0, 'ETH': 0.0, 'SOL': 0.0, 'XRP': 0.0, 'ADA': 0.0, 'DOGE': 0.0, 'LINK': 0.0, 'AVAX': 0.0, 'LTC': 0.0, 'BCH': 0.0, 'CASH': 1.0}",1.0
1659398400000,2022-08-02,104495.36921217301,"{'BTC': 0.0, 'ETH': 0.0, 'SOL': 0.0, 'XRP': 0.0, 'ADA': 0.0, 'DOGE': 0.0, 'LINK': 0.0, 'AVAX': 0.0, 'LTC': 0.0, 'BCH': 0.0, 'CASH': 1.0}",1.0
1659484800000,2022-08-03,104495.36921217301,"{'BTC': 0.0, 'ETH': 0.0, 'SOL': 0.0, 'XRP': 0.0, 'ADA': 0.0, 'DOGE': 0.0, 'LINK': 0.0, 'AVAX': 0.0, 'LTC': 0.0, 'BCH': 0.0, 'CASH': 1.0}",1.0
1659571200000,2022-08-04,104495.36921217301,"{'BTC': 0.0, 'ETH': 0.0, 'SOL': 0.0, 'XRP': 0.0, 'ADA': 0.0, 'DOGE': 0.0, 'LINK': 0.0, 'AVAX': 0.0, 'LTC': 0.0, 'BCH': 0.0, 'CASH': 1.0}",1.0
1659657600000,2022-08-05,104495.36921217301,"{'BTC': 0.0, 'ETH': 0.0, 'SOL': 0.0, 'XRP': 0.0, 'ADA': 0.0, 'DOGE': 0.0, 'LINK': 0.0, 'AVAX': 0.0, 'LTC': 0.0, 'BCH': 0.0, 'CASH': 1.0}",1.0
1659744000000,2022-08-06,104495.36921217301,"{'BTC': 0.0, 'ETH': 0.0, 'SOL': 0.0, 'XRP': 0.0, 'ADA': 0.0, 'DOGE': 0.0, 'LINK': 0.0, 'AVAX': 0.0, 'LTC': 0.0, 'BCH': 0.0, 'CASH': 1.0}",1.0
1659830400000,2022-08-07,104495.36921217301,"{'BTC': 0.0, 'ETH': 0.0, 'SOL': 0.0, 'XRP': 0.0, 'ADA': 0.0, 'DOGE': 0.0, 'LINK': 0.0, 'AVAX': 0.0, 'LTC': 0.0, 'BCH': 0.0, 'CASH': 1.0}",1.0
1659916800000,2022-08-08,104495.36921217301,"{'BTC': 0.0, 'ETH': 0.0, 'SOL': 0.0, 'XRP': 0.0, 'ADA': 0.0, 'DOGE': 0.0, 'LINK': 0.0, 'AVAX': 0.0, 'LTC': 0.0, 'BCH': 0.0, 'CASH': 1.0}",1.0
1660003200000,2022-08-09,104495.36921217301,"{'BTC': 0.0, 'ETH': 0.0, 'SOL': 0.0, 'XRP': 0.0, 'ADA': 0.0, 'DOGE': 0.0, 'LINK': 0.0, 'AVAX': 0.0, 'LTC': 0.0, 'BCH': 0.0, 'CASH': 1.0}",1.0
1660089600000,2022-08-10,104495.36921217301,"{'BTC': 0.0, 'ETH': 0.0, 'SOL': 0.0, 'XRP': 0.0, 'ADA': 0.0, 'DOGE': 0.0, 'LINK': 0.0, 'AVAX': 0.0, 'LTC': 0.0, 'BCH': 0.0, 'CASH': 1.0}",1.0
1660176000000,2022-08-11,104495.36921217301,"{'BTC': 0.0, 'ETH': 0.0, 'SOL': 0.0, 'XRP': 0.0, 'ADA': 0.0, 'DOGE': 0.0, 'LINK': 0.0, 'AVAX': 0.0, 'LTC': 0.0, 'BCH': 0.0, 'CASH': 1.0}",1.0
1660262400000,2022-08-12,104495.36921217301,"{'BTC': 0.0, 'ETH': 0.0, 'SOL': 0.0, 'XRP': 0.0, 'ADA': 0.0, 'DOGE': 0.0, 'LINK': 0.0, 'AVAX': 0.0, 'LTC': 0.0, 'BCH': 0.0, 'CASH': 1.0}",1.0
1660348800000,2022-08-13,104495.36921217301,"{'BTC': 0.0, 'ETH': 0.0, 'SOL': 0.0, 'XRP': 0.0, 'ADA': 0.0, 'DOGE': 0.0, 'LINK': 0.0, 'AVAX': 0.0, 'LTC': 0.0, 'BCH': 0.0, 'CASH': 1.0}",1.0
1660435200000,2022-08-14,104495.36921217301,"{'BTC': 0.0, 'ETH': 0.0, 'SOL': 0.0, 'XRP': 0.0, 'ADA': 0.0, 'DOGE': 0.0, 'LINK': 0.0, 'AVAX': 0.0, 'LTC': 0.0, 'BCH': 0.0, 'CASH': 1.0}",1.0
1660521600000,2022-08-15,104495.36921217301,"{'BTC': 0.0, 'ETH': 0.0, 'SOL': 0.0, 'XRP': 0.0, 'ADA': 0.0, 'DOGE': 0.0, 'LINK': 0.0, 'AVAX': 0.0, 'LTC': 0.0, 'BCH': 0.0, 'CASH': 1.0}",1.0
1660608000000,2022-08-16,104495.36921217301,"{'BTC': 0.0, 'ETH': 0.0, 'SOL': 0.0, 'XRP': 0.0, 'ADA': 0.0, 'DOGE': 0.0, 'LINK': 0.0, 'AVAX': 0.0, 'LTC': 0.0, 'BCH': 0.0, 'CASH': 1.0}",1.0
1660694400000,2022-08-17,104495.36921217301,"{'BTC': 0.0, 'ETH': 0.0, 'SOL': 0.0, 'XRP': 0.0, 'ADA': 0.0, 'DOGE': 0.0, 'LINK': 0.0, 'AVAX': 0.0, 'LTC': 0.0, 'BCH': 0.0, 'CASH': 1.0}",1.0
1660780800000,2022-08-18,104495.36921217301,"{'BTC': 0.0, 'ETH': 0.0, 'SOL': 0.0, 'XRP': 0.0, 'ADA': 0.0, 'DOGE': 0.0, 'LINK': 0.0, 'AVAX': 0.0, 'LTC': 0.0, 'BCH': 0.0, 'CASH': 1.0}",1.0
1660867200000,2022-08-19,104495.36921217301,"{'BTC': 0.0, 'ETH': 0.0, 'SOL': 0.0, 'XRP': 0.0, 'ADA': 0.0, 'DOGE': 0.0, 'LINK': 0.0, 'AVAX': 0.0, 'LTC': 0.0, 'BCH': 0.0, 'CASH': 1.0}",1.0
1660953600000,2022-08-20,104495.36921217301,"{'BTC': 0.0, 'ETH': 0.0, 'SOL': 0.0, 'XRP': 0.0, 'ADA': 0.0, 'DOGE': 0.0, 'LINK': 0.0, 'AVAX': 0.0, 'LTC': 0.0, 'BCH': 0.0, 'CASH': 1.0}",1.0
1661040000000,2022-08-21,104495.36921217301,"{'BTC': 0.0, 'ETH': 0.0, 'SOL': 0.0, 'XRP': 0.0, 'ADA': 0.0, 'DOGE': 0.0, 'LINK': 0.0, 'AVAX': 0.0, 'LTC': 0.0, 'BCH': 0.0, 'CASH': 1.0}",1.0
1661126400000,2022-08-22,104495.36921217301,"{'BTC': 0.0, 'ETH': 0.0, 'SOL': 0.0, 'XRP': 0.0, 'ADA': 0.0, 'DOGE': 0.0, 'LINK': 0.0, 'AVAX': 0.0, 'LTC': 0.0, 'BCH': 0.0, 'CASH': 1.0}",1.0
1661212800000,2022-08-23,104495.36921217301,"{'BTC': 0.0, 'ETH': 0.0, 'SOL': 0.0, 'XRP': 0.0, 'ADA': 0.0, 'DOGE': 0.0, 'LINK': 0.0, 'AVAX': 0.0, 'LTC': 0.0, 'BCH': 0.0, 'CASH': 1.0}",1.0
1661299200000,2022-08-24,104495.36921217301,"{'BTC': 0.0, 'ETH': 0.0, 'SOL': 0.0, 'XRP': 0.0, 'ADA': 0.0, 'DOGE': 0.0, 'LINK': 0.0, 'AVAX': 0.0, 'LTC': 0.0, 'BCH': 0.0, 'CASH': 1.0}",1.0
1661385600000,2022-08-25,104495.36921217301,"{'BTC': 0.0, 'ETH': 0.0, 'SOL': 0.0, 'XRP': 0.0, 'ADA': 0.0, 'DOGE': 0.0, 'LINK': 0.0, 'AVAX': 0.0, 'LTC': 0.0, 'BCH': 0.0, 'CASH': 1.0}",1.0
1661472000000,2022-08-26,104495.36921217301,"{'BTC': 0.0, 'ETH': 0.0, 'SOL': 0.0, 'XRP': 0.0, 'ADA': 0.0, 'DOGE': 0.0, 'LINK': 0.0, 'AVAX': 0.0, 'LTC': 0.0, 'BCH': 0.0, 'CASH': 1.0}",1.0
1661558400000,2022-08-27,104495.36921217301,"{'BTC': 0.0, 'ETH': 0.0, 'SOL': 0.0, 'XRP': 0.0, 'ADA': 0.0, 'DOGE': 0.0, 'LINK': 0.0, 'AVAX': 0.0, 'LTC': 0.0, 'BCH': 0.0, 'CASH': 1.0}",1.0
1661644800000,2022-08-28,104495.36921217301,"{'BTC': 0.0, 'ETH': 0.0, 'SOL': 0.0, 'XRP': 0.0, 'ADA': 0.0, 'DOGE': 0.0, 'LINK': 0.0, 'AVAX': 0.0, 'LTC': 0.0, 'BCH': 0.0, 'CASH': 1.0}",1.0
1661731200000,2022-08-29,104495.36921217301,"{'BTC': 0.0, 'ETH': 0.0, 'SOL': 0.0, 'XRP': 0.0, 'ADA': 0.0, 'DOGE': 0.0, 'LINK': 0.0, 'AVAX': 0.0, 'LTC': 0.0, 'BCH': 0.0, 'CASH': 1.0}",1.0
1661817600000,2022-08-30,104495.36921217301,"{'BTC': 0.0, 'ETH': 0.0, 'SOL': 0.0, 'XRP': 0.0, 'ADA': 0.0, 'DOGE': 0.0, 'LINK': 0.0, 'AVAX': 0.0, 'LTC': 0.0, 'BCH': 0.0, 'CASH': 1.0}",1.0
1661904000000,2022-08-31,104495.36921217301,"{'BTC': 0.0, 'ETH': 0.0, 'SOL': 0.0, 'XRP': 0.0, 'ADA': 0.0, 'DOGE': 0.0, 'LINK': 0.0, 'AVAX': 0.0, 'LTC': 0.0, 'BCH': 0.0, 'CASH': 1.0}",1.0
1661990400000,2022-09-01,104495.36921217301,"{'BTC': 0.0, 'ETH': 0.0, 'SOL': 0.0, 'XRP': 0.0, 'ADA': 0.0, 'DOGE': 0.0, 'LINK': 0.0, 'AVAX': 0.0, 'LTC': 0.0, 'BCH': 0.0, 'CASH': 1.0}",1.0
1662076800000,2022-09-02,104495.36921217301,"{'BTC': 0.0, 'ETH': 0.0, 'SOL': 0.0, 'XRP': 0.0, 'ADA': 0.0, 'DOGE': 0.0, 'LINK': 0.0, 'AVAX': 0.0, 'LTC': 0.0, 'BCH': 0.0, 'CASH': 1.0}",1.0
1662163200000,2022-09-03,104495.36921217301,"{'BTC': 0.0, 'ETH': 0.0, 'SOL': 0.0, 'XRP': 0.0, 'ADA': 0.0, 'DOGE': 0.0, 'LINK': 0.0, 'AVAX': 0.0, 'LTC': 0.0, 'BCH': 0.0, 'CASH': 1.0}",1.0
1662249600000,2022-09-04,104495.36921217301,"{'BTC': 0.0, 'ETH': 0.0, 'SOL': 0.0, 'XRP': 0.0, 'ADA': 0.0, 'DOGE': 0.0, 'LINK': 0.0, 'AVAX': 0.0, 'LTC': 0.0, 'BCH': 0.0, 'CASH': 1.0}",1.0
1662336000000,2022-09-05,104495.36921217301,"{'BTC': 0.0, 'ETH': 0.0, 'SOL': 0.0, 'XRP': 0.0, 'ADA': 0.0, 'DOGE': 0.0, 'LINK': 0.0, 'AVAX': 0.0, 'LTC': 0.0, 'BCH': 0.0, 'CASH': 1.0}",1.0
1662422400000,2022-09-06,104495.36921217301,"{'BTC': 0.0, 'ETH': 0.0, 'SOL': 0.0, 'XRP': 0.0, 'ADA': 0.0, 'DOGE': 0.0, 'LINK': 0.0, 'AVAX': 0.0, 'LTC': 0.0, 'BCH': 0.0, 'CASH': 1.0}",1.0
1662508800000,2022-09-07,104495.36921217301,"{'BTC': 0.0, 'ETH': 0.0, 'SOL': 0.0, 'XRP': 0.0, 'ADA': 0.0, 'DOGE': 0.0, 'LINK': 0.0, 'AVAX': 0.0, 'LTC': 0.0, 'BCH': 0.0, 'CASH': 1.0}",1.0
1662595200000,2022-09-08,104495.36921217301,"{'BTC': 0.0, 'ETH': 0.0, 'SOL': 0.0, 'XRP': 0.0, 'ADA': 0.0, 'DOGE': 0.0, 'LINK': 0.0, 'AVAX': 0.0, 'LTC': 0.0, 'BCH': 0.0, 'CASH': 1.0}",1.0
1662681600000,2022-09-09,104495.36921217301,"{'BTC': 0.0, 'ETH': 0.0, 'SOL': 0.0, 'XRP': 0.0, 'ADA': 0.0, 'DOGE': 0.0, 'LINK': 0.0, 'AVAX': 0.0, 'LTC': 0.0, 'BCH': 0.0, 'CASH': 1.0}",1.0
1662768000000,2022-09-10,104495.36921217301,"{'BTC': 0.0, 'ETH': 0.0, 'SOL': 0.0, 'XRP': 0.0, 'ADA': 0.0, 'DOGE': 0.0, 'LINK': 0.0, 'AVAX': 0.0, 'LTC': 0.0, 'BCH': 0.0, 'CASH': 1.0}",1.0
1662854400000,2022-09-11,104495.36921217301,"{'BTC': 0.0, 'ETH': 0.0, 'SOL': 0.0, 'XRP': 0.0, 'ADA': 0.0, 'DOGE': 0.0, 'LINK': 0.0, 'AVAX': 0.0, 'LTC': 0.0, 'BCH': 0.0, 'CASH': 1.0}",1.0
1662940800000,2022-09-12,104495.36921217301,"{'BTC': 0.0, 'ETH': 0.0, 'SOL': 0.0, 'XRP': 0.0, 'ADA': 0.0, 'DOGE': 0.0, 'LINK': 0.0, 'AVAX': 0.0, 'LTC': 0.0, 'BCH': 0.0, 'CASH': 1.0}",1.0
1663027200000,2022-09-13,104495.36921217301,"{'BTC': 0.0, 'ETH': 0.0, 'SOL': 0.0, 'XRP': 0.0, 'ADA': 0.0, 'DOGE': 0.0, 'LINK': 0.0, 'AVAX': 0.0, 'LTC': 0.0, 'BCH': 0.0, 'CASH': 1.0}",1.0
1663113600000,2022-09-14,104495.36921217301,"{'BTC': 0.0, 'ETH': 0.0, 'SOL': 0.0, 'XRP': 0.0, 'ADA': 0.0, 'DOGE': 0.0, 'LINK': 0.0, 'AVAX': 0.0, 'LTC': 0.0, 'BCH': 0.0, 'CASH': 1.0}",1.0
1663200000000,2022-09-15,104495.36921217301,"{'BTC': 0.0, 'ETH': 0.0, 'SOL': 0.0, 'XRP': 0.0, 'ADA': 0.0, 'DOGE': 0.0, 'LINK': 0.0, 'AVAX': 0.0, 'LTC': 0.0, 'BCH': 0.0, 'CASH': 1.0}",1.0
1663286400000,2022-09-16,104495.36921217301,"{'BTC': 0.0, 'ETH': 0.0, 'SOL': 0.0, 'XRP': 0.0, 'ADA': 0.0, 'DOGE': 0.0, 'LINK': 0.0, 'AVAX': 0.0, 'LTC': 0.0, 'BCH': 0.0, 'CASH': 1.0}",1.0
1663372800000,2022-09-17,104495.36921217301,"{'BTC': 0.0, 'ETH': 0.0, 'SOL': 0.0, 'XRP': 0.0, 'ADA': 0.0, 'DOGE': 0.0, 'LINK': 0.0, 'AVAX': 0.0, 'LTC': 0.0, 'BCH': 0.0, 'CASH': 1.0}",1.0
1663459200000,2022-09-18,104495.36921217301,"{'BTC': 0.0, 'ETH': 0.0, 'SOL': 0.0, 'XRP': 0.0, 'ADA': 0.0, 'DOGE': 0.0, 'LINK': 0.0, 'AVAX': 0.0, 'LTC': 0.0, 'BCH': 0.0, 'CASH': 1.0}",1.0
1663545600000,2022-09-19,104495.36921217301,"{'BTC': 0.0, 'ETH': 0.0, 'SOL': 0.0, 'XRP': 0.0, 'ADA': 0.0, 'DOGE': 0.0, 'LINK': 0.0, 'AVAX': 0.0, 'LTC': 0.0, 'BCH': 0.0, 'CASH': 1.0}",1.0
1663632000000,2022-09-20,104495.36921217301,"{'BTC': 0.0, 'ETH': 0.0, 'SOL': 0.0, 'XRP': 0.0, 'ADA': 0.0, 'DOGE': 0.0, 'LINK': 0.0, 'AVAX': 0.0, 'LTC': 0.0, 'BCH': 0.0, 'CASH': 1.0}",1.0
1663718400000,2022-09-21,104495.36921217301,"{'BTC': 0.0, 'ETH': 0.0, 'SOL': 0.0, 'XRP': 0.0, 'ADA': 0.0, 'DOGE': 0.0, 'LINK': 0.0, 'AVAX': 0.0, 'LTC': 0.0, 'BCH': 0.0, 'CASH': 1.0}",1.0
1663804800000,2022-09-22,104495.36921217301,"{'BTC': 0.0, 'ETH': 0.0, 'SOL': 0.0, 'XRP': 0.0, 'ADA': 0.0, 'DOGE': 0.0, 'LINK': 0.0, 'AVAX': 0.0, 'LTC': 0.0, 'BCH': 0.0, 'CASH': 1.0}",1.0
1663891200000,2022-09-23,104495.36921217301,"{'BTC': 0.0, 'ETH': 0.0, 'SOL': 0.0, 'XRP': 0.0, 'ADA': 0.0, 'DOGE': 0.0, 'LINK': 0.0, 'AVAX': 0.0, 'LTC': 0.0, 'BCH': 0.0, 'CASH': 1.0}",1.0
1663977600000,2022-09-24,104495.36921217301,"{'BTC': 0.0, 'ETH': 0.0, 'SOL': 0.0, 'XRP': 0.0, 'ADA': 0.0, 'DOGE': 0.0, 'LINK': 0.0, 'AVAX': 0.0, 'LTC': 0.0, 'BCH': 0.0, 'CASH': 1.0}",1.0
1664064000000,2022-09-25,104495.36921217301,"{'BTC': 0.0, 'ETH': 0.0, 'SOL': 0.0, 'XRP': 0.0, 'ADA': 0.0, 'DOGE': 0.0, 'LINK': 0.0, 'AVAX': 0.0, 'LTC': 0.0, 'BCH': 0.0, 'CASH': 1.0}",1.0
1664150400000,2022-09-26,104495.36921217301,"{'BTC': 0.0, 'ETH': 0.0, 'SOL': 0.0, 'XRP': 0.0, 'ADA': 0.0, 'DOGE': 0.0, 'LINK': 0.0, 'AVAX': 0.0, 'LTC': 0.0, 'BCH': 0.0, 'CASH': 1.0}",1.0
1664236800000,2022-09-27,104495.36921217301,"{'BTC': 0.0, 'ETH': 0.0, 'SOL': 0.0, 'XRP': 0.0, 'ADA': 0.0, 'DOGE': 0.0, 'LINK': 0.0, 'AVAX': 0.0, 'LTC': 0.0, 'BCH': 0.0, 'CASH': 1.0}",1.0
1664323200000,2022-09-28,104495.36921217301,"{'BTC': 0.0, 'ETH': 0.0, 'SOL': 0.0, 'XRP': 0.0, 'ADA': 0.0, 'DOGE': 0.0, 'LINK': 0.0, 'AVAX': 0.0, 'LTC': 0.0, 'BCH': 0.0, 'CASH': 1.0}",1.0
1664409600000,2022-09-29,104495.36921217301,"{'BTC': 0.0, 'ETH': 0.0, 'SOL': 0.0, 'XRP': 0.0, 'ADA': 0.0, 'DOGE': 0.0, 'LINK': 0.0, 'AVAX': 0.0, 'LTC': 0.0, 'BCH': 0.0, 'CASH': 1.0}",1.0
1664496000000,2022-09-30,104495.36921217301,"{'BTC': 0.0, 'ETH': 0.0, 'SOL': 0.0, 'XRP': 0.0, 'ADA': 0.0, 'DOGE': 0.0, 'LINK': 0.0, 'AVAX': 0.0, 'LTC': 0.0, 'BCH': 0.0, 'CASH': 1.0}",1.0
1664582400000,2022-10-01,104495.36921217301,"{'BTC': 0.0, 'ETH': 0.0, 'SOL': 0.0, 'XRP': 0.0, 'ADA': 0.0, 'DOGE': 0.0, 'LINK': 0.0, 'AVAX': 0.0, 'LTC': 0.0, 'BCH': 0.0, 'CASH': 1.0}",1.0
1664668800000,2022-10-02,104495.36921217301,"{'BTC': 0.0, 'ETH': 0.0, 'SOL': 0.0, 'XRP': 0.0, 'ADA': 0.0, 'DOGE': 0.0, 'LINK': 0.0, 'AVAX': 0.0, 'LTC': 0.0, 'BCH': 0.0, 'CASH': 1.0}",1.0
1664755200000,2022-10-03,104495.36921217301,"{'BTC': 0.0, 'ETH': 0.0, 'SOL': 0.0, 'XRP': 0.0, 'ADA': 0.0, 'DOGE': 0.0, 'LINK': 0.0, 'AVAX': 0.0, 'LTC': 0.0, 'BCH': 0.0, 'CASH': 1.0}",1.0
1664841600000,2022-10-04,104495.36921217301,"{'BTC': 0.0, 'ETH': 0.0, 'SOL': 0.0, 'XRP': 0.0, 'ADA': 0.0, 'DOGE': 0.0, 'LINK': 0.0, 'AVAX': 0.0, 'LTC': 0.0, 'BCH': 0.0, 'CASH': 1.0}",1.0
1664928000000,2022-10-05,104495.36921217301,"{'BTC': 0.0, 'ETH': 0.0, 'SOL': 0.0, 'XRP': 0.0, 'ADA': 0.0, 'DOGE': 0.0, 'LINK': 0.0, 'AVAX': 0.0, 'LTC': 0.0, 'BCH': 0.0, 'CASH': 1.0}",1.0
1665014400000,2022-10-06,104495.36921217301,"{'BTC': 0.0, 'ETH': 0.0, 'SOL': 0.0, 'XRP': 0.0, 'ADA': 0.0, 'DOGE': 0.0, 'LINK': 0.0, 'AVAX': 0.0, 'LTC': 0.0, 'BCH': 0.0, 'CASH': 1.0}",1.0
1665100800000,2022-10-07,104495.36921217301,"{'BTC': 0.0, 'ETH': 0.0, 'SOL': 0.0, 'XRP': 0.0, 'ADA': 0.0, 'DOGE': 0.0, 'LINK': 0.0, 'AVAX': 0.0, 'LTC': 0.0, 'BCH': 0.0, 'CASH': 1.0}",1.0
1665187200000,2022-10-08,104495.36921217301,"{'BTC': 0.0, 'ETH': 0.0, 'SOL': 0.0, 'XRP': 0.0, 'ADA': 0.0, 'DOGE': 0.0, 'LINK': 0.0, 'AVAX': 0.0, 'LTC': 0.0, 'BCH': 0.0, 'CASH': 1.0}",1.0
1665273600000,2022-10-09,104495.36921217301,"{'BTC': 0.0, 'ETH': 0.0, 'SOL': 0.0, 'XRP': 0.0, 'ADA': 0.0, 'DOGE': 0.0, 'LINK': 0.0, 'AVAX': 0.0, 'LTC': 0.0, 'BCH': 0.0, 'CASH': 1.0}",1.0
1665360000000,2022-10-10,104495.36921217301,"{'BTC': 0.0, 'ETH': 0.0, 'SOL': 0.0, 'XRP': 0.0, 'ADA': 0.0, 'DOGE': 0.0, 'LINK': 0.0, 'AVAX': 0.0, 'LTC': 0.0, 'BCH': 0.0, 'CASH': 1.0}",1.0
1665446400000,2022-10-11,104495.36921217301,"{'BTC': 0.0, 'ETH': 0.0, 'SOL': 0.0, 'XRP': 0.0, 'ADA': 0.0, 'DOGE': 0.0, 'LINK': 0.0, 'AVAX': 0.0, 'LTC': 0.0, 'BCH': 0.0, 'CASH': 1.0}",1.0
1665532800000,2022-10-12,104495.36921217301,"{'BTC': 0.0, 'ETH': 0.0, 'SOL': 0.0, 'XRP': 0.0, 'ADA': 0.0, 'DOGE': 0.0, 'LINK': 0.0, 'AVAX': 0.0, 'LTC': 0.0, 'BCH': 0.0, 'CASH': 1.0}",1.0
1665619200000,2022-10-13,104495.36921217301,"{'BTC': 0.0, 'ETH': 0.0, 'SOL': 0.0, 'XRP': 0.0, 'ADA': 0.0, 'DOGE': 0.0, 'LINK': 0.0, 'AVAX': 0.0, 'LTC': 0.0, 'BCH': 0.0, 'CASH': 1.0}",1.0
1665705600000,2022-10-14,104495.36921217301,"{'BTC': 0.0, 'ETH': 0.0, 'SOL': 0.0, 'XRP': 0.0, 'ADA': 0.0, 'DOGE': 0.0, 'LINK': 0.0, 'AVAX': 0.0, 'LTC': 0.0, 'BCH': 0.0, 'CASH': 1.0}",1.0
1665792000000,2022-10-15,104495.36921217301,"{'BTC': 0.0, 'ETH': 0.0, 'SOL': 0.0, 'XRP': 0.0, 'ADA': 0.0, 'DOGE': 0.0, 'LINK': 0.0, 'AVAX': 0.0, 'LTC': 0.0, 'BCH': 0.0, 'CASH': 1.0}",1.0
1665878400000,2022-10-16,104495.36921217301,"{'BTC': 0.0, 'ETH': 0.0, 'SOL': 0.0, 'XRP': 0.0, 'ADA': 0.0, 'DOGE': 0.0, 'LINK': 0.0, 'AVAX': 0.0, 'LTC': 0.0, 'BCH': 0.0, 'CASH': 1.0}",1.0
1665964800000,2022-10-17,104495.36921217301,"{'BTC': 0.0, 'ETH': 0.0, 'SOL': 0.0, 'XRP': 0.0, 'ADA': 0.0, 'DOGE': 0.0, 'LINK': 0.0, 'AVAX': 0.0, 'LTC': 0.0, 'BCH': 0.0, 'CASH': 1.0}",1.0
1666051200000,2022-10-18,104495.36921217301,"{'BTC': 0.0, 'ETH': 0.0, 'SOL': 0.0, 'XRP': 0.0, 'ADA': 0.0, 'DOGE': 0.0, 'LINK': 0.0, 'AVAX': 0.0, 'LTC': 0.0, 'BCH': 0.0, 'CASH': 1.0}",1.0
1666137600000,2022-10-19,104495.36921217301,"{'BTC': 0.0, 'ETH': 0.0, 'SOL': 0.0, 'XRP': 0.0, 'ADA': 0.0, 'DOGE': 0.0, 'LINK': 0.0, 'AVAX': 0.0, 'LTC': 0.0, 'BCH': 0.0, 'CASH': 1.0}",1.0
1666224000000,2022-10-20,104495.36921217301,"{'BTC': 0.0, 'ETH': 0.0, 'SOL': 0.0, 'XRP': 0.0, 'ADA': 0.0, 'DOGE': 0.0, 'LINK': 0.0, 'AVAX': 0.0, 'LTC': 0.0, 'BCH': 0.0, 'CASH': 1.0}",1.0
1666310400000,2022-10-21,104495.36921217301,"{'BTC': 0.0, 'ETH': 0.0, 'SOL': 0.0, 'XRP': 0.0, 'ADA': 0.0, 'DOGE': 0.0, 'LINK': 0.0, 'AVAX': 0.0, 'LTC': 0.0, 'BCH': 0.0, 'CASH': 1.0}",1.0
1666396800000,2022-10-22,104495.36921217301,"{'BTC': 0.0, 'ETH': 0.0, 'SOL': 0.0, 'XRP': 0.0, 'ADA': 0.0, 'DOGE': 0.0, 'LINK': 0.0, 'AVAX': 0.0, 'LTC': 0.0, 'BCH': 0.0, 'CASH': 1.0}",1.0
1666483200000,2022-10-23,104495.36921217301,"{'BTC': 0.0, 'ETH': 0.0, 'SOL': 0.0, 'XRP': 0.0, 'ADA': 0.0, 'DOGE': 0.0, 'LINK': 0.0, 'AVAX': 0.0, 'LTC': 0.0, 'BCH': 0.0, 'CASH': 1.0}",1.0
1666569600000,2022-10-24,104495.36921217301,"{'BTC': 0.0, 'ETH': 0.0, 'SOL': 0.0, 'XRP': 0.0, 'ADA': 0.0, 'DOGE': 0.0, 'LINK': 0.0, 'AVAX': 0.0, 'LTC': 0.0, 'BCH': 0.0, 'CASH': 1.0}",1.0
1666656000000,2022-10-25,104495.36921217301,"{'BTC': 0.0, 'ETH': 0.0, 'SOL': 0.0, 'XRP': 0.0, 'ADA': 0.0, 'DOGE': 0.0, 'LINK': 0.0, 'AVAX': 0.0, 'LTC': 0.0, 'BCH': 0.0, 'CASH': 1.0}",1.0
1666742400000,2022-10-26,104495.36921217301,"{'BTC': 0.0, 'ETH': 0.0, 'SOL': 0.0, 'XRP': 0.0, 'ADA': 0.0, 'DOGE': 0.0, 'LINK': 0.0, 'AVAX': 0.0, 'LTC': 0.0, 'BCH': 0.0, 'CASH': 1.0}",1.0
1666828800000,2022-10-27,104495.36921217301,"{'BTC': 0.0, 'ETH': 0.0, 'SOL': 0.0, 'XRP': 0.0, 'ADA': 0.0, 'DOGE': 0.0, 'LINK': 0.0, 'AVAX': 0.0, 'LTC': 0.0, 'BCH': 0.0, 'CASH': 1.0}",1.0
1666915200000,2022-10-28,104495.36921217301,"{'BTC': 0.0, 'ETH': 0.0, 'SOL': 0.0, 'XRP': 0.0, 'ADA': 0.0, 'DOGE': 0.0, 'LINK': 0.0, 'AVAX': 0.0, 'LTC': 0.0, 'BCH': 0.0, 'CASH': 1.0}",1.0
1667001600000,2022-10-29,104495.36921217301,"{'BTC': 0.0, 'ETH': 0.0, 'SOL': 0.0, 'XRP': 0.0, 'ADA': 0.0, 'DOGE': 0.0, 'LINK': 0.0, 'AVAX': 0.0, 'LTC': 0.0, 'BCH': 0.0, 'CASH': 1.0}",1.0
1667088000000,2022-10-30,104495.36921217301,"{'BTC': 0.0, 'ETH': 0.0, 'SOL': 0.0, 'XRP': 0.0, 'ADA': 0.0, 'DOGE': 0.0, 'LINK': 0.0, 'AVAX': 0.0, 'LTC': 0.0, 'BCH': 0.0, 'CASH': 1.0}",1.0
1667174400000,2022-10-31,104411.77291680327,"{'BTC': 0.0, 'ETH': 0.0, 'SOL': 0.0, 'XRP': 0.0, 'ADA': 0.0, 'DOGE': 0.4, 'LINK': 0.0, 'AVAX': 0.0, 'LTC': 0.0, 'BCH': 0.0, 'CASH': 0.6}",0.6
1667260800000,2022-11-01,109462.38890905795,"{'BTC': 0.0, 'ETH': 0.0, 'SOL': 0.0, 'XRP': 0.0, 'ADA': 0.0, 'DOGE': 0.4, 'LINK': 0.0, 'AVAX': 0.0, 'LTC': 0.0, 'BCH': 0.0, 'CASH': 0.6}",0.6
1667347200000,2022-11-02,104969.65030807853,"{'BTC': 0.0, 'ETH': 0.0, 'SOL': 0.0, 'XRP': 0.0, 'ADA': 0.0, 'DOGE': 0.4, 'LINK': 0.0, 'AVAX': 0.0, 'LTC': 0.0, 'BCH': 0.0, 'CASH': 0.6}",0.6
1667433600000,2022-11-03,103327.64856814966,"{'BTC': 0.0, 'ETH': 0.0, 'SOL': 0.0, 'XRP': 0.0, 'ADA': 0.0, 'DOGE': 0.4, 'LINK': 0.0, 'AVAX': 0.0, 'LTC': 0.0, 'BCH': 0.0, 'CASH': 0.6}",0.6
1667520000000,2022-11-04,104524.3312283468,"{'BTC': 0.0, 'ETH': 0.0, 'SOL': 0.0, 'XRP': 0.0, 'ADA': 0.0, 'DOGE': 0.4, 'LINK': 0.0, 'AVAX': 0.0, 'LTC': 0.0, 'BCH': 0.0, 'CASH': 0.6}",0.6
1667606400000,2022-11-05,103967.57512034546,"{'BTC': 0.0, 'ETH': 0.0, 'SOL': 0.0, 'XRP': 0.0, 'ADA': 0.0, 'DOGE': 0.4, 'LINK': 0.0, 'AVAX': 0.0, 'LTC': 0.0, 'BCH': 0.0, 'CASH': 0.6}",0.6
1667692800000,2022-11-06,100730.28140917531,"{'BTC': 0.0, 'ETH': 0.0, 'SOL': 0.0, 'XRP': 0.0, 'ADA': 0.0, 'DOGE': 0.4, 'LINK': 0.0, 'AVAX': 0.0, 'LTC': 0.0, 'BCH': 0.0, 'CASH': 0.6}",0.6
1667779200000,2022-11-07,99498.2462571718,"{'BTC': 0.0, 'ETH': 0.0, 'SOL': 0.0, 'XRP': 0.0, 'ADA': 0.0, 'DOGE': 0.4, 'LINK': 0.0, 'AVAX': 0.0, 'LTC': 0.0, 'BCH': 0.0, 'CASH': 0.6}",0.6
1667865600000,2022-11-08,91297.33041721152,"{'BTC': 0.0, 'ETH': 0.0, 'SOL': 0.0, 'XRP': 0.0, 'ADA': 0.0, 'DOGE': 0.4, 'LINK': 0.0, 'AVAX': 0.0, 'LTC': 0.0, 'BCH': 0.0, 'CASH': 0.6}",0.6
1667952000000,2022-11-09,85555.9838660171,"{'BTC': 0.0, 'ETH': 0.0, 'SOL': 0.0, 'XRP': 0.0, 'ADA': 0.0, 'DOGE': 0.4, 'LINK': 0.0, 'AVAX': 0.0, 'LTC': 0.0, 'BCH': 0.0, 'CASH': 0.6}",0.6
1668038400000,2022-11-10,92509.84922133721,"{'BTC': 0.0, 'ETH': 0.0, 'SOL': 0.0, 'XRP': 0.0, 'ADA': 0.0, 'DOGE': 0.4, 'LINK': 0.0, 'AVAX': 0.0, 'LTC': 0.0, 'BCH': 0.0, 'CASH': 0.6}",0.6
1668124800000,2022-11-11,90564.44732455186,"{'BTC': 0.0, 'ETH': 0.0, 'SOL': 0.0, 'XRP': 0.0, 'ADA': 0.0, 'DOGE': 0.4, 'LINK': 0.0, 'AVAX': 0.0, 'LTC': 0.0, 'BCH': 0.0, 'CASH': 0.6}",0.6
1668211200000,2022-11-12,91921.63366994336,"{'BTC': 0.0, 'ETH': 0.0, 'SOL': 0.0, 'XRP': 0.0, 'ADA': 0.0, 'DOGE': 0.4, 'LINK': 0.0, 'AVAX': 0.0, 'LTC': 0.0, 'BCH': 0.0, 'CASH': 0.6}",0.6
1668297600000,2022-11-13,90572.97649640751,"{'BTC': 0.0, 'ETH': 0.0, 'SOL': 0.0, 'XRP': 0.0, 'ADA': 0.0, 'DOGE': 0.4, 'LINK': 0.0, 'AVAX': 0.0, 'LTC': 0.0, 'BCH': 0.0, 'CASH': 0.6}",0.6
1668384000000,2022-11-14,90987.24403007021,"{'BTC': 0.0, 'ETH': 0.0, 'SOL': 0.0, 'XRP': 0.0, 'ADA': 0.0, 'DOGE': 0.4, 'LINK': 0.0, 'AVAX': 0.0, 'LTC': 0.0, 'BCH': 0.0, 'CASH': 0.6}",0.6
1668470400000,2022-11-15,91475.05442929902,"{'BTC': 0.0, 'ETH': 0.0, 'SOL': 0.0, 'XRP': 0.0, 'ADA': 0.0, 'DOGE': 0.4, 'LINK': 0.0, 'AVAX': 0.0, 'LTC': 0.0, 'BCH': 0.0, 'CASH': 0.6}",0.6
1668556800000,2022-11-16,90835.41287561283,"{'BTC': 0.0, 'ETH': 0.0, 'SOL': 0.0, 'XRP': 0.0, 'ADA': 0.0, 'DOGE': 0.4, 'LINK': 0.0, 'AVAX': 0.0, 'LTC': 0.0, 'BCH': 0.0, 'CASH': 0.6}",0.6
1668643200000,2022-11-17,90469.64696165742,"{'BTC': 0.0, 'ETH': 0.0, 'SOL': 0.0, 'XRP': 0.0, 'ADA': 0.0, 'DOGE': 0.4, 'LINK': 0.0, 'AVAX': 0.0, 'LTC': 0.0, 'BCH': 0.0, 'CASH': 0.6}",0.6
1668729600000,2022-11-18,90503.87929821615,"{'BTC': 0.0, 'ETH': 0.0, 'SOL': 0.0, 'XRP': 0.0, 'ADA': 0.0, 'DOGE': 0.4, 'LINK': 0.0, 'AVAX': 0.0, 'LTC': 0.0, 'BCH': 0.0, 'CASH': 0.6}",0.6
1668816000000,2022-11-19,90396.96390625135,"{'BTC': 0.0, 'ETH': 0.0, 'SOL': 0.0, 'XRP': 0.0, 'ADA': 0.0, 'DOGE': 0.4, 'LINK': 0.0, 'AVAX': 0.0, 'LTC': 0.0, 'BCH': 0.0, 'CASH': 0.6}",0.6
1668902400000,2022-11-20,87192.37011469324,"{'BTC': 0.0, 'ETH': 0.0, 'SOL': 0.0, 'XRP': 0.0, 'ADA': 0.0, 'DOGE': 0.4, 'LINK': 0.0, 'AVAX': 0.0, 'LTC': 0.0, 'BCH': 0.0, 'CASH': 0.6}",0.6
1668988800000,2022-11-21,86131.37091516968,"{'BTC': 0.0, 'ETH': 0.0, 'SOL': 0.0, 'XRP': 0.0, 'ADA': 0.0, 'DOGE': 0.4, 'LINK': 0.0, 'AVAX': 0.0, 'LTC': 0.0, 'BCH': 0.0, 'CASH': 0.6}",0.6
1669075200000,2022-11-22,88016.14427711064,"{'BTC': 0.0, 'ETH': 0.0, 'SOL': 0.0, 'XRP': 0.0, 'ADA': 0.0, 'DOGE': 0.4, 'LINK': 0.0, 'AVAX': 0.0, 'LTC': 0.0, 'BCH': 0.0, 'CASH': 0.6}",0.6
1669161600000,2022-11-23,89452.86852389186,"{'BTC': 0.0, 'ETH': 0.0, 'SOL': 0.0, 'XRP': 0.0, 'ADA': 0.0, 'DOGE': 0.4, 'LINK': 0.0, 'AVAX': 0.0, 'LTC': 0.0, 'BCH': 0.0, 'CASH': 0.6}",0.6
1669248000000,2022-11-24,89238.71483840654,"{'BTC': 0.0, 'ETH': 0.0, 'SOL': 0.0, 'XRP': 0.0, 'ADA': 0.0, 'DOGE': 0.4, 'LINK': 0.0, 'AVAX': 0.0, 'LTC': 0.0, 'BCH': 0.0, 'CASH': 0.6}",0.6
1669334400000,2022-11-25,92787.20932374794,"{'BTC': 0.0, 'ETH': 0.0, 'SOL': 0.0, 'XRP': 0.0, 'ADA': 0.0, 'DOGE': 0.4, 'LINK': 0.0, 'AVAX': 0.0, 'LTC': 0.0, 'BCH': 0.0, 'CASH': 0.6}",0.6
1669420800000,2022-11-26,92538.3110311616,"{'BTC': 0.0, 'ETH': 0.0, 'SOL': 0.0, 'XRP': 0.0, 'ADA': 0.0, 'DOGE': 0.4, 'LINK': 0.0, 'AVAX': 0.0, 'LTC': 0.0, 'BCH': 0.0, 'CASH': 0.6}",0.6
1669507200000,2022-11-27,96595.12727710968,"{'BTC': 0.0, 'ETH': 0.0, 'SOL': 0.0, 'XRP': 0.0, 'ADA': 0.0, 'DOGE': 0.4, 'LINK': 0.0, 'AVAX': 0.0, 'LTC': 0.0, 'BCH': 0.0, 'CASH': 0.6}",0.6
1669593600000,2022-11-28,95126.86566942149,"{'BTC': 0.0, 'ETH': 0.0, 'SOL': 0.0, 'XRP': 0.0, 'ADA': 0.0, 'DOGE': 0.2, 'LINK': 0.0, 'AVAX': 0.0, 'LTC': 0.2, 'BCH': 0.0, 'CASH': 0.6}",0.6
1669680000000,2022-11-29,96878.54803445046,"{'BTC': 0.0, 'ETH': 0.0, 'SOL': 0.0, 'XRP': 0.0, 'ADA': 0.0, 'DOGE': 0.2, 'LINK': 0.0, 'AVAX': 0.0, 'LTC': 0.2, 'BCH': 0.0, 'CASH': 0.6}",0.6
1669766400000,2022-11-30,98783.5067276125,"{'BTC': 0.0, 'ETH': 0.0, 'SOL': 0.0, 'XRP': 0.0, 'ADA': 0.0, 'DOGE': 0.2, 'LINK': 0.0, 'AVAX': 0.0, 'LTC': 0.2, 'BCH': 0.0, 'CASH': 0.6}",0.6
1669852800000,2022-12-01,97425.2150405961,"{'BTC': 0.0, 'ETH': 0.0, 'SOL': 0.0, 'XRP': 0.0, 'ADA': 0.0, 'DOGE': 0.2, 'LINK': 0.0, 'AVAX': 0.0, 'LTC': 0.2, 'BCH': 0.0, 'CASH': 0.6}",0.6
1669939200000,2022-12-02,97608.97259131056,"{'BTC': 0.0, 'ETH': 0.0, 'SOL': 0.0, 'XRP': 0.0, 'ADA': 0.0, 'DOGE': 0.2, 'LINK': 0.0, 'AVAX': 0.0, 'LTC': 0.2, 'BCH': 0.0, 'CASH': 0.6}",0.6
1670025600000,2022-12-03,96776.8858241248,"{'BTC': 0.0, 'ETH': 0.0, 'SOL': 0.0, 'XRP': 0.0, 'ADA': 0.0, 'DOGE': 0.2, 'LINK': 0.0, 'AVAX': 0.0, 'LTC': 0.2, 'BCH': 0.0, 'CASH': 0.6}",0.6
1670112000000,2022-12-04,97797.6127187324,"{'BTC': 0.0, 'ETH': 0.0, 'SOL': 0.0, 'XRP': 0.0, 'ADA': 0.0, 'DOGE': 0.2, 'LINK': 0.0, 'AVAX': 0.0, 'LTC': 0.2, 'BCH': 0.0, 'CASH': 0.6}",0.6
1670198400000,2022-12-05,98088.27769290122,"{'BTC': 0.0, 'ETH': 0.0, 'SOL': 0.0, 'XRP': 0.0, 'ADA': 0.0, 'DOGE': 0.2, 'LINK': 0.0, 'AVAX': 0.0, 'LTC': 0.2, 'BCH': 0.0, 'CASH': 0.6}",0.6
1670284800000,2022-12-06,97758.2143244778,"{'BTC': 0.0, 'ETH': 0.0, 'SOL': 0.0, 'XRP': 0.0, 'ADA': 0.0, 'DOGE': 0.2, 'LINK': 0.0, 'AVAX': 0.0, 'LTC': 0.2, 'BCH': 0.0, 'CASH': 0.6}",0.6
1670371200000,2022-12-07,96162.95768086109,"{'BTC': 0.0, 'ETH': 0.0, 'SOL': 0.0, 'XRP': 0.0, 'ADA': 0.0, 'DOGE': 0.2, 'LINK': 0.0, 'AVAX': 0.0, 'LTC': 0.2, 'BCH': 0.0, 'CASH': 0.6}",0.6
1670457600000,2022-12-08,97060.42111922418,"{'BTC': 0.0, 'ETH': 0.0, 'SOL': 0.0, 'XRP': 0.0, 'ADA': 0.0, 'DOGE': 0.2, 'LINK': 0.0, 'AVAX': 0.0, 'LTC': 0.2, 'BCH': 0.0, 'CASH': 0.6}",0.6
1670544000000,2022-12-09,96217.21904335389,"{'BTC': 0.0, 'ETH': 0.0, 'SOL': 0.0, 'XRP': 0.0, 'ADA': 0.0, 'DOGE': 0.2, 'LINK': 0.0, 'AVAX': 0.0, 'LTC': 0.2, 'BCH': 0.0, 'CASH': 0.6}",0.6
1670630400000,2022-12-10,96148.23551158393,"{'BTC': 0.0, 'ETH': 0.0, 'SOL': 0.0, 'XRP': 0.0, 'ADA': 0.0, 'DOGE': 0.2, 'LINK': 0.0, 'AVAX': 0.0, 'LTC': 0.2, 'BCH': 0.0, 'CASH': 0.6}",0.6
1670716800000,2022-12-11,95454.56168113109,"{'BTC': 0.0, 'ETH': 0.0, 'SOL': 0.0, 'XRP': 0.0, 'ADA': 0.0, 'DOGE': 0.2, 'LINK': 0.0, 'AVAX': 0.0, 'LTC': 0.2, 'BCH': 0.0, 'CASH': 0.6}",0.6
1670803200000,2022-12-12,94900.41617522163,"{'BTC': 0.0, 'ETH': 0.0, 'SOL': 0.0, 'XRP': 0.0, 'ADA': 0.0, 'DOGE': 0.2, 'LINK': 0.0, 'AVAX': 0.0, 'LTC': 0.2, 'BCH': 0.0, 'CASH': 0.6}",0.6
1670889600000,2022-12-13,95342.30549399205,"{'BTC': 0.0, 'ETH': 0.0, 'SOL': 0.0, 'XRP': 0.0, 'ADA': 0.0, 'DOGE': 0.2, 'LINK': 0.0, 'AVAX': 0.0, 'LTC': 0.2, 'BCH': 0.0, 'CASH': 0.6}",0.6
1670976000000,2022-12-14,94264.6497572296,"{'BTC': 0.0, 'ETH': 0.0, 'SOL': 0.0, 'XRP': 0.0, 'ADA': 0.0, 'DOGE': 0.2, 'LINK': 0.0, 'AVAX': 0.0, 'LTC': 0.2, 'BCH': 0.0, 'CASH': 0.6}",0.6
1671062400000,2022-12-15,92807.53542682133,"{'BTC': 0.0, 'ETH': 0.0, 'SOL': 0.0, 'XRP': 0.0, 'ADA': 0.0, 'DOGE': 0.2, 'LINK': 0.0, 'AVAX': 0.0, 'LTC': 0.2, 'BCH': 0.0, 'CASH': 0.6}",0.6
1671148800000,2022-12-16,89240.12688816055,"{'BTC': 0.0, 'ETH': 0.0, 'SOL': 0.0, 'XRP': 0.0, 'ADA': 0.0, 'DOGE': 0.2, 'LINK': 0.0, 'AVAX': 0.0, 'LTC': 0.2, 'BCH': 0.0, 'CASH': 0.6}",0.6
1671235200000,2022-12-17,89686.58258093931,"{'BTC': 0.0, 'ETH': 0.0, 'SOL': 0.0, 'XRP': 0.0, 'ADA': 0.0, 'DOGE': 0.2, 'LINK': 0.0, 'AVAX': 0.0, 'LTC': 0.2, 'BCH': 0.0, 'CASH': 0.6}",0.6
1671321600000,2022-12-18,89377.3502363791,"{'BTC': 0.0, 'ETH': 0.0, 'SOL': 0.0, 'XRP': 0.0, 'ADA': 0.0, 'DOGE': 0.2, 'LINK': 0.0, 'AVAX': 0.0, 'LTC': 0.2, 'BCH': 0.0, 'CASH': 0.6}",0.6
1671408000000,2022-12-19,87393.47325705209,"{'BTC': 0.0, 'ETH': 0.0, 'SOL': 0.0, 'XRP': 0.0, 'ADA': 0.0, 'DOGE': 0.0, 'LINK': 0.0, 'AVAX': 0.0, 'LTC': 0.4, 'BCH': 0.0, 'CASH': 0.6}",0.6
1671494400000,2022-12-20,88618.306026185,"{'BTC': 0.0, 'ETH': 0.0, 'SOL': 0.0, 'XRP': 0.0, 'ADA': 0.0, 'DOGE': 0.0, 'LINK': 0.0, 'AVAX': 0.0, 'LTC': 0.4, 'BCH': 0.0, 'CASH': 0.6}",0.6
1671580800000,2022-12-21,88515.60716589239,"{'BTC': 0.0, 'ETH': 0.0, 'SOL': 0.0, 'XRP': 0.0, 'ADA': 0.0, 'DOGE': 0.0, 'LINK': 0.0, 'AVAX': 0.0, 'LTC': 0.4, 'BCH': 0.0, 'CASH': 0.6}",0.6
1671667200000,2022-12-22,88943.36266160155,"{'BTC': 0.0, 'ETH': 0.0, 'SOL': 0.0, 'XRP': 0.0, 'ADA': 0.0, 'DOGE': 0.0, 'LINK': 0.0, 'AVAX': 0.0, 'LTC': 0.4, 'BCH': 0.0, 'CASH': 0.6}",0.6
1671753600000,2022-12-23,88701.44961719103,"{'BTC': 0.0, 'ETH': 0.0, 'SOL': 0.0, 'XRP': 0.0, 'ADA': 0.0, 'DOGE': 0.0, 'LINK': 0.0, 'AVAX': 0.0, 'LTC': 0.4, 'BCH': 0.0, 'CASH': 0.6}",0.6
1671840000000,2022-12-24,88717.64340078157,"{'BTC': 0.0, 'ETH': 0.0, 'SOL': 0.0, 'XRP': 0.0, 'ADA': 0.0, 'DOGE': 0.0, 'LINK': 0.0, 'AVAX': 0.0, 'LTC': 0.4, 'BCH': 0.0, 'CASH': 0.6}",0.6
1671926400000,2022-12-25,90552.43651247658,"{'BTC': 0.0, 'ETH': 0.0, 'SOL': 0.0, 'XRP': 0.0, 'ADA': 0.0, 'DOGE': 0.0, 'LINK': 0.0, 'AVAX': 0.0, 'LTC': 0.4, 'BCH': 0.0, 'CASH': 0.6}",0.6
1672012800000,2022-12-26,91317.9581168812,"{'BTC': 0.0, 'ETH': 0.0, 'SOL': 0.0, 'XRP': 0.0, 'ADA': 0.0, 'DOGE': 0.0, 'LINK': 0.0, 'AVAX': 0.0, 'LTC': 0.0, 'BCH': 0.0, 'CASH': 1.0}",1.0
1672099200000,2022-12-27,91317.9581168812,"{'BTC': 0.0, 'ETH': 0.0, 'SOL': 0.0, 'XRP': 0.0, 'ADA': 0.0, 'DOGE': 0.0, 'LINK': 0.0, 'AVAX': 0.0, 'LTC': 0.0, 'BCH': 0.0, 'CASH': 1.0}",1.0
1672185600000,2022-12-28,91317.9581168812,"{'BTC': 0.0, 'ETH': 0.0, 'SOL': 0.0, 'XRP': 0.0, 'ADA': 0.0, 'DOGE': 0.0, 'LINK': 0.0, 'AVAX': 0.0, 'LTC': 0.0, 'BCH': 0.0, 'CASH': 1.0}",1.0
1672272000000,2022-12-29,91317.9581168812,"{'BTC': 0.0, 'ETH': 0.0, 'SOL': 0.0, 'XRP': 0.0, 'ADA': 0.0, 'DOGE': 0.0, 'LINK': 0.0, 'AVAX': 0.0, 'LTC': 0.0, 'BCH': 0.0, 'CASH': 1.0}",1.0
1672358400000,2022-12-30,91317.9581168812,"{'BTC': 0.0, 'ETH': 0.0, 'SOL': 0.0, 'XRP': 0.0, 'ADA': 0.0, 'DOGE': 0.0, 'LINK': 0.0, 'AVAX': 0.0, 'LTC': 0.0, 'BCH': 0.0, 'CASH': 1.0}",1.0
1672444800000,2022-12-31,91317.9581168812,"{'BTC': 0.0, 'ETH': 0.0, 'SOL': 0.0, 'XRP': 0.0, 'ADA': 0.0, 'DOGE': 0.0, 'LINK': 0.0, 'AVAX': 0.0, 'LTC': 0.0, 'BCH': 0.0, 'CASH': 1.0}",1.0
1672531200000,2023-01-01,91317.9581168812,"{'BTC': 0.0, 'ETH': 0.0, 'SOL': 0.0, 'XRP': 0.0, 'ADA': 0.0, 'DOGE': 0.0, 'LINK': 0.0, 'AVAX': 0.0, 'LTC': 0.0, 'BCH': 0.0, 'CASH': 1.0}",1.0
1672617600000,2023-01-02,91317.9581168812,"{'BTC': 0.0, 'ETH': 0.0, 'SOL': 0.0, 'XRP': 0.0, 'ADA': 0.0, 'DOGE': 0.0, 'LINK': 0.0, 'AVAX': 0.0, 'LTC': 0.0, 'BCH': 0.0, 'CASH': 1.0}",1.0
1672704000000,2023-01-03,91317.9581168812,"{'BTC': 0.0, 'ETH': 0.0, 'SOL': 0.0, 'XRP': 0.0, 'ADA': 0.0, 'DOGE': 0.0, 'LINK': 0.0, 'AVAX': 0.0, 'LTC': 0.0, 'BCH': 0.0, 'CASH': 1.0}",1.0
1672790400000,2023-01-04,91317.9581168812,"{'BTC': 0.0, 'ETH': 0.0, 'SOL': 0.0, 'XRP': 0.0, 'ADA': 0.0, 'DOGE': 0.0, 'LINK': 0.0, 'AVAX': 0.0, 'LTC': 0.0, 'BCH': 0.0, 'CASH': 1.0}",1.0
1672876800000,2023-01-05,91317.9581168812,"{'BTC': 0.0, 'ETH': 0.0, 'SOL': 0.0, 'XRP': 0.0, 'ADA': 0.0, 'DOGE': 0.0, 'LINK': 0.0, 'AVAX': 0.0, 'LTC': 0.0, 'BCH': 0.0, 'CASH': 1.0}",1.0
1672963200000,2023-01-06,91317.9581168812,"{'BTC': 0.0, 'ETH': 0.0, 'SOL': 0.0, 'XRP': 0.0, 'ADA': 0.0, 'DOGE': 0.0, 'LINK': 0.0, 'AVAX': 0.0, 'LTC': 0.0, 'BCH': 0.0, 'CASH': 1.0}",1.0
1673049600000,2023-01-07,91317.9581168812,"{'BTC': 0.0, 'ETH': 0.0, 'SOL': 0.0, 'XRP': 0.0, 'ADA': 0.0, 'DOGE': 0.0, 'LINK': 0.0, 'AVAX': 0.0, 'LTC': 0.0, 'BCH': 0.0, 'CASH': 1.0}",1.0
1673136000000,2023-01-08,91317.9581168812,"{'BTC': 0.0, 'ETH': 0.0, 'SOL': 0.0, 'XRP': 0.0, 'ADA': 0.0, 'DOGE': 0.0, 'LINK': 0.0, 'AVAX': 0.0, 'LTC': 0.0, 'BCH': 0.0, 'CASH': 1.0}",1.0
1673222400000,2023-01-09,91317.9581168812,"{'BTC': 0.0, 'ETH': 0.0, 'SOL': 0.0, 'XRP': 0.0, 'ADA': 0.0, 'DOGE': 0.0, 'LINK': 0.0, 'AVAX': 0.0, 'LTC': 0.0, 'BCH': 0.0, 'CASH': 1.0}",1.0
1673308800000,2023-01-10,91317.9581168812,"{'BTC': 0.0, 'ETH': 0.0, 'SOL': 0.0, 'XRP': 0.0, 'ADA': 0.0, 'DOGE': 0.0, 'LINK': 0.0, 'AVAX': 0.0, 'LTC': 0.0, 'BCH': 0.0, 'CASH': 1.0}",1.0
1673395200000,2023-01-11,91317.9581168812,"{'BTC': 0.0, 'ETH': 0.0, 'SOL': 0.0, 'XRP': 0.0, 'ADA': 0.0, 'DOGE': 0.0, 'LINK': 0.0, 'AVAX': 0.0, 'LTC': 0.0, 'BCH': 0.0, 'CASH': 1.0}",1.0
1673481600000,2023-01-12,91317.9581168812,"{'BTC': 0.0, 'ETH': 0.0, 'SOL': 0.0, 'XRP': 0.0, 'ADA': 0.0, 'DOGE': 0.0, 'LINK': 0.0, 'AVAX': 0.0, 'LTC': 0.0, 'BCH': 0.0, 'CASH': 1.0}",1.0
1673568000000,2023-01-13,91317.9581168812,"{'BTC': 0.0, 'ETH': 0.0, 'SOL': 0.0, 'XRP': 0.0, 'ADA': 0.0, 'DOGE': 0.0, 'LINK': 0.0, 'AVAX': 0.0, 'LTC': 0.0, 'BCH': 0.0, 'CASH': 1.0}",1.0
1673654400000,2023-01-14,91317.9581168812,"{'BTC': 0.0, 'ETH': 0.0, 'SOL': 0.0, 'XRP': 0.0, 'ADA': 0.0, 'DOGE': 0.0, 'LINK': 0.0, 'AVAX': 0.0, 'LTC': 0.0, 'BCH': 0.0, 'CASH': 1.0}",1.0
1673740800000,2023-01-15,91317.9581168812,"{'BTC': 0.0, 'ETH': 0.0, 'SOL': 0.0, 'XRP': 0.0, 'ADA': 0.0, 'DOGE': 0.0, 'LINK': 0.0, 'AVAX': 0.0, 'LTC': 0.0, 'BCH': 0.0, 'CASH': 1.0}",1.0
1673827200000,2023-01-16,91171.84938389418,"{'BTC': 0.4, 'ETH': 0.4, 'SOL': 0.0, 'XRP': 0.0, 'ADA': 0.0, 'DOGE': 0.0, 'LINK': 0.0, 'AVAX': 0.0, 'LTC': 0.0, 'BCH': 0.0, 'CASH': 0.19999999999999996}",0.19999999999999996
1673913600000,2023-01-17,90825.43843569087,"{'BTC': 0.4, 'ETH': 0.4, 'SOL': 0.0, 'XRP': 0.0, 'ADA': 0.0, 'DOGE': 0.0, 'LINK': 0.0, 'AVAX': 0.0, 'LTC': 0.0, 'BCH': 0.0, 'CASH': 0.19999999999999996}",0.19999999999999996
1674000000000,2023-01-18,88758.5169133768,"{'BTC': 0.4, 'ETH': 0.4, 'SOL': 0.0, 'XRP': 0.0, 'ADA': 0.0, 'DOGE': 0.0, 'LINK': 0.0, 'AVAX': 0.0, 'LTC': 0.0, 'BCH': 0.0, 'CASH': 0.19999999999999996}",0.19999999999999996
1674086400000,2023-01-19,90405.9745828263,"{'BTC': 0.4, 'ETH': 0.4, 'SOL': 0.0, 'XRP': 0.0, 'ADA': 0.0, 'DOGE': 0.0, 'LINK': 0.0, 'AVAX': 0.0, 'LTC': 0.0, 'BCH': 0.0, 'CASH': 0.19999999999999996}",0.19999999999999996
1674172800000,2023-01-20,95626.5728195345,"{'BTC': 0.4, 'ETH': 0.4, 'SOL': 0.0, 'XRP': 0.0, 'ADA': 0.0, 'DOGE': 0.0, 'LINK': 0.0, 'AVAX': 0.0, 'LTC': 0.0, 'BCH': 0.0, 'CASH': 0.19999999999999996}",0.19999999999999996
1674259200000,2023-01-21,95102.85275356859,"{'BTC': 0.4, 'ETH': 0.4, 'SOL': 0.0, 'XRP': 0.0, 'ADA': 0.0, 'DOGE': 0.0, 'LINK': 0.0, 'AVAX': 0.0, 'LTC': 0.0, 'BCH': 0.0, 'CASH': 0.19999999999999996}",0.19999999999999996
1674345600000,2023-01-22,95003.74842998479,"{'BTC': 0.4, 'ETH': 0.4, 'SOL': 0.0, 'XRP': 0.0, 'ADA': 0.0, 'DOGE': 0.0, 'LINK': 0.0, 'AVAX': 0.0, 'LTC': 0.0, 'BCH': 0.0, 'CASH': 0.19999999999999996}",0.19999999999999996
1674432000000,2023-01-23,95233.97691908004,"{'BTC': 0.35020409808917785, 'ETH': 0.3329962788079512, 'SOL': 0.0, 'XRP': 0.0, 'ADA': 0.0, 'DOGE': 0.0, 'LINK': 0.0, 'AVAX': 0.0, 'LTC': 0.316799623102871, 'BCH': 0.0, 'CASH': 0.0}",0.0
1674518400000,2023-01-24,92541.10102082847,"{'BTC': 0.35020409808917785, 'ETH': 0.3329962788079512, 'SOL': 0.0, 'XRP': 0.0, 'ADA': 0.0, 'DOGE': 0.0, 'LINK': 0.0, 'AVAX': 0.0, 'LTC': 0.316799623102871, 'BCH': 0.0, 'CASH': 0.0}",0.0
1674604800000,2023-01-25,94998.40745472744,"{'BTC': 0.35020409808917785, 'ETH': 0.3329962788079512, 'SOL': 0.0, 'XRP': 0.0, 'ADA': 0.0, 'DOGE': 0.0, 'LINK': 0.0, 'AVAX': 0.0, 'LTC': 0.316799623102871, 'BCH': 0.0, 'CASH': 0.0}",0.0
1674691200000,2023-01-26,94069.68490844939,"{'BTC': 0.35020409808917785, 'ETH': 0.3329962788079512, 'SOL': 0.0, 'XRP': 0.0, 'ADA': 0.0, 'DOGE': 0.0, 'LINK': 0.0, 'AVAX': 0.0, 'LTC': 0.316799623102871, 'BCH': 0.0, 'CASH': 0.0}",0.0
1674777600000,2023-01-27,94591.5979726897,"{'BTC': 0.35020409808917785, 'ETH': 0.3329962788079512, 'SOL': 0.0, 'XRP': 0.0, 'ADA': 0.0, 'DOGE': 0.0, 'LINK': 0.0, 'AVAX': 0.0, 'LTC': 0.316799623102871, 'BCH': 0.0, 'CASH': 0.0}",0.0
1674864000000,2023-01-28,94261.42126652258,"{'BTC': 0.35020409808917785, 'ETH': 0.3329962788079512, 'SOL': 0.0, 'XRP': 0.0, 'ADA': 0.0, 'DOGE': 0.0, 'LINK': 0.0, 'AVAX': 0.0, 'LTC': 0.316799623102871, 'BCH': 0.0, 'CASH': 0.0}",0.0
1674950400000,2023-01-29,98452.62504767966,"{'BTC': 0.35020409808917785, 'ETH': 0.3329962788079512, 'SOL': 0.0, 'XRP': 0.0, 'ADA': 0.0, 'DOGE': 0.0, 'LINK': 0.0, 'AVAX': 0.0, 'LTC': 0.316799623102871, 'BCH': 0.0, 'CASH': 0.0}",0.0
1675036800000,2023-01-30,94291.69289687833,"{'BTC': 0.4, 'ETH': 0.0, 'SOL': 0.0, 'XRP': 0.0, 'ADA': 0.0, 'DOGE': 0.0, 'LINK': 0.0, 'AVAX': 0.19999999999999996, 'LTC': 0.4, 'BCH': 0.0, 'CASH': 0.0}",0.0
1675123200000,2023-01-31,95958.13232774792,"{'BTC': 0.4, 'ETH': 0.0, 'SOL': 0.0, 'XRP': 0.0, 'ADA': 0.0, 'DOGE': 0.0, 'LINK': 0.0, 'AVAX': 0.19999999999999996, 'LTC': 0.4, 'BCH': 0.0, 'CASH': 0.0}",0.0
1675209600000,2023-02-01,100627.87087305576,"{'BTC': 0.4, 'ETH': 0.0, 'SOL': 0.0, 'XRP': 0.0, 'ADA': 0.0, 'DOGE': 0.0, 'LINK': 0.0, 'AVAX': 0.19999999999999996, 'LTC': 0.4, 'BCH': 0.0, 'CASH': 0.0}",0.0
1675296000000,2023-02-02,99743.95378607273,"{'BTC': 0.4, 'ETH': 0.0, 'SOL': 0.0, 'XRP': 0.0, 'ADA': 0.0, 'DOGE': 0.0, 'LINK': 0.0, 'AVAX': 0.19999999999999996, 'LTC': 0.4, 'BCH': 0.0, 'CASH': 0.0}",0.0
1675382400000,2023-02-03,100306.00215697693,"{'BTC': 0.4, 'ETH': 0.0, 'SOL': 0.0, 'XRP': 0.0, 'ADA': 0.0, 'DOGE': 0.0, 'LINK': 0.0, 'AVAX': 0.19999999999999996, 'LTC': 0.4, 'BCH': 0.0, 'CASH': 0.0}",0.0
1675468800000,2023-02-04,99265.10474410473,"{'BTC': 0.4, 'ETH': 0.0, 'SOL': 0.0, 'XRP': 0.0, 'ADA': 0.0, 'DOGE': 0.0, 'LINK': 0.0, 'AVAX': 0.19999999999999996, 'LTC': 0.4, 'BCH': 0.0, 'CASH': 0.0}",0.0
1675555200000,2023-02-05,96985.13902858338,"{'BTC': 0.4, 'ETH': 0.0, 'SOL': 0.0, 'XRP': 0.0, 'ADA': 0.0, 'DOGE': 0.0, 'LINK': 0.0, 'AVAX': 0.19999999999999996, 'LTC': 0.4, 'BCH': 0.0, 'CASH': 0.0}",0.0
1675641600000,2023-02-06,95873.12754314441,"{'BTC': 0.4, 'ETH': 0.0, 'SOL': 0.0, 'XRP': 0.0, 'ADA': 0.0, 'DOGE': 0.0, 'LINK': 0.0, 'AVAX': 0.22491593130106965, 'LTC': 0.37508406869893035, 'BCH': 0.0, 'CASH': 0.0}",0.0
1675728000000,2023-02-07,99915.20076591395,"{'BTC': 0.4, 'ETH': 0.0, 'SOL': 0.0, 'XRP': 0.0, 'ADA': 0.0, 'DOGE': 0.0, 'LINK': 0.0, 'AVAX': 0.22491593130106965, 'LTC': 0.37508406869893035, 'BCH': 0.0, 'CASH': 0.0}",0.0
1675814400000,2023-02-08,98047.62879311285,"{'BTC': 0.4, 'ETH': 0.0, 'SOL': 0.0, 'XRP': 0.0, 'ADA': 0.0, 'DOGE': 0.0, 'LINK': 0.0, 'AVAX': 0.22491593130106965, 'LTC': 0.37508406869893035, 'BCH': 0.0, 'CASH': 0.0}",0.0
1675900800000,2023-02-09,91000.92580207378,"{'BTC': 0.4, 'ETH': 0.0, 'SOL': 0.0, 'XRP': 0.0, 'ADA': 0.0, 'DOGE': 0.0, 'LINK': 0.0, 'AVAX': 0.22491593130106965, 'LTC': 0.37508406869893035, 'BCH': 0.0, 'CASH': 0.0}",0.0
1675987200000,2023-02-10,91006.60323176507,"{'BTC': 0.4, 'ETH': 0.0, 'SOL': 0.0, 'XRP': 0.0, 'ADA': 0.0, 'DOGE': 0.0, 'LINK': 0.0, 'AVAX': 0.22491593130106965, 'LTC': 0.37508406869893035, 'BCH': 0.0, 'CASH': 0.0}",0.0
1676073600000,2023-02-11,92062.90651868694,"{'BTC': 0.4, 'ETH': 0.0, 'SOL': 0.0, 'XRP': 0.0, 'ADA': 0.0, 'DOGE': 0.0, 'LINK': 0.0, 'AVAX': 0.22491593130106965, 'LTC': 0.37508406869893035, 'BCH': 0.0, 'CASH': 0.0}",0.0
1676160000000,2023-02-12,90996.21918283058,"{'BTC': 0.4, 'ETH': 0.0, 'SOL': 0.0, 'XRP': 0.0, 'ADA': 0.0, 'DOGE': 0.0, 'LINK': 0.0, 'AVAX': 0.22491593130106965, 'LTC': 0.37508406869893035, 'BCH': 0.0, 'CASH': 0.0}",0.0
1676246400000,2023-02-13,90186.49358962014,"{'BTC': 0.4, 'ETH': 0.4, 'SOL': 0.0, 'XRP': 0.0, 'ADA': 0.0, 'DOGE': 0.0, 'LINK': 0.0, 'AVAX': 0.19999999999999996, 'LTC': 0.0, 'BCH': 0.0, 'CASH': 0.0}",0.0
1676332800000,2023-02-14,92605.1560105507,"{'BTC': 0.4, 'ETH': 0.4, 'SOL': 0.0, 'XRP': 0.0, 'ADA': 0.0, 'DOGE': 0.0, 'LINK': 0.0, 'AVAX': 0.19999999999999996, 'LTC': 0.0, 'BCH': 0.0, 'CASH': 0.0}",0.0
1676419200000,2023-02-15,100795.81488939692,"{'BTC': 0.4, 'ETH': 0.4, 'SOL': 0.0, 'XRP': 0.0, 'ADA': 0.0, 'DOGE': 0.0, 'LINK': 0.0, 'AVAX': 0.19999999999999996, 'LTC': 0.0, 'BCH': 0.0, 'CASH': 0.0}",0.0
1676505600000,2023-02-16,97192.65045225658,"{'BTC': 0.4, 'ETH': 0.4, 'SOL': 0.0, 'XRP': 0.0, 'ADA': 0.0, 'DOGE': 0.0, 'LINK': 0.0, 'AVAX': 0.19999999999999996, 'LTC': 0.0, 'BCH': 0.0, 'CASH': 0.0}",0.0
1676592000000,2023-02-17,101177.85294724649,"{'BTC': 0.4, 'ETH': 0.4, 'SOL': 0.0, 'XRP': 0.0, 'ADA': 0.0, 'DOGE': 0.0, 'LINK': 0.0, 'AVAX': 0.19999999999999996, 'LTC': 0.0, 'BCH': 0.0, 'CASH': 0.0}",0.0
1676678400000,2023-02-18,101307.12368201905,"{'BTC': 0.4, 'ETH': 0.4, 'SOL': 0.0, 'XRP': 0.0, 'ADA': 0.0, 'DOGE': 0.0, 'LINK': 0.0, 'AVAX': 0.19999999999999996, 'LTC': 0.0, 'BCH': 0.0, 'CASH': 0.0}",0.0
1676764800000,2023-02-19,100736.06574212771,"{'BTC': 0.4, 'ETH': 0.4, 'SOL': 0.0, 'XRP': 0.0, 'ADA': 0.0, 'DOGE': 0.0, 'LINK': 0.0, 'AVAX': 0.19999999999999996, 'LTC': 0.0, 'BCH': 0.0, 'CASH': 0.0}",0.0
1676851200000,2023-02-20,103162.3633416022,"{'BTC': 0.3637169908457609, 'ETH': 0.37050654539279465, 'SOL': 0.0, 'XRP': 0.0, 'ADA': 0.26577646376144437, 'DOGE': 0.0, 'LINK': 0.0, 'AVAX': 0.0, 'LTC': 0.0, 'BCH': 0.0, 'CASH': 0.0}",0.0
1676937600000,2023-02-21,100847.81466791376,"{'BTC': 0.3637169908457609, 'ETH': 0.37050654539279465, 'SOL': 0.0, 'XRP': 0.0, 'ADA': 0.26577646376144437, 'DOGE': 0.0, 'LINK': 0.0, 'AVAX': 0.0, 'LTC': 0.0, 'BCH': 0.0, 'CASH': 0.0}",0.0
1677024000000,2023-02-22,99805.05617305815,"{'BTC': 0.3637169908457609, 'ETH': 0.37050654539279465, 'SOL': 0.0, 'XRP': 0.0, 'ADA': 0.26577646376144437, 'DOGE': 0.0, 'LINK': 0.0, 'AVAX': 0.0, 'LTC': 0.0, 'BCH': 0.0, 'CASH': 0.0}",0.0
1677110400000,2023-02-23,99165.59836063604,"{'BTC': 0.3637169908457609, 'ETH': 0.37050654539279465, 'SOL': 0.0, 'XRP': 0.0, 'ADA': 0.26577646376144437, 'DOGE': 0.0, 'LINK': 0.0, 'AVAX': 0.0, 'LTC': 0.0, 'BCH': 0.0, 'CASH': 0.0}",0.0
1677196800000,2023-02-24,95937.21697897778,"{'BTC': 0.3637169908457609, 'ETH': 0.37050654539279465, 'SOL': 0.0, 'XRP': 0.0, 'ADA': 0.26577646376144437, 'DOGE': 0.0, 'LINK': 0.0, 'AVAX': 0.0, 'LTC': 0.0, 'BCH': 0.0, 'CASH': 0.0}",0.0
1677283200000,2023-02-25,95335.78327299241,"{'BTC': 0.3637169908457609, 'ETH': 0.37050654539279465, 'SOL': 0.0, 'XRP': 0.0, 'ADA': 0.26577646376144437, 'DOGE': 0.0, 'LINK': 0.0, 'AVAX': 0.0, 'LTC': 0.0, 'BCH': 0.0, 'CASH': 0.0}",0.0
1677369600000,2023-02-26,97466.27791155694,"{'BTC': 0.3637169908457609, 'ETH': 0.37050654539279465, 'SOL': 0.0, 'XRP': 0.0, 'ADA': 0.26577646376144437, 'DOGE': 0.0, 'LINK': 0.0, 'AVAX': 0.0, 'LTC': 0.0, 'BCH': 0.0, 'CASH': 0.0}",0.0
1677456000000,2023-02-27,96805.23000382226,"{'BTC': 0.4, 'ETH': 0.4, 'SOL': 0.0, 'XRP': 0.0, 'ADA': 0.0, 'DOGE': 0.0, 'LINK': 0.0, 'AVAX': 0.0, 'LTC': 0.0, 'BCH': 0.0, 'CASH': 0.19999999999999996}",0.19999999999999996
1677542400000,2023-02-28,95577.30398637035,"{'BTC': 0.4, 'ETH': 0.4, 'SOL': 0.0, 'XRP': 0.0, 'ADA': 0.0, 'DOGE': 0.0, 'LINK': 0.0, 'AVAX': 0.0, 'LTC': 0.0, 'BCH': 0.0, 'CASH': 0.19999999999999996}",0.19999999999999996
1677628800000,2023-03-01,97804.47270879133,"{'BTC': 0.4, 'ETH': 0.4, 'SOL': 0.0, 'XRP': 0.0, 'ADA': 0.0, 'DOGE': 0.0, 'LINK': 0.0, 'AVAX': 0.0, 'LTC': 0.0, 'BCH': 0.0, 'CASH': 0.19999999999999996}",0.19999999999999996
1677715200000,2023-03-02,97127.01734536541,"{'BTC': 0.4, 'ETH': 0.4, 'SOL': 0.0, 'XRP': 0.0, 'ADA': 0.0, 'DOGE': 0.0, 'LINK': 0.0, 'AVAX': 0.0, 'LTC': 0.0, 'BCH': 0.0, 'CASH': 0.19999999999999996}",0.19999999999999996
1677801600000,2023-03-03,93442.61616845065,"{'BTC': 0.4, 'ETH': 0.4, 'SOL': 0.0, 'XRP': 0.0, 'ADA': 0.0, 'DOGE': 0.0, 'LINK': 0.0, 'AVAX': 0.0, 'LTC': 0.0, 'BCH': 0.0, 'CASH': 0.19999999999999996}",0.19999999999999996
1677888000000,2023-03-04,93363.37397630188,"{'BTC': 0.4, 'ETH': 0.4, 'SOL': 0.0, 'XRP': 0.0, 'ADA': 0.0, 'DOGE': 0.0, 'LINK': 0.0, 'AVAX': 0.0, 'LTC': 0.0, 'BCH': 0.0, 'CASH': 0.19999999999999996}",0.19999999999999996
1677974400000,2023-03-05,93454.42223030883,"{'BTC': 0.4, 'ETH': 0.4, 'SOL': 0.0, 'XRP': 0.0, 'ADA': 0.0, 'DOGE': 0.0, 'LINK': 0.0, 'AVAX': 0.0, 'LTC': 0.0, 'BCH': 0.0, 'CASH': 0.19999999999999996}",0.19999999999999996
1678060800000,2023-03-06,93367.20930124879,"{'BTC': 0.4, 'ETH': 0.0, 'SOL': 0.0, 'XRP': 0.0, 'ADA': 0.0, 'DOGE': 0.0, 'LINK': 0.0, 'AVAX': 0.0, 'LTC': 0.0, 'BCH': 0.0, 'CASH': 0.6}",0.6
1678147200000,2023-03-07,93014.19364111229,"{'BTC': 0.4, 'ETH': 0.0, 'SOL': 0.0, 'XRP': 0.0, 'ADA': 0.0, 'DOGE': 0.0, 'LINK': 0.0, 'AVAX': 0.0, 'LTC': 0.0, 'BCH': 0.0, 'CASH': 0.6}",0.6
1678233600000,2023-03-08,92175.98618939746,"{'BTC': 0.4, 'ETH': 0.0, 'SOL': 0.0, 'XRP': 0.0, 'ADA': 0.0, 'DOGE': 0.0, 'LINK': 0.0, 'AVAX': 0.0, 'LTC': 0.0, 'BCH': 0.0, 'CASH': 0.6}",0.6
1678320000000,2023-03-09,89913.7071154741,"{'BTC': 0.4, 'ETH': 0.0, 'SOL': 0.0, 'XRP': 0.0, 'ADA': 0.0, 'DOGE': 0.0, 'LINK': 0.0, 'AVAX': 0.0, 'LTC': 0.0, 'BCH': 0.0, 'CASH': 0.6}",0.6
1678406400000,2023-03-10,89671.90659757145,"{'BTC': 0.4, 'ETH': 0.0, 'SOL': 0.0, 'XRP': 0.0, 'ADA': 0.0, 'DOGE': 0.0, 'LINK': 0.0, 'AVAX': 0.0, 'LTC': 0.0, 'BCH': 0.0, 'CASH': 0.6}",0.6
1678492800000,2023-03-11,90364.2082127917,"{'BTC': 0.4, 'ETH': 0.0, 'SOL': 0.0, 'XRP': 0.0, 'ADA': 0.0, 'DOGE': 0.0, 'LINK': 0.0, 'AVAX': 0.0, 'LTC': 0.0, 'BCH': 0.0, 'CASH': 0.6}",0.6
1678579200000,2023-03-12,93166.28422819142,"{'BTC': 0.4, 'ETH': 0.0, 'SOL': 0.0, 'XRP': 0.0, 'ADA': 0.0, 'DOGE': 0.0, 'LINK': 0.0, 'AVAX': 0.0, 'LTC': 0.0, 'BCH': 0.0, 'CASH': 0.6}",0.6
1678665600000,2023-03-13,96447.7548056003,"{'BTC': 0.4, 'ETH': 0.4, 'SOL': 0.0, 'XRP': 0.0, 'ADA': 0.0, 'DOGE': 0.0, 'LINK': 0.0, 'AVAX': 0.0, 'LTC': 0.0, 'BCH': 0.0, 'CASH': 0.19999999999999996}",0.19999999999999996
1678752000000,2023-03-14,97840.13997587473,"{'BTC': 0.4, 'ETH': 0.4, 'SOL': 0.0, 'XRP': 0.0, 'ADA': 0.0, 'DOGE': 0.0, 'LINK': 0.0, 'AVAX': 0.0, 'LTC': 0.0, 'BCH': 0.0, 'CASH': 0.19999999999999996}",0.19999999999999996
1678838400000,2023-03-15,96125.64046427142,"{'BTC': 0.4, 'ETH': 0.4, 'SOL': 0.0, 'XRP': 0.0, 'ADA': 0.0, 'DOGE': 0.0, 'LINK': 0.0, 'AVAX': 0.0, 'LTC': 0.0, 'BCH': 0.0, 'CASH': 0.19999999999999996}",0.19999999999999996
1678924800000,2023-03-16,97664.19564303817,"{'BTC': 0.4, 'ETH': 0.4, 'SOL': 0.0, 'XRP': 0.0, 'ADA': 0.0, 'DOGE': 0.0, 'LINK': 0.0, 'AVAX': 0.0, 'LTC': 0.0, 'BCH': 0.0, 'CASH': 0.19999999999999996}",0.19999999999999996
1679011200000,2023-03-17,104121.11212986255,"{'BTC': 0.4, 'ETH': 0.4, 'SOL': 0.0, 'XRP': 0.0, 'ADA': 0.0, 'DOGE': 0.0, 'LINK': 0.0, 'AVAX': 0.0, 'LTC': 0.0, 'BCH': 0.0, 'CASH': 0.19999999999999996}",0.19999999999999996
1679097600000,2023-03-18,102707.00916093112,"{'BTC': 0.4, 'ETH': 0.4, 'SOL': 0.0, 'XRP': 0.0, 'ADA': 0.0, 'DOGE': 0.0, 'LINK': 0.0, 'AVAX': 0.0, 'LTC': 0.0, 'BCH': 0.0, 'CASH': 0.19999999999999996}",0.19999999999999996
1679184000000,2023-03-19,104871.78454476,"{'BTC': 0.4, 'ETH': 0.4, 'SOL': 0.0, 'XRP': 0.0, 'ADA': 0.0, 'DOGE': 0.0, 'LINK': 0.0, 'AVAX': 0.0, 'LTC': 0.0, 'BCH': 0.0, 'CASH': 0.19999999999999996}",0.19999999999999996
1679270400000,2023-03-20,103422.97343766382,"{'BTC': 0.4, 'ETH': 0.4, 'SOL': 0.0, 'XRP': 0.0, 'ADA': 0.0, 'DOGE': 0.0, 'LINK': 0.0, 'AVAX': 0.0, 'LTC': 0.0, 'BCH': 0.0, 'CASH': 0.19999999999999996}",0.19999999999999996
1679356800000,2023-03-21,105606.68709178644,"{'BTC': 0.4, 'ETH': 0.4, 'SOL': 0.0, 'XRP': 0.0, 'ADA': 0.0, 'DOGE': 0.0, 'LINK': 0.0, 'AVAX': 0.0, 'LTC': 0.0, 'BCH': 0.0, 'CASH': 0.19999999999999996}",0.19999999999999996
1679443200000,2023-03-22,102694.9349897877,"{'BTC': 0.4, 'ETH': 0.4, 'SOL': 0.0, 'XRP': 0.0, 'ADA': 0.0, 'DOGE': 0.0, 'LINK': 0.0, 'AVAX': 0.0, 'LTC': 0.0, 'BCH': 0.0, 'CASH': 0.19999999999999996}",0.19999999999999996
1679529600000,2023-03-23,106089.63112394486,"{'BTC': 0.4, 'ETH': 0.4, 'SOL': 0.0, 'XRP': 0.0, 'ADA': 0.0, 'DOGE': 0.0, 'LINK': 0.0, 'AVAX': 0.0, 'LTC': 0.0, 'BCH': 0.0, 'CASH': 0.19999999999999996}",0.19999999999999996
1679616000000,2023-03-24,103266.1967040196,"{'BTC': 0.4, 'ETH': 0.4, 'SOL': 0.0, 'XRP': 0.0, 'ADA': 0.0, 'DOGE': 0.0, 'LINK': 0.0, 'AVAX': 0.0, 'LTC': 0.0, 'BCH': 0.0, 'CASH': 0.19999999999999996}",0.19999999999999996
1679702400000,2023-03-25,103072.917208741,"{'BTC': 0.4, 'ETH': 0.4, 'SOL': 0.0, 'XRP': 0.0, 'ADA': 0.0, 'DOGE': 0.0, 'LINK': 0.0, 'AVAX': 0.0, 'LTC': 0.0, 'BCH': 0.0, 'CASH': 0.19999999999999996}",0.19999999999999996
1679788800000,2023-03-26,104587.9440679559,"{'BTC': 0.4, 'ETH': 0.4, 'SOL': 0.0, 'XRP': 0.0, 'ADA': 0.0, 'DOGE': 0.0, 'LINK': 0.0, 'AVAX': 0.0, 'LTC': 0.0, 'BCH': 0.0, 'CASH': 0.19999999999999996}",0.19999999999999996
1679875200000,2023-03-27,101851.24409011788,"{'BTC': 0.3543484308594347, 'ETH': 0.38772978722555307, 'SOL': 0.0, 'XRP': 0.0, 'ADA': 0.0, 'DOGE': 0.0, 'LINK': 0.0, 'AVAX': 0.0, 'LTC': 0.25792178191501225, 'BCH': 0.0, 'CASH': 0.0}",0.0
1679961600000,2023-03-28,103314.25206673468,"{'BTC': 0.3543484308594347, 'ETH': 0.38772978722555307, 'SOL': 0.0, 'XRP': 0.0, 'ADA': 0.0, 'DOGE': 0.0, 'LINK': 0.0, 'AVAX': 0.0, 'LTC': 0.25792178191501225, 'BCH': 0.0, 'CASH': 0.0}",0.0
1680048000000,2023-03-29,105855.78051732495,"{'BTC': 0.3543484308594347, 'ETH': 0.38772978722555307, 'SOL': 0.0, 'XRP': 0.0, 'ADA': 0.0, 'DOGE': 0.0, 'LINK': 0.0, 'AVAX': 0.0, 'LTC': 0.25792178191501225, 'BCH': 0.0, 'CASH': 0.0}",0.0
1680134400000,2023-03-30,104772.53085136277,"{'BTC': 0.3543484308594347, 'ETH': 0.38772978722555307, 'SOL': 0.0, 'XRP': 0.0, 'ADA': 0.0, 'DOGE': 0.0, 'LINK': 0.0, 'AVAX': 0.0, 'LTC': 0.25792178191501225, 'BCH': 0.0, 'CASH': 0.0}",0.0
1680220800000,2023-03-31,106144.0030751839,"{'BTC': 0.3543484308594347, 'ETH': 0.38772978722555307, 'SOL': 0.0, 'XRP': 0.0, 'ADA': 0.0, 'DOGE': 0.0, 'LINK': 0.0, 'AVAX': 0.0, 'LTC': 0.25792178191501225, 'BCH': 0.0, 'CASH': 0.0}",0.0
1680307200000,2023-04-01,107053.58875716329,"{'BTC': 0.3543484308594347, 'ETH': 0.38772978722555307, 'SOL': 0.0, 'XRP': 0.0, 'ADA': 0.0, 'DOGE': 0.0, 'LINK': 0.0, 'AVAX': 0.0, 'LTC': 0.25792178191501225, 'BCH': 0.0, 'CASH': 0.0}",0.0
1680393600000,2023-04-02,106144.34304853866,"{'BTC': 0.3543484308594347, 'ETH': 0.38772978722555307, 'SOL': 0.0, 'XRP': 0.0, 'ADA': 0.0, 'DOGE': 0.0, 'LINK': 0.0, 'AVAX': 0.0, 'LTC': 0.25792178191501225, 'BCH': 0.0, 'CASH': 0.0}",0.0
1680480000000,2023-04-03,105975.52097420015,"{'BTC': 0.4, 'ETH': 0.4, 'SOL': 0.0, 'XRP': 0.0, 'ADA': 0.0, 'DOGE': 0.0, 'LINK': 0.0, 'AVAX': 0.0, 'LTC': 0.0, 'BCH': 0.0, 'CASH': 0.19999999999999996}",0.19999999999999996
1680566400000,2023-04-04,107951.0078902241,"{'BTC': 0.4, 'ETH': 0.4, 'SOL': 0.0, 'XRP': 0.0, 'ADA': 0.0, 'DOGE': 0.0, 'LINK': 0.0, 'AVAX': 0.0, 'LTC': 0.0, 'BCH': 0.0, 'CASH': 0.19999999999999996}",0.19999999999999996
1680652800000,2023-04-05,108810.67570602543,"{'BTC': 0.4, 'ETH': 0.4, 'SOL': 0.0, 'XRP': 0.0, 'ADA': 0.0, 'DOGE': 0.0, 'LINK': 0.0, 'AVAX': 0.0, 'LTC': 0.0, 'BCH': 0.0, 'CASH': 0.19999999999999996}",0.19999999999999996
1680739200000,2023-04-06,107810.42045438063,"{'BTC': 0.4, 'ETH': 0.4, 'SOL': 0.0, 'XRP': 0.0, 'ADA': 0.0, 'DOGE': 0.0, 'LINK': 0.0, 'AVAX': 0.0, 'LTC': 0.0, 'BCH': 0.0, 'CASH': 0.19999999999999996}",0.19999999999999996
1680825600000,2023-04-07,107433.23826565465,"{'BTC': 0.4, 'ETH': 0.4, 'SOL': 0.0, 'XRP': 0.0, 'ADA': 0.0, 'DOGE': 0.0, 'LINK': 0.0, 'AVAX': 0.0, 'LTC': 0.0, 'BCH': 0.0, 'CASH': 0.19999999999999996}",0.19999999999999996
1680912000000,2023-04-08,107129.87342091274,"{'BTC': 0.4, 'ETH': 0.4, 'SOL': 0.0, 'XRP': 0.0, 'ADA': 0.0, 'DOGE': 0.0, 'LINK': 0.0, 'AVAX': 0.0, 'LTC': 0.0, 'BCH': 0.0, 'CASH': 0.19999999999999996}",0.19999999999999996
1680998400000,2023-04-09,107942.16252071525,"{'BTC': 0.4, 'ETH': 0.4, 'SOL': 0.0, 'XRP': 0.0, 'ADA': 0.0, 'DOGE': 0.0, 'LINK': 0.0, 'AVAX': 0.0, 'LTC': 0.0, 'BCH': 0.0, 'CASH': 0.19999999999999996}",0.19999999999999996
1681084800000,2023-04-10,111145.30703234085,"{'BTC': 0.4, 'ETH': 0.4, 'SOL': 0.0, 'XRP': 0.0, 'ADA': 0.0, 'DOGE': 0.0, 'LINK': 0.0, 'AVAX': 0.0, 'LTC': 0.0, 'BCH': 0.0, 'CASH': 0.19999999999999996}",0.19999999999999996
1681171200000,2023-04-11,111543.34995611626,"{'BTC': 0.4, 'ETH': 0.4, 'SOL': 0.0, 'XRP': 0.0, 'ADA': 0.0, 'DOGE': 0.0, 'LINK': 0.0, 'AVAX': 0.0, 'LTC': 0.0, 'BCH': 0.0, 'CASH': 0.19999999999999996}",0.19999999999999996
1681257600000,2023-04-12,111717.30376542517,"{'BTC': 0.4, 'ETH': 0.4, 'SOL': 0.0, 'XRP': 0.0, 'ADA': 0.0, 'DOGE': 0.0, 'LINK': 0.0, 'AVAX': 0.0, 'LTC': 0.0, 'BCH': 0.0, 'CASH': 0.19999999999999996}",0.19999999999999996
1681344000000,2023-04-13,114670.13251250958,"{'BTC': 0.4, 'ETH': 0.4, 'SOL': 0.0, 'XRP': 0.0, 'ADA': 0.0, 'DOGE': 0.0, 'LINK': 0.0, 'AVAX': 0.0, 'LTC': 0.0, 'BCH': 0.0, 'CASH': 0.19999999999999996}",0.19999999999999996
1681430400000,2023-04-14,116801.29742520687,"{'BTC': 0.4, 'ETH': 0.4, 'SOL': 0.0, 'XRP': 0.0, 'ADA': 0.0, 'DOGE': 0.0, 'LINK': 0.0, 'AVAX': 0.0, 'LTC': 0.0, 'BCH': 0.0, 'CASH': 0.19999999999999996}",0.19999999999999996
1681516800000,2023-04-15,116333.70493072779,"{'BTC': 0.4, 'ETH': 0.4, 'SOL': 0.0, 'XRP': 0.0, 'ADA': 0.0, 'DOGE': 0.0, 'LINK': 0.0, 'AVAX': 0.0, 'LTC': 0.0, 'BCH': 0.0, 'CASH': 0.19999999999999996}",0.19999999999999996
1681603200000,2023-04-16,116950.97771570642,"{'BTC': 0.4, 'ETH': 0.4, 'SOL': 0.0, 'XRP': 0.0, 'ADA': 0.0, 'DOGE': 0.0, 'LINK': 0.0, 'AVAX': 0.0, 'LTC': 0.0, 'BCH': 0.0, 'CASH': 0.19999999999999996}",0.19999999999999996
1681689600000,2023-04-17,114560.12217654803,"{'BTC': 0.4, 'ETH': 0.3745455324613074, 'SOL': 0.22545446753869253, 'XRP': 0.0, 'ADA': 0.0, 'DOGE': 0.0, 'LINK': 0.0, 'AVAX': 0.0, 'LTC': 0.0, 'BCH': 0.0, 'CASH': 0.0}",0.0
1681776000000,2023-04-18,116868.75677532179,"{'BTC': 0.4, 'ETH': 0.3745455324613074, 'SOL': 0.22545446753869253, 'XRP': 0.0, 'ADA': 0.0, 'DOGE': 0.0, 'LINK': 0.0, 'AVAX': 0.0, 'LTC': 0.0, 'BCH': 0.0, 'CASH': 0.0}",0.0
1681862400000,2023-04-19,108619.64836279296,"{'BTC': 0.4, 'ETH': 0.3745455324613074, 'SOL': 0.22545446753869253, 'XRP': 0.0, 'ADA': 0.0, 'DOGE': 0.0, 'LINK': 0.0, 'AVAX': 0.0, 'LTC': 0.0, 'BCH': 0.0, 'CASH': 0.0}",0.0
1681948800000,2023-04-20,107430.29583874217,"{'BTC': 0.4, 'ETH': 0.3745455324613074, 'SOL': 0.22545446753869253, 'XRP': 0.0, 'ADA': 0.0, 'DOGE': 0.0, 'LINK': 0.0, 'AVAX': 0.0, 'LTC': 0.0, 'BCH': 0.0, 'CASH': 0.0}",0.0
1682035200000,2023-04-21,102914.02688753098,"{'BTC': 0.4, 'ETH': 0.3745455324613074, 'SOL': 0.22545446753869253, 'XRP': 0.0, 'ADA': 0.0, 'DOGE': 0.0, 'LINK': 0.0, 'AVAX': 0.0, 'LTC': 0.0, 'BCH': 0.0, 'CASH': 0.0}",0.0
1682121600000,2023-04-22,104920.77278621808,"{'BTC': 0.4, 'ETH': 0.3745455324613074, 'SOL': 0.22545446753869253, 'XRP': 0.0, 'ADA': 0.0, 'DOGE': 0.0, 'LINK': 0.0, 'AVAX': 0.0, 'LTC': 0.0, 'BCH': 0.0, 'CASH': 0.0}",0.0
1682208000000,2023-04-23,103954.37650001017,"{'BTC': 0.4, 'ETH': 0.3745455324613074, 'SOL': 0.22545446753869253, 'XRP': 0.0, 'ADA': 0.0, 'DOGE': 0.0, 'LINK': 0.0, 'AVAX': 0.0, 'LTC': 0.0, 'BCH': 0.0, 'CASH': 0.0}",0.0
1682294400000,2023-04-24,103273.93745195327,"{'BTC': 0.4, 'ETH': 0.4, 'SOL': 0.0, 'XRP': 0.0, 'ADA': 0.0, 'DOGE': 0.0, 'LINK': 0.0, 'AVAX': 0.0, 'LTC': 0.0, 'BCH': 0.0, 'CASH': 0.19999999999999996}",0.19999999999999996
1682380800000,2023-04-25,104998.58523145756,"{'BTC': 0.4, 'ETH': 0.4, 'SOL': 0.0, 'XRP': 0.0, 'ADA': 0.0, 'DOGE': 0.0, 'LINK': 0.0, 'AVAX': 0.0, 'LTC': 0.0, 'BCH': 0.0, 'CASH': 0.19999999999999996}",0.19999999999999996
1682467200000,2023-04-26,105190.36256133467,"{'BTC': 0.4, 'ETH': 0.4, 'SOL': 0.0, 'XRP': 0.0, 'ADA': 0.0, 'DOGE': 0.0, 'LINK': 0.0, 'AVAX': 0.0, 'LTC': 0.0, 'BCH': 0.0, 'CASH': 0.19999999999999996}",0.19999999999999996
1682553600000,2023-04-27,107706.8398814929,"{'BTC': 0.4, 'ETH': 0.4, 'SOL': 0.0, 'XRP': 0.0, 'ADA': 0.0, 'DOGE': 0.0, 'LINK': 0.0, 'AVAX': 0.0, 'LTC': 0.0, 'BCH': 0.0, 'CASH': 0.19999999999999996}",0.19999999999999996
1682640000000,2023-04-28,107125.14587094422,"{'BTC': 0.4, 'ETH': 0.4, 'SOL': 0.0, 'XRP': 0.0, 'ADA': 0.0, 'DOGE': 0.0, 'LINK': 0.0, 'AVAX': 0.0, 'LTC': 0.0, 'BCH': 0.0, 'CASH': 0.19999999999999996}",0.19999999999999996
1682726400000,2023-04-29,107366.52383916991,"{'BTC': 0.4, 'ETH': 0.4, 'SOL': 0.0, 'XRP': 0.0, 'ADA': 0.0, 'DOGE': 0.0, 'LINK': 0.0, 'AVAX': 0.0, 'LTC': 0.0, 'BCH': 0.0, 'CASH': 0.19999999999999996}",0.19999999999999996
1682812800000,2023-04-30,106503.8787757804,"{'BTC': 0.4, 'ETH': 0.4, 'SOL': 0.0, 'XRP': 0.0, 'ADA': 0.0, 'DOGE': 0.0, 'LINK': 0.0, 'AVAX': 0.0, 'LTC': 0.0, 'BCH': 0.0, 'CASH': 0.19999999999999996}",0.19999999999999996
1682899200000,2023-05-01,103903.74851711742,"{'BTC': 0.4, 'ETH': 0.4, 'SOL': 0.0, 'XRP': 0.0, 'ADA': 0.0, 'DOGE': 0.0, 'LINK': 0.0, 'AVAX': 0.0, 'LTC': 0.0, 'BCH': 0.0, 'CASH': 0.19999999999999996}",0.19999999999999996
1682985600000,2023-05-02,105706.79990910632,"{'BTC': 0.4, 'ETH': 0.4, 'SOL': 0.0, 'XRP': 0.0, 'ADA': 0.0, 'DOGE': 0.0, 'LINK': 0.0, 'AVAX': 0.0, 'LTC': 0.0, 'BCH': 0.0, 'CASH': 0.19999999999999996}",0.19999999999999996
1683072000000,2023-05-03,107011.62992288946,"{'BTC': 0.4, 'ETH': 0.4, 'SOL': 0.0, 'XRP': 0.0, 'ADA': 0.0, 'DOGE': 0.0, 'LINK': 0.0, 'AVAX': 0.0, 'LTC': 0.0, 'BCH': 0.0, 'CASH': 0.19999999999999996}",0.19999999999999996
1683158400000,2023-05-04,106117.89900387674,"{'BTC': 0.4, 'ETH': 0.4, 'SOL': 0.0, 'XRP': 0.0, 'ADA': 0.0, 'DOGE': 0.0, 'LINK': 0.0, 'AVAX': 0.0, 'LTC': 0.0, 'BCH': 0.0, 'CASH': 0.19999999999999996}",0.19999999999999996
1683244800000,2023-05-05,109778.85381574303,"{'BTC': 0.4, 'ETH': 0.4, 'SOL': 0.0, 'XRP': 0.0, 'ADA': 0.0, 'DOGE': 0.0, 'LINK': 0.0, 'AVAX': 0.0, 'LTC': 0.0, 'BCH': 0.0, 'CASH': 0.19999999999999996}",0.19999999999999996
1683331200000,2023-05-06,106731.8425969993,"{'BTC': 0.4, 'ETH': 0.4, 'SOL': 0.0, 'XRP': 0.0, 'ADA': 0.0, 'DOGE': 0.0, 'LINK': 0.0, 'AVAX': 0.0, 'LTC': 0.0, 'BCH': 0.0, 'CASH': 0.19999999999999996}",0.19999999999999996
1683417600000,2023-05-07,105496.16493817887,"{'BTC': 0.4, 'ETH': 0.4, 'SOL': 0.0, 'XRP': 0.0, 'ADA': 0.0, 'DOGE': 0.0, 'LINK': 0.0, 'AVAX': 0.0, 'LTC': 0.0, 'BCH': 0.0, 'CASH': 0.19999999999999996}",0.19999999999999996
1683504000000,2023-05-08,103721.86103146075,"{'BTC': 0.4, 'ETH': 0.3224876988312177, 'SOL': 0.2775123011687823, 'XRP': 0.0, 'ADA': 0.0, 'DOGE': 0.0, 'LINK': 0.0, 'AVAX': 0.0, 'LTC': 0.0, 'BCH': 0.0, 'CASH': 0.0}",0.0
1683590400000,2023-05-09,103652.65761810918,"{'BTC': 0.4, 'ETH': 0.3224876988312177, 'SOL': 0.2775123011687823, 'XRP': 0.0, 'ADA': 0.0, 'DOGE': 0.0, 'LINK': 0.0, 'AVAX': 0.0, 'LTC': 0.0, 'BCH': 0.0, 'CASH': 0.0}",0.0
1683676800000,2023-05-10,103884.77761817613,"{'BTC': 0.4, 'ETH': 0.3224876988312177, 'SOL': 0.2775123011687823, 'XRP': 0.0, 'ADA': 0.0, 'DOGE': 0.0, 'LINK': 0.0, 'AVAX': 0.0, 'LTC': 0.0, 'BCH': 0.0, 'CASH': 0.0}",0.0
1683763200000,2023-05-11,101034.53255433938,"{'BTC': 0.4, 'ETH': 0.3224876988312177, 'SOL': 0.2775123011687823, 'XRP': 0.0, 'ADA': 0.0, 'DOGE': 0.0, 'LINK': 0.0, 'AVAX': 0.0, 'LTC': 0.0, 'BCH': 0.0, 'CASH': 0.0}",0.0
1683849600000,2023-05-12,102033.98034615646,"{'BTC': 0.4, 'ETH': 0.3224876988312177, 'SOL': 0.2775123011687823, 'XRP': 0.0, 'ADA': 0.0, 'DOGE': 0.0, 'LINK': 0.0, 'AVAX': 0.0, 'LTC': 0.0, 'BCH': 0.0, 'CASH': 0.0}",0.0
1683936000000,2023-05-13,101671.3744406683,"{'BTC': 0.4, 'ETH': 0.3224876988312177, 'SOL': 0.2775123011687823, 'XRP': 0.0, 'ADA': 0.0, 'DOGE': 0.0, 'LINK': 0.0, 'AVAX': 0.0, 'LTC': 0.0, 'BCH': 0.0, 'CASH': 0.0}",0.0
1684022400000,2023-05-14,102080.2107997153,"{'BTC': 0.4, 'ETH': 0.3224876988312177, 'SOL': 0.2775123011687823, 'XRP': 0.0, 'ADA': 0.0, 'DOGE': 0.0, 'LINK': 0.0, 'AVAX': 0.0, 'LTC': 0.0, 'BCH': 0.0, 'CASH': 0.0}",0.0
1684108800000,2023-05-15,102733.9948008748,"{'BTC': 0.4, 'ETH': 0.4, 'SOL': 0.0, 'XRP': 0.0, 'ADA': 0.0, 'DOGE': 0.0, 'LINK': 0.0, 'AVAX': 0.0, 'LTC': 0.0, 'BCH': 0.0, 'CASH': 0.19999999999999996}",0.19999999999999996
1684195200000,2023-05-16,102709.72264395254,"{'BTC': 0.4, 'ETH': 0.4, 'SOL': 0.0, 'XRP': 0.0, 'ADA': 0.0, 'DOGE': 0.0, 'LINK': 0.0, 'AVAX': 0.0, 'LTC': 0.0, 'BCH': 0.0, 'CASH': 0.19999999999999996}",0.19999999999999996
1684281600000,2023-05-17,103223.66648982119,"{'BTC': 0.4, 'ETH': 0.4, 'SOL': 0.0, 'XRP': 0.0, 'ADA': 0.0, 'DOGE': 0.0, 'LINK': 0.0, 'AVAX': 0.0, 'LTC': 0.0, 'BCH': 0.0, 'CASH': 0.19999999999999996}",0.19999999999999996
1684368000000,2023-05-18,101843.23355873773,"{'BTC': 0.4, 'ETH': 0.4, 'SOL': 0.0, 'XRP': 0.0, 'ADA': 0.0, 'DOGE': 0.0, 'LINK': 0.0, 'AVAX': 0.0, 'LTC': 0.0, 'BCH': 0.0, 'CASH': 0.19999999999999996}",0.19999999999999996
1684454400000,2023-05-19,102225.91500177975,"{'BTC': 0.4, 'ETH': 0.4, 'SOL': 0.0, 'XRP': 0.0, 'ADA': 0.0, 'DOGE': 0.0, 'LINK': 0.0, 'AVAX': 0.0, 'LTC': 0.0, 'BCH': 0.0, 'CASH': 0.19999999999999996}",0.19999999999999996
1684540800000,2023-05-20,102726.13280113382,"{'BTC': 0.4, 'ETH': 0.4, 'SOL': 0.0, 'XRP': 0.0, 'ADA': 0.0, 'DOGE': 0.0, 'LINK': 0.0, 'AVAX': 0.0, 'LTC': 0.0, 'BCH': 0.0, 'CASH': 0.19999999999999996}",0.19999999999999996
1684627200000,2023-05-21,101847.66071769319,"{'BTC': 0.4, 'ETH': 0.4, 'SOL': 0.0, 'XRP': 0.0, 'ADA': 0.0, 'DOGE': 0.0, 'LINK': 0.0, 'AVAX': 0.0, 'LTC': 0.0, 'BCH': 0.0, 'CASH': 0.19999999999999996}",0.19999999999999996
1684713600000,2023-05-22,102203.26189847248,"{'BTC': 0.0, 'ETH': 0.4, 'SOL': 0.0, 'XRP': 0.0, 'ADA': 0.0, 'DOGE': 0.0, 'LINK': 0.0, 'AVAX': 0.0, 'LTC': 0.0, 'BCH': 0.0, 'CASH': 0.6}",0.6
1684800000000,2023-05-23,103027.5180265816,"{'BTC': 0.0, 'ETH': 0.4, 'SOL': 0.0, 'XRP': 0.0, 'ADA': 0.0, 'DOGE': 0.0, 'LINK': 0.0, 'AVAX': 0.0, 'LTC': 0.0, 'BCH': 0.0, 'CASH': 0.6}",0.6
1684886400000,2023-05-24,101812.79547108784,"{'BTC': 0.0, 'ETH': 0.4, 'SOL': 0.0, 'XRP': 0.0, 'ADA': 0.0, 'DOGE': 0.0, 'LINK': 0.0, 'AVAX': 0.0, 'LTC': 0.0, 'BCH': 0.0, 'CASH': 0.6}",0.6
1684972800000,2023-05-25,101950.37497856704,"{'BTC': 0.0, 'ETH': 0.4, 'SOL': 0.0, 'XRP': 0.0, 'ADA': 0.0, 'DOGE': 0.0, 'LINK': 0.0, 'AVAX': 0.0, 'LTC': 0.0, 'BCH': 0.0, 'CASH': 0.6}",0.6
1685059200000,2023-05-26,102460.7394036825,"{'BTC': 0.0, 'ETH': 0.4, 'SOL': 0.0, 'XRP': 0.0, 'ADA': 0.0, 'DOGE': 0.0, 'LINK': 0.0, 'AVAX': 0.0, 'LTC': 0.0, 'BCH': 0.0, 'CASH': 0.6}",0.6
1685145600000,2023-05-27,102510.94904939257,"{'BTC': 0.0, 'ETH': 0.4, 'SOL': 0.0, 'XRP': 0.0, 'ADA': 0.0, 'DOGE': 0.0, 'LINK': 0.0, 'AVAX': 0.0, 'LTC': 0.0, 'BCH': 0.0, 'CASH': 0.6}",0.6
1685232000000,2023-05-28,104271.02822833824,"{'BTC': 0.0, 'ETH': 0.4, 'SOL': 0.0, 'XRP': 0.0, 'ADA': 0.0, 'DOGE': 0.0, 'LINK': 0.0, 'AVAX': 0.0, 'LTC': 0.0, 'BCH': 0.0, 'CASH': 0.6}",0.6
1685318400000,2023-05-29,103920.40887454699,"{'BTC': 0.0, 'ETH': 0.4, 'SOL': 0.0, 'XRP': 0.0, 'ADA': 0.0, 'DOGE': 0.0, 'LINK': 0.0, 'AVAX': 0.0, 'LTC': 0.0, 'BCH': 0.0, 'CASH': 0.6}",0.6
1685404800000,2023-05-30,104094.08528151881,"{'BTC': 0.0, 'ETH': 0.4, 'SOL': 0.0, 'XRP': 0.0, 'ADA': 0.0, 'DOGE': 0.0, 'LINK': 0.0, 'AVAX': 0.0, 'LTC': 0.0, 'BCH': 0.0, 'CASH': 0.6}",0.6
1685491200000,2023-05-31,103501.20493507474,"{'BTC': 0.0, 'ETH': 0.4, 'SOL': 0.0, 'XRP': 0.0, 'ADA': 0.0, 'DOGE': 0.0, 'LINK': 0.0, 'AVAX': 0.0, 'LTC': 0.0, 'BCH': 0.0, 'CASH': 0.6}",0.6
1685577600000,2023-06-01,103244.72183134244,"{'BTC': 0.0, 'ETH': 0.4, 'SOL': 0.0, 'XRP': 0.0, 'ADA': 0.0, 'DOGE': 0.0, 'LINK': 0.0, 'AVAX': 0.0, 'LTC': 0.0, 'BCH': 0.0, 'CASH': 0.6}",0.6
1685664000000,2023-06-02,104242.11718858514,"{'BTC': 0.0, 'ETH': 0.4, 'SOL': 0.0, 'XRP': 0.0, 'ADA': 0.0, 'DOGE': 0.0, 'LINK': 0.0, 'AVAX': 0.0, 'LTC': 0.0, 'BCH': 0.0, 'CASH': 0.6}",0.6
1685750400000,2023-06-03,103918.80108701931,"{'BTC': 0.0, 'ETH': 0.4, 'SOL': 0.0, 'XRP': 0.0, 'ADA': 0.0, 'DOGE': 0.0, 'LINK': 0.0, 'AVAX': 0.0, 'LTC': 0.0, 'BCH': 0.0, 'CASH': 0.6}",0.6
1685836800000,2023-06-04,103866.30963398638,"{'BTC': 0.0, 'ETH': 0.4, 'SOL': 0.0, 'XRP': 0.0, 'ADA': 0.0, 'DOGE': 0.0, 'LINK': 0.0, 'AVAX': 0.0, 'LTC': 0.0, 'BCH': 0.0, 'CASH': 0.6}",0.6
1685923200000,2023-06-05,102046.38756816444,"{'BTC': 0.0, 'ETH': 0.0, 'SOL': 0.0, 'XRP': 0.0, 'ADA': 0.0, 'DOGE': 0.0, 'LINK': 0.0, 'AVAX': 0.0, 'LTC': 0.0, 'BCH': 0.0, 'CASH': 1.0}",1.0
1686009600000,2023-06-06,102046.38756816444,"{'BTC': 0.0, 'ETH': 0.0, 'SOL': 0.0, 'XRP': 0.0, 'ADA': 0.0, 'DOGE': 0.0, 'LINK': 0.0, 'AVAX': 0.0, 'LTC': 0.0, 'BCH': 0.0, 'CASH': 1.0}",1.0
1686096000000,2023-06-07,102046.38756816444,"{'BTC': 0.0, 'ETH': 0.0, 'SOL': 0.0, 'XRP': 0.0, 'ADA': 0.0, 'DOGE': 0.0, 'LINK': 0.0, 'AVAX': 0.0, 'LTC': 0.0, 'BCH': 0.0, 'CASH': 1.0}",1.0
1686182400000,2023-06-08,102046.38756816444,"{'BTC': 0.0, 'ETH': 0.0, 'SOL': 0.0, 'XRP': 0.0, 'ADA': 0.0, 'DOGE': 0.0, 'LINK': 0.0, 'AVAX': 0.0, 'LTC': 0.0, 'BCH': 0.0, 'CASH': 1.0}",1.0
1686268800000,2023-06-09,102046.38756816444,"{'BTC': 0.0, 'ETH': 0.0, 'SOL': 0.0, 'XRP': 0.0, 'ADA': 0.0, 'DOGE': 0.0, 'LINK': 0.0, 'AVAX': 0.0, 'LTC': 0.0, 'BCH': 0.0, 'CASH': 1.0}",1.0
1686355200000,2023-06-10,102046.38756816444,"{'BTC': 0.0, 'ETH': 0.0, 'SOL': 0.0, 'XRP': 0.0, 'ADA': 0.0, 'DOGE': 0.0, 'LINK': 0.0, 'AVAX': 0.0, 'LTC': 0.0, 'BCH': 0.0, 'CASH': 1.0}",1.0
1686441600000,2023-06-11,102046.38756816444,"{'BTC': 0.0, 'ETH': 0.0, 'SOL': 0.0, 'XRP': 0.0, 'ADA': 0.0, 'DOGE': 0.0, 'LINK': 0.0, 'AVAX': 0.0, 'LTC': 0.0, 'BCH': 0.0, 'CASH': 1.0}",1.0
1686528000000,2023-06-12,102046.38756816444,"{'BTC': 0.0, 'ETH': 0.0, 'SOL': 0.0, 'XRP': 0.0, 'ADA': 0.0, 'DOGE': 0.0, 'LINK': 0.0, 'AVAX': 0.0, 'LTC': 0.0, 'BCH': 0.0, 'CASH': 1.0}",1.0
1686614400000,2023-06-13,102046.38756816444,"{'BTC': 0.0, 'ETH': 0.0, 'SOL': 0.0, 'XRP': 0.0, 'ADA': 0.0, 'DOGE': 0.0, 'LINK': 0.0, 'AVAX': 0.0, 'LTC': 0.0, 'BCH': 0.0, 'CASH': 1.0}",1.0
1686700800000,2023-06-14,102046.38756816444,"{'BTC': 0.0, 'ETH': 0.0, 'SOL': 0.0, 'XRP': 0.0, 'ADA': 0.0, 'DOGE': 0.0, 'LINK': 0.0, 'AVAX': 0.0, 'LTC': 0.0, 'BCH': 0.0, 'CASH': 1.0}",1.0
1686787200000,2023-06-15,102046.38756816444,"{'BTC': 0.0, 'ETH': 0.0, 'SOL': 0.0, 'XRP': 0.0, 'ADA': 0.0, 'DOGE': 0.0, 'LINK': 0.0, 'AVAX': 0.0, 'LTC': 0.0, 'BCH': 0.0, 'CASH': 1.0}",1.0
1686873600000,2023-06-16,102046.38756816444,"{'BTC': 0.0, 'ETH': 0.0, 'SOL': 0.0, 'XRP': 0.0, 'ADA': 0.0, 'DOGE': 0.0, 'LINK': 0.0, 'AVAX': 0.0, 'LTC': 0.0, 'BCH': 0.0, 'CASH': 1.0}",1.0
1686960000000,2023-06-17,102046.38756816444,"{'BTC': 0.0, 'ETH': 0.0, 'SOL': 0.0, 'XRP': 0.0, 'ADA': 0.0, 'DOGE': 0.0, 'LINK': 0.0, 'AVAX': 0.0, 'LTC': 0.0, 'BCH': 0.0, 'CASH': 1.0}",1.0
1687046400000,2023-06-18,102046.38756816444,"{'BTC': 0.0, 'ETH': 0.0, 'SOL': 0.0, 'XRP': 0.0, 'ADA': 0.0, 'DOGE': 0.0, 'LINK': 0.0, 'AVAX': 0.0, 'LTC': 0.0, 'BCH': 0.0, 'CASH': 1.0}",1.0
1687132800000,2023-06-19,102046.38756816444,"{'BTC': 0.0, 'ETH': 0.0, 'SOL': 0.0, 'XRP': 0.0, 'ADA': 0.0, 'DOGE': 0.0, 'LINK': 0.0, 'AVAX': 0.0, 'LTC': 0.0, 'BCH': 0.0, 'CASH': 1.0}",1.0
1687219200000,2023-06-20,102046.38756816444,"{'BTC': 0.0, 'ETH': 0.0, 'SOL': 0.0, 'XRP': 0.0, 'ADA': 0.0, 'DOGE': 0.0, 'LINK': 0.0, 'AVAX': 0.0, 'LTC': 0.0, 'BCH': 0.0, 'CASH': 1.0}",1.0
1687305600000,2023-06-21,102046.38756816444,"{'BTC': 0.0, 'ETH': 0.0, 'SOL': 0.0, 'XRP': 0.0, 'ADA': 0.0, 'DOGE': 0.0, 'LINK': 0.0, 'AVAX': 0.0, 'LTC': 0.0, 'BCH': 0.0, 'CASH': 1.0}",1.0
1687392000000,2023-06-22,102046.38756816444,"{'BTC': 0.0, 'ETH': 0.0, 'SOL': 0.0, 'XRP': 0.0, 'ADA': 0.0, 'DOGE': 0.0, 'LINK': 0.0, 'AVAX': 0.0, 'LTC': 0.0, 'BCH': 0.0, 'CASH': 1.0}",1.0
1687478400000,2023-06-23,102046.38756816444,"{'BTC': 0.0, 'ETH': 0.0, 'SOL': 0.0, 'XRP': 0.0, 'ADA': 0.0, 'DOGE': 0.0, 'LINK': 0.0, 'AVAX': 0.0, 'LTC': 0.0, 'BCH': 0.0, 'CASH': 1.0}",1.0
1687564800000,2023-06-24,102046.38756816444,"{'BTC': 0.0, 'ETH': 0.0, 'SOL': 0.0, 'XRP': 0.0, 'ADA': 0.0, 'DOGE': 0.0, 'LINK': 0.0, 'AVAX': 0.0, 'LTC': 0.0, 'BCH': 0.0, 'CASH': 1.0}",1.0
1687651200000,2023-06-25,102046.38756816444,"{'BTC': 0.0, 'ETH': 0.0, 'SOL': 0.0, 'XRP': 0.0, 'ADA': 0.0, 'DOGE': 0.0, 'LINK': 0.0, 'AVAX': 0.0, 'LTC': 0.0, 'BCH': 0.0, 'CASH': 1.0}",1.0
1687737600000,2023-06-26,101964.7504581099,"{'BTC': 0.4, 'ETH': 0.0, 'SOL': 0.0, 'XRP': 0.0, 'ADA': 0.0, 'DOGE': 0.0, 'LINK': 0.0, 'AVAX': 0.0, 'LTC': 0.0, 'BCH': 0.0, 'CASH': 0.6}",0.6
1687824000000,2023-06-27,102537.6251158952,"{'BTC': 0.4, 'ETH': 0.0, 'SOL': 0.0, 'XRP': 0.0, 'ADA': 0.0, 'DOGE': 0.0, 'LINK': 0.0, 'AVAX': 0.0, 'LTC': 0.0, 'BCH': 0.0, 'CASH': 0.6}",0.6
1687910400000,2023-06-28,101705.97734169249,"{'BTC': 0.4, 'ETH': 0.0, 'SOL': 0.0, 'XRP': 0.0, 'ADA': 0.0, 'DOGE': 0.0, 'LINK': 0.0, 'AVAX': 0.0, 'LTC': 0.0, 'BCH': 0.0, 'CASH': 0.6}",0.6
1687996800000,2023-06-29,102208.54621480424,"{'BTC': 0.4, 'ETH': 0.0, 'SOL': 0.0, 'XRP': 0.0, 'ADA': 0.0, 'DOGE': 0.0, 'LINK': 0.0, 'AVAX': 0.0, 'LTC': 0.0, 'BCH': 0.0, 'CASH': 0.6}",0.6
1688083200000,2023-06-30,102235.73784734291,"{'BTC': 0.4, 'ETH': 0.0, 'SOL': 0.0, 'XRP': 0.0, 'ADA': 0.0, 'DOGE': 0.0, 'LINK': 0.0, 'AVAX': 0.0, 'LTC': 0.0, 'BCH': 0.0, 'CASH': 0.6}",0.6
1688169600000,2023-07-01,102397.46689534318,"{'BTC': 0.4, 'ETH': 0.0, 'SOL': 0.0, 'XRP': 0.0, 'ADA': 0.0, 'DOGE': 0.0, 'LINK': 0.0, 'AVAX': 0.0, 'LTC': 0.0, 'BCH': 0.0, 'CASH': 0.6}",0.6
1688256000000,2023-07-02,102432.68492770831,"{'BTC': 0.4, 'ETH': 0.0, 'SOL': 0.0, 'XRP': 0.0, 'ADA': 0.0, 'DOGE': 0.0, 'LINK': 0.0, 'AVAX': 0.0, 'LTC': 0.0, 'BCH': 0.0, 'CASH': 0.6}",0.6
1688342400000,2023-07-03,103043.59618546253,"{'BTC': 0.4, 'ETH': 0.4, 'SOL': 0.0, 'XRP': 0.0, 'ADA': 0.0, 'DOGE': 0.0, 'LINK': 0.0, 'AVAX': 0.0, 'LTC': 0.0, 'BCH': 0.19999999999999996, 'CASH': 0.0}",0.0
1688428800000,2023-07-04,100740.10414434975,"{'BTC': 0.4, 'ETH': 0.4, 'SOL': 0.0, 'XRP': 0.0, 'ADA': 0.0, 'DOGE': 0.0, 'LINK': 0.0, 'AVAX': 0.0, 'LTC': 0.0, 'BCH': 0.19999999999999996, 'CASH': 0.0}",0.0
1688515200000,2023-07-05,99817.09178153996,"{'BTC': 0.4, 'ETH': 0.4, 'SOL': 0.0, 'XRP': 0.0, 'ADA': 0.0, 'DOGE': 0.0, 'LINK': 0.0, 'AVAX': 0.0, 'LTC': 0.0, 'BCH': 0.19999999999999996, 'CASH': 0.0}",0.0
1688601600000,2023-07-06,97890.83251949467,"{'BTC': 0.4, 'ETH': 0.4, 'SOL': 0.0, 'XRP': 0.0, 'ADA': 0.0, 'DOGE': 0.0, 'LINK': 0.0, 'AVAX': 0.0, 'LTC': 0.0, 'BCH': 0.19999999999999996, 'CASH': 0.0}",0.0
1688688000000,2023-07-07,99273.16205277621,"{'BTC': 0.4, 'ETH': 0.4, 'SOL': 0.0, 'XRP': 0.0, 'ADA': 0.0, 'DOGE': 0.0, 'LINK': 0.0, 'AVAX': 0.0, 'LTC': 0.0, 'BCH': 0.19999999999999996, 'CASH': 0.0}",0.0
1688774400000,2023-07-08,98611.11660363141,"{'BTC': 0.4, 'ETH': 0.4, 'SOL': 0.0, 'XRP': 0.0, 'ADA': 0.0, 'DOGE': 0.0, 'LINK': 0.0, 'AVAX': 0.0, 'LTC': 0.0, 'BCH': 0.19999999999999996, 'CASH': 0.0}",0.0
1688860800000,2023-07-09,97937.55408397652,"{'BTC': 0.4, 'ETH': 0.4, 'SOL': 0.0, 'XRP': 0.0, 'ADA': 0.0, 'DOGE': 0.0, 'LINK': 0.0, 'AVAX': 0.0, 'LTC': 0.0, 'BCH': 0.19999999999999996, 'CASH': 0.0}",0.0
1688947200000,2023-07-10,99318.07075997154,"{'BTC': 0.4, 'ETH': 0.4, 'SOL': 0.0, 'XRP': 0.0, 'ADA': 0.0, 'DOGE': 0.0, 'LINK': 0.0, 'AVAX': 0.0, 'LTC': 0.0, 'BCH': 0.19999999999999996, 'CASH': 0.0}",0.0
1689033600000,2023-07-11,99486.57865520984,"{'BTC': 0.4, 'ETH': 0.4, 'SOL': 0.0, 'XRP': 0.0, 'ADA': 0.0, 'DOGE': 0.0, 'LINK': 0.0, 'AVAX': 0.0, 'LTC': 0.0, 'BCH': 0.19999999999999996, 'CASH': 0.0}",0.0
1689120000000,2023-07-12,99608.91058387388,"{'BTC': 0.4, 'ETH': 0.4, 'SOL': 0.0, 'XRP': 0.0, 'ADA': 0.0, 'DOGE': 0.0, 'LINK': 0.0, 'AVAX': 0.0, 'LTC': 0.0, 'BCH': 0.19999999999999996, 'CASH': 0.0}",0.0
1689206400000,2023-07-13,103333.93896252096,"{'BTC': 0.4, 'ETH': 0.4, 'SOL': 0.0, 'XRP': 0.0, 'ADA': 0.0, 'DOGE': 0.0, 'LINK': 0.0, 'AVAX': 0.0, 'LTC': 0.0, 'BCH': 0.19999999999999996, 'CASH': 0.0}",0.0
1689292800000,2023-07-14,99723.95932908273,"{'BTC': 0.4, 'ETH': 0.4, 'SOL': 0.0, 'XRP': 0.0, 'ADA': 0.0, 'DOGE': 0.0, 'LINK': 0.0, 'AVAX': 0.0, 'LTC': 0.0, 'BCH': 0.19999999999999996, 'CASH': 0.0}",0.0
1689379200000,2023-07-15,98710.8022772534,"{'BTC': 0.4, 'ETH': 0.4, 'SOL': 0.0, 'XRP': 0.0, 'ADA': 0.0, 'DOGE': 0.0, 'LINK': 0.0, 'AVAX': 0.0, 'LTC': 0.0, 'BCH': 0.19999999999999996, 'CASH': 0.0}",0.0
1689465600000,2023-07-16,98197.59107648801,"{'BTC': 0.4, 'ETH': 0.4, 'SOL': 0.0, 'XRP': 0.0, 'ADA': 0.0, 'DOGE': 0.0, 'LINK': 0.0, 'AVAX': 0.0, 'LTC': 0.0, 'BCH': 0.19999999999999996, 'CASH': 0.0}",0.0
1689552000000,2023-07-17,97039.88382162807,"{'BTC': 0.4, 'ETH': 0.0, 'SOL': 0.3166928069367652, 'XRP': 0.0, 'ADA': 0.0, 'DOGE': 0.0, 'LINK': 0.0, 'AVAX': 0.0, 'LTC': 0.0, 'BCH': 0.28330719306323476, 'CASH': 0.0}",0.0
1689638400000,2023-07-18,95422.10657154916,"{'BTC': 0.4, 'ETH': 0.0, 'SOL': 0.3166928069367652, 'XRP': 0.0, 'ADA': 0.0, 'DOGE': 0.0, 'LINK': 0.0, 'AVAX': 0.0, 'LTC': 0.0, 'BCH': 0.28330719306323476, 'CASH': 0.0}",0.0
1689724800000,2023-07-19,96398.09775692172,"{'BTC': 0.4, 'ETH': 0.0, 'SOL': 0.3166928069367652, 'XRP': 0.0, 'ADA': 0.0, 'DOGE': 0.0, 'LINK': 0.0, 'AVAX': 0.0, 'LTC': 0.0, 'BCH': 0.28330719306323476, 'CASH': 0.0}",0.0
1689811200000,2023-07-20,95207.88277245527,"{'BTC': 0.4, 'ETH': 0.0, 'SOL': 0.3166928069367652, 'XRP': 0.0, 'ADA': 0.0, 'DOGE': 0.0, 'LINK': 0.0, 'AVAX': 0.0, 'LTC': 0.0, 'BCH': 0.28330719306323476, 'CASH': 0.0}",0.0
1689897600000,2023-07-21,95723.3846144285,"{'BTC': 0.4, 'ETH': 0.0, 'SOL': 0.3166928069367652, 'XRP': 0.0, 'ADA': 0.0, 'DOGE': 0.0, 'LINK': 0.0, 'AVAX': 0.0, 'LTC': 0.0, 'BCH': 0.28330719306323476, 'CASH': 0.0}",0.0
1689984000000,2023-07-22,93694.08945496693,"{'BTC': 0.4, 'ETH': 0.0, 'SOL': 0.3166928069367652, 'XRP': 0.0, 'ADA': 0.0, 'DOGE': 0.0, 'LINK': 0.0, 'AVAX': 0.0, 'LTC': 0.0, 'BCH': 0.28330719306323476, 'CASH': 0.0}",0.0
1690070400000,2023-07-23,95430.54987294847,"{'BTC': 0.4, 'ETH': 0.0, 'SOL': 0.3166928069367652, 'XRP': 0.0, 'ADA': 0.0, 'DOGE': 0.0, 'LINK': 0.0, 'AVAX': 0.0, 'LTC': 0.0, 'BCH': 0.28330719306323476, 'CASH': 0.0}",0.0
1690156800000,2023-07-24,91335.81966090306,"{'BTC': 0.4, 'ETH': 0.0, 'SOL': 0.19999999999999996, 'XRP': 0.0, 'ADA': 0.0, 'DOGE': 0.0, 'LINK': 0.0, 'AVAX': 0.0, 'LTC': 0.0, 'BCH': 0.4, 'CASH': 0.0}",0.0
1690243200000,2023-07-25,91103.64953414084,"{'BTC': 0.4, 'ETH': 0.0, 'SOL': 0.19999999999999996, 'XRP': 0.0, 'ADA': 0.0, 'DOGE': 0.0, 'LINK': 0.0, 'AVAX': 0.0, 'LTC': 0.0, 'BCH': 0.4, 'CASH': 0.0}",0.0
1690329600000,2023-07-26,93522.20693544857,"{'BTC': 0.4, 'ETH': 0.0, 'SOL': 0.19999999999999996, 'XRP': 0.0, 'ADA': 0.0, 'DOGE': 0.0, 'LINK': 0.0, 'AVAX': 0.0, 'LTC': 0.0, 'BCH': 0.4, 'CASH': 0.0}",0.0
1690416000000,2023-07-27,93777.96244342858,"{'BTC': 0.4, 'ETH': 0.0, 'SOL': 0.19999999999999996, 'XRP': 0.0, 'ADA': 0.0, 'DOGE': 0.0, 'LINK': 0.0, 'AVAX': 0.0, 'LTC': 0.0, 'BCH': 0.4, 'CASH': 0.0}",0.0
1690502400000,2023-07-28,93036.58486713268,"{'BTC': 0.4, 'ETH': 0.0, 'SOL': 0.19999999999999996, 'XRP': 0.0, 'ADA': 0.0, 'DOGE': 0.0, 'LINK': 0.0, 'AVAX': 0.0, 'LTC': 0.0, 'BCH': 0.4, 'CASH': 0.0}",0.0
1690588800000,2023-07-29,93508.15497562347,"{'BTC': 0.4, 'ETH': 0.0, 'SOL': 0.19999999999999996, 'XRP': 0.0, 'ADA': 0.0, 'DOGE': 0.0, 'LINK': 0.0, 'AVAX': 0.0, 'LTC': 0.0, 'BCH': 0.4, 'CASH': 0.0}",0.0
1690675200000,2023-07-30,94442.82689685236,"{'BTC': 0.4, 'ETH': 0.0, 'SOL': 0.19999999999999996, 'XRP': 0.0, 'ADA': 0.0, 'DOGE': 0.0, 'LINK': 0.0, 'AVAX': 0.0, 'LTC': 0.0, 'BCH': 0.4, 'CASH': 0.0}",0.0
1690761600000,2023-07-31,93097.57129297867,"{'BTC': 0.4, 'ETH': 0.0, 'SOL': 0.4, 'XRP': 0.0, 'ADA': 0.0, 'DOGE': 0.0, 'LINK': 0.0, 'AVAX': 0.0, 'LTC': 0.0, 'BCH': 0.0, 'CASH': 0.19999999999999996}",0.19999999999999996
1690848000000,2023-08-01,94194.17599387749,"{'BTC': 0.4, 'ETH': 0.0, 'SOL': 0.4, 'XRP': 0.0, 'ADA': 0.0, 'DOGE': 0.0, 'LINK': 0.0, 'AVAX': 0.0, 'LTC': 0.0, 'BCH': 0.0, 'CASH': 0.19999999999999996}",0.19999999999999996
1690934400000,2023-08-02,92092.24052279169,"{'BTC': 0.4, 'ETH': 0.0, 'SOL': 0.4, 'XRP': 0.0, 'ADA': 0.0, 'DOGE': 0.0, 'LINK': 0.0, 'AVAX': 0.0, 'LTC': 0.0, 'BCH': 0.0, 'CASH': 0.19999999999999996}",0.19999999999999996
1691020800000,2023-08-03,91277.02543148604,"{'BTC': 0.4, 'ETH': 0.0, 'SOL': 0.4, 'XRP': 0.0, 'ADA': 0.0, 'DOGE': 0.0, 'LINK': 0.0, 'AVAX': 0.0, 'LTC': 0.0, 'BCH': 0.0, 'CASH': 0.19999999999999996}",0.19999999999999996
1691107200000,2023-08-04,91396.87027144889,"{'BTC': 0.4, 'ETH': 0.0, 'SOL': 0.4, 'XRP': 0.0, 'ADA': 0.0, 'DOGE': 0.0, 'LINK': 0.0, 'AVAX': 0.0, 'LTC': 0.0, 'BCH': 0.0, 'CASH': 0.19999999999999996}",0.19999999999999996
1691193600000,2023-08-05,91135.17574170924,"{'BTC': 0.4, 'ETH': 0.0, 'SOL': 0.4, 'XRP': 0.0, 'ADA': 0.0, 'DOGE': 0.0, 'LINK': 0.0, 'AVAX': 0.0, 'LTC': 0.0, 'BCH': 0.0, 'CASH': 0.19999999999999996}",0.19999999999999996
1691280000000,2023-08-06,91996.12446908178,"{'BTC': 0.4, 'ETH': 0.0, 'SOL': 0.4, 'XRP': 0.0, 'ADA': 0.0, 'DOGE': 0.0, 'LINK': 0.0, 'AVAX': 0.0, 'LTC': 0.0, 'BCH': 0.0, 'CASH': 0.19999999999999996}",0.19999999999999996
1691366400000,2023-08-07,92077.22204523247,"{'BTC': 0.4, 'ETH': 0.0, 'SOL': 0.4, 'XRP': 0.0, 'ADA': 0.0, 'DOGE': 0.0, 'LINK': 0.0, 'AVAX': 0.0, 'LTC': 0.0, 'BCH': 0.0, 'CASH': 0.19999999999999996}",0.19999999999999996
1691452800000,2023-08-08,94576.04075822447,"{'BTC': 0.4, 'ETH': 0.0, 'SOL': 0.4, 'XRP': 0.0, 'ADA': 0.0, 'DOGE': 0.0, 'LINK': 0.0, 'AVAX': 0.0, 'LTC': 0.0, 'BCH': 0.0, 'CASH': 0.19999999999999996}",0.19999999999999996
1691539200000,2023-08-09,94562.69173765297,"{'BTC': 0.4, 'ETH': 0.0, 'SOL': 0.4, 'XRP': 0.0, 'ADA': 0.0, 'DOGE': 0.0, 'LINK': 0.0, 'AVAX': 0.0, 'LTC': 0.0, 'BCH': 0.0, 'CASH': 0.19999999999999996}",0.19999999999999996
1691625600000,2023-08-10,94742.17570266352,"{'BTC': 0.4, 'ETH': 0.0, 'SOL': 0.4, 'XRP': 0.0, 'ADA': 0.0, 'DOGE': 0.0, 'LINK': 0.0, 'AVAX': 0.0, 'LTC': 0.0, 'BCH': 0.0, 'CASH': 0.19999999999999996}",0.19999999999999996
1691712000000,2023-08-11,94727.21092054655,"{'BTC': 0.4, 'ETH': 0.0, 'SOL': 0.4, 'XRP': 0.0, 'ADA': 0.0, 'DOGE': 0.0, 'LINK': 0.0, 'AVAX': 0.0, 'LTC': 0.0, 'BCH': 0.0, 'CASH': 0.19999999999999996}",0.19999999999999996
1691798400000,2023-08-12,95210.38496819836,"{'BTC': 0.4, 'ETH': 0.0, 'SOL': 0.4, 'XRP': 0.0, 'ADA': 0.0, 'DOGE': 0.0, 'LINK': 0.0, 'AVAX': 0.0, 'LTC': 0.0, 'BCH': 0.0, 'CASH': 0.19999999999999996}",0.19999999999999996
1691884800000,2023-08-13,93957.60682148614,"{'BTC': 0.4, 'ETH': 0.0, 'SOL': 0.4, 'XRP': 0.0, 'ADA': 0.0, 'DOGE': 0.0, 'LINK': 0.0, 'AVAX': 0.0, 'LTC': 0.0, 'BCH': 0.0, 'CASH': 0.19999999999999996}",0.19999999999999996
1691971200000,2023-08-14,95479.3902174141,"{'BTC': 0.0, 'ETH': 0.0, 'SOL': 0.0, 'XRP': 0.0, 'ADA': 0.0, 'DOGE': 0.0, 'LINK': 0.0, 'AVAX': 0.0, 'LTC': 0.0, 'BCH': 0.0, 'CASH': 1.0}",1.0
1692057600000,2023-08-15,95479.3902174141,"{'BTC': 0.0, 'ETH': 0.0, 'SOL': 0.0, 'XRP': 0.0, 'ADA': 0.0, 'DOGE': 0.0, 'LINK': 0.0, 'AVAX': 0.0, 'LTC': 0.0, 'BCH': 0.0, 'CASH': 1.0}",1.0
1692144000000,2023-08-16,95479.3902174141,"{'BTC': 0.0, 'ETH': 0.0, 'SOL': 0.0, 'XRP': 0.0, 'ADA': 0.0, 'DOGE': 0.0, 'LINK': 0.0, 'AVAX': 0.0, 'LTC': 0.0, 'BCH': 0.0, 'CASH': 1.0}",1.0
1692230400000,2023-08-17,95479.3902174141,"{'BTC': 0.0, 'ETH': 0.0, 'SOL': 0.0, 'XRP': 0.0, 'ADA': 0.0, 'DOGE': 0.0, 'LINK': 0.0, 'AVAX': 0.0, 'LTC': 0.0, 'BCH': 0.0, 'CASH': 1.0}",1.0
1692316800000,2023-08-18,95479.3902174141,"{'BTC': 0.0, 'ETH': 0.0, 'SOL': 0.0, 'XRP': 0.0, 'ADA': 0.0, 'DOGE': 0.0, 'LINK': 0.0, 'AVAX': 0.0, 'LTC': 0.0, 'BCH': 0.0, 'CASH': 1.0}",1.0
1692403200000,2023-08-19,95479.3902174141,"{'BTC': 0.0, 'ETH': 0.0, 'SOL': 0.0, 'XRP': 0.0, 'ADA': 0.0, 'DOGE': 0.0, 'LINK': 0.0, 'AVAX': 0.0, 'LTC': 0.0, 'BCH': 0.0, 'CASH': 1.0}",1.0
1692489600000,2023-08-20,95479.3902174141,"{'BTC': 0.0, 'ETH': 0.0, 'SOL': 0.0, 'XRP': 0.0, 'ADA': 0.0, 'DOGE': 0.0, 'LINK': 0.0, 'AVAX': 0.0, 'LTC': 0.0, 'BCH': 0.0, 'CASH': 1.0}",1.0
1692576000000,2023-08-21,95479.3902174141,"{'BTC': 0.0, 'ETH': 0.0, 'SOL': 0.0, 'XRP': 0.0, 'ADA': 0.0, 'DOGE': 0.0, 'LINK': 0.0, 'AVAX': 0.0, 'LTC': 0.0, 'BCH': 0.0, 'CASH': 1.0}",1.0
1692662400000,2023-08-22,95479.3902174141,"{'BTC': 0.0, 'ETH': 0.0, 'SOL': 0.0, 'XRP': 0.0, 'ADA': 0.0, 'DOGE': 0.0, 'LINK': 0.0, 'AVAX': 0.0, 'LTC': 0.0, 'BCH': 0.0, 'CASH': 1.0}",1.0
1692748800000,2023-08-23,95479.3902174141,"{'BTC': 0.0, 'ETH': 0.0, 'SOL': 0.0, 'XRP': 0.0, 'ADA': 0.0, 'DOGE': 0.0, 'LINK': 0.0, 'AVAX': 0.0, 'LTC': 0.0, 'BCH': 0.0, 'CASH': 1.0}",1.0
1692835200000,2023-08-24,95479.3902174141,"{'BTC': 0.0, 'ETH': 0.0, 'SOL': 0.0, 'XRP': 0.0, 'ADA': 0.0, 'DOGE': 0.0, 'LINK': 0.0, 'AVAX': 0.0, 'LTC': 0.0, 'BCH': 0.0, 'CASH': 1.0}",1.0
1692921600000,2023-08-25,95479.3902174141,"{'BTC': 0.0, 'ETH': 0.0, 'SOL': 0.0, 'XRP': 0.0, 'ADA': 0.0, 'DOGE': 0.0, 'LINK': 0.0, 'AVAX': 0.0, 'LTC': 0.0, 'BCH': 0.0, 'CASH': 1.0}",1.0
1693008000000,2023-08-26,95479.3902174141,"{'BTC': 0.0, 'ETH': 0.0, 'SOL': 0.0, 'XRP': 0.0, 'ADA': 0.0, 'DOGE': 0.0, 'LINK': 0.0, 'AVAX': 0.0, 'LTC': 0.0, 'BCH': 0.0, 'CASH': 1.0}",1.0
1693094400000,2023-08-27,95479.3902174141,"{'BTC': 0.0, 'ETH': 0.0, 'SOL': 0.0, 'XRP': 0.0, 'ADA': 0.0, 'DOGE': 0.0, 'LINK': 0.0, 'AVAX': 0.0, 'LTC': 0.0, 'BCH': 0.0, 'CASH': 1.0}",1.0
1693180800000,2023-08-28,95479.3902174141,"{'BTC': 0.0, 'ETH': 0.0, 'SOL': 0.0, 'XRP': 0.0, 'ADA': 0.0, 'DOGE': 0.0, 'LINK': 0.0, 'AVAX': 0.0, 'LTC': 0.0, 'BCH': 0.0, 'CASH': 1.0}",1.0
1693267200000,2023-08-29,95479.3902174141,"{'BTC': 0.0, 'ETH': 0.0, 'SOL': 0.0, 'XRP': 0.0, 'ADA': 0.0, 'DOGE': 0.0, 'LINK': 0.0, 'AVAX': 0.0, 'LTC': 0.0, 'BCH': 0.0, 'CASH': 1.0}",1.0
1693353600000,2023-08-30,95479.3902174141,"{'BTC': 0.0, 'ETH': 0.0, 'SOL': 0.0, 'XRP': 0.0, 'ADA': 0.0, 'DOGE': 0.0, 'LINK': 0.0, 'AVAX': 0.0, 'LTC': 0.0, 'BCH': 0.0, 'CASH': 1.0}",1.0
1693440000000,2023-08-31,95479.3902174141,"{'BTC': 0.0, 'ETH': 0.0, 'SOL': 0.0, 'XRP': 0.0, 'ADA': 0.0, 'DOGE': 0.0, 'LINK': 0.0, 'AVAX': 0.0, 'LTC': 0.0, 'BCH': 0.0, 'CASH': 1.0}",1.0
1693526400000,2023-09-01,95479.3902174141,"{'BTC': 0.0, 'ETH': 0.0, 'SOL': 0.0, 'XRP': 0.0, 'ADA': 0.0, 'DOGE': 0.0, 'LINK': 0.0, 'AVAX': 0.0, 'LTC': 0.0, 'BCH': 0.0, 'CASH': 1.0}",1.0
1693612800000,2023-09-02,95479.3902174141,"{'BTC': 0.0, 'ETH': 0.0, 'SOL': 0.0, 'XRP': 0.0, 'ADA': 0.0, 'DOGE': 0.0, 'LINK': 0.0, 'AVAX': 0.0, 'LTC': 0.0, 'BCH': 0.0, 'CASH': 1.0}",1.0
1693699200000,2023-09-03,95479.3902174141,"{'BTC': 0.0, 'ETH': 0.0, 'SOL': 0.0, 'XRP': 0.0, 'ADA': 0.0, 'DOGE': 0.0, 'LINK': 0.0, 'AVAX': 0.0, 'LTC': 0.0, 'BCH': 0.0, 'CASH': 1.0}",1.0
1693785600000,2023-09-04,95479.3902174141,"{'BTC': 0.0, 'ETH': 0.0, 'SOL': 0.0, 'XRP': 0.0, 'ADA': 0.0, 'DOGE': 0.0, 'LINK': 0.0, 'AVAX': 0.0, 'LTC': 0.0, 'BCH': 0.0, 'CASH': 1.0}",1.0
1693872000000,2023-09-05,95479.3902174141,"{'BTC': 0.0, 'ETH': 0.0, 'SOL': 0.0, 'XRP': 0.0, 'ADA': 0.0, 'DOGE': 0.0, 'LINK': 0.0, 'AVAX': 0.0, 'LTC': 0.0, 'BCH': 0.0, 'CASH': 1.0}",1.0
1693958400000,2023-09-06,95479.3902174141,"{'BTC': 0.0, 'ETH': 0.0, 'SOL': 0.0, 'XRP': 0.0, 'ADA': 0.0, 'DOGE': 0.0, 'LINK': 0.0, 'AVAX': 0.0, 'LTC': 0.0, 'BCH': 0.0, 'CASH': 1.0}",1.0
1694044800000,2023-09-07,95479.3902174141,"{'BTC': 0.0, 'ETH': 0.0, 'SOL': 0.0, 'XRP': 0.0, 'ADA': 0.0, 'DOGE': 0.0, 'LINK': 0.0, 'AVAX': 0.0, 'LTC': 0.0, 'BCH': 0.0, 'CASH': 1.0}",1.0
1694131200000,2023-09-08,95479.3902174141,"{'BTC': 0.0, 'ETH': 0.0, 'SOL': 0.0, 'XRP': 0.0, 'ADA': 0.0, 'DOGE': 0.0, 'LINK': 0.0, 'AVAX': 0.0, 'LTC': 0.0, 'BCH': 0.0, 'CASH': 1.0}",1.0
1694217600000,2023-09-09,95479.3902174141,"{'BTC': 0.0, 'ETH': 0.0, 'SOL': 0.0, 'XRP': 0.0, 'ADA': 0.0, 'DOGE': 0.0, 'LINK': 0.0, 'AVAX': 0.0, 'LTC': 0.0, 'BCH': 0.0, 'CASH': 1.0}",1.0
1694304000000,2023-09-10,95479.3902174141,"{'BTC': 0.0, 'ETH': 0.0, 'SOL': 0.0, 'XRP': 0.0, 'ADA': 0.0, 'DOGE': 0.0, 'LINK': 0.0, 'AVAX': 0.0, 'LTC': 0.0, 'BCH': 0.0, 'CASH': 1.0}",1.0
1694390400000,2023-09-11,95479.3902174141,"{'BTC': 0.0, 'ETH': 0.0, 'SOL': 0.0, 'XRP': 0.0, 'ADA': 0.0, 'DOGE': 0.0, 'LINK': 0.0, 'AVAX': 0.0, 'LTC': 0.0, 'BCH': 0.0, 'CASH': 1.0}",1.0
1694476800000,2023-09-12,95479.3902174141,"{'BTC': 0.0, 'ETH': 0.0, 'SOL': 0.0, 'XRP': 0.0, 'ADA': 0.0, 'DOGE': 0.0, 'LINK': 0.0, 'AVAX': 0.0, 'LTC': 0.0, 'BCH': 0.0, 'CASH': 1.0}",1.0
1694563200000,2023-09-13,95479.3902174141,"{'BTC': 0.0, 'ETH': 0.0, 'SOL': 0.0, 'XRP': 0.0, 'ADA': 0.0, 'DOGE': 0.0, 'LINK': 0.0, 'AVAX': 0.0, 'LTC': 0.0, 'BCH': 0.0, 'CASH': 1.0}",1.0
1694649600000,2023-09-14,95479.3902174141,"{'BTC': 0.0, 'ETH': 0.0, 'SOL': 0.0, 'XRP': 0.0, 'ADA': 0.0, 'DOGE': 0.0, 'LINK': 0.0, 'AVAX': 0.0, 'LTC': 0.0, 'BCH': 0.0, 'CASH': 1.0}",1.0
1694736000000,2023-09-15,95479.3902174141,"{'BTC': 0.0, 'ETH': 0.0, 'SOL': 0.0, 'XRP': 0.0, 'ADA': 0.0, 'DOGE': 0.0, 'LINK': 0.0, 'AVAX': 0.0, 'LTC': 0.0, 'BCH': 0.0, 'CASH': 1.0}",1.0
1694822400000,2023-09-16,95479.3902174141,"{'BTC': 0.0, 'ETH': 0.0, 'SOL': 0.0, 'XRP': 0.0, 'ADA': 0.0, 'DOGE': 0.0, 'LINK': 0.0, 'AVAX': 0.0, 'LTC': 0.0, 'BCH': 0.0, 'CASH': 1.0}",1.0
1694908800000,2023-09-17,95479.3902174141,"{'BTC': 0.0, 'ETH': 0.0, 'SOL': 0.0, 'XRP': 0.0, 'ADA': 0.0, 'DOGE': 0.0, 'LINK': 0.0, 'AVAX': 0.0, 'LTC': 0.0, 'BCH': 0.0, 'CASH': 1.0}",1.0
1694995200000,2023-09-18,95479.3902174141,"{'BTC': 0.0, 'ETH': 0.0, 'SOL': 0.0, 'XRP': 0.0, 'ADA': 0.0, 'DOGE': 0.0, 'LINK': 0.0, 'AVAX': 0.0, 'LTC': 0.0, 'BCH': 0.0, 'CASH': 1.0}",1.0
1695081600000,2023-09-19,95479.3902174141,"{'BTC': 0.0, 'ETH': 0.0, 'SOL': 0.0, 'XRP': 0.0, 'ADA': 0.0, 'DOGE': 0.0, 'LINK': 0.0, 'AVAX': 0.0, 'LTC': 0.0, 'BCH': 0.0, 'CASH': 1.0}",1.0
1695168000000,2023-09-20,95479.3902174141,"{'BTC': 0.0, 'ETH': 0.0, 'SOL': 0.0, 'XRP': 0.0, 'ADA': 0.0, 'DOGE': 0.0, 'LINK': 0.0, 'AVAX': 0.0, 'LTC': 0.0, 'BCH': 0.0, 'CASH': 1.0}",1.0
1695254400000,2023-09-21,95479.3902174141,"{'BTC': 0.0, 'ETH': 0.0, 'SOL': 0.0, 'XRP': 0.0, 'ADA': 0.0, 'DOGE': 0.0, 'LINK': 0.0, 'AVAX': 0.0, 'LTC': 0.0, 'BCH': 0.0, 'CASH': 1.0}",1.0
1695340800000,2023-09-22,95479.3902174141,"{'BTC': 0.0, 'ETH': 0.0, 'SOL': 0.0, 'XRP': 0.0, 'ADA': 0.0, 'DOGE': 0.0, 'LINK': 0.0, 'AVAX': 0.0, 'LTC': 0.0, 'BCH': 0.0, 'CASH': 1.0}",1.0
1695427200000,2023-09-23,95479.3902174141,"{'BTC': 0.0, 'ETH': 0.0, 'SOL': 0.0, 'XRP': 0.0, 'ADA': 0.0, 'DOGE': 0.0, 'LINK': 0.0, 'AVAX': 0.0, 'LTC': 0.0, 'BCH': 0.0, 'CASH': 1.0}",1.0
1695513600000,2023-09-24,95479.3902174141,"{'BTC': 0.0, 'ETH': 0.0, 'SOL': 0.0, 'XRP': 0.0, 'ADA': 0.0, 'DOGE': 0.0, 'LINK': 0.0, 'AVAX': 0.0, 'LTC': 0.0, 'BCH': 0.0, 'CASH': 1.0}",1.0
1695600000000,2023-09-25,95479.3902174141,"{'BTC': 0.0, 'ETH': 0.0, 'SOL': 0.0, 'XRP': 0.0, 'ADA': 0.0, 'DOGE': 0.0, 'LINK': 0.0, 'AVAX': 0.0, 'LTC': 0.0, 'BCH': 0.0, 'CASH': 1.0}",1.0
1695686400000,2023-09-26,95479.3902174141,"{'BTC': 0.0, 'ETH': 0.0, 'SOL': 0.0, 'XRP': 0.0, 'ADA': 0.0, 'DOGE': 0.0, 'LINK': 0.0, 'AVAX': 0.0, 'LTC': 0.0, 'BCH': 0.0, 'CASH': 1.0}",1.0
1695772800000,2023-09-27,95479.3902174141,"{'BTC': 0.0, 'ETH': 0.0, 'SOL': 0.0, 'XRP': 0.0, 'ADA': 0.0, 'DOGE': 0.0, 'LINK': 0.0, 'AVAX': 0.0, 'LTC': 0.0, 'BCH': 0.0, 'CASH': 1.0}",1.0
1695859200000,2023-09-28,95479.3902174141,"{'BTC': 0.0, 'ETH': 0.0, 'SOL': 0.0, 'XRP': 0.0, 'ADA': 0.0, 'DOGE': 0.0, 'LINK': 0.0, 'AVAX': 0.0, 'LTC': 0.0, 'BCH': 0.0, 'CASH': 1.0}",1.0
1695945600000,2023-09-29,95479.3902174141,"{'BTC': 0.0, 'ETH': 0.0, 'SOL': 0.0, 'XRP': 0.0, 'ADA': 0.0, 'DOGE': 0.0, 'LINK': 0.0, 'AVAX': 0.0, 'LTC': 0.0, 'BCH': 0.0, 'CASH': 1.0}",1.0
1696032000000,2023-09-30,95479.3902174141,"{'BTC': 0.0, 'ETH': 0.0, 'SOL': 0.0, 'XRP': 0.0, 'ADA': 0.0, 'DOGE': 0.0, 'LINK': 0.0, 'AVAX': 0.0, 'LTC': 0.0, 'BCH': 0.0, 'CASH': 1.0}",1.0
1696118400000,2023-10-01,95479.3902174141,"{'BTC': 0.0, 'ETH': 0.0, 'SOL': 0.0, 'XRP': 0.0, 'ADA': 0.0, 'DOGE': 0.0, 'LINK': 0.0, 'AVAX': 0.0, 'LTC': 0.0, 'BCH': 0.0, 'CASH': 1.0}",1.0
1696204800000,2023-10-02,95479.3902174141,"{'BTC': 0.0, 'ETH': 0.0, 'SOL': 0.0, 'XRP': 0.0, 'ADA': 0.0, 'DOGE': 0.0, 'LINK': 0.0, 'AVAX': 0.0, 'LTC': 0.0, 'BCH': 0.0, 'CASH': 1.0}",1.0
1696291200000,2023-10-03,95479.3902174141,"{'BTC': 0.0, 'ETH': 0.0, 'SOL': 0.0, 'XRP': 0.0, 'ADA': 0.0, 'DOGE': 0.0, 'LINK': 0.0, 'AVAX': 0.0, 'LTC': 0.0, 'BCH': 0.0, 'CASH': 1.0}",1.0
1696377600000,2023-10-04,95479.3902174141,"{'BTC': 0.0, 'ETH': 0.0, 'SOL': 0.0, 'XRP': 0.0, 'ADA': 0.0, 'DOGE': 0.0, 'LINK': 0.0, 'AVAX': 0.0, 'LTC': 0.0, 'BCH': 0.0, 'CASH': 1.0}",1.0
1696464000000,2023-10-05,95479.3902174141,"{'BTC': 0.0, 'ETH': 0.0, 'SOL': 0.0, 'XRP': 0.0, 'ADA': 0.0, 'DOGE': 0.0, 'LINK': 0.0, 'AVAX': 0.0, 'LTC': 0.0, 'BCH': 0.0, 'CASH': 1.0}",1.0
1696550400000,2023-10-06,95479.3902174141,"{'BTC': 0.0, 'ETH': 0.0, 'SOL': 0.0, 'XRP': 0.0, 'ADA': 0.0, 'DOGE': 0.0, 'LINK': 0.0, 'AVAX': 0.0, 'LTC': 0.0, 'BCH': 0.0, 'CASH': 1.0}",1.0
1696636800000,2023-10-07,95479.3902174141,"{'BTC': 0.0, 'ETH': 0.0, 'SOL': 0.0, 'XRP': 0.0, 'ADA': 0.0, 'DOGE': 0.0, 'LINK': 0.0, 'AVAX': 0.0, 'LTC': 0.0, 'BCH': 0.0, 'CASH': 1.0}",1.0
1696723200000,2023-10-08,95479.3902174141,"{'BTC': 0.0, 'ETH': 0.0, 'SOL': 0.0, 'XRP': 0.0, 'ADA': 0.0, 'DOGE': 0.0, 'LINK': 0.0, 'AVAX': 0.0, 'LTC': 0.0, 'BCH': 0.0, 'CASH': 1.0}",1.0
1696809600000,2023-10-09,95479.3902174141,"{'BTC': 0.0, 'ETH': 0.0, 'SOL': 0.0, 'XRP': 0.0, 'ADA': 0.0, 'DOGE': 0.0, 'LINK': 0.0, 'AVAX': 0.0, 'LTC': 0.0, 'BCH': 0.0, 'CASH': 1.0}",1.0
1696896000000,2023-10-10,95479.3902174141,"{'BTC': 0.0, 'ETH': 0.0, 'SOL': 0.0, 'XRP': 0.0, 'ADA': 0.0, 'DOGE': 0.0, 'LINK': 0.0, 'AVAX': 0.0, 'LTC': 0.0, 'BCH': 0.0, 'CASH': 1.0}",1.0
1696982400000,2023-10-11,95479.3902174141,"{'BTC': 0.0, 'ETH': 0.0, 'SOL': 0.0, 'XRP': 0.0, 'ADA': 0.0, 'DOGE': 0.0, 'LINK': 0.0, 'AVAX': 0.0, 'LTC': 0.0, 'BCH': 0.0, 'CASH': 1.0}",1.0
1697068800000,2023-10-12,95479.3902174141,"{'BTC': 0.0, 'ETH': 0.0, 'SOL': 0.0, 'XRP': 0.0, 'ADA': 0.0, 'DOGE': 0.0, 'LINK': 0.0, 'AVAX': 0.0, 'LTC': 0.0, 'BCH': 0.0, 'CASH': 1.0}",1.0
1697155200000,2023-10-13,95479.3902174141,"{'BTC': 0.0, 'ETH': 0.0, 'SOL': 0.0, 'XRP': 0.0, 'ADA': 0.0, 'DOGE': 0.0, 'LINK': 0.0, 'AVAX': 0.0, 'LTC': 0.0, 'BCH': 0.0, 'CASH': 1.0}",1.0
1697241600000,2023-10-14,95479.3902174141,"{'BTC': 0.0, 'ETH': 0.0, 'SOL': 0.0, 'XRP': 0.0, 'ADA': 0.0, 'DOGE': 0.0, 'LINK': 0.0, 'AVAX': 0.0, 'LTC': 0.0, 'BCH': 0.0, 'CASH': 1.0}",1.0
1697328000000,2023-10-15,95479.3902174141,"{'BTC': 0.0, 'ETH': 0.0, 'SOL': 0.0, 'XRP': 0.0, 'ADA': 0.0, 'DOGE': 0.0, 'LINK': 0.0, 'AVAX': 0.0, 'LTC': 0.0, 'BCH': 0.0, 'CASH': 1.0}",1.0
1697414400000,2023-10-16,95403.00670524016,"{'BTC': 0.4, 'ETH': 0.0, 'SOL': 0.0, 'XRP': 0.0, 'ADA': 0.0, 'DOGE': 0.0, 'LINK': 0.0, 'AVAX': 0.0, 'LTC': 0.0, 'BCH': 0.0, 'CASH': 0.6}",0.6
1697500800000,2023-10-17,95253.93574402762,"{'BTC': 0.4, 'ETH': 0.0, 'SOL': 0.0, 'XRP': 0.0, 'ADA': 0.0, 'DOGE': 0.0, 'LINK': 0.0, 'AVAX': 0.0, 'LTC': 0.0, 'BCH': 0.0, 'CASH': 0.6}",0.6
1697587200000,2023-10-18,95143.52916986812,"{'BTC': 0.4, 'ETH': 0.0, 'SOL': 0.0, 'XRP': 0.0, 'ADA': 0.0, 'DOGE': 0.0, 'LINK': 0.0, 'AVAX': 0.0, 'LTC': 0.0, 'BCH': 0.0, 'CASH': 0.6}",0.6
1697673600000,2023-10-19,95692.80303425195,"{'BTC': 0.4, 'ETH': 0.0, 'SOL': 0.0, 'XRP': 0.0, 'ADA': 0.0, 'DOGE': 0.0, 'LINK': 0.0, 'AVAX': 0.0, 'LTC': 0.0, 'BCH': 0.0, 'CASH': 0.6}",0.6
1697760000000,2023-10-20,96957.444973727,"{'BTC': 0.4, 'ETH': 0.0, 'SOL': 0.0, 'XRP': 0.0, 'ADA': 0.0, 'DOGE': 0.0, 'LINK': 0.0, 'AVAX': 0.0, 'LTC': 0.0, 'BCH': 0.0, 'CASH': 0.6}",0.6
1697846400000,2023-10-21,97271.1477038868,"{'BTC': 0.4, 'ETH': 0.0, 'SOL': 0.0, 'XRP': 0.0, 'ADA': 0.0, 'DOGE': 0.0, 'LINK': 0.0, 'AVAX': 0.0, 'LTC': 0.0, 'BCH': 0.0, 'CASH': 0.6}",0.6
1697932800000,2023-10-22,97374.26704854355,"{'BTC': 0.4, 'ETH': 0.0, 'SOL': 0.0, 'XRP': 0.0, 'ADA': 0.0, 'DOGE': 0.0, 'LINK': 0.0, 'AVAX': 0.0, 'LTC': 0.0, 'BCH': 0.0, 'CASH': 0.6}",0.6
1698019200000,2023-10-23,101299.10373968343,"{'BTC': 0.4, 'ETH': 0.0, 'SOL': 0.4, 'XRP': 0.0, 'ADA': 0.0, 'DOGE': 0.0, 'LINK': 0.0, 'AVAX': 0.0, 'LTC': 0.0, 'BCH': 0.0, 'CASH': 0.19999999999999996}",0.19999999999999996
1698105600000,2023-10-24,100124.81463950161,"{'BTC': 0.4, 'ETH': 0.0, 'SOL': 0.4, 'XRP': 0.0, 'ADA': 0.0, 'DOGE': 0.0, 'LINK': 0.0, 'AVAX': 0.0, 'LTC': 0.0, 'BCH': 0.0, 'CASH': 0.19999999999999996}",0.19999999999999996
1698192000000,2023-10-25,103799.93098898284,"{'BTC': 0.4, 'ETH': 0.0, 'SOL': 0.4, 'XRP': 0.0, 'ADA': 0.0, 'DOGE': 0.0, 'LINK': 0.0, 'AVAX': 0.0, 'LTC': 0.0, 'BCH': 0.0, 'CASH': 0.19999999999999996}",0.19999999999999996
1698278400000,2023-10-26,103824.92136184695,"{'BTC': 0.4, 'ETH': 0.0, 'SOL': 0.4, 'XRP': 0.0, 'ADA': 0.0, 'DOGE': 0.0, 'LINK': 0.0, 'AVAX': 0.0, 'LTC': 0.0, 'BCH': 0.0, 'CASH': 0.19999999999999996}",0.19999999999999996
1698364800000,2023-10-27,102205.00785658835,"{'BTC': 0.4, 'ETH': 0.0, 'SOL': 0.4, 'XRP': 0.0, 'ADA': 0.0, 'DOGE': 0.0, 'LINK': 0.0, 'AVAX': 0.0, 'LTC': 0.0, 'BCH': 0.0, 'CASH': 0.19999999999999996}",0.19999999999999996
1698451200000,2023-10-28,102292.43082073184,"{'BTC': 0.4, 'ETH': 0.0, 'SOL': 0.4, 'XRP': 0.0, 'ADA': 0.0, 'DOGE': 0.0, 'LINK': 0.0, 'AVAX': 0.0, 'LTC': 0.0, 'BCH': 0.0, 'CASH': 0.19999999999999996}",0.19999999999999996
1698537600000,2023-10-29,104383.33814977537,"{'BTC': 0.4, 'ETH': 0.0, 'SOL': 0.4, 'XRP': 0.0, 'ADA': 0.0, 'DOGE': 0.0, 'LINK': 0.0, 'AVAX': 0.0, 'LTC': 0.0, 'BCH': 0.0, 'CASH': 0.19999999999999996}",0.19999999999999996
1698624000000,2023-10-30,106940.02788273759,"{'BTC': 0.4, 'ETH': 0.0, 'SOL': 0.31605149435437857, 'XRP': 0.0, 'ADA': 0.0, 'DOGE': 0.0, 'LINK': 0.28394850564562135, 'AVAX': 0.0, 'LTC': 0.0, 'BCH': 0.0, 'CASH': 1.1102230246251565e-16}",1.1102230246251565e-16
1698710400000,2023-10-31,110861.34482246802,"{'BTC': 0.4, 'ETH': 0.0, 'SOL': 0.31605149435437857, 'XRP': 0.0, 'ADA': 0.0, 'DOGE': 0.0, 'LINK': 0.28394850564562135, 'AVAX': 0.0, 'LTC': 0.0, 'BCH': 0.0, 'CASH': 1.1102230246251565e-16}",1.1102230246251565e-16
1698796800000,2023-11-01,115161.27511210256,"{'BTC': 0.4, 'ETH': 0.0, 'SOL': 0.31605149435437857, 'XRP': 0.0, 'ADA': 0.0, 'DOGE': 0.0, 'LINK': 0.28394850564562135, 'AVAX': 0.0, 'LTC': 0.0, 'BCH': 0.0, 'CASH': 1.1102230246251565e-16}",1.1102230246251565e-16
1698883200000,2023-11-02,111924.46307953524,"{'BTC': 0.4, 'ETH': 0.0, 'SOL': 0.31605149435437857, 'XRP': 0.0, 'ADA': 0.0, 'DOGE': 0.0, 'LINK': 0.28394850564562135, 'AVAX': 0.0, 'LTC': 0.0, 'BCH': 0.0, 'CASH': 1.1102230246251565e-16}",1.1102230246251565e-16
1698969600000,2023-11-03,112272.27447348101,"{'BTC': 0.4, 'ETH': 0.0, 'SOL': 0.31605149435437857, 'XRP': 0.0, 'ADA': 0.0, 'DOGE': 0.0, 'LINK': 0.28394850564562135, 'AVAX': 0.0, 'LTC': 0.0, 'BCH': 0.0, 'CASH': 1.1102230246251565e-16}",1.1102230246251565e-16
1699056000000,2023-11-04,115506.68244980728,"{'BTC': 0.4, 'ETH': 0.0, 'SOL': 0.31605149435437857, 'XRP': 0.0, 'ADA': 0.0, 'DOGE': 0.0, 'LINK': 0.28394850564562135, 'AVAX': 0.0, 'LTC': 0.0, 'BCH': 0.0, 'CASH': 1.1102230246251565e-16}",1.1102230246251565e-16
1699142400000,2023-11-05,116479.19990454579,"{'BTC': 0.4, 'ETH': 0.0, 'SOL': 0.31605149435437857, 'XRP': 0.0, 'ADA': 0.0, 'DOGE': 0.0, 'LINK': 0.28394850564562135, 'AVAX': 0.0, 'LTC': 0.0, 'BCH': 0.0, 'CASH': 1.1102230246251565e-16}",1.1102230246251565e-16
1699228800000,2023-11-06,119397.9550402652,"{'BTC': 0.4, 'ETH': 0.0, 'SOL': 0.31031201031574046, 'XRP': 0.0, 'ADA': 0.0, 'DOGE': 0.0, 'LINK': 0.2896879896842595, 'AVAX': 0.0, 'LTC': 0.0, 'BCH': 0.0, 'CASH': 0.0}",0.0
1699315200000,2023-11-07,120719.36537530948,"{'BTC': 0.4, 'ETH': 0.0, 'SOL': 0.31031201031574046, 'XRP': 0.0, 'ADA': 0.0, 'DOGE': 0.0, 'LINK': 0.2896879896842595, 'AVAX': 0.0, 'LTC': 0.0, 'BCH': 0.0, 'CASH': 0.0}",0.0
1699401600000,2023-11-08,126251.48486779183,"{'BTC': 0.4, 'ETH': 0.0, 'SOL': 0.31031201031574046, 'XRP': 0.0, 'ADA': 0.0, 'DOGE': 0.0, 'LINK': 0.2896879896842595, 'AVAX': 0.0, 'LTC': 0.0, 'BCH': 0.0, 'CASH': 0.0}",0.0
1699488000000,2023-11-09,128937.09392845714,"{'BTC': 0.4, 'ETH': 0.0, 'SOL': 0.31031201031574046, 'XRP': 0.0, 'ADA': 0.0, 'DOGE': 0.0, 'LINK': 0.2896879896842595, 'AVAX': 0.0, 'LTC': 0.0, 'BCH': 0.0, 'CASH': 0.0}",0.0
1699574400000,2023-11-10,142185.12099301204,"{'BTC': 0.4, 'ETH': 0.0, 'SOL': 0.31031201031574046, 'XRP': 0.0, 'ADA': 0.0, 'DOGE': 0.0, 'LINK': 0.2896879896842595, 'AVAX': 0.0, 'LTC': 0.0, 'BCH': 0.0, 'CASH': 0.0}",0.0
1699660800000,2023-11-11,144177.03959880164,"{'BTC': 0.4, 'ETH': 0.0, 'SOL': 0.31031201031574046, 'XRP': 0.0, 'ADA': 0.0, 'DOGE': 0.0, 'LINK': 0.2896879896842595, 'AVAX': 0.0, 'LTC': 0.0, 'BCH': 0.0, 'CASH': 0.0}",0.0
1699747200000,2023-11-12,142936.23834414946,"{'BTC': 0.4, 'ETH': 0.0, 'SOL': 0.31031201031574046, 'XRP': 0.0, 'ADA': 0.0, 'DOGE': 0.0, 'LINK': 0.2896879896842595, 'AVAX': 0.0, 'LTC': 0.0, 'BCH': 0.0, 'CASH': 0.0}",0.0
1699833600000,2023-11-13,133951.8652952722,"{'BTC': 0.4, 'ETH': 0.0, 'SOL': 0.26048968966828834, 'XRP': 0.0, 'ADA': 0.0, 'DOGE': 0.0, 'LINK': 0.33951031033171164, 'AVAX': 0.0, 'LTC': 0.0, 'BCH': 0.0, 'CASH': 0.0}",0.0
1699920000000,2023-11-14,134840.24869756593,"{'BTC': 0.4, 'ETH': 0.0, 'SOL': 0.26048968966828834, 'XRP': 0.0, 'ADA': 0.0, 'DOGE': 0.0, 'LINK': 0.33951031033171164, 'AVAX': 0.0, 'LTC': 0.0, 'BCH': 0.0, 'CASH': 0.0}",0.0
1700006400000,2023-11-15,147292.20595910473,"{'BTC': 0.4, 'ETH': 0.0, 'SOL': 0.26048968966828834, 'XRP': 0.0, 'ADA': 0.0, 'DOGE': 0.0, 'LINK': 0.33951031033171164, 'AVAX': 0.0, 'LTC': 0.0, 'BCH': 0.0, 'CASH': 0.0}",0.0
1700092800000,2023-11-16,136201.3734170229,"{'BTC': 0.4, 'ETH': 0.0, 'SOL': 0.26048968966828834, 'XRP': 0.0, 'ADA': 0.0, 'DOGE': 0.0, 'LINK': 0.33951031033171164, 'AVAX': 0.0, 'LTC': 0.0, 'BCH': 0.0, 'CASH': 0.0}",0.0
1700179200000,2023-11-17,136865.15166322843,"{'BTC': 0.4, 'ETH': 0.0, 'SOL': 0.26048968966828834, 'XRP': 0.0, 'ADA': 0.0, 'DOGE': 0.0, 'LINK': 0.33951031033171164, 'AVAX': 0.0, 'LTC': 0.0, 'BCH': 0.0, 'CASH': 0.0}",0.0
1700265600000,2023-11-18,136978.7543529749,"{'BTC': 0.4, 'ETH': 0.0, 'SOL': 0.26048968966828834, 'XRP': 0.0, 'ADA': 0.0, 'DOGE': 0.0, 'LINK': 0.33951031033171164, 'AVAX': 0.0, 'LTC': 0.0, 'BCH': 0.0, 'CASH': 0.0}",0.0
1700352000000,2023-11-19,143661.31019996697,"{'BTC': 0.4, 'ETH': 0.0, 'SOL': 0.26048968966828834, 'XRP': 0.0, 'ADA': 0.0, 'DOGE': 0.0, 'LINK': 0.33951031033171164, 'AVAX': 0.0, 'LTC': 0.0, 'BCH': 0.0, 'CASH': 0.0}",0.0
1700438400000,2023-11-20,139360.9215832998,"{'BTC': 0.0, 'ETH': 0.0, 'SOL': 0.3012718994509276, 'XRP': 0.0, 'ADA': 0.0, 'DOGE': 0.0, 'LINK': 0.4, 'AVAX': 0.29872810054907234, 'LTC': 0.0, 'BCH': 0.0, 'CASH': 0.0}",0.0
1700524800000,2023-11-21,127747.08379089957,"{'BTC': 0.0, 'ETH': 0.0, 'SOL': 0.3012718994509276, 'XRP': 0.0, 'ADA': 0.0, 'DOGE': 0.0, 'LINK': 0.4, 'AVAX': 0.29872810054907234, 'LTC': 0.0, 'BCH': 0.0, 'CASH': 0.0}",0.0
1700611200000,2023-11-22,138940.19429414393,"{'BTC': 0.0, 'ETH': 0.0, 'SOL': 0.3012718994509276, 'XRP': 0.0, 'ADA': 0.0, 'DOGE': 0.0, 'LINK': 0.4, 'AVAX': 0.29872810054907234, 'LTC': 0.0, 'BCH': 0.0, 'CASH': 0.0}",0.0
1700697600000,2023-11-23,138530.1166074794,"{'BTC': 0.0, 'ETH': 0.0, 'SOL': 0.3012718994509276, 'XRP': 0.0, 'ADA': 0.0, 'DOGE': 0.0, 'LINK': 0.4, 'AVAX': 0.29872810054907234, 'LTC': 0.0, 'BCH': 0.0, 'CASH': 0.0}",0.0
1700784000000,2023-11-24,139745.24725026955,"{'BTC': 0.0, 'ETH': 0.0, 'SOL': 0.3012718994509276, 'XRP': 0.0, 'ADA': 0.0, 'DOGE': 0.0, 'LINK': 0.4, 'AVAX': 0.29872810054907234, 'LTC': 0.0, 'BCH': 0.0, 'CASH': 0.0}",0.0
1700870400000,2023-11-25,143183.7131447848,"{'BTC': 0.0, 'ETH': 0.0, 'SOL': 0.3012718994509276, 'XRP': 0.0, 'ADA': 0.0, 'DOGE': 0.0, 'LINK': 0.4, 'AVAX': 0.29872810054907234, 'LTC': 0.0, 'BCH': 0.0, 'CASH': 0.0}",0.0
1700956800000,2023-11-26,141646.8843110732,"{'BTC': 0.0, 'ETH': 0.0, 'SOL': 0.3012718994509276, 'XRP': 0.0, 'ADA': 0.0, 'DOGE': 0.0, 'LINK': 0.4, 'AVAX': 0.29872810054907234, 'LTC': 0.0, 'BCH': 0.0, 'CASH': 0.0}",0.0
1701043200000,2023-11-27,136133.02673578463,"{'BTC': 0.0, 'ETH': 0.0, 'SOL': 0.30066849727791756, 'XRP': 0.0, 'ADA': 0.0, 'DOGE': 0.0, 'LINK': 0.4, 'AVAX': 0.2993315027220825, 'LTC': 0.0, 'BCH': 0.0, 'CASH': 0.0}",0.0
1701129600000,2023-11-28,140431.11618458855,"{'BTC': 0.0, 'ETH': 0.0, 'SOL': 0.30066849727791756, 'XRP': 0.0, 'ADA': 0.0, 'DOGE': 0.0, 'LINK': 0.4, 'AVAX': 0.2993315027220825, 'LTC': 0.0, 'BCH': 0.0, 'CASH': 0.0}",0.0
1701216000000,2023-11-29,142032.87765584572,"{'BTC': 0.0, 'ETH': 0.0, 'SOL': 0.30066849727791756, 'XRP': 0.0, 'ADA': 0.0, 'DOGE': 0.0, 'LINK': 0.4, 'AVAX': 0.2993315027220825, 'LTC': 0.0, 'BCH': 0.0, 'CASH': 0.0}",0.0
1701302400000,2023-11-30,142182.63369802688,"{'BTC': 0.0, 'ETH': 0.0, 'SOL': 0.30066849727791756, 'XRP': 0.0, 'ADA': 0.0, 'DOGE': 0.0, 'LINK': 0.4, 'AVAX': 0.2993315027220825, 'LTC': 0.0, 'BCH': 0.0, 'CASH': 0.0}",0.0
1701388800000,2023-12-01,145764.0608885191,"{'BTC': 0.0, 'ETH': 0.0, 'SOL': 0.30066849727791756, 'XRP': 0.0, 'ADA': 0.0, 'DOGE': 0.0, 'LINK': 0.4, 'AVAX': 0.2993315027220825, 'LTC': 0.0, 'BCH': 0.0, 'CASH': 0.0}",0.0
1701475200000,2023-12-02,153339.47441045457,"{'BTC': 0.0, 'ETH': 0.0, 'SOL': 0.30066849727791756, 'XRP': 0.0, 'ADA': 0.0, 'DOGE': 0.0, 'LINK': 0.4, 'AVAX': 0.2993315027220825, 'LTC': 0.0, 'BCH': 0.0, 'CASH': 0.0}",0.0
1701561600000,2023-12-03,151083.8649787604,"{'BTC': 0.0, 'ETH': 0.0, 'SOL': 0.30066849727791756, 'XRP': 0.0, 'ADA': 0.0, 'DOGE': 0.0, 'LINK': 0.4, 'AVAX': 0.2993315027220825, 'LTC': 0.0, 'BCH': 0.0, 'CASH': 0.0}",0.0
1701648000000,2023-12-04,151931.65536307247,"{'BTC': 0.0, 'ETH': 0.0, 'SOL': 0.29668839945726977, 'XRP': 0.0, 'ADA': 0.0, 'DOGE': 0.0, 'LINK': 0.4, 'AVAX': 0.30331160054273026, 'LTC': 0.0, 'BCH': 0.0, 'CASH': 0.0}",0.0
1701734400000,2023-12-05,155035.8745334803,"{'BTC': 0.0, 'ETH': 0.0, 'SOL': 0.29668839945726977, 'XRP': 0.0, 'ADA': 0.0, 'DOGE': 0.0, 'LINK': 0.4, 'AVAX': 0.30331160054273026, 'LTC': 0.0, 'BCH': 0.0, 'CASH': 0.0}",0.0
1701820800000,2023-12-06,156996.92205411082,"{'BTC': 0.0, 'ETH': 0.0, 'SOL': 0.29668839945726977, 'XRP': 0.0, 'ADA': 0.0, 'DOGE': 0.0, 'LINK': 0.4, 'AVAX': 0.30331160054273026, 'LTC': 0.0, 'BCH': 0.0, 'CASH': 0.0}",0.0
1701907200000,2023-12-07,163344.5079123185,"{'BTC': 0.0, 'ETH': 0.0, 'SOL': 0.29668839945726977, 'XRP': 0.0, 'ADA': 0.0, 'DOGE': 0.0, 'LINK': 0.4, 'AVAX': 0.30331160054273026, 'LTC': 0.0, 'BCH': 0.0, 'CASH': 0.0}",0.0
1701993600000,2023-12-08,181449.0290229469,"{'BTC': 0.0, 'ETH': 0.0, 'SOL': 0.29668839945726977, 'XRP': 0.0, 'ADA': 0.0, 'DOGE': 0.0, 'LINK': 0.4, 'AVAX': 0.30331160054273026, 'LTC': 0.0, 'BCH': 0.0, 'CASH': 0.0}",0.0
1702080000000,2023-12-09,179052.85854050718,"{'BTC': 0.0, 'ETH': 0.0, 'SOL': 0.29668839945726977, 'XRP': 0.0, 'ADA': 0.0, 'DOGE': 0.0, 'LINK': 0.4, 'AVAX': 0.30331160054273026, 'LTC': 0.0, 'BCH': 0.0, 'CASH': 0.0}",0.0
1702166400000,2023-12-10,190643.34004250503,"{'BTC': 0.0, 'ETH': 0.0, 'SOL': 0.29668839945726977, 'XRP': 0.0, 'ADA': 0.0, 'DOGE': 0.0, 'LINK': 0.4, 'AVAX': 0.30331160054273026, 'LTC': 0.0, 'BCH': 0.0, 'CASH': 0.0}",0.0
1702252800000,2023-12-11,180706.1843951952,"{'BTC': 0.0, 'ETH': 0.0, 'SOL': 0.34617608361689034, 'XRP': 0.0, 'ADA': 0.32816616459393605, 'DOGE': 0.0, 'LINK': 0.0, 'AVAX': 0.3256577517891736, 'LTC': 0.0, 'BCH': 0.0, 'CASH': 0.0}",0.0
1702339200000,2023-12-12,181410.69549718522,"{'BTC': 0.0, 'ETH': 0.0, 'SOL': 0.34617608361689034, 'XRP': 0.0, 'ADA': 0.32816616459393605, 'DOGE': 0.0, 'LINK': 0.0, 'AVAX': 0.3256577517891736, 'LTC': 0.0, 'BCH': 0.0, 'CASH': 0.0}",0.0
1702425600000,2023-12-13,194815.01016797437,"{'BTC': 0.0, 'ETH': 0.0, 'SOL': 0.34617608361689034, 'XRP': 0.0, 'ADA': 0.32816616459393605, 'DOGE': 0.0, 'LINK': 0.0, 'AVAX': 0.3256577517891736, 'LTC': 0.0, 'BCH': 0.0, 'CASH': 0.0}",0.0
1702512000000,2023-12-14,197885.75212407872,"{'BTC': 0.0, 'ETH': 0.0, 'SOL': 0.34617608361689034, 'XRP': 0.0, 'ADA': 0.32816616459393605, 'DOGE': 0.0, 'LINK': 0.0, 'AVAX': 0.3256577517891736, 'LTC': 0.0, 'BCH': 0.0, 'CASH': 0.0}",0.0
1702598400000,2023-12-15,191381.03764554142,"{'BTC': 0.0, 'ETH': 0.0, 'SOL': 0.34617608361689034, 'XRP': 0.0, 'ADA': 0.32816616459393605, 'DOGE': 0.0, 'LINK': 0.0, 'AVAX': 0.3256577517891736, 'LTC': 0.0, 'BCH': 0.0, 'CASH': 0.0}",0.0
1702684800000,2023-12-16,197001.97349748568,"{'BTC': 0.0, 'ETH': 0.0, 'SOL': 0.34617608361689034, 'XRP': 0.0, 'ADA': 0.32816616459393605, 'DOGE': 0.0, 'LINK': 0.0, 'AVAX': 0.3256577517891736, 'LTC': 0.0, 'BCH': 0.0, 'CASH': 0.0}",0.0
1702771200000,2023-12-17,188923.53457621598,"{'BTC': 0.0, 'ETH': 0.0, 'SOL': 0.34617608361689034, 'XRP': 0.0, 'ADA': 0.32816616459393605, 'DOGE': 0.0, 'LINK': 0.0, 'AVAX': 0.3256577517891736, 'LTC': 0.0, 'BCH': 0.0, 'CASH': 0.0}",0.0
1702857600000,2023-12-18,195541.37699381655,"{'BTC': 0.0, 'ETH': 0.0, 'SOL': 0.38043915540403056, 'XRP': 0.0, 'ADA': 0.27338109291046725, 'DOGE': 0.0, 'LINK': 0.0, 'AVAX': 0.34617975168550214, 'LTC': 0.0, 'BCH': 0.0, 'CASH': 0.0}",0.0
1702944000000,2023-12-19,189470.2155313314,"{'BTC': 0.0, 'ETH': 0.0, 'SOL': 0.38043915540403056, 'XRP': 0.0, 'ADA': 0.27338109291046725, 'DOGE': 0.0, 'LINK': 0.0, 'AVAX': 0.34617975168550214, 'LTC': 0.0, 'BCH': 0.0, 'CASH': 0.0}",0.0
1703030400000,2023-12-20,206000.03940553652,"{'BTC': 0.0, 'ETH': 0.0, 'SOL': 0.38043915540403056, 'XRP': 0.0, 'ADA': 0.27338109291046725, 'DOGE': 0.0, 'LINK': 0.0, 'AVAX': 0.34617975168550214, 'LTC': 0.0, 'BCH': 0.0, 'CASH': 0.0}",0.0
1703116800000,2023-12-21,225560.22457651433,"{'BTC': 0.0, 'ETH': 0.0, 'SOL': 0.38043915540403056, 'XRP': 0.0, 'ADA': 0.27338109291046725, 'DOGE': 0.0, 'LINK': 0.0, 'AVAX': 0.34617975168550214, 'LTC': 0.0, 'BCH': 0.0, 'CASH': 0.0}",0.0
1703203200000,2023-12-22,227107.23007932722,"{'BTC': 0.0, 'ETH': 0.0, 'SOL': 0.38043915540403056, 'XRP': 0.0, 'ADA': 0.27338109291046725, 'DOGE': 0.0, 'LINK': 0.0, 'AVAX': 0.34617975168550214, 'LTC': 0.0, 'BCH': 0.0, 'CASH': 0.0}",0.0
1703289600000,2023-12-23,239556.8449240351,"{'BTC': 0.0, 'ETH': 0.0, 'SOL': 0.38043915540403056, 'XRP': 0.0, 'ADA': 0.27338109291046725, 'DOGE': 0.0, 'LINK': 0.0, 'AVAX': 0.34617975168550214, 'LTC': 0.0, 'BCH': 0.0, 'CASH': 0.0}",0.0
1703376000000,2023-12-24,240609.38000041575,"{'BTC': 0.0, 'ETH': 0.0, 'SOL': 0.38043915540403056, 'XRP': 0.0, 'ADA': 0.27338109291046725, 'DOGE': 0.0, 'LINK': 0.0, 'AVAX': 0.34617975168550214, 'LTC': 0.0, 'BCH': 0.0, 'CASH': 0.0}",0.0
1703462400000,2023-12-25,251769.9787991002,"{'BTC': 0.0, 'ETH': 0.0, 'SOL': 0.3381625166919147, 'XRP': 0.0, 'ADA': 0.2944353168717758, 'DOGE': 0.0, 'LINK': 0.0, 'AVAX': 0.36740216643630946, 'LTC': 0.0, 'BCH': 0.0, 'CASH': 0.0}",0.0
1703548800000,2023-12-26,236781.38695175177,"{'BTC': 0.0, 'ETH': 0.0, 'SOL': 0.3381625166919147, 'XRP': 0.0, 'ADA': 0.2944353168717758, 'DOGE': 0.0, 'LINK': 0.0, 'AVAX': 0.36740216643630946, 'LTC': 0.0, 'BCH': 0.0, 'CASH': 0.0}",0.0
1703635200000,2023-12-27,231746.61349183533,"{'BTC': 0.0, 'ETH': 0.0, 'SOL': 0.3381625166919147, 'XRP': 0.0, 'ADA': 0.2944353168717758, 'DOGE': 0.0, 'LINK': 0.0, 'AVAX': 0.36740216643630946, 'LTC': 0.0, 'BCH': 0.0, 'CASH': 0.0}",0.0
1703721600000,2023-12-28,220856.0460741342,"{'BTC': 0.0, 'ETH': 0.0, 'SOL': 0.3381625166919147, 'XRP': 0.0, 'ADA': 0.2944353168717758, 'DOGE': 0.0, 'LINK': 0.0, 'AVAX': 0.36740216643630946, 'LTC': 0.0, 'BCH': 0.0, 'CASH': 0.0}",0.0
1703808000000,2023-12-29,223982.639588265,"{'BTC': 0.0, 'ETH': 0.0, 'SOL': 0.3381625166919147, 'XRP': 0.0, 'ADA': 0.2944353168717758, 'DOGE': 0.0, 'LINK': 0.0, 'AVAX': 0.36740216643630946, 'LTC': 0.0, 'BCH': 0.0, 'CASH': 0.0}",0.0
1703894400000,2023-12-30,218441.77042424606,"{'BTC': 0.0, 'ETH': 0.0, 'SOL': 0.3381625166919147, 'XRP': 0.0, 'ADA': 0.2944353168717758, 'DOGE': 0.0, 'LINK': 0.0, 'AVAX': 0.36740216643630946, 'LTC': 0.0, 'BCH': 0.0, 'CASH': 0.0}",0.0
1703980800000,2023-12-31,215841.82255265248,"{'BTC': 0.0, 'ETH': 0.0, 'SOL': 0.3381625166919147, 'XRP': 0.0, 'ADA': 0.2944353168717758, 'DOGE': 0.0, 'LINK': 0.0, 'AVAX': 0.36740216643630946, 'LTC': 0.0, 'BCH': 0.0, 'CASH': 0.0}",0.0
1704067200000,2024-01-01,232057.0542831504,"{'BTC': 0.0, 'ETH': 0.0, 'SOL': 0.285536856437837, 'XRP': 0.0, 'ADA': 0.3429492772011257, 'DOGE': 0.0, 'LINK': 0.0, 'AVAX': 0.3715138663610372, 'LTC': 0.0, 'BCH': 0.0, 'CASH': 1.1102230246251565e-16}",1.1102230246251565e-16
1704153600000,2024-01-02,224939.7810346366,"{'BTC': 0.0, 'ETH': 0.0, 'SOL': 0.285536856437837, 'XRP': 0.0, 'ADA': 0.3429492772011257, 'DOGE': 0.0, 'LINK': 0.0, 'AVAX': 0.3715138663610372, 'LTC': 0.0, 'BCH': 0.0, 'CASH': 1.1102230246251565e-16}",1.1102230246251565e-16
1704240000000,2024-01-03,206085.81128227166,"{'BTC': 0.0, 'ETH': 0.0, 'SOL': 0.285536856437837, 'XRP': 0.0, 'ADA': 0.3429492772011257, 'DOGE': 0.0, 'LINK': 0.0, 'AVAX': 0.3715138663610372, 'LTC': 0.0, 'BCH': 0.0, 'CASH': 1.1102230246251565e-16}",1.1102230246251565e-16
1704326400000,2024-01-04,215606.36920954022,"{'BTC': 0.0, 'ETH': 0.0, 'SOL': 0.285536856437837, 'XRP': 0.0, 'ADA': 0.3429492772011257, 'DOGE': 0.0, 'LINK': 0.0, 'AVAX': 0.3715138663610372, 'LTC': 0.0, 'BCH': 0.0, 'CASH': 1.1102230246251565e-16}",1.1102230246251565e-16
1704412800000,2024-01-05,204313.514208528,"{'BTC': 0.0, 'ETH': 0.0, 'SOL': 0.285536856437837, 'XRP': 0.0, 'ADA': 0.3429492772011257, 'DOGE': 0.0, 'LINK': 0.0, 'AVAX': 0.3715138663610372, 'LTC': 0.0, 'BCH': 0.0, 'CASH': 1.1102230246251565e-16}",1.1102230246251565e-16
1704499200000,2024-01-06,194449.4334612219,"{'BTC': 0.0, 'ETH': 0.0, 'SOL': 0.285536856437837, 'XRP': 0.0, 'ADA': 0.3429492772011257, 'DOGE': 0.0, 'LINK': 0.0, 'AVAX': 0.3715138663610372, 'LTC': 0.0, 'BCH': 0.0, 'CASH': 1.1102230246251565e-16}",1.1102230246251565e-16
1704585600000,2024-01-07,186163.7613801594,"{'BTC': 0.0, 'ETH': 0.0, 'SOL': 0.285536856437837, 'XRP': 0.0, 'ADA': 0.3429492772011257, 'DOGE': 0.0, 'LINK': 0.0, 'AVAX': 0.3715138663610372, 'LTC': 0.0, 'BCH': 0.0, 'CASH': 1.1102230246251565e-16}",1.1102230246251565e-16
1704672000000,2024-01-08,202058.3133030307,"{'BTC': 0.4, 'ETH': 0.0, 'SOL': 0.2648885876074034, 'XRP': 0.0, 'ADA': 0.0, 'DOGE': 0.0, 'LINK': 0.0, 'AVAX': 0.3351114123925965, 'LTC': 0.0, 'BCH': 0.0, 'CASH': 0.0}",0.0
1704758400000,2024-01-09,198616.86547529133,"{'BTC': 0.4, 'ETH': 0.0, 'SOL': 0.2648885876074034, 'XRP': 0.0, 'ADA': 0.0, 'DOGE': 0.0, 'LINK': 0.0, 'AVAX': 0.3351114123925965, 'LTC': 0.0, 'BCH': 0.0, 'CASH': 0.0}",0.0
1704844800000,2024-01-10,208391.17144685,"{'BTC': 0.4, 'ETH': 0.0, 'SOL': 0.2648885876074034, 'XRP': 0.0, 'ADA': 0.0, 'DOGE': 0.0, 'LINK': 0.0, 'AVAX': 0.3351114123925965, 'LTC': 0.0, 'BCH': 0.0, 'CASH': 0.0}",0.0
1704931200000,2024-01-11,208053.80504472533,"{'BTC': 0.4, 'ETH': 0.0, 'SOL': 0.2648885876074034, 'XRP': 0.0, 'ADA': 0.0, 'DOGE': 0.0, 'LINK': 0.0, 'AVAX': 0.3351114123925965, 'LTC': 0.0, 'BCH': 0.0, 'CASH': 0.0}",0.0
1705017600000,2024-01-12,191269.661291847,"{'BTC': 0.4, 'ETH': 0.0, 'SOL': 0.2648885876074034, 'XRP': 0.0, 'ADA': 0.0, 'DOGE': 0.0, 'LINK': 0.0, 'AVAX': 0.3351114123925965, 'LTC': 0.0, 'BCH': 0.0, 'CASH': 0.0}",0.0
1705104000000,2024-01-13,194533.7188277478,"{'BTC': 0.4, 'ETH': 0.0, 'SOL': 0.2648885876074034, 'XRP': 0.0, 'ADA': 0.0, 'DOGE': 0.0, 'LINK': 0.0, 'AVAX': 0.3351114123925965, 'LTC': 0.0, 'BCH': 0.0, 'CASH': 0.0}",0.0
1705190400000,2024-01-14,189115.34770690583,"{'BTC': 0.4, 'ETH': 0.0, 'SOL': 0.2648885876074034, 'XRP': 0.0, 'ADA': 0.0, 'DOGE': 0.0, 'LINK': 0.0, 'AVAX': 0.3351114123925965, 'LTC': 0.0, 'BCH': 0.0, 'CASH': 0.0}",0.0
1705276800000,2024-01-15,191120.46078078586,"{'BTC': 0.0, 'ETH': 0.0, 'SOL': 0.33837128353548973, 'XRP': 0.0, 'ADA': 0.3499854695590489, 'DOGE': 0.0, 'LINK': 0.0, 'AVAX': 0.3116432469054614, 'LTC': 0.0, 'BCH': 0.0, 'CASH': 0.0}",0.0
1705363200000,2024-01-16,194373.46837295181,"{'BTC': 0.0, 'ETH': 0.0, 'SOL': 0.33837128353548973, 'XRP': 0.0, 'ADA': 0.3499854695590489, 'DOGE': 0.0, 'LINK': 0.0, 'AVAX': 0.3116432469054614, 'LTC': 0.0, 'BCH': 0.0, 'CASH': 0.0}",0.0
1705449600000,2024-01-17,197202.77411224693,"{'BTC': 0.0, 'ETH': 0.0, 'SOL': 0.33837128353548973, 'XRP': 0.0, 'ADA': 0.3499854695590489, 'DOGE': 0.0, 'LINK': 0.0, 'AVAX': 0.3116432469054614, 'LTC': 0.0, 'BCH': 0.0, 'CASH': 0.0}",0.0
1705536000000,2024-01-18,184560.96956987018,"{'BTC': 0.0, 'ETH': 0.0, 'SOL': 0.33837128353548973, 'XRP': 0.0, 'ADA': 0.3499854695590489, 'DOGE': 0.0, 'LINK': 0.0, 'AVAX': 0.3116432469054614, 'LTC': 0.0, 'BCH': 0.0, 'CASH': 0.0}",0.0
1705622400000,2024-01-19,182874.24691920867,"{'BTC': 0.0, 'ETH': 0.0, 'SOL': 0.33837128353548973, 'XRP': 0.0, 'ADA': 0.3499854695590489, 'DOGE': 0.0, 'LINK': 0.0, 'AVAX': 0.3116432469054614, 'LTC': 0.0, 'BCH': 0.0, 'CASH': 0.0}",0.0
1705708800000,2024-01-20,184127.964013213,"{'BTC': 0.0, 'ETH': 0.0, 'SOL': 0.33837128353548973, 'XRP': 0.0, 'ADA': 0.3499854695590489, 'DOGE': 0.0, 'LINK': 0.0, 'AVAX': 0.3116432469054614, 'LTC': 0.0, 'BCH': 0.0, 'CASH': 0.0}",0.0
1705795200000,2024-01-21,180726.3957819185,"{'BTC': 0.0, 'ETH': 0.0, 'SOL': 0.33837128353548973, 'XRP': 0.0, 'ADA': 0.3499854695590489, 'DOGE': 0.0, 'LINK': 0.0, 'AVAX': 0.3116432469054614, 'LTC': 0.0, 'BCH': 0.0, 'CASH': 0.0}",0.0
1705881600000,2024-01-22,167486.07483991323,"{'BTC': 0.0, 'ETH': 0.0, 'SOL': 0.33625069828705334, 'XRP': 0.0, 'ADA': 0.34856516637027135, 'DOGE': 0.0, 'LINK': 0.0, 'AVAX': 0.31518413534267525, 'LTC': 0.0, 'BCH': 0.0, 'CASH': 1.1102230246251565e-16}",1.1102230246251565e-16
1705968000000,2024-01-23,169707.89733504198,"{'BTC': 0.0, 'ETH': 0.0, 'SOL': 0.33625069828705334, 'XRP': 0.0, 'ADA': 0.34856516637027135, 'DOGE': 0.0, 'LINK': 0.0, 'AVAX': 0.31518413534267525, 'LTC': 0.0, 'BCH': 0.0, 'CASH': 1.1102230246251565e-16}",1.1102230246251565e-16
1706054400000,2024-01-24,173627.73096358808,"{'BTC': 0.0, 'ETH': 0.0, 'SOL': 0.33625069828705334, 'XRP': 0.0, 'ADA': 0.34856516637027135, 'DOGE': 0.0, 'LINK': 0.0, 'AVAX': 0.31518413534267525, 'LTC': 0.0, 'BCH': 0.0, 'CASH': 1.1102230246251565e-16}",1.1102230246251565e-16
1706140800000,2024-01-25,169869.39008711634,"{'BTC': 0.0, 'ETH': 0.0, 'SOL': 0.33625069828705334, 'XRP': 0.0, 'ADA': 0.34856516637027135, 'DOGE': 0.0, 'LINK': 0.0, 'AVAX': 0.31518413534267525, 'LTC': 0.0, 'BCH': 0.0, 'CASH': 1.1102230246251565e-16}",1.1102230246251565e-16
1706227200000,2024-01-26,178884.08628081973,"{'BTC': 0.0, 'ETH': 0.0, 'SOL': 0.33625069828705334, 'XRP': 0.0, 'ADA': 0.34856516637027135, 'DOGE': 0.0, 'LINK': 0.0, 'AVAX': 0.31518413534267525, 'LTC': 0.0, 'BCH': 0.0, 'CASH': 1.1102230246251565e-16}",1.1102230246251565e-16
1706313600000,2024-01-27,182175.76274331202,"{'BTC': 0.0, 'ETH': 0.0, 'SOL': 0.33625069828705334, 'XRP': 0.0, 'ADA': 0.34856516637027135, 'DOGE': 0.0, 'LINK': 0.0, 'AVAX': 0.31518413534267525, 'LTC': 0.0, 'BCH': 0.0, 'CASH': 1.1102230246251565e-16}",1.1102230246251565e-16
1706400000000,2024-01-28,186492.58070336463,"{'BTC': 0.0, 'ETH': 0.0, 'SOL': 0.33625069828705334, 'XRP': 0.0, 'ADA': 0.34856516637027135, 'DOGE': 0.0, 'LINK': 0.0, 'AVAX': 0.31518413534267525, 'LTC': 0.0, 'BCH': 0.0, 'CASH': 1.1102230246251565e-16}",1.1102230246251565e-16
1706486400000,2024-01-29,196781.35044833587,"{'BTC': 0.4, 'ETH': 0.0, 'SOL': 0.31758832341705673, 'XRP': 0.0, 'ADA': 0.0, 'DOGE': 0.0, 'LINK': 0.0, 'AVAX': 0.2824116765829432, 'LTC': 0.0, 'BCH': 0.0, 'CASH': 0.0}",0.0
1706572800000,2024-01-30,194633.01414043354,"{'BTC': 0.4, 'ETH': 0.0, 'SOL': 0.31758832341705673, 'XRP': 0.0, 'ADA': 0.0, 'DOGE': 0.0, 'LINK': 0.0, 'AVAX': 0.2824116765829432, 'LTC': 0.0, 'BCH': 0.0, 'CASH': 0.0}",0.0
1706659200000,2024-01-31,187949.7723577537,"{'BTC': 0.4, 'ETH': 0.0, 'SOL': 0.31758832341705673, 'XRP': 0.0, 'ADA': 0.0, 'DOGE': 0.0, 'LINK': 0.0, 'AVAX': 0.2824116765829432, 'LTC': 0.0, 'BCH': 0.0, 'CASH': 0.0}",0.0
1706745600000,2024-02-01,190496.1999371836,"{'BTC': 0.4, 'ETH': 0.0, 'SOL': 0.31758832341705673, 'XRP': 0.0, 'ADA': 0.0, 'DOGE': 0.0, 'LINK': 0.0, 'AVAX': 0.2824116765829432, 'LTC': 0.0, 'BCH': 0.0, 'CASH': 0.0}",0.0
1706832000000,2024-02-02,197068.73756429832,"{'BTC': 0.4, 'ETH': 0.0, 'SOL': 0.31758832341705673, 'XRP': 0.0, 'ADA': 0.0, 'DOGE': 0.0, 'LINK': 0.0, 'AVAX': 0.2824116765829432, 'LTC': 0.0, 'BCH': 0.0, 'CASH': 0.0}",0.0
1706918400000,2024-02-03,193884.31772878236,"{'BTC': 0.4, 'ETH': 0.0, 'SOL': 0.31758832341705673, 'XRP': 0.0, 'ADA': 0.0, 'DOGE': 0.0, 'LINK': 0.0, 'AVAX': 0.2824116765829432, 'LTC': 0.0, 'BCH': 0.0, 'CASH': 0.0}",0.0
1707004800000,2024-02-04,189830.37924131472,"{'BTC': 0.4, 'ETH': 0.0, 'SOL': 0.31758832341705673, 'XRP': 0.0, 'ADA': 0.0, 'DOGE': 0.0, 'LINK': 0.0, 'AVAX': 0.2824116765829432, 'LTC': 0.0, 'BCH': 0.0, 'CASH': 0.0}",0.0
1707091200000,2024-02-05,189215.5847095661,"{'BTC': 0.0, 'ETH': 0.0, 'SOL': 0.36179108226861134, 'XRP': 0.0, 'ADA': 0.0, 'DOGE': 0.0, 'LINK': 0.3150412179673451, 'AVAX': 0.3231676997640436, 'LTC': 0.0, 'BCH': 0.0, 'CASH': 0.0}",0.0
1707177600000,2024-02-06,186898.73681025233,"{'BTC': 0.0, 'ETH': 0.0, 'SOL': 0.36179108226861134, 'XRP': 0.0, 'ADA': 0.0, 'DOGE': 0.0, 'LINK': 0.3150412179673451, 'AVAX': 0.3231676997640436, 'LTC': 0.0, 'BCH': 0.0, 'CASH': 0.0}",0.0
1707264000000,2024-02-07,193604.59390731258,"{'BTC': 0.0, 'ETH': 0.0, 'SOL': 0.36179108226861134, 'XRP': 0.0, 'ADA': 0.0, 'DOGE': 0.0, 'LINK': 0.3150412179673451, 'AVAX': 0.3231676997640436, 'LTC': 0.0, 'BCH': 0.0, 'CASH': 0.0}",0.0
1707350400000,2024-02-08,193052.4322029339,"{'BTC': 0.0, 'ETH': 0.0, 'SOL': 0.36179108226861134, 'XRP': 0.0, 'ADA': 0.0, 'DOGE': 0.0, 'LINK': 0.3150412179673451, 'AVAX': 0.3231676997640436, 'LTC': 0.0, 'BCH': 0.0, 'CASH': 0.0}",0.0
1707436800000,2024-02-09,201363.75813935144,"{'BTC': 0.0, 'ETH': 0.0, 'SOL': 0.36179108226861134, 'XRP': 0.0, 'ADA': 0.0, 'DOGE': 0.0, 'LINK': 0.3150412179673451, 'AVAX': 0.3231676997640436, 'LTC': 0.0, 'BCH': 0.0, 'CASH': 0.0}",0.0
1707523200000,2024-02-10,208588.2576796721,"{'BTC': 0.0, 'ETH': 0.0, 'SOL': 0.36179108226861134, 'XRP': 0.0, 'ADA': 0.0, 'DOGE': 0.0, 'LINK': 0.3150412179673451, 'AVAX': 0.3231676997640436, 'LTC': 0.0, 'BCH': 0.0, 'CASH': 0.0}",0.0
1707609600000,2024-02-11,210394.9556133452,"{'BTC': 0.0, 'ETH': 0.0, 'SOL': 0.36179108226861134, 'XRP': 0.0, 'ADA': 0.0, 'DOGE': 0.0, 'LINK': 0.3150412179673451, 'AVAX': 0.3231676997640436, 'LTC': 0.0, 'BCH': 0.0, 'CASH': 0.0}",0.0
1707696000000,2024-02-12,216267.3959874592,"{'BTC': 0.4, 'ETH': 0.0, 'SOL': 0.325800031067692, 'XRP': 0.0, 'ADA': 0.0, 'DOGE': 0.0, 'LINK': 0.27419996893230797, 'AVAX': 0.0, 'LTC': 0.0, 'BCH': 0.0, 'CASH': 0.0}",0.0
1707782400000,2024-02-13,214685.6220300956,"{'BTC': 0.4, 'ETH': 0.0, 'SOL': 0.325800031067692, 'XRP': 0.0, 'ADA': 0.0, 'DOGE': 0.0, 'LINK': 0.27419996893230797, 'AVAX': 0.0, 'LTC': 0.0, 'BCH': 0.0, 'CASH': 0.0}",0.0
1707868800000,2024-02-14,222356.2800363707,"{'BTC': 0.4, 'ETH': 0.0, 'SOL': 0.325800031067692, 'XRP': 0.0, 'ADA': 0.0, 'DOGE': 0.0, 'LINK': 0.27419996893230797, 'AVAX': 0.0, 'LTC': 0.0, 'BCH': 0.0, 'CASH': 0.0}",0.0
1707955200000,2024-02-15,219373.3899487319,"{'BTC': 0.4, 'ETH': 0.0, 'SOL': 0.325800031067692, 'XRP': 0.0, 'ADA': 0.0, 'DOGE': 0.0, 'LINK': 0.27419996893230797, 'AVAX': 0.0, 'LTC': 0.0, 'BCH': 0.0, 'CASH': 0.0}",0.0
1708041600000,2024-02-16,216579.21420638033,"{'BTC': 0.4, 'ETH': 0.0, 'SOL': 0.325800031067692, 'XRP': 0.0, 'ADA': 0.0, 'DOGE': 0.0, 'LINK': 0.27419996893230797, 'AVAX': 0.0, 'LTC': 0.0, 'BCH': 0.0, 'CASH': 0.0}",0.0
1708128000000,2024-02-17,216254.29146315355,"{'BTC': 0.4, 'ETH': 0.0, 'SOL': 0.325800031067692, 'XRP': 0.0, 'ADA': 0.0, 'DOGE': 0.0, 'LINK': 0.27419996893230797, 'AVAX': 0.0, 'LTC': 0.0, 'BCH': 0.0, 'CASH': 0.0}",0.0
1708214400000,2024-02-18,219455.90741302678,"{'BTC': 0.4, 'ETH': 0.0, 'SOL': 0.325800031067692, 'XRP': 0.0, 'ADA': 0.0, 'DOGE': 0.0, 'LINK': 0.27419996893230797, 'AVAX': 0.0, 'LTC': 0.0, 'BCH': 0.0, 'CASH': 0.0}",0.0
1708300800000,2024-02-19,217174.017242005,"{'BTC': 0.0, 'ETH': 0.4, 'SOL': 0.3444917528635666, 'XRP': 0.0, 'ADA': 0.0, 'DOGE': 0.0, 'LINK': 0.25550824713643344, 'AVAX': 0.0, 'LTC': 0.0, 'BCH': 0.0, 'CASH': 0.0}",0.0
1708387200000,2024-02-20,215557.8669350039,"{'BTC': 0.0, 'ETH': 0.4, 'SOL': 0.3444917528635666, 'XRP': 0.0, 'ADA': 0.0, 'DOGE': 0.0, 'LINK': 0.25550824713643344, 'AVAX': 0.0, 'LTC': 0.0, 'BCH': 0.0, 'CASH': 0.0}",0.0
1708473600000,2024-02-21,209971.68849201855,"{'BTC': 0.0, 'ETH': 0.4, 'SOL': 0.3444917528635666, 'XRP': 0.0, 'ADA': 0.0, 'DOGE': 0.0, 'LINK': 0.25550824713643344, 'AVAX': 0.0, 'LTC': 0.0, 'BCH': 0.0, 'CASH': 0.0}",0.0
1708560000000,2024-02-22,206278.38539116553,"{'BTC': 0.0, 'ETH': 0.4, 'SOL': 0.3444917528635666, 'XRP': 0.0, 'ADA': 0.0, 'DOGE': 0.0, 'LINK': 0.25550824713643344, 'AVAX': 0.0, 'LTC': 0.0, 'BCH': 0.0, 'CASH': 0.0}",0.0
1708646400000,2024-02-23,203203.6513884575,"{'BTC': 0.0, 'ETH': 0.4, 'SOL': 0.3444917528635666, 'XRP': 0.0, 'ADA': 0.0, 'DOGE': 0.0, 'LINK': 0.25550824713643344, 'AVAX': 0.0, 'LTC': 0.0, 'BCH': 0.0, 'CASH': 0.0}",0.0
1708732800000,2024-02-24,209787.79291309533,"{'BTC': 0.0, 'ETH': 0.4, 'SOL': 0.3444917528635666, 'XRP': 0.0, 'ADA': 0.0, 'DOGE': 0.0, 'LINK': 0.25550824713643344, 'AVAX': 0.0, 'LTC': 0.0, 'BCH': 0.0, 'CASH': 0.0}",0.0
1708819200000,2024-02-25,213338.2987134923,"{'BTC': 0.0, 'ETH': 0.4, 'SOL': 0.3444917528635666, 'XRP': 0.0, 'ADA': 0.0, 'DOGE': 0.0, 'LINK': 0.25550824713643344, 'AVAX': 0.0, 'LTC': 0.0, 'BCH': 0.0, 'CASH': 0.0}",0.0
1708905600000,2024-02-26,220527.88738316917,"{'BTC': 0.39644830277781884, 'ETH': 0.3546308965923127, 'SOL': 0.2489208006298683, 'XRP': 0.0, 'ADA': 0.0, 'DOGE': 0.0, 'LINK': 0.0, 'AVAX': 0.0, 'LTC': 0.0, 'BCH': 0.0, 'CASH': 1.1102230246251565e-16}",1.1102230246251565e-16
1708992000000,2024-02-27,225423.98373586888,"{'BTC': 0.39644830277781884, 'ETH': 0.3546308965923127, 'SOL': 0.2489208006298683, 'XRP': 0.0, 'ADA': 0.0, 'DOGE': 0.0, 'LINK': 0.0, 'AVAX': 0.0, 'LTC': 0.0, 'BCH': 0.0, 'CASH': 1.1102230246251565e-16}",1.1102230246251565e-16
1709078400000,2024-02-28,242945.1472048952,"{'BTC': 0.39644830277781884, 'ETH': 0.3546308965923127, 'SOL': 0.2489208006298683, 'XRP': 0.0, 'ADA': 0.0, 'DOGE': 0.0, 'LINK': 0.0, 'AVAX': 0.0, 'LTC': 0.0, 'BCH': 0.0, 'CASH': 1.1102230246251565e-16}",1.1102230246251565e-16
1709164800000,2024-02-29,243159.82906024062,"{'BTC': 0.39644830277781884, 'ETH': 0.3546308965923127, 'SOL': 0.2489208006298683, 'XRP': 0.0, 'ADA': 0.0, 'DOGE': 0.0, 'LINK': 0.0, 'AVAX': 0.0, 'LTC': 0.0, 'BCH': 0.0, 'CASH': 1.1102230246251565e-16}",1.1102230246251565e-16
1709251200000,2024-03-01,249402.20785684529,"{'BTC': 0.39644830277781884, 'ETH': 0.3546308965923127, 'SOL': 0.2489208006298683, 'XRP': 0.0, 'ADA': 0.0, 'DOGE': 0.0, 'LINK': 0.0, 'AVAX': 0.0, 'LTC': 0.0, 'BCH': 0.0, 'CASH': 1.1102230246251565e-16}",1.1102230246251565e-16
1709337600000,2024-03-02,248805.9568713416,"{'BTC': 0.39644830277781884, 'ETH': 0.3546308965923127, 'SOL': 0.2489208006298683, 'XRP': 0.0, 'ADA': 0.0, 'DOGE': 0.0, 'LINK': 0.0, 'AVAX': 0.0, 'LTC': 0.0, 'BCH': 0.0, 'CASH': 1.1102230246251565e-16}",1.1102230246251565e-16
1709424000000,2024-03-03,252256.16947593275,"{'BTC': 0.39644830277781884, 'ETH': 0.3546308965923127, 'SOL': 0.2489208006298683, 'XRP': 0.0, 'ADA': 0.0, 'DOGE': 0.0, 'LINK': 0.0, 'AVAX': 0.0, 'LTC': 0.0, 'BCH': 0.0, 'CASH': 1.1102230246251565e-16}",1.1102230246251565e-16
1709510400000,2024-03-04,265508.9541978863,"{'BTC': 0.4, 'ETH': 0.4, 'SOL': 0.0, 'XRP': 0.0, 'ADA': 0.0, 'DOGE': 0.19999999999999996, 'LINK': 0.0, 'AVAX': 0.0, 'LTC': 0.0, 'BCH': 0.0, 'CASH': 0.0}",0.0
1709596800000,2024-03-05,247869.3640380579,"{'BTC': 0.4, 'ETH': 0.4, 'SOL': 0.0, 'XRP': 0.0, 'ADA': 0.0, 'DOGE': 0.19999999999999996, 'LINK': 0.0, 'AVAX': 0.0, 'LTC': 0.0, 'BCH': 0.0, 'CASH': 0.0}",0.0
1709683200000,2024-03-06,260187.47447609997,"{'BTC': 0.4, 'ETH': 0.4, 'SOL': 0.0, 'XRP': 0.0, 'ADA': 0.0, 'DOGE': 0.19999999999999996, 'LINK': 0.0, 'AVAX': 0.0, 'LTC': 0.0, 'BCH': 0.0, 'CASH': 0.0}",0.0
1709769600000,2024-03-07,262897.8866527108,"{'BTC': 0.4, 'ETH': 0.4, 'SOL': 0.0, 'XRP': 0.0, 'ADA': 0.0, 'DOGE': 0.19999999999999996, 'LINK': 0.0, 'AVAX': 0.0, 'LTC': 0.0, 'BCH': 0.0, 'CASH': 0.0}",0.0
1709856000000,2024-03-08,267845.36169638945,"{'BTC': 0.4, 'ETH': 0.4, 'SOL': 0.0, 'XRP': 0.0, 'ADA': 0.0, 'DOGE': 0.19999999999999996, 'LINK': 0.0, 'AVAX': 0.0, 'LTC': 0.0, 'BCH': 0.0, 'CASH': 0.0}",0.0
1709942400000,2024-03-09,273353.57994202006,"{'BTC': 0.4, 'ETH': 0.4, 'SOL': 0.0, 'XRP': 0.0, 'ADA': 0.0, 'DOGE': 0.19999999999999996, 'LINK': 0.0, 'AVAX': 0.0, 'LTC': 0.0, 'BCH': 0.0, 'CASH': 0.0}",0.0
1710028800000,2024-03-10,270661.27125373937,"{'BTC': 0.4, 'ETH': 0.4, 'SOL': 0.0, 'XRP': 0.0, 'ADA': 0.0, 'DOGE': 0.19999999999999996, 'LINK': 0.0, 'AVAX': 0.0, 'LTC': 0.0, 'BCH': 0.0, 'CASH': 0.0}",0.0
1710115200000,2024-03-11,283913.34481966554,"{'BTC': 0.0, 'ETH': 0.4, 'SOL': 0.39975556947863616, 'XRP': 0.0, 'ADA': 0.0, 'DOGE': 0.2002444305213638, 'LINK': 0.0, 'AVAX': 0.0, 'LTC': 0.0, 'BCH': 0.0, 'CASH': 0.0}",0.0
1710201600000,2024-03-12,278830.0562191925,"{'BTC': 0.0, 'ETH': 0.4, 'SOL': 0.39975556947863616, 'XRP': 0.0, 'ADA': 0.0, 'DOGE': 0.2002444305213638, 'LINK': 0.0, 'AVAX': 0.0, 'LTC': 0.0, 'BCH': 0.0, 'CASH': 0.0}",0.0
1710288000000,2024-03-13,289403.4237775894,"{'BTC': 0.0, 'ETH': 0.4, 'SOL': 0.39975556947863616, 'XRP': 0.0, 'ADA': 0.0, 'DOGE': 0.2002444305213638, 'LINK': 0.0, 'AVAX': 0.0, 'LTC': 0.0, 'BCH': 0.0, 'CASH': 0.0}",0.0
1710374400000,2024-03-14,297525.02070693916,"{'BTC': 0.0, 'ETH': 0.4, 'SOL': 0.39975556947863616, 'XRP': 0.0, 'ADA': 0.0, 'DOGE': 0.2002444305213638, 'LINK': 0.0, 'AVAX': 0.0, 'LTC': 0.0, 'BCH': 0.0, 'CASH': 0.0}",0.0
1710460800000,2024-03-15,293553.3912414564,"{'BTC': 0.0, 'ETH': 0.4, 'SOL': 0.39975556947863616, 'XRP': 0.0, 'ADA': 0.0, 'DOGE': 0.2002444305213638, 'LINK': 0.0, 'AVAX': 0.0, 'LTC': 0.0, 'BCH': 0.0, 'CASH': 0.0}",0.0
1710547200000,2024-03-16,277720.2219686496,"{'BTC': 0.0, 'ETH': 0.4, 'SOL': 0.39975556947863616, 'XRP': 0.0, 'ADA': 0.0, 'DOGE': 0.2002444305213638, 'LINK': 0.0, 'AVAX': 0.0, 'LTC': 0.0, 'BCH': 0.0, 'CASH': 0.0}",0.0
1710633600000,2024-03-17,298175.8796465361,"{'BTC': 0.0, 'ETH': 0.4, 'SOL': 0.39975556947863616, 'XRP': 0.0, 'ADA': 0.0, 'DOGE': 0.2002444305213638, 'LINK': 0.0, 'AVAX': 0.0, 'LTC': 0.0, 'BCH': 0.0, 'CASH': 0.0}",0.0
1710720000000,2024-03-18,285954.7000600771,"{'BTC': 0.3933041992786229, 'ETH': 0.0, 'SOL': 0.3532582783540914, 'XRP': 0.0, 'ADA': 0.0, 'DOGE': 0.0, 'LINK': 0.0, 'AVAX': 0.2534375223672857, 'LTC': 0.0, 'BCH': 0.0, 'CASH': 0.0}",0.0
1710806400000,2024-03-19,254452.59549460118,"{'BTC': 0.3933041992786229, 'ETH': 0.0, 'SOL': 0.3532582783540914, 'XRP': 0.0, 'ADA': 0.0, 'DOGE': 0.0, 'LINK': 0.0, 'AVAX': 0.2534375223672857, 'LTC': 0.0, 'BCH': 0.0, 'CASH': 0.0}",0.0
1710892800000,2024-03-20,280029.929759803,"{'BTC': 0.3933041992786229, 'ETH': 0.0, 'SOL': 0.3532582783540914, 'XRP': 0.0, 'ADA': 0.0, 'DOGE': 0.0, 'LINK': 0.0, 'AVAX': 0.2534375223672857, 'LTC': 0.0, 'BCH': 0.0, 'CASH': 0.0}",0.0
1710979200000,2024-03-21,265649.3403066338,"{'BTC': 0.3933041992786229, 'ETH': 0.0, 'SOL': 0.3532582783540914, 'XRP': 0.0, 'ADA': 0.0, 'DOGE': 0.0, 'LINK': 0.0, 'AVAX': 0.2534375223672857, 'LTC': 0.0, 'BCH': 0.0, 'CASH': 0.0}",0.0
1711065600000,2024-03-22,260395.52226584568,"{'BTC': 0.3933041992786229, 'ETH': 0.0, 'SOL': 0.3532582783540914, 'XRP': 0.0, 'ADA': 0.0, 'DOGE': 0.0, 'LINK': 0.0, 'AVAX': 0.2534375223672857, 'LTC': 0.0, 'BCH': 0.0, 'CASH': 0.0}",0.0
1711152000000,2024-03-23,259358.0062300411,"{'BTC': 0.3933041992786229, 'ETH': 0.0, 'SOL': 0.3532582783540914, 'XRP': 0.0, 'ADA': 0.0, 'DOGE': 0.0, 'LINK': 0.0, 'AVAX': 0.2534375223672857, 'LTC': 0.0, 'BCH': 0.0, 'CASH': 0.0}",0.0
1711238400000,2024-03-24,273104.2681275546,"{'BTC': 0.3933041992786229, 'ETH': 0.0, 'SOL': 0.3532582783540914, 'XRP': 0.0, 'ADA': 0.0, 'DOGE': 0.0, 'LINK': 0.0, 'AVAX': 0.2534375223672857, 'LTC': 0.0, 'BCH': 0.0, 'CASH': 0.0}",0.0
1711324800000,2024-03-25,282234.1938352293,"{'BTC': 0.0, 'ETH': 0.0, 'SOL': 0.3665535053787999, 'XRP': 0.0, 'ADA': 0.0, 'DOGE': 0.2976679464533011, 'LINK': 0.0, 'AVAX': 0.33577854816789904, 'LTC': 0.0, 'BCH': 0.0, 'CASH': 0.0}",0.0
1711411200000,2024-03-26,283186.3596848233,"{'BTC': 0.0, 'ETH': 0.0, 'SOL': 0.3665535053787999, 'XRP': 0.0, 'ADA': 0.0, 'DOGE': 0.2976679464533011, 'LINK': 0.0, 'AVAX': 0.33577854816789904, 'LTC': 0.0, 'BCH': 0.0, 'CASH': 0.0}",0.0
1711497600000,2024-03-27,281743.12243385083,"{'BTC': 0.0, 'ETH': 0.0, 'SOL': 0.3665535053787999, 'XRP': 0.0, 'ADA': 0.0, 'DOGE': 0.2976679464533011, 'LINK': 0.0, 'AVAX': 0.33577854816789904, 'LTC': 0.0, 'BCH': 0.0, 'CASH': 0.0}",0.0
1711584000000,2024-03-28,297666.5544993258,"{'BTC': 0.0, 'ETH': 0.0, 'SOL': 0.3665535053787999, 'XRP': 0.0, 'ADA': 0.0, 'DOGE': 0.2976679464533011, 'LINK': 0.0, 'AVAX': 0.33577854816789904, 'LTC': 0.0, 'BCH': 0.0, 'CASH': 0.0}",0.0
1711670400000,2024-03-29,293989.14498410106,"{'BTC': 0.0, 'ETH': 0.0, 'SOL': 0.3665535053787999, 'XRP': 0.0, 'ADA': 0.0, 'DOGE': 0.2976679464533011, 'LINK': 0.0, 'AVAX': 0.33577854816789904, 'LTC': 0.0, 'BCH': 0.0, 'CASH': 0.0}",0.0
1711756800000,2024-03-30,288664.89544504887,"{'BTC': 0.0, 'ETH': 0.0, 'SOL': 0.3665535053787999, 'XRP': 0.0, 'ADA': 0.0, 'DOGE': 0.2976679464533011, 'LINK': 0.0, 'AVAX': 0.33577854816789904, 'LTC': 0.0, 'BCH': 0.0, 'CASH': 0.0}",0.0
1711843200000,2024-03-31,304169.2237816603,"{'BTC': 0.0, 'ETH': 0.0, 'SOL': 0.3665535053787999, 'XRP': 0.0, 'ADA': 0.0, 'DOGE': 0.2976679464533011, 'LINK': 0.0, 'AVAX': 0.33577854816789904, 'LTC': 0.0, 'BCH': 0.0, 'CASH': 0.0}",0.0
1711929600000,2024-04-01,287013.0403020122,"{'BTC': 0.0, 'ETH': 0.0, 'SOL': 0.37802245433122994, 'XRP': 0.0, 'ADA': 0.0, 'DOGE': 0.2767152511846479, 'LINK': 0.0, 'AVAX': 0.0, 'LTC': 0.0, 'BCH': 0.34526229448412227, 'CASH': 0.0}",0.0
1712016000000,2024-04-02,270817.70707152033,"{'BTC': 0.0, 'ETH': 0.0, 'SOL': 0.37802245433122994, 'XRP': 0.0, 'ADA': 0.0, 'DOGE': 0.2767152511846479, 'LINK': 0.0, 'AVAX': 0.0, 'LTC': 0.0, 'BCH': 0.34526229448412227, 'CASH': 0.0}",0.0
1712102400000,2024-04-03,263080.7409293831,"{'BTC': 0.0, 'ETH': 0.0, 'SOL': 0.37802245433122994, 'XRP': 0.0, 'ADA': 0.0, 'DOGE': 0.2767152511846479, 'LINK': 0.0, 'AVAX': 0.0, 'LTC': 0.0, 'BCH': 0.34526229448412227, 'CASH': 0.0}",0.0
1712188800000,2024-04-04,275627.8459982002,"{'BTC': 0.0, 'ETH': 0.0, 'SOL': 0.37802245433122994, 'XRP': 0.0, 'ADA': 0.0, 'DOGE': 0.2767152511846479, 'LINK': 0.0, 'AVAX': 0.0, 'LTC': 0.0, 'BCH': 0.34526229448412227, 'CASH': 0.0}",0.0
1712275200000,2024-04-05,267897.81954465143,"{'BTC': 0.0, 'ETH': 0.0, 'SOL': 0.37802245433122994, 'XRP': 0.0, 'ADA': 0.0, 'DOGE': 0.2767152511846479, 'LINK': 0.0, 'AVAX': 0.0, 'LTC': 0.0, 'BCH': 0.34526229448412227, 'CASH': 0.0}",0.0
1712361600000,2024-04-06,279048.33337465057,"{'BTC': 0.0, 'ETH': 0.0, 'SOL': 0.37802245433122994, 'XRP': 0.0, 'ADA': 0.0, 'DOGE': 0.2767152511846479, 'LINK': 0.0, 'AVAX': 0.0, 'LTC': 0.0, 'BCH': 0.34526229448412227, 'CASH': 0.0}",0.0
1712448000000,2024-04-07,283637.7362385763,"{'BTC': 0.0, 'ETH': 0.0, 'SOL': 0.37802245433122994, 'XRP': 0.0, 'ADA': 0.0, 'DOGE': 0.2767152511846479, 'LINK': 0.0, 'AVAX': 0.0, 'LTC': 0.0, 'BCH': 0.34526229448412227, 'CASH': 0.0}",0.0
1712534400000,2024-04-08,285278.26915405924,"{'BTC': 0.0, 'ETH': 0.0, 'SOL': 0.4, 'XRP': 0.0, 'ADA': 0.0, 'DOGE': 0.2791513812102022, 'LINK': 0.0, 'AVAX': 0.0, 'LTC': 0.0, 'BCH': 0.3208486187897977, 'CASH': 0.0}",0.0
1712620800000,2024-04-09,273365.70216651156,"{'BTC': 0.0, 'ETH': 0.0, 'SOL': 0.4, 'XRP': 0.0, 'ADA': 0.0, 'DOGE': 0.2791513812102022, 'LINK': 0.0, 'AVAX': 0.0, 'LTC': 0.0, 'BCH': 0.3208486187897977, 'CASH': 0.0}",0.0
1712707200000,2024-04-10,272823.0770548614,"{'BTC': 0.0, 'ETH': 0.0, 'SOL': 0.4, 'XRP': 0.0, 'ADA': 0.0, 'DOGE': 0.2791513812102022, 'LINK': 0.0, 'AVAX': 0.0, 'LTC': 0.0, 'BCH': 0.3208486187897977, 'CASH': 0.0}",0.0
1712793600000,2024-04-11,267844.83550984744,"{'BTC': 0.0, 'ETH': 0.0, 'SOL': 0.4, 'XRP': 0.0, 'ADA': 0.0, 'DOGE': 0.2791513812102022, 'LINK': 0.0, 'AVAX': 0.0, 'LTC': 0.0, 'BCH': 0.3208486187897977, 'CASH': 0.0}",0.0
1712880000000,2024-04-12,237202.18705049652,"{'BTC': 0.0, 'ETH': 0.0, 'SOL': 0.4, 'XRP': 0.0, 'ADA': 0.0, 'DOGE': 0.2791513812102022, 'LINK': 0.0, 'AVAX': 0.0, 'LTC': 0.0, 'BCH': 0.3208486187897977, 'CASH': 0.0}",0.0
1712966400000,2024-04-13,212306.68025813843,"{'BTC': 0.0, 'ETH': 0.0, 'SOL': 0.4, 'XRP': 0.0, 'ADA': 0.0, 'DOGE': 0.2791513812102022, 'LINK': 0.0, 'AVAX': 0.0, 'LTC': 0.0, 'BCH': 0.3208486187897977, 'CASH': 0.0}",0.0
1713052800000,2024-04-14,230505.62222087436,"{'BTC': 0.0, 'ETH': 0.0, 'SOL': 0.4, 'XRP': 0.0, 'ADA': 0.0, 'DOGE': 0.2791513812102022, 'LINK': 0.0, 'AVAX': 0.0, 'LTC': 0.0, 'BCH': 0.3208486187897977, 'CASH': 0.0}",0.0
1713139200000,2024-04-15,219580.42112842348,"{'BTC': 0.0, 'ETH': 0.0, 'SOL': 0.4, 'XRP': 0.0, 'ADA': 0.0, 'DOGE': 0.30475076711855215, 'LINK': 0.0, 'AVAX': 0.0, 'LTC': 0.0, 'BCH': 0.2952492328814479, 'CASH': 0.0}",0.0
1713225600000,2024-04-16,213315.20420393086,"{'BTC': 0.0, 'ETH': 0.0, 'SOL': 0.4, 'XRP': 0.0, 'ADA': 0.0, 'DOGE': 0.30475076711855215, 'LINK': 0.0, 'AVAX': 0.0, 'LTC': 0.0, 'BCH': 0.2952492328814479, 'CASH': 0.0}",0.0
1713312000000,2024-04-17,203985.85802069976,"{'BTC': 0.0, 'ETH': 0.0, 'SOL': 0.4, 'XRP': 0.0, 'ADA': 0.0, 'DOGE': 0.30475076711855215, 'LINK': 0.0, 'AVAX': 0.0, 'LTC': 0.0, 'BCH': 0.2952492328814479, 'CASH': 0.0}",0.0
1713398400000,2024-04-18,214828.83184271023,"{'BTC': 0.0, 'ETH': 0.0, 'SOL': 0.4, 'XRP': 0.0, 'ADA': 0.0, 'DOGE': 0.30475076711855215, 'LINK': 0.0, 'AVAX': 0.0, 'LTC': 0.0, 'BCH': 0.2952492328814479, 'CASH': 0.0}",0.0
1713484800000,2024-04-19,216026.89359300118,"{'BTC': 0.0, 'ETH': 0.0, 'SOL': 0.4, 'XRP': 0.0, 'ADA': 0.0, 'DOGE': 0.30475076711855215, 'LINK': 0.0, 'AVAX': 0.0, 'LTC': 0.0, 'BCH': 0.2952492328814479, 'CASH': 0.0}",0.0
1713571200000,2024-04-20,229134.2234526587,"{'BTC': 0.0, 'ETH': 0.0, 'SOL': 0.4, 'XRP': 0.0, 'ADA': 0.0, 'DOGE': 0.30475076711855215, 'LINK': 0.0, 'AVAX': 0.0, 'LTC': 0.0, 'BCH': 0.2952492328814479, 'CASH': 0.0}",0.0
1713657600000,2024-04-21,224011.46748454502,"{'BTC': 0.0, 'ETH': 0.0, 'SOL': 0.4, 'XRP': 0.0, 'ADA': 0.0, 'DOGE': 0.30475076711855215, 'LINK': 0.0, 'AVAX': 0.0, 'LTC': 0.0, 'BCH': 0.2952492328814479, 'CASH': 0.0}",0.0
1713744000000,2024-04-22,232908.66832280924,"{'BTC': 0.0, 'ETH': 0.0, 'SOL': 0.3490835798189467, 'XRP': 0.0, 'ADA': 0.0, 'DOGE': 0.3532951093262902, 'LINK': 0.0, 'AVAX': 0.0, 'LTC': 0.0, 'BCH': 0.297621310854763, 'CASH': 0.0}",0.0
1713830400000,2024-04-23,228638.62700333906,"{'BTC': 0.0, 'ETH': 0.0, 'SOL': 0.3490835798189467, 'XRP': 0.0, 'ADA': 0.0, 'DOGE': 0.3532951093262902, 'LINK': 0.0, 'AVAX': 0.0, 'LTC': 0.0, 'BCH': 0.297621310854763, 'CASH': 0.0}",0.0
1713916800000,2024-04-24,217190.0511706555,"{'BTC': 0.0, 'ETH': 0.0, 'SOL': 0.3490835798189467, 'XRP': 0.0, 'ADA': 0.0, 'DOGE': 0.3532951093262902, 'LINK': 0.0, 'AVAX': 0.0, 'LTC': 0.0, 'BCH': 0.297621310854763, 'CASH': 0.0}",0.0
1714003200000,2024-04-25,215567.39000958708,"{'BTC': 0.0, 'ETH': 0.0, 'SOL': 0.3490835798189467, 'XRP': 0.0, 'ADA': 0.0, 'DOGE': 0.3532951093262902, 'LINK': 0.0, 'AVAX': 0.0, 'LTC': 0.0, 'BCH': 0.297621310854763, 'CASH': 0.0}",0.0
1714089600000,2024-04-26,211582.28163754474,"{'BTC': 0.0, 'ETH': 0.0, 'SOL': 0.3490835798189467, 'XRP': 0.0, 'ADA': 0.0, 'DOGE': 0.3532951093262902, 'LINK': 0.0, 'AVAX': 0.0, 'LTC': 0.0, 'BCH': 0.297621310854763, 'CASH': 0.0}",0.0
1714176000000,2024-04-27,211731.2453801164,"{'BTC': 0.0, 'ETH': 0.0, 'SOL': 0.3490835798189467, 'XRP': 0.0, 'ADA': 0.0, 'DOGE': 0.3532951093262902, 'LINK': 0.0, 'AVAX': 0.0, 'LTC': 0.0, 'BCH': 0.297621310854763, 'CASH': 0.0}",0.0
1714262400000,2024-04-28,208723.39112359166,"{'BTC': 0.0, 'ETH': 0.0, 'SOL': 0.3490835798189467, 'XRP': 0.0, 'ADA': 0.0, 'DOGE': 0.3532951093262902, 'LINK': 0.0, 'AVAX': 0.0, 'LTC': 0.0, 'BCH': 0.297621310854763, 'CASH': 0.0}",0.0
1714348800000,2024-04-29,205840.52274191895,"{'BTC': 0.4, 'ETH': 0.0, 'SOL': 0.0, 'XRP': 0.0, 'ADA': 0.0, 'DOGE': 0.31956141210228534, 'LINK': 0.0, 'AVAX': 0.0, 'LTC': 0.0, 'BCH': 0.2804385878977146, 'CASH': 1.1102230246251565e-16}",1.1102230246251565e-16
1714435200000,2024-04-30,193202.1943306151,"{'BTC': 0.4, 'ETH': 0.0, 'SOL': 0.0, 'XRP': 0.0, 'ADA': 0.0, 'DOGE': 0.31956141210228534, 'LINK': 0.0, 'AVAX': 0.0, 'LTC': 0.0, 'BCH': 0.2804385878977146, 'CASH': 1.1102230246251565e-16}",1.1102230246251565e-16
1714521600000,2024-05-01,187501.92515018315,"{'BTC': 0.4, 'ETH': 0.0, 'SOL': 0.0, 'XRP': 0.0, 'ADA': 0.0, 'DOGE': 0.31956141210228534, 'LINK': 0.0, 'AVAX': 0.0, 'LTC': 0.0, 'BCH': 0.2804385878977146, 'CASH': 1.1102230246251565e-16}",1.1102230246251565e-16
1714608000000,2024-05-02,189996.90814787638,"{'BTC': 0.4, 'ETH': 0.0, 'SOL': 0.0, 'XRP': 0.0, 'ADA': 0.0, 'DOGE': 0.31956141210228534, 'LINK': 0.0, 'AVAX': 0.0, 'LTC': 0.0, 'BCH': 0.2804385878977146, 'CASH': 1.1102230246251565e-16}",1.1102230246251565e-16
1714694400000,2024-05-03,204474.15173926254,"{'BTC': 0.4, 'ETH': 0.0, 'SOL': 0.0, 'XRP': 0.0, 'ADA': 0.0, 'DOGE': 0.31956141210228534, 'LINK': 0.0, 'AVAX': 0.0, 'LTC': 0.0, 'BCH': 0.2804385878977146, 'CASH': 1.1102230246251565e-16}",1.1102230246251565e-16
1714780800000,2024-05-04,213266.96056649447,"{'BTC': 0.4, 'ETH': 0.0, 'SOL': 0.0, 'XRP': 0.0, 'ADA': 0.0, 'DOGE': 0.31956141210228534, 'LINK': 0.0, 'AVAX': 0.0, 'LTC': 0.0, 'BCH': 0.2804385878977146, 'CASH': 1.1102230246251565e-16}",1.1102230246251565e-16
1714867200000,2024-05-05,214577.5339168374,"{'BTC': 0.4, 'ETH': 0.0, 'SOL': 0.0, 'XRP': 0.0, 'ADA': 0.0, 'DOGE': 0.31956141210228534, 'LINK': 0.0, 'AVAX': 0.0, 'LTC': 0.0, 'BCH': 0.2804385878977146, 'CASH': 1.1102230246251565e-16}",1.1102230246251565e-16
1714953600000,2024-05-06,211416.23241106054,"{'BTC': 0.0, 'ETH': 0.0, 'SOL': 0.4, 'XRP': 0.0, 'ADA': 0.0, 'DOGE': 0.0, 'LINK': 0.0, 'AVAX': 0.0, 'LTC': 0.0, 'BCH': 0.0, 'CASH': 0.6}",0.6
1715040000000,2024-05-07,208771.2815743796,"{'BTC': 0.0, 'ETH': 0.0, 'SOL': 0.4, 'XRP': 0.0, 'ADA': 0.0, 'DOGE': 0.0, 'LINK': 0.0, 'AVAX': 0.0, 'LTC': 0.0, 'BCH': 0.0, 'CASH': 0.6}",0.6
1715126400000,2024-05-08,205432.0691814844,"{'BTC': 0.0, 'ETH': 0.0, 'SOL': 0.4, 'XRP': 0.0, 'ADA': 0.0, 'DOGE': 0.0, 'LINK': 0.0, 'AVAX': 0.0, 'LTC': 0.0, 'BCH': 0.0, 'CASH': 0.6}",0.6
1715212800000,2024-05-09,211450.6376474782,"{'BTC': 0.0, 'ETH': 0.0, 'SOL': 0.4, 'XRP': 0.0, 'ADA': 0.0, 'DOGE': 0.0, 'LINK': 0.0, 'AVAX': 0.0, 'LTC': 0.0, 'BCH': 0.0, 'CASH': 0.6}",0.6
1715299200000,2024-05-10,207829.88856176156,"{'BTC': 0.0, 'ETH': 0.0, 'SOL': 0.4, 'XRP': 0.0, 'ADA': 0.0, 'DOGE': 0.0, 'LINK': 0.0, 'AVAX': 0.0, 'LTC': 0.0, 'BCH': 0.0, 'CASH': 0.6}",0.6
1715385600000,2024-05-11,207465.49946874182,"{'BTC': 0.0, 'ETH': 0.0, 'SOL': 0.4, 'XRP': 0.0, 'ADA': 0.0, 'DOGE': 0.0, 'LINK': 0.0, 'AVAX': 0.0, 'LTC': 0.0, 'BCH': 0.0, 'CASH': 0.6}",0.6
1715472000000,2024-05-12,206312.3583559211,"{'BTC': 0.0, 'ETH': 0.0, 'SOL': 0.4, 'XRP': 0.0, 'ADA': 0.0, 'DOGE': 0.0, 'LINK': 0.0, 'AVAX': 0.0, 'LTC': 0.0, 'BCH': 0.0, 'CASH': 0.6}",0.6
1715558400000,2024-05-13,208530.65876876487,"{'BTC': 0.0, 'ETH': 0.0, 'SOL': 0.0, 'XRP': 0.0, 'ADA': 0.0, 'DOGE': 0.0, 'LINK': 0.0, 'AVAX': 0.0, 'LTC': 0.0, 'BCH': 0.0, 'CASH': 1.0}",1.0
1715644800000,2024-05-14,208530.65876876487,"{'BTC': 0.0, 'ETH': 0.0, 'SOL': 0.0, 'XRP': 0.0, 'ADA': 0.0, 'DOGE': 0.0, 'LINK': 0.0, 'AVAX': 0.0, 'LTC': 0.0, 'BCH': 0.0, 'CASH': 1.0}",1.0
1715731200000,2024-05-15,208530.65876876487,"{'BTC': 0.0, 'ETH': 0.0, 'SOL': 0.0, 'XRP': 0.0, 'ADA': 0.0, 'DOGE': 0.0, 'LINK': 0.0, 'AVAX': 0.0, 'LTC': 0.0, 'BCH': 0.0, 'CASH': 1.0}",1.0
1715817600000,2024-05-16,208530.65876876487,"{'BTC': 0.0, 'ETH': 0.0, 'SOL': 0.0, 'XRP': 0.0, 'ADA': 0.0, 'DOGE': 0.0, 'LINK': 0.0, 'AVAX': 0.0, 'LTC': 0.0, 'BCH': 0.0, 'CASH': 1.0}",1.0
1715904000000,2024-05-17,208530.65876876487,"{'BTC': 0.0, 'ETH': 0.0, 'SOL': 0.0, 'XRP': 0.0, 'ADA': 0.0, 'DOGE': 0.0, 'LINK': 0.0, 'AVAX': 0.0, 'LTC': 0.0, 'BCH': 0.0, 'CASH': 1.0}",1.0
1715990400000,2024-05-18,208530.65876876487,"{'BTC': 0.0, 'ETH': 0.0, 'SOL': 0.0, 'XRP': 0.0, 'ADA': 0.0, 'DOGE': 0.0, 'LINK': 0.0, 'AVAX': 0.0, 'LTC': 0.0, 'BCH': 0.0, 'CASH': 1.0}",1.0
1716076800000,2024-05-19,208530.65876876487,"{'BTC': 0.0, 'ETH': 0.0, 'SOL': 0.0, 'XRP': 0.0, 'ADA': 0.0, 'DOGE': 0.0, 'LINK': 0.0, 'AVAX': 0.0, 'LTC': 0.0, 'BCH': 0.0, 'CASH': 1.0}",1.0
1716163200000,2024-05-20,208113.59745122734,"{'BTC': 0.4, 'ETH': 0.2896134274605637, 'SOL': 0.3103865725394363, 'XRP': 0.0, 'ADA': 0.0, 'DOGE': 0.0, 'LINK': 0.0, 'AVAX': 0.0, 'LTC': 0.0, 'BCH': 0.0, 'CASH': 0.0}",0.0
1716249600000,2024-05-21,205733.823421802,"{'BTC': 0.4, 'ETH': 0.2896134274605637, 'SOL': 0.3103865725394363, 'XRP': 0.0, 'ADA': 0.0, 'DOGE': 0.0, 'LINK': 0.0, 'AVAX': 0.0, 'LTC': 0.0, 'BCH': 0.0, 'CASH': 0.0}",0.0
1716336000000,2024-05-22,203223.76135572052,"{'BTC': 0.4, 'ETH': 0.2896134274605637, 'SOL': 0.3103865725394363, 'XRP': 0.0, 'ADA': 0.0, 'DOGE': 0.0, 'LINK': 0.0, 'AVAX': 0.0, 'LTC': 0.0, 'BCH': 0.0, 'CASH': 0.0}",0.0
1716422400000,2024-05-23,202294.1948870428,"{'BTC': 0.4, 'ETH': 0.2896134274605637, 'SOL': 0.3103865725394363, 'XRP': 0.0, 'ADA': 0.0, 'DOGE': 0.0, 'LINK': 0.0, 'AVAX': 0.0, 'LTC': 0.0, 'BCH': 0.0, 'CASH': 0.0}",0.0
1716508800000,2024-05-24,199176.11766898818,"{'BTC': 0.4, 'ETH': 0.2896134274605637, 'SOL': 0.3103865725394363, 'XRP': 0.0, 'ADA': 0.0, 'DOGE': 0.0, 'LINK': 0.0, 'AVAX': 0.0, 'LTC': 0.0, 'BCH': 0.0, 'CASH': 0.0}",0.0
1716595200000,2024-05-25,200621.1544736309,"{'BTC': 0.4, 'ETH': 0.2896134274605637, 'SOL': 0.3103865725394363, 'XRP': 0.0, 'ADA': 0.0, 'DOGE': 0.0, 'LINK': 0.0, 'AVAX': 0.0, 'LTC': 0.0, 'BCH': 0.0, 'CASH': 0.0}",0.0
1716681600000,2024-05-26,198951.9954824447,"{'BTC': 0.4, 'ETH': 0.2896134274605637, 'SOL': 0.3103865725394363, 'XRP': 0.0, 'ADA': 0.0, 'DOGE': 0.0, 'LINK': 0.0, 'AVAX': 0.0, 'LTC': 0.0, 'BCH': 0.0, 'CASH': 0.0}",0.0
1716768000000,2024-05-27,203238.31707301794,"{'BTC': 0.0, 'ETH': 0.4, 'SOL': 0.0, 'XRP': 0.0, 'ADA': 0.0, 'DOGE': 0.0, 'LINK': 0.0, 'AVAX': 0.0, 'LTC': 0.0, 'BCH': 0.0, 'CASH': 0.6}",0.6
1716854400000,2024-05-28,202178.1213037737,"{'BTC': 0.0, 'ETH': 0.4, 'SOL': 0.0, 'XRP': 0.0, 'ADA': 0.0, 'DOGE': 0.0, 'LINK': 0.0, 'AVAX': 0.0, 'LTC': 0.0, 'BCH': 0.0, 'CASH': 0.6}",0.6
1716940800000,2024-05-29,200538.1533554068,"{'BTC': 0.0, 'ETH': 0.4, 'SOL': 0.0, 'XRP': 0.0, 'ADA': 0.0, 'DOGE': 0.0, 'LINK': 0.0, 'AVAX': 0.0, 'LTC': 0.0, 'BCH': 0.0, 'CASH': 0.6}",0.6
1717027200000,2024-05-30,200210.43604601684,"{'BTC': 0.0, 'ETH': 0.4, 'SOL': 0.0, 'XRP': 0.0, 'ADA': 0.0, 'DOGE': 0.0, 'LINK': 0.0, 'AVAX': 0.0, 'LTC': 0.0, 'BCH': 0.0, 'CASH': 0.6}",0.6
1717113600000,2024-05-31,200460.5160731058,"{'BTC': 0.0, 'ETH': 0.4, 'SOL': 0.0, 'XRP': 0.0, 'ADA': 0.0, 'DOGE': 0.0, 'LINK': 0.0, 'AVAX': 0.0, 'LTC': 0.0, 'BCH': 0.0, 'CASH': 0.6}",0.6
1717200000000,2024-06-01,201613.42912092252,"{'BTC': 0.0, 'ETH': 0.4, 'SOL': 0.0, 'XRP': 0.0, 'ADA': 0.0, 'DOGE': 0.0, 'LINK': 0.0, 'AVAX': 0.0, 'LTC': 0.0, 'BCH': 0.0, 'CASH': 0.6}",0.6
1717286400000,2024-06-02,200902.68847772304,"{'BTC': 0.0, 'ETH': 0.4, 'SOL': 0.0, 'XRP': 0.0, 'ADA': 0.0, 'DOGE': 0.0, 'LINK': 0.0, 'AVAX': 0.0, 'LTC': 0.0, 'BCH': 0.0, 'CASH': 0.6}",0.6
1717372800000,2024-06-03,200469.97617264857,"{'BTC': 0.4, 'ETH': 0.4, 'SOL': 0.0, 'XRP': 0.0, 'ADA': 0.0, 'DOGE': 0.0, 'LINK': 0.0, 'AVAX': 0.0, 'LTC': 0.0, 'BCH': 0.0, 'CASH': 0.19999999999999996}",0.19999999999999996
1717459200000,2024-06-04,203452.55829151615,"{'BTC': 0.4, 'ETH': 0.4, 'SOL': 0.0, 'XRP': 0.0, 'ADA': 0.0, 'DOGE': 0.0, 'LINK': 0.0, 'AVAX': 0.0, 'LTC': 0.0, 'BCH': 0.0, 'CASH': 0.19999999999999996}",0.19999999999999996
1717545600000,2024-06-05,205322.3191438856,"{'BTC': 0.4, 'ETH': 0.4, 'SOL': 0.0, 'XRP': 0.0, 'ADA': 0.0, 'DOGE': 0.0, 'LINK': 0.0, 'AVAX': 0.0, 'LTC': 0.0, 'BCH': 0.0, 'CASH': 0.19999999999999996}",0.19999999999999996
1717632000000,2024-06-06,203763.8720405184,"{'BTC': 0.4, 'ETH': 0.4, 'SOL': 0.0, 'XRP': 0.0, 'ADA': 0.0, 'DOGE': 0.0, 'LINK': 0.0, 'AVAX': 0.0, 'LTC': 0.0, 'BCH': 0.0, 'CASH': 0.19999999999999996}",0.19999999999999996
1717718400000,2024-06-07,199192.7928929417,"{'BTC': 0.4, 'ETH': 0.4, 'SOL': 0.0, 'XRP': 0.0, 'ADA': 0.0, 'DOGE': 0.0, 'LINK': 0.0, 'AVAX': 0.0, 'LTC': 0.0, 'BCH': 0.0, 'CASH': 0.19999999999999996}",0.19999999999999996
1717804800000,2024-06-08,199266.5657710907,"{'BTC': 0.4, 'ETH': 0.4, 'SOL': 0.0, 'XRP': 0.0, 'ADA': 0.0, 'DOGE': 0.0, 'LINK': 0.0, 'AVAX': 0.0, 'LTC': 0.0, 'BCH': 0.0, 'CASH': 0.19999999999999996}",0.19999999999999996
1717891200000,2024-06-09,200201.16542003624,"{'BTC': 0.4, 'ETH': 0.4, 'SOL': 0.0, 'XRP': 0.0, 'ADA': 0.0, 'DOGE': 0.0, 'LINK': 0.0, 'AVAX': 0.0, 'LTC': 0.0, 'BCH': 0.0, 'CASH': 0.19999999999999996}",0.19999999999999996
1717977600000,2024-06-10,199006.72074347406,"{'BTC': 0.0, 'ETH': 0.4, 'SOL': 0.0, 'XRP': 0.0, 'ADA': 0.0, 'DOGE': 0.0, 'LINK': 0.0, 'AVAX': 0.0, 'LTC': 0.0, 'BCH': 0.0, 'CASH': 0.6}",0.6
1718064000000,2024-06-11,195346.72469547304,"{'BTC': 0.0, 'ETH': 0.4, 'SOL': 0.0, 'XRP': 0.0, 'ADA': 0.0, 'DOGE': 0.0, 'LINK': 0.0, 'AVAX': 0.0, 'LTC': 0.0, 'BCH': 0.0, 'CASH': 0.6}",0.6
1718150400000,2024-06-12,196728.16219891666,"{'BTC': 0.0, 'ETH': 0.4, 'SOL': 0.0, 'XRP': 0.0, 'ADA': 0.0, 'DOGE': 0.0, 'LINK': 0.0, 'AVAX': 0.0, 'LTC': 0.0, 'BCH': 0.0, 'CASH': 0.6}",0.6
1718236800000,2024-06-13,194705.3522437501,"{'BTC': 0.0, 'ETH': 0.4, 'SOL': 0.0, 'XRP': 0.0, 'ADA': 0.0, 'DOGE': 0.0, 'LINK': 0.0, 'AVAX': 0.0, 'LTC': 0.0, 'BCH': 0.0, 'CASH': 0.6}",0.6
1718323200000,2024-06-14,194972.17266503317,"{'BTC': 0.0, 'ETH': 0.4, 'SOL': 0.0, 'XRP': 0.0, 'ADA': 0.0, 'DOGE': 0.0, 'LINK': 0.0, 'AVAX': 0.0, 'LTC': 0.0, 'BCH': 0.0, 'CASH': 0.6}",0.6
1718409600000,2024-06-15,196925.74393120813,"{'BTC': 0.0, 'ETH': 0.4, 'SOL': 0.0, 'XRP': 0.0, 'ADA': 0.0, 'DOGE': 0.0, 'LINK': 0.0, 'AVAX': 0.0, 'LTC': 0.0, 'BCH': 0.0, 'CASH': 0.6}",0.6
1718496000000,2024-06-16,198149.47298769784,"{'BTC': 0.0, 'ETH': 0.4, 'SOL': 0.0, 'XRP': 0.0, 'ADA': 0.0, 'DOGE': 0.0, 'LINK': 0.0, 'AVAX': 0.0, 'LTC': 0.0, 'BCH': 0.0, 'CASH': 0.6}",0.6
1718582400000,2024-06-17,195425.529062335,"{'BTC': 0.4, 'ETH': 0.3705847337567773, 'SOL': 0.22941526624322267, 'XRP': 0.0, 'ADA': 0.0, 'DOGE': 0.0, 'LINK': 0.0, 'AVAX': 0.0, 'LTC': 0.0, 'BCH': 0.0, 'CASH': 0.0}",0.0
1718668800000,2024-06-18,191455.29793781653,"{'BTC': 0.4, 'ETH': 0.3705847337567773, 'SOL': 0.22941526624322267, 'XRP': 0.0, 'ADA': 0.0, 'DOGE': 0.0, 'LINK': 0.0, 'AVAX': 0.0, 'LTC': 0.0, 'BCH': 0.0, 'CASH': 0.0}",0.0
1718755200000,2024-06-19,192211.0655280829,"{'BTC': 0.4, 'ETH': 0.3705847337567773, 'SOL': 0.22941526624322267, 'XRP': 0.0, 'ADA': 0.0, 'DOGE': 0.0, 'LINK': 0.0, 'AVAX': 0.0, 'LTC': 0.0, 'BCH': 0.0, 'CASH': 0.0}",0.0
1718841600000,2024-06-20,190437.43038342946,"{'BTC': 0.4, 'ETH': 0.3705847337567773, 'SOL': 0.22941526624322267, 'XRP': 0.0, 'ADA': 0.0, 'DOGE': 0.0, 'LINK': 0.0, 'AVAX': 0.0, 'LTC': 0.0, 'BCH': 0.0, 'CASH': 0.0}",0.0
1718928000000,2024-06-21,190064.37948877036,"{'BTC': 0.4, 'ETH': 0.3705847337567773, 'SOL': 0.22941526624322267, 'XRP': 0.0, 'ADA': 0.0, 'DOGE': 0.0, 'LINK': 0.0, 'AVAX': 0.0, 'LTC': 0.0, 'BCH': 0.0, 'CASH': 0.0}",0.0
1719014400000,2024-06-22,189449.36909337385,"{'BTC': 0.4, 'ETH': 0.3705847337567773, 'SOL': 0.22941526624322267, 'XRP': 0.0, 'ADA': 0.0, 'DOGE': 0.0, 'LINK': 0.0, 'AVAX': 0.0, 'LTC': 0.0, 'BCH': 0.0, 'CASH': 0.0}",0.0
1719100800000,2024-06-23,185028.69508583387,"{'BTC': 0.4, 'ETH': 0.3705847337567773, 'SOL': 0.22941526624322267, 'XRP': 0.0, 'ADA': 0.0, 'DOGE': 0.0, 'LINK': 0.0, 'AVAX': 0.0, 'LTC': 0.0, 'BCH': 0.0, 'CASH': 0.0}",0.0
1719187200000,2024-06-24,181228.29576991306,"{'BTC': 0.0, 'ETH': 0.4, 'SOL': 0.0, 'XRP': 0.0, 'ADA': 0.0, 'DOGE': 0.0, 'LINK': 0.0, 'AVAX': 0.0, 'LTC': 0.0, 'BCH': 0.0, 'CASH': 0.6}",0.6
1719273600000,2024-06-25,182158.83385437747,"{'BTC': 0.0, 'ETH': 0.4, 'SOL': 0.0, 'XRP': 0.0, 'ADA': 0.0, 'DOGE': 0.0, 'LINK': 0.0, 'AVAX': 0.0, 'LTC': 0.0, 'BCH': 0.0, 'CASH': 0.6}",0.6
1719360000000,2024-06-26,181637.3065000254,"{'BTC': 0.0, 'ETH': 0.4, 'SOL': 0.0, 'XRP': 0.0, 'ADA': 0.0, 'DOGE': 0.0, 'LINK': 0.0, 'AVAX': 0.0, 'LTC': 0.0, 'BCH': 0.0, 'CASH': 0.6}",0.6
1719446400000,2024-06-27,183281.9728995858,"{'BTC': 0.0, 'ETH': 0.4, 'SOL': 0.0, 'XRP': 0.0, 'ADA': 0.0, 'DOGE': 0.0, 'LINK': 0.0, 'AVAX': 0.0, 'LTC': 0.0, 'BCH': 0.0, 'CASH': 0.6}",0.6
1719532800000,2024-06-28,181750.85526251403,"{'BTC': 0.0, 'ETH': 0.4, 'SOL': 0.0, 'XRP': 0.0, 'ADA': 0.0, 'DOGE': 0.0, 'LINK': 0.0, 'AVAX': 0.0, 'LTC': 0.0, 'BCH': 0.0, 'CASH': 0.6}",0.6
1719619200000,2024-06-29,181743.09738724717,"{'BTC': 0.0, 'ETH': 0.4, 'SOL': 0.0, 'XRP': 0.0, 'ADA': 0.0, 'DOGE': 0.0, 'LINK': 0.0, 'AVAX': 0.0, 'LTC': 0.0, 'BCH': 0.0, 'CASH': 0.6}",0.6
1719705600000,2024-06-30,183016.97897201206,"{'BTC': 0.0, 'ETH': 0.4, 'SOL': 0.0, 'XRP': 0.0, 'ADA': 0.0, 'DOGE': 0.0, 'LINK': 0.0, 'AVAX': 0.0, 'LTC': 0.0, 'BCH': 0.0, 'CASH': 0.6}",0.6
1719792000000,2024-07-01,182856.81414791083,"{'BTC': 0.0, 'ETH': 0.0, 'SOL': 0.4, 'XRP': 0.0, 'ADA': 0.0, 'DOGE': 0.0, 'LINK': 0.0, 'AVAX': 0.0, 'LTC': 0.0, 'BCH': 0.0, 'CASH': 0.6}",0.6
1719878400000,2024-07-02,186495.9792452034,"{'BTC': 0.0, 'ETH': 0.0, 'SOL': 0.4, 'XRP': 0.0, 'ADA': 0.0, 'DOGE': 0.0, 'LINK': 0.0, 'AVAX': 0.0, 'LTC': 0.0, 'BCH': 0.0, 'CASH': 0.6}",0.6
1719964800000,2024-07-03,180132.7330383324,"{'BTC': 0.0, 'ETH': 0.0, 'SOL': 0.4, 'XRP': 0.0, 'ADA': 0.0, 'DOGE': 0.0, 'LINK': 0.0, 'AVAX': 0.0, 'LTC': 0.0, 'BCH': 0.0, 'CASH': 0.6}",0.6
1720051200000,2024-07-04,173546.6019789168,"{'BTC': 0.0, 'ETH': 0.0, 'SOL': 0.4, 'XRP': 0.0, 'ADA': 0.0, 'DOGE': 0.0, 'LINK': 0.0, 'AVAX': 0.0, 'LTC': 0.0, 'BCH': 0.0, 'CASH': 0.6}",0.6
1720137600000,2024-07-05,177065.59433070707,"{'BTC': 0.0, 'ETH': 0.0, 'SOL': 0.4, 'XRP': 0.0, 'ADA': 0.0, 'DOGE': 0.0, 'LINK': 0.0, 'AVAX': 0.0, 'LTC': 0.0, 'BCH': 0.0, 'CASH': 0.6}",0.6
1720224000000,2024-07-06,181685.0407050262,"{'BTC': 0.0, 'ETH': 0.0, 'SOL': 0.4, 'XRP': 0.0, 'ADA': 0.0, 'DOGE': 0.0, 'LINK': 0.0, 'AVAX': 0.0, 'LTC': 0.0, 'BCH': 0.0, 'CASH': 0.6}",0.6
1720310400000,2024-07-07,175863.80476044075,"{'BTC': 0.0, 'ETH': 0.0, 'SOL': 0.4, 'XRP': 0.0, 'ADA': 0.0, 'DOGE': 0.0, 'LINK': 0.0, 'AVAX': 0.0, 'LTC': 0.0, 'BCH': 0.0, 'CASH': 0.6}",0.6
1720396800000,2024-07-08,180084.63228465975,"{'BTC': 0.0, 'ETH': 0.0, 'SOL': 0.0, 'XRP': 0.0, 'ADA': 0.0, 'DOGE': 0.0, 'LINK': 0.0, 'AVAX': 0.0, 'LTC': 0.0, 'BCH': 0.0, 'CASH': 1.0}",1.0
1720483200000,2024-07-09,180084.63228465975,"{'BTC': 0.0, 'ETH': 0.0, 'SOL': 0.0, 'XRP': 0.0, 'ADA': 0.0, 'DOGE': 0.0, 'LINK': 0.0, 'AVAX': 0.0, 'LTC': 0.0, 'BCH': 0.0, 'CASH': 1.0}",1.0
1720569600000,2024-07-10,180084.63228465975,"{'BTC': 0.0, 'ETH': 0.0, 'SOL': 0.0, 'XRP': 0.0, 'ADA': 0.0, 'DOGE': 0.0, 'LINK': 0.0, 'AVAX': 0.0, 'LTC': 0.0, 'BCH': 0.0, 'CASH': 1.0}",1.0
1720656000000,2024-07-11,180084.63228465975,"{'BTC': 0.0, 'ETH': 0.0, 'SOL': 0.0, 'XRP': 0.0, 'ADA': 0.0, 'DOGE': 0.0, 'LINK': 0.0, 'AVAX': 0.0, 'LTC': 0.0, 'BCH': 0.0, 'CASH': 1.0}",1.0
1720742400000,2024-07-12,180084.63228465975,"{'BTC': 0.0, 'ETH': 0.0, 'SOL': 0.0, 'XRP': 0.0, 'ADA': 0.0, 'DOGE': 0.0, 'LINK': 0.0, 'AVAX': 0.0, 'LTC': 0.0, 'BCH': 0.0, 'CASH': 1.0}",1.0
1720828800000,2024-07-13,180084.63228465975,"{'BTC': 0.0, 'ETH': 0.0, 'SOL': 0.0, 'XRP': 0.0, 'ADA': 0.0, 'DOGE': 0.0, 'LINK': 0.0, 'AVAX': 0.0, 'LTC': 0.0, 'BCH': 0.0, 'CASH': 1.0}",1.0
1720915200000,2024-07-14,180084.63228465975,"{'BTC': 0.0, 'ETH': 0.0, 'SOL': 0.0, 'XRP': 0.0, 'ADA': 0.0, 'DOGE': 0.0, 'LINK': 0.0, 'AVAX': 0.0, 'LTC': 0.0, 'BCH': 0.0, 'CASH': 1.0}",1.0
1721001600000,2024-07-15,180084.63228465975,"{'BTC': 0.0, 'ETH': 0.0, 'SOL': 0.0, 'XRP': 0.0, 'ADA': 0.0, 'DOGE': 0.0, 'LINK': 0.0, 'AVAX': 0.0, 'LTC': 0.0, 'BCH': 0.0, 'CASH': 1.0}",1.0
1721088000000,2024-07-16,180084.63228465975,"{'BTC': 0.0, 'ETH': 0.0, 'SOL': 0.0, 'XRP': 0.0, 'ADA': 0.0, 'DOGE': 0.0, 'LINK': 0.0, 'AVAX': 0.0, 'LTC': 0.0, 'BCH': 0.0, 'CASH': 1.0}",1.0
1721174400000,2024-07-17,180084.63228465975,"{'BTC': 0.0, 'ETH': 0.0, 'SOL': 0.0, 'XRP': 0.0, 'ADA': 0.0, 'DOGE': 0.0, 'LINK': 0.0, 'AVAX': 0.0, 'LTC': 0.0, 'BCH': 0.0, 'CASH': 1.0}",1.0
1721260800000,2024-07-18,180084.63228465975,"{'BTC': 0.0, 'ETH': 0.0, 'SOL': 0.0, 'XRP': 0.0, 'ADA': 0.0, 'DOGE': 0.0, 'LINK': 0.0, 'AVAX': 0.0, 'LTC': 0.0, 'BCH': 0.0, 'CASH': 1.0}",1.0
1721347200000,2024-07-19,180084.63228465975,"{'BTC': 0.0, 'ETH': 0.0, 'SOL': 0.0, 'XRP': 0.0, 'ADA': 0.0, 'DOGE': 0.0, 'LINK': 0.0, 'AVAX': 0.0, 'LTC': 0.0, 'BCH': 0.0, 'CASH': 1.0}",1.0
1721433600000,2024-07-20,180084.63228465975,"{'BTC': 0.0, 'ETH': 0.0, 'SOL': 0.0, 'XRP': 0.0, 'ADA': 0.0, 'DOGE': 0.0, 'LINK': 0.0, 'AVAX': 0.0, 'LTC': 0.0, 'BCH': 0.0, 'CASH': 1.0}",1.0
1721520000000,2024-07-21,180084.63228465975,"{'BTC': 0.0, 'ETH': 0.0, 'SOL': 0.0, 'XRP': 0.0, 'ADA': 0.0, 'DOGE': 0.0, 'LINK': 0.0, 'AVAX': 0.0, 'LTC': 0.0, 'BCH': 0.0, 'CASH': 1.0}",1.0
1721606400000,2024-07-22,180084.63228465975,"{'BTC': 0.0, 'ETH': 0.0, 'SOL': 0.0, 'XRP': 0.0, 'ADA': 0.0, 'DOGE': 0.0, 'LINK': 0.0, 'AVAX': 0.0, 'LTC': 0.0, 'BCH': 0.0, 'CASH': 1.0}",1.0
1721692800000,2024-07-23,180084.63228465975,"{'BTC': 0.0, 'ETH': 0.0, 'SOL': 0.0, 'XRP': 0.0, 'ADA': 0.0, 'DOGE': 0.0, 'LINK': 0.0, 'AVAX': 0.0, 'LTC': 0.0, 'BCH': 0.0, 'CASH': 1.0}",1.0
1721779200000,2024-07-24,180084.63228465975,"{'BTC': 0.0, 'ETH': 0.0, 'SOL': 0.0, 'XRP': 0.0, 'ADA': 0.0, 'DOGE': 0.0, 'LINK': 0.0, 'AVAX': 0.0, 'LTC': 0.0, 'BCH': 0.0, 'CASH': 1.0}",1.0
1721865600000,2024-07-25,180084.63228465975,"{'BTC': 0.0, 'ETH': 0.0, 'SOL': 0.0, 'XRP': 0.0, 'ADA': 0.0, 'DOGE': 0.0, 'LINK': 0.0, 'AVAX': 0.0, 'LTC': 0.0, 'BCH': 0.0, 'CASH': 1.0}",1.0
1721952000000,2024-07-26,180084.63228465975,"{'BTC': 0.0, 'ETH': 0.0, 'SOL': 0.0, 'XRP': 0.0, 'ADA': 0.0, 'DOGE': 0.0, 'LINK': 0.0, 'AVAX': 0.0, 'LTC': 0.0, 'BCH': 0.0, 'CASH': 1.0}",1.0
1722038400000,2024-07-27,180084.63228465975,"{'BTC': 0.0, 'ETH': 0.0, 'SOL': 0.0, 'XRP': 0.0, 'ADA': 0.0, 'DOGE': 0.0, 'LINK': 0.0, 'AVAX': 0.0, 'LTC': 0.0, 'BCH': 0.0, 'CASH': 1.0}",1.0
1722124800000,2024-07-28,180084.63228465975,"{'BTC': 0.0, 'ETH': 0.0, 'SOL': 0.0, 'XRP': 0.0, 'ADA': 0.0, 'DOGE': 0.0, 'LINK': 0.0, 'AVAX': 0.0, 'LTC': 0.0, 'BCH': 0.0, 'CASH': 1.0}",1.0
1722211200000,2024-07-29,180084.63228465975,"{'BTC': 0.0, 'ETH': 0.0, 'SOL': 0.0, 'XRP': 0.0, 'ADA': 0.0, 'DOGE': 0.0, 'LINK': 0.0, 'AVAX': 0.0, 'LTC': 0.0, 'BCH': 0.0, 'CASH': 1.0}",1.0
1722297600000,2024-07-30,180084.63228465975,"{'BTC': 0.0, 'ETH': 0.0, 'SOL': 0.0, 'XRP': 0.0, 'ADA': 0.0, 'DOGE': 0.0, 'LINK': 0.0, 'AVAX': 0.0, 'LTC': 0.0, 'BCH': 0.0, 'CASH': 1.0}",1.0
1722384000000,2024-07-31,180084.63228465975,"{'BTC': 0.0, 'ETH': 0.0, 'SOL': 0.0, 'XRP': 0.0, 'ADA': 0.0, 'DOGE': 0.0, 'LINK': 0.0, 'AVAX': 0.0, 'LTC': 0.0, 'BCH': 0.0, 'CASH': 1.0}",1.0
1722470400000,2024-08-01,180084.63228465975,"{'BTC': 0.0, 'ETH': 0.0, 'SOL': 0.0, 'XRP': 0.0, 'ADA': 0.0, 'DOGE': 0.0, 'LINK': 0.0, 'AVAX': 0.0, 'LTC': 0.0, 'BCH': 0.0, 'CASH': 1.0}",1.0
1722556800000,2024-08-02,180084.63228465975,"{'BTC': 0.0, 'ETH': 0.0, 'SOL': 0.0, 'XRP': 0.0, 'ADA': 0.0, 'DOGE': 0.0, 'LINK': 0.0, 'AVAX': 0.0, 'LTC': 0.0, 'BCH': 0.0, 'CASH': 1.0}",1.0
1722643200000,2024-08-03,180084.63228465975,"{'BTC': 0.0, 'ETH': 0.0, 'SOL': 0.0, 'XRP': 0.0, 'ADA': 0.0, 'DOGE': 0.0, 'LINK': 0.0, 'AVAX': 0.0, 'LTC': 0.0, 'BCH': 0.0, 'CASH': 1.0}",1.0
1722729600000,2024-08-04,180084.63228465975,"{'BTC': 0.0, 'ETH': 0.0, 'SOL': 0.0, 'XRP': 0.0, 'ADA': 0.0, 'DOGE': 0.0, 'LINK': 0.0, 'AVAX': 0.0, 'LTC': 0.0, 'BCH': 0.0, 'CASH': 1.0}",1.0
1722816000000,2024-08-05,180084.63228465975,"{'BTC': 0.0, 'ETH': 0.0, 'SOL': 0.0, 'XRP': 0.0, 'ADA': 0.0, 'DOGE': 0.0, 'LINK': 0.0, 'AVAX': 0.0, 'LTC': 0.0, 'BCH': 0.0, 'CASH': 1.0}",1.0
1722902400000,2024-08-06,180084.63228465975,"{'BTC': 0.0, 'ETH': 0.0, 'SOL': 0.0, 'XRP': 0.0, 'ADA': 0.0, 'DOGE': 0.0, 'LINK': 0.0, 'AVAX': 0.0, 'LTC': 0.0, 'BCH': 0.0, 'CASH': 1.0}",1.0
1722988800000,2024-08-07,180084.63228465975,"{'BTC': 0.0, 'ETH': 0.0, 'SOL': 0.0, 'XRP': 0.0, 'ADA': 0.0, 'DOGE': 0.0, 'LINK': 0.0, 'AVAX': 0.0, 'LTC': 0.0, 'BCH': 0.0, 'CASH': 1.0}",1.0
1723075200000,2024-08-08,180084.63228465975,"{'BTC': 0.0, 'ETH': 0.0, 'SOL': 0.0, 'XRP': 0.0, 'ADA': 0.0, 'DOGE': 0.0, 'LINK': 0.0, 'AVAX': 0.0, 'LTC': 0.0, 'BCH': 0.0, 'CASH': 1.0}",1.0
1723161600000,2024-08-09,180084.63228465975,"{'BTC': 0.0, 'ETH': 0.0, 'SOL': 0.0, 'XRP': 0.0, 'ADA': 0.0, 'DOGE': 0.0, 'LINK': 0.0, 'AVAX': 0.0, 'LTC': 0.0, 'BCH': 0.0, 'CASH': 1.0}",1.0
1723248000000,2024-08-10,180084.63228465975,"{'BTC': 0.0, 'ETH': 0.0, 'SOL': 0.0, 'XRP': 0.0, 'ADA': 0.0, 'DOGE': 0.0, 'LINK': 0.0, 'AVAX': 0.0, 'LTC': 0.0, 'BCH': 0.0, 'CASH': 1.0}",1.0
1723334400000,2024-08-11,180084.63228465975,"{'BTC': 0.0, 'ETH': 0.0, 'SOL': 0.0, 'XRP': 0.0, 'ADA': 0.0, 'DOGE': 0.0, 'LINK': 0.0, 'AVAX': 0.0, 'LTC': 0.0, 'BCH': 0.0, 'CASH': 1.0}",1.0
1723420800000,2024-08-12,179940.564578832,"{'BTC': 0.0, 'ETH': 0.0, 'SOL': 0.0, 'XRP': 0.4, 'ADA': 0.0, 'DOGE': 0.0, 'LINK': 0.0, 'AVAX': 0.0, 'LTC': 0.0, 'BCH': 0.0, 'CASH': 0.6}",0.6
1723507200000,2024-08-13,181054.90445799718,"{'BTC': 0.0, 'ETH': 0.0, 'SOL': 0.0, 'XRP': 0.4, 'ADA': 0.0, 'DOGE': 0.0, 'LINK': 0.0, 'AVAX': 0.0, 'LTC': 0.0, 'BCH': 0.0, 'CASH': 0.6}",0.6
1723593600000,2024-08-14,180013.49371163448,"{'BTC': 0.0, 'ETH': 0.0, 'SOL': 0.0, 'XRP': 0.4, 'ADA': 0.0, 'DOGE': 0.0, 'LINK': 0.0, 'AVAX': 0.0, 'LTC': 0.0, 'BCH': 0.0, 'CASH': 0.6}",0.6
1723680000000,2024-08-15,179013.59453756388,"{'BTC': 0.0, 'ETH': 0.0, 'SOL': 0.0, 'XRP': 0.4, 'ADA': 0.0, 'DOGE': 0.0, 'LINK': 0.0, 'AVAX': 0.0, 'LTC': 0.0, 'BCH': 0.0, 'CASH': 0.6}",0.6
1723766400000,2024-08-16,179396.51131732334,"{'BTC': 0.0, 'ETH': 0.0, 'SOL': 0.0, 'XRP': 0.4, 'ADA': 0.0, 'DOGE': 0.0, 'LINK': 0.0, 'AVAX': 0.0, 'LTC': 0.0, 'BCH': 0.0, 'CASH': 0.6}",0.6
1723852800000,2024-08-17,179727.31339492978,"{'BTC': 0.0, 'ETH': 0.0, 'SOL': 0.0, 'XRP': 0.4, 'ADA': 0.0, 'DOGE': 0.0, 'LINK': 0.0, 'AVAX': 0.0, 'LTC': 0.0, 'BCH': 0.0, 'CASH': 0.6}",0.6
1723939200000,2024-08-18,179270.54083706054,"{'BTC': 0.0, 'ETH': 0.0, 'SOL': 0.0, 'XRP': 0.4, 'ADA': 0.0, 'DOGE': 0.0, 'LINK': 0.0, 'AVAX': 0.0, 'LTC': 0.0, 'BCH': 0.0, 'CASH': 0.6}",0.6
1724025600000,2024-08-19,183830.31729316482,"{'BTC': 0.0, 'ETH': 0.0, 'SOL': 0.0, 'XRP': 0.4, 'ADA': 0.0, 'DOGE': 0.0, 'LINK': 0.0, 'AVAX': 0.0, 'LTC': 0.0, 'BCH': 0.0, 'CASH': 0.6}",0.6
1724112000000,2024-08-20,183216.3215774228,"{'BTC': 0.0, 'ETH': 0.0, 'SOL': 0.0, 'XRP': 0.4, 'ADA': 0.0, 'DOGE': 0.0, 'LINK': 0.0, 'AVAX': 0.0, 'LTC': 0.0, 'BCH': 0.0, 'CASH': 0.6}",0.6
1724198400000,2024-08-21,184006.20669570874,"{'BTC': 0.0, 'ETH': 0.0, 'SOL': 0.0, 'XRP': 0.4, 'ADA': 0.0, 'DOGE': 0.0, 'LINK': 0.0, 'AVAX': 0.0, 'LTC': 0.0, 'BCH': 0.0, 'CASH': 0.6}",0.6
1724284800000,2024-08-22,183724.15786171998,"{'BTC': 0.0, 'ETH': 0.0, 'SOL': 0.0, 'XRP': 0.4, 'ADA': 0.0, 'DOGE': 0.0, 'LINK': 0.0, 'AVAX': 0.0, 'LTC': 0.0, 'BCH': 0.0, 'CASH': 0.6}",0.6
1724371200000,2024-08-23,185395.77421690943,"{'BTC': 0.0, 'ETH': 0.0, 'SOL': 0.0, 'XRP': 0.4, 'ADA': 0.0, 'DOGE': 0.0, 'LINK': 0.0, 'AVAX': 0.0, 'LTC': 0.0, 'BCH': 0.0, 'CASH': 0.6}",0.6
1724457600000,2024-08-24,185577.68339847957,"{'BTC': 0.0, 'ETH': 0.0, 'SOL': 0.0, 'XRP': 0.4, 'ADA': 0.0, 'DOGE': 0.0, 'LINK': 0.0, 'AVAX': 0.0, 'LTC': 0.0, 'BCH': 0.0, 'CASH': 0.6}",0.6
1724544000000,2024-08-25,184039.78024731437,"{'BTC': 0.0, 'ETH': 0.0, 'SOL': 0.0, 'XRP': 0.4, 'ADA': 0.0, 'DOGE': 0.0, 'LINK': 0.0, 'AVAX': 0.0, 'LTC': 0.0, 'BCH': 0.0, 'CASH': 0.6}",0.6
1724630400000,2024-08-26,182335.1236627361,"{'BTC': 0.0, 'ETH': 0.0, 'SOL': 0.2, 'XRP': 0.2, 'ADA': 0.0, 'DOGE': 0.0, 'LINK': 0.0, 'AVAX': 0.0, 'LTC': 0.0, 'BCH': 0.0, 'CASH': 0.6}",0.6
1724716800000,2024-08-27,178657.54522597036,"{'BTC': 0.0, 'ETH': 0.0, 'SOL': 0.2, 'XRP': 0.2, 'ADA': 0.0, 'DOGE': 0.0, 'LINK': 0.0, 'AVAX': 0.0, 'LTC': 0.0, 'BCH': 0.0, 'CASH': 0.6}",0.6
1724803200000,2024-08-28,178122.90429506,"{'BTC': 0.0, 'ETH': 0.0, 'SOL': 0.2, 'XRP': 0.2, 'ADA': 0.0, 'DOGE': 0.0, 'LINK': 0.0, 'AVAX': 0.0, 'LTC': 0.0, 'BCH': 0.0, 'CASH': 0.6}",0.6
1724889600000,2024-08-29,176694.76910403173,"{'BTC': 0.0, 'ETH': 0.0, 'SOL': 0.2, 'XRP': 0.2, 'ADA': 0.0, 'DOGE': 0.0, 'LINK': 0.0, 'AVAX': 0.0, 'LTC': 0.0, 'BCH': 0.0, 'CASH': 0.6}",0.6
1724976000000,2024-08-30,176459.08295051067,"{'BTC': 0.0, 'ETH': 0.0, 'SOL': 0.2, 'XRP': 0.2, 'ADA': 0.0, 'DOGE': 0.0, 'LINK': 0.0, 'AVAX': 0.0, 'LTC': 0.0, 'BCH': 0.0, 'CASH': 0.6}",0.6
1725062400000,2024-08-31,175758.82899790484,"{'BTC': 0.0, 'ETH': 0.0, 'SOL': 0.2, 'XRP': 0.2, 'ADA': 0.0, 'DOGE': 0.0, 'LINK': 0.0, 'AVAX': 0.0, 'LTC': 0.0, 'BCH': 0.0, 'CASH': 0.6}",0.6
1725148800000,2024-09-01,172807.83209313644,"{'BTC': 0.0, 'ETH': 0.0, 'SOL': 0.2, 'XRP': 0.2, 'ADA': 0.0, 'DOGE': 0.0, 'LINK': 0.0, 'AVAX': 0.0, 'LTC': 0.0, 'BCH': 0.0, 'CASH': 0.6}",0.6
1725235200000,2024-09-02,175698.01144578503,"{'BTC': 0.0, 'ETH': 0.0, 'SOL': 0.0, 'XRP': 0.4, 'ADA': 0.0, 'DOGE': 0.0, 'LINK': 0.0, 'AVAX': 0.0, 'LTC': 0.0, 'BCH': 0.0, 'CASH': 0.6}",0.6
1725321600000,2024-09-03,174410.52910015447,"{'BTC': 0.0, 'ETH': 0.0, 'SOL': 0.0, 'XRP': 0.4, 'ADA': 0.0, 'DOGE': 0.0, 'LINK': 0.0, 'AVAX': 0.0, 'LTC': 0.0, 'BCH': 0.0, 'CASH': 0.6}",0.6
1725408000000,2024-09-04,174510.67510645636,"{'BTC': 0.0, 'ETH': 0.0, 'SOL': 0.0, 'XRP': 0.4, 'ADA': 0.0, 'DOGE': 0.0, 'LINK': 0.0, 'AVAX': 0.0, 'LTC': 0.0, 'BCH': 0.0, 'CASH': 0.6}",0.6
1725494400000,2024-09-05,172784.64226899418,"{'BTC': 0.0, 'ETH': 0.0, 'SOL': 0.0, 'XRP': 0.4, 'ADA': 0.0, 'DOGE': 0.0, 'LINK': 0.0, 'AVAX': 0.0, 'LTC': 0.0, 'BCH': 0.0, 'CASH': 0.6}",0.6
1725580800000,2024-09-06,169838.76411309437,"{'BTC': 0.0, 'ETH': 0.0, 'SOL': 0.0, 'XRP': 0.4, 'ADA': 0.0, 'DOGE': 0.0, 'LINK': 0.0, 'AVAX': 0.0, 'LTC': 0.0, 'BCH': 0.0, 'CASH': 0.6}",0.6
1725667200000,2024-09-07,170334.1679155352,"{'BTC': 0.0, 'ETH': 0.0, 'SOL': 0.0, 'XRP': 0.4, 'ADA': 0.0, 'DOGE': 0.0, 'LINK': 0.0, 'AVAX': 0.0, 'LTC': 0.0, 'BCH': 0.0, 'CASH': 0.6}",0.6
1725753600000,2024-09-08,170931.2623505982,"{'BTC': 0.0, 'ETH': 0.0, 'SOL': 0.0, 'XRP': 0.4, 'ADA': 0.0, 'DOGE': 0.0, 'LINK': 0.0, 'AVAX': 0.0, 'LTC': 0.0, 'BCH': 0.0, 'CASH': 0.6}",0.6
1725840000000,2024-09-09,172085.78277868262,"{'BTC': 0.0, 'ETH': 0.0, 'SOL': 0.0, 'XRP': 0.0, 'ADA': 0.0, 'DOGE': 0.0, 'LINK': 0.0, 'AVAX': 0.0, 'LTC': 0.0, 'BCH': 0.0, 'CASH': 1.0}",1.0
1725926400000,2024-09-10,172085.78277868262,"{'BTC': 0.0, 'ETH': 0.0, 'SOL': 0.0, 'XRP': 0.0, 'ADA': 0.0, 'DOGE': 0.0, 'LINK': 0.0, 'AVAX': 0.0, 'LTC': 0.0, 'BCH': 0.0, 'CASH': 1.0}",1.0
1726012800000,2024-09-11,172085.78277868262,"{'BTC': 0.0, 'ETH': 0.0, 'SOL': 0.0, 'XRP': 0.0, 'ADA': 0.0, 'DOGE': 0.0, 'LINK': 0.0, 'AVAX': 0.0, 'LTC': 0.0, 'BCH': 0.0, 'CASH': 1.0}",1.0
1726099200000,2024-09-12,172085.78277868262,"{'BTC': 0.0, 'ETH': 0.0, 'SOL': 0.0, 'XRP': 0.0, 'ADA': 0.0, 'DOGE': 0.0, 'LINK': 0.0, 'AVAX': 0.0, 'LTC': 0.0, 'BCH': 0.0, 'CASH': 1.0}",1.0
1726185600000,2024-09-13,172085.78277868262,"{'BTC': 0.0, 'ETH': 0.0, 'SOL': 0.0, 'XRP': 0.0, 'ADA': 0.0, 'DOGE': 0.0, 'LINK': 0.0, 'AVAX': 0.0, 'LTC': 0.0, 'BCH': 0.0, 'CASH': 1.0}",1.0
1726272000000,2024-09-14,172085.78277868262,"{'BTC': 0.0, 'ETH': 0.0, 'SOL': 0.0, 'XRP': 0.0, 'ADA': 0.0, 'DOGE': 0.0, 'LINK': 0.0, 'AVAX': 0.0, 'LTC': 0.0, 'BCH': 0.0, 'CASH': 1.0}",1.0
1726358400000,2024-09-15,172085.78277868262,"{'BTC': 0.0, 'ETH': 0.0, 'SOL': 0.0, 'XRP': 0.0, 'ADA': 0.0, 'DOGE': 0.0, 'LINK': 0.0, 'AVAX': 0.0, 'LTC': 0.0, 'BCH': 0.0, 'CASH': 1.0}",1.0
1726444800000,2024-09-16,171948.11415245966,"{'BTC': 0.0, 'ETH': 0.0, 'SOL': 0.0, 'XRP': 0.4, 'ADA': 0.0, 'DOGE': 0.0, 'LINK': 0.0, 'AVAX': 0.0, 'LTC': 0.0, 'BCH': 0.0, 'CASH': 0.6}",0.6
1726531200000,2024-09-17,171643.26239876283,"{'BTC': 0.0, 'ETH': 0.0, 'SOL': 0.0, 'XRP': 0.4, 'ADA': 0.0, 'DOGE': 0.0, 'LINK': 0.0, 'AVAX': 0.0, 'LTC': 0.0, 'BCH': 0.0, 'CASH': 0.6}",0.6
1726617600000,2024-09-18,171807.8518284603,"{'BTC': 0.0, 'ETH': 0.0, 'SOL': 0.0, 'XRP': 0.4, 'ADA': 0.0, 'DOGE': 0.0, 'LINK': 0.0, 'AVAX': 0.0, 'LTC': 0.0, 'BCH': 0.0, 'CASH': 0.6}",0.6
1726704000000,2024-09-19,172019.16315971498,"{'BTC': 0.0, 'ETH': 0.0, 'SOL': 0.0, 'XRP': 0.4, 'ADA': 0.0, 'DOGE': 0.0, 'LINK': 0.0, 'AVAX': 0.0, 'LTC': 0.0, 'BCH': 0.0, 'CASH': 0.6}",0.6
1726790400000,2024-09-20,171784.80462679986,"{'BTC': 0.0, 'ETH': 0.0, 'SOL': 0.0, 'XRP': 0.4, 'ADA': 0.0, 'DOGE': 0.0, 'LINK': 0.0, 'AVAX': 0.0, 'LTC': 0.0, 'BCH': 0.0, 'CASH': 0.6}",0.6
1726876800000,2024-09-21,173252.5490272339,"{'BTC': 0.0, 'ETH': 0.0, 'SOL': 0.0, 'XRP': 0.4, 'ADA': 0.0, 'DOGE': 0.0, 'LINK': 0.0, 'AVAX': 0.0, 'LTC': 0.0, 'BCH': 0.0, 'CASH': 0.6}",0.6
1726963200000,2024-09-22,172035.11435111816,"{'BTC': 0.0, 'ETH': 0.0, 'SOL': 0.0, 'XRP': 0.4, 'ADA': 0.0, 'DOGE': 0.0, 'LINK': 0.0, 'AVAX': 0.0, 'LTC': 0.0, 'BCH': 0.0, 'CASH': 0.6}",0.6
1727049600000,2024-09-23,171627.94895513618,"{'BTC': 0.0, 'ETH': 0.0, 'SOL': 0.0, 'XRP': 0.0, 'ADA': 0.0, 'DOGE': 0.0, 'LINK': 0.0, 'AVAX': 0.0, 'LTC': 0.0, 'BCH': 0.0, 'CASH': 1.0}",1.0
1727136000000,2024-09-24,171627.94895513618,"{'BTC': 0.0, 'ETH': 0.0, 'SOL': 0.0, 'XRP': 0.0, 'ADA': 0.0, 'DOGE': 0.0, 'LINK': 0.0, 'AVAX': 0.0, 'LTC': 0.0, 'BCH': 0.0, 'CASH': 1.0}",1.0
1727222400000,2024-09-25,171627.94895513618,"{'BTC': 0.0, 'ETH': 0.0, 'SOL': 0.0, 'XRP': 0.0, 'ADA': 0.0, 'DOGE': 0.0, 'LINK': 0.0, 'AVAX': 0.0, 'LTC': 0.0, 'BCH': 0.0, 'CASH': 1.0}",1.0
1727308800000,2024-09-26,171627.94895513618,"{'BTC': 0.0, 'ETH': 0.0, 'SOL': 0.0, 'XRP': 0.0, 'ADA': 0.0, 'DOGE': 0.0, 'LINK': 0.0, 'AVAX': 0.0, 'LTC': 0.0, 'BCH': 0.0, 'CASH': 1.0}",1.0
1727395200000,2024-09-27,171627.94895513618,"{'BTC': 0.0, 'ETH': 0.0, 'SOL': 0.0, 'XRP': 0.0, 'ADA': 0.0, 'DOGE': 0.0, 'LINK': 0.0, 'AVAX': 0.0, 'LTC': 0.0, 'BCH': 0.0, 'CASH': 1.0}",1.0
1727481600000,2024-09-28,171627.94895513618,"{'BTC': 0.0, 'ETH': 0.0, 'SOL': 0.0, 'XRP': 0.0, 'ADA': 0.0, 'DOGE': 0.0, 'LINK': 0.0, 'AVAX': 0.0, 'LTC': 0.0, 'BCH': 0.0, 'CASH': 1.0}",1.0
1727568000000,2024-09-29,171627.94895513618,"{'BTC': 0.0, 'ETH': 0.0, 'SOL': 0.0, 'XRP': 0.0, 'ADA': 0.0, 'DOGE': 0.0, 'LINK': 0.0, 'AVAX': 0.0, 'LTC': 0.0, 'BCH': 0.0, 'CASH': 1.0}",1.0
1727654400000,2024-09-30,171490.64659597207,"{'BTC': 0.0, 'ETH': 0.0, 'SOL': 0.0, 'XRP': 0.4, 'ADA': 0.0, 'DOGE': 0.0, 'LINK': 0.0, 'AVAX': 0.0, 'LTC': 0.0, 'BCH': 0.0, 'CASH': 0.6}",0.6
1727740800000,2024-10-01,169863.5473807641,"{'BTC': 0.0, 'ETH': 0.0, 'SOL': 0.0, 'XRP': 0.4, 'ADA': 0.0, 'DOGE': 0.0, 'LINK': 0.0, 'AVAX': 0.0, 'LTC': 0.0, 'BCH': 0.0, 'CASH': 0.6}",0.6
1727827200000,2024-10-02,163180.57805686942,"{'BTC': 0.0, 'ETH': 0.0, 'SOL': 0.0, 'XRP': 0.4, 'ADA': 0.0, 'DOGE': 0.0, 'LINK': 0.0, 'AVAX': 0.0, 'LTC': 0.0, 'BCH': 0.0, 'CASH': 0.6}",0.6
1727913600000,2024-10-03,161251.8873368514,"{'BTC': 0.0, 'ETH': 0.0, 'SOL': 0.0, 'XRP': 0.4, 'ADA': 0.0, 'DOGE': 0.0, 'LINK': 0.0, 'AVAX': 0.0, 'LTC': 0.0, 'BCH': 0.0, 'CASH': 0.6}",0.6
1728000000000,2024-10-04,162721.74368254922,"{'BTC': 0.0, 'ETH': 0.0, 'SOL': 0.0, 'XRP': 0.4, 'ADA': 0.0, 'DOGE': 0.0, 'LINK': 0.0, 'AVAX': 0.0, 'LTC': 0.0, 'BCH': 0.0, 'CASH': 0.6}",0.6
1728086400000,2024-10-05,162161.15950659735,"{'BTC': 0.0, 'ETH': 0.0, 'SOL': 0.0, 'XRP': 0.4, 'ADA': 0.0, 'DOGE': 0.0, 'LINK': 0.0, 'AVAX': 0.0, 'LTC': 0.0, 'BCH': 0.0, 'CASH': 0.6}",0.6
1728172800000,2024-10-06,162700.1654381018,"{'BTC': 0.0, 'ETH': 0.0, 'SOL': 0.0, 'XRP': 0.4, 'ADA': 0.0, 'DOGE': 0.0, 'LINK': 0.0, 'AVAX': 0.0, 'LTC': 0.0, 'BCH': 0.0, 'CASH': 0.6}",0.6
1728259200000,2024-10-07,161911.76901178932,"{'BTC': 0.0, 'ETH': 0.0, 'SOL': 0.0, 'XRP': 0.0, 'ADA': 0.0, 'DOGE': 0.0, 'LINK': 0.0, 'AVAX': 0.0, 'LTC': 0.0, 'BCH': 0.0, 'CASH': 1.0}",1.0
1728345600000,2024-10-08,161911.76901178932,"{'BTC': 0.0, 'ETH': 0.0, 'SOL': 0.0, 'XRP': 0.0, 'ADA': 0.0, 'DOGE': 0.0, 'LINK': 0.0, 'AVAX': 0.0, 'LTC': 0.0, 'BCH': 0.0, 'CASH': 1.0}",1.0
1728432000000,2024-10-09,161911.76901178932,"{'BTC': 0.0, 'ETH': 0.0, 'SOL': 0.0, 'XRP': 0.0, 'ADA': 0.0, 'DOGE': 0.0, 'LINK': 0.0, 'AVAX': 0.0, 'LTC': 0.0, 'BCH': 0.0, 'CASH': 1.0}",1.0
1728518400000,2024-10-10,161911.76901178932,"{'BTC': 0.0, 'ETH': 0.0, 'SOL': 0.0, 'XRP': 0.0, 'ADA': 0.0, 'DOGE': 0.0, 'LINK': 0.0, 'AVAX': 0.0, 'LTC': 0.0, 'BCH': 0.0, 'CASH': 1.0}",1.0
1728604800000,2024-10-11,161911.76901178932,"{'BTC': 0.0, 'ETH': 0.0, 'SOL': 0.0, 'XRP': 0.0, 'ADA': 0.0, 'DOGE': 0.0, 'LINK': 0.0, 'AVAX': 0.0, 'LTC': 0.0, 'BCH': 0.0, 'CASH': 1.0}",1.0
1728691200000,2024-10-12,161911.76901178932,"{'BTC': 0.0, 'ETH': 0.0, 'SOL': 0.0, 'XRP': 0.0, 'ADA': 0.0, 'DOGE': 0.0, 'LINK': 0.0, 'AVAX': 0.0, 'LTC': 0.0, 'BCH': 0.0, 'CASH': 1.0}",1.0
1728777600000,2024-10-13,161911.76901178932,"{'BTC': 0.0, 'ETH': 0.0, 'SOL': 0.0, 'XRP': 0.0, 'ADA': 0.0, 'DOGE': 0.0, 'LINK': 0.0, 'AVAX': 0.0, 'LTC': 0.0, 'BCH': 0.0, 'CASH': 1.0}",1.0
1728864000000,2024-10-14,161782.2395965799,"{'BTC': 0.0, 'ETH': 0.0, 'SOL': 0.4, 'XRP': 0.0, 'ADA': 0.0, 'DOGE': 0.0, 'LINK': 0.0, 'AVAX': 0.0, 'LTC': 0.0, 'BCH': 0.0, 'CASH': 0.6}",0.6
1728950400000,2024-10-15,160631.9341855326,"{'BTC': 0.0, 'ETH': 0.0, 'SOL': 0.4, 'XRP': 0.0, 'ADA': 0.0, 'DOGE': 0.0, 'LINK': 0.0, 'AVAX': 0.0, 'LTC': 0.0, 'BCH': 0.0, 'CASH': 0.6}",0.6
1729036800000,2024-10-16,160432.5977625516,"{'BTC': 0.0, 'ETH': 0.0, 'SOL': 0.4, 'XRP': 0.0, 'ADA': 0.0, 'DOGE': 0.0, 'LINK': 0.0, 'AVAX': 0.0, 'LTC': 0.0, 'BCH': 0.0, 'CASH': 0.6}",0.6
1729123200000,2024-10-17,158851.5711248501,"{'BTC': 0.0, 'ETH': 0.0, 'SOL': 0.4, 'XRP': 0.0, 'ADA': 0.0, 'DOGE': 0.0, 'LINK': 0.0, 'AVAX': 0.0, 'LTC': 0.0, 'BCH': 0.0, 'CASH': 0.6}",0.6
1729209600000,2024-10-18,160743.76745199534,"{'BTC': 0.0, 'ETH': 0.0, 'SOL': 0.4, 'XRP': 0.0, 'ADA': 0.0, 'DOGE': 0.0, 'LINK': 0.0, 'AVAX': 0.0, 'LTC': 0.0, 'BCH': 0.0, 'CASH': 0.6}",0.6
1729296000000,2024-10-19,162731.79390718526,"{'BTC': 0.0, 'ETH': 0.0, 'SOL': 0.4, 'XRP': 0.0, 'ADA': 0.0, 'DOGE': 0.0, 'LINK': 0.0, 'AVAX': 0.0, 'LTC': 0.0, 'BCH': 0.0, 'CASH': 0.6}",0.6
1729382400000,2024-10-20,165853.76633553425,"{'BTC': 0.0, 'ETH': 0.0, 'SOL': 0.4, 'XRP': 0.0, 'ADA': 0.0, 'DOGE': 0.0, 'LINK': 0.0, 'AVAX': 0.0, 'LTC': 0.0, 'BCH': 0.0, 'CASH': 0.6}",0.6
1729468800000,2024-10-21,165093.63090197468,"{'BTC': 0.4, 'ETH': 0.0, 'SOL': 0.2950818770270394, 'XRP': 0.0, 'ADA': 0.0, 'DOGE': 0.30491812297296056, 'LINK': 0.0, 'AVAX': 0.0, 'LTC': 0.0, 'BCH': 0.0, 'CASH': 0.0}",0.0
1729555200000,2024-10-22,164117.23765709708,"{'BTC': 0.4, 'ETH': 0.0, 'SOL': 0.2950818770270394, 'XRP': 0.0, 'ADA': 0.0, 'DOGE': 0.30491812297296056, 'LINK': 0.0, 'AVAX': 0.0, 'LTC': 0.0, 'BCH': 0.0, 'CASH': 0.0}",0.0
1729641600000,2024-10-23,164375.29679351125,"{'BTC': 0.4, 'ETH': 0.0, 'SOL': 0.2950818770270394, 'XRP': 0.0, 'ADA': 0.0, 'DOGE': 0.30491812297296056, 'LINK': 0.0, 'AVAX': 0.0, 'LTC': 0.0, 'BCH': 0.0, 'CASH': 0.0}",0.0
1729728000000,2024-10-24,168427.41445655926,"{'BTC': 0.4, 'ETH': 0.0, 'SOL': 0.2950818770270394, 'XRP': 0.0, 'ADA': 0.0, 'DOGE': 0.30491812297296056, 'LINK': 0.0, 'AVAX': 0.0, 'LTC': 0.0, 'BCH': 0.0, 'CASH': 0.0}",0.0
1729814400000,2024-10-25,159561.92516672605,"{'BTC': 0.4, 'ETH': 0.0, 'SOL': 0.2950818770270394, 'XRP': 0.0, 'ADA': 0.0, 'DOGE': 0.30491812297296056, 'LINK': 0.0, 'AVAX': 0.0, 'LTC': 0.0, 'BCH': 0.0, 'CASH': 0.0}",0.0
1729900800000,2024-10-26,163928.9349942676,"{'BTC': 0.4, 'ETH': 0.0, 'SOL': 0.2950818770270394, 'XRP': 0.0, 'ADA': 0.0, 'DOGE': 0.30491812297296056, 'LINK': 0.0, 'AVAX': 0.0, 'LTC': 0.0, 'BCH': 0.0, 'CASH': 0.0}",0.0
1729987200000,2024-10-27,168953.43805690738,"{'BTC': 0.4, 'ETH': 0.0, 'SOL': 0.2950818770270394, 'XRP': 0.0, 'ADA': 0.0, 'DOGE': 0.30491812297296056, 'LINK': 0.0, 'AVAX': 0.0, 'LTC': 0.0, 'BCH': 0.0, 'CASH': 0.0}",0.0
1730073600000,2024-10-28,177566.01603577018,"{'BTC': 0.4, 'ETH': 0.0, 'SOL': 0.3389688012854303, 'XRP': 0.0, 'ADA': 0.0, 'DOGE': 0.2610311987145697, 'LINK': 0.0, 'AVAX': 0.0, 'LTC': 0.0, 'BCH': 0.0, 'CASH': 0.0}",0.0
1730160000000,2024-10-29,184956.65107180926,"{'BTC': 0.4, 'ETH': 0.0, 'SOL': 0.3389688012854303, 'XRP': 0.0, 'ADA': 0.0, 'DOGE': 0.2610311987145697, 'LINK': 0.0, 'AVAX': 0.0, 'LTC': 0.0, 'BCH': 0.0, 'CASH': 0.0}",0.0
1730246400000,2024-10-30,180890.90378200763,"{'BTC': 0.4, 'ETH': 0.0, 'SOL': 0.3389688012854303, 'XRP': 0.0, 'ADA': 0.0, 'DOGE': 0.2610311987145697, 'LINK': 0.0, 'AVAX': 0.0, 'LTC': 0.0, 'BCH': 0.0, 'CASH': 0.0}",0.0
1730332800000,2024-10-31,174599.60530519852,"{'BTC': 0.4, 'ETH': 0.0, 'SOL': 0.3389688012854303, 'XRP': 0.0, 'ADA': 0.0, 'DOGE': 0.2610311987145697, 'LINK': 0.0, 'AVAX': 0.0, 'LTC': 0.0, 'BCH': 0.0, 'CASH': 0.0}",0.0
1730419200000,2024-11-01,172345.58798847944,"{'BTC': 0.4, 'ETH': 0.0, 'SOL': 0.3389688012854303, 'XRP': 0.0, 'ADA': 0.0, 'DOGE': 0.2610311987145697, 'LINK': 0.0, 'AVAX': 0.0, 'LTC': 0.0, 'BCH': 0.0, 'CASH': 0.0}",0.0
1730505600000,2024-11-02,172423.18186290291,"{'BTC': 0.4, 'ETH': 0.0, 'SOL': 0.3389688012854303, 'XRP': 0.0, 'ADA': 0.0, 'DOGE': 0.2610311987145697, 'LINK': 0.0, 'AVAX': 0.0, 'LTC': 0.0, 'BCH': 0.0, 'CASH': 0.0}",0.0
1730592000000,2024-11-03,168202.37700611367,"{'BTC': 0.4, 'ETH': 0.0, 'SOL': 0.3389688012854303, 'XRP': 0.0, 'ADA': 0.0, 'DOGE': 0.2610311987145697, 'LINK': 0.0, 'AVAX': 0.0, 'LTC': 0.0, 'BCH': 0.0, 'CASH': 0.0}",0.0
1730678400000,2024-11-04,167617.33443670394,"{'BTC': 0.4, 'ETH': 0.0, 'SOL': 0.37412612250766725, 'XRP': 0.0, 'ADA': 0.0, 'DOGE': 0.22587387749233268, 'LINK': 0.0, 'AVAX': 0.0, 'LTC': 0.0, 'BCH': 0.0, 'CASH': 1.1102230246251565e-16}",1.1102230246251565e-16
1730764800000,2024-11-05,175505.35770686535,"{'BTC': 0.4, 'ETH': 0.0, 'SOL': 0.37412612250766725, 'XRP': 0.0, 'ADA': 0.0, 'DOGE': 0.22587387749233268, 'LINK': 0.0, 'AVAX': 0.0, 'LTC': 0.0, 'BCH': 0.0, 'CASH': 1.1102230246251565e-16}",1.1102230246251565e-16
1730851200000,2024-11-06,195985.3876717614,"{'BTC': 0.4, 'ETH': 0.0, 'SOL': 0.37412612250766725, 'XRP': 0.0, 'ADA': 0.0, 'DOGE': 0.22587387749233268, 'LINK': 0.0, 'AVAX': 0.0, 'LTC': 0.0, 'BCH': 0.0, 'CASH': 1.1102230246251565e-16}",1.1102230246251565e-16
1730937600000,2024-11-07,199339.80891000153,"{'BTC': 0.4, 'ETH': 0.0, 'SOL': 0.37412612250766725, 'XRP': 0.0, 'ADA': 0.0, 'DOGE': 0.22587387749233268, 'LINK': 0.0, 'AVAX': 0.0, 'LTC': 0.0, 'BCH': 0.0, 'CASH': 1.1102230246251565e-16}",1.1102230246251565e-16
1731024000000,2024-11-08,203403.89534261747,"{'BTC': 0.4, 'ETH': 0.0, 'SOL': 0.37412612250766725, 'XRP': 0.0, 'ADA': 0.0, 'DOGE': 0.22587387749233268, 'LINK': 0.0, 'AVAX': 0.0, 'LTC': 0.0, 'BCH': 0.0, 'CASH': 1.1102230246251565e-16}",1.1102230246251565e-16
1731110400000,2024-11-09,207414.14645899352,"{'BTC': 0.4, 'ETH': 0.0, 'SOL': 0.37412612250766725, 'XRP': 0.0, 'ADA': 0.0, 'DOGE': 0.22587387749233268, 'LINK': 0.0, 'AVAX': 0.0, 'LTC': 0.0, 'BCH': 0.0, 'CASH': 1.1102230246251565e-16}",1.1102230246251565e-16
1731196800000,2024-11-10,227986.04991526657,"{'BTC': 0.4, 'ETH': 0.0, 'SOL': 0.37412612250766725, 'XRP': 0.0, 'ADA': 0.0, 'DOGE': 0.22587387749233268, 'LINK': 0.0, 'AVAX': 0.0, 'LTC': 0.0, 'BCH': 0.0, 'CASH': 1.1102230246251565e-16}",1.1102230246251565e-16
1731283200000,2024-11-11,256060.0902537971,"{'BTC': 0.4, 'ETH': 0.0, 'SOL': 0.4, 'XRP': 0.0, 'ADA': 0.0, 'DOGE': 0.19999999999999996, 'LINK': 0.0, 'AVAX': 0.0, 'LTC': 0.0, 'BCH': 0.0, 'CASH': 0.0}",0.0
1731369600000,2024-11-12,254491.44754694973,"{'BTC': 0.4, 'ETH': 0.0, 'SOL': 0.4, 'XRP': 0.0, 'ADA': 0.0, 'DOGE': 0.19999999999999996, 'LINK': 0.0, 'AVAX': 0.0, 'LTC': 0.0, 'BCH': 0.0, 'CASH': 0.0}",0.0
1731456000000,2024-11-13,261666.28075884984,"{'BTC': 0.4, 'ETH': 0.0, 'SOL': 0.4, 'XRP': 0.0, 'ADA': 0.0, 'DOGE': 0.19999999999999996, 'LINK': 0.0, 'AVAX': 0.0, 'LTC': 0.0, 'BCH': 0.0, 'CASH': 0.0}",0.0
1731542400000,2024-11-14,250303.1499087567,"{'BTC': 0.4, 'ETH': 0.0, 'SOL': 0.4, 'XRP': 0.0, 'ADA': 0.0, 'DOGE': 0.19999999999999996, 'LINK': 0.0, 'AVAX': 0.0, 'LTC': 0.0, 'BCH': 0.0, 'CASH': 0.0}",0.0
1731628800000,2024-11-15,261456.74971942056,"{'BTC': 0.4, 'ETH': 0.0, 'SOL': 0.4, 'XRP': 0.0, 'ADA': 0.0, 'DOGE': 0.19999999999999996, 'LINK': 0.0, 'AVAX': 0.0, 'LTC': 0.0, 'BCH': 0.0, 'CASH': 0.0}",0.0
1731715200000,2024-11-16,257304.98296282862,"{'BTC': 0.4, 'ETH': 0.0, 'SOL': 0.4, 'XRP': 0.0, 'ADA': 0.0, 'DOGE': 0.19999999999999996, 'LINK': 0.0, 'AVAX': 0.0, 'LTC': 0.0, 'BCH': 0.0, 'CASH': 0.0}",0.0
1731801600000,2024-11-17,267197.92909364874,"{'BTC': 0.4, 'ETH': 0.0, 'SOL': 0.4, 'XRP': 0.0, 'ADA': 0.0, 'DOGE': 0.19999999999999996, 'LINK': 0.0, 'AVAX': 0.0, 'LTC': 0.0, 'BCH': 0.0, 'CASH': 0.0}",0.0
1731888000000,2024-11-18,268827.1022153806,"{'BTC': 0.0, 'ETH': 0.0, 'SOL': 0.0, 'XRP': 0.3665670162166612, 'ADA': 0.3486643507576519, 'DOGE': 0.28476863302568695, 'LINK': 0.0, 'AVAX': 0.0, 'LTC': 0.0, 'BCH': 0.0, 'CASH': 0.0}",0.0
1731974400000,2024-11-19,272594.12530226115,"{'BTC': 0.0, 'ETH': 0.0, 'SOL': 0.0, 'XRP': 0.3665670162166612, 'ADA': 0.3486643507576519, 'DOGE': 0.28476863302568695, 'LINK': 0.0, 'AVAX': 0.0, 'LTC': 0.0, 'BCH': 0.0, 'CASH': 0.0}",0.0
1732060800000,2024-11-20,278109.14127587964,"{'BTC': 0.0, 'ETH': 0.0, 'SOL': 0.0, 'XRP': 0.3665670162166612, 'ADA': 0.3486643507576519, 'DOGE': 0.28476863302568695, 'LINK': 0.0, 'AVAX': 0.0, 'LTC': 0.0, 'BCH': 0.0, 'CASH': 0.0}",0.0
1732147200000,2024-11-21,295927.4229498189,"{'BTC': 0.0, 'ETH': 0.0, 'SOL': 0.0, 'XRP': 0.3665670162166612, 'ADA': 0.3486643507576519, 'DOGE': 0.28476863302568695, 'LINK': 0.0, 'AVAX': 0.0, 'LTC': 0.0, 'BCH': 0.0, 'CASH': 0.0}",0.0
1732233600000,2024-11-22,345836.7467975769,"{'BTC': 0.0, 'ETH': 0.0, 'SOL': 0.0, 'XRP': 0.3665670162166612, 'ADA': 0.3486643507576519, 'DOGE': 0.28476863302568695, 'LINK': 0.0, 'AVAX': 0.0, 'LTC': 0.0, 'BCH': 0.0, 'CASH': 0.0}",0.0
1732320000000,2024-11-23,355337.82651588577,"{'BTC': 0.0, 'ETH': 0.0, 'SOL': 0.0, 'XRP': 0.3665670162166612, 'ADA': 0.3486643507576519, 'DOGE': 0.28476863302568695, 'LINK': 0.0, 'AVAX': 0.0, 'LTC': 0.0, 'BCH': 0.0, 'CASH': 0.0}",0.0
1732406400000,2024-11-24,347220.84657967096,"{'BTC': 0.0, 'ETH': 0.0, 'SOL': 0.0, 'XRP': 0.3665670162166612, 'ADA': 0.3486643507576519, 'DOGE': 0.28476863302568695, 'LINK': 0.0, 'AVAX': 0.0, 'LTC': 0.0, 'BCH': 0.0, 'CASH': 0.0}",0.0
1732492800000,2024-11-25,327101.06826611445,"{'BTC': 0.0, 'ETH': 0.0, 'SOL': 0.0, 'XRP': 0.3597985676345926, 'ADA': 0.3309054489086824, 'DOGE': 0.30929598345672493, 'LINK': 0.0, 'AVAX': 0.0, 'LTC': 0.0, 'BCH': 0.0, 'CASH': 1.1102230246251565e-16}",1.1102230246251565e-16
1732579200000,2024-11-26,326138.4887854013,"{'BTC': 0.0, 'ETH': 0.0, 'SOL': 0.0, 'XRP': 0.3597985676345926, 'ADA': 0.3309054489086824, 'DOGE': 0.30929598345672493, 'LINK': 0.0, 'AVAX': 0.0, 'LTC': 0.0, 'BCH': 0.0, 'CASH': 1.1102230246251565e-16}",1.1102230246251565e-16
1732665600000,2024-11-27,341949.9556707364,"{'BTC': 0.0, 'ETH': 0.0, 'SOL': 0.0, 'XRP': 0.3597985676345926, 'ADA': 0.3309054489086824, 'DOGE': 0.30929598345672493, 'LINK': 0.0, 'AVAX': 0.0, 'LTC': 0.0, 'BCH': 0.0, 'CASH': 1.1102230246251565e-16}",1.1102230246251565e-16
1732752000000,2024-11-28,350213.6417446301,"{'BTC': 0.0, 'ETH': 0.0, 'SOL': 0.0, 'XRP': 0.3597985676345926, 'ADA': 0.3309054489086824, 'DOGE': 0.30929598345672493, 'LINK': 0.0, 'AVAX': 0.0, 'LTC': 0.0, 'BCH': 0.0, 'CASH': 1.1102230246251565e-16}",1.1102230246251565e-16
1732838400000,2024-11-29,383026.7309885616,"{'BTC': 0.0, 'ETH': 0.0, 'SOL': 0.0, 'XRP': 0.3597985676345926, 'ADA': 0.3309054489086824, 'DOGE': 0.30929598345672493, 'LINK': 0.0, 'AVAX': 0.0, 'LTC': 0.0, 'BCH': 0.0, 'CASH': 1.1102230246251565e-16}",1.1102230246251565e-16
1732924800000,2024-11-30,393683.5974357218,"{'BTC': 0.0, 'ETH': 0.0, 'SOL': 0.0, 'XRP': 0.3597985676345926, 'ADA': 0.3309054489086824, 'DOGE': 0.30929598345672493, 'LINK': 0.0, 'AVAX': 0.0, 'LTC': 0.0, 'BCH': 0.0, 'CASH': 1.1102230246251565e-16}",1.1102230246251565e-16
1733011200000,2024-12-01,432624.2048927336,"{'BTC': 0.0, 'ETH': 0.0, 'SOL': 0.0, 'XRP': 0.3597985676345926, 'ADA': 0.3309054489086824, 'DOGE': 0.30929598345672493, 'LINK': 0.0, 'AVAX': 0.0, 'LTC': 0.0, 'BCH': 0.0, 'CASH': 1.1102230246251565e-16}",1.1102230246251565e-16
1733097600000,2024-12-02,463340.64858494437,"{'BTC': 0.0, 'ETH': 0.0, 'SOL': 0.0, 'XRP': 0.27200656190040995, 'ADA': 0.3279934380995901, 'DOGE': 0.4, 'LINK': 0.0, 'AVAX': 0.0, 'LTC': 0.0, 'BCH': 0.0, 'CASH': 0.0}",0.0
1733184000000,2024-12-03,444138.102129524,"{'BTC': 0.0, 'ETH': 0.0, 'SOL': 0.0, 'XRP': 0.27200656190040995, 'ADA': 0.3279934380995901, 'DOGE': 0.4, 'LINK': 0.0, 'AVAX': 0.0, 'LTC': 0.0, 'BCH': 0.0, 'CASH': 0.0}",0.0
1733270400000,2024-12-04,448120.5954853428,"{'BTC': 0.0, 'ETH': 0.0, 'SOL': 0.0, 'XRP': 0.27200656190040995, 'ADA': 0.3279934380995901, 'DOGE': 0.4, 'LINK': 0.0, 'AVAX': 0.0, 'LTC': 0.0, 'BCH': 0.0, 'CASH': 0.0}",0.0
1733356800000,2024-12-05,436336.2836085316,"{'BTC': 0.0, 'ETH': 0.0, 'SOL': 0.0, 'XRP': 0.27200656190040995, 'ADA': 0.3279934380995901, 'DOGE': 0.4, 'LINK': 0.0, 'AVAX': 0.0, 'LTC': 0.0, 'BCH': 0.0, 'CASH': 0.0}",0.0
1733443200000,2024-12-06,457723.1993642005,"{'BTC': 0.0, 'ETH': 0.0, 'SOL': 0.0, 'XRP': 0.27200656190040995, 'ADA': 0.3279934380995901, 'DOGE': 0.4, 'LINK': 0.0, 'AVAX': 0.0, 'LTC': 0.0, 'BCH': 0.0, 'CASH': 0.0}",0.0
1733529600000,2024-12-07,472335.0768285121,"{'BTC': 0.0, 'ETH': 0.0, 'SOL': 0.0, 'XRP': 0.27200656190040995, 'ADA': 0.3279934380995901, 'DOGE': 0.4, 'LINK': 0.0, 'AVAX': 0.0, 'LTC': 0.0, 'BCH': 0.0, 'CASH': 0.0}",0.0
1733616000000,2024-12-08,475459.2228051509,"{'BTC': 0.0, 'ETH': 0.0, 'SOL': 0.0, 'XRP': 0.27200656190040995, 'ADA': 0.3279934380995901, 'DOGE': 0.4, 'LINK': 0.0, 'AVAX': 0.0, 'LTC': 0.0, 'BCH': 0.0, 'CASH': 0.0}",0.0
1733702400000,2024-12-09,409643.65395270655,"{'BTC': 0.0, 'ETH': 0.0, 'SOL': 0.0, 'XRP': 0.2658505689352466, 'ADA': 0.33414943106475337, 'DOGE': 0.4, 'LINK': 0.0, 'AVAX': 0.0, 'LTC': 0.0, 'BCH': 0.0, 'CASH': 0.0}",0.0
1733788800000,2024-12-10,412074.5183496711,"{'BTC': 0.0, 'ETH': 0.0, 'SOL': 0.0, 'XRP': 0.2658505689352466, 'ADA': 0.33414943106475337, 'DOGE': 0.4, 'LINK': 0.0, 'AVAX': 0.0, 'LTC': 0.0, 'BCH': 0.0, 'CASH': 0.0}",0.0
1733875200000,2024-12-11,430379.322575562,"{'BTC': 0.0, 'ETH': 0.0, 'SOL': 0.0, 'XRP': 0.2658505689352466, 'ADA': 0.33414943106475337, 'DOGE': 0.4, 'LINK': 0.0, 'AVAX': 0.0, 'LTC': 0.0, 'BCH': 0.0, 'CASH': 0.0}",0.0
1733961600000,2024-12-12,429042.6061752086,"{'BTC': 0.0, 'ETH': 0.0, 'SOL': 0.0, 'XRP': 0.2658505689352466, 'ADA': 0.33414943106475337, 'DOGE': 0.4, 'LINK': 0.0, 'AVAX': 0.0, 'LTC': 0.0, 'BCH': 0.0, 'CASH': 0.0}",0.0
1734048000000,2024-12-13,434094.5843700995,"{'BTC': 0.0, 'ETH': 0.0, 'SOL': 0.0, 'XRP': 0.2658505689352466, 'ADA': 0.33414943106475337, 'DOGE': 0.4, 'LINK': 0.0, 'AVAX': 0.0, 'LTC': 0.0, 'BCH': 0.0, 'CASH': 0.0}",0.0
1734134400000,2024-12-14,420648.367561085,"{'BTC': 0.0, 'ETH': 0.0, 'SOL': 0.0, 'XRP': 0.2658505689352466, 'ADA': 0.33414943106475337, 'DOGE': 0.4, 'LINK': 0.0, 'AVAX': 0.0, 'LTC': 0.0, 'BCH': 0.0, 'CASH': 0.0}",0.0
1734220800000,2024-12-15,431307.43054735847,"{'BTC': 0.0, 'ETH': 0.0, 'SOL': 0.0, 'XRP': 0.2658505689352466, 'ADA': 0.33414943106475337, 'DOGE': 0.4, 'LINK': 0.0, 'AVAX': 0.0, 'LTC': 0.0, 'BCH': 0.0, 'CASH': 0.0}",0.0
1734307200000,2024-12-16,428464.2149761913,"{'BTC': 0.0, 'ETH': 0.0, 'SOL': 0.0, 'XRP': 0.2247162300717753, 'ADA': 0.3752837699282247, 'DOGE': 0.4, 'LINK': 0.0, 'AVAX': 0.0, 'LTC': 0.0, 'BCH': 0.0, 'CASH': 0.0}",0.0
1734393600000,2024-12-17,424424.710857933,"{'BTC': 0.0, 'ETH': 0.0, 'SOL': 0.0, 'XRP': 0.2247162300717753, 'ADA': 0.3752837699282247, 'DOGE': 0.4, 'LINK': 0.0, 'AVAX': 0.0, 'LTC': 0.0, 'BCH': 0.0, 'CASH': 0.0}",0.0
1734480000000,2024-12-18,386530.400240842,"{'BTC': 0.0, 'ETH': 0.0, 'SOL': 0.0, 'XRP': 0.2247162300717753, 'ADA': 0.3752837699282247, 'DOGE': 0.4, 'LINK': 0.0, 'AVAX': 0.0, 'LTC': 0.0, 'BCH': 0.0, 'CASH': 0.0}",0.0
1734566400000,2024-12-19,351612.07154361263,"{'BTC': 0.0, 'ETH': 0.0, 'SOL': 0.0, 'XRP': 0.2247162300717753, 'ADA': 0.3752837699282247, 'DOGE': 0.4, 'LINK': 0.0, 'AVAX': 0.0, 'LTC': 0.0, 'BCH': 0.0, 'CASH': 0.0}",0.0
1734652800000,2024-12-20,365212.96079079376,"{'BTC': 0.0, 'ETH': 0.0, 'SOL': 0.0, 'XRP': 0.2247162300717753, 'ADA': 0.3752837699282247, 'DOGE': 0.4, 'LINK': 0.0, 'AVAX': 0.0, 'LTC': 0.0, 'BCH': 0.0, 'CASH': 0.0}",0.0
1734739200000,2024-12-21,358333.3242607953,"{'BTC': 0.0, 'ETH': 0.0, 'SOL': 0.0, 'XRP': 0.2247162300717753, 'ADA': 0.3752837699282247, 'DOGE': 0.4, 'LINK': 0.0, 'AVAX': 0.0, 'LTC': 0.0, 'BCH': 0.0, 'CASH': 0.0}",0.0
1734825600000,2024-12-22,350200.19841118593,"{'BTC': 0.0, 'ETH': 0.0, 'SOL': 0.0, 'XRP': 0.2247162300717753, 'ADA': 0.3752837699282247, 'DOGE': 0.4, 'LINK': 0.0, 'AVAX': 0.0, 'LTC': 0.0, 'BCH': 0.0, 'CASH': 0.0}",0.0
1734912000000,2024-12-23,363997.14741942385,"{'BTC': 0.0, 'ETH': 0.0, 'SOL': 0.0, 'XRP': 0.3240042505880384, 'ADA': 0.3189044359573279, 'DOGE': 0.3570913134546338, 'LINK': 0.0, 'AVAX': 0.0, 'LTC': 0.0, 'BCH': 0.0, 'CASH': 0.0}",0.0
1734998400000,2024-12-24,373487.7362116172,"{'BTC': 0.0, 'ETH': 0.0, 'SOL': 0.0, 'XRP': 0.3240042505880384, 'ADA': 0.3189044359573279, 'DOGE': 0.3570913134546338, 'LINK': 0.0, 'AVAX': 0.0, 'LTC': 0.0, 'BCH': 0.0, 'CASH': 0.0}",0.0
1735084800000,2024-12-25,368679.6108757242,"{'BTC': 0.0, 'ETH': 0.0, 'SOL': 0.0, 'XRP': 0.3240042505880384, 'ADA': 0.3189044359573279, 'DOGE': 0.3570913134546338, 'LINK': 0.0, 'AVAX': 0.0, 'LTC': 0.0, 'BCH': 0.0, 'CASH': 0.0}",0.0
1735171200000,2024-12-26,345424.80275804026,"{'BTC': 0.0, 'ETH': 0.0, 'SOL': 0.0, 'XRP': 0.3240042505880384, 'ADA': 0.3189044359573279, 'DOGE': 0.3570913134546338, 'LINK': 0.0, 'AVAX': 0.0, 'LTC': 0.0, 'BCH': 0.0, 'CASH': 0.0}",0.0
1735257600000,2024-12-27,346548.6753703986,"{'BTC': 0.0, 'ETH': 0.0, 'SOL': 0.0, 'XRP': 0.3240042505880384, 'ADA': 0.3189044359573279, 'DOGE': 0.3570913134546338, 'LINK': 0.0, 'AVAX': 0.0, 'LTC': 0.0, 'BCH': 0.0, 'CASH': 0.0}",0.0
1735344000000,2024-12-28,354972.72416544496,"{'BTC': 0.0, 'ETH': 0.0, 'SOL': 0.0, 'XRP': 0.3240042505880384, 'ADA': 0.3189044359573279, 'DOGE': 0.3570913134546338, 'LINK': 0.0, 'AVAX': 0.0, 'LTC': 0.0, 'BCH': 0.0, 'CASH': 0.0}",0.0
1735430400000,2024-12-29,342290.78223796975,"{'BTC': 0.0, 'ETH': 0.0, 'SOL': 0.0, 'XRP': 0.3240042505880384, 'ADA': 0.3189044359573279, 'DOGE': 0.3570913134546338, 'LINK': 0.0, 'AVAX': 0.0, 'LTC': 0.0, 'BCH': 0.0, 'CASH': 0.0}",0.0
1735516800000,2024-12-30,340541.4386401659,"{'BTC': 0.0, 'ETH': 0.0, 'SOL': 0.0, 'XRP': 0.3961465722788913, 'ADA': 0.2929755272508787, 'DOGE': 0.31087790047023006, 'LINK': 0.0, 'AVAX': 0.0, 'LTC': 0.0, 'BCH': 0.0, 'CASH': 0.0}",0.0
1735603200000,2024-12-31,340885.9826677728,"{'BTC': 0.0, 'ETH': 0.0, 'SOL': 0.0, 'XRP': 0.3961465722788913, 'ADA': 0.2929755272508787, 'DOGE': 0.31087790047023006, 'LINK': 0.0, 'AVAX': 0.0, 'LTC': 0.0, 'BCH': 0.0, 'CASH': 0.0}",0.0
1735689600000,2025-01-01,369249.81065628154,"{'BTC': 0.0, 'ETH': 0.0, 'SOL': 0.0, 'XRP': 0.3961465722788913, 'ADA': 0.2929755272508787, 'DOGE': 0.31087790047023006, 'LINK': 0.0, 'AVAX': 0.0, 'LTC': 0.0, 'BCH': 0.0, 'CASH': 0.0}",0.0
1735776000000,2025-01-02,383451.13450005784,"{'BTC': 0.0, 'ETH': 0.0, 'SOL': 0.0, 'XRP': 0.3961465722788913, 'ADA': 0.2929755272508787, 'DOGE': 0.31087790047023006, 'LINK': 0.0, 'AVAX': 0.0, 'LTC': 0.0, 'BCH': 0.0, 'CASH': 0.0}",0.0
1735862400000,2025-01-03,416349.40892614075,"{'BTC': 0.0, 'ETH': 0.0, 'SOL': 0.0, 'XRP': 0.3961465722788913, 'ADA': 0.2929755272508787, 'DOGE': 0.31087790047023006, 'LINK': 0.0, 'AVAX': 0.0, 'LTC': 0.0, 'BCH': 0.0, 'CASH': 0.0}",0.0
1735948800000,2025-01-04,417131.2583929207,"{'BTC': 0.0, 'ETH': 0.0, 'SOL': 0.0, 'XRP': 0.3961465722788913, 'ADA': 0.2929755272508787, 'DOGE': 0.31087790047023006, 'LINK': 0.0, 'AVAX': 0.0, 'LTC': 0.0, 'BCH': 0.0, 'CASH': 0.0}",0.0
1736035200000,2025-01-05,413933.82674421056,"{'BTC': 0.0, 'ETH': 0.0, 'SOL': 0.0, 'XRP': 0.3961465722788913, 'ADA': 0.2929755272508787, 'DOGE': 0.31087790047023006, 'LINK': 0.0, 'AVAX': 0.0, 'LTC': 0.0, 'BCH': 0.0, 'CASH': 0.0}",0.0
1736121600000,2025-01-06,417714.54985067365,"{'BTC': 0.0, 'ETH': 0.0, 'SOL': 0.0, 'XRP': 0.38782571137353267, 'ADA': 0.29711684721080267, 'DOGE': 0.31505744141566466, 'LINK': 0.0, 'AVAX': 0.0, 'LTC': 0.0, 'BCH': 0.0, 'CASH': 0.0}",0.0
1736208000000,2025-01-07,382192.5208672071,"{'BTC': 0.0, 'ETH': 0.0, 'SOL': 0.0, 'XRP': 0.38782571137353267, 'ADA': 0.29711684721080267, 'DOGE': 0.31505744141566466, 'LINK': 0.0, 'AVAX': 0.0, 'LTC': 0.0, 'BCH': 0.0, 'CASH': 0.0}",0.0
1736294400000,2025-01-08,381962.29762786016,"{'BTC': 0.0, 'ETH': 0.0, 'SOL': 0.0, 'XRP': 0.38782571137353267, 'ADA': 0.29711684721080267, 'DOGE': 0.31505744141566466, 'LINK': 0.0, 'AVAX': 0.0, 'LTC': 0.0, 'BCH': 0.0, 'CASH': 0.0}",0.0
1736380800000,2025-01-09,363183.3352155817,"{'BTC': 0.0, 'ETH': 0.0, 'SOL': 0.0, 'XRP': 0.38782571137353267, 'ADA': 0.29711684721080267, 'DOGE': 0.31505744141566466, 'LINK': 0.0, 'AVAX': 0.0, 'LTC': 0.0, 'BCH': 0.0, 'CASH': 0.0}",0.0
1736467200000,2025-01-10,375107.4611231655,"{'BTC': 0.0, 'ETH': 0.0, 'SOL': 0.0, 'XRP': 0.38782571137353267, 'ADA': 0.29711684721080267, 'DOGE': 0.31505744141566466, 'LINK': 0.0, 'AVAX': 0.0, 'LTC': 0.0, 'BCH': 0.0, 'CASH': 0.0}",0.0
1736553600000,2025-01-11,399996.3989415442,"{'BTC': 0.0, 'ETH': 0.0, 'SOL': 0.0, 'XRP': 0.38782571137353267, 'ADA': 0.29711684721080267, 'DOGE': 0.31505744141566466, 'LINK': 0.0, 'AVAX': 0.0, 'LTC': 0.0, 'BCH': 0.0, 'CASH': 0.0}",0.0
1736640000000,2025-01-12,390347.3956567536,"{'BTC': 0.0, 'ETH': 0.0, 'SOL': 0.0, 'XRP': 0.38782571137353267, 'ADA': 0.29711684721080267, 'DOGE': 0.31505744141566466, 'LINK': 0.0, 'AVAX': 0.0, 'LTC': 0.0, 'BCH': 0.0, 'CASH': 0.0}",0.0
1736726400000,2025-01-13,388895.95190189243,"{'BTC': 0.4, 'ETH': 0.0, 'SOL': 0.0, 'XRP': 0.3213715071067827, 'ADA': 0.27862849289321723, 'DOGE': 0.0, 'LINK': 0.0, 'AVAX': 0.0, 'LTC': 0.0, 'BCH': 0.0, 'CASH': 0.0}",0.0
1736812800000,2025-01-14,405500.05098422157,"{'BTC': 0.4, 'ETH': 0.0, 'SOL': 0.0, 'XRP': 0.3213715071067827, 'ADA': 0.27862849289321723, 'DOGE': 0.0, 'LINK': 0.0, 'AVAX': 0.0, 'LTC': 0.0, 'BCH': 0.0, 'CASH': 0.0}",0.0
1736899200000,2025-01-15,444335.9223250153,"{'BTC': 0.4, 'ETH': 0.0, 'SOL': 0.0, 'XRP': 0.3213715071067827, 'ADA': 0.27862849289321723, 'DOGE': 0.0, 'LINK': 0.0, 'AVAX': 0.0, 'LTC': 0.0, 'BCH': 0.0, 'CASH': 0.0}",0.0
1736985600000,2025-01-16,449596.35547726933,"{'BTC': 0.4, 'ETH': 0.0, 'SOL': 0.0, 'XRP': 0.3213715071067827, 'ADA': 0.27862849289321723, 'DOGE': 0.0, 'LINK': 0.0, 'AVAX': 0.0, 'LTC': 0.0, 'BCH': 0.0, 'CASH': 0.0}",0.0
1737072000000,2025-01-17,464328.06823873107,"{'BTC': 0.4, 'ETH': 0.0, 'SOL': 0.0, 'XRP': 0.3213715071067827, 'ADA': 0.27862849289321723, 'DOGE': 0.0, 'LINK': 0.0, 'AVAX': 0.0, 'LTC': 0.0, 'BCH': 0.0, 'CASH': 0.0}",0.0
1737158400000,2025-01-18,460180.23752008897,"{'BTC': 0.4, 'ETH': 0.0, 'SOL': 0.0, 'XRP': 0.3213715071067827, 'ADA': 0.27862849289321723, 'DOGE': 0.0, 'LINK': 0.0, 'AVAX': 0.0, 'LTC': 0.0, 'BCH': 0.0, 'CASH': 0.0}",0.0
1737244800000,2025-01-19,427513.2293918936,"{'BTC': 0.4, 'ETH': 0.0, 'SOL': 0.0, 'XRP': 0.3213715071067827, 'ADA': 0.27862849289321723, 'DOGE': 0.0, 'LINK': 0.0, 'AVAX': 0.0, 'LTC': 0.0, 'BCH': 0.0, 'CASH': 0.0}",0.0
1737331200000,2025-01-20,437120.1976724478,"{'BTC': 0.0, 'ETH': 0.0, 'SOL': 0.0, 'XRP': 0.3049692105749462, 'ADA': 0.31514136679624505, 'DOGE': 0.0, 'LINK': 0.37988942262880876, 'AVAX': 0.0, 'LTC': 0.0, 'BCH': 0.0, 'CASH': 0.0}",0.0
1737417600000,2025-01-21,450644.3976511511,"{'BTC': 0.0, 'ETH': 0.0, 'SOL': 0.0, 'XRP': 0.3049692105749462, 'ADA': 0.31514136679624505, 'DOGE': 0.0, 'LINK': 0.37988942262880876, 'AVAX': 0.0, 'LTC': 0.0, 'BCH': 0.0, 'CASH': 0.0}",0.0
1737504000000,2025-01-22,438516.9475789888,"{'BTC': 0.0, 'ETH': 0.0, 'SOL': 0.0, 'XRP': 0.3049692105749462, 'ADA': 0.31514136679624505, 'DOGE': 0.0, 'LINK': 0.37988942262880876, 'AVAX': 0.0, 'LTC': 0.0, 'BCH': 0.0, 'CASH': 0.0}",0.0
1737590400000,2025-01-23,439189.0617566756,"{'BTC': 0.0, 'ETH': 0.0, 'SOL': 0.0, 'XRP': 0.3049692105749462, 'ADA': 0.31514136679624505, 'DOGE': 0.0, 'LINK': 0.37988942262880876, 'AVAX': 0.0, 'LTC': 0.0, 'BCH': 0.0, 'CASH': 0.0}",0.0
1737676800000,2025-01-24,433176.264722849,"{'BTC': 0.0, 'ETH': 0.0, 'SOL': 0.0, 'XRP': 0.3049692105749462, 'ADA': 0.31514136679624505, 'DOGE': 0.0, 'LINK': 0.37988942262880876, 'AVAX': 0.0, 'LTC': 0.0, 'BCH': 0.0, 'CASH': 0.0}",0.0
1737763200000,2025-01-25,432400.6675360976,"{'BTC': 0.0, 'ETH': 0.0, 'SOL': 0.0, 'XRP': 0.3049692105749462, 'ADA': 0.31514136679624505, 'DOGE': 0.0, 'LINK': 0.37988942262880876, 'AVAX': 0.0, 'LTC': 0.0, 'BCH': 0.0, 'CASH': 0.0}",0.0
1737849600000,2025-01-26,425073.1117843134,"{'BTC': 0.0, 'ETH': 0.0, 'SOL': 0.0, 'XRP': 0.3049692105749462, 'ADA': 0.31514136679624505, 'DOGE': 0.0, 'LINK': 0.37988942262880876, 'AVAX': 0.0, 'LTC': 0.0, 'BCH': 0.0, 'CASH': 0.0}",0.0
1737936000000,2025-01-27,418914.7083470189,"{'BTC': 0.4, 'ETH': 0.0, 'SOL': 0.0, 'XRP': 0.2606080079085669, 'ADA': 0.0, 'DOGE': 0.0, 'LINK': 0.33939199209143306, 'AVAX': 0.0, 'LTC': 0.0, 'BCH': 0.0, 'CASH': 0.0}",0.0
1738022400000,2025-01-28,408310.8048737754,"{'BTC': 0.4, 'ETH': 0.0, 'SOL': 0.0, 'XRP': 0.2606080079085669, 'ADA': 0.0, 'DOGE': 0.0, 'LINK': 0.33939199209143306, 'AVAX': 0.0, 'LTC': 0.0, 'BCH': 0.0, 'CASH': 0.0}",0.0
1738108800000,2025-01-29,419217.50200972595,"{'BTC': 0.4, 'ETH': 0.0, 'SOL': 0.0, 'XRP': 0.2606080079085669, 'ADA': 0.0, 'DOGE': 0.0, 'LINK': 0.33939199209143306, 'AVAX': 0.0, 'LTC': 0.0, 'BCH': 0.0, 'CASH': 0.0}",0.0
1738195200000,2025-01-30,427730.9303476649,"{'BTC': 0.4, 'ETH': 0.0, 'SOL': 0.0, 'XRP': 0.2606080079085669, 'ADA': 0.0, 'DOGE': 0.0, 'LINK': 0.33939199209143306, 'AVAX': 0.0, 'LTC': 0.0, 'BCH': 0.0, 'CASH': 0.0}",0.0
1738281600000,2025-01-31,424732.32500857103,"{'BTC': 0.4, 'ETH': 0.0, 'SOL': 0.0, 'XRP': 0.2606080079085669, 'ADA': 0.0, 'DOGE': 0.0, 'LINK': 0.33939199209143306, 'AVAX': 0.0, 'LTC': 0.0, 'BCH': 0.0, 'CASH': 0.0}",0.0
1738368000000,2025-02-01,403525.41799985245,"{'BTC': 0.4, 'ETH': 0.0, 'SOL': 0.0, 'XRP': 0.2606080079085669, 'ADA': 0.0, 'DOGE': 0.0, 'LINK': 0.33939199209143306, 'AVAX': 0.0, 'LTC': 0.0, 'BCH': 0.0, 'CASH': 0.0}",0.0
1738454400000,2025-02-02,372914.57771117066,"{'BTC': 0.4, 'ETH': 0.0, 'SOL': 0.0, 'XRP': 0.2606080079085669, 'ADA': 0.0, 'DOGE': 0.0, 'LINK': 0.33939199209143306, 'AVAX': 0.0, 'LTC': 0.0, 'BCH': 0.0, 'CASH': 0.0}",0.0
1738540800000,2025-02-03,390500.4645390387,"{'BTC': 0.4, 'ETH': 0.0, 'SOL': 0.0, 'XRP': 0.4, 'ADA': 0.0, 'DOGE': 0.0, 'LINK': 0.0, 'AVAX': 0.0, 'LTC': 0.0, 'BCH': 0.0, 'CASH': 0.19999999999999996}",0.19999999999999996
1738627200000,2025-02-04,374740.7551366754,"{'BTC': 0.4, 'ETH': 0.0, 'SOL': 0.0, 'XRP': 0.4, 'ADA': 0.0, 'DOGE': 0.0, 'LINK': 0.0, 'AVAX': 0.0, 'LTC': 0.0, 'BCH': 0.0, 'CASH': 0.19999999999999996}",0.19999999999999996
1738713600000,2025-02-05,364252.53547184245,"{'BTC': 0.4, 'ETH': 0.0, 'SOL': 0.0, 'XRP': 0.4, 'ADA': 0.0, 'DOGE': 0.0, 'LINK': 0.0, 'AVAX': 0.0, 'LTC': 0.0, 'BCH': 0.0, 'CASH': 0.19999999999999996}",0.19999999999999996
1738800000000,2025-02-06,360708.8972089825,"{'BTC': 0.4, 'ETH': 0.0, 'SOL': 0.0, 'XRP': 0.4, 'ADA': 0.0, 'DOGE': 0.0, 'LINK': 0.0, 'AVAX': 0.0, 'LTC': 0.0, 'BCH': 0.0, 'CASH': 0.19999999999999996}",0.19999999999999996
1738886400000,2025-02-07,365154.11520745873,"{'BTC': 0.4, 'ETH': 0.0, 'SOL': 0.0, 'XRP': 0.4, 'ADA': 0.0, 'DOGE': 0.0, 'LINK': 0.0, 'AVAX': 0.0, 'LTC': 0.0, 'BCH': 0.0, 'CASH': 0.19999999999999996}",0.19999999999999996
1738972800000,2025-02-08,366402.3733221825,"{'BTC': 0.4, 'ETH': 0.0, 'SOL': 0.0, 'XRP': 0.4, 'ADA': 0.0, 'DOGE': 0.0, 'LINK': 0.0, 'AVAX': 0.0, 'LTC': 0.0, 'BCH': 0.0, 'CASH': 0.19999999999999996}",0.19999999999999996
1739059200000,2025-02-09,364844.9453873097,"{'BTC': 0.4, 'ETH': 0.0, 'SOL': 0.0, 'XRP': 0.4, 'ADA': 0.0, 'DOGE': 0.0, 'LINK': 0.0, 'AVAX': 0.0, 'LTC': 0.0, 'BCH': 0.0, 'CASH': 0.19999999999999996}",0.19999999999999996
1739145600000,2025-02-10,367573.60858890036,"{'BTC': 0.0, 'ETH': 0.0, 'SOL': 0.0, 'XRP': 0.4, 'ADA': 0.0, 'DOGE': 0.0, 'LINK': 0.0, 'AVAX': 0.0, 'LTC': 0.4, 'BCH': 0.0, 'CASH': 0.19999999999999996}",0.19999999999999996
1739232000000,2025-02-11,365689.8822643196,"{'BTC': 0.0, 'ETH': 0.0, 'SOL': 0.0, 'XRP': 0.4, 'ADA': 0.0, 'DOGE': 0.0, 'LINK': 0.0, 'AVAX': 0.0, 'LTC': 0.4, 'BCH': 0.0, 'CASH': 0.19999999999999996}",0.19999999999999996
1739318400000,2025-02-12,372871.51818899444,"{'BTC': 0.0, 'ETH': 0.0, 'SOL': 0.0, 'XRP': 0.4, 'ADA': 0.0, 'DOGE': 0.0, 'LINK': 0.0, 'AVAX': 0.0, 'LTC': 0.4, 'BCH': 0.0, 'CASH': 0.19999999999999996}",0.19999999999999996
1739404800000,2025-02-13,383705.8897033044,"{'BTC': 0.0, 'ETH': 0.0, 'SOL': 0.0, 'XRP': 0.4, 'ADA': 0.0, 'DOGE': 0.0, 'LINK': 0.0, 'AVAX': 0.0, 'LTC': 0.4, 'BCH': 0.0, 'CASH': 0.19999999999999996}",0.19999999999999996
1739491200000,2025-02-14,392223.8828263055,"{'BTC': 0.0, 'ETH': 0.0, 'SOL': 0.0, 'XRP': 0.4, 'ADA': 0.0, 'DOGE': 0.0, 'LINK': 0.0, 'AVAX': 0.0, 'LTC': 0.4, 'BCH': 0.0, 'CASH': 0.19999999999999996}",0.19999999999999996
1739577600000,2025-02-15,404895.1533419518,"{'BTC': 0.0, 'ETH': 0.0, 'SOL': 0.0, 'XRP': 0.4, 'ADA': 0.0, 'DOGE': 0.0, 'LINK': 0.0, 'AVAX': 0.0, 'LTC': 0.4, 'BCH': 0.0, 'CASH': 0.19999999999999996}",0.19999999999999996
1739664000000,2025-02-16,393006.7079987825,"{'BTC': 0.0, 'ETH': 0.0, 'SOL': 0.0, 'XRP': 0.4, 'ADA': 0.0, 'DOGE': 0.0, 'LINK': 0.0, 'AVAX': 0.0, 'LTC': 0.4, 'BCH': 0.0, 'CASH': 0.19999999999999996}",0.19999999999999996
1739750400000,2025-02-17,384766.1142831695,"{'BTC': 0.0, 'ETH': 0.0, 'SOL': 0.0, 'XRP': 0.4, 'ADA': 0.0, 'DOGE': 0.0, 'LINK': 0.0, 'AVAX': 0.0, 'LTC': 0.4, 'BCH': 0.0, 'CASH': 0.19999999999999996}",0.19999999999999996
1739836800000,2025-02-18,388289.0180284874,"{'BTC': 0.0, 'ETH': 0.0, 'SOL': 0.0, 'XRP': 0.4, 'ADA': 0.0, 'DOGE': 0.0, 'LINK': 0.0, 'AVAX': 0.0, 'LTC': 0.4, 'BCH': 0.0, 'CASH': 0.19999999999999996}",0.19999999999999996
1739923200000,2025-02-19,405283.53177226416,"{'BTC': 0.0, 'ETH': 0.0, 'SOL': 0.0, 'XRP': 0.4, 'ADA': 0.0, 'DOGE': 0.0, 'LINK': 0.0, 'AVAX': 0.0, 'LTC': 0.4, 'BCH': 0.0, 'CASH': 0.19999999999999996}",0.19999999999999996
1740009600000,2025-02-20,397580.272796866,"{'BTC': 0.0, 'ETH': 0.0, 'SOL': 0.0, 'XRP': 0.4, 'ADA': 0.0, 'DOGE': 0.0, 'LINK': 0.0, 'AVAX': 0.0, 'LTC': 0.4, 'BCH': 0.0, 'CASH': 0.19999999999999996}",0.19999999999999996
1740096000000,2025-02-21,387172.717690758,"{'BTC': 0.0, 'ETH': 0.0, 'SOL': 0.0, 'XRP': 0.4, 'ADA': 0.0, 'DOGE': 0.0, 'LINK': 0.0, 'AVAX': 0.0, 'LTC': 0.4, 'BCH': 0.0, 'CASH': 0.19999999999999996}",0.19999999999999996
1740182400000,2025-02-22,384807.3775187871,"{'BTC': 0.0, 'ETH': 0.0, 'SOL': 0.0, 'XRP': 0.4, 'ADA': 0.0, 'DOGE': 0.0, 'LINK': 0.0, 'AVAX': 0.0, 'LTC': 0.4, 'BCH': 0.0, 'CASH': 0.19999999999999996}",0.19999999999999996
1740268800000,2025-02-23,389742.1580927478,"{'BTC': 0.0, 'ETH': 0.0, 'SOL': 0.0, 'XRP': 0.4, 'ADA': 0.0, 'DOGE': 0.0, 'LINK': 0.0, 'AVAX': 0.0, 'LTC': 0.4, 'BCH': 0.0, 'CASH': 0.19999999999999996}",0.19999999999999996
1740355200000,2025-02-24,353527.69339268253,"{'BTC': 0.0, 'ETH': 0.0, 'SOL': 0.0, 'XRP': 0.4, 'ADA': 0.0, 'DOGE': 0.0, 'LINK': 0.0, 'AVAX': 0.0, 'LTC': 0.4, 'BCH': 0.0, 'CASH': 0.19999999999999996}",0.19999999999999996
1740441600000,2025-02-25,355729.1639077535,"{'BTC': 0.0, 'ETH': 0.0, 'SOL': 0.0, 'XRP': 0.4, 'ADA': 0.0, 'DOGE': 0.0, 'LINK': 0.0, 'AVAX': 0.0, 'LTC': 0.4, 'BCH': 0.0, 'CASH': 0.19999999999999996}",0.19999999999999996
1740528000000,2025-02-26,360610.34634913865,"{'BTC': 0.0, 'ETH': 0.0, 'SOL': 0.0, 'XRP': 0.4, 'ADA': 0.0, 'DOGE': 0.0, 'LINK': 0.0, 'AVAX': 0.0, 'LTC': 0.4, 'BCH': 0.0, 'CASH': 0.19999999999999996}",0.19999999999999996
1740614400000,2025-02-27,363349.5648645175,"{'BTC': 0.0, 'ETH': 0.0, 'SOL': 0.0, 'XRP': 0.4, 'ADA': 0.0, 'DOGE': 0.0, 'LINK': 0.0, 'AVAX': 0.0, 'LTC': 0.4, 'BCH': 0.0, 'CASH': 0.19999999999999996}",0.19999999999999996
1740700800000,2025-02-28,361337.46826329076,"{'BTC': 0.0, 'ETH': 0.0, 'SOL': 0.0, 'XRP': 0.4, 'ADA': 0.0, 'DOGE': 0.0, 'LINK': 0.0, 'AVAX': 0.0, 'LTC': 0.4, 'BCH': 0.0, 'CASH': 0.19999999999999996}",0.19999999999999996
1740787200000,2025-03-01,360268.30240101804,"{'BTC': 0.0, 'ETH': 0.0, 'SOL': 0.0, 'XRP': 0.4, 'ADA': 0.0, 'DOGE': 0.0, 'LINK': 0.0, 'AVAX': 0.0, 'LTC': 0.4, 'BCH': 0.0, 'CASH': 0.19999999999999996}",0.19999999999999996
1740873600000,2025-03-02,413637.4696830554,"{'BTC': 0.0, 'ETH': 0.0, 'SOL': 0.0, 'XRP': 0.4, 'ADA': 0.0, 'DOGE': 0.0, 'LINK': 0.0, 'AVAX': 0.0, 'LTC': 0.4, 'BCH': 0.0, 'CASH': 0.19999999999999996}",0.19999999999999996
1740960000000,2025-03-03,358780.6949472023,"{'BTC': 0.0, 'ETH': 0.0, 'SOL': 0.0, 'XRP': 0.0, 'ADA': 0.0, 'DOGE': 0.0, 'LINK': 0.0, 'AVAX': 0.0, 'LTC': 0.4, 'BCH': 0.0, 'CASH': 0.6}",0.6
1741046400000,2025-03-04,350730.10181042145,"{'BTC': 0.0, 'ETH': 0.0, 'SOL': 0.0, 'XRP': 0.0, 'ADA': 0.0, 'DOGE': 0.0, 'LINK': 0.0, 'AVAX': 0.0, 'LTC': 0.4, 'BCH': 0.0, 'CASH': 0.6}",0.6
1741132800000,2025-03-05,352205.4353790596,"{'BTC': 0.0, 'ETH': 0.0, 'SOL': 0.0, 'XRP': 0.0, 'ADA': 0.0, 'DOGE': 0.0, 'LINK': 0.0, 'AVAX': 0.0, 'LTC': 0.4, 'BCH': 0.0, 'CASH': 0.6}",0.6
1741219200000,2025-03-06,350416.4980903288,"{'BTC': 0.0, 'ETH': 0.0, 'SOL': 0.0, 'XRP': 0.0, 'ADA': 0.0, 'DOGE': 0.0, 'LINK': 0.0, 'AVAX': 0.0, 'LTC': 0.4, 'BCH': 0.0, 'CASH': 0.6}",0.6
1741305600000,2025-03-07,350755.3594171737,"{'BTC': 0.0, 'ETH': 0.0, 'SOL': 0.0, 'XRP': 0.0, 'ADA': 0.0, 'DOGE': 0.0, 'LINK': 0.0, 'AVAX': 0.0, 'LTC': 0.4, 'BCH': 0.0, 'CASH': 0.6}",0.6
1741392000000,2025-03-08,348887.5515993242,"{'BTC': 0.0, 'ETH': 0.0, 'SOL': 0.0, 'XRP': 0.0, 'ADA': 0.0, 'DOGE': 0.0, 'LINK': 0.0, 'AVAX': 0.0, 'LTC': 0.4, 'BCH': 0.0, 'CASH': 0.6}",0.6
1741478400000,2025-03-09,338367.7118541901,"{'BTC': 0.0, 'ETH': 0.0, 'SOL': 0.0, 'XRP': 0.0, 'ADA': 0.0, 'DOGE': 0.0, 'LINK': 0.0, 'AVAX': 0.0, 'LTC': 0.4, 'BCH': 0.0, 'CASH': 0.6}",0.6
1741564800000,2025-03-10,327878.36287815537,"{'BTC': 0.0, 'ETH': 0.0, 'SOL': 0.0, 'XRP': 0.0, 'ADA': 0.0, 'DOGE': 0.0, 'LINK': 0.0, 'AVAX': 0.0, 'LTC': 0.0, 'BCH': 0.0, 'CASH': 1.0}",1.0
1741651200000,2025-03-11,327878.36287815537,"{'BTC': 0.0, 'ETH': 0.0, 'SOL': 0.0, 'XRP': 0.0, 'ADA': 0.0, 'DOGE': 0.0, 'LINK': 0.0, 'AVAX': 0.0, 'LTC': 0.0, 'BCH': 0.0, 'CASH': 1.0}",1.0
1741737600000,2025-03-12,327878.36287815537,"{'BTC': 0.0, 'ETH': 0.0, 'SOL': 0.0, 'XRP': 0.0, 'ADA': 0.0, 'DOGE': 0.0, 'LINK': 0.0, 'AVAX': 0.0, 'LTC': 0.0, 'BCH': 0.0, 'CASH': 1.0}",1.0
1741824000000,2025-03-13,327878.36287815537,"{'BTC': 0.0, 'ETH': 0.0, 'SOL': 0.0, 'XRP': 0.0, 'ADA': 0.0, 'DOGE': 0.0, 'LINK': 0.0, 'AVAX': 0.0, 'LTC': 0.0, 'BCH': 0.0, 'CASH': 1.0}",1.0
1741910400000,2025-03-14,327878.36287815537,"{'BTC': 0.0, 'ETH': 0.0, 'SOL': 0.0, 'XRP': 0.0, 'ADA': 0.0, 'DOGE': 0.0, 'LINK': 0.0, 'AVAX': 0.0, 'LTC': 0.0, 'BCH': 0.0, 'CASH': 1.0}",1.0
1741996800000,2025-03-15,327878.36287815537,"{'BTC': 0.0, 'ETH': 0.0, 'SOL': 0.0, 'XRP': 0.0, 'ADA': 0.0, 'DOGE': 0.0, 'LINK': 0.0, 'AVAX': 0.0, 'LTC': 0.0, 'BCH': 0.0, 'CASH': 1.0}",1.0
1742083200000,2025-03-16,327878.36287815537,"{'BTC': 0.0, 'ETH': 0.0, 'SOL': 0.0, 'XRP': 0.0, 'ADA': 0.0, 'DOGE': 0.0, 'LINK': 0.0, 'AVAX': 0.0, 'LTC': 0.0, 'BCH': 0.0, 'CASH': 1.0}",1.0
1742169600000,2025-03-17,327878.36287815537,"{'BTC': 0.0, 'ETH': 0.0, 'SOL': 0.0, 'XRP': 0.0, 'ADA': 0.0, 'DOGE': 0.0, 'LINK': 0.0, 'AVAX': 0.0, 'LTC': 0.0, 'BCH': 0.0, 'CASH': 1.0}",1.0
1742256000000,2025-03-18,327878.36287815537,"{'BTC': 0.0, 'ETH': 0.0, 'SOL': 0.0, 'XRP': 0.0, 'ADA': 0.0, 'DOGE': 0.0, 'LINK': 0.0, 'AVAX': 0.0, 'LTC': 0.0, 'BCH': 0.0, 'CASH': 1.0}",1.0
1742342400000,2025-03-19,327878.36287815537,"{'BTC': 0.0, 'ETH': 0.0, 'SOL': 0.0, 'XRP': 0.0, 'ADA': 0.0, 'DOGE': 0.0, 'LINK': 0.0, 'AVAX': 0.0, 'LTC': 0.0, 'BCH': 0.0, 'CASH': 1.0}",1.0
1742428800000,2025-03-20,327878.36287815537,"{'BTC': 0.0, 'ETH': 0.0, 'SOL': 0.0, 'XRP': 0.0, 'ADA': 0.0, 'DOGE': 0.0, 'LINK': 0.0, 'AVAX': 0.0, 'LTC': 0.0, 'BCH': 0.0, 'CASH': 1.0}",1.0
1742515200000,2025-03-21,327878.36287815537,"{'BTC': 0.0, 'ETH': 0.0, 'SOL': 0.0, 'XRP': 0.0, 'ADA': 0.0, 'DOGE': 0.0, 'LINK': 0.0, 'AVAX': 0.0, 'LTC': 0.0, 'BCH': 0.0, 'CASH': 1.0}",1.0
1742601600000,2025-03-22,327878.36287815537,"{'BTC': 0.0, 'ETH': 0.0, 'SOL': 0.0, 'XRP': 0.0, 'ADA': 0.0, 'DOGE': 0.0, 'LINK': 0.0, 'AVAX': 0.0, 'LTC': 0.0, 'BCH': 0.0, 'CASH': 1.0}",1.0
1742688000000,2025-03-23,327878.36287815537,"{'BTC': 0.0, 'ETH': 0.0, 'SOL': 0.0, 'XRP': 0.0, 'ADA': 0.0, 'DOGE': 0.0, 'LINK': 0.0, 'AVAX': 0.0, 'LTC': 0.0, 'BCH': 0.0, 'CASH': 1.0}",1.0
1742774400000,2025-03-24,327878.36287815537,"{'BTC': 0.0, 'ETH': 0.0, 'SOL': 0.0, 'XRP': 0.0, 'ADA': 0.0, 'DOGE': 0.0, 'LINK': 0.0, 'AVAX': 0.0, 'LTC': 0.0, 'BCH': 0.0, 'CASH': 1.0}",1.0
1742860800000,2025-03-25,327878.36287815537,"{'BTC': 0.0, 'ETH': 0.0, 'SOL': 0.0, 'XRP': 0.0, 'ADA': 0.0, 'DOGE': 0.0, 'LINK': 0.0, 'AVAX': 0.0, 'LTC': 0.0, 'BCH': 0.0, 'CASH': 1.0}",1.0
1742947200000,2025-03-26,327878.36287815537,"{'BTC': 0.0, 'ETH': 0.0, 'SOL': 0.0, 'XRP': 0.0, 'ADA': 0.0, 'DOGE': 0.0, 'LINK': 0.0, 'AVAX': 0.0, 'LTC': 0.0, 'BCH': 0.0, 'CASH': 1.0}",1.0
1743033600000,2025-03-27,327878.36287815537,"{'BTC': 0.0, 'ETH': 0.0, 'SOL': 0.0, 'XRP': 0.0, 'ADA': 0.0, 'DOGE': 0.0, 'LINK': 0.0, 'AVAX': 0.0, 'LTC': 0.0, 'BCH': 0.0, 'CASH': 1.0}",1.0
1743120000000,2025-03-28,327878.36287815537,"{'BTC': 0.0, 'ETH': 0.0, 'SOL': 0.0, 'XRP': 0.0, 'ADA': 0.0, 'DOGE': 0.0, 'LINK': 0.0, 'AVAX': 0.0, 'LTC': 0.0, 'BCH': 0.0, 'CASH': 1.0}",1.0
1743206400000,2025-03-29,327878.36287815537,"{'BTC': 0.0, 'ETH': 0.0, 'SOL': 0.0, 'XRP': 0.0, 'ADA': 0.0, 'DOGE': 0.0, 'LINK': 0.0, 'AVAX': 0.0, 'LTC': 0.0, 'BCH': 0.0, 'CASH': 1.0}",1.0
1743292800000,2025-03-30,327878.36287815537,"{'BTC': 0.0, 'ETH': 0.0, 'SOL': 0.0, 'XRP': 0.0, 'ADA': 0.0, 'DOGE': 0.0, 'LINK': 0.0, 'AVAX': 0.0, 'LTC': 0.0, 'BCH': 0.0, 'CASH': 1.0}",1.0
1743379200000,2025-03-31,327878.36287815537,"{'BTC': 0.0, 'ETH': 0.0, 'SOL': 0.0, 'XRP': 0.0, 'ADA': 0.0, 'DOGE': 0.0, 'LINK': 0.0, 'AVAX': 0.0, 'LTC': 0.0, 'BCH': 0.0, 'CASH': 1.0}",1.0
1743465600000,2025-04-01,327878.36287815537,"{'BTC': 0.0, 'ETH': 0.0, 'SOL': 0.0, 'XRP': 0.0, 'ADA': 0.0, 'DOGE': 0.0, 'LINK': 0.0, 'AVAX': 0.0, 'LTC': 0.0, 'BCH': 0.0, 'CASH': 1.0}",1.0
1743552000000,2025-04-02,327878.36287815537,"{'BTC': 0.0, 'ETH': 0.0, 'SOL': 0.0, 'XRP': 0.0, 'ADA': 0.0, 'DOGE': 0.0, 'LINK': 0.0, 'AVAX': 0.0, 'LTC': 0.0, 'BCH': 0.0, 'CASH': 1.0}",1.0
1743638400000,2025-04-03,327878.36287815537,"{'BTC': 0.0, 'ETH': 0.0, 'SOL': 0.0, 'XRP': 0.0, 'ADA': 0.0, 'DOGE': 0.0, 'LINK': 0.0, 'AVAX': 0.0, 'LTC': 0.0, 'BCH': 0.0, 'CASH': 1.0}",1.0
1743724800000,2025-04-04,327878.36287815537,"{'BTC': 0.0, 'ETH': 0.0, 'SOL': 0.0, 'XRP': 0.0, 'ADA': 0.0, 'DOGE': 0.0, 'LINK': 0.0, 'AVAX': 0.0, 'LTC': 0.0, 'BCH': 0.0, 'CASH': 1.0}",1.0
1743811200000,2025-04-05,327878.36287815537,"{'BTC': 0.0, 'ETH': 0.0, 'SOL': 0.0, 'XRP': 0.0, 'ADA': 0.0, 'DOGE': 0.0, 'LINK': 0.0, 'AVAX': 0.0, 'LTC': 0.0, 'BCH': 0.0, 'CASH': 1.0}",1.0
1743897600000,2025-04-06,327878.36287815537,"{'BTC': 0.0, 'ETH': 0.0, 'SOL': 0.0, 'XRP': 0.0, 'ADA': 0.0, 'DOGE': 0.0, 'LINK': 0.0, 'AVAX': 0.0, 'LTC': 0.0, 'BCH': 0.0, 'CASH': 1.0}",1.0
1743984000000,2025-04-07,327878.36287815537,"{'BTC': 0.0, 'ETH': 0.0, 'SOL': 0.0, 'XRP': 0.0, 'ADA': 0.0, 'DOGE': 0.0, 'LINK': 0.0, 'AVAX': 0.0, 'LTC': 0.0, 'BCH': 0.0, 'CASH': 1.0}",1.0
1744070400000,2025-04-08,327878.36287815537,"{'BTC': 0.0, 'ETH': 0.0, 'SOL': 0.0, 'XRP': 0.0, 'ADA': 0.0, 'DOGE': 0.0, 'LINK': 0.0, 'AVAX': 0.0, 'LTC': 0.0, 'BCH': 0.0, 'CASH': 1.0}",1.0
1744156800000,2025-04-09,327878.36287815537,"{'BTC': 0.0, 'ETH': 0.0, 'SOL': 0.0, 'XRP': 0.0, 'ADA': 0.0, 'DOGE': 0.0, 'LINK': 0.0, 'AVAX': 0.0, 'LTC': 0.0, 'BCH': 0.0, 'CASH': 1.0}",1.0
1744243200000,2025-04-10,327878.36287815537,"{'BTC': 0.0, 'ETH': 0.0, 'SOL': 0.0, 'XRP': 0.0, 'ADA': 0.0, 'DOGE': 0.0, 'LINK': 0.0, 'AVAX': 0.0, 'LTC': 0.0, 'BCH': 0.0, 'CASH': 1.0}",1.0
1744329600000,2025-04-11,327878.36287815537,"{'BTC': 0.0, 'ETH': 0.0, 'SOL': 0.0, 'XRP': 0.0, 'ADA': 0.0, 'DOGE': 0.0, 'LINK': 0.0, 'AVAX': 0.0, 'LTC': 0.0, 'BCH': 0.0, 'CASH': 1.0}",1.0
1744416000000,2025-04-12,327878.36287815537,"{'BTC': 0.0, 'ETH': 0.0, 'SOL': 0.0, 'XRP': 0.0, 'ADA': 0.0, 'DOGE': 0.0, 'LINK': 0.0, 'AVAX': 0.0, 'LTC': 0.0, 'BCH': 0.0, 'CASH': 1.0}",1.0
1744502400000,2025-04-13,327878.36287815537,"{'BTC': 0.0, 'ETH': 0.0, 'SOL': 0.0, 'XRP': 0.0, 'ADA': 0.0, 'DOGE': 0.0, 'LINK': 0.0, 'AVAX': 0.0, 'LTC': 0.0, 'BCH': 0.0, 'CASH': 1.0}",1.0
1744588800000,2025-04-14,327878.36287815537,"{'BTC': 0.0, 'ETH': 0.0, 'SOL': 0.0, 'XRP': 0.0, 'ADA': 0.0, 'DOGE': 0.0, 'LINK': 0.0, 'AVAX': 0.0, 'LTC': 0.0, 'BCH': 0.0, 'CASH': 1.0}",1.0
1744675200000,2025-04-15,327878.36287815537,"{'BTC': 0.0, 'ETH': 0.0, 'SOL': 0.0, 'XRP': 0.0, 'ADA': 0.0, 'DOGE': 0.0, 'LINK': 0.0, 'AVAX': 0.0, 'LTC': 0.0, 'BCH': 0.0, 'CASH': 1.0}",1.0
1744761600000,2025-04-16,327878.36287815537,"{'BTC': 0.0, 'ETH': 0.0, 'SOL': 0.0, 'XRP': 0.0, 'ADA': 0.0, 'DOGE': 0.0, 'LINK': 0.0, 'AVAX': 0.0, 'LTC': 0.0, 'BCH': 0.0, 'CASH': 1.0}",1.0
1744848000000,2025-04-17,327878.36287815537,"{'BTC': 0.0, 'ETH': 0.0, 'SOL': 0.0, 'XRP': 0.0, 'ADA': 0.0, 'DOGE': 0.0, 'LINK': 0.0, 'AVAX': 0.0, 'LTC': 0.0, 'BCH': 0.0, 'CASH': 1.0}",1.0
1744934400000,2025-04-18,327878.36287815537,"{'BTC': 0.0, 'ETH': 0.0, 'SOL': 0.0, 'XRP': 0.0, 'ADA': 0.0, 'DOGE': 0.0, 'LINK': 0.0, 'AVAX': 0.0, 'LTC': 0.0, 'BCH': 0.0, 'CASH': 1.0}",1.0
1745020800000,2025-04-19,327878.36287815537,"{'BTC': 0.0, 'ETH': 0.0, 'SOL': 0.0, 'XRP': 0.0, 'ADA': 0.0, 'DOGE': 0.0, 'LINK': 0.0, 'AVAX': 0.0, 'LTC': 0.0, 'BCH': 0.0, 'CASH': 1.0}",1.0
1745107200000,2025-04-20,327878.36287815537,"{'BTC': 0.0, 'ETH': 0.0, 'SOL': 0.0, 'XRP': 0.0, 'ADA': 0.0, 'DOGE': 0.0, 'LINK': 0.0, 'AVAX': 0.0, 'LTC': 0.0, 'BCH': 0.0, 'CASH': 1.0}",1.0
1745193600000,2025-04-21,327878.36287815537,"{'BTC': 0.0, 'ETH': 0.0, 'SOL': 0.0, 'XRP': 0.0, 'ADA': 0.0, 'DOGE': 0.0, 'LINK': 0.0, 'AVAX': 0.0, 'LTC': 0.0, 'BCH': 0.0, 'CASH': 1.0}",1.0
1745280000000,2025-04-22,327878.36287815537,"{'BTC': 0.0, 'ETH': 0.0, 'SOL': 0.0, 'XRP': 0.0, 'ADA': 0.0, 'DOGE': 0.0, 'LINK': 0.0, 'AVAX': 0.0, 'LTC': 0.0, 'BCH': 0.0, 'CASH': 1.0}",1.0
1745366400000,2025-04-23,327878.36287815537,"{'BTC': 0.0, 'ETH': 0.0, 'SOL': 0.0, 'XRP': 0.0, 'ADA': 0.0, 'DOGE': 0.0, 'LINK': 0.0, 'AVAX': 0.0, 'LTC': 0.0, 'BCH': 0.0, 'CASH': 1.0}",1.0
1745452800000,2025-04-24,327878.36287815537,"{'BTC': 0.0, 'ETH': 0.0, 'SOL': 0.0, 'XRP': 0.0, 'ADA': 0.0, 'DOGE': 0.0, 'LINK': 0.0, 'AVAX': 0.0, 'LTC': 0.0, 'BCH': 0.0, 'CASH': 1.0}",1.0
1745539200000,2025-04-25,327878.36287815537,"{'BTC': 0.0, 'ETH': 0.0, 'SOL': 0.0, 'XRP': 0.0, 'ADA': 0.0, 'DOGE': 0.0, 'LINK': 0.0, 'AVAX': 0.0, 'LTC': 0.0, 'BCH': 0.0, 'CASH': 1.0}",1.0
1745625600000,2025-04-26,327878.36287815537,"{'BTC': 0.0, 'ETH': 0.0, 'SOL': 0.0, 'XRP': 0.0, 'ADA': 0.0, 'DOGE': 0.0, 'LINK': 0.0, 'AVAX': 0.0, 'LTC': 0.0, 'BCH': 0.0, 'CASH': 1.0}",1.0
1745712000000,2025-04-27,327878.36287815537,"{'BTC': 0.0, 'ETH': 0.0, 'SOL': 0.0, 'XRP': 0.0, 'ADA': 0.0, 'DOGE': 0.0, 'LINK': 0.0, 'AVAX': 0.0, 'LTC': 0.0, 'BCH': 0.0, 'CASH': 1.0}",1.0
1745798400000,2025-04-28,327353.7574975503,"{'BTC': 0.4, 'ETH': 0.0, 'SOL': 0.0, 'XRP': 0.4, 'ADA': 0.0, 'DOGE': 0.0, 'LINK': 0.0, 'AVAX': 0.0, 'LTC': 0.0, 'BCH': 0.0, 'CASH': 0.19999999999999996}",0.19999999999999996
1745884800000,2025-04-29,323051.1357848362,"{'BTC': 0.4, 'ETH': 0.0, 'SOL': 0.0, 'XRP': 0.4, 'ADA': 0.0, 'DOGE': 0.0, 'LINK': 0.0, 'AVAX': 0.0, 'LTC': 0.0, 'BCH': 0.0, 'CASH': 0.19999999999999996}",0.19999999999999996
1745971200000,2025-04-30,320153.6156254773,"{'BTC': 0.4, 'ETH': 0.0, 'SOL': 0.0, 'XRP': 0.4, 'ADA': 0.0, 'DOGE': 0.0, 'LINK': 0.0, 'AVAX': 0.0, 'LTC': 0.0, 'BCH': 0.0, 'CASH': 0.19999999999999996}",0.19999999999999996
1746057600000,2025-05-01,324642.19577876746,"{'BTC': 0.4, 'ETH': 0.0, 'SOL': 0.0, 'XRP': 0.4, 'ADA': 0.0, 'DOGE': 0.0, 'LINK': 0.0, 'AVAX': 0.0, 'LTC': 0.0, 'BCH': 0.0, 'CASH': 0.19999999999999996}",0.19999999999999996
1746144000000,2025-05-02,325004.92418976146,"{'BTC': 0.4, 'ETH': 0.0, 'SOL': 0.0, 'XRP': 0.4, 'ADA': 0.0, 'DOGE': 0.0, 'LINK': 0.0, 'AVAX': 0.0, 'LTC': 0.0, 'BCH': 0.0, 'CASH': 0.19999999999999996}",0.19999999999999996
1746230400000,2025-05-03,322260.0974460986,"{'BTC': 0.4, 'ETH': 0.0, 'SOL': 0.0, 'XRP': 0.4, 'ADA': 0.0, 'DOGE': 0.0, 'LINK': 0.0, 'AVAX': 0.0, 'LTC': 0.0, 'BCH': 0.0, 'CASH': 0.19999999999999996}",0.19999999999999996
1746316800000,2025-05-04,318267.6279749497,"{'BTC': 0.4, 'ETH': 0.0, 'SOL': 0.0, 'XRP': 0.4, 'ADA': 0.0, 'DOGE': 0.0, 'LINK': 0.0, 'AVAX': 0.0, 'LTC': 0.0, 'BCH': 0.0, 'CASH': 0.19999999999999996}",0.19999999999999996
1746403200000,2025-05-05,316852.3390995347,"{'BTC': 0.0, 'ETH': 0.0, 'SOL': 0.0, 'XRP': 0.0, 'ADA': 0.0, 'DOGE': 0.0, 'LINK': 0.0, 'AVAX': 0.0, 'LTC': 0.0, 'BCH': 0.0, 'CASH': 1.0}",1.0
1746489600000,2025-05-06,316852.3390995347,"{'BTC': 0.0, 'ETH': 0.0, 'SOL': 0.0, 'XRP': 0.0, 'ADA': 0.0, 'DOGE': 0.0, 'LINK': 0.0, 'AVAX': 0.0, 'LTC': 0.0, 'BCH': 0.0, 'CASH': 1.0}",1.0
1746576000000,2025-05-07,316852.3390995347,"{'BTC': 0.0, 'ETH': 0.0, 'SOL': 0.0, 'XRP': 0.0, 'ADA': 0.0, 'DOGE': 0.0, 'LINK': 0.0, 'AVAX': 0.0, 'LTC': 0.0, 'BCH': 0.0, 'CASH': 1.0}",1.0
1746662400000,2025-05-08,316852.3390995347,"{'BTC': 0.0, 'ETH': 0.0, 'SOL': 0.0, 'XRP': 0.0, 'ADA': 0.0, 'DOGE': 0.0, 'LINK': 0.0, 'AVAX': 0.0, 'LTC': 0.0, 'BCH': 0.0, 'CASH': 1.0}",1.0
1746748800000,2025-05-09,316852.3390995347,"{'BTC': 0.0, 'ETH': 0.0, 'SOL': 0.0, 'XRP': 0.0, 'ADA': 0.0, 'DOGE': 0.0, 'LINK': 0.0, 'AVAX': 0.0, 'LTC': 0.0, 'BCH': 0.0, 'CASH': 1.0}",1.0
1746835200000,2025-05-10,316852.3390995347,"{'BTC': 0.0, 'ETH': 0.0, 'SOL': 0.0, 'XRP': 0.0, 'ADA': 0.0, 'DOGE': 0.0, 'LINK': 0.0, 'AVAX': 0.0, 'LTC': 0.0, 'BCH': 0.0, 'CASH': 1.0}",1.0
1746921600000,2025-05-11,316852.3390995347,"{'BTC': 0.0, 'ETH': 0.0, 'SOL': 0.0, 'XRP': 0.0, 'ADA': 0.0, 'DOGE': 0.0, 'LINK': 0.0, 'AVAX': 0.0, 'LTC': 0.0, 'BCH': 0.0, 'CASH': 1.0}",1.0
1747008000000,2025-05-12,316345.3753569755,"{'BTC': 0.4, 'ETH': 0.0, 'SOL': 0.0, 'XRP': 0.4, 'ADA': 0.0, 'DOGE': 0.0, 'LINK': 0.0, 'AVAX': 0.0, 'LTC': 0.0, 'BCH': 0.0, 'CASH': 0.19999999999999996}",0.19999999999999996
1747094400000,2025-05-13,319898.2943798165,"{'BTC': 0.4, 'ETH': 0.0, 'SOL': 0.0, 'XRP': 0.4, 'ADA': 0.0, 'DOGE': 0.0, 'LINK': 0.0, 'AVAX': 0.0, 'LTC': 0.0, 'BCH': 0.0, 'CASH': 0.19999999999999996}",0.19999999999999996
1747180800000,2025-05-14,317593.22176716063,"{'BTC': 0.4, 'ETH': 0.0, 'SOL': 0.0, 'XRP': 0.4, 'ADA': 0.0, 'DOGE': 0.0, 'LINK': 0.0, 'AVAX': 0.0, 'LTC': 0.0, 'BCH': 0.0, 'CASH': 0.19999999999999996}",0.19999999999999996
1747267200000,2025-05-15,309676.4585717757,"{'BTC': 0.4, 'ETH': 0.0, 'SOL': 0.0, 'XRP': 0.4, 'ADA': 0.0, 'DOGE': 0.0, 'LINK': 0.0, 'AVAX': 0.0, 'LTC': 0.0, 'BCH': 0.0, 'CASH': 0.19999999999999996}",0.19999999999999996
1747353600000,2025-05-16,309080.2390661576,"{'BTC': 0.4, 'ETH': 0.0, 'SOL': 0.0, 'XRP': 0.4, 'ADA': 0.0, 'DOGE': 0.0, 'LINK': 0.0, 'AVAX': 0.0, 'LTC': 0.0, 'BCH': 0.0, 'CASH': 0.19999999999999996}",0.19999999999999996
1747440000000,2025-05-17,307283.77201975277,"{'BTC': 0.4, 'ETH': 0.0, 'SOL': 0.0, 'XRP': 0.4, 'ADA': 0.0, 'DOGE': 0.0, 'LINK': 0.0, 'AVAX': 0.0, 'LTC': 0.0, 'BCH': 0.0, 'CASH': 0.19999999999999996}",0.19999999999999996
1747526400000,2025-05-18,315114.838362506,"{'BTC': 0.4, 'ETH': 0.0, 'SOL': 0.0, 'XRP': 0.4, 'ADA': 0.0, 'DOGE': 0.0, 'LINK': 0.0, 'AVAX': 0.0, 'LTC': 0.0, 'BCH': 0.0, 'CASH': 0.19999999999999996}",0.19999999999999996
1747612800000,2025-05-19,311367.0256639933,"{'BTC': 0.4, 'ETH': 0.0, 'SOL': 0.0, 'XRP': 0.0, 'ADA': 0.0, 'DOGE': 0.0, 'LINK': 0.0, 'AVAX': 0.0, 'LTC': 0.0, 'BCH': 0.0, 'CASH': 0.6}",0.6
1747699200000,2025-05-20,312861.1933323859,"{'BTC': 0.4, 'ETH': 0.0, 'SOL': 0.0, 'XRP': 0.0, 'ADA': 0.0, 'DOGE': 0.0, 'LINK': 0.0, 'AVAX': 0.0, 'LTC': 0.0, 'BCH': 0.0, 'CASH': 0.6}",0.6
1747785600000,2025-05-21,316158.6643999995,"{'BTC': 0.4, 'ETH': 0.0, 'SOL': 0.0, 'XRP': 0.0, 'ADA': 0.0, 'DOGE': 0.0, 'LINK': 0.0, 'AVAX': 0.0, 'LTC': 0.0, 'BCH': 0.0, 'CASH': 0.6}",0.6
1747872000000,2025-05-22,318490.8011309085,"{'BTC': 0.4, 'ETH': 0.0, 'SOL': 0.0, 'XRP': 0.0, 'ADA': 0.0, 'DOGE': 0.0, 'LINK': 0.0, 'AVAX': 0.0, 'LTC': 0.0, 'BCH': 0.0, 'CASH': 0.6}",0.6
1747958400000,2025-05-23,313481.5890763516,"{'BTC': 0.4, 'ETH': 0.0, 'SOL': 0.0, 'XRP': 0.0, 'ADA': 0.0, 'DOGE': 0.0, 'LINK': 0.0, 'AVAX': 0.0, 'LTC': 0.0, 'BCH': 0.0, 'CASH': 0.6}",0.6
1748044800000,2025-05-24,314024.145226391,"{'BTC': 0.4, 'ETH': 0.0, 'SOL': 0.0, 'XRP': 0.0, 'ADA': 0.0, 'DOGE': 0.0, 'LINK': 0.0, 'AVAX': 0.0, 'LTC': 0.0, 'BCH': 0.0, 'CASH': 0.6}",0.6
1748131200000,2025-05-25,315486.1807301864,"{'BTC': 0.4, 'ETH': 0.0, 'SOL': 0.0, 'XRP': 0.0, 'ADA': 0.0, 'DOGE': 0.0, 'LINK': 0.0, 'AVAX': 0.0, 'LTC': 0.0, 'BCH': 0.0, 'CASH': 0.6}",0.6
1748217600000,2025-05-26,315967.17206784844,"{'BTC': 0.4, 'ETH': 0.0, 'SOL': 0.0, 'XRP': 0.0, 'ADA': 0.0, 'DOGE': 0.0, 'LINK': 0.0, 'AVAX': 0.0, 'LTC': 0.0, 'BCH': 0.0, 'CASH': 0.6}",0.6
1748304000000,2025-05-27,315406.20093051024,"{'BTC': 0.4, 'ETH': 0.0, 'SOL': 0.0, 'XRP': 0.0, 'ADA': 0.0, 'DOGE': 0.0, 'LINK': 0.0, 'AVAX': 0.0, 'LTC': 0.0, 'BCH': 0.0, 'CASH': 0.6}",0.6
1748390400000,2025-05-28,314064.24984794727,"{'BTC': 0.4, 'ETH': 0.0, 'SOL': 0.0, 'XRP': 0.0, 'ADA': 0.0, 'DOGE': 0.0, 'LINK': 0.0, 'AVAX': 0.0, 'LTC': 0.0, 'BCH': 0.0, 'CASH': 0.6}",0.6
1748476800000,2025-05-29,311446.494562132,"{'BTC': 0.4, 'ETH': 0.0, 'SOL': 0.0, 'XRP': 0.0, 'ADA': 0.0, 'DOGE': 0.0, 'LINK': 0.0, 'AVAX': 0.0, 'LTC': 0.0, 'BCH': 0.0, 'CASH': 0.6}",0.6
1748563200000,2025-05-30,309630.05389918946,"{'BTC': 0.4, 'ETH': 0.0, 'SOL': 0.0, 'XRP': 0.0, 'ADA': 0.0, 'DOGE': 0.0, 'LINK': 0.0, 'AVAX': 0.0, 'LTC': 0.0, 'BCH': 0.0, 'CASH': 0.6}",0.6
1748649600000,2025-05-31,310359.3686099625,"{'BTC': 0.4, 'ETH': 0.0, 'SOL': 0.0, 'XRP': 0.0, 'ADA': 0.0, 'DOGE': 0.0, 'LINK': 0.0, 'AVAX': 0.0, 'LTC': 0.0, 'BCH': 0.0, 'CASH': 0.6}",0.6
1748736000000,2025-06-01,311607.4628957035,"{'BTC': 0.4, 'ETH': 0.0, 'SOL': 0.0, 'XRP': 0.0, 'ADA': 0.0, 'DOGE': 0.0, 'LINK': 0.0, 'AVAX': 0.0, 'LTC': 0.0, 'BCH': 0.0, 'CASH': 0.6}",0.6
1748822400000,2025-06-02,311851.56507903617,"{'BTC': 0.4, 'ETH': 0.0, 'SOL': 0.0, 'XRP': 0.0, 'ADA': 0.0, 'DOGE': 0.0, 'LINK': 0.0, 'AVAX': 0.0, 'LTC': 0.0, 'BCH': 0.0, 'CASH': 0.6}",0.6
1748908800000,2025-06-03,311313.1441614513,"{'BTC': 0.4, 'ETH': 0.0, 'SOL': 0.0, 'XRP': 0.0, 'ADA': 0.0, 'DOGE': 0.0, 'LINK': 0.0, 'AVAX': 0.0, 'LTC': 0.0, 'BCH': 0.0, 'CASH': 0.6}",0.6
1748995200000,2025-06-04,310493.0672747732,"{'BTC': 0.4, 'ETH': 0.0, 'SOL': 0.0, 'XRP': 0.0, 'ADA': 0.0, 'DOGE': 0.0, 'LINK': 0.0, 'AVAX': 0.0, 'LTC': 0.0, 'BCH': 0.0, 'CASH': 0.6}",0.6
1749081600000,2025-06-05,306719.0398519341,"{'BTC': 0.4, 'ETH': 0.0, 'SOL': 0.0, 'XRP': 0.0, 'ADA': 0.0, 'DOGE': 0.0, 'LINK': 0.0, 'AVAX': 0.0, 'LTC': 0.0, 'BCH': 0.0, 'CASH': 0.6}",0.6
1749168000000,2025-06-06,310134.75443634135,"{'BTC': 0.4, 'ETH': 0.0, 'SOL': 0.0, 'XRP': 0.0, 'ADA': 0.0, 'DOGE': 0.0, 'LINK': 0.0, 'AVAX': 0.0, 'LTC': 0.0, 'BCH': 0.0, 'CASH': 0.6}",0.6
1749254400000,2025-06-07,311585.6783064634,"{'BTC': 0.4, 'ETH': 0.0, 'SOL': 0.0, 'XRP': 0.0, 'ADA': 0.0, 'DOGE': 0.0, 'LINK': 0.0, 'AVAX': 0.0, 'LTC': 0.0, 'BCH': 0.0, 'CASH': 0.6}",0.6
1749340800000,2025-06-08,311780.8326999744,"{'BTC': 0.4, 'ETH': 0.0, 'SOL': 0.0, 'XRP': 0.0, 'ADA': 0.0, 'DOGE': 0.0, 'LINK': 0.0, 'AVAX': 0.0, 'LTC': 0.0, 'BCH': 0.0, 'CASH': 0.6}",0.6
1749427200000,2025-06-09,316856.3371390421,"{'BTC': 0.4, 'ETH': 0.4, 'SOL': 0.0, 'XRP': 0.0, 'ADA': 0.0, 'DOGE': 0.0, 'LINK': 0.0, 'AVAX': 0.0, 'LTC': 0.0, 'BCH': 0.0, 'CASH': 0.19999999999999996}",0.19999999999999996
1749513600000,2025-06-10,323246.56515008584,"{'BTC': 0.4, 'ETH': 0.4, 'SOL': 0.0, 'XRP': 0.0, 'ADA': 0.0, 'DOGE': 0.0, 'LINK': 0.0, 'AVAX': 0.0, 'LTC': 0.0, 'BCH': 0.0, 'CASH': 0.19999999999999996}",0.19999999999999996
1749600000000,2025-06-11,319309.80785851413,"{'BTC': 0.4, 'ETH': 0.4, 'SOL': 0.0, 'XRP': 0.0, 'ADA': 0.0, 'DOGE': 0.0, 'LINK': 0.0, 'AVAX': 0.0, 'LTC': 0.0, 'BCH': 0.0, 'CASH': 0.19999999999999996}",0.19999999999999996
1749686400000,2025-06-12,309920.37939522124,"{'BTC': 0.4, 'ETH': 0.4, 'SOL': 0.0, 'XRP': 0.0, 'ADA': 0.0, 'DOGE': 0.0, 'LINK': 0.0, 'AVAX': 0.0, 'LTC': 0.0, 'BCH': 0.0, 'CASH': 0.19999999999999996}",0.19999999999999996
1749772800000,2025-06-13,307404.9184696187,"{'BTC': 0.4, 'ETH': 0.4, 'SOL': 0.0, 'XRP': 0.0, 'ADA': 0.0, 'DOGE': 0.0, 'LINK': 0.0, 'AVAX': 0.0, 'LTC': 0.0, 'BCH': 0.0, 'CASH': 0.19999999999999996}",0.19999999999999996
1749859200000,2025-06-14,304349.0334962769,"{'BTC': 0.4, 'ETH': 0.4, 'SOL': 0.0, 'XRP': 0.0, 'ADA': 0.0, 'DOGE': 0.0, 'LINK': 0.0, 'AVAX': 0.0, 'LTC': 0.0, 'BCH': 0.0, 'CASH': 0.19999999999999996}",0.19999999999999996
1749945600000,2025-06-15,305275.6952113668,"{'BTC': 0.4, 'ETH': 0.4, 'SOL': 0.0, 'XRP': 0.0, 'ADA': 0.0, 'DOGE': 0.0, 'LINK': 0.0, 'AVAX': 0.0, 'LTC': 0.0, 'BCH': 0.0, 'CASH': 0.19999999999999996}",0.19999999999999996
1750032000000,2025-06-16,306349.4262298519,"{'BTC': 0.4, 'ETH': 0.0, 'SOL': 0.0, 'XRP': 0.0, 'ADA': 0.0, 'DOGE': 0.0, 'LINK': 0.0, 'AVAX': 0.0, 'LTC': 0.0, 'BCH': 0.0, 'CASH': 0.6}",0.6
1750118400000,2025-06-17,303754.2799814409,"{'BTC': 0.4, 'ETH': 0.0, 'SOL': 0.0, 'XRP': 0.0, 'ADA': 0.0, 'DOGE': 0.0, 'LINK': 0.0, 'AVAX': 0.0, 'LTC': 0.0, 'BCH': 0.0, 'CASH': 0.6}",0.6
1750204800000,2025-06-18,304132.01523785165,"{'BTC': 0.4, 'ETH': 0.0, 'SOL': 0.0, 'XRP': 0.0, 'ADA': 0.0, 'DOGE': 0.0, 'LINK': 0.0, 'AVAX': 0.0, 'LTC': 0.0, 'BCH': 0.0, 'CASH': 0.6}",0.6
1750291200000,2025-06-19,303849.4377294031,"{'BTC': 0.4, 'ETH': 0.0, 'SOL': 0.0, 'XRP': 0.0, 'ADA': 0.0, 'DOGE': 0.0, 'LINK': 0.0, 'AVAX': 0.0, 'LTC': 0.0, 'BCH': 0.0, 'CASH': 0.6}",0.6
1750377600000,2025-06-20,302277.1245350142,"{'BTC': 0.4, 'ETH': 0.0, 'SOL': 0.0, 'XRP': 0.0, 'ADA': 0.0, 'DOGE': 0.0, 'LINK': 0.0, 'AVAX': 0.0, 'LTC': 0.0, 'BCH': 0.0, 'CASH': 0.6}",0.6
1750464000000,2025-06-21,300922.20839675766,"{'BTC': 0.4, 'ETH': 0.0, 'SOL': 0.0, 'XRP': 0.0, 'ADA': 0.0, 'DOGE': 0.0, 'LINK': 0.0, 'AVAX': 0.0, 'LTC': 0.0, 'BCH': 0.0, 'CASH': 0.6}",0.6
1750550400000,2025-06-22,299551.7284706309,"{'BTC': 0.4, 'ETH': 0.0, 'SOL': 0.0, 'XRP': 0.0, 'ADA': 0.0, 'DOGE': 0.0, 'LINK': 0.0, 'AVAX': 0.0, 'LTC': 0.0, 'BCH': 0.0, 'CASH': 0.6}",0.6
1750636800000,2025-06-23,304798.5188323359,"{'BTC': 0.4, 'ETH': 0.0, 'SOL': 0.0, 'XRP': 0.0, 'ADA': 0.0, 'DOGE': 0.0, 'LINK': 0.0, 'AVAX': 0.0, 'LTC': 0.0, 'BCH': 0.0, 'CASH': 0.6}",0.6
1750723200000,2025-06-24,305633.0736867117,"{'BTC': 0.4, 'ETH': 0.0, 'SOL': 0.0, 'XRP': 0.0, 'ADA': 0.0, 'DOGE': 0.0, 'LINK': 0.0, 'AVAX': 0.0, 'LTC': 0.0, 'BCH': 0.0, 'CASH': 0.6}",0.6
1750809600000,2025-06-25,307083.44358730724,"{'BTC': 0.4, 'ETH': 0.0, 'SOL': 0.0, 'XRP': 0.0, 'ADA': 0.0, 'DOGE': 0.0, 'LINK': 0.0, 'AVAX': 0.0, 'LTC': 0.0, 'BCH': 0.0, 'CASH': 0.6}",0.6
1750896000000,2025-06-26,306659.6121183416,"{'BTC': 0.4, 'ETH': 0.0, 'SOL': 0.0, 'XRP': 0.0, 'ADA': 0.0, 'DOGE': 0.0, 'LINK': 0.0, 'AVAX': 0.0, 'LTC': 0.0, 'BCH': 0.0, 'CASH': 0.6}",0.6
1750982400000,2025-06-27,306755.5843216258,"{'BTC': 0.4, 'ETH': 0.0, 'SOL': 0.0, 'XRP': 0.0, 'ADA': 0.0, 'DOGE': 0.0, 'LINK': 0.0, 'AVAX': 0.0, 'LTC': 0.0, 'BCH': 0.0, 'CASH': 0.6}",0.6
1751068800000,2025-06-28,307029.1612310565,"{'BTC': 0.4, 'ETH': 0.0, 'SOL': 0.0, 'XRP': 0.0, 'ADA': 0.0, 'DOGE': 0.0, 'LINK': 0.0, 'AVAX': 0.0, 'LTC': 0.0, 'BCH': 0.0, 'CASH': 0.6}",0.6
1751155200000,2025-06-29,308212.3389943873,"{'BTC': 0.4, 'ETH': 0.0, 'SOL': 0.0, 'XRP': 0.0, 'ADA': 0.0, 'DOGE': 0.0, 'LINK': 0.0, 'AVAX': 0.0, 'LTC': 0.0, 'BCH': 0.0, 'CASH': 0.6}",0.6
1751241600000,2025-06-30,306832.3418064064,"{'BTC': 0.4, 'ETH': 0.0, 'SOL': 0.0, 'XRP': 0.0, 'ADA': 0.0, 'DOGE': 0.0, 'LINK': 0.0, 'AVAX': 0.0, 'LTC': 0.0, 'BCH': 0.0, 'CASH': 0.6}",0.6
1751328000000,2025-07-01,305158.7370341461,"{'BTC': 0.4, 'ETH': 0.0, 'SOL': 0.0, 'XRP': 0.0, 'ADA': 0.0, 'DOGE': 0.0, 'LINK': 0.0, 'AVAX': 0.0, 'LTC': 0.0, 'BCH': 0.0, 'CASH': 0.6}",0.6
1751414400000,2025-07-02,308826.63075247506,"{'BTC': 0.4, 'ETH': 0.0, 'SOL': 0.0, 'XRP': 0.0, 'ADA': 0.0, 'DOGE': 0.0, 'LINK': 0.0, 'AVAX': 0.0, 'LTC': 0.0, 'BCH': 0.0, 'CASH': 0.6}",0.6
1751500800000,2025-07-03,309666.71794764354,"{'BTC': 0.4, 'ETH': 0.0, 'SOL': 0.0, 'XRP': 0.0, 'ADA': 0.0, 'DOGE': 0.0, 'LINK': 0.0, 'AVAX': 0.0, 'LTC': 0.0, 'BCH': 0.0, 'CASH': 0.6}",0.6
1751587200000,2025-07-04,307858.6608077056,"{'BTC': 0.4, 'ETH': 0.0, 'SOL': 0.0, 'XRP': 0.0, 'ADA': 0.0, 'DOGE': 0.0, 'LINK': 0.0, 'AVAX': 0.0, 'LTC': 0.0, 'BCH': 0.0, 'CASH': 0.6}",0.6
1751673600000,2025-07-05,308107.21935975243,"{'BTC': 0.4, 'ETH': 0.0, 'SOL': 0.0, 'XRP': 0.0, 'ADA': 0.0, 'DOGE': 0.0, 'LINK': 0.0, 'AVAX': 0.0, 'LTC': 0.0, 'BCH': 0.0, 'CASH': 0.6}",0.6
1751760000000,2025-07-06,309213.1151463868,"{'BTC': 0.4, 'ETH': 0.0, 'SOL': 0.0, 'XRP': 0.0, 'ADA': 0.0, 'DOGE': 0.0, 'LINK': 0.0, 'AVAX': 0.0, 'LTC': 0.0, 'BCH': 0.0, 'CASH': 0.6}",0.6
1751846400000,2025-07-07,307892.0118385011,"{'BTC': 0.4, 'ETH': 0.4, 'SOL': 0.0, 'XRP': 0.0, 'ADA': 0.0, 'DOGE': 0.0, 'LINK': 0.0, 'AVAX': 0.0, 'LTC': 0.0, 'BCH': 0.0, 'CASH': 0.19999999999999996}",0.19999999999999996
1751932800000,2025-07-08,312266.29430144693,"{'BTC': 0.4, 'ETH': 0.4, 'SOL': 0.0, 'XRP': 0.0, 'ADA': 0.0, 'DOGE': 0.0, 'LINK': 0.0, 'AVAX': 0.0, 'LTC': 0.0, 'BCH': 0.0, 'CASH': 0.19999999999999996}",0.19999999999999996
1752019200000,2025-07-09,322250.0521397276,"{'BTC': 0.4, 'ETH': 0.4, 'SOL': 0.0, 'XRP': 0.0, 'ADA': 0.0, 'DOGE': 0.0, 'LINK': 0.0, 'AVAX': 0.0, 'LTC': 0.0, 'BCH': 0.0, 'CASH': 0.19999999999999996}",0.19999999999999996
1752105600000,2025-07-10,336191.60391354084,"{'BTC': 0.4, 'ETH': 0.4, 'SOL': 0.0, 'XRP': 0.0, 'ADA': 0.0, 'DOGE': 0.0, 'LINK': 0.0, 'AVAX': 0.0, 'LTC': 0.0, 'BCH': 0.0, 'CASH': 0.19999999999999996}",0.19999999999999996
1752192000000,2025-07-11,338348.97708333994,"{'BTC': 0.4, 'ETH': 0.4, 'SOL': 0.0, 'XRP': 0.0, 'ADA': 0.0, 'DOGE': 0.0, 'LINK': 0.0, 'AVAX': 0.0, 'LTC': 0.0, 'BCH': 0.0, 'CASH': 0.19999999999999996}",0.19999999999999996
1752278400000,2025-07-12,337548.3163491237,"{'BTC': 0.4, 'ETH': 0.4, 'SOL': 0.0, 'XRP': 0.0, 'ADA': 0.0, 'DOGE': 0.0, 'LINK': 0.0, 'AVAX': 0.0, 'LTC': 0.0, 'BCH': 0.0, 'CASH': 0.19999999999999996}",0.19999999999999996
1752364800000,2025-07-13,340784.45787910075,"{'BTC': 0.4, 'ETH': 0.4, 'SOL': 0.0, 'XRP': 0.0, 'ADA': 0.0, 'DOGE': 0.0, 'LINK': 0.0, 'AVAX': 0.0, 'LTC': 0.0, 'BCH': 0.0, 'CASH': 0.19999999999999996}",0.19999999999999996
1752451200000,2025-07-14,343230.61699512607,"{'BTC': 0.4, 'ETH': 0.2953530920422676, 'SOL': 0.0, 'XRP': 0.3046469079577323, 'ADA': 0.0, 'DOGE': 0.0, 'LINK': 0.0, 'AVAX': 0.0, 'LTC': 0.0, 'BCH': 0.0, 'CASH': 0.0}",0.0
1752537600000,2025-07-15,343605.9552929996,"{'BTC': 0.4, 'ETH': 0.2953530920422676, 'SOL': 0.0, 'XRP': 0.3046469079577323, 'ADA': 0.0, 'DOGE': 0.0, 'LINK': 0.0, 'AVAX': 0.0, 'LTC': 0.0, 'BCH': 0.0, 'CASH': 0.0}",0.0
1752624000000,2025-07-16,356544.3482442715,"{'BTC': 0.4, 'ETH': 0.2953530920422676, 'SOL': 0.0, 'XRP': 0.3046469079577323, 'ADA': 0.0, 'DOGE': 0.0, 'LINK': 0.0, 'AVAX': 0.0, 'LTC': 0.0, 'BCH': 0.0, 'CASH': 0.0}",0.0
1752710400000,2025-07-17,376507.86149689107,"{'BTC': 0.4, 'ETH': 0.2953530920422676, 'SOL': 0.0, 'XRP': 0.3046469079577323, 'ADA': 0.0, 'DOGE': 0.0, 'LINK': 0.0, 'AVAX': 0.0, 'LTC': 0.0, 'BCH': 0.0, 'CASH': 0.0}",0.0
1752796800000,2025-07-18,374897.82961398974,"{'BTC': 0.4, 'ETH': 0.2953530920422676, 'SOL': 0.0, 'XRP': 0.3046469079577323, 'ADA': 0.0, 'DOGE': 0.0, 'LINK': 0.0, 'AVAX': 0.0, 'LTC': 0.0, 'BCH': 0.0, 'CASH': 0.0}",0.0
1752883200000,2025-07-19,376516.1159173888,"{'BTC': 0.4, 'ETH': 0.2953530920422676, 'SOL': 0.0, 'XRP': 0.3046469079577323, 'ADA': 0.0, 'DOGE': 0.0, 'LINK': 0.0, 'AVAX': 0.0, 'LTC': 0.0, 'BCH': 0.0, 'CASH': 0.0}",0.0
1752969600000,2025-07-20,381795.2595271321,"{'BTC': 0.4, 'ETH': 0.2953530920422676, 'SOL': 0.0, 'XRP': 0.3046469079577323, 'ADA': 0.0, 'DOGE': 0.0, 'LINK': 0.0, 'AVAX': 0.0, 'LTC': 0.0, 'BCH': 0.0, 'CASH': 0.0}",0.0
1753056000000,2025-07-21,385252.3304159538,"{'BTC': 0.4, 'ETH': 0.341086585184561, 'SOL': 0.0, 'XRP': 0.25891341481543895, 'ADA': 0.0, 'DOGE': 0.0, 'LINK': 0.0, 'AVAX': 0.0, 'LTC': 0.0, 'BCH': 0.0, 'CASH': 1.1102230246251565e-16}",1.1102230246251565e-16
1753142400000,2025-07-22,388158.2243745752,"{'BTC': 0.4, 'ETH': 0.341086585184561, 'SOL': 0.0, 'XRP': 0.25891341481543895, 'ADA': 0.0, 'DOGE': 0.0, 'LINK': 0.0, 'AVAX': 0.0, 'LTC': 0.0, 'BCH': 0.0, 'CASH': 1.1102230246251565e-16}",1.1102230246251565e-16
1753228800000,2025-07-23,372052.5739775306,"{'BTC': 0.4, 'ETH': 0.341086585184561, 'SOL': 0.0, 'XRP': 0.25891341481543895, 'ADA': 0.0, 'DOGE': 0.0, 'LINK': 0.0, 'AVAX': 0.0, 'LTC': 0.0, 'BCH': 0.0, 'CASH': 1.1102230246251565e-16}",1.1102230246251565e-16
1753315200000,2025-07-24,373082.20168103866,"{'BTC': 0.4, 'ETH': 0.341086585184561, 'SOL': 0.0, 'XRP': 0.25891341481543895, 'ADA': 0.0, 'DOGE': 0.0, 'LINK': 0.0, 'AVAX': 0.0, 'LTC': 0.0, 'BCH': 0.0, 'CASH': 1.1102230246251565e-16}",1.1102230246251565e-16
1753401600000,2025-07-25,372588.282572219,"{'BTC': 0.4, 'ETH': 0.341086585184561, 'SOL': 0.0, 'XRP': 0.25891341481543895, 'ADA': 0.0, 'DOGE': 0.0, 'LINK': 0.0, 'AVAX': 0.0, 'LTC': 0.0, 'BCH': 0.0, 'CASH': 1.1102230246251565e-16}",1.1102230246251565e-16
1753488000000,2025-07-26,374350.74817404256,"{'BTC': 0.4, 'ETH': 0.341086585184561, 'SOL': 0.0, 'XRP': 0.25891341481543895, 'ADA': 0.0, 'DOGE': 0.0, 'LINK': 0.0, 'AVAX': 0.0, 'LTC': 0.0, 'BCH': 0.0, 'CASH': 1.1102230246251565e-16}",1.1102230246251565e-16
1753574400000,2025-07-27,382941.3587957863,"{'BTC': 0.4, 'ETH': 0.341086585184561, 'SOL': 0.0, 'XRP': 0.25891341481543895, 'ADA': 0.0, 'DOGE': 0.0, 'LINK': 0.0, 'AVAX': 0.0, 'LTC': 0.0, 'BCH': 0.0, 'CASH': 1.1102230246251565e-16}",1.1102230246251565e-16
1753660800000,2025-07-28,375026.16812999744,"{'BTC': 0.4, 'ETH': 0.382383535778589, 'SOL': 0.0, 'XRP': 0.21761646422141098, 'ADA': 0.0, 'DOGE': 0.0, 'LINK': 0.0, 'AVAX': 0.0, 'LTC': 0.0, 'BCH': 0.0, 'CASH': 0.0}",0.0
1753747200000,2025-07-29,374727.62955710466,"{'BTC': 0.4, 'ETH': 0.382383535778589, 'SOL': 0.0, 'XRP': 0.21761646422141098, 'ADA': 0.0, 'DOGE': 0.0, 'LINK': 0.0, 'AVAX': 0.0, 'LTC': 0.0, 'BCH': 0.0, 'CASH': 0.0}",0.0
1753833600000,2025-07-30,374416.2347768234,"{'BTC': 0.4, 'ETH': 0.382383535778589, 'SOL': 0.0, 'XRP': 0.21761646422141098, 'ADA': 0.0, 'DOGE': 0.0, 'LINK': 0.0, 'AVAX': 0.0, 'LTC': 0.0, 'BCH': 0.0, 'CASH': 0.0}",0.0
1753920000000,2025-07-31,365619.6492243432,"{'BTC': 0.4, 'ETH': 0.382383535778589, 'SOL': 0.0, 'XRP': 0.21761646422141098, 'ADA': 0.0, 'DOGE': 0.0, 'LINK': 0.0, 'AVAX': 0.0, 'LTC': 0.0, 'BCH': 0.0, 'CASH': 0.0}",0.0
1754006400000,2025-08-01,352789.73013969575,"{'BTC': 0.4, 'ETH': 0.382383535778589, 'SOL': 0.0, 'XRP': 0.21761646422141098, 'ADA': 0.0, 'DOGE': 0.0, 'LINK': 0.0, 'AVAX': 0.0, 'LTC': 0.0, 'BCH': 0.0, 'CASH': 0.0}",0.0
1754092800000,2025-08-02,343341.87128740107,"{'BTC': 0.4, 'ETH': 0.382383535778589, 'SOL': 0.0, 'XRP': 0.21761646422141098, 'ADA': 0.0, 'DOGE': 0.0, 'LINK': 0.0, 'AVAX': 0.0, 'LTC': 0.0, 'BCH': 0.0, 'CASH': 0.0}",0.0
1754179200000,2025-08-03,354276.6472996995,"{'BTC': 0.4, 'ETH': 0.382383535778589, 'SOL': 0.0, 'XRP': 0.21761646422141098, 'ADA': 0.0, 'DOGE': 0.0, 'LINK': 0.0, 'AVAX': 0.0, 'LTC': 0.0, 'BCH': 0.0, 'CASH': 0.0}",0.0
1754265600000,2025-08-04,366612.4756834778,"{'BTC': 0.0, 'ETH': 0.4, 'SOL': 0.0, 'XRP': 0.2739492824451726, 'ADA': 0.0, 'DOGE': 0.0, 'LINK': 0.0, 'AVAX': 0.0, 'LTC': 0.3260507175548274, 'BCH': 0.0, 'CASH': 0.0}",0.0
1754352000000,2025-08-05,357780.48950740794,"{'BTC': 0.0, 'ETH': 0.4, 'SOL': 0.0, 'XRP': 0.2739492824451726, 'ADA': 0.0, 'DOGE': 0.0, 'LINK': 0.0, 'AVAX': 0.0, 'LTC': 0.3260507175548274, 'BCH': 0.0, 'CASH': 0.0}",0.0
1754438400000,2025-08-06,360642.51708450797,"{'BTC': 0.0, 'ETH': 0.4, 'SOL': 0.0, 'XRP': 0.2739492824451726, 'ADA': 0.0, 'DOGE': 0.0, 'LINK': 0.0, 'AVAX': 0.0, 'LTC': 0.3260507175548274, 'BCH': 0.0, 'CASH': 0.0}",0.0
1754524800000,2025-08-07,384079.6475201749,"{'BTC': 0.0, 'ETH': 0.4, 'SOL': 0.0, 'XRP': 0.2739492824451726, 'ADA': 0.0, 'DOGE': 0.0, 'LINK': 0.0, 'AVAX': 0.0, 'LTC': 0.3260507175548274, 'BCH': 0.0, 'CASH': 0.0}",0.0
1754611200000,2025-08-08,387779.5336232879,"{'BTC': 0.0, 'ETH': 0.4, 'SOL': 0.0, 'XRP': 0.2739492824451726, 'ADA': 0.0, 'DOGE': 0.0, 'LINK': 0.0, 'AVAX': 0.0, 'LTC': 0.3260507175548274, 'BCH': 0.0, 'CASH': 0.0}",0.0
1754697600000,2025-08-09,391930.981956612,"{'BTC': 0.0, 'ETH': 0.4, 'SOL': 0.0, 'XRP': 0.2739492824451726, 'ADA': 0.0, 'DOGE': 0.0, 'LINK': 0.0, 'AVAX': 0.0, 'LTC': 0.3260507175548274, 'BCH': 0.0, 'CASH': 0.0}",0.0
1754784000000,2025-08-10,394018.7385048307,"{'BTC': 0.0, 'ETH': 0.4, 'SOL': 0.0, 'XRP': 0.2739492824451726, 'ADA': 0.0, 'DOGE': 0.0, 'LINK': 0.0, 'AVAX': 0.0, 'LTC': 0.3260507175548274, 'BCH': 0.0, 'CASH': 0.0}",0.0
1754870400000,2025-08-11,386759.11917739507,"{'BTC': 0.0, 'ETH': 0.3849253824047385, 'SOL': 0.0, 'XRP': 0.0, 'ADA': 0.0, 'DOGE': 0.0, 'LINK': 0.24594194444830608, 'AVAX': 0.0, 'LTC': 0.3691326731469555, 'BCH': 0.0, 'CASH': 0.0}",0.0
1754956800000,2025-08-12,423302.0486290437,"{'BTC': 0.0, 'ETH': 0.3849253824047385, 'SOL': 0.0, 'XRP': 0.0, 'ADA': 0.0, 'DOGE': 0.0, 'LINK': 0.24594194444830608, 'AVAX': 0.0, 'LTC': 0.3691326731469555, 'BCH': 0.0, 'CASH': 0.0}",0.0
1755043200000,2025-08-13,431393.9992116117,"{'BTC': 0.0, 'ETH': 0.3849253824047385, 'SOL': 0.0, 'XRP': 0.0, 'ADA': 0.0, 'DOGE': 0.0, 'LINK': 0.24594194444830608, 'AVAX': 0.0, 'LTC': 0.3691326731469555, 'BCH': 0.0, 'CASH': 0.0}",0.0
1755129600000,2025-08-14,406029.1761280417,"{'BTC': 0.0, 'ETH': 0.3849253824047385, 'SOL': 0.0, 'XRP': 0.0, 'ADA': 0.0, 'DOGE': 0.0, 'LINK': 0.24594194444830608, 'AVAX': 0.0, 'LTC': 0.3691326731469555, 'BCH': 0.0, 'CASH': 0.0}",0.0
1755216000000,2025-08-15,396535.8882764931,"{'BTC': 0.0, 'ETH': 0.3849253824047385, 'SOL': 0.0, 'XRP': 0.0, 'ADA': 0.0, 'DOGE': 0.0, 'LINK': 0.24594194444830608, 'AVAX': 0.0, 'LTC': 0.3691326731469555, 'BCH': 0.0, 'CASH': 0.0}",0.0
1755302400000,2025-08-16,402230.65497697936,"{'BTC': 0.0, 'ETH': 0.3849253824047385, 'SOL': 0.0, 'XRP': 0.0, 'ADA': 0.0, 'DOGE': 0.0, 'LINK': 0.24594194444830608, 'AVAX': 0.0, 'LTC': 0.3691326731469555, 'BCH': 0.0, 'CASH': 0.0}",0.0
1755388800000,2025-08-17,416752.514743882,"{'BTC': 0.0, 'ETH': 0.3849253824047385, 'SOL': 0.0, 'XRP': 0.0, 'ADA': 0.0, 'DOGE': 0.0, 'LINK': 0.24594194444830608, 'AVAX': 0.0, 'LTC': 0.3691326731469555, 'BCH': 0.0, 'CASH': 0.0}",0.0
1755475200000,2025-08-18,407103.41158411134,"{'BTC': 0.0, 'ETH': 0.3763427259092889, 'SOL': 0.0, 'XRP': 0.0, 'ADA': 0.3773996913077669, 'DOGE': 0.0, 'LINK': 0.24625758278294418, 'AVAX': 0.0, 'LTC': 0.0, 'BCH': 0.0, 'CASH': 0.0}",0.0
1755561600000,2025-08-19,377044.6004100159,"{'BTC': 0.0, 'ETH': 0.3763427259092889, 'SOL': 0.0, 'XRP': 0.0, 'ADA': 0.3773996913077669, 'DOGE': 0.0, 'LINK': 0.24625758278294418, 'AVAX': 0.0, 'LTC': 0.0, 'BCH': 0.0, 'CASH': 0.0}",0.0
1755648000000,2025-08-20,403427.22636272974,"{'BTC': 0.0, 'ETH': 0.3763427259092889, 'SOL': 0.0, 'XRP': 0.0, 'ADA': 0.3773996913077669, 'DOGE': 0.0, 'LINK': 0.24625758278294418, 'AVAX': 0.0, 'LTC': 0.0, 'BCH': 0.0, 'CASH': 0.0}",0.0
1755734400000,2025-08-21,388215.29096745775,"{'BTC': 0.0, 'ETH': 0.3763427259092889, 'SOL': 0.0, 'XRP': 0.0, 'ADA': 0.3773996913077669, 'DOGE': 0.0, 'LINK': 0.24625758278294418, 'AVAX': 0.0, 'LTC': 0.0, 'BCH': 0.0, 'CASH': 0.0}",0.0
1755820800000,2025-08-22,430372.45914793963,"{'BTC': 0.0, 'ETH': 0.3763427259092889, 'SOL': 0.0, 'XRP': 0.0, 'ADA': 0.3773996913077669, 'DOGE': 0.0, 'LINK': 0.24625758278294418, 'AVAX': 0.0, 'LTC': 0.0, 'BCH': 0.0, 'CASH': 0.0}",0.0
1755907200000,2025-08-23,423611.97839245806,"{'BTC': 0.0, 'ETH': 0.3763427259092889, 'SOL': 0.0, 'XRP': 0.0, 'ADA': 0.3773996913077669, 'DOGE': 0.0, 'LINK': 0.24625758278294418, 'AVAX': 0.0, 'LTC': 0.0, 'BCH': 0.0, 'CASH': 0.0}",0.0
1755993600000,2025-08-24,420990.6681769271,"{'BTC': 0.0, 'ETH': 0.3763427259092889, 'SOL': 0.0, 'XRP': 0.0, 'ADA': 0.3773996913077669, 'DOGE': 0.0, 'LINK': 0.24625758278294418, 'AVAX': 0.0, 'LTC': 0.0, 'BCH': 0.0, 'CASH': 0.0}",0.0
1756080000000,2025-08-25,385393.96653079137,"{'BTC': 0.0, 'ETH': 0.3580068277244513, 'SOL': 0.0, 'XRP': 0.0, 'ADA': 0.3819517683709336, 'DOGE': 0.0, 'LINK': 0.26004140390461505, 'AVAX': 0.0, 'LTC': 0.0, 'BCH': 0.0, 'CASH': 0.0}",0.0
1756166400000,2025-08-26,401845.0147995957,"{'BTC': 0.0, 'ETH': 0.3580068277244513, 'SOL': 0.0, 'XRP': 0.0, 'ADA': 0.3819517683709336, 'DOGE': 0.0, 'LINK': 0.26004140390461505, 'AVAX': 0.0, 'LTC': 0.0, 'BCH': 0.0, 'CASH': 0.0}",0.0
1756252800000,2025-08-27,393417.9339318344,"{'BTC': 0.0, 'ETH': 0.3580068277244513, 'SOL': 0.0, 'XRP': 0.0, 'ADA': 0.3819517683709336, 'DOGE': 0.0, 'LINK': 0.26004140390461505, 'AVAX': 0.0, 'LTC': 0.0, 'BCH': 0.0, 'CASH': 0.0}",0.0
1756339200000,2025-08-28,400894.23656287446,"{'BTC': 0.0, 'ETH': 0.3580068277244513, 'SOL': 0.0, 'XRP': 0.0, 'ADA': 0.3819517683709336, 'DOGE': 0.0, 'LINK': 0.26004140390461505, 'AVAX': 0.0, 'LTC': 0.0, 'BCH': 0.0, 'CASH': 0.0}",0.0
1756425600000,2025-08-29,383280.8238544595,"{'BTC': 0.0, 'ETH': 0.3580068277244513, 'SOL': 0.0, 'XRP': 0.0, 'ADA': 0.3819517683709336, 'DOGE': 0.0, 'LINK': 0.26004140390461505, 'AVAX': 0.0, 'LTC': 0.0, 'BCH': 0.0, 'CASH': 0.0}",0.0
1756512000000,2025-08-30,383324.2595281037,"{'BTC': 0.0, 'ETH': 0.3580068277244513, 'SOL': 0.0, 'XRP': 0.0, 'ADA': 0.3819517683709336, 'DOGE': 0.0, 'LINK': 0.26004140390461505, 'AVAX': 0.0, 'LTC': 0.0, 'BCH': 0.0, 'CASH': 0.0}",0.0
1756598400000,2025-08-31,380609.32500038977,"{'BTC': 0.0, 'ETH': 0.3580068277244513, 'SOL': 0.0, 'XRP': 0.0, 'ADA': 0.3819517683709336, 'DOGE': 0.0, 'LINK': 0.26004140390461505, 'AVAX': 0.0, 'LTC': 0.0, 'BCH': 0.0, 'CASH': 0.0}",0.0
1756684800000,2025-09-01,372964.38514186384,"{'BTC': 0.0, 'ETH': 0.3639608712722547, 'SOL': 0.3603577238759836, 'XRP': 0.0, 'ADA': 0.0, 'DOGE': 0.0, 'LINK': 0.2756814048517618, 'AVAX': 0.0, 'LTC': 0.0, 'BCH': 0.0, 'CASH': 0.0}",0.0
1756771200000,2025-09-02,386157.1597507745,"{'BTC': 0.0, 'ETH': 0.3639608712722547, 'SOL': 0.3603577238759836, 'XRP': 0.0, 'ADA': 0.0, 'DOGE': 0.0, 'LINK': 0.2756814048517618, 'AVAX': 0.0, 'LTC': 0.0, 'BCH': 0.0, 'CASH': 0.0}",0.0
1756857600000,2025-09-03,392018.2215244498,"{'BTC': 0.0, 'ETH': 0.3639608712722547, 'SOL': 0.3603577238759836, 'XRP': 0.0, 'ADA': 0.0, 'DOGE': 0.0, 'LINK': 0.2756814048517618, 'AVAX': 0.0, 'LTC': 0.0, 'BCH': 0.0, 'CASH': 0.0}",0.0
1756944000000,2025-09-04,375042.25162228494,"{'BTC': 0.0, 'ETH': 0.3639608712722547, 'SOL': 0.3603577238759836, 'XRP': 0.0, 'ADA': 0.0, 'DOGE': 0.0, 'LINK': 0.2756814048517618, 'AVAX': 0.0, 'LTC': 0.0, 'BCH': 0.0, 'CASH': 0.0}",0.0
1757030400000,2025-09-05,375950.3042790566,"{'BTC': 0.0, 'ETH': 0.3639608712722547, 'SOL': 0.3603577238759836, 'XRP': 0.0, 'ADA': 0.0, 'DOGE': 0.0, 'LINK': 0.2756814048517618, 'AVAX': 0.0, 'LTC': 0.0, 'BCH': 0.0, 'CASH': 0.0}",0.0
1757116800000,2025-09-06,372296.2316560347,"{'BTC': 0.0, 'ETH': 0.3639608712722547, 'SOL': 0.3603577238759836, 'XRP': 0.0, 'ADA': 0.0, 'DOGE': 0.0, 'LINK': 0.2756814048517618, 'AVAX': 0.0, 'LTC': 0.0, 'BCH': 0.0, 'CASH': 0.0}",0.0
1757203200000,2025-09-07,378636.7006978534,"{'BTC': 0.0, 'ETH': 0.3639608712722547, 'SOL': 0.3603577238759836, 'XRP': 0.0, 'ADA': 0.0, 'DOGE': 0.0, 'LINK': 0.2756814048517618, 'AVAX': 0.0, 'LTC': 0.0, 'BCH': 0.0, 'CASH': 0.0}",0.0
1757289600000,2025-09-08,386540.92918144865,"{'BTC': 0.0, 'ETH': 0.3548965863125535, 'SOL': 0.34021016582561825, 'XRP': 0.0, 'ADA': 0.0, 'DOGE': 0.0, 'LINK': 0.30489324786182825, 'AVAX': 0.0, 'LTC': 0.0, 'BCH': 0.0, 'CASH': 0.0}",0.0
1757376000000,2025-09-09,388565.68545475515,"{'BTC': 0.0, 'ETH': 0.3548965863125535, 'SOL': 0.34021016582561825, 'XRP': 0.0, 'ADA': 0.0, 'DOGE': 0.0, 'LINK': 0.30489324786182825, 'AVAX': 0.0, 'LTC': 0.0, 'BCH': 0.0, 'CASH': 0.0}",0.0
1757462400000,2025-09-10,396701.49642075866,"{'BTC': 0.0, 'ETH': 0.3548965863125535, 'SOL': 0.34021016582561825, 'XRP': 0.0, 'ADA': 0.0, 'DOGE': 0.0, 'LINK': 0.30489324786182825, 'AVAX': 0.0, 'LTC': 0.0, 'BCH': 0.0, 'CASH': 0.0}",0.0
1757548800000,2025-09-11,407727.6974825884,"{'BTC': 0.0, 'ETH': 0.3548965863125535, 'SOL': 0.34021016582561825, 'XRP': 0.0, 'ADA': 0.0, 'DOGE': 0.0, 'LINK': 0.30489324786182825, 'AVAX': 0.0, 'LTC': 0.0, 'BCH': 0.0, 'CASH': 0.0}",0.0
1757635200000,2025-09-12,427611.0451604488,"{'BTC': 0.0, 'ETH': 0.3548965863125535, 'SOL': 0.34021016582561825, 'XRP': 0.0, 'ADA': 0.0, 'DOGE': 0.0, 'LINK': 0.30489324786182825, 'AVAX': 0.0, 'LTC': 0.0, 'BCH': 0.0, 'CASH': 0.0}",0.0
1757721600000,2025-09-13,424934.4037573341,"{'BTC': 0.0, 'ETH': 0.3548965863125535, 'SOL': 0.34021016582561825, 'XRP': 0.0, 'ADA': 0.0, 'DOGE': 0.0, 'LINK': 0.30489324786182825, 'AVAX': 0.0, 'LTC': 0.0, 'BCH': 0.0, 'CASH': 0.0}",0.0
1757808000000,2025-09-14,417191.7413997691,"{'BTC': 0.0, 'ETH': 0.3548965863125535, 'SOL': 0.34021016582561825, 'XRP': 0.0, 'ADA': 0.0, 'DOGE': 0.0, 'LINK': 0.30489324786182825, 'AVAX': 0.0, 'LTC': 0.0, 'BCH': 0.0, 'CASH': 0.0}",0.0
1757894400000,2025-09-15,408406.5542312964,"{'BTC': 0.0, 'ETH': 0.4, 'SOL': 0.3054570136870698, 'XRP': 0.0, 'ADA': 0.0, 'DOGE': 0.0, 'LINK': 0.29454298631293024, 'AVAX': 0.0, 'LTC': 0.0, 'BCH': 0.0, 'CASH': 0.0}",0.0
1757980800000,2025-09-16,408645.3426958776,"{'BTC': 0.0, 'ETH': 0.4, 'SOL': 0.3054570136870698, 'XRP': 0.0, 'ADA': 0.0, 'DOGE': 0.0, 'LINK': 0.29454298631293024, 'AVAX': 0.0, 'LTC': 0.0, 'BCH': 0.0, 'CASH': 0.0}",0.0
1758067200000,2025-09-17,418651.6915341742,"{'BTC': 0.0, 'ETH': 0.4, 'SOL': 0.3054570136870698, 'XRP': 0.0, 'ADA': 0.0, 'DOGE': 0.0, 'LINK': 0.29454298631293024, 'AVAX': 0.0, 'LTC': 0.0, 'BCH': 0.0, 'CASH': 0.0}",0.0
1758153600000,2025-09-18,423212.66877643776,"{'BTC': 0.0, 'ETH': 0.4, 'SOL': 0.3054570136870698, 'XRP': 0.0, 'ADA': 0.0, 'DOGE': 0.0, 'LINK': 0.29454298631293024, 'AVAX': 0.0, 'LTC': 0.0, 'BCH': 0.0, 'CASH': 0.0}",0.0
1758240000000,2025-09-19,408374.147655877,"{'BTC': 0.0, 'ETH': 0.4, 'SOL': 0.3054570136870698, 'XRP': 0.0, 'ADA': 0.0, 'DOGE': 0.0, 'LINK': 0.29454298631293024, 'AVAX': 0.0, 'LTC': 0.0, 'BCH': 0.0, 'CASH': 0.0}",0.0
1758326400000,2025-09-20,408559.784987094,"{'BTC': 0.0, 'ETH': 0.4, 'SOL': 0.3054570136870698, 'XRP': 0.0, 'ADA': 0.0, 'DOGE': 0.0, 'LINK': 0.29454298631293024, 'AVAX': 0.0, 'LTC': 0.0, 'BCH': 0.0, 'CASH': 0.0}",0.0
1758412800000,2025-09-21,403607.80267904745,"{'BTC': 0.0, 'ETH': 0.4, 'SOL': 0.3054570136870698, 'XRP': 0.0, 'ADA': 0.0, 'DOGE': 0.0, 'LINK': 0.29454298631293024, 'AVAX': 0.0, 'LTC': 0.0, 'BCH': 0.0, 'CASH': 0.0}",0.0
1758499200000,2025-09-22,379352.5055969579,"{'BTC': 0.0, 'ETH': 0.4, 'SOL': 0.35502001535221445, 'XRP': 0.0, 'ADA': 0.0, 'DOGE': 0.0, 'LINK': 0.0, 'AVAX': 0.24497998464778561, 'LTC': 0.0, 'BCH': 0.0, 'CASH': 0.0}",0.0
1758585600000,2025-09-23,372786.2211218382,"{'BTC': 0.0, 'ETH': 0.4, 'SOL': 0.35502001535221445, 'XRP': 0.0, 'ADA': 0.0, 'DOGE': 0.0, 'LINK': 0.0, 'AVAX': 0.24497998464778561, 'LTC': 0.0, 'BCH': 0.0, 'CASH': 0.0}",0.0
1758672000000,2025-09-24,367886.4930192894,"{'BTC': 0.0, 'ETH': 0.4, 'SOL': 0.35502001535221445, 'XRP': 0.0, 'ADA': 0.0, 'DOGE': 0.0, 'LINK': 0.0, 'AVAX': 0.24497998464778561, 'LTC': 0.0, 'BCH': 0.0, 'CASH': 0.0}",0.0
1758758400000,2025-09-25,336157.00533137727,"{'BTC': 0.0, 'ETH': 0.4, 'SOL': 0.35502001535221445, 'XRP': 0.0, 'ADA': 0.0, 'DOGE': 0.0, 'LINK': 0.0, 'AVAX': 0.24497998464778561, 'LTC': 0.0, 'BCH': 0.0, 'CASH': 0.0}",0.0
1758844800000,2025-09-26,350692.86091497605,"{'BTC': 0.0, 'ETH': 0.4, 'SOL': 0.35502001535221445, 'XRP': 0.0, 'ADA': 0.0, 'DOGE': 0.0, 'LINK': 0.0, 'AVAX': 0.24497998464778561, 'LTC': 0.0, 'BCH': 0.0, 'CASH': 0.0}",0.0
1758931200000,2025-09-27,348145.08235624415,"{'BTC': 0.0, 'ETH': 0.4, 'SOL': 0.35502001535221445, 'XRP': 0.0, 'ADA': 0.0, 'DOGE': 0.0, 'LINK': 0.0, 'AVAX': 0.24497998464778561, 'LTC': 0.0, 'BCH': 0.0, 'CASH': 0.0}",0.0
1759017600000,2025-09-28,360469.47619444266,"{'BTC': 0.0, 'ETH': 0.4, 'SOL': 0.35502001535221445, 'XRP': 0.0, 'ADA': 0.0, 'DOGE': 0.0, 'LINK': 0.0, 'AVAX': 0.24497998464778561, 'LTC': 0.0, 'BCH': 0.0, 'CASH': 0.0}",0.0
1759104000000,2025-09-29,364959.59316291753,"{'BTC': 0.0, 'ETH': 0.4, 'SOL': 0.0, 'XRP': 0.0, 'ADA': 0.0, 'DOGE': 0.0, 'LINK': 0.37498357107631064, 'AVAX': 0.22501642892368925, 'LTC': 0.0, 'BCH': 0.0, 'CASH': 1.1102230246251565e-16}",1.1102230246251565e-16
1759190400000,2025-09-30,358841.8700261864,"{'BTC': 0.0, 'ETH': 0.4, 'SOL': 0.0, 'XRP': 0.0, 'ADA': 0.0, 'DOGE': 0.0, 'LINK': 0.37498357107631064, 'AVAX': 0.22501642892368925, 'LTC': 0.0, 'BCH': 0.0, 'CASH': 1.1102230246251565e-16}",1.1102230246251565e-16
1759276800000,2025-10-01,375833.4031322398,"{'BTC': 0.0, 'ETH': 0.4, 'SOL': 0.0, 'XRP': 0.0, 'ADA': 0.0, 'DOGE': 0.0, 'LINK': 0.37498357107631064, 'AVAX': 0.22501642892368925, 'LTC': 0.0, 'BCH': 0.0, 'CASH': 1.1102230246251565e-16}",1.1102230246251565e-16
1759363200000,2025-10-02,382480.4566290031,"{'BTC': 0.0, 'ETH': 0.4, 'SOL': 0.0, 'XRP': 0.0, 'ADA': 0.0, 'DOGE': 0.0, 'LINK': 0.37498357107631064, 'AVAX': 0.22501642892368925, 'LTC': 0.0, 'BCH': 0.0, 'CASH': 1.1102230246251565e-16}",1.1102230246251565e-16
1759449600000,2025-10-03,382715.3027634985,"{'BTC': 0.0, 'ETH': 0.4, 'SOL': 0.0, 'XRP': 0.0, 'ADA': 0.0, 'DOGE': 0.0, 'LINK': 0.37498357107631064, 'AVAX': 0.22501642892368925, 'LTC': 0.0, 'BCH': 0.0, 'CASH': 1.1102230246251565e-16}",1.1102230246251565e-16
1759536000000,2025-10-04,375396.87877664,"{'BTC': 0.0, 'ETH': 0.4, 'SOL': 0.0, 'XRP': 0.0, 'ADA': 0.0, 'DOGE': 0.0, 'LINK': 0.37498357107631064, 'AVAX': 0.22501642892368925, 'LTC': 0.0, 'BCH': 0.0, 'CASH': 1.1102230246251565e-16}",1.1102230246251565e-16
1759622400000,2025-10-05,375980.50287335244,"{'BTC': 0.0, 'ETH': 0.4, 'SOL': 0.0, 'XRP': 0.0, 'ADA': 0.0, 'DOGE': 0.0, 'LINK': 0.37498357107631064, 'AVAX': 0.22501642892368925, 'LTC': 0.0, 'BCH': 0.0, 'CASH': 1.1102230246251565e-16}",1.1102230246251565e-16
1759708800000,2025-10-06,391492.4350803669,"{'BTC': 0.0, 'ETH': 0.38600794729977583, 'SOL': 0.28663070369531374, 'XRP': 0.0, 'ADA': 0.0, 'DOGE': 0.0, 'LINK': 0.3273613490049105, 'AVAX': 0.0, 'LTC': 0.0, 'BCH': 0.0, 'CASH': 0.0}",0.0
1759795200000,2025-10-07,369324.4486575458,"{'BTC': 0.0, 'ETH': 0.38600794729977583, 'SOL': 0.28663070369531374, 'XRP': 0.0, 'ADA': 0.0, 'DOGE': 0.0, 'LINK': 0.3273613490049105, 'AVAX': 0.0, 'LTC': 0.0, 'BCH': 0.0, 'CASH': 0.0}",0.0
1759881600000,2025-10-08,380759.2082922635,"{'BTC': 0.0, 'ETH': 0.38600794729977583, 'SOL': 0.28663070369531374, 'XRP': 0.0, 'ADA': 0.0, 'DOGE': 0.0, 'LINK': 0.3273613490049105, 'AVAX': 0.0, 'LTC': 0.0, 'BCH': 0.0, 'CASH': 0.0}",0.0
1759968000000,2025-10-09,368355.4491140544,"{'BTC': 0.0, 'ETH': 0.38600794729977583, 'SOL': 0.28663070369531374, 'XRP': 0.0, 'ADA': 0.0, 'DOGE': 0.0, 'LINK': 0.3273613490049105, 'AVAX': 0.0, 'LTC': 0.0, 'BCH': 0.0, 'CASH': 0.0}",0.0
1760054400000,2025-10-10,310176.51070667716,"{'BTC': 0.0, 'ETH': 0.38600794729977583, 'SOL': 0.28663070369531374, 'XRP': 0.0, 'ADA': 0.0, 'DOGE': 0.0, 'LINK': 0.3273613490049105, 'AVAX': 0.0, 'LTC': 0.0, 'BCH': 0.0, 'CASH': 0.0}",0.0
1760140800000,2025-10-11,301409.3663838643,"{'BTC': 0.0, 'ETH': 0.38600794729977583, 'SOL': 0.28663070369531374, 'XRP': 0.0, 'ADA': 0.0, 'DOGE': 0.0, 'LINK': 0.3273613490049105, 'AVAX': 0.0, 'LTC': 0.0, 'BCH': 0.0, 'CASH': 0.0}",0.0
1760227200000,2025-10-12,333724.3010041203,"{'BTC': 0.0, 'ETH': 0.38600794729977583, 'SOL': 0.28663070369531374, 'XRP': 0.0, 'ADA': 0.0, 'DOGE': 0.0, 'LINK': 0.3273613490049105, 'AVAX': 0.0, 'LTC': 0.0, 'BCH': 0.0, 'CASH': 0.0}",0.0
1760313600000,2025-10-13,346169.27157359396,"{'BTC': 0.0, 'ETH': 0.0, 'SOL': 0.4, 'XRP': 0.0, 'ADA': 0.0, 'DOGE': 0.0, 'LINK': 0.0, 'AVAX': 0.4, 'LTC': 0.0, 'BCH': 0.0, 'CASH': 0.19999999999999996}",0.19999999999999996
1760400000000,2025-10-14,335759.5059706723,"{'BTC': 0.0, 'ETH': 0.0, 'SOL': 0.4, 'XRP': 0.0, 'ADA': 0.0, 'DOGE': 0.0, 'LINK': 0.0, 'AVAX': 0.4, 'LTC': 0.0, 'BCH': 0.0, 'CASH': 0.19999999999999996}",0.19999999999999996
1760486400000,2025-10-15,325150.6419004217,"{'BTC': 0.0, 'ETH': 0.0, 'SOL': 0.4, 'XRP': 0.0, 'ADA': 0.0, 'DOGE': 0.0, 'LINK': 0.0, 'AVAX': 0.4, 'LTC': 0.0, 'BCH': 0.0, 'CASH': 0.19999999999999996}",0.19999999999999996
1760572800000,2025-10-16,313438.0791247794,"{'BTC': 0.0, 'ETH': 0.0, 'SOL': 0.4, 'XRP': 0.0, 'ADA': 0.0, 'DOGE': 0.0, 'LINK': 0.0, 'AVAX': 0.4, 'LTC': 0.0, 'BCH': 0.0, 'CASH': 0.19999999999999996}",0.19999999999999996
1760659200000,2025-10-17,305480.3539227029,"{'BTC': 0.0, 'ETH': 0.0, 'SOL': 0.4, 'XRP': 0.0, 'ADA': 0.0, 'DOGE': 0.0, 'LINK': 0.0, 'AVAX': 0.4, 'LTC': 0.0, 'BCH': 0.0, 'CASH': 0.19999999999999996}",0.19999999999999996
1760745600000,2025-10-18,310878.5551985661,"{'BTC': 0.0, 'ETH': 0.0, 'SOL': 0.4, 'XRP': 0.0, 'ADA': 0.0, 'DOGE': 0.0, 'LINK': 0.0, 'AVAX': 0.4, 'LTC': 0.0, 'BCH': 0.0, 'CASH': 0.19999999999999996}",0.19999999999999996
1760832000000,2025-10-19,313358.3534288072,"{'BTC': 0.0, 'ETH': 0.0, 'SOL': 0.4, 'XRP': 0.0, 'ADA': 0.0, 'DOGE': 0.0, 'LINK': 0.0, 'AVAX': 0.4, 'LTC': 0.0, 'BCH': 0.0, 'CASH': 0.19999999999999996}",0.19999999999999996
1760918400000,2025-10-20,312820.3352813971,"{'BTC': 0.0, 'ETH': 0.0, 'SOL': 0.4, 'XRP': 0.0, 'ADA': 0.0, 'DOGE': 0.0, 'LINK': 0.0, 'AVAX': 0.0, 'LTC': 0.0, 'BCH': 0.0, 'CASH': 0.6}",0.6
1761004800000,2025-10-21,310130.400157422,"{'BTC': 0.0, 'ETH': 0.0, 'SOL': 0.4, 'XRP': 0.0, 'ADA': 0.0, 'DOGE': 0.0, 'LINK': 0.0, 'AVAX': 0.0, 'LTC': 0.0, 'BCH': 0.0, 'CASH': 0.6}",0.6
1761091200000,2025-10-22,306423.06351238687,"{'BTC': 0.0, 'ETH': 0.0, 'SOL': 0.4, 'XRP': 0.0, 'ADA': 0.0, 'DOGE': 0.0, 'LINK': 0.0, 'AVAX': 0.0, 'LTC': 0.0, 'BCH': 0.0, 'CASH': 0.6}",0.6
1761177600000,2025-10-23,314090.4434541821,"{'BTC': 0.0, 'ETH': 0.0, 'SOL': 0.4, 'XRP': 0.0, 'ADA': 0.0, 'DOGE': 0.0, 'LINK': 0.0, 'AVAX': 0.0, 'LTC': 0.0, 'BCH': 0.0, 'CASH': 0.6}",0.6
1761264000000,2025-10-24,315534.3111355261,"{'BTC': 0.0, 'ETH': 0.0, 'SOL': 0.4, 'XRP': 0.0, 'ADA': 0.0, 'DOGE': 0.0, 'LINK': 0.0, 'AVAX': 0.0, 'LTC': 0.0, 'BCH': 0.0, 'CASH': 0.6}",0.6
1761350400000,2025-10-25,315690.7501887153,"{'BTC': 0.0, 'ETH': 0.0, 'SOL': 0.4, 'XRP': 0.0, 'ADA': 0.0, 'DOGE': 0.0, 'LINK': 0.0, 'AVAX': 0.0, 'LTC': 0.0, 'BCH': 0.0, 'CASH': 0.6}",0.6
1761436800000,2025-10-26,319729.090625441,"{'BTC': 0.0, 'ETH': 0.0, 'SOL': 0.4, 'XRP': 0.0, 'ADA': 0.0, 'DOGE': 0.0, 'LINK': 0.0, 'AVAX': 0.0, 'LTC': 0.0, 'BCH': 0.0, 'CASH': 0.6}",0.6
1761523200000,2025-10-27,318328.9881960611,"{'BTC': 0.4, 'ETH': 0.0, 'SOL': 0.0, 'XRP': 0.0, 'ADA': 0.0, 'DOGE': 0.0, 'LINK': 0.0, 'AVAX': 0.0, 'LTC': 0.0, 'BCH': 0.0, 'CASH': 0.6}",0.6
1761609600000,2025-10-28,317011.65426508704,"{'BTC': 0.4, 'ETH': 0.0, 'SOL': 0.0, 'XRP': 0.0, 'ADA': 0.0, 'DOGE': 0.0, 'LINK': 0.0, 'AVAX': 0.0, 'LTC': 0.0, 'BCH': 0.0, 'CASH': 0.6}",0.6
1761696000000,2025-10-29,313783.1916919158,"{'BTC': 0.4, 'ETH': 0.0, 'SOL': 0.0, 'XRP': 0.0, 'ADA': 0.0, 'DOGE': 0.0, 'LINK': 0.0, 'AVAX': 0.0, 'LTC': 0.0, 'BCH': 0.0, 'CASH': 0.6}",0.6
1761782400000,2025-10-30,311816.68778685725,"{'BTC': 0.4, 'ETH': 0.0, 'SOL': 0.0, 'XRP': 0.0, 'ADA': 0.0, 'DOGE': 0.0, 'LINK': 0.0, 'AVAX': 0.0, 'LTC': 0.0, 'BCH': 0.0, 'CASH': 0.6}",0.6
1761868800000,2025-10-31,313252.824829035,"{'BTC': 0.4, 'ETH': 0.0, 'SOL': 0.0, 'XRP': 0.0, 'ADA': 0.0, 'DOGE': 0.0, 'LINK': 0.0, 'AVAX': 0.0, 'LTC': 0.0, 'BCH': 0.0, 'CASH': 0.6}",0.6
1761955200000,2025-11-01,313821.23340995866,"{'BTC': 0.4, 'ETH': 0.0, 'SOL': 0.0, 'XRP': 0.0, 'ADA': 0.0, 'DOGE': 0.0, 'LINK': 0.0, 'AVAX': 0.0, 'LTC': 0.0, 'BCH': 0.0, 'CASH': 0.6}",0.6
1762041600000,2025-11-02,314373.02280045056,"{'BTC': 0.4, 'ETH': 0.0, 'SOL': 0.0, 'XRP': 0.0, 'ADA': 0.0, 'DOGE': 0.0, 'LINK': 0.0, 'AVAX': 0.0, 'LTC': 0.0, 'BCH': 0.0, 'CASH': 0.6}",0.6
1762128000000,2025-11-03,309595.99350447766,"{'BTC': 0.0, 'ETH': 0.0, 'SOL': 0.0, 'XRP': 0.0, 'ADA': 0.0, 'DOGE': 0.0, 'LINK': 0.0, 'AVAX': 0.0, 'LTC': 0.0, 'BCH': 0.0, 'CASH': 1.0}",1.0
1762214400000,2025-11-04,309595.99350447766,"{'BTC': 0.0, 'ETH': 0.0, 'SOL': 0.0, 'XRP': 0.0, 'ADA': 0.0, 'DOGE': 0.0, 'LINK': 0.0, 'AVAX': 0.0, 'LTC': 0.0, 'BCH': 0.0, 'CASH': 1.0}",1.0
1762300800000,2025-11-05,309595.99350447766,"{'BTC': 0.0, 'ETH': 0.0, 'SOL': 0.0, 'XRP': 0.0, 'ADA': 0.0, 'DOGE': 0.0, 'LINK': 0.0, 'AVAX': 0.0, 'LTC': 0.0, 'BCH': 0.0, 'CASH': 1.0}",1.0
1762387200000,2025-11-06,309595.99350447766,"{'BTC': 0.0, 'ETH': 0.0, 'SOL': 0.0, 'XRP': 0.0, 'ADA': 0.0, 'DOGE': 0.0, 'LINK': 0.0, 'AVAX': 0.0, 'LTC': 0.0, 'BCH': 0.0, 'CASH': 1.0}",1.0
1762473600000,2025-11-07,309595.99350447766,"{'BTC': 0.0, 'ETH': 0.0, 'SOL': 0.0, 'XRP': 0.0, 'ADA': 0.0, 'DOGE': 0.0, 'LINK': 0.0, 'AVAX': 0.0, 'LTC': 0.0, 'BCH': 0.0, 'CASH': 1.0}",1.0
1762560000000,2025-11-08,309595.99350447766,"{'BTC': 0.0, 'ETH': 0.0, 'SOL': 0.0, 'XRP': 0.0, 'ADA': 0.0, 'DOGE': 0.0, 'LINK': 0.0, 'AVAX': 0.0, 'LTC': 0.0, 'BCH': 0.0, 'CASH': 1.0}",1.0
1762646400000,2025-11-09,309595.99350447766,"{'BTC': 0.0, 'ETH': 0.0, 'SOL': 0.0, 'XRP': 0.0, 'ADA': 0.0, 'DOGE': 0.0, 'LINK': 0.0, 'AVAX': 0.0, 'LTC': 0.0, 'BCH': 0.0, 'CASH': 1.0}",1.0
1762732800000,2025-11-10,309595.99350447766,"{'BTC': 0.0, 'ETH': 0.0, 'SOL': 0.0, 'XRP': 0.0, 'ADA': 0.0, 'DOGE': 0.0, 'LINK': 0.0, 'AVAX': 0.0, 'LTC': 0.0, 'BCH': 0.0, 'CASH': 1.0}",1.0
1762819200000,2025-11-11,309595.99350447766,"{'BTC': 0.0, 'ETH': 0.0, 'SOL': 0.0, 'XRP': 0.0, 'ADA': 0.0, 'DOGE': 0.0, 'LINK': 0.0, 'AVAX': 0.0, 'LTC': 0.0, 'BCH': 0.0, 'CASH': 1.0}",1.0
1762905600000,2025-11-12,309595.99350447766,"{'BTC': 0.0, 'ETH': 0.0, 'SOL': 0.0, 'XRP': 0.0, 'ADA': 0.0, 'DOGE': 0.0, 'LINK': 0.0, 'AVAX': 0.0, 'LTC': 0.0, 'BCH': 0.0, 'CASH': 1.0}",1.0
1762992000000,2025-11-13,309595.99350447766,"{'BTC': 0.0, 'ETH': 0.0, 'SOL': 0.0, 'XRP': 0.0, 'ADA': 0.0, 'DOGE': 0.0, 'LINK': 0.0, 'AVAX': 0.0, 'LTC': 0.0, 'BCH': 0.0, 'CASH': 1.0}",1.0
1763078400000,2025-11-14,309595.99350447766,"{'BTC': 0.0, 'ETH': 0.0, 'SOL': 0.0, 'XRP': 0.0, 'ADA': 0.0, 'DOGE': 0.0, 'LINK': 0.0, 'AVAX': 0.0, 'LTC': 0.0, 'BCH': 0.0, 'CASH': 1.0}",1.0
1763164800000,2025-11-15,309595.99350447766,"{'BTC': 0.0, 'ETH': 0.0, 'SOL': 0.0, 'XRP': 0.0, 'ADA': 0.0, 'DOGE': 0.0, 'LINK': 0.0, 'AVAX': 0.0, 'LTC': 0.0, 'BCH': 0.0, 'CASH': 1.0}",1.0
1763251200000,2025-11-16,309595.99350447766,"{'BTC': 0.0, 'ETH': 0.0, 'SOL': 0.0, 'XRP': 0.0, 'ADA': 0.0, 'DOGE': 0.0, 'LINK': 0.0, 'AVAX': 0.0, 'LTC': 0.0, 'BCH': 0.0, 'CASH': 1.0}",1.0
1763337600000,2025-11-17,309595.99350447766,"{'BTC': 0.0, 'ETH': 0.0, 'SOL': 0.0, 'XRP': 0.0, 'ADA': 0.0, 'DOGE': 0.0, 'LINK': 0.0, 'AVAX': 0.0, 'LTC': 0.0, 'BCH': 0.0, 'CASH': 1.0}",1.0
1763424000000,2025-11-18,309595.99350447766,"{'BTC': 0.0, 'ETH': 0.0, 'SOL': 0.0, 'XRP': 0.0, 'ADA': 0.0, 'DOGE': 0.0, 'LINK': 0.0, 'AVAX': 0.0, 'LTC': 0.0, 'BCH': 0.0, 'CASH': 1.0}",1.0
1763510400000,2025-11-19,309595.99350447766,"{'BTC': 0.0, 'ETH': 0.0, 'SOL': 0.0, 'XRP': 0.0, 'ADA': 0.0, 'DOGE': 0.0, 'LINK': 0.0, 'AVAX': 0.0, 'LTC': 0.0, 'BCH': 0.0, 'CASH': 1.0}",1.0
1763596800000,2025-11-20,309595.99350447766,"{'BTC': 0.0, 'ETH': 0.0, 'SOL': 0.0, 'XRP': 0.0, 'ADA': 0.0, 'DOGE': 0.0, 'LINK': 0.0, 'AVAX': 0.0, 'LTC': 0.0, 'BCH': 0.0, 'CASH': 1.0}",1.0
1763683200000,2025-11-21,309595.99350447766,"{'BTC': 0.0, 'ETH': 0.0, 'SOL': 0.0, 'XRP': 0.0, 'ADA': 0.0, 'DOGE': 0.0, 'LINK': 0.0, 'AVAX': 0.0, 'LTC': 0.0, 'BCH': 0.0, 'CASH': 1.0}",1.0
1763769600000,2025-11-22,309595.99350447766,"{'BTC': 0.0, 'ETH': 0.0, 'SOL': 0.0, 'XRP': 0.0, 'ADA': 0.0, 'DOGE': 0.0, 'LINK': 0.0, 'AVAX': 0.0, 'LTC': 0.0, 'BCH': 0.0, 'CASH': 1.0}",1.0
1763856000000,2025-11-23,309595.99350447766,"{'BTC': 0.0, 'ETH': 0.0, 'SOL': 0.0, 'XRP': 0.0, 'ADA': 0.0, 'DOGE': 0.0, 'LINK': 0.0, 'AVAX': 0.0, 'LTC': 0.0, 'BCH': 0.0, 'CASH': 1.0}",1.0
1763942400000,2025-11-24,309595.99350447766,"{'BTC': 0.0, 'ETH': 0.0, 'SOL': 0.0, 'XRP': 0.0, 'ADA': 0.0, 'DOGE': 0.0, 'LINK': 0.0, 'AVAX': 0.0, 'LTC': 0.0, 'BCH': 0.0, 'CASH': 1.0}",1.0
1764028800000,2025-11-25,309595.99350447766,"{'BTC': 0.0, 'ETH': 0.0, 'SOL': 0.0, 'XRP': 0.0, 'ADA': 0.0, 'DOGE': 0.0, 'LINK': 0.0, 'AVAX': 0.0, 'LTC': 0.0, 'BCH': 0.0, 'CASH': 1.0}",1.0
1764115200000,2025-11-26,309595.99350447766,"{'BTC': 0.0, 'ETH': 0.0, 'SOL': 0.0, 'XRP': 0.0, 'ADA': 0.0, 'DOGE': 0.0, 'LINK': 0.0, 'AVAX': 0.0, 'LTC': 0.0, 'BCH': 0.0, 'CASH': 1.0}",1.0
1764201600000,2025-11-27,309595.99350447766,"{'BTC': 0.0, 'ETH': 0.0, 'SOL': 0.0, 'XRP': 0.0, 'ADA': 0.0, 'DOGE': 0.0, 'LINK': 0.0, 'AVAX': 0.0, 'LTC': 0.0, 'BCH': 0.0, 'CASH': 1.0}",1.0
1764288000000,2025-11-28,309595.99350447766,"{'BTC': 0.0, 'ETH': 0.0, 'SOL': 0.0, 'XRP': 0.0, 'ADA': 0.0, 'DOGE': 0.0, 'LINK': 0.0, 'AVAX': 0.0, 'LTC': 0.0, 'BCH': 0.0, 'CASH': 1.0}",1.0
1764374400000,2025-11-29,309595.99350447766,"{'BTC': 0.0, 'ETH': 0.0, 'SOL': 0.0, 'XRP': 0.0, 'ADA': 0.0, 'DOGE': 0.0, 'LINK': 0.0, 'AVAX': 0.0, 'LTC': 0.0, 'BCH': 0.0, 'CASH': 1.0}",1.0
1764460800000,2025-11-30,309595.99350447766,"{'BTC': 0.0, 'ETH': 0.0, 'SOL': 0.0, 'XRP': 0.0, 'ADA': 0.0, 'DOGE': 0.0, 'LINK': 0.0, 'AVAX': 0.0, 'LTC': 0.0, 'BCH': 0.0, 'CASH': 1.0}",1.0
1764547200000,2025-12-01,309595.99350447766,"{'BTC': 0.0, 'ETH': 0.0, 'SOL': 0.0, 'XRP': 0.0, 'ADA': 0.0, 'DOGE': 0.0, 'LINK': 0.0, 'AVAX': 0.0, 'LTC': 0.0, 'BCH': 0.0, 'CASH': 1.0}",1.0
1764633600000,2025-12-02,309595.99350447766,"{'BTC': 0.0, 'ETH': 0.0, 'SOL': 0.0, 'XRP': 0.0, 'ADA': 0.0, 'DOGE': 0.0, 'LINK': 0.0, 'AVAX': 0.0, 'LTC': 0.0, 'BCH': 0.0, 'CASH': 1.0}",1.0
1764720000000,2025-12-03,309595.99350447766,"{'BTC': 0.0, 'ETH': 0.0, 'SOL': 0.0, 'XRP': 0.0, 'ADA': 0.0, 'DOGE': 0.0, 'LINK': 0.0, 'AVAX': 0.0, 'LTC': 0.0, 'BCH': 0.0, 'CASH': 1.0}",1.0
1764806400000,2025-12-04,309595.99350447766,"{'BTC': 0.0, 'ETH': 0.0, 'SOL': 0.0, 'XRP': 0.0, 'ADA': 0.0, 'DOGE': 0.0, 'LINK': 0.0, 'AVAX': 0.0, 'LTC': 0.0, 'BCH': 0.0, 'CASH': 1.0}",1.0
1764892800000,2025-12-05,309595.99350447766,"{'BTC': 0.0, 'ETH': 0.0, 'SOL': 0.0, 'XRP': 0.0, 'ADA': 0.0, 'DOGE': 0.0, 'LINK': 0.0, 'AVAX': 0.0, 'LTC': 0.0, 'BCH': 0.0, 'CASH': 1.0}",1.0
1764979200000,2025-12-06,309595.99350447766,"{'BTC': 0.0, 'ETH': 0.0, 'SOL': 0.0, 'XRP': 0.0, 'ADA': 0.0, 'DOGE': 0.0, 'LINK': 0.0, 'AVAX': 0.0, 'LTC': 0.0, 'BCH': 0.0, 'CASH': 1.0}",1.0
1765065600000,2025-12-07,309595.99350447766,"{'BTC': 0.0, 'ETH': 0.0, 'SOL': 0.0, 'XRP': 0.0, 'ADA': 0.0, 'DOGE': 0.0, 'LINK': 0.0, 'AVAX': 0.0, 'LTC': 0.0, 'BCH': 0.0, 'CASH': 1.0}",1.0
1765152000000,2025-12-08,309595.99350447766,"{'BTC': 0.0, 'ETH': 0.0, 'SOL': 0.0, 'XRP': 0.0, 'ADA': 0.0, 'DOGE': 0.0, 'LINK': 0.0, 'AVAX': 0.0, 'LTC': 0.0, 'BCH': 0.0, 'CASH': 1.0}",1.0
1765238400000,2025-12-09,309595.99350447766,"{'BTC': 0.0, 'ETH': 0.0, 'SOL': 0.0, 'XRP': 0.0, 'ADA': 0.0, 'DOGE': 0.0, 'LINK': 0.0, 'AVAX': 0.0, 'LTC': 0.0, 'BCH': 0.0, 'CASH': 1.0}",1.0
1765324800000,2025-12-10,309595.99350447766,"{'BTC': 0.0, 'ETH': 0.0, 'SOL': 0.0, 'XRP': 0.0, 'ADA': 0.0, 'DOGE': 0.0, 'LINK': 0.0, 'AVAX': 0.0, 'LTC': 0.0, 'BCH': 0.0, 'CASH': 1.0}",1.0
1765411200000,2025-12-11,309595.99350447766,"{'BTC': 0.0, 'ETH': 0.0, 'SOL': 0.0, 'XRP': 0.0, 'ADA': 0.0, 'DOGE': 0.0, 'LINK': 0.0, 'AVAX': 0.0, 'LTC': 0.0, 'BCH': 0.0, 'CASH': 1.0}",1.0
1765497600000,2025-12-12,309595.99350447766,"{'BTC': 0.0, 'ETH': 0.0, 'SOL': 0.0, 'XRP': 0.0, 'ADA': 0.0, 'DOGE': 0.0, 'LINK': 0.0, 'AVAX': 0.0, 'LTC': 0.0, 'BCH': 0.0, 'CASH': 1.0}",1.0
1765584000000,2025-12-13,309595.99350447766,"{'BTC': 0.0, 'ETH': 0.0, 'SOL': 0.0, 'XRP': 0.0, 'ADA': 0.0, 'DOGE': 0.0, 'LINK': 0.0, 'AVAX': 0.0, 'LTC': 0.0, 'BCH': 0.0, 'CASH': 1.0}",1.0
1765670400000,2025-12-14,309595.99350447766,"{'BTC': 0.0, 'ETH': 0.0, 'SOL': 0.0, 'XRP': 0.0, 'ADA': 0.0, 'DOGE': 0.0, 'LINK': 0.0, 'AVAX': 0.0, 'LTC': 0.0, 'BCH': 0.0, 'CASH': 1.0}",1.0
1765756800000,2025-12-15,309595.99350447766,"{'BTC': 0.0, 'ETH': 0.0, 'SOL': 0.0, 'XRP': 0.0, 'ADA': 0.0, 'DOGE': 0.0, 'LINK': 0.0, 'AVAX': 0.0, 'LTC': 0.0, 'BCH': 0.0, 'CASH': 1.0}",1.0
1765843200000,2025-12-16,309595.99350447766,"{'BTC': 0.0, 'ETH': 0.0, 'SOL': 0.0, 'XRP': 0.0, 'ADA': 0.0, 'DOGE': 0.0, 'LINK': 0.0, 'AVAX': 0.0, 'LTC': 0.0, 'BCH': 0.0, 'CASH': 1.0}",1.0
1765929600000,2025-12-17,309595.99350447766,"{'BTC': 0.0, 'ETH': 0.0, 'SOL': 0.0, 'XRP': 0.0, 'ADA': 0.0, 'DOGE': 0.0, 'LINK': 0.0, 'AVAX': 0.0, 'LTC': 0.0, 'BCH': 0.0, 'CASH': 1.0}",1.0
1766016000000,2025-12-18,309595.99350447766,"{'BTC': 0.0, 'ETH': 0.0, 'SOL': 0.0, 'XRP': 0.0, 'ADA': 0.0, 'DOGE': 0.0, 'LINK': 0.0, 'AVAX': 0.0, 'LTC': 0.0, 'BCH': 0.0, 'CASH': 1.0}",1.0
1766102400000,2025-12-19,309595.99350447766,"{'BTC': 0.0, 'ETH': 0.0, 'SOL': 0.0, 'XRP': 0.0, 'ADA': 0.0, 'DOGE': 0.0, 'LINK': 0.0, 'AVAX': 0.0, 'LTC': 0.0, 'BCH': 0.0, 'CASH': 1.0}",1.0
1766188800000,2025-12-20,309595.99350447766,"{'BTC': 0.0, 'ETH': 0.0, 'SOL': 0.0, 'XRP': 0.0, 'ADA': 0.0, 'DOGE': 0.0, 'LINK': 0.0, 'AVAX': 0.0, 'LTC': 0.0, 'BCH': 0.0, 'CASH': 1.0}",1.0
1766275200000,2025-12-21,309595.99350447766,"{'BTC': 0.0, 'ETH': 0.0, 'SOL': 0.0, 'XRP': 0.0, 'ADA': 0.0, 'DOGE': 0.0, 'LINK': 0.0, 'AVAX': 0.0, 'LTC': 0.0, 'BCH': 0.0, 'CASH': 1.0}",1.0
1766361600000,2025-12-22,309595.99350447766,"{'BTC': 0.0, 'ETH': 0.0, 'SOL': 0.0, 'XRP': 0.0, 'ADA': 0.0, 'DOGE': 0.0, 'LINK': 0.0, 'AVAX': 0.0, 'LTC': 0.0, 'BCH': 0.0, 'CASH': 1.0}",1.0
1766448000000,2025-12-23,309595.99350447766,"{'BTC': 0.0, 'ETH': 0.0, 'SOL': 0.0, 'XRP': 0.0, 'ADA': 0.0, 'DOGE': 0.0, 'LINK': 0.0, 'AVAX': 0.0, 'LTC': 0.0, 'BCH': 0.0, 'CASH': 1.0}",1.0
1766534400000,2025-12-24,309595.99350447766,"{'BTC': 0.0, 'ETH': 0.0, 'SOL': 0.0, 'XRP': 0.0, 'ADA': 0.0, 'DOGE': 0.0, 'LINK': 0.0, 'AVAX': 0.0, 'LTC': 0.0, 'BCH': 0.0, 'CASH': 1.0}",1.0
1766620800000,2025-12-25,309595.99350447766,"{'BTC': 0.0, 'ETH': 0.0, 'SOL': 0.0, 'XRP': 0.0, 'ADA': 0.0, 'DOGE': 0.0, 'LINK': 0.0, 'AVAX': 0.0, 'LTC': 0.0, 'BCH': 0.0, 'CASH': 1.0}",1.0
1766707200000,2025-12-26,309595.99350447766,"{'BTC': 0.0, 'ETH': 0.0, 'SOL': 0.0, 'XRP': 0.0, 'ADA': 0.0, 'DOGE': 0.0, 'LINK': 0.0, 'AVAX': 0.0, 'LTC': 0.0, 'BCH': 0.0, 'CASH': 1.0}",1.0
1766793600000,2025-12-27,309595.99350447766,"{'BTC': 0.0, 'ETH': 0.0, 'SOL': 0.0, 'XRP': 0.0, 'ADA': 0.0, 'DOGE': 0.0, 'LINK': 0.0, 'AVAX': 0.0, 'LTC': 0.0, 'BCH': 0.0, 'CASH': 1.0}",1.0
1766880000000,2025-12-28,309595.99350447766,"{'BTC': 0.0, 'ETH': 0.0, 'SOL': 0.0, 'XRP': 0.0, 'ADA': 0.0, 'DOGE': 0.0, 'LINK': 0.0, 'AVAX': 0.0, 'LTC': 0.0, 'BCH': 0.0, 'CASH': 1.0}",1.0
1766966400000,2025-12-29,309595.99350447766,"{'BTC': 0.0, 'ETH': 0.0, 'SOL': 0.0, 'XRP': 0.0, 'ADA': 0.0, 'DOGE': 0.0, 'LINK': 0.0, 'AVAX': 0.0, 'LTC': 0.0, 'BCH': 0.0, 'CASH': 1.0}",1.0
1767052800000,2025-12-30,309595.99350447766,"{'BTC': 0.0, 'ETH': 0.0, 'SOL': 0.0, 'XRP': 0.0, 'ADA': 0.0, 'DOGE': 0.0, 'LINK': 0.0, 'AVAX': 0.0, 'LTC': 0.0, 'BCH': 0.0, 'CASH': 1.0}",1.0
1767139200000,2025-12-31,309595.99350447766,"{'BTC': 0.0, 'ETH': 0.0, 'SOL': 0.0, 'XRP': 0.0, 'ADA': 0.0, 'DOGE': 0.0, 'LINK': 0.0, 'AVAX': 0.0, 'LTC': 0.0, 'BCH': 0.0, 'CASH': 1.0}",1.0
1767225600000,2026-01-01,309595.99350447766,"{'BTC': 0.0, 'ETH': 0.0, 'SOL': 0.0, 'XRP': 0.0, 'ADA': 0.0, 'DOGE': 0.0, 'LINK': 0.0, 'AVAX': 0.0, 'LTC': 0.0, 'BCH': 0.0, 'CASH': 1.0}",1.0
1767312000000,2026-01-02,309595.99350447766,"{'BTC': 0.0, 'ETH': 0.0, 'SOL': 0.0, 'XRP': 0.0, 'ADA': 0.0, 'DOGE': 0.0, 'LINK': 0.0, 'AVAX': 0.0, 'LTC': 0.0, 'BCH': 0.0, 'CASH': 1.0}",1.0
1767398400000,2026-01-03,309595.99350447766,"{'BTC': 0.0, 'ETH': 0.0, 'SOL': 0.0, 'XRP': 0.0, 'ADA': 0.0, 'DOGE': 0.0, 'LINK': 0.0, 'AVAX': 0.0, 'LTC': 0.0, 'BCH': 0.0, 'CASH': 1.0}",1.0
1767484800000,2026-01-04,309595.99350447766,"{'BTC': 0.0, 'ETH': 0.0, 'SOL': 0.0, 'XRP': 0.0, 'ADA': 0.0, 'DOGE': 0.0, 'LINK': 0.0, 'AVAX': 0.0, 'LTC': 0.0, 'BCH': 0.0, 'CASH': 1.0}",1.0
1767571200000,2026-01-05,309595.99350447766,"{'BTC': 0.0, 'ETH': 0.0, 'SOL': 0.0, 'XRP': 0.0, 'ADA': 0.0, 'DOGE': 0.0, 'LINK': 0.0, 'AVAX': 0.0, 'LTC': 0.0, 'BCH': 0.0, 'CASH': 1.0}",1.0
1767657600000,2026-01-06,309595.99350447766,"{'BTC': 0.0, 'ETH': 0.0, 'SOL': 0.0, 'XRP': 0.0, 'ADA': 0.0, 'DOGE': 0.0, 'LINK': 0.0, 'AVAX': 0.0, 'LTC': 0.0, 'BCH': 0.0, 'CASH': 1.0}",1.0
1767744000000,2026-01-07,309595.99350447766,"{'BTC': 0.0, 'ETH': 0.0, 'SOL': 0.0, 'XRP': 0.0, 'ADA': 0.0, 'DOGE': 0.0, 'LINK': 0.0, 'AVAX': 0.0, 'LTC': 0.0, 'BCH': 0.0, 'CASH': 1.0}",1.0
1767830400000,2026-01-08,309595.99350447766,"{'BTC': 0.0, 'ETH': 0.0, 'SOL': 0.0, 'XRP': 0.0, 'ADA': 0.0, 'DOGE': 0.0, 'LINK': 0.0, 'AVAX': 0.0, 'LTC': 0.0, 'BCH': 0.0, 'CASH': 1.0}",1.0
1767916800000,2026-01-09,309595.99350447766,"{'BTC': 0.0, 'ETH': 0.0, 'SOL': 0.0, 'XRP': 0.0, 'ADA': 0.0, 'DOGE': 0.0, 'LINK': 0.0, 'AVAX': 0.0, 'LTC': 0.0, 'BCH': 0.0, 'CASH': 1.0}",1.0
1768003200000,2026-01-10,309595.99350447766,"{'BTC': 0.0, 'ETH': 0.0, 'SOL': 0.0, 'XRP': 0.0, 'ADA': 0.0, 'DOGE': 0.0, 'LINK': 0.0, 'AVAX': 0.0, 'LTC': 0.0, 'BCH': 0.0, 'CASH': 1.0}",1.0
1768089600000,2026-01-11,309595.99350447766,"{'BTC': 0.0, 'ETH': 0.0, 'SOL': 0.0, 'XRP': 0.0, 'ADA': 0.0, 'DOGE': 0.0, 'LINK': 0.0, 'AVAX': 0.0, 'LTC': 0.0, 'BCH': 0.0, 'CASH': 1.0}",1.0
1768176000000,2026-01-12,309595.99350447766,"{'BTC': 0.0, 'ETH': 0.0, 'SOL': 0.0, 'XRP': 0.0, 'ADA': 0.0, 'DOGE': 0.0, 'LINK': 0.0, 'AVAX': 0.0, 'LTC': 0.0, 'BCH': 0.0, 'CASH': 1.0}",1.0
1768262400000,2026-01-13,309595.99350447766,"{'BTC': 0.0, 'ETH': 0.0, 'SOL': 0.0, 'XRP': 0.0, 'ADA': 0.0, 'DOGE': 0.0, 'LINK': 0.0, 'AVAX': 0.0, 'LTC': 0.0, 'BCH': 0.0, 'CASH': 1.0}",1.0
1768348800000,2026-01-14,309595.99350447766,"{'BTC': 0.0, 'ETH': 0.0, 'SOL': 0.0, 'XRP': 0.0, 'ADA': 0.0, 'DOGE': 0.0, 'LINK': 0.0, 'AVAX': 0.0, 'LTC': 0.0, 'BCH': 0.0, 'CASH': 1.0}",1.0
1768435200000,2026-01-15,309595.99350447766,"{'BTC': 0.0, 'ETH': 0.0, 'SOL': 0.0, 'XRP': 0.0, 'ADA': 0.0, 'DOGE': 0.0, 'LINK': 0.0, 'AVAX': 0.0, 'LTC': 0.0, 'BCH': 0.0, 'CASH': 1.0}",1.0
1768521600000,2026-01-16,309595.99350447766,"{'BTC': 0.0, 'ETH': 0.0, 'SOL': 0.0, 'XRP': 0.0, 'ADA': 0.0, 'DOGE': 0.0, 'LINK': 0.0, 'AVAX': 0.0, 'LTC': 0.0, 'BCH': 0.0, 'CASH': 1.0}",1.0
1768608000000,2026-01-17,309595.99350447766,"{'BTC': 0.0, 'ETH': 0.0, 'SOL': 0.0, 'XRP': 0.0, 'ADA': 0.0, 'DOGE': 0.0, 'LINK': 0.0, 'AVAX': 0.0, 'LTC': 0.0, 'BCH': 0.0, 'CASH': 1.0}",1.0
1768694400000,2026-01-18,309595.99350447766,"{'BTC': 0.0, 'ETH': 0.0, 'SOL': 0.0, 'XRP': 0.0, 'ADA': 0.0, 'DOGE': 0.0, 'LINK': 0.0, 'AVAX': 0.0, 'LTC': 0.0, 'BCH': 0.0, 'CASH': 1.0}",1.0
1768780800000,2026-01-19,309595.99350447766,"{'BTC': 0.0, 'ETH': 0.0, 'SOL': 0.0, 'XRP': 0.0, 'ADA': 0.0, 'DOGE': 0.0, 'LINK': 0.0, 'AVAX': 0.0, 'LTC': 0.0, 'BCH': 0.0, 'CASH': 1.0}",1.0
1768867200000,2026-01-20,309595.99350447766,"{'BTC': 0.0, 'ETH': 0.0, 'SOL': 0.0, 'XRP': 0.0, 'ADA': 0.0, 'DOGE': 0.0, 'LINK': 0.0, 'AVAX': 0.0, 'LTC': 0.0, 'BCH': 0.0, 'CASH': 1.0}",1.0
1768953600000,2026-01-21,309595.99350447766,"{'BTC': 0.0, 'ETH': 0.0, 'SOL': 0.0, 'XRP': 0.0, 'ADA': 0.0, 'DOGE': 0.0, 'LINK': 0.0, 'AVAX': 0.0, 'LTC': 0.0, 'BCH': 0.0, 'CASH': 1.0}",1.0
1769040000000,2026-01-22,309595.99350447766,"{'BTC': 0.0, 'ETH': 0.0, 'SOL': 0.0, 'XRP': 0.0, 'ADA': 0.0, 'DOGE': 0.0, 'LINK': 0.0, 'AVAX': 0.0, 'LTC': 0.0, 'BCH': 0.0, 'CASH': 1.0}",1.0
1769126400000,2026-01-23,309595.99350447766,"{'BTC': 0.0, 'ETH': 0.0, 'SOL': 0.0, 'XRP': 0.0, 'ADA': 0.0, 'DOGE': 0.0, 'LINK': 0.0, 'AVAX': 0.0, 'LTC': 0.0, 'BCH': 0.0, 'CASH': 1.0}",1.0
1769212800000,2026-01-24,309595.99350447766,"{'BTC': 0.0, 'ETH': 0.0, 'SOL': 0.0, 'XRP': 0.0, 'ADA': 0.0, 'DOGE': 0.0, 'LINK': 0.0, 'AVAX': 0.0, 'LTC': 0.0, 'BCH': 0.0, 'CASH': 1.0}",1.0
1769299200000,2026-01-25,309595.99350447766,"{'BTC': 0.0, 'ETH': 0.0, 'SOL': 0.0, 'XRP': 0.0, 'ADA': 0.0, 'DOGE': 0.0, 'LINK': 0.0, 'AVAX': 0.0, 'LTC': 0.0, 'BCH': 0.0, 'CASH': 1.0}",1.0
1769385600000,2026-01-26,309595.99350447766,"{'BTC': 0.0, 'ETH': 0.0, 'SOL': 0.0, 'XRP': 0.0, 'ADA': 0.0, 'DOGE': 0.0, 'LINK': 0.0, 'AVAX': 0.0, 'LTC': 0.0, 'BCH': 0.0, 'CASH': 1.0}",1.0
1769472000000,2026-01-27,309595.99350447766,"{'BTC': 0.0, 'ETH': 0.0, 'SOL': 0.0, 'XRP': 0.0, 'ADA': 0.0, 'DOGE': 0.0, 'LINK': 0.0, 'AVAX': 0.0, 'LTC': 0.0, 'BCH': 0.0, 'CASH': 1.0}",1.0
1769558400000,2026-01-28,309595.99350447766,"{'BTC': 0.0, 'ETH': 0.0, 'SOL': 0.0, 'XRP': 0.0, 'ADA': 0.0, 'DOGE': 0.0, 'LINK': 0.0, 'AVAX': 0.0, 'LTC': 0.0, 'BCH': 0.0, 'CASH': 1.0}",1.0
1769644800000,2026-01-29,309595.99350447766,"{'BTC': 0.0, 'ETH': 0.0, 'SOL': 0.0, 'XRP': 0.0, 'ADA': 0.0, 'DOGE': 0.0, 'LINK': 0.0, 'AVAX': 0.0, 'LTC': 0.0, 'BCH': 0.0, 'CASH': 1.0}",1.0
1769731200000,2026-01-30,309595.99350447766,"{'BTC': 0.0, 'ETH': 0.0, 'SOL': 0.0, 'XRP': 0.0, 'ADA': 0.0, 'DOGE': 0.0, 'LINK': 0.0, 'AVAX': 0.0, 'LTC': 0.0, 'BCH': 0.0, 'CASH': 1.0}",1.0
1769817600000,2026-01-31,309595.99350447766,"{'BTC': 0.0, 'ETH': 0.0, 'SOL': 0.0, 'XRP': 0.0, 'ADA': 0.0, 'DOGE': 0.0, 'LINK': 0.0, 'AVAX': 0.0, 'LTC': 0.0, 'BCH': 0.0, 'CASH': 1.0}",1.0
1769904000000,2026-02-01,309595.99350447766,"{'BTC': 0.0, 'ETH': 0.0, 'SOL': 0.0, 'XRP': 0.0, 'ADA': 0.0, 'DOGE': 0.0, 'LINK': 0.0, 'AVAX': 0.0, 'LTC': 0.0, 'BCH': 0.0, 'CASH': 1.0}",1.0
1769990400000,2026-02-02,309595.99350447766,"{'BTC': 0.0, 'ETH': 0.0, 'SOL': 0.0, 'XRP': 0.0, 'ADA': 0.0, 'DOGE': 0.0, 'LINK': 0.0, 'AVAX': 0.0, 'LTC': 0.0, 'BCH': 0.0, 'CASH': 1.0}",1.0
1770076800000,2026-02-03,309595.99350447766,"{'BTC': 0.0, 'ETH': 0.0, 'SOL': 0.0, 'XRP': 0.0, 'ADA': 0.0, 'DOGE': 0.0, 'LINK': 0.0, 'AVAX': 0.0, 'LTC': 0.0, 'BCH': 0.0, 'CASH': 1.0}",1.0
1770163200000,2026-02-04,309595.99350447766,"{'BTC': 0.0, 'ETH': 0.0, 'SOL': 0.0, 'XRP': 0.0, 'ADA': 0.0, 'DOGE': 0.0, 'LINK': 0.0, 'AVAX': 0.0, 'LTC': 0.0, 'BCH': 0.0, 'CASH': 1.0}",1.0
1770249600000,2026-02-05,309595.99350447766,"{'BTC': 0.0, 'ETH': 0.0, 'SOL': 0.0, 'XRP': 0.0, 'ADA': 0.0, 'DOGE': 0.0, 'LINK': 0.0, 'AVAX': 0.0, 'LTC': 0.0, 'BCH': 0.0, 'CASH': 1.0}",1.0
1770336000000,2026-02-06,309595.99350447766,"{'BTC': 0.0, 'ETH': 0.0, 'SOL': 0.0, 'XRP': 0.0, 'ADA': 0.0, 'DOGE': 0.0, 'LINK': 0.0, 'AVAX': 0.0, 'LTC': 0.0, 'BCH': 0.0, 'CASH': 1.0}",1.0
1770422400000,2026-02-07,309595.99350447766,"{'BTC': 0.0, 'ETH': 0.0, 'SOL': 0.0, 'XRP': 0.0, 'ADA': 0.0, 'DOGE': 0.0, 'LINK': 0.0, 'AVAX': 0.0, 'LTC': 0.0, 'BCH': 0.0, 'CASH': 1.0}",1.0
1770508800000,2026-02-08,309595.99350447766,"{'BTC': 0.0, 'ETH': 0.0, 'SOL': 0.0, 'XRP': 0.0, 'ADA': 0.0, 'DOGE': 0.0, 'LINK': 0.0, 'AVAX': 0.0, 'LTC': 0.0, 'BCH': 0.0, 'CASH': 1.0}",1.0
1770595200000,2026-02-09,309595.99350447766,"{'BTC': 0.0, 'ETH': 0.0, 'SOL': 0.0, 'XRP': 0.0, 'ADA': 0.0, 'DOGE': 0.0, 'LINK': 0.0, 'AVAX': 0.0, 'LTC': 0.0, 'BCH': 0.0, 'CASH': 1.0}",1.0
1770681600000,2026-02-10,309595.99350447766,"{'BTC': 0.0, 'ETH': 0.0, 'SOL': 0.0, 'XRP': 0.0, 'ADA': 0.0, 'DOGE': 0.0, 'LINK': 0.0, 'AVAX': 0.0, 'LTC': 0.0, 'BCH': 0.0, 'CASH': 1.0}",1.0
1770768000000,2026-02-11,309595.99350447766,"{'BTC': 0.0, 'ETH': 0.0, 'SOL': 0.0, 'XRP': 0.0, 'ADA': 0.0, 'DOGE': 0.0, 'LINK': 0.0, 'AVAX': 0.0, 'LTC': 0.0, 'BCH': 0.0, 'CASH': 1.0}",1.0
1770854400000,2026-02-12,309595.99350447766,"{'BTC': 0.0, 'ETH': 0.0, 'SOL': 0.0, 'XRP': 0.0, 'ADA': 0.0, 'DOGE': 0.0, 'LINK': 0.0, 'AVAX': 0.0, 'LTC': 0.0, 'BCH': 0.0, 'CASH': 1.0}",1.0
1770940800000,2026-02-13,309595.99350447766,"{'BTC': 0.0, 'ETH': 0.0, 'SOL': 0.0, 'XRP': 0.0, 'ADA': 0.0, 'DOGE': 0.0, 'LINK': 0.0, 'AVAX': 0.0, 'LTC': 0.0, 'BCH': 0.0, 'CASH': 1.0}",1.0
1771027200000,2026-02-14,309595.99350447766,"{'BTC': 0.0, 'ETH': 0.0, 'SOL': 0.0, 'XRP': 0.0, 'ADA': 0.0, 'DOGE': 0.0, 'LINK': 0.0, 'AVAX': 0.0, 'LTC': 0.0, 'BCH': 0.0, 'CASH': 1.0}",1.0
1771113600000,2026-02-15,309595.99350447766,"{'BTC': 0.0, 'ETH': 0.0, 'SOL': 0.0, 'XRP': 0.0, 'ADA': 0.0, 'DOGE': 0.0, 'LINK': 0.0, 'AVAX': 0.0, 'LTC': 0.0, 'BCH': 0.0, 'CASH': 1.0}",1.0
1771200000000,2026-02-16,309595.99350447766,"{'BTC': 0.0, 'ETH': 0.0, 'SOL': 0.0, 'XRP': 0.0, 'ADA': 0.0, 'DOGE': 0.0, 'LINK': 0.0, 'AVAX': 0.0, 'LTC': 0.0, 'BCH': 0.0, 'CASH': 1.0}",1.0
1771286400000,2026-02-17,309595.99350447766,"{'BTC': 0.0, 'ETH': 0.0, 'SOL': 0.0, 'XRP': 0.0, 'ADA': 0.0, 'DOGE': 0.0, 'LINK': 0.0, 'AVAX': 0.0, 'LTC': 0.0, 'BCH': 0.0, 'CASH': 1.0}",1.0
1771372800000,2026-02-18,309595.99350447766,"{'BTC': 0.0, 'ETH': 0.0, 'SOL': 0.0, 'XRP': 0.0, 'ADA': 0.0, 'DOGE': 0.0, 'LINK': 0.0, 'AVAX': 0.0, 'LTC': 0.0, 'BCH': 0.0, 'CASH': 1.0}",1.0
1771459200000,2026-02-19,309595.99350447766,"{'BTC': 0.0, 'ETH': 0.0, 'SOL': 0.0, 'XRP': 0.0, 'ADA': 0.0, 'DOGE': 0.0, 'LINK': 0.0, 'AVAX': 0.0, 'LTC': 0.0, 'BCH': 0.0, 'CASH': 1.0}",1.0
1771545600000,2026-02-20,309595.99350447766,"{'BTC': 0.0, 'ETH': 0.0, 'SOL': 0.0, 'XRP': 0.0, 'ADA': 0.0, 'DOGE': 0.0, 'LINK': 0.0, 'AVAX': 0.0, 'LTC': 0.0, 'BCH': 0.0, 'CASH': 1.0}",1.0
1771632000000,2026-02-21,309595.99350447766,"{'BTC': 0.0, 'ETH': 0.0, 'SOL': 0.0, 'XRP': 0.0, 'ADA': 0.0, 'DOGE': 0.0, 'LINK': 0.0, 'AVAX': 0.0, 'LTC': 0.0, 'BCH': 0.0, 'CASH': 1.0}",1.0
1771718400000,2026-02-22,309595.99350447766,"{'BTC': 0.0, 'ETH': 0.0, 'SOL': 0.0, 'XRP': 0.0, 'ADA': 0.0, 'DOGE': 0.0, 'LINK': 0.0, 'AVAX': 0.0, 'LTC': 0.0, 'BCH': 0.0, 'CASH': 1.0}",1.0
1771804800000,2026-02-23,309595.99350447766,"{'BTC': 0.0, 'ETH': 0.0, 'SOL': 0.0, 'XRP': 0.0, 'ADA': 0.0, 'DOGE': 0.0, 'LINK': 0.0, 'AVAX': 0.0, 'LTC': 0.0, 'BCH': 0.0, 'CASH': 1.0}",1.0
1771891200000,2026-02-24,309595.99350447766,"{'BTC': 0.0, 'ETH': 0.0, 'SOL': 0.0, 'XRP': 0.0, 'ADA': 0.0, 'DOGE': 0.0, 'LINK': 0.0, 'AVAX': 0.0, 'LTC': 0.0, 'BCH': 0.0, 'CASH': 1.0}",1.0
1771977600000,2026-02-25,309595.99350447766,"{'BTC': 0.0, 'ETH': 0.0, 'SOL': 0.0, 'XRP': 0.0, 'ADA': 0.0, 'DOGE': 0.0, 'LINK': 0.0, 'AVAX': 0.0, 'LTC': 0.0, 'BCH': 0.0, 'CASH': 1.0}",1.0
1772064000000,2026-02-26,309595.99350447766,"{'BTC': 0.0, 'ETH': 0.0, 'SOL': 0.0, 'XRP': 0.0, 'ADA': 0.0, 'DOGE': 0.0, 'LINK': 0.0, 'AVAX': 0.0, 'LTC': 0.0, 'BCH': 0.0, 'CASH': 1.0}",1.0
1772150400000,2026-02-27,309595.99350447766,"{'BTC': 0.0, 'ETH': 0.0, 'SOL': 0.0, 'XRP': 0.0, 'ADA': 0.0, 'DOGE': 0.0, 'LINK': 0.0, 'AVAX': 0.0, 'LTC': 0.0, 'BCH': 0.0, 'CASH': 1.0}",1.0
1772236800000,2026-02-28,309595.99350447766,"{'BTC': 0.0, 'ETH': 0.0, 'SOL': 0.0, 'XRP': 0.0, 'ADA': 0.0, 'DOGE': 0.0, 'LINK': 0.0, 'AVAX': 0.0, 'LTC': 0.0, 'BCH': 0.0, 'CASH': 1.0}",1.0
1772323200000,2026-03-01,309595.99350447766,"{'BTC': 0.0, 'ETH': 0.0, 'SOL': 0.0, 'XRP': 0.0, 'ADA': 0.0, 'DOGE': 0.0, 'LINK': 0.0, 'AVAX': 0.0, 'LTC': 0.0, 'BCH': 0.0, 'CASH': 1.0}",1.0
1772409600000,2026-03-02,309595.99350447766,"{'BTC': 0.0, 'ETH': 0.0, 'SOL': 0.0, 'XRP': 0.0, 'ADA': 0.0, 'DOGE': 0.0, 'LINK': 0.0, 'AVAX': 0.0, 'LTC': 0.0, 'BCH': 0.0, 'CASH': 1.0}",1.0
1772496000000,2026-03-03,309595.99350447766,"{'BTC': 0.0, 'ETH': 0.0, 'SOL': 0.0, 'XRP': 0.0, 'ADA': 0.0, 'DOGE': 0.0, 'LINK': 0.0, 'AVAX': 0.0, 'LTC': 0.0, 'BCH': 0.0, 'CASH': 1.0}",1.0
1772582400000,2026-03-04,309595.99350447766,"{'BTC': 0.0, 'ETH': 0.0, 'SOL': 0.0, 'XRP': 0.0, 'ADA': 0.0, 'DOGE': 0.0, 'LINK': 0.0, 'AVAX': 0.0, 'LTC': 0.0, 'BCH': 0.0, 'CASH': 1.0}",1.0
1772668800000,2026-03-05,309595.99350447766,"{'BTC': 0.0, 'ETH': 0.0, 'SOL': 0.0, 'XRP': 0.0, 'ADA': 0.0, 'DOGE': 0.0, 'LINK': 0.0, 'AVAX': 0.0, 'LTC': 0.0, 'BCH': 0.0, 'CASH': 1.0}",1.0
1772755200000,2026-03-06,309595.99350447766,"{'BTC': 0.0, 'ETH': 0.0, 'SOL': 0.0, 'XRP': 0.0, 'ADA': 0.0, 'DOGE': 0.0, 'LINK': 0.0, 'AVAX': 0.0, 'LTC': 0.0, 'BCH': 0.0, 'CASH': 1.0}",1.0
1772841600000,2026-03-07,309595.99350447766,"{'BTC': 0.0, 'ETH': 0.0, 'SOL': 0.0, 'XRP': 0.0, 'ADA': 0.0, 'DOGE': 0.0, 'LINK': 0.0, 'AVAX': 0.0, 'LTC': 0.0, 'BCH': 0.0, 'CASH': 1.0}",1.0
1772928000000,2026-03-08,309595.99350447766,"{'BTC': 0.0, 'ETH': 0.0, 'SOL': 0.0, 'XRP': 0.0, 'ADA': 0.0, 'DOGE': 0.0, 'LINK': 0.0, 'AVAX': 0.0, 'LTC': 0.0, 'BCH': 0.0, 'CASH': 1.0}",1.0
1773014400000,2026-03-09,309595.99350447766,"{'BTC': 0.0, 'ETH': 0.0, 'SOL': 0.0, 'XRP': 0.0, 'ADA': 0.0, 'DOGE': 0.0, 'LINK': 0.0, 'AVAX': 0.0, 'LTC': 0.0, 'BCH': 0.0, 'CASH': 1.0}",1.0
1773100800000,2026-03-10,309595.99350447766,"{'BTC': 0.0, 'ETH': 0.0, 'SOL': 0.0, 'XRP': 0.0, 'ADA': 0.0, 'DOGE': 0.0, 'LINK': 0.0, 'AVAX': 0.0, 'LTC': 0.0, 'BCH': 0.0, 'CASH': 1.0}",1.0
1773187200000,2026-03-11,309595.99350447766,"{'BTC': 0.0, 'ETH': 0.0, 'SOL': 0.0, 'XRP': 0.0, 'ADA': 0.0, 'DOGE': 0.0, 'LINK': 0.0, 'AVAX': 0.0, 'LTC': 0.0, 'BCH': 0.0, 'CASH': 1.0}",1.0
1773273600000,2026-03-12,309595.99350447766,"{'BTC': 0.0, 'ETH': 0.0, 'SOL': 0.0, 'XRP': 0.0, 'ADA': 0.0, 'DOGE': 0.0, 'LINK': 0.0, 'AVAX': 0.0, 'LTC': 0.0, 'BCH': 0.0, 'CASH': 1.0}",1.0
1773360000000,2026-03-13,309595.99350447766,"{'BTC': 0.0, 'ETH': 0.0, 'SOL': 0.0, 'XRP': 0.0, 'ADA': 0.0, 'DOGE': 0.0, 'LINK': 0.0, 'AVAX': 0.0, 'LTC': 0.0, 'BCH': 0.0, 'CASH': 1.0}",1.0
1773446400000,2026-03-14,309595.99350447766,"{'BTC': 0.0, 'ETH': 0.0, 'SOL': 0.0, 'XRP': 0.0, 'ADA': 0.0, 'DOGE': 0.0, 'LINK': 0.0, 'AVAX': 0.0, 'LTC': 0.0, 'BCH': 0.0, 'CASH': 1.0}",1.0
1773532800000,2026-03-15,309595.99350447766,"{'BTC': 0.0, 'ETH': 0.0, 'SOL': 0.0, 'XRP': 0.0, 'ADA': 0.0, 'DOGE': 0.0, 'LINK': 0.0, 'AVAX': 0.0, 'LTC': 0.0, 'BCH': 0.0, 'CASH': 1.0}",1.0
1773619200000,2026-03-16,309595.99350447766,"{'BTC': 0.0, 'ETH': 0.0, 'SOL': 0.0, 'XRP': 0.0, 'ADA': 0.0, 'DOGE': 0.0, 'LINK': 0.0, 'AVAX': 0.0, 'LTC': 0.0, 'BCH': 0.0, 'CASH': 1.0}",1.0
1773705600000,2026-03-17,309595.99350447766,"{'BTC': 0.0, 'ETH': 0.0, 'SOL': 0.0, 'XRP': 0.0, 'ADA': 0.0, 'DOGE': 0.0, 'LINK': 0.0, 'AVAX': 0.0, 'LTC': 0.0, 'BCH': 0.0, 'CASH': 1.0}",1.0
1773792000000,2026-03-18,309595.99350447766,"{'BTC': 0.0, 'ETH': 0.0, 'SOL': 0.0, 'XRP': 0.0, 'ADA': 0.0, 'DOGE': 0.0, 'LINK': 0.0, 'AVAX': 0.0, 'LTC': 0.0, 'BCH': 0.0, 'CASH': 1.0}",1.0
1773878400000,2026-03-19,309595.99350447766,"{'BTC': 0.0, 'ETH': 0.0, 'SOL': 0.0, 'XRP': 0.0, 'ADA': 0.0, 'DOGE': 0.0, 'LINK': 0.0, 'AVAX': 0.0, 'LTC': 0.0, 'BCH': 0.0, 'CASH': 1.0}",1.0
1773964800000,2026-03-20,309595.99350447766,"{'BTC': 0.0, 'ETH': 0.0, 'SOL': 0.0, 'XRP': 0.0, 'ADA': 0.0, 'DOGE': 0.0, 'LINK': 0.0, 'AVAX': 0.0, 'LTC': 0.0, 'BCH': 0.0, 'CASH': 1.0}",1.0
1774051200000,2026-03-21,309595.99350447766,"{'BTC': 0.0, 'ETH': 0.0, 'SOL': 0.0, 'XRP': 0.0, 'ADA': 0.0, 'DOGE': 0.0, 'LINK': 0.0, 'AVAX': 0.0, 'LTC': 0.0, 'BCH': 0.0, 'CASH': 1.0}",1.0
1774137600000,2026-03-22,309595.99350447766,"{'BTC': 0.0, 'ETH': 0.0, 'SOL': 0.0, 'XRP': 0.0, 'ADA': 0.0, 'DOGE': 0.0, 'LINK': 0.0, 'AVAX': 0.0, 'LTC': 0.0, 'BCH': 0.0, 'CASH': 1.0}",1.0
1774224000000,2026-03-23,309595.99350447766,"{'BTC': 0.0, 'ETH': 0.0, 'SOL': 0.0, 'XRP': 0.0, 'ADA': 0.0, 'DOGE': 0.0, 'LINK': 0.0, 'AVAX': 0.0, 'LTC': 0.0, 'BCH': 0.0, 'CASH': 1.0}",1.0
1774310400000,2026-03-24,309595.99350447766,"{'BTC': 0.0, 'ETH': 0.0, 'SOL': 0.0, 'XRP': 0.0, 'ADA': 0.0, 'DOGE': 0.0, 'LINK': 0.0, 'AVAX': 0.0, 'LTC': 0.0, 'BCH': 0.0, 'CASH': 1.0}",1.0
1774396800000,2026-03-25,309595.99350447766,"{'BTC': 0.0, 'ETH': 0.0, 'SOL': 0.0, 'XRP': 0.0, 'ADA': 0.0, 'DOGE': 0.0, 'LINK': 0.0, 'AVAX': 0.0, 'LTC': 0.0, 'BCH': 0.0, 'CASH': 1.0}",1.0
1774483200000,2026-03-26,309595.99350447766,"{'BTC': 0.0, 'ETH': 0.0, 'SOL': 0.0, 'XRP': 0.0, 'ADA': 0.0, 'DOGE': 0.0, 'LINK': 0.0, 'AVAX': 0.0, 'LTC': 0.0, 'BCH': 0.0, 'CASH': 1.0}",1.0
1774569600000,2026-03-27,309595.99350447766,"{'BTC': 0.0, 'ETH': 0.0, 'SOL': 0.0, 'XRP': 0.0, 'ADA': 0.0, 'DOGE': 0.0, 'LINK': 0.0, 'AVAX': 0.0, 'LTC': 0.0, 'BCH': 0.0, 'CASH': 1.0}",1.0
1774656000000,2026-03-28,309595.99350447766,"{'BTC': 0.0, 'ETH': 0.0, 'SOL': 0.0, 'XRP': 0.0, 'ADA': 0.0, 'DOGE': 0.0, 'LINK': 0.0, 'AVAX': 0.0, 'LTC': 0.0, 'BCH': 0.0, 'CASH': 1.0}",1.0
1774742400000,2026-03-29,309595.99350447766,"{'BTC': 0.0, 'ETH': 0.0, 'SOL': 0.0, 'XRP': 0.0, 'ADA': 0.0, 'DOGE': 0.0, 'LINK': 0.0, 'AVAX': 0.0, 'LTC': 0.0, 'BCH': 0.0, 'CASH': 1.0}",1.0
1774828800000,2026-03-30,309595.99350447766,"{'BTC': 0.0, 'ETH': 0.0, 'SOL': 0.0, 'XRP': 0.0, 'ADA': 0.0, 'DOGE': 0.0, 'LINK': 0.0, 'AVAX': 0.0, 'LTC': 0.0, 'BCH': 0.0, 'CASH': 1.0}",1.0
1774915200000,2026-03-31,309595.99350447766,"{'BTC': 0.0, 'ETH': 0.0, 'SOL': 0.0, 'XRP': 0.0, 'ADA': 0.0, 'DOGE': 0.0, 'LINK': 0.0, 'AVAX': 0.0, 'LTC': 0.0, 'BCH': 0.0, 'CASH': 1.0}",1.0
1775001600000,2026-04-01,309595.99350447766,"{'BTC': 0.0, 'ETH': 0.0, 'SOL': 0.0, 'XRP': 0.0, 'ADA': 0.0, 'DOGE': 0.0, 'LINK': 0.0, 'AVAX': 0.0, 'LTC': 0.0, 'BCH': 0.0, 'CASH': 1.0}",1.0
1775088000000,2026-04-02,309595.99350447766,"{'BTC': 0.0, 'ETH': 0.0, 'SOL': 0.0, 'XRP': 0.0, 'ADA': 0.0, 'DOGE': 0.0, 'LINK': 0.0, 'AVAX': 0.0, 'LTC': 0.0, 'BCH': 0.0, 'CASH': 1.0}",1.0
1775174400000,2026-04-03,309595.99350447766,"{'BTC': 0.0, 'ETH': 0.0, 'SOL': 0.0, 'XRP': 0.0, 'ADA': 0.0, 'DOGE': 0.0, 'LINK': 0.0, 'AVAX': 0.0, 'LTC': 0.0, 'BCH': 0.0, 'CASH': 1.0}",1.0
1775260800000,2026-04-04,309595.99350447766,"{'BTC': 0.0, 'ETH': 0.0, 'SOL': 0.0, 'XRP': 0.0, 'ADA': 0.0, 'DOGE': 0.0, 'LINK': 0.0, 'AVAX': 0.0, 'LTC': 0.0, 'BCH': 0.0, 'CASH': 1.0}",1.0
1775347200000,2026-04-05,309595.99350447766,"{'BTC': 0.0, 'ETH': 0.0, 'SOL': 0.0, 'XRP': 0.0, 'ADA': 0.0, 'DOGE': 0.0, 'LINK': 0.0, 'AVAX': 0.0, 'LTC': 0.0, 'BCH': 0.0, 'CASH': 1.0}",1.0
1775433600000,2026-04-06,309595.99350447766,"{'BTC': 0.0, 'ETH': 0.0, 'SOL': 0.0, 'XRP': 0.0, 'ADA': 0.0, 'DOGE': 0.0, 'LINK': 0.0, 'AVAX': 0.0, 'LTC': 0.0, 'BCH': 0.0, 'CASH': 1.0}",1.0
1775520000000,2026-04-07,309595.99350447766,"{'BTC': 0.0, 'ETH': 0.0, 'SOL': 0.0, 'XRP': 0.0, 'ADA': 0.0, 'DOGE': 0.0, 'LINK': 0.0, 'AVAX': 0.0, 'LTC': 0.0, 'BCH': 0.0, 'CASH': 1.0}",1.0
1775606400000,2026-04-08,309595.99350447766,"{'BTC': 0.0, 'ETH': 0.0, 'SOL': 0.0, 'XRP': 0.0, 'ADA': 0.0, 'DOGE': 0.0, 'LINK': 0.0, 'AVAX': 0.0, 'LTC': 0.0, 'BCH': 0.0, 'CASH': 1.0}",1.0
1775692800000,2026-04-09,309595.99350447766,"{'BTC': 0.0, 'ETH': 0.0, 'SOL': 0.0, 'XRP': 0.0, 'ADA': 0.0, 'DOGE': 0.0, 'LINK': 0.0, 'AVAX': 0.0, 'LTC': 0.0, 'BCH': 0.0, 'CASH': 1.0}",1.0
1775779200000,2026-04-10,309595.99350447766,"{'BTC': 0.0, 'ETH': 0.0, 'SOL': 0.0, 'XRP': 0.0, 'ADA': 0.0, 'DOGE': 0.0, 'LINK': 0.0, 'AVAX': 0.0, 'LTC': 0.0, 'BCH': 0.0, 'CASH': 1.0}",1.0
1775865600000,2026-04-11,309595.99350447766,"{'BTC': 0.0, 'ETH': 0.0, 'SOL': 0.0, 'XRP': 0.0, 'ADA': 0.0, 'DOGE': 0.0, 'LINK': 0.0, 'AVAX': 0.0, 'LTC': 0.0, 'BCH': 0.0, 'CASH': 1.0}",1.0
1775952000000,2026-04-12,309595.99350447766,"{'BTC': 0.0, 'ETH': 0.0, 'SOL': 0.0, 'XRP': 0.0, 'ADA': 0.0, 'DOGE': 0.0, 'LINK': 0.0, 'AVAX': 0.0, 'LTC': 0.0, 'BCH': 0.0, 'CASH': 1.0}",1.0
1776038400000,2026-04-13,309595.99350447766,"{'BTC': 0.0, 'ETH': 0.0, 'SOL': 0.0, 'XRP': 0.0, 'ADA': 0.0, 'DOGE': 0.0, 'LINK': 0.0, 'AVAX': 0.0, 'LTC': 0.0, 'BCH': 0.0, 'CASH': 1.0}",1.0
1776124800000,2026-04-14,309595.99350447766,"{'BTC': 0.0, 'ETH': 0.0, 'SOL': 0.0, 'XRP': 0.0, 'ADA': 0.0, 'DOGE': 0.0, 'LINK': 0.0, 'AVAX': 0.0, 'LTC': 0.0, 'BCH': 0.0, 'CASH': 1.0}",1.0
1776211200000,2026-04-15,309595.99350447766,"{'BTC': 0.0, 'ETH': 0.0, 'SOL': 0.0, 'XRP': 0.0, 'ADA': 0.0, 'DOGE': 0.0, 'LINK': 0.0, 'AVAX': 0.0, 'LTC': 0.0, 'BCH': 0.0, 'CASH': 1.0}",1.0
1776297600000,2026-04-16,309595.99350447766,"{'BTC': 0.0, 'ETH': 0.0, 'SOL': 0.0, 'XRP': 0.0, 'ADA': 0.0, 'DOGE': 0.0, 'LINK': 0.0, 'AVAX': 0.0, 'LTC': 0.0, 'BCH': 0.0, 'CASH': 1.0}",1.0
1776384000000,2026-04-17,309595.99350447766,"{'BTC': 0.0, 'ETH': 0.0, 'SOL': 0.0, 'XRP': 0.0, 'ADA': 0.0, 'DOGE': 0.0, 'LINK': 0.0, 'AVAX': 0.0, 'LTC': 0.0, 'BCH': 0.0, 'CASH': 1.0}",1.0
1776470400000,2026-04-18,309595.99350447766,"{'BTC': 0.0, 'ETH': 0.0, 'SOL': 0.0, 'XRP': 0.0, 'ADA': 0.0, 'DOGE': 0.0, 'LINK': 0.0, 'AVAX': 0.0, 'LTC': 0.0, 'BCH': 0.0, 'CASH': 1.0}",1.0
1776556800000,2026-04-19,309595.99350447766,"{'BTC': 0.0, 'ETH': 0.0, 'SOL': 0.0, 'XRP': 0.0, 'ADA': 0.0, 'DOGE': 0.0, 'LINK': 0.0, 'AVAX': 0.0, 'LTC': 0.0, 'BCH': 0.0, 'CASH': 1.0}",1.0
1776643200000,2026-04-20,309595.99350447766,"{'BTC': 0.0, 'ETH': 0.0, 'SOL': 0.0, 'XRP': 0.0, 'ADA': 0.0, 'DOGE': 0.0, 'LINK': 0.0, 'AVAX': 0.0, 'LTC': 0.0, 'BCH': 0.0, 'CASH': 1.0}",1.0
1776729600000,2026-04-21,309595.99350447766,"{'BTC': 0.0, 'ETH': 0.0, 'SOL': 0.0, 'XRP': 0.0, 'ADA': 0.0, 'DOGE': 0.0, 'LINK': 0.0, 'AVAX': 0.0, 'LTC': 0.0, 'BCH': 0.0, 'CASH': 1.0}",1.0
1776816000000,2026-04-22,309595.99350447766,"{'BTC': 0.0, 'ETH': 0.0, 'SOL': 0.0, 'XRP': 0.0, 'ADA': 0.0, 'DOGE': 0.0, 'LINK': 0.0, 'AVAX': 0.0, 'LTC': 0.0, 'BCH': 0.0, 'CASH': 1.0}",1.0
1776902400000,2026-04-23,309595.99350447766,"{'BTC': 0.0, 'ETH': 0.0, 'SOL': 0.0, 'XRP': 0.0, 'ADA': 0.0, 'DOGE': 0.0, 'LINK': 0.0, 'AVAX': 0.0, 'LTC': 0.0, 'BCH': 0.0, 'CASH': 1.0}",1.0
1776988800000,2026-04-24,309595.99350447766,"{'BTC': 0.0, 'ETH': 0.0, 'SOL': 0.0, 'XRP': 0.0, 'ADA': 0.0, 'DOGE': 0.0, 'LINK': 0.0, 'AVAX': 0.0, 'LTC': 0.0, 'BCH': 0.0, 'CASH': 1.0}",1.0
1777075200000,2026-04-25,309595.99350447766,"{'BTC': 0.0, 'ETH': 0.0, 'SOL': 0.0, 'XRP': 0.0, 'ADA': 0.0, 'DOGE': 0.0, 'LINK': 0.0, 'AVAX': 0.0, 'LTC': 0.0, 'BCH': 0.0, 'CASH': 1.0}",1.0
1777161600000,2026-04-26,309595.99350447766,"{'BTC': 0.0, 'ETH': 0.0, 'SOL': 0.0, 'XRP': 0.0, 'ADA': 0.0, 'DOGE': 0.0, 'LINK': 0.0, 'AVAX': 0.0, 'LTC': 0.0, 'BCH': 0.0, 'CASH': 1.0}",1.0
1777248000000,2026-04-27,309595.99350447766,"{'BTC': 0.0, 'ETH': 0.0, 'SOL': 0.0, 'XRP': 0.0, 'ADA': 0.0, 'DOGE': 0.0, 'LINK': 0.0, 'AVAX': 0.0, 'LTC': 0.0, 'BCH': 0.0, 'CASH': 1.0}",1.0
1777334400000,2026-04-28,309595.99350447766,"{'BTC': 0.0, 'ETH': 0.0, 'SOL': 0.0, 'XRP': 0.0, 'ADA': 0.0, 'DOGE': 0.0, 'LINK': 0.0, 'AVAX': 0.0, 'LTC': 0.0, 'BCH': 0.0, 'CASH': 1.0}",1.0
1777420800000,2026-04-29,309595.99350447766,"{'BTC': 0.0, 'ETH': 0.0, 'SOL': 0.0, 'XRP': 0.0, 'ADA': 0.0, 'DOGE': 0.0, 'LINK': 0.0, 'AVAX': 0.0, 'LTC': 0.0, 'BCH': 0.0, 'CASH': 1.0}",1.0
1777507200000,2026-04-30,309595.99350447766,"{'BTC': 0.0, 'ETH': 0.0, 'SOL': 0.0, 'XRP': 0.0, 'ADA': 0.0, 'DOGE': 0.0, 'LINK': 0.0, 'AVAX': 0.0, 'LTC': 0.0, 'BCH': 0.0, 'CASH': 1.0}",1.0
1777593600000,2026-05-01,309595.99350447766,"{'BTC': 0.0, 'ETH': 0.0, 'SOL': 0.0, 'XRP': 0.0, 'ADA': 0.0, 'DOGE': 0.0, 'LINK': 0.0, 'AVAX': 0.0, 'LTC': 0.0, 'BCH': 0.0, 'CASH': 1.0}",1.0
1777680000000,2026-05-02,309595.99350447766,"{'BTC': 0.0, 'ETH': 0.0, 'SOL': 0.0, 'XRP': 0.0, 'ADA': 0.0, 'DOGE': 0.0, 'LINK': 0.0, 'AVAX': 0.0, 'LTC': 0.0, 'BCH': 0.0, 'CASH': 1.0}",1.0
1777766400000,2026-05-03,309595.99350447766,"{'BTC': 0.0, 'ETH': 0.0, 'SOL': 0.0, 'XRP': 0.0, 'ADA': 0.0, 'DOGE': 0.0, 'LINK': 0.0, 'AVAX': 0.0, 'LTC': 0.0, 'BCH': 0.0, 'CASH': 1.0}",1.0
1777852800000,2026-05-04,309595.99350447766,"{'BTC': 0.0, 'ETH': 0.0, 'SOL': 0.0, 'XRP': 0.0, 'ADA': 0.0, 'DOGE': 0.0, 'LINK': 0.0, 'AVAX': 0.0, 'LTC': 0.0, 'BCH': 0.0, 'CASH': 1.0}",1.0
1777939200000,2026-05-05,309595.99350447766,"{'BTC': 0.0, 'ETH': 0.0, 'SOL': 0.0, 'XRP': 0.0, 'ADA': 0.0, 'DOGE': 0.0, 'LINK': 0.0, 'AVAX': 0.0, 'LTC': 0.0, 'BCH': 0.0, 'CASH': 1.0}",1.0
1778025600000,2026-05-06,309595.99350447766,"{'BTC': 0.0, 'ETH': 0.0, 'SOL': 0.0, 'XRP': 0.0, 'ADA': 0.0, 'DOGE': 0.0, 'LINK': 0.0, 'AVAX': 0.0, 'LTC': 0.0, 'BCH': 0.0, 'CASH': 1.0}",1.0
1778112000000,2026-05-07,309595.99350447766,"{'BTC': 0.0, 'ETH': 0.0, 'SOL': 0.0, 'XRP': 0.0, 'ADA': 0.0, 'DOGE': 0.0, 'LINK': 0.0, 'AVAX': 0.0, 'LTC': 0.0, 'BCH': 0.0, 'CASH': 1.0}",1.0
1778198400000,2026-05-08,309595.99350447766,"{'BTC': 0.0, 'ETH': 0.0, 'SOL': 0.0, 'XRP': 0.0, 'ADA': 0.0, 'DOGE': 0.0, 'LINK': 0.0, 'AVAX': 0.0, 'LTC': 0.0, 'BCH': 0.0, 'CASH': 1.0}",1.0
1778284800000,2026-05-09,309595.99350447766,"{'BTC': 0.0, 'ETH': 0.0, 'SOL': 0.0, 'XRP': 0.0, 'ADA': 0.0, 'DOGE': 0.0, 'LINK': 0.0, 'AVAX': 0.0, 'LTC': 0.0, 'BCH': 0.0, 'CASH': 1.0}",1.0
1778371200000,2026-05-10,309595.99350447766,"{'BTC': 0.0, 'ETH': 0.0, 'SOL': 0.0, 'XRP': 0.0, 'ADA': 0.0, 'DOGE': 0.0, 'LINK': 0.0, 'AVAX': 0.0, 'LTC': 0.0, 'BCH': 0.0, 'CASH': 1.0}",1.0
1778457600000,2026-05-11,309595.99350447766,"{'BTC': 0.0, 'ETH': 0.0, 'SOL': 0.0, 'XRP': 0.0, 'ADA': 0.0, 'DOGE': 0.0, 'LINK': 0.0, 'AVAX': 0.0, 'LTC': 0.0, 'BCH': 0.0, 'CASH': 1.0}",1.0
1778544000000,2026-05-12,309595.99350447766,"{'BTC': 0.0, 'ETH': 0.0, 'SOL': 0.0, 'XRP': 0.0, 'ADA': 0.0, 'DOGE': 0.0, 'LINK': 0.0, 'AVAX': 0.0, 'LTC': 0.0, 'BCH': 0.0, 'CASH': 1.0}",1.0
1778630400000,2026-05-13,309595.99350447766,"{'BTC': 0.0, 'ETH': 0.0, 'SOL': 0.0, 'XRP': 0.0, 'ADA': 0.0, 'DOGE': 0.0, 'LINK': 0.0, 'AVAX': 0.0, 'LTC': 0.0, 'BCH': 0.0, 'CASH': 1.0}",1.0
1778716800000,2026-05-14,309595.99350447766,"{'BTC': 0.0, 'ETH': 0.0, 'SOL': 0.0, 'XRP': 0.0, 'ADA': 0.0, 'DOGE': 0.0, 'LINK': 0.0, 'AVAX': 0.0, 'LTC': 0.0, 'BCH': 0.0, 'CASH': 1.0}",1.0
1778803200000,2026-05-15,309595.99350447766,"{'BTC': 0.0, 'ETH': 0.0, 'SOL': 0.0, 'XRP': 0.0, 'ADA': 0.0, 'DOGE': 0.0, 'LINK': 0.0, 'AVAX': 0.0, 'LTC': 0.0, 'BCH': 0.0, 'CASH': 1.0}",1.0
1778889600000,2026-05-16,309595.99350447766,"{'BTC': 0.0, 'ETH': 0.0, 'SOL': 0.0, 'XRP': 0.0, 'ADA': 0.0, 'DOGE': 0.0, 'LINK': 0.0, 'AVAX': 0.0, 'LTC': 0.0, 'BCH': 0.0, 'CASH': 1.0}",1.0
1778976000000,2026-05-17,309595.99350447766,"{'BTC': 0.0, 'ETH': 0.0, 'SOL': 0.0, 'XRP': 0.0, 'ADA': 0.0, 'DOGE': 0.0, 'LINK': 0.0, 'AVAX': 0.0, 'LTC': 0.0, 'BCH': 0.0, 'CASH': 1.0}",1.0
1779062400000,2026-05-18,309595.99350447766,"{'BTC': 0.0, 'ETH': 0.0, 'SOL': 0.0, 'XRP': 0.0, 'ADA': 0.0, 'DOGE': 0.0, 'LINK': 0.0, 'AVAX': 0.0, 'LTC': 0.0, 'BCH': 0.0, 'CASH': 1.0}",1.0
1779148800000,2026-05-19,309595.99350447766,"{'BTC': 0.0, 'ETH': 0.0, 'SOL': 0.0, 'XRP': 0.0, 'ADA': 0.0, 'DOGE': 0.0, 'LINK': 0.0, 'AVAX': 0.0, 'LTC': 0.0, 'BCH': 0.0, 'CASH': 1.0}",1.0
1779235200000,2026-05-20,309595.99350447766,"{'BTC': 0.0, 'ETH': 0.0, 'SOL': 0.0, 'XRP': 0.0, 'ADA': 0.0, 'DOGE': 0.0, 'LINK': 0.0, 'AVAX': 0.0, 'LTC': 0.0, 'BCH': 0.0, 'CASH': 1.0}",1.0
1779321600000,2026-05-21,309595.99350447766,"{'BTC': 0.0, 'ETH': 0.0, 'SOL': 0.0, 'XRP': 0.0, 'ADA': 0.0, 'DOGE': 0.0, 'LINK': 0.0, 'AVAX': 0.0, 'LTC': 0.0, 'BCH': 0.0, 'CASH': 1.0}",1.0
1779408000000,2026-05-22,309595.99350447766,"{'BTC': 0.0, 'ETH': 0.0, 'SOL': 0.0, 'XRP': 0.0, 'ADA': 0.0, 'DOGE': 0.0, 'LINK': 0.0, 'AVAX': 0.0, 'LTC': 0.0, 'BCH': 0.0, 'CASH': 1.0}",1.0
1779494400000,2026-05-23,309595.99350447766,"{'BTC': 0.0, 'ETH': 0.0, 'SOL': 0.0, 'XRP': 0.0, 'ADA': 0.0, 'DOGE': 0.0, 'LINK': 0.0, 'AVAX': 0.0, 'LTC': 0.0, 'BCH': 0.0, 'CASH': 1.0}",1.0
1779580800000,2026-05-24,309595.99350447766,"{'BTC': 0.0, 'ETH': 0.0, 'SOL': 0.0, 'XRP': 0.0, 'ADA': 0.0, 'DOGE': 0.0, 'LINK': 0.0, 'AVAX': 0.0, 'LTC': 0.0, 'BCH': 0.0, 'CASH': 1.0}",1.0
1779667200000,2026-05-25,309595.99350447766,"{'BTC': 0.0, 'ETH': 0.0, 'SOL': 0.0, 'XRP': 0.0, 'ADA': 0.0, 'DOGE': 0.0, 'LINK': 0.0, 'AVAX': 0.0, 'LTC': 0.0, 'BCH': 0.0, 'CASH': 1.0}",1.0
1779753600000,2026-05-26,309595.99350447766,"{'BTC': 0.0, 'ETH': 0.0, 'SOL': 0.0, 'XRP': 0.0, 'ADA': 0.0, 'DOGE': 0.0, 'LINK': 0.0, 'AVAX': 0.0, 'LTC': 0.0, 'BCH': 0.0, 'CASH': 1.0}",1.0
1779840000000,2026-05-27,309595.99350447766,"{'BTC': 0.0, 'ETH': 0.0, 'SOL': 0.0, 'XRP': 0.0, 'ADA': 0.0, 'DOGE': 0.0, 'LINK': 0.0, 'AVAX': 0.0, 'LTC': 0.0, 'BCH': 0.0, 'CASH': 1.0}",1.0
1779926400000,2026-05-28,309595.99350447766,"{'BTC': 0.0, 'ETH': 0.0, 'SOL': 0.0, 'XRP': 0.0, 'ADA': 0.0, 'DOGE': 0.0, 'LINK': 0.0, 'AVAX': 0.0, 'LTC': 0.0, 'BCH': 0.0, 'CASH': 1.0}",1.0
1780012800000,2026-05-29,309595.99350447766,"{'BTC': 0.0, 'ETH': 0.0, 'SOL': 0.0, 'XRP': 0.0, 'ADA': 0.0, 'DOGE': 0.0, 'LINK': 0.0, 'AVAX': 0.0, 'LTC': 0.0, 'BCH': 0.0, 'CASH': 1.0}",1.0
1780099200000,2026-05-30,309595.99350447766,"{'BTC': 0.0, 'ETH': 0.0, 'SOL': 0.0, 'XRP': 0.0, 'ADA': 0.0, 'DOGE': 0.0, 'LINK': 0.0, 'AVAX': 0.0, 'LTC': 0.0, 'BCH': 0.0, 'CASH': 1.0}",1.0
1780185600000,2026-05-31,309595.99350447766,"{'BTC': 0.0, 'ETH': 0.0, 'SOL': 0.0, 'XRP': 0.0, 'ADA': 0.0, 'DOGE': 0.0, 'LINK': 0.0, 'AVAX': 0.0, 'LTC': 0.0, 'BCH': 0.0, 'CASH': 1.0}",1.0
1780272000000,2026-06-01,309595.99350447766,"{'BTC': 0.0, 'ETH': 0.0, 'SOL': 0.0, 'XRP': 0.0, 'ADA': 0.0, 'DOGE': 0.0, 'LINK': 0.0, 'AVAX': 0.0, 'LTC': 0.0, 'BCH': 0.0, 'CASH': 1.0}",1.0
1780358400000,2026-06-02,309595.99350447766,"{'BTC': 0.0, 'ETH': 0.0, 'SOL': 0.0, 'XRP': 0.0, 'ADA': 0.0, 'DOGE': 0.0, 'LINK': 0.0, 'AVAX': 0.0, 'LTC': 0.0, 'BCH': 0.0, 'CASH': 1.0}",1.0
1780444800000,2026-06-03,309595.99350447766,"{'BTC': 0.0, 'ETH': 0.0, 'SOL': 0.0, 'XRP': 0.0, 'ADA': 0.0, 'DOGE': 0.0, 'LINK': 0.0, 'AVAX': 0.0, 'LTC': 0.0, 'BCH': 0.0, 'CASH': 1.0}",1.0
1780531200000,2026-06-04,309595.99350447766,"{'BTC': 0.0, 'ETH': 0.0, 'SOL': 0.0, 'XRP': 0.0, 'ADA': 0.0, 'DOGE': 0.0, 'LINK': 0.0, 'AVAX': 0.0, 'LTC': 0.0, 'BCH': 0.0, 'CASH': 1.0}",1.0
