observation_date,T10Y3M
1970-01-02,-0.059999942779541016
1970-01-05,-0.029999732971191406
1970-01-06,0.03000020980834961
1970-01-07,0.08999967575073242
1970-01-08,0.05000019073486328
1970-01-09,-0.029999732971191406
1970-01-12,0.019999980926513672
1970-01-13,-0.010000228881835938
1970-01-14,-0.009999752044677734
1970-01-15,0.009999752044677734
1970-01-16,-0.05000019073486328
1970-01-19,-0.09999990463256836
1970-01-20,-0.10000038146972656
1970-01-21,-0.1399998664855957
1970-01-22,-0.19999980926513672
1970-01-23,-0.1700000762939453
1970-01-26,-0.1700000762939453
1970-01-27,-0.21000003814697266
1970-01-28,-0.21000003814697266
1970-01-29,-0.1399998664855957
1970-01-30,-0.1100001335144043
1970-02-02,-0.06999969482421875
1970-02-03,-0.11999988555908203
1970-02-04,-0.15999984741210938
1970-02-05,-0.1100001335144043
1970-02-06,-0.059999942779541016
1970-02-09,-0.019999980926513672
1970-02-10,0.039999961853027344
1970-02-11,0.07999992370605469
1970-02-13,0.20000028610229492
1970-02-16,0.3400001525878906
1970-02-17,0.38000011444091797
1970-02-18,0.34999990463256836
1970-02-19,0.3000001907348633
1970-02-20,0.31999969482421875
1970-02-24,0.25999975204467773
1970-02-25,0.15000009536743164
1970-02-26,0.059999942779541016
1970-02-27,0.05000019073486328
1970-03-02,0.07999992370605469
1970-03-03,0.06999969482421875
1970-03-04,0.039999961853027344
1970-03-05,0.09999990463256836
1970-03-06,0.1100001335144043
1970-03-09,0.12999963760375977
1970-03-10,0.3299999237060547
1970-03-11,0.3900003433227539
1970-03-12,0.4099998474121094
1970-03-13,0.46000003814697266
1970-03-16,0.4199995994567871
1970-03-17,0.5500001907348633
1970-03-18,0.5300002098083496
1970-03-19,0.4200000762939453
1970-03-20,0.5399999618530273
1970-03-23,0.9000000953674316
1970-03-24,0.940000057220459
1970-03-25,0.809999942779541
1970-03-26,0.7199997901916504
1970-03-30,0.7300000190734863
1970-03-31,0.6999998092651367
1970-04-01,0.6999998092651367
1970-04-02,0.7300000190734863
1970-04-03,0.7799997329711914
1970-04-06,0.7800002098083496
1970-04-07,0.7399997711181641
1970-04-08,0.7400002479553223
1970-04-09,0.7999997138977051
1970-04-10,0.809999942779541
1970-04-13,0.8599996566772461
1970-04-14,0.8999996185302734
1970-04-15,0.8899998664855957
1970-04-16,0.940000057220459
1970-04-17,1.0
1970-04-20,0.9600000381469727
1970-04-21,0.9600000381469727
1970-04-22,0.8700003623962402
1970-04-23,1.059999942779541
1970-04-24,1.119999885559082
1970-04-27,1.0899996757507324
1970-04-28,0.8299999237060547
1970-04-29,0.8700003623962402
1970-04-30,0.8900003433227539
1970-05-01,1.0099997520446777
1970-05-04,1.0300002098083496
1970-05-05,0.8299999237060547
1970-05-06,0.9500002861022949
1970-05-07,1.1800003051757812
1970-05-08,1.2200002670288086
1970-05-11,1.080000400543213
1970-05-12,0.9200000762939453
1970-05-13,1.0299997329711914
1970-05-14,1.0999999046325684
1970-05-15,1.0699996948242188
1970-05-18,1.1200003623962402
1970-05-19,1.080000400543213
1970-05-20,1.179999828338623
1970-05-21,1.190000057220459
1970-05-22,1.1299996376037598
1970-05-25,1.1399993896484375
1970-05-26,1.140000343322754
1970-05-27,0.9800004959106445
1970-05-28,1.0300002098083496
1970-05-29,1.0199999809265137
1970-06-01,0.9900002479553223
1970-06-02,0.9600000381469727
1970-06-03,0.9500002861022949
1970-06-04,0.9900002479553223
1970-06-05,1.0799999237060547
1970-06-08,1.1399998664855957
1970-06-09,1.1100001335144043
1970-06-10,1.109999656677246
1970-06-11,1.1800003051757812
1970-06-12,1.190000057220459
1970-06-15,1.2699999809265137
1970-06-16,1.1599998474121094
1970-06-17,1.1800003051757812
1970-06-18,1.1700000762939453
1970-06-19,1.200000286102295
1970-06-22,1.320000171661377
1970-06-23,1.190000057220459
1970-06-24,1.119999885559082
1970-06-25,1.3500003814697266
1970-06-26,1.4000000953674316
1970-06-29,1.390000343322754
1970-06-30,1.190000057220459
1970-07-01,1.1599998474121094
1970-07-02,1.070000171661377
1970-07-06,0.9099998474121094
1970-07-07,0.75
1970-07-08,0.8199996948242188
1970-07-09,0.8799996376037598
1970-07-10,1.0199999809265137
1970-07-13,1.0500001907348633
1970-07-14,1.0199999809265137
1970-07-15,1.0
1970-07-16,1.0799999237060547
1970-07-17,1.049999713897705
1970-07-20,1.0900001525878906
1970-07-21,1.0699996948242188
1970-07-22,1.0799999237060547
1970-07-23,1.0399999618530273
1970-07-24,1.0199999809265137
1970-07-27,1.0199999809265137
1970-07-28,1.0299997329711914
1970-07-29,1.0099997520446777
1970-07-30,0.9900002479553223
1970-07-31,1.0
1970-08-03,0.9899997711181641
1970-08-04,0.940000057220459
1970-08-05,0.9200000762939453
1970-08-06,0.940000057220459
1970-08-07,0.9800000190734863
1970-08-10,1.0199999809265137
1970-08-11,1.0
1970-08-12,1.0099997520446777
1970-08-13,1.049999713897705
1970-08-14,1.130000114440918
1970-08-17,1.179999828338623
1970-08-18,1.2100000381469727
1970-08-19,1.2400002479553223
1970-08-20,1.2599997520446777
1970-08-21,1.309999942779541
1970-08-24,1.25
1970-08-25,1.2300000190734863
1970-08-26,1.1999998092651367
1970-08-27,1.2100000381469727
1970-08-28,1.2099995613098145
1970-08-31,1.1599998474121094
1970-09-01,1.0799999237060547
1970-09-02,1.0799999237060547
1970-09-03,1.0900001525878906
1970-09-04,1.1499996185302734
1970-09-08,1.119999885559082
1970-09-09,1.1399998664855957
1970-09-10,1.1100001335144043
1970-09-11,1.1100001335144043
1970-09-14,1.1500000953674316
1970-09-15,1.1399998664855957
1970-09-16,1.200000286102295
1970-09-17,1.1700000762939453
1970-09-18,1.2300000190734863
1970-09-21,1.3299999237060547
1970-09-22,1.5400004386901855
1970-09-23,1.5299997329711914
1970-09-24,1.5
1970-09-25,1.4600000381469727
1970-09-28,1.5
1970-09-29,1.4800000190734863
1970-09-30,1.4499998092651367
1970-10-01,1.429999828338623
1970-10-02,1.4000000953674316
1970-10-05,1.3600001335144043
1970-10-06,1.1899995803833008
1970-10-07,1.1700000762939453
1970-10-08,1.179999828338623
1970-10-09,1.1999998092651367
1970-10-13,1.239999771118164
1970-10-14,1.3400001525878906
1970-10-15,1.390000343322754
1970-10-16,1.380000114440918
1970-10-19,1.4099998474121094
1970-10-20,1.5099997520446777
1970-10-21,1.5999999046325684
1970-10-22,1.679999828338623
1970-10-23,1.679999828338623
1970-10-26,1.6399998664855957
1970-10-27,1.570000171661377
1970-10-28,1.5
1970-10-29,1.4600000381469727
1970-10-30,1.489999771118164
1970-11-02,1.549999713897705
1970-11-04,1.6700000762939453
1970-11-05,1.7100000381469727
1970-11-06,1.6500000953674316
1970-11-09,1.570000171661377
1970-11-10,1.5799999237060547
1970-11-12,1.5400004386901855
1970-11-13,1.559999942779541
1970-11-16,1.6599998474121094
1970-11-17,1.7100000381469727
1970-11-18,1.6200003623962402
1970-11-19,1.549999713897705
1970-11-20,1.4600000381469727
1970-11-23,1.5199999809265137
1970-11-24,1.5199999809265137
1970-11-25,1.4200000762939453
1970-11-27,1.320000171661377
1970-11-30,1.4499998092651367
1970-12-01,1.5
1970-12-02,1.440000057220459
1970-12-03,1.369999885559082
1970-12-04,1.3000001907348633
1970-12-07,1.3499999046325684
1970-12-08,1.3299999237060547
1970-12-09,1.380000114440918
1970-12-10,1.440000057220459
1970-12-11,1.4499998092651367
1970-12-14,1.4600000381469727
1970-12-15,1.5099997520446777
1970-12-16,1.5299997329711914
1970-12-17,1.5600004196166992
1970-12-18,1.5799999237060547
1970-12-21,1.6499996185302734
1970-12-22,1.7100000381469727
1970-12-23,1.7100000381469727
1970-12-24,1.700000286102295
1970-12-28,1.6999998092651367
1970-12-29,1.630000114440918
1970-12-30,1.6200003623962402
1970-12-31,1.6500000953674316
1971-01-04,1.570000171661377
1971-01-05,1.5799999237060547
1971-01-06,1.6299996376037598
1971-01-07,1.6399998664855957
1971-01-08,1.690000057220459
1971-01-11,1.7300000190734863
1971-01-12,1.7199997901916504
1971-01-13,1.7300000190734863
1971-01-14,1.8399996757507324
1971-01-15,1.8999996185302734
1971-01-18,1.8999996185302734
1971-01-19,1.9200000762939453
1971-01-20,1.9700002670288086
1971-01-21,1.9700002670288086
1971-01-22,1.880000114440918
1971-01-25,1.8700003623962402
1971-01-26,1.820000171661377
1971-01-27,1.8700003623962402
1971-01-28,1.9000000953674316
1971-01-29,1.940000057220459
1971-02-01,1.9700002670288086
1971-02-02,2.010000228881836
1971-02-03,2.0199999809265137
1971-02-04,2.0699996948242188
1971-02-05,2.1399998664855957
1971-02-08,2.2700002193450928
1971-02-09,2.430000066757202
1971-02-10,2.379999876022339
1971-02-11,2.43999981880188
1971-02-16,2.4800000190734863
1971-02-17,2.510000228881836
1971-02-18,2.5900001525878906
1971-02-19,2.629999876022339
1971-02-22,2.6700000762939453
1971-02-23,2.6999998092651367
1971-02-24,2.749999761581421
1971-02-25,2.7100000381469727
1971-02-26,2.739999771118164
1971-03-01,2.759999990463257
1971-03-02,2.7300002574920654
1971-03-03,2.7100002765655518
1971-03-04,2.7100002765655518
1971-03-05,2.700000286102295
1971-03-08,2.669999837875366
1971-03-09,2.580000162124634
1971-03-10,2.500000238418579
1971-03-11,2.4700000286102295
1971-03-12,2.4799997806549072
1971-03-15,2.3999998569488525
1971-03-16,2.3399999141693115
1971-03-17,2.0900001525878906
1971-03-18,2.1000001430511475
1971-03-19,2.1600003242492676
1971-03-22,2.120000123977661
1971-03-23,2.0200002193450928
1971-03-24,2.0199997425079346
1971-03-25,2.0399997234344482
1971-03-26,2.049999952316284
1971-03-29,2.059999942779541
1971-03-30,1.9000000953674316
1971-03-31,1.8900001049041748
1971-04-01,1.929999828338623
1971-04-02,1.929999828338623
1971-04-05,1.940000057220459
1971-04-06,1.869999885559082
1971-04-07,1.7599999904632568
1971-04-08,1.7199997901916504
1971-04-12,1.6999998092651367
1971-04-13,1.679999828338623
1971-04-14,1.7699999809265137
1971-04-15,1.9000000953674316
1971-04-16,2.000000238418579
1971-04-19,2.080000162124634
1971-04-20,2.1499998569488525
1971-04-21,2.180000066757202
1971-04-22,2.2300000190734863
1971-04-23,2.2100002765655518
1971-04-26,2.180000066757202
1971-04-27,2.0399999618530273
1971-04-28,1.9499998092651367
1971-04-29,2.0500001907348633
1971-04-30,2.1499998569488525
1971-05-03,2.31000018119812
1971-05-04,2.369999885559082
1971-05-05,2.3400001525878906
1971-05-06,2.4600002765655518
1971-05-07,2.4700000286102295
1971-05-10,2.3899998664855957
1971-05-11,2.4000003337860107
1971-05-12,2.4099998474121094
1971-05-13,2.4099998474121094
1971-05-14,2.369999885559082
1971-05-17,2.2699999809265137
1971-05-18,2.2200002670288086
1971-05-19,2.2199997901916504
1971-05-20,2.119999885559082
1971-05-21,2.1500000953674316
1971-05-24,2.0799999237060547
1971-05-25,1.9900002479553223
1971-05-26,1.9699997901916504
1971-05-27,2.0
1971-05-28,2.0399999618530273
1971-06-01,2.0
1971-06-02,1.9799995422363281
1971-06-03,1.950000286102295
1971-06-04,1.940000057220459
1971-06-07,1.9000000953674316
1971-06-08,1.820000171661377
1971-06-09,1.8400001525878906
1971-06-10,1.8600001335144043
1971-06-11,1.7899999618530273
1971-06-14,1.700000286102295
1971-06-15,1.7100000381469727
1971-06-16,1.7100000381469727
1971-06-17,1.7799997329711914
1971-06-18,1.6500000953674316
1971-06-21,1.640000343322754
1971-06-22,1.6599998474121094
1971-06-23,1.7899999618530273
1971-06-24,1.809999942779541
1971-06-25,1.739999771118164
1971-06-28,1.679999828338623
1971-06-29,1.4800000190734863
1971-06-30,1.4800000190734863
1971-07-01,1.4800000190734863
1971-07-02,1.3299999237060547
1971-07-06,1.1999998092651367
1971-07-07,1.239999771118164
1971-07-08,1.260000228881836
1971-07-09,1.3199996948242188
1971-07-12,1.2799997329711914
1971-07-13,1.2800002098083496
1971-07-14,1.25
1971-07-15,1.200000286102295
1971-07-16,1.1599998474121094
1971-07-19,1.179999828338623
1971-07-20,1.1999998092651367
1971-07-21,1.2599997520446777
1971-07-22,1.4499998092651367
1971-07-23,1.3700003623962402
1971-07-26,1.4000000953674316
1971-07-27,1.4499998092651367
1971-07-28,1.5199999809265137
1971-07-29,1.5399999618530273
1971-07-30,1.5399999618530273
1971-08-02,1.6200003623962402
1971-08-03,1.5899996757507324
1971-08-04,1.559999942779541
1971-08-05,1.559999942779541
1971-08-06,1.5799999237060547
1971-08-09,1.559999942779541
1971-08-10,1.5199999809265137
1971-08-11,1.640000343322754
1971-08-12,1.5900001525878906
1971-08-13,1.5299997329711914
1971-08-16,1.5799999237060547
1971-08-17,1.5300002098083496
1971-08-18,1.5699996948242188
1971-08-19,1.8000001907348633
1971-08-20,1.7199997901916504
1971-08-23,1.7300000190734863
1971-08-24,1.7800002098083496
1971-08-25,1.6700000762939453
1971-08-26,1.690000057220459
1971-08-27,1.6999998092651367
1971-08-30,1.880000114440918
1971-08-31,1.8400001525878906
1971-09-01,1.7199997901916504
1971-09-02,1.6399998664855957
1971-09-03,1.5799999237060547
1971-09-07,1.4900002479553223
1971-09-08,1.4800000190734863
1971-09-09,1.4800000190734863
1971-09-10,1.440000057220459
1971-09-13,1.4399995803833008
1971-09-14,1.309999942779541
1971-09-15,1.320000171661377
1971-09-16,1.3199996948242188
1971-09-17,1.4100003242492676
1971-09-20,1.4300003051757812
1971-09-21,1.3899998664855957
1971-09-22,1.4200000762939453
1971-09-23,1.4499998092651367
1971-09-24,1.429999828338623
1971-09-27,1.4100003242492676
1971-09-28,1.4499998092651367
1971-09-29,1.4099998474121094
1971-09-30,1.4000000953674316
1971-10-01,1.4499998092651367
1971-10-04,1.5199999809265137
1971-10-05,1.440000057220459
1971-10-06,1.440000057220459
1971-10-07,1.4099998474121094
1971-10-08,1.4099998474121094
1971-10-12,1.4200000762939453
1971-10-13,1.4200000762939453
1971-10-14,1.450000286102295
1971-10-15,1.4600000381469727
1971-10-18,1.5
1971-10-19,1.4600000381469727
1971-10-20,1.4600000381469727
1971-10-21,1.4000000953674316
1971-10-22,1.440000057220459
1971-10-26,1.5099997520446777
1971-10-27,1.5500001907348633
1971-10-28,1.5399999618530273
1971-10-29,1.559999942779541
1971-11-01,1.5399999618530273
1971-11-03,1.559999942779541
1971-11-04,1.5799999237060547
1971-11-05,1.5699996948242188
1971-11-08,1.5900001525878906
1971-11-09,1.5999999046325684
1971-11-10,1.630000114440918
1971-11-11,1.6100001335144043
1971-11-12,1.5999999046325684
1971-11-15,1.6100001335144043
1971-11-16,1.6600003242492676
1971-11-17,1.6100001335144043
1971-11-18,1.630000114440918
1971-11-19,1.619999885559082
1971-11-22,1.580000400543213
1971-11-23,1.5699996948242188
1971-11-24,1.549999713897705
1971-11-26,1.5399999618530273
1971-11-29,1.609999656677246
1971-11-30,1.5899996757507324
1971-12-01,1.6100001335144043
1971-12-02,1.619999885559082
1971-12-03,1.7300000190734863
1971-12-06,1.7800002098083496
1971-12-07,1.7899999618530273
1971-12-08,1.820000171661377
1971-12-09,1.8299999237060547
1971-12-10,1.8399996757507324
1971-12-13,1.940000057220459
1971-12-14,1.880000114440918
1971-12-15,1.8400001525878906
1971-12-16,1.8899998664855957
1971-12-17,1.929999828338623
1971-12-20,1.8499999046325684
1971-12-21,1.9200000762939453
1971-12-22,1.9700002670288086
1971-12-23,2.1399998664855957
1971-12-27,2.129999876022339
1971-12-28,2.1100001335144043
1971-12-29,2.140000104904175
1971-12-30,2.200000047683716
1971-12-31,2.2099997997283936
1972-01-03,2.25
1972-01-04,2.2099997997283936
1972-01-05,2.2199997901916504
1972-01-06,2.3500001430511475
1972-01-07,2.5500001907348633
1972-01-10,2.8400001525878906
1972-01-11,2.6600000858306885
1972-01-12,2.6500000953674316
1972-01-13,2.6600000858306885
1972-01-14,2.6599998474121094
1972-01-17,2.6499998569488525
1972-01-18,2.6600000858306885
1972-01-19,2.6600000858306885
1972-01-20,2.630000114440918
1972-01-21,2.559999704360962
1972-01-24,2.5
1972-01-25,2.5
1972-01-26,2.5500001907348633
1972-01-27,2.6100001335144043
1972-01-28,2.7200000286102295
1972-01-31,2.7400002479553223
1972-02-01,2.6600000858306885
1972-02-02,2.679999828338623
1972-02-03,2.7100000381469727
1972-02-04,2.8399999141693115
1972-02-07,2.9900002479553223
1972-02-08,2.9200000762939453
1972-02-09,2.9599997997283936
1972-02-10,3.0500001907348633
1972-02-11,3.129999876022339
1972-02-14,3.0999999046325684
1972-02-15,3.0399999618530273
1972-02-16,3.0199999809265137
1972-02-17,3.0199999809265137
1972-02-18,2.9600000381469727
1972-02-22,2.8899998664855957
1972-02-23,2.890000104904175
1972-02-24,2.870000123977661
1972-02-25,2.700000047683716
1972-02-28,2.6700000762939453
1972-02-29,2.5799999237060547
1972-03-01,2.569999933242798
1972-03-02,2.5500001907348633
1972-03-03,2.5299999713897705
1972-03-06,2.510000228881836
1972-03-07,2.4600000381469727
1972-03-08,2.4600000381469727
1972-03-09,2.430000066757202
1972-03-10,2.390000104904175
1972-03-13,2.320000171661377
1972-03-14,2.169999837875366
1972-03-15,2.1700000762939453
1972-03-16,2.179999828338623
1972-03-17,2.1999998092651367
1972-03-20,2.2200002670288086
1972-03-21,2.2100000381469727
1972-03-22,2.309999942779541
1972-03-23,2.319999933242798
1972-03-24,2.319999933242798
1972-03-27,2.3299999237060547
1972-03-28,2.2700002193450928
1972-03-29,2.25
1972-03-30,2.2899999618530273
1972-04-03,2.3499999046325684
1972-04-04,2.3399999141693115
1972-04-05,2.359999895095825
1972-04-06,2.379999876022339
1972-04-07,2.379999876022339
1972-04-10,2.4200000762939453
1972-04-11,2.359999895095825
1972-04-12,2.390000104904175
1972-04-13,2.390000104904175
1972-04-14,2.4100000858306885
1972-04-17,2.3899998664855957
1972-04-18,2.559999704360962
1972-04-19,2.5799996852874756
1972-04-20,2.640000104904175
1972-04-21,2.7299997806549072
1972-04-24,2.75
1972-04-25,2.6600000858306885
1972-04-26,2.6100001335144043
1972-04-27,2.570000171661377
1972-04-28,2.5099997520446777
1972-05-01,2.5199999809265137
1972-05-02,2.5099997520446777
1972-05-03,2.570000171661377
1972-05-04,2.630000114440918
1972-05-05,2.75
1972-05-08,2.7300000190734863
1972-05-09,2.549999713897705
1972-05-10,2.570000171661377
1972-05-11,2.570000171661377
1972-05-12,2.559999942779541
1972-05-15,2.5099997520446777
1972-05-16,2.3999998569488525
1972-05-17,2.370000123977661
1972-05-18,2.3400001525878906
1972-05-19,2.299999952316284
1972-05-22,2.2800002098083496
1972-05-23,2.2100002765655518
1972-05-24,2.2200000286102295
1972-05-25,2.2799999713897705
1972-05-26,2.2899999618530273
1972-05-30,2.250000238418579
1972-05-31,2.2400002479553223
1972-06-01,2.2400002479553223
1972-06-02,2.2300002574920654
1972-06-05,2.2699999809265137
1972-06-06,2.240000009536743
1972-06-07,2.239999771118164
1972-06-08,2.259999990463257
1972-06-09,2.250000238418579
1972-06-12,2.2799999713897705
1972-06-13,2.259999990463257
1972-06-14,2.240000009536743
1972-06-15,2.1999998092651367
1972-06-16,2.1499998569488525
1972-06-19,2.1599998474121094
1972-06-20,2.129999876022339
1972-06-21,2.120000123977661
1972-06-22,2.0900001525878906
1972-06-23,2.0999999046325684
1972-06-26,2.1399998664855957
1972-06-27,2.129999876022339
1972-06-28,2.25
1972-06-29,2.179999828338623
1972-06-30,2.0900001525878906
1972-07-03,2.0
1972-07-05,2.0500001907348633
1972-07-06,2.1100001335144043
1972-07-07,2.1100001335144043
1972-07-10,2.0900001525878906
1972-07-11,2.0
1972-07-12,2.049999713897705
1972-07-13,2.070000171661377
1972-07-14,2.1499998569488525
1972-07-17,2.190000057220459
1972-07-18,2.140000104904175
1972-07-19,2.180000066757202
1972-07-20,2.180000066757202
1972-07-21,2.1599998474121094
1972-07-24,2.129999876022339
1972-07-25,2.059999942779541
1972-07-26,2.119999885559082
1972-07-27,2.2200000286102295
1972-07-28,2.2699999809265137
1972-07-31,2.319999933242798
1972-08-01,2.3499999046325684
1972-08-02,2.369999885559082
1972-08-03,2.3600001335144043
1972-08-04,2.3399999141693115
1972-08-07,2.309999942779541
1972-08-08,2.2699999809265137
1972-08-09,2.2799999713897705
1972-08-10,2.2799999713897705
1972-08-11,2.299999952316284
1972-08-14,2.2899999618530273
1972-08-15,2.240000009536743
1972-08-16,2.2699997425079346
1972-08-17,2.3199996948242188
1972-08-18,2.2899999618530273
1972-08-21,2.240000009536743
1972-08-22,2.0799999237060547
1972-08-23,2.0399999618530273
1972-08-24,2.0900001525878906
1972-08-25,2.0300002098083496
1972-08-28,2.0399999618530273
1972-08-29,1.890000343322754
1972-08-30,1.869999885559082
1972-08-31,1.869999885559082
1972-09-01,1.8899998664855957
1972-09-05,1.7800002098083496
1972-09-06,1.7799997329711914
1972-09-07,1.820000171661377
1972-09-08,1.8299999237060547
1972-09-11,1.8000001907348633
1972-09-12,1.820000171661377
1972-09-13,1.8299999237060547
1972-09-14,1.8700003623962402
1972-09-15,1.880000114440918
1972-09-18,1.9000000953674316
1972-09-19,1.9100003242492676
1972-09-20,1.929999828338623
1972-09-21,1.9300003051757812
1972-09-22,1.9200000762939453
1972-09-25,1.9499998092651367
1972-09-26,1.9699997901916504
1972-09-27,1.9800000190734863
1972-09-28,2.0
1972-09-29,1.989999771118164
1972-10-02,2.0299997329711914
1972-10-03,1.869999885559082
1972-10-04,1.8400001525878906
1972-10-05,1.8000001907348633
1972-10-06,1.809999942779541
1972-10-10,1.7400002479553223
1972-10-11,1.7099995613098145
1972-10-12,1.690000057220459
1972-10-13,1.6599998474121094
1972-10-16,1.6899995803833008
1972-10-17,1.669999599456787
1972-10-18,1.6999998092651367
1972-10-19,1.7300000190734863
1972-10-20,1.7300000190734863
1972-10-24,1.7100000381469727
1972-10-25,1.700000286102295
1972-10-26,1.700000286102295
1972-10-27,1.700000286102295
1972-10-30,1.6800003051757812
1972-10-31,1.6499996185302734
1972-11-01,1.6399998664855957
1972-11-02,1.6200003623962402
1972-11-03,1.5900001525878906
1972-11-06,1.6100001335144043
1972-11-08,1.5500001907348633
1972-11-09,1.580000400543213
1972-11-10,1.580000400543213
1972-11-13,1.5300002098083496
1972-11-14,1.4800000190734863
1972-11-15,1.4900002479553223
1972-11-16,1.4799995422363281
1972-11-17,1.4799995422363281
1972-11-20,1.4699997901916504
1972-11-21,1.440000057220459
1972-11-22,1.429999828338623
1972-11-24,1.4200000762939453
1972-11-27,1.4200000762939453
1972-11-28,1.4099998474121094
1972-11-29,1.4000000953674316
1972-11-30,1.4000000953674316
1972-12-01,1.3899998664855957
1972-12-04,1.380000114440918
1972-12-05,1.309999942779541
1972-12-06,1.309999942779541
1972-12-07,1.2799997329711914
1972-12-08,1.260000228881836
1972-12-11,1.2400002479553223
1972-12-12,1.299999713897705
1972-12-13,1.3499999046325684
1972-12-14,1.3299999237060547
1972-12-15,1.2799997329711914
1972-12-18,1.2100000381469727
1972-12-19,1.2100000381469727
1972-12-20,1.25
1972-12-21,1.2800002098083496
1972-12-22,1.2800002098083496
1972-12-26,1.239999771118164
1972-12-27,1.2899999618530273
1972-12-28,1.309999942779541
1972-12-29,1.2699999809265137
1973-01-02,1.2100000381469727
1973-01-03,1.260000228881836
1973-01-04,1.2800002098083496
1973-01-05,1.2899999618530273
1973-01-08,1.299999713897705
1973-01-09,1.25
1973-01-10,1.239999771118164
1973-01-11,1.1999998092651367
1973-01-12,1.200000286102295
1973-01-15,1.1700000762939453
1973-01-16,1.0799999237060547
1973-01-17,1.0899996757507324
1973-01-18,1.0
1973-01-19,0.929999828338623
1973-01-22,0.9099998474121094
1973-01-23,0.869999885559082
1973-01-24,0.8199996948242188
1973-01-25,0.7800002098083496
1973-01-26,0.7900004386901855
1973-01-29,0.8900003433227539
1973-01-30,0.8299999237060547
1973-01-31,0.8600001335144043
1973-02-01,0.8399996757507324
1973-02-02,0.9099998474121094
1973-02-05,0.9499998092651367
1973-02-06,0.9899997711181641
1973-02-07,1.0699996948242188
1973-02-08,1.2199997901916504
1973-02-09,1.190000057220459
1973-02-13,1.1100001335144043
1973-02-14,1.190000057220459
1973-02-15,1.25
1973-02-16,1.2300000190734863
1973-02-20,1.0899996757507324
1973-02-21,1.0399999618530273
1973-02-22,1.0900001525878906
1973-02-23,1.059999942779541
1973-02-26,0.8899998664855957
1973-02-27,0.7399997711181641
1973-02-28,0.7899999618530273
1973-03-01,0.8600001335144043
1973-03-02,0.9200000762939453
1973-03-05,0.8899998664855957
1973-03-06,0.7399997711181641
1973-03-07,0.7899999618530273
1973-03-08,0.8400001525878906
1973-03-09,0.8399996757507324
1973-03-12,0.7999997138977051
1973-03-13,0.6999998092651367
1973-03-14,0.6500000953674316
1973-03-15,0.619999885559082
1973-03-16,0.559999942779541
1973-03-19,0.5300002098083496
1973-03-20,0.4200000762939453
1973-03-21,0.4100003242492676
1973-03-22,0.4500002861022949
1973-03-23,0.4500002861022949
1973-03-26,0.5
1973-03-27,0.45999956130981445
1973-03-28,0.3899998664855957
1973-03-29,0.3899998664855957
1973-03-30,0.3299999237060547
1973-04-02,0.2799997329711914
1973-04-03,0.17999982833862305
1973-04-04,0.18999958038330078
1973-04-05,0.19999980926513672
1973-04-06,0.3899998664855957
1973-04-09,0.46000003814697266
1973-04-10,0.42999982833862305
1973-04-11,0.43000030517578125
1973-04-12,0.46000003814697266
1973-04-13,0.4200000762939453
1973-04-16,0.42999982833862305
1973-04-17,0.4499998092651367
1973-04-18,0.5299997329711914
1973-04-19,0.5299997329711914
1973-04-23,0.5399999618530273
1973-04-24,0.37999963760375977
1973-04-25,0.37999963760375977
1973-04-26,0.48000001907348633
1973-04-27,0.48000001907348633
1973-04-30,0.4699997901916504
1973-05-01,0.42999982833862305
1973-05-02,0.5
1973-05-03,0.559999942779541
1973-05-04,0.5999999046325684
1973-05-07,0.679999828338623
1973-05-08,0.7800002098083496
1973-05-09,0.8300004005432129
1973-05-10,0.809999942779541
1973-05-11,0.5900001525878906
1973-05-14,0.6599998474121094
1973-05-15,0.690000057220459
1973-05-16,0.6500000953674316
1973-05-17,0.5699996948242188
1973-05-18,0.559999942779541
1973-05-21,0.5099997520446777
1973-05-22,0.3000001907348633
1973-05-23,0.28999996185302734
1973-05-24,0.3599996566772461
1973-05-25,0.26999998092651367
1973-05-29,0.08999967575073242
1973-05-30,0.019999980926513672
1973-05-31,0.009999752044677734
1973-06-01,-0.009999752044677734
1973-06-04,-0.09000015258789062
1973-06-05,-0.18000030517578125
1973-06-06,-0.1700000762939453
1973-06-07,-0.19000005722045898
1973-06-08,-0.13000011444091797
1973-06-11,-0.21000003814697266
1973-06-12,-0.2799997329711914
1973-06-13,-0.309999942779541
1973-06-14,-0.32000017166137695
1973-06-15,-0.31999969482421875
1973-06-18,-0.3299999237060547
1973-06-19,-0.40000009536743164
1973-06-20,-0.40000009536743164
1973-06-21,-0.34999990463256836
1973-06-22,-0.3299999237060547
1973-06-25,-0.26999998092651367
1973-06-26,-0.3300004005432129
1973-06-27,-0.3600001335144043
1973-06-28,-0.42999982833862305
1973-06-29,-0.5799999237060547
1973-07-02,-0.8899998664855957
1973-07-03,-0.9699997901916504
1973-07-05,-0.9399995803833008
1973-07-06,-0.8899998664855957
1973-07-09,-0.869999885559082
1973-07-10,-0.8399996757507324
1973-07-11,-0.6299996376037598
1973-07-12,-0.5900001525878906
1973-07-13,-0.7300000190734863
1973-07-16,-0.7899999618530273
1973-07-17,-0.9000000953674316
1973-07-18,-0.9599995613098145
1973-07-19,-1.0199999809265137
1973-07-20,-1.0
1973-07-23,-0.8599996566772461
1973-07-24,-0.9900002479553223
1973-07-25,-0.9800000190734863
1973-07-26,-0.9499993324279785
1973-07-27,-0.9000000953674316
1973-07-30,-0.8599996566772461
1973-07-31,-0.8899998664855957
1973-08-01,-0.8299999237060547
1973-08-02,-0.7599997520446777
1973-08-03,-0.7400002479553223
1973-08-06,-0.7799997329711914
1973-08-07,-1.1700000762939453
1973-08-08,-1.2500004768371582
1973-08-09,-1.2700004577636719
1973-08-10,-1.320000171661377
1973-08-13,-1.3499999046325684
1973-08-14,-1.5900001525878906
1973-08-15,-1.5
1973-08-16,-1.489999771118164
1973-08-17,-1.440000057220459
1973-08-20,-1.4099998474121094
1973-08-21,-1.559999942779541
1973-08-22,-1.3899998664855957
1973-08-23,-1.309999942779541
1973-08-24,-1.2300000190734863
1973-08-27,-1.2699995040893555
1973-08-28,-1.4300003051757812
1973-08-29,-1.359999656677246
1973-08-30,-1.3199996948242188
1973-08-31,-1.4099998474121094
1973-09-04,-1.5699996948242188
1973-09-05,-1.6500000953674316
1973-09-06,-1.7400002479553223
1973-09-07,-1.690000057220459
1973-09-10,-1.869999885559082
1973-09-11,-1.8499999046325684
1973-09-12,-1.8200006484985352
1973-09-13,-1.6499996185302734
1973-09-14,-1.5399999618530273
1973-09-17,-1.5399999618530273
1973-09-18,-1.6000003814697266
1973-09-19,-1.450000286102295
1973-09-20,-1.1899995803833008
1973-09-21,-0.6700000762939453
1973-09-24,-0.38000011444091797
1973-09-25,-0.23999977111816406
1973-09-26,-0.15000009536743164
1973-09-27,-0.019999980926513672
1973-09-28,-0.07999992370605469
1973-10-01,-0.15000009536743164
1973-10-02,-0.75
1973-10-03,-0.5799999237060547
1973-10-04,-0.6999998092651367
1973-10-05,-0.5
1973-10-09,-0.34999990463256836
1973-10-10,-0.36999988555908203
1973-10-11,-0.36999988555908203
1973-10-12,-0.3899998664855957
1973-10-15,-0.4200000762939453
1973-10-16,-0.4700002670288086
1973-10-17,-0.36999988555908203
1973-10-18,-0.32000017166137695
1973-10-19,-0.23000001907348633
1973-10-23,-0.23999977111816406
1973-10-24,-0.26999998092651367
1973-10-25,-0.32000017166137695
1973-10-26,-0.46000003814697266
1973-10-29,-0.48000001907348633
1973-10-30,-0.5
1973-10-31,-0.6500000953674316
1973-11-01,-0.7699999809265137
1973-11-02,-0.940000057220459
1973-11-05,-1.260000228881836
1973-11-07,-1.4399995803833008
1973-11-08,-1.3499999046325684
1973-11-09,-1.380000114440918
1973-11-12,-1.75
1973-11-13,-1.859999656677246
1973-11-14,-1.510000228881836
1973-11-15,-0.7699999809265137
1973-11-16,-0.8900003433227539
1973-11-19,-0.7899999618530273
1973-11-20,-1.0500001907348633
1973-11-21,-1.070000171661377
1973-11-23,-1.1200003623962402
1973-11-26,-1.070000171661377
1973-11-27,-0.880000114440918
1973-11-28,-0.820000171661377
1973-11-29,-0.75
1973-11-30,-0.6100001335144043
1973-12-03,-0.42999982833862305
1973-12-04,-0.559999942779541
1973-12-05,-0.9600000381469727
1973-12-06,-0.8899998664855957
1973-12-07,-0.9100003242492676
1973-12-10,-0.7300000190734863
1973-12-11,-0.8299999237060547
1973-12-12,-0.7899999618530273
1973-12-13,-0.9000000953674316
1973-12-14,-0.8500003814697266
1973-12-17,-0.7999997138977051
1973-12-18,-0.6600003242492676
1973-12-19,-0.5900001525878906
1973-12-20,-0.5799999237060547
1973-12-21,-0.5499997138977051
1973-12-26,-0.7400002479553223
1973-12-27,-0.5899996757507324
1973-12-28,-0.559999942779541
1973-12-31,-0.559999942779541
1974-01-02,-0.5799999237060547
1974-01-03,-0.5099997520446777
1974-01-04,-0.5499997138977051
1974-01-07,-0.6399998664855957
1974-01-08,-0.679999828338623
1974-01-09,-0.7100000381469727
1974-01-10,-0.8299999237060547
1974-01-11,-0.8599996566772461
1974-01-14,-0.9499998092651367
1974-01-15,-0.9000000953674316
1974-01-16,-0.9100003242492676
1974-01-17,-0.8900003433227539
1974-01-18,-0.880000114440918
1974-01-21,-0.9800000190734863
1974-01-22,-0.9600000381469727
1974-01-23,-1.0
1974-01-24,-0.9900002479553223
1974-01-25,-0.9600000381469727
1974-01-28,-0.8299999237060547
1974-01-29,-0.5999999046325684
1974-01-30,-0.5
1974-01-31,-0.48000001907348633
1974-02-01,-0.309999942779541
1974-02-04,-0.15000009536743164
1974-02-05,0.019999980926513672
1974-02-06,0.0
1974-02-07,-0.18000030517578125
1974-02-08,-0.1100001335144043
1974-02-11,-0.19000005722045898
1974-02-13,-0.1100001335144043
1974-02-14,-0.10000038146972656
1974-02-15,-0.13000011444091797
1974-02-19,-0.10000038146972656
1974-02-20,-0.07999992370605469
1974-02-21,-0.1100001335144043
1974-02-22,-0.13000011444091797
1974-02-25,-0.19000005722045898
1974-02-26,-0.32000017166137695
1974-02-27,-0.34999990463256836
1974-02-28,-0.4499998092651367
1974-03-01,-0.46000003814697266
1974-03-04,-0.4699997901916504
1974-03-05,-0.630000114440918
1974-03-06,-0.619999885559082
1974-03-07,-0.6399998664855957
1974-03-08,-0.7800002098083496
1974-03-11,-0.7899999618530273
1974-03-12,-0.7399997711181641
1974-03-13,-0.6999998092651367
1974-03-14,-0.5899996757507324
1974-03-15,-0.6600003242492676
1974-03-18,-0.7199997901916504
1974-03-19,-0.8200006484985352
1974-03-20,-0.8300004005432129
1974-03-21,-0.8099994659423828
1974-03-22,-0.7199997901916504
1974-03-25,-0.7300000190734863
1974-03-26,-0.9499998092651367
1974-03-27,-1.0999999046325684
1974-03-28,-1.1700000762939453
1974-03-29,-0.869999885559082
1974-04-01,-0.8900003433227539
1974-04-02,-1.0099997520446777
1974-04-03,-1.059999942779541
1974-04-04,-1.1399993896484375
1974-04-05,-1.109999656677246
1974-04-08,-1.0600004196166992
1974-04-09,-1.130000114440918
1974-04-10,-1.0600004196166992
1974-04-11,-0.7899999618530273
1974-04-15,-0.5299997329711914
1974-04-16,-0.7500004768371582
1974-04-17,-0.7100000381469727
1974-04-18,-0.6499996185302734
1974-04-19,-0.2999997138977051
1974-04-22,-0.24000024795532227
1974-04-23,-0.5100002288818359
1974-04-24,-0.4400005340576172
1974-04-25,-0.5799999237060547
1974-04-26,-0.8399996757507324
1974-04-29,-1.2300000190734863
1974-04-30,-1.239999771118164
1974-05-01,-1.1500005722045898
1974-05-02,-1.119999885559082
1974-05-03,-1.169999599456787
1974-05-06,-1.169999599456787
1974-05-07,-1.2099995613098145
1974-05-08,-1.049999713897705
1974-05-09,-0.7899999618530273
1974-05-10,-0.5199995040893555
1974-05-13,-0.48999977111816406
1974-05-14,-0.559999942779541
1974-05-15,-0.4099998474121094
1974-05-16,-0.40000009536743164
1974-05-17,-0.3599996566772461
1974-05-20,-0.3600001335144043
1974-05-21,-0.6399998664855957
1974-05-22,-0.5800004005432129
1974-05-23,-0.019999980926513672
1974-05-24,-0.19000005722045898
1974-05-28,-0.5200004577636719
1974-05-29,-0.6100001335144043
1974-05-30,-0.4199995994567871
1974-05-31,-0.559999942779541
1974-06-03,-0.559999942779541
1974-06-04,-0.5899996757507324
1974-06-05,-0.42999982833862305
1974-06-06,-0.42999982833862305
1974-06-07,-0.6899995803833008
1974-06-10,-0.6700005531311035
1974-06-11,-0.6500000953674316
1974-06-12,-0.6999998092651367
1974-06-13,-0.8599996566772461
1974-06-14,-0.8100004196166992
1974-06-17,-0.6800003051757812
1974-06-18,-0.6100001335144043
1974-06-19,-0.4699997901916504
1974-06-20,-0.26999998092651367
1974-06-21,0.25
1974-06-24,0.11999988555908203
1974-06-25,-0.010000228881835938
1974-06-26,0.31999969482421875
1974-06-27,0.1099996566772461
1974-06-28,0.2999997138977051
1974-07-01,0.36999988555908203
1974-07-02,0.309999942779541
1974-07-03,-0.05000019073486328
1974-07-05,-0.029999732971191406
1974-07-08,0.15000009536743164
1974-07-09,0.25
1974-07-10,0.43000030517578125
1974-07-11,0.5199999809265137
1974-07-12,0.48999977111816406
1974-07-15,0.24000024795532227
1974-07-16,0.34999990463256836
1974-07-17,0.19000005722045898
1974-07-18,-0.019999980926513672
1974-07-19,0.04999971389770508
1974-07-22,0.21000003814697266
1974-07-23,0.3400001525878906
1974-07-24,0.3400001525878906
1974-07-25,0.4499998092651367
1974-07-26,0.3899998664855957
1974-07-29,0.42999982833862305
1974-07-30,0.04999971389770508
1974-07-31,0.2199997901916504
1974-08-01,-0.019999980926513672
1974-08-02,-0.36999988555908203
1974-08-05,-0.3400001525878906
1974-08-06,-0.679999828338623
1974-08-07,-0.8700003623962402
1974-08-08,-1.0500006675720215
1974-08-09,-0.9000005722045898
1974-08-12,-0.6999998092651367
1974-08-13,-0.6699991226196289
1974-08-14,-0.7100000381469727
1974-08-15,-0.7399997711181641
1974-08-16,-0.7399997711181641
1974-08-19,-0.8600001335144043
1974-08-20,-1.0600004196166992
1974-08-21,-1.260000228881836
1974-08-22,-1.3999996185302734
1974-08-23,-1.5900001525878906
1974-08-26,-1.4499998092651367
1974-08-27,-1.5700006484985352
1974-08-28,-1.4400005340576172
1974-08-29,-0.8700008392333984
1974-08-30,-0.8200006484985352
1974-09-03,-1.3000001907348633
1974-09-04,-1.239999771118164
1974-09-05,-1.2299995422363281
1974-09-06,-1.1700000762939453
1974-09-09,-1.1299991607666016
1974-09-10,-1.0299997329711914
1974-09-11,-1.010000228881836
1974-09-12,-1.119999885559082
1974-09-13,-0.8299999237060547
1974-09-16,-0.009999275207519531
1974-09-17,0.0
1974-09-18,0.25
1974-09-19,0.9200000762939453
1974-09-20,0.9500002861022949
1974-09-23,0.9800000190734863
1974-09-24,0.9500002861022949
1974-09-25,0.869999885559082
1974-09-26,1.070000171661377
1974-09-27,1.7699999809265137
1974-09-30,1.820000171661377
1974-10-01,1.2799997329711914
1974-10-02,1.190000057220459
1974-10-03,0.9800000190734863
1974-10-04,1.5000004768371582
1974-10-07,1.4900002479553223
1974-10-08,1.0399999618530273
1974-10-09,0.6099996566772461
1974-10-10,0.12999963760375977
1974-10-11,0.25
1974-10-15,0.13000011444091797
1974-10-16,0.15000009536743164
1974-10-17,0.059999942779541016
1974-10-18,0.23000001907348633
1974-10-21,0.2199997901916504
1974-10-22,0.38000011444091797
1974-10-23,0.2999997138977051
1974-10-24,0.23999977111816406
1974-10-25,0.039999961853027344
1974-10-28,-0.26000022888183594
1974-10-29,-0.18999958038330078
1974-10-30,-0.1700000762939453
1974-10-31,-0.010000228881835938
1974-11-01,0.019999980926513672
1974-11-04,-0.019999980926513672
1974-11-06,0.1400003433227539
1974-11-07,0.11999988555908203
1974-11-08,0.1399998664855957
1974-11-12,0.43000030517578125
1974-11-13,0.570000171661377
1974-11-14,0.5499997138977051
1974-11-15,0.28999996185302734
1974-11-18,0.1100001335144043
1974-11-19,0.1700000762939453
1974-11-20,0.18000030517578125
1974-11-21,0.08999967575073242
1974-11-22,0.19999980926513672
1974-11-25,0.309999942779541
1974-11-26,0.21000003814697266
1974-11-27,0.039999961853027344
1974-11-29,0.1700000762939453
1974-12-02,0.40000009536743164
1974-12-03,0.20999956130981445
1974-12-04,0.21000003814697266
1974-12-05,0.15999984741210938
1974-12-06,0.1700000762939453
1974-12-09,0.16000032424926758
1974-12-10,0.26999998092651367
1974-12-11,0.26000022888183594
1974-12-12,0.009999752044677734
1974-12-13,0.07000017166137695
1974-12-16,0.20000028610229492
1974-12-17,0.5100002288818359
1974-12-18,0.440000057220459
1974-12-19,0.3600001335144043
1974-12-20,0.3000001907348633
1974-12-23,0.2799997329711914
1974-12-24,0.4499998092651367
1974-12-26,0.4200000762939453
1974-12-27,0.42999982833862305
1974-12-30,0.2799997329711914
1974-12-31,0.3400001525878906
1975-01-02,0.5199999809265137
1975-01-03,0.6699995994567871
1975-01-06,0.690000057220459
1975-01-07,0.869999885559082
1975-01-08,0.8499999046325684
1975-01-09,0.7999997138977051
1975-01-10,0.7300000190734863
1975-01-13,0.7200002670288086
1975-01-14,0.9399995803833008
1975-01-15,0.8899998664855957
1975-01-16,1.0500001907348633
1975-01-17,1.2400002479553223
1975-01-20,1.1700000762939453
1975-01-21,1.3100004196166992
1975-01-22,1.3400001525878906
1975-01-23,1.9800000190734863
1975-01-24,2.1500000953674316
1975-01-27,2.0399999618530273
1975-01-28,1.950000286102295
1975-01-29,1.820000171661377
1975-01-30,1.809999942779541
1975-01-31,1.8500003814697266
1975-02-03,1.8299999237060547
1975-02-04,1.869999885559082
1975-02-05,1.9000000953674316
1975-02-06,1.8299999237060547
1975-02-07,1.640000343322754
1975-02-10,1.619999885559082
1975-02-11,1.7200002670288086
1975-02-13,1.820000171661377
1975-02-14,1.9000000953674316
1975-02-18,1.9600000381469727
1975-02-19,1.9600000381469727
1975-02-20,2.070000171661377
1975-02-21,2.059999942779541
1975-02-24,2.0399999618530273
1975-02-25,1.989999771118164
1975-02-26,1.880000114440918
1975-02-27,1.9099998474121094
1975-02-28,2.059999942779541
1975-03-03,1.9099998474121094
1975-03-04,1.9100003242492676
1975-03-05,1.9499998092651367
1975-03-06,1.9599995613098145
1975-03-07,1.940000057220459
1975-03-10,1.9200000762939453
1975-03-11,2.0999999046325684
1975-03-12,2.1700000762939453
1975-03-13,2.1599998474121094
1975-03-14,2.1999998092651367
1975-03-17,2.2899999618530273
1975-03-18,2.2799997329711914
1975-03-19,2.310000419616699
1975-03-20,2.5999999046325684
1975-03-21,2.440000057220459
1975-03-24,2.5
1975-03-25,2.489999771118164
1975-03-26,2.500000476837158
1975-03-27,2.5900001525878906
1975-03-31,2.4800000190734863
1975-04-01,2.440000057220459
1975-04-02,2.580000400543213
1975-04-03,2.5300002098083496
1975-04-04,2.4699997901916504
1975-04-07,2.25
1975-04-08,2.510000228881836
1975-04-09,2.4700002670288086
1975-04-10,2.479999542236328
1975-04-11,2.6600003242492676
1975-04-14,2.6299996376037598
1975-04-15,2.679999828338623
1975-04-16,2.809999465942383
1975-04-17,2.809999942779541
1975-04-18,2.830000400543213
1975-04-21,2.7699995040893555
1975-04-22,2.5699996948242188
1975-04-23,2.580000400543213
1975-04-24,2.5799999237060547
1975-04-25,2.619999885559082
1975-04-28,2.7300004959106445
1975-04-29,2.7400002479553223
1975-04-30,2.810000419616699
1975-05-01,2.810000419616699
1975-05-02,2.799999713897705
1975-05-05,2.739999771118164
1975-05-06,2.669999599456787
1975-05-07,2.5999999046325684
1975-05-08,2.6600003242492676
1975-05-09,2.6999998092651367
1975-05-12,2.9099998474121094
1975-05-13,3.060000419616699
1975-05-14,3.080000400543213
1975-05-15,2.9700002670288086
1975-05-16,2.950000286102295
1975-05-19,2.8899998664855957
1975-05-20,2.869999885559082
1975-05-21,2.820000171661377
1975-05-22,2.820000648498535
1975-05-23,2.810000419616699
1975-05-27,2.7100000381469727
1975-05-28,2.810000419616699
1975-05-29,2.960000514984131
1975-05-30,2.8400001525878906
1975-06-02,2.770000457763672
1975-06-03,2.760000228881836
1975-06-04,2.75
1975-06-05,2.75
1975-06-06,2.6700000762939453
1975-06-09,2.6600003242492676
1975-06-10,2.690000057220459
1975-06-11,2.700000286102295
1975-06-12,2.7800002098083496
1975-06-13,2.75
1975-06-16,2.7799997329711914
1975-06-17,2.689999580383301
1975-06-18,2.4699997901916504
1975-06-19,2.580000400543213
1975-06-20,2.2400002479553223
1975-06-23,2.25
1975-06-24,2.1500000953674316
1975-06-25,2.200000286102295
1975-06-26,1.9800000190734863
1975-06-27,2.169999599456787
1975-06-30,2.0999999046325684
1975-07-01,1.9499998092651367
1975-07-02,2.0300002098083496
1975-07-03,2.0500001907348633
1975-07-07,2.000000476837158
1975-07-08,1.950000286102295
1975-07-09,1.9200005531311035
1975-07-10,1.9800004959106445
1975-07-11,1.9699997901916504
1975-07-14,1.9599995613098145
1975-07-15,1.929999828338623
1975-07-16,1.9599995613098145
1975-07-17,2.0099997520446777
1975-07-18,2.010000228881836
1975-07-21,1.869999885559082
1975-07-22,1.760000228881836
1975-07-23,1.75
1975-07-24,1.9000000953674316
1975-07-25,1.8499999046325684
1975-07-28,1.8199996948242188
1975-07-29,1.8299999237060547
1975-07-30,1.9600000381469727
1975-07-31,1.9499998092651367
1975-08-01,1.9100003242492676
1975-08-04,1.9699997901916504
1975-08-05,1.9200000762939453
1975-08-06,1.989999771118164
1975-08-07,2.039999485015869
1975-08-08,1.989999771118164
1975-08-11,2.010000228881836
1975-08-12,1.9999995231628418
1975-08-13,1.9400005340576172
1975-08-14,2.0
1975-08-15,2.059999465942383
1975-08-18,2.0399999618530273
1975-08-19,1.950000286102295
1975-08-20,1.9600000381469727
1975-08-21,1.9999995231628418
1975-08-22,2.0
1975-08-25,1.929999828338623
1975-08-26,1.8199996948242188
1975-08-27,1.8199996948242188
1975-08-28,1.859999656677246
1975-08-29,1.8600001335144043
1975-09-02,1.8400001525878906
1975-09-03,1.9000000953674316
1975-09-04,1.9600000381469727
1975-09-05,1.9600005149841309
1975-09-08,1.9499998092651367
1975-09-09,1.989999771118164
1975-09-10,2.0399999618530273
1975-09-11,2.0900001525878906
1975-09-12,2.119999885559082
1975-09-15,2.0799999237060547
1975-09-16,2.0500001907348633
1975-09-17,2.0799999237060547
1975-09-18,2.119999885559082
1975-09-19,2.059999942779541
1975-09-22,2.0399999618530273
1975-09-23,1.9900002479553223
1975-09-24,1.9600005149841309
1975-09-25,1.9800000190734863
1975-09-26,2.0199999809265137
1975-09-29,2.0300002098083496
1975-09-30,1.8999996185302734
1975-10-01,1.940000057220459
1975-10-02,1.9599995613098145
1975-10-03,2.0399999618530273
1975-10-06,2.060000419616699
1975-10-07,2.0
1975-10-08,2.0300002098083496
1975-10-09,2.0099997520446777
1975-10-10,2.059999465942383
1975-10-14,2.09999942779541
1975-10-15,2.0899996757507324
1975-10-16,2.0999999046325684
1975-10-17,2.179999828338623
1975-10-20,2.169999599456787
1975-10-21,2.390000343322754
1975-10-22,2.320000171661377
1975-10-23,2.2699999809265137
1975-10-24,2.3400001525878906
1975-10-27,2.2800002098083496
1975-10-28,2.359999656677246
1975-10-29,2.4200000762939453
1975-10-30,2.4600000381469727
1975-10-31,2.3999996185302734
1975-11-03,2.3999996185302734
1975-11-05,2.3799996376037598
1975-11-06,2.429999828338623
1975-11-07,2.5299997329711914
1975-11-10,2.5999999046325684
1975-11-12,2.5899996757507324
1975-11-13,2.5999999046325684
1975-11-14,2.6100006103515625
1975-11-17,2.630000114440918
1975-11-18,2.6600003242492676
1975-11-19,2.6700005531311035
1975-11-20,2.6599998474121094
1975-11-21,2.6100001335144043
1975-11-24,2.6399998664855957
1975-11-25,2.5999999046325684
1975-11-26,2.59999942779541
1975-11-28,2.6000003814697266
1975-12-01,2.5699996948242188
1975-12-02,2.5300002098083496
1975-12-03,2.5400004386901855
1975-12-04,2.539999485015869
1975-12-05,2.5500001907348633
1975-12-08,2.609999656677246
1975-12-09,2.549999713897705
1975-12-10,2.5899996757507324
1975-12-11,2.5999999046325684
1975-12-12,2.559999942779541
1975-12-15,2.5500001907348633
1975-12-16,2.489999771118164
1975-12-17,2.5
1975-12-18,2.5199999809265137
1975-12-19,2.5999999046325684
1975-12-22,2.5299997329711914
1975-12-23,2.5399999618530273
1975-12-24,2.5500001907348633
1975-12-26,2.5799999237060547
1975-12-29,2.570000171661377
1975-12-30,2.5500001907348633
1975-12-31,2.560000419616699
1976-01-02,2.570000171661377
1976-01-05,2.5099997520446777
1976-01-06,2.489999771118164
1976-01-07,2.6100001335144043
1976-01-08,2.739999771118164
1976-01-09,2.7699999809265137
1976-01-12,2.8000001907348633
1976-01-13,2.809999942779541
1976-01-14,2.8600001335144043
1976-01-15,2.8899998664855957
1976-01-16,2.9200000762939453
1976-01-19,2.9700002670288086
1976-01-20,2.880000114440918
1976-01-21,2.9900002479553223
1976-01-22,3.010000228881836
1976-01-23,3.1000003814697266
1976-01-26,3.0500001907348633
1976-01-27,3.0500001907348633
1976-01-28,3.119999885559082
1976-01-29,3.140000343322754
1976-01-30,3.070000171661377
1976-02-02,3.0
1976-02-03,2.9100003242492676
1976-02-04,2.8899998664855957
1976-02-05,2.9099998474121094
1976-02-06,2.9800000190734863
1976-02-09,3.0199999809265137
1976-02-10,3.010000228881836
1976-02-11,3.0199999809265137
1976-02-13,2.9700002670288086
1976-02-17,2.9000000953674316
1976-02-18,2.869999885559082
1976-02-19,2.9200000762939453
1976-02-20,2.9600000381469727
1976-02-23,2.8799996376037598
1976-02-24,2.7899999618530273
1976-02-25,2.809999942779541
1976-02-26,2.799999713897705
1976-02-27,2.7699999809265137
1976-03-01,2.6600003242492676
1976-03-02,2.570000171661377
1976-03-03,2.6200003623962402
1976-03-04,2.630000114440918
1976-03-05,2.6700000762939453
1976-03-08,2.690000057220459
1976-03-09,2.7800002098083496
1976-03-10,2.7900004386901855
1976-03-11,2.7800002098083496
1976-03-12,2.809999942779541
1976-03-15,2.799999713897705
1976-03-16,2.75
1976-03-17,2.760000228881836
1976-03-18,2.75
1976-03-19,2.7799997329711914
1976-03-22,2.8199996948242188
1976-03-23,2.7800002098083496
1976-03-24,2.7899999618530273
1976-03-25,2.7899999618530273
1976-03-26,2.7599997520446777
1976-03-29,2.739999771118164
1976-03-30,2.6600003242492676
1976-03-31,2.690000057220459
1976-04-01,2.669999599456787
1976-04-02,2.7100000381469727
1976-04-05,2.7100000381469727
1976-04-06,2.690000057220459
1976-04-07,2.630000114440918
1976-04-08,2.6500000953674316
1976-04-09,2.630000114440918
1976-04-12,2.679999828338623
1976-04-13,2.7199997901916504
1976-04-14,2.679999828338623
1976-04-15,2.689999580383301
1976-04-19,2.7400002479553223
1976-04-20,2.7699999809265137
1976-04-21,2.7799997329711914
1976-04-22,2.739999771118164
1976-04-23,2.6700000762939453
1976-04-26,2.7100000381469727
1976-04-27,2.7300000190734863
1976-04-28,2.75
1976-04-29,2.75
1976-04-30,2.760000228881836
1976-05-03,2.809999942779541
1976-05-04,2.7899999618530273
1976-05-05,2.8199996948242188
1976-05-06,2.8600001335144043
1976-05-07,2.869999885559082
1976-05-10,2.8600001335144043
1976-05-11,2.8400001525878906
1976-05-12,2.8000001907348633
1976-05-13,2.820000171661377
1976-05-14,2.7699999809265137
1976-05-17,2.7200002670288086
1976-05-18,2.6599998474121094
1976-05-19,2.630000114440918
1976-05-20,2.559999942779541
1976-05-21,2.559999942779541
1976-05-24,2.5300002098083496
1976-05-25,2.4800000190734863
1976-05-26,2.489999771118164
1976-05-27,2.5
1976-05-28,2.4700002670288086
1976-06-01,2.3899998664855957
1976-06-02,2.369999885559082
1976-06-03,2.4000000953674316
1976-06-04,2.429999828338623
1976-06-07,2.4300003051757812
1976-06-08,2.450000286102295
1976-06-09,2.4600000381469727
1976-06-10,2.4300003051757812
1976-06-11,2.440000057220459
1976-06-14,2.440000057220459
1976-06-15,2.4800000190734863
1976-06-16,2.4699997901916504
1976-06-17,2.4699997901916504
1976-06-18,2.4600000381469727
1976-06-21,2.440000057220459
1976-06-22,2.429999828338623
1976-06-23,2.4800000190734863
1976-06-24,2.5
1976-06-25,2.5199999809265137
1976-06-28,2.510000228881836
1976-06-29,2.4900002479553223
1976-06-30,2.4900002479553223
1976-07-01,2.5199999809265137
1976-07-02,2.4900002479553223
1976-07-06,2.4300003051757812
1976-07-07,2.440000057220459
1976-07-08,2.4900002479553223
1976-07-09,2.5300002098083496
1976-07-12,2.6000003814697266
1976-07-13,2.619999885559082
1976-07-14,2.6399998664855957
1976-07-15,2.6599998474121094
1976-07-16,2.630000114440918
1976-07-19,2.630000114440918
1976-07-20,2.630000114440918
1976-07-21,2.630000114440918
1976-07-22,2.630000114440918
1976-07-23,2.630000114440918
1976-07-26,2.679999828338623
1976-07-27,2.6999998092651367
1976-07-28,2.679999828338623
1976-07-29,2.690000057220459
1976-07-30,2.690000057220459
1976-08-02,2.739999771118164
1976-08-03,2.6800003051757812
1976-08-04,2.619999885559082
1976-08-05,2.630000114440918
1976-08-06,2.6600003242492676
1976-08-09,2.6600003242492676
1976-08-10,2.6600003242492676
1976-08-11,2.6500000953674316
1976-08-12,2.6500000953674316
1976-08-13,2.6200003623962402
1976-08-16,2.5999999046325684
1976-08-17,2.5999999046325684
1976-08-18,2.6100001335144043
1976-08-19,2.6100001335144043
1976-08-20,2.5900001525878906
1976-08-23,2.5900001525878906
1976-08-24,2.609999656677246
1976-08-25,2.5900001525878906
1976-08-26,2.5999999046325684
1976-08-27,2.5899996757507324
1976-08-30,2.6399998664855957
1976-08-31,2.5699996948242188
1976-09-01,2.549999713897705
1976-09-02,2.570000171661377
1976-09-03,2.559999942779541
1976-09-07,2.549999713897705
1976-09-08,2.5399999618530273
1976-09-09,2.5399999618530273
1976-09-10,2.5299997329711914
1976-09-13,2.5199999809265137
1976-09-14,2.5199999809265137
1976-09-15,2.5099997520446777
1976-09-16,2.5
1976-09-17,2.429999828338623
1976-09-20,2.4600000381469727
1976-09-21,2.4800000190734863
1976-09-22,2.5
1976-09-23,2.5
1976-09-24,2.4699997901916504
1976-09-27,2.5199999809265137
1976-09-28,2.5
1976-09-29,2.489999771118164
1976-09-30,2.4900002479553223
1976-10-01,2.4499998092651367
1976-10-04,2.380000114440918
1976-10-05,2.369999885559082
1976-10-06,2.369999885559082
1976-10-07,2.3999996185302734
1976-10-08,2.4600000381469727
1976-10-12,2.4600000381469727
1976-10-13,2.4499998092651367
1976-10-14,2.4900002479553223
1976-10-15,2.5199999809265137
1976-10-18,2.5199999809265137
1976-10-19,2.5099997520446777
1976-10-20,2.5399999618530273
1976-10-21,2.5399999618530273
1976-10-22,2.5900001525878906
1976-10-25,2.5900001525878906
1976-10-26,2.5799999237060547
1976-10-27,2.5699996948242188
1976-10-28,2.5299997329711914
1976-10-29,2.5300002098083496
1976-11-01,2.5399999618530273
1976-11-03,2.5900001525878906
1976-11-04,2.5900001525878906
1976-11-05,2.5699996948242188
1976-11-08,2.570000171661377
1976-11-09,2.5300002098083496
1976-11-10,2.5299997329711914
1976-11-12,2.5099997520446777
1976-11-15,2.5099997520446777
1976-11-16,2.5
1976-11-17,2.510000228881836
1976-11-18,2.5199999809265137
1976-11-19,2.5699996948242188
1976-11-22,2.559999942779541
1976-11-23,2.5199999809265137
1976-11-24,2.5099997520446777
1976-11-26,2.479999542236328
1976-11-29,2.5300002098083496
1976-11-30,2.5900001525878906
1976-12-01,2.559999942779541
1976-12-02,2.5199999809265137
1976-12-03,2.4800000190734863
1976-12-06,2.489999771118164
1976-12-07,2.4800000190734863
1976-12-08,2.4699997901916504
1976-12-09,2.4800000190734863
1976-12-10,2.450000286102295
1976-12-13,2.5199999809265137
1976-12-14,2.549999713897705
1976-12-15,2.5500001907348633
1976-12-16,2.5500001907348633
1976-12-17,2.630000114440918
1976-12-20,2.6000003814697266
1976-12-21,2.5799999237060547
1976-12-22,2.5799999237060547
1976-12-23,2.559999942779541
1976-12-27,2.5399999618530273
1976-12-28,2.510000228881836
1976-12-29,2.4700002670288086
1976-12-30,2.4600000381469727
1976-12-31,2.4699997901916504
1977-01-03,2.450000286102295
1977-01-04,2.4100003242492676
1977-01-05,2.4100003242492676
1977-01-06,2.429999828338623
1977-01-07,2.450000286102295
1977-01-10,2.5899996757507324
1977-01-11,2.6800003051757812
1977-01-12,2.690000057220459
1977-01-13,2.6599998474121094
1977-01-14,2.6700000762939453
1977-01-17,2.630000114440918
1977-01-18,2.6500000953674316
1977-01-19,2.6500000953674316
1977-01-20,2.630000114440918
1977-01-21,2.630000114440918
1977-01-24,2.630000114440918
1977-01-25,2.6200003623962402
1977-01-26,2.619999885559082
1977-01-27,2.6599998474121094
1977-01-28,2.6700000762939453
1977-01-31,2.6800003051757812
1977-02-01,2.6700000762939453
1977-02-02,2.7099995613098145
1977-02-03,2.7300000190734863
1977-02-04,2.6600003242492676
1977-02-07,2.7200002670288086
1977-02-08,2.7199997901916504
1977-02-09,2.7200002670288086
1977-02-10,2.7100000381469727
1977-02-11,2.75
1977-02-14,2.75
1977-02-15,2.7300000190734863
1977-02-16,2.7200002670288086
1977-02-17,2.6500000953674316
1977-02-18,2.75
1977-02-22,2.7300000190734863
1977-02-23,2.7800002098083496
1977-02-24,2.7699999809265137
1977-02-25,2.7699999809265137
1977-02-28,2.75
1977-03-01,2.7899999618530273
1977-03-02,2.809999942779541
1977-03-03,2.8199996948242188
1977-03-04,2.8499999046325684
1977-03-07,2.8499999046325684
1977-03-08,2.8600001335144043
1977-03-09,2.869999885559082
1977-03-10,2.869999885559082
1977-03-11,2.8499999046325684
1977-03-14,2.8799996376037598
1977-03-15,2.869999885559082
1977-03-16,2.820000171661377
1977-03-17,2.8499999046325684
1977-03-18,2.8499999046325684
1977-03-21,2.869999885559082
1977-03-22,2.869999885559082
1977-03-23,2.9000000953674316
1977-03-24,2.869999885559082
1977-03-25,2.8600001335144043
1977-03-28,2.8799996376037598
1977-03-29,2.8799996376037598
1977-03-30,2.869999885559082
1977-03-31,2.880000114440918
1977-04-01,2.8899998664855957
1977-04-04,2.8899998664855957
1977-04-05,2.869999885559082
1977-04-06,2.880000114440918
1977-04-07,2.8499999046325684
1977-04-11,2.8299999237060547
1977-04-12,2.799999713897705
1977-04-13,2.7899999618530273
1977-04-14,2.6999998092651367
1977-04-15,2.7300000190734863
1977-04-18,2.739999771118164
1977-04-19,2.7800002098083496
1977-04-20,2.820000171661377
1977-04-21,2.8499999046325684
1977-04-22,2.8299999237060547
1977-04-25,2.869999885559082
1977-04-26,2.880000114440918
1977-04-27,2.9300003051757812
1977-04-28,3.010000228881836
1977-04-29,2.7599997520446777
1977-05-02,2.6999998092651367
1977-05-03,2.690000057220459
1977-05-04,2.7599997520446777
1977-05-05,2.7300000190734863
1977-05-06,2.6999998092651367
1977-05-09,2.690000057220459
1977-05-10,2.5799999237060547
1977-05-11,2.4800000190734863
1977-05-12,2.5
1977-05-13,2.4900002479553223
1977-05-16,2.4700002670288086
1977-05-17,2.4499998092651367
1977-05-18,2.4499998092651367
1977-05-19,2.3999996185302734
1977-05-20,2.3199996948242188
1977-05-23,2.3299999237060547
1977-05-24,2.309999942779541
1977-05-25,2.3299999237060547
1977-05-26,2.3899998664855957
1977-05-27,2.390000343322754
1977-05-31,2.3499999046325684
1977-06-01,2.3400001525878906
1977-06-02,2.3499999046325684
1977-06-03,2.3400001525878906
1977-06-06,2.3299999237060547
1977-06-07,2.309999942779541
1977-06-08,2.3000001907348633
1977-06-09,2.2699999809265137
1977-06-10,2.2400002479553223
1977-06-13,2.239999771118164
1977-06-14,2.2099995613098145
1977-06-15,2.2100000381469727
1977-06-16,2.2199997901916504
1977-06-17,2.25
1977-06-20,2.2599997520446777
1977-06-21,2.2300000190734863
1977-06-22,2.2300000190734863
1977-06-23,2.2400002479553223
1977-06-24,2.2199997901916504
1977-06-27,2.2699999809265137
1977-06-28,2.1999998092651367
1977-06-29,2.2200002670288086
1977-06-30,2.2199997901916504
1977-07-01,2.320000171661377
1977-07-05,2.2300000190734863
1977-07-06,2.25
1977-07-07,2.179999828338623
1977-07-08,2.179999828338623
1977-07-11,2.190000057220459
1977-07-12,2.1600003242492676
1977-07-13,2.1200003623962402
1977-07-15,2.130000114440918
1977-07-18,2.1600003242492676
1977-07-19,2.1100001335144043
1977-07-20,2.0900001525878906
1977-07-21,2.0900001525878906
1977-07-22,2.1399998664855957
1977-07-25,2.1200003623962402
1977-07-26,2.1200003623962402
1977-07-27,2.1100001335144043
1977-07-28,2.0199999809265137
1977-07-29,2.0199999809265137
1977-08-01,2.0799999237060547
1977-08-02,2.0399999618530273
1977-08-03,2.0900001525878906
1977-08-04,2.0799999237060547
1977-08-05,2.0799999237060547
1977-08-08,2.0899996757507324
1977-08-09,1.919999599456787
1977-08-10,2.0
1977-08-11,1.9499998092651367
1977-08-12,1.9699997901916504
1977-08-15,1.940000057220459
1977-08-16,1.809999942779541
1977-08-17,1.8400001525878906
1977-08-18,1.8899998664855957
1977-08-19,1.9200000762939453
1977-08-22,1.9200000762939453
1977-08-23,1.809999942779541
1977-08-24,1.799999713897705
1977-08-25,1.7899999618530273
1977-08-26,1.7300000190734863
1977-08-29,1.679999828338623
1977-08-30,1.679999828338623
1977-08-31,1.7200002670288086
1977-09-01,1.7400002479553223
1977-09-02,1.7099995613098145
1977-09-06,1.6599998474121094
1977-09-07,1.6600003242492676
1977-09-08,1.6700000762939453
1977-09-09,1.559999942779541
1977-09-12,1.559999942779541
1977-09-13,1.4699997901916504
1977-09-14,1.4700002670288086
1977-09-15,1.4600000381469727
1977-09-16,1.4600000381469727
1977-09-19,1.4600000381469727
1977-09-20,1.4900002479553223
1977-09-21,1.4900002479553223
1977-09-22,1.429999828338623
1977-09-23,1.440000057220459
1977-09-26,1.450000286102295
1977-09-27,1.4600000381469727
1977-09-28,1.5199999809265137
1977-09-29,1.559999942779541
1977-09-30,1.5199999809265137
1977-10-03,1.4600000381469727
1977-10-04,1.3000001907348633
1977-10-05,1.2699999809265137
1977-10-06,1.309999942779541
1977-10-07,1.3600001335144043
1977-10-11,1.2699999809265137
1977-10-12,1.179999828338623
1977-10-13,1.179999828338623
1977-10-14,1.25
1977-10-17,1.2699999809265137
1977-10-18,1.2699999809265137
1977-10-19,1.4000000953674316
1977-10-20,1.4499998092651367
1977-10-21,1.4700002670288086
1977-10-24,1.429999828338623
1977-10-25,1.429999828338623
1977-10-26,1.4700002670288086
1977-10-27,1.5099997520446777
1977-10-28,1.549999713897705
1977-10-31,1.440000057220459
1977-11-01,1.4100003242492676
1977-11-02,1.4700002670288086
1977-11-03,1.4800000190734863
1977-11-04,1.4699997901916504
1977-11-07,1.4600000381469727
1977-11-09,1.4499998092651367
1977-11-10,1.4600000381469727
1977-11-14,1.4699997901916504
1977-11-15,1.4600000381469727
1977-11-16,1.4600000381469727
1977-11-17,1.489999771118164
1977-11-18,1.5
1977-11-21,1.489999771118164
1977-11-22,1.4600000381469727
1977-11-23,1.4699997901916504
1977-11-25,1.4800000190734863
1977-11-28,1.4900002479553223
1977-11-29,1.5
1977-11-30,1.510000228881836
1977-12-01,1.549999713897705
1977-12-02,1.570000171661377
1977-12-05,1.5899996757507324
1977-12-06,1.559999942779541
1977-12-07,1.5300002098083496
1977-12-08,1.559999942779541
1977-12-09,1.559999942779541
1977-12-12,1.5699996948242188
1977-12-13,1.5999999046325684
1977-12-14,1.609999656677246
1977-12-15,1.6599998474121094
1977-12-16,1.6800003051757812
1977-12-19,1.7400002479553223
1977-12-20,1.7299995422363281
1977-12-21,1.7199997901916504
1977-12-22,1.6399998664855957
1977-12-23,1.6500000953674316
1977-12-27,1.6100001335144043
1977-12-28,1.5900001525878906
1977-12-29,1.6500000953674316
1977-12-30,1.6500000953674316
1978-01-03,1.6500000953674316
1978-01-04,1.6600003242492676
1978-01-05,1.630000114440918
1978-01-06,1.5999999046325684
1978-01-09,1.3700003623962402
1978-01-10,1.3700003623962402
1978-01-11,1.3499999046325684
1978-01-12,1.4600005149841309
1978-01-13,1.5
1978-01-16,1.5199999809265137
1978-01-17,1.4800000190734863
1978-01-18,1.4800000190734863
1978-01-19,1.489999771118164
1978-01-20,1.489999771118164
1978-01-23,1.5399999618530273
1978-01-24,1.549999713897705
1978-01-25,1.5399999618530273
1978-01-26,1.5500001907348633
1978-01-27,1.549999713897705
1978-01-30,1.5300002098083496
1978-01-31,1.5199999809265137
1978-02-01,1.5500001907348633
1978-02-02,1.5399999618530273
1978-02-03,1.549999713897705
1978-02-06,1.5399999618530273
1978-02-07,1.5299997329711914
1978-02-08,1.559999942779541
1978-02-09,1.580000400543213
1978-02-10,1.580000400543213
1978-02-14,1.580000400543213
1978-02-15,1.5799999237060547
1978-02-16,1.5900001525878906
1978-02-17,1.640000343322754
1978-02-21,1.6000003814697266
1978-02-22,1.6300005912780762
1978-02-23,1.6500000953674316
1978-02-24,1.6399998664855957
1978-02-27,1.6200003623962402
1978-02-28,1.619999885559082
1978-03-01,1.630000114440918
1978-03-02,1.6500000953674316
1978-03-03,1.6999998092651367
1978-03-06,1.7300000190734863
1978-03-07,1.7099995613098145
1978-03-08,1.739999771118164
1978-03-09,1.7700004577636719
1978-03-10,1.7199997901916504
1978-03-13,1.7199997901916504
1978-03-14,1.6899995803833008
1978-03-15,1.7300000190734863
1978-03-16,1.75
1978-03-17,1.760000228881836
1978-03-20,1.809999942779541
1978-03-21,1.75
1978-03-22,1.760000228881836
1978-03-23,1.7700004577636719
1978-03-27,1.8399996757507324
1978-03-28,1.8399996757507324
1978-03-29,1.8299994468688965
1978-03-30,1.75
1978-03-31,1.679999828338623
1978-04-03,1.820000171661377
1978-04-04,1.7300000190734863
1978-04-05,1.7200002670288086
1978-04-06,1.75
1978-04-07,1.8000001907348633
1978-04-10,1.8099994659423828
1978-04-11,1.809999942779541
1978-04-12,1.8299999237060547
1978-04-13,1.859999656677246
1978-04-14,1.9800000190734863
1978-04-17,1.9800000190734863
1978-04-18,1.929999828338623
1978-04-19,1.809999942779541
1978-04-20,1.8400001525878906
1978-04-21,1.9099998474121094
1978-04-24,2.0900001525878906
1978-04-25,1.9600005149841309
1978-04-26,1.9700002670288086
1978-04-27,1.869999885559082
1978-04-28,1.8899998664855957
1978-05-01,1.929999828338623
1978-05-02,1.7899999618530273
1978-05-03,1.8899998664855957
1978-05-04,1.9400005340576172
1978-05-05,1.9100003242492676
1978-05-08,1.9900002479553223
1978-05-09,1.890000343322754
1978-05-10,1.950000286102295
1978-05-11,2.0199999809265137
1978-05-12,2.0299997329711914
1978-05-15,2.1000003814697266
1978-05-16,2.0
1978-05-17,2.049999713897705
1978-05-18,2.0199999809265137
1978-05-19,1.9900002479553223
1978-05-22,1.9600000381469727
1978-05-23,1.8899998664855957
1978-05-24,1.880000114440918
1978-05-25,1.8999996185302734
1978-05-26,1.7899999618530273
1978-05-31,1.7699999809265137
1978-06-01,1.799999713897705
1978-06-02,1.8000001907348633
1978-06-05,1.7899999618530273
1978-06-06,1.7599997520446777
1978-06-07,1.7300000190734863
1978-06-08,1.75
1978-06-09,1.7599997520446777
1978-06-12,1.7799997329711914
1978-06-13,1.7799997329711914
1978-06-14,1.7799997329711914
1978-06-15,1.75
1978-06-16,1.7100005149841309
1978-06-19,1.7599997520446777
1978-06-20,1.7300004959106445
1978-06-21,1.6599998474121094
1978-06-22,1.690000057220459
1978-06-23,1.690000057220459
1978-06-26,1.7100000381469727
1978-06-27,1.6399998664855957
1978-06-28,1.6899995803833008
1978-06-29,1.6499996185302734
1978-06-30,1.609999656677246
1978-07-03,1.640000343322754
1978-07-05,1.549999713897705
1978-07-06,1.559999942779541
1978-07-07,1.5299997329711914
1978-07-10,1.5200004577636719
1978-07-11,1.4800004959106445
1978-07-12,1.4800000190734863
1978-07-13,1.5000004768371582
1978-07-14,1.6100001335144043
1978-07-17,1.6599998474121094
1978-07-18,1.5399999618530273
1978-07-19,1.559999942779541
1978-07-20,1.5899996757507324
1978-07-21,1.6500000953674316
1978-07-24,1.8400001525878906
1978-07-25,1.75
1978-07-26,1.7599997520446777
1978-07-27,1.8199996948242188
1978-07-28,1.8100004196166992
1978-07-31,1.8000001907348633
1978-08-01,1.6599998474121094
1978-08-02,1.6799993515014648
1978-08-03,1.5900001525878906
1978-08-04,1.5999999046325684
1978-08-07,1.5999994277954102
1978-08-08,1.6300005912780762
1978-08-09,1.6000003814697266
1978-08-10,1.5999999046325684
1978-08-11,1.5799994468688965
1978-08-14,1.5699996948242188
1978-08-15,1.4700002670288086
1978-08-16,1.3100004196166992
1978-08-17,1.2899994850158691
1978-08-18,1.1599998474121094
1978-08-21,1.1499996185302734
1978-08-22,1.1299996376037598
1978-08-23,1.0999999046325684
1978-08-24,1.1100006103515625
1978-08-25,1.1000003814697266
1978-08-28,1.0200004577636719
1978-08-29,0.9200000762939453
1978-08-30,0.940000057220459
1978-08-31,0.8500003814697266
1978-09-01,0.6800003051757812
1978-09-05,0.7699999809265137
1978-09-06,0.7700004577636719
1978-09-07,0.75
1978-09-08,0.6700000762939453
1978-09-11,0.6000003814697266
1978-09-12,0.5399999618530273
1978-09-13,0.5399999618530273
1978-09-14,0.5499997138977051
1978-09-15,0.4700002670288086
1978-09-18,0.4699997901916504
1978-09-19,0.43000030517578125
1978-09-20,0.38000011444091797
1978-09-21,0.4700002670288086
1978-09-22,0.4100008010864258
1978-09-25,0.4700002670288086
1978-09-26,0.5199995040893555
1978-09-27,0.6500000953674316
1978-09-28,0.7100000381469727
1978-09-29,0.5800004005432129
1978-10-02,0.5999999046325684
1978-10-03,0.4099998474121094
1978-10-04,0.4099998474121094
1978-10-05,0.4100008010864258
1978-10-06,0.3900003433227539
1978-10-10,0.36999988555908203
1978-10-11,0.4700002670288086
1978-10-12,0.7300000190734863
1978-10-13,0.7000002861022949
1978-10-16,0.7100000381469727
1978-10-17,0.4500007629394531
1978-10-18,0.679999828338623
1978-10-19,0.8900003433227539
1978-10-20,0.9099998474121094
1978-10-23,1.1399998664855957
1978-10-24,0.8700003623962402
1978-10-25,1.109999656677246
1978-10-26,0.9600000381469727
1978-10-27,0.8499999046325684
1978-10-30,0.4099998474121094
1978-10-31,0.21000003814697266
1978-11-01,-0.1900005340576172
1978-11-02,-0.030000686645507812
1978-11-03,0.05999946594238281
1978-11-06,0.010000228881835938
1978-11-08,-0.13000011444091797
1978-11-09,0.05000019073486328
1978-11-10,0.34999942779541016
1978-11-13,0.6000003814697266
1978-11-14,0.5199995040893555
1978-11-15,0.7399997711181641
1978-11-16,0.5500001907348633
1978-11-17,0.7400002479553223
1978-11-20,0.5100002288818359
1978-11-21,-0.05999946594238281
1978-11-22,0.1400003433227539
1978-11-24,0.0
1978-11-27,-0.10000038146972656
1978-11-28,-0.26000022888183594
1978-11-29,-0.11999988555908203
1978-11-30,-0.15000057220458984
1978-12-01,-0.05000019073486328
1978-12-04,-0.13000011444091797
1978-12-05,-0.09999942779541016
1978-12-06,-0.039999961853027344
1978-12-07,-0.009999275207519531
1978-12-08,-0.05000019073486328
1978-12-11,-0.030000686645507812
1978-12-12,0.06000041961669922
1978-12-13,0.09999942779541016
1978-12-14,0.06000041961669922
1978-12-15,-0.07999992370605469
1978-12-18,-0.13000011444091797
1978-12-19,-0.06999969482421875
1978-12-20,-0.09000015258789062
1978-12-21,-0.13000011444091797
1978-12-22,-0.26000022888183594
1978-12-26,-0.22999954223632812
1978-12-27,-0.06999969482421875
1978-12-28,-0.039999961853027344
1978-12-29,-0.1100006103515625
1979-01-02,-0.22999954223632812
1979-01-03,-0.15000057220458984
1979-01-04,-0.20000076293945312
1979-01-05,-0.23999977111816406
1979-01-08,-0.2199993133544922
1979-01-09,-0.1100006103515625
1979-01-10,-0.09000015258789062
1979-01-11,-0.13000011444091797
1979-01-12,-0.21000003814697266
1979-01-15,-0.28999996185302734
1979-01-16,-0.2799997329711914
1979-01-17,-0.25999927520751953
1979-01-18,-0.2799997329711914
1979-01-19,-0.25
1979-01-22,-0.2200002670288086
1979-01-23,-0.25999927520751953
1979-01-24,-0.2700004577636719
1979-01-25,-0.35000038146972656
1979-01-26,-0.4099998474121094
1979-01-29,-0.3900003433227539
1979-01-30,-0.32000064849853516
1979-01-31,-0.3400001525878906
1979-02-01,-0.3100004196166992
1979-02-02,-0.3599996566772461
1979-02-05,-0.23000049591064453
1979-02-06,-0.21000003814697266
1979-02-07,-0.15999984741210938
1979-02-08,-0.14999961853027344
1979-02-09,-0.20000076293945312
1979-02-13,-0.18000030517578125
1979-02-14,-0.15000057220458984
1979-02-15,-0.1400003433227539
1979-02-16,-0.18000030517578125
1979-02-20,-0.26000022888183594
1979-02-21,-0.2700004577636719
1979-02-22,-0.21000003814697266
1979-02-23,-0.22999954223632812
1979-02-26,-0.26000022888183594
1979-02-27,-0.2800006866455078
1979-02-28,-0.2799997329711914
1979-03-01,-0.22999954223632812
1979-03-02,-0.25
1979-03-05,-0.28999996185302734
1979-03-06,-0.2799997329711914
1979-03-07,-0.31999969482421875
1979-03-08,-0.31999969482421875
1979-03-09,-0.4100008010864258
1979-03-12,-0.40000057220458984
1979-03-13,-0.40000057220458984
1979-03-14,-0.40000057220458984
1979-03-15,-0.34999942779541016
1979-03-16,-0.40000057220458984
1979-03-19,-0.38000011444091797
1979-03-20,-0.3900003433227539
1979-03-21,-0.43000030517578125
1979-03-22,-0.4400005340576172
1979-03-23,-0.43000030517578125
1979-03-26,-0.4200000762939453
1979-03-27,-0.38000011444091797
1979-03-28,-0.3600006103515625
1979-03-29,-0.3299999237060547
1979-03-30,-0.3299999237060547
1979-04-02,-0.43000030517578125
1979-04-03,-0.4200000762939453
1979-04-04,-0.39999961853027344
1979-04-05,-0.4200000762939453
1979-04-06,-0.5
1979-04-09,-0.4799995422363281
1979-04-10,-0.5799999237060547
1979-04-11,-0.5200004577636719
1979-04-12,-0.48999977111816406
1979-04-16,-0.4700002670288086
1979-04-17,-0.3400001525878906
1979-04-18,-0.1400003433227539
1979-04-19,-0.15000057220458984
1979-04-20,-0.12000083923339844
1979-04-23,0.010000228881835938
1979-04-24,0.1399993896484375
1979-04-25,0.15999984741210938
1979-04-26,0.13000011444091797
1979-04-27,-0.3400001525878906
1979-04-30,-0.21000003814697266
1979-05-01,-0.1400003433227539
1979-05-02,-0.21000003814697266
1979-05-03,-0.22999954223632812
1979-05-04,-0.28999996185302734
1979-05-07,-0.26999950408935547
1979-05-08,-0.2799997329711914
1979-05-09,-0.2800006866455078
1979-05-10,-0.2800006866455078
1979-05-11,-0.2200002670288086
1979-05-14,-0.25
1979-05-15,-0.2800006866455078
1979-05-16,-0.25999927520751953
1979-05-17,-0.3299999237060547
1979-05-18,-0.49000072479248047
1979-05-21,-0.5300006866455078
1979-05-22,-0.5500001907348633
1979-05-23,-0.6000003814697266
1979-05-24,-0.4699993133544922
1979-05-25,-0.5299997329711914
1979-05-29,-0.5399999618530273
1979-05-31,-0.5099992752075195
1979-06-01,-0.4700002670288086
1979-06-04,-0.4799995422363281
1979-06-05,-0.4199991226196289
1979-06-06,-0.38000011444091797
1979-06-07,-0.39999961853027344
1979-06-08,-0.2800006866455078
1979-06-11,-0.12000083923339844
1979-06-12,-0.09000015258789062
1979-06-13,-0.039999961853027344
1979-06-14,-0.029999732971191406
1979-06-15,-0.18999958038330078
1979-06-18,0.0
1979-06-19,-0.020000457763671875
1979-06-20,0.0
1979-06-21,-0.029999732971191406
1979-06-22,-0.010000228881835938
1979-06-25,0.18000030517578125
1979-06-26,0.05999946594238281
1979-06-27,-0.010000228881835938
1979-06-28,-0.09999942779541016
1979-06-29,-0.1399993896484375
1979-07-02,-0.1700000762939453
1979-07-03,-0.28999996185302734
1979-07-05,-0.3899993896484375
1979-07-06,-0.38000011444091797
1979-07-09,-0.40000057220458984
1979-07-10,-0.39999961853027344
1979-07-11,-0.3000001907348633
1979-07-12,-0.3100004196166992
1979-07-13,-0.3600006103515625
1979-07-16,-0.36999988555908203
1979-07-17,-0.26999950408935547
1979-07-18,-0.2200002670288086
1979-07-19,-0.2200002670288086
1979-07-20,-0.4400005340576172
1979-07-23,-0.4099998474121094
1979-07-24,-0.31999969482421875
1979-07-25,-0.23000049591064453
1979-07-26,-0.15999984741210938
1979-07-27,-0.20999908447265625
1979-07-30,-0.06000041961669922
1979-07-31,-0.1700000762939453
1979-08-01,-0.1700000762939453
1979-08-02,-0.4200000762939453
1979-08-03,-0.46000003814697266
1979-08-06,-0.43000030517578125
1979-08-07,-0.48999977111816406
1979-08-08,-0.4699993133544922
1979-08-09,-0.42999935150146484
1979-08-10,-0.46000003814697266
1979-08-13,-0.4700002670288086
1979-08-14,-0.5100002288818359
1979-08-15,-0.5500001907348633
1979-08-16,-0.5200004577636719
1979-08-17,-0.5699996948242188
1979-08-20,-0.4799995422363281
1979-08-21,-0.5
1979-08-22,-0.5200004577636719
1979-08-23,-0.4799995422363281
1979-08-24,-0.5
1979-08-27,-0.5299997329711914
1979-08-28,-0.5900001525878906
1979-08-29,-0.630000114440918
1979-08-30,-0.5399999618530273
1979-08-31,-0.5700006484985352
1979-09-04,-0.7000007629394531
1979-09-05,-0.75
1979-09-06,-0.9200000762939453
1979-09-07,-1.0799999237060547
1979-09-10,-1.1900005340576172
1979-09-11,-1.1999998092651367
1979-09-12,-1.1499996185302734
1979-09-13,-1.1599998474121094
1979-09-14,-1.0
1979-09-17,-1.0
1979-09-18,-1.0399999618530273
1979-09-19,-0.8899993896484375
1979-09-20,-0.9200000762939453
1979-09-21,-0.8400001525878906
1979-09-24,-0.6899995803833008
1979-09-25,-0.7400007247924805
1979-09-26,-0.8600006103515625
1979-09-27,-0.8400001525878906
1979-09-28,-0.6800003051757812
1979-10-01,-0.6399993896484375
1979-10-02,-0.8999996185302734
1979-10-03,-0.8900003433227539
1979-10-04,-0.9800004959106445
1979-10-05,-1.0999994277954102
1979-10-09,-1.8899993896484375
1979-10-10,-1.6499996185302734
1979-10-11,-1.3999996185302734
1979-10-12,-1.2000007629394531
1979-10-15,-1.2899999618530273
1979-10-16,-1.5699996948242188
1979-10-17,-1.489999771118164
1979-10-18,-1.640000343322754
1979-10-19,-1.6899995803833008
1979-10-22,-1.880000114440918
1979-10-23,-1.989999771118164
1979-10-24,-1.890000343322754
1979-10-25,-1.5500001907348633
1979-10-26,-1.239999771118164
1979-10-29,-1.2400007247924805
1979-10-30,-1.3299999237060547
1979-10-31,-1.3999996185302734
1979-11-01,-1.2700004577636719
1979-11-02,-1.2100000381469727
1979-11-05,-1.2100000381469727
1979-11-07,-1.4799995422363281
1979-11-08,-1.4799995422363281
1979-11-09,-1.3199996948242188
1979-11-13,-1.4300003051757812
1979-11-14,-1.1899995803833008
1979-11-15,-1.0799999237060547
1979-11-16,-1.1399993896484375
1979-11-19,-1.1899995803833008
1979-11-20,-1.140000343322754
1979-11-21,-1.080000877380371
1979-11-23,-0.8299999237060547
1979-11-26,-0.6800003051757812
1979-11-27,-0.8500003814697266
1979-11-28,-1.0299997329711914
1979-11-29,-0.9300003051757812
1979-11-30,-1.109999656677246
1979-12-03,-1.390000343322754
1979-12-04,-1.3600006103515625
1979-12-05,-1.369999885559082
1979-12-06,-1.5199995040893555
1979-12-07,-1.630000114440918
1979-12-10,-1.8199996948242188
1979-12-11,-1.8299999237060547
1979-12-12,-2.020000457763672
1979-12-13,-1.9099998474121094
1979-12-14,-1.8500003814697266
1979-12-17,-1.8199996948242188
1979-12-18,-1.8299999237060547
1979-12-19,-1.5799999237060547
1979-12-20,-1.5199995040893555
1979-12-21,-1.6899995803833008
1979-12-24,-1.6000003814697266
1979-12-26,-1.5200004577636719
1979-12-27,-1.510000228881836
1979-12-28,-1.510000228881836
1979-12-31,-1.7100000381469727
1980-01-02,-1.6700000762939453
1980-01-03,-1.5
1980-01-04,-1.4400005340576172
1980-01-07,-1.2299995422363281
1980-01-08,-1.2100000381469727
1980-01-09,-1.1800003051757812
1980-01-10,-0.9399995803833008
1980-01-11,-1.0799999237060547
1980-01-14,-1.140000343322754
1980-01-15,-1.2200002670288086
1980-01-16,-1.1700000762939453
1980-01-17,-1.2299995422363281
1980-01-18,-1.25
1980-01-21,-1.2699995040893555
1980-01-22,-1.3099994659423828
1980-01-23,-1.2000007629394531
1980-01-24,-1.1599998474121094
1980-01-25,-1.1899995803833008
1980-01-28,-1.0300006866455078
1980-01-29,-1.0500001907348633
1980-01-30,-0.9700002670288086
1980-01-31,-0.869999885559082
1980-02-01,-0.880000114440918
1980-02-04,-0.5799999237060547
1980-02-05,-0.49000072479248047
1980-02-06,-0.1400003433227539
1980-02-07,-0.21000003814697266
1980-02-08,-0.26999950408935547
1980-02-11,-0.21000003814697266
1980-02-13,-0.32000064849853516
1980-02-14,-0.25999927520751953
1980-02-15,-0.6000003814697266
1980-02-19,-0.5499992370605469
1980-02-20,-0.46000003814697266
1980-02-21,-0.19999980926513672
1980-02-22,-0.31999969482421875
1980-02-25,-0.37999916076660156
1980-02-26,-0.20000076293945312
1980-02-27,-0.38000011444091797
1980-02-28,-0.6499996185302734
1980-02-29,-1.2899999618530273
1980-03-03,-2.2100000381469727
1980-03-04,-2.239999771118164
1980-03-05,-2.3400001525878906
1980-03-06,-2.5699996948242188
1980-03-07,-2.770000457763672
1980-03-10,-2.630000114440918
1980-03-11,-2.9700002670288086
1980-03-12,-2.9800004959106445
1980-03-13,-2.619999885559082
1980-03-14,-2.729999542236328
1980-03-17,-2.0900001525878906
1980-03-18,-2.2200002670288086
1980-03-19,-1.9799995422363281
1980-03-20,-2.40000057220459
1980-03-21,-2.3999996185302734
1980-03-24,-2.760000228881836
1980-03-25,-2.8999996185302734
1980-03-26,-2.90000057220459
1980-03-27,-2.1499996185302734
1980-03-28,-2.0299997329711914
1980-03-31,-1.5999994277954102
1980-04-01,-2.3400001525878906
1980-04-02,-2.25
1980-04-03,-2.4499998092651367
1980-04-07,-2.2799997329711914
1980-04-08,-2.2699995040893555
1980-04-09,-2.25
1980-04-10,-2.239999771118164
1980-04-11,-2.1999998092651367
1980-04-14,-2.2200002670288086
1980-04-15,-2.25
1980-04-16,-2.6000003814697266
1980-04-17,-2.369999885559082
1980-04-18,-2.1499996185302734
1980-04-21,-2.030000686645508
1980-04-22,-1.4300003051757812
1980-04-23,-1.119999885559082
1980-04-24,-0.9499998092651367
1980-04-25,-0.8600006103515625
1980-04-28,-0.36999988555908203
1980-04-29,-0.06999969482421875
1980-04-30,0.36999988555908203
1980-05-01,0.21000003814697266
1980-05-02,0.3899993896484375
1980-05-05,0.5200004577636719
1980-05-06,0.3000001907348633
1980-05-07,0.9800004959106445
1980-05-08,1.4300003051757812
1980-05-09,1.489999771118164
1980-05-12,1.6999998092651367
1980-05-13,1.8500003814697266
1980-05-14,2.0
1980-05-15,1.7000007629394531
1980-05-16,1.3299999237060547
1980-05-19,1.6399993896484375
1980-05-20,1.9300003051757812
1980-05-21,2.0199995040893555
1980-05-22,2.15000057220459
1980-05-23,2.310000419616699
1980-05-27,2.440000057220459
1980-05-28,2.440000534057617
1980-05-29,2.359999656677246
1980-05-30,2.5
1980-06-02,2.4100003242492676
1980-06-03,2.549999713897705
1980-06-04,2.6599998474121094
1980-06-05,2.6600003242492676
1980-06-06,2.520000457763672
1980-06-09,2.859999656677246
1980-06-10,3.190000057220459
1980-06-11,3.3999996185302734
1980-06-12,3.3299999237060547
1980-06-13,3.330000400543213
1980-06-16,3.1000003814697266
1980-06-17,2.75
1980-06-18,2.590000629425049
1980-06-19,2.580000400543213
1980-06-20,2.75
1980-06-23,2.4900002479553223
1980-06-24,2.380000114440918
1980-06-25,2.369999885559082
1980-06-26,2.309999942779541
1980-06-27,2.3400001525878906
1980-06-30,2.2100000381469727
1980-07-01,2.0900001525878906
1980-07-02,2.249999523162842
1980-07-03,2.200000286102295
1980-07-07,1.9600000381469727
1980-07-08,2.0299997329711914
1980-07-09,2.1700005531311035
1980-07-10,2.25
1980-07-11,2.109999656677246
1980-07-14,2.1499996185302734
1980-07-15,2.119999885559082
1980-07-16,2.309999465942383
1980-07-17,2.25
1980-07-18,2.239999771118164
1980-07-21,2.2699999809265137
1980-07-22,2.3000001907348633
1980-07-23,2.2899999618530273
1980-07-24,2.229999542236328
1980-07-25,2.3000001907348633
1980-07-28,2.25
1980-07-29,2.1499996185302734
1980-07-30,2.1499996185302734
1980-07-31,2.140000343322754
1980-08-01,2.060000419616699
1980-08-04,2.049999237060547
1980-08-05,1.9799995422363281
1980-08-06,2.25
1980-08-07,2.3299999237060547
1980-08-08,2.25
1980-08-11,2.1999998092651367
1980-08-12,2.339999198913574
1980-08-13,2.3400001525878906
1980-08-14,2.4499998092651367
1980-08-15,2.3199996948242188
1980-08-18,2.020000457763672
1980-08-19,1.859999656677246
1980-08-20,1.9099998474121094
1980-08-21,1.6000003814697266
1980-08-22,1.5900001525878906
1980-08-25,1.619999885559082
1980-08-26,1.4800004959106445
1980-08-27,1.6000003814697266
1980-08-28,1.5700006484985352
1980-08-29,1.5900001525878906
1980-09-02,1.4499998092651367
1980-09-03,1.3400001525878906
1980-09-04,1.4099998474121094
1980-09-05,1.4399995803833008
1980-09-08,1.1899995803833008
1980-09-09,1.1499996185302734
1980-09-10,1.2000007629394531
1980-09-11,1.1799993515014648
1980-09-12,1.1499996185302734
1980-09-15,1.1499996185302734
1980-09-16,1.2300004959106445
1980-09-17,1.2299995422363281
1980-09-18,1.380000114440918
1980-09-19,1.3000001907348633
1980-09-22,1.1299991607666016
1980-09-23,1.4300003051757812
1980-09-24,1.5900001525878906
1980-09-25,1.5500001907348633
1980-09-26,1.1700000762939453
1980-09-29,0.8899993896484375
1980-09-30,0.4200000762939453
1980-10-01,0.3299999237060547
1980-10-02,0.3000001907348633
1980-10-03,0.06999969482421875
1980-10-06,0.21000003814697266
1980-10-07,0.13000011444091797
1980-10-08,0.13000011444091797
1980-10-09,0.25
1980-10-10,0.18999958038330078
1980-10-14,0.18999958038330078
1980-10-15,0.38000011444091797
1980-10-16,0.49000072479248047
1980-10-17,0.4200000762939453
1980-10-20,0.3299999237060547
1980-10-21,0.05999946594238281
1980-10-22,0.06999969482421875
1980-10-23,0.029999732971191406
1980-10-24,0.0
1980-10-27,-0.18000030517578125
1980-10-28,-0.1700000762939453
1980-10-29,-0.04000091552734375
1980-10-30,-0.06000041961669922
1980-10-31,-0.25
1980-11-03,-0.7100000381469727
1980-11-05,-0.7899999618530273
1980-11-06,-0.46000003814697266
1980-11-07,-0.38000011444091797
1980-11-10,-0.6999998092651367
1980-11-12,-0.7100000381469727
1980-11-13,-0.6000003814697266
1980-11-14,-0.6000003814697266
1980-11-17,-1.239999771118164
1980-11-18,-1.0699996948242188
1980-11-19,-1.2100000381469727
1980-11-20,-1.369999885559082
1980-11-21,-1.5199995040893555
1980-11-24,-1.6499996185302734
1980-11-25,-1.4200000762939453
1980-11-26,-1.5500001907348633
1980-11-28,-1.7599992752075195
1980-12-01,-1.7899999618530273
1980-12-02,-1.869999885559082
1980-12-03,-1.739999771118164
1980-12-04,-1.9499998092651367
1980-12-05,-2.989999771118164
1980-12-08,-3.6200008392333984
1980-12-09,-3.6199989318847656
1980-12-10,-3.729999542236328
1980-12-11,-3.5699996948242188
1980-12-12,-3.339999198913574
1980-12-15,-3.520000457763672
1980-12-16,-3.190000534057617
1980-12-17,-3.189999580383301
1980-12-18,-2.9800004959106445
1980-12-19,-2.2899999618530273
1980-12-22,-2.6999998092651367
1980-12-23,-2.1399993896484375
1980-12-24,-2.2899999618530273
1980-12-26,-2.1999998092651367
1980-12-29,-1.9800004959106445
1980-12-30,-1.7299995422363281
1980-12-31,-1.869999885559082
1981-01-02,-2.229999542236328
1981-01-05,-1.3700008392333984
1981-01-06,-1.4700002670288086
1981-01-07,-2.119999885559082
1981-01-08,-2.4099998474121094
1981-01-09,-2.630000114440918
1981-01-12,-2.770000457763672
1981-01-13,-2.7100000381469727
1981-01-14,-2.5500001907348633
1981-01-15,-2.630000114440918
1981-01-16,-2.619999885559082
1981-01-19,-3.1499996185302734
1981-01-20,-2.8199996948242188
1981-01-21,-2.939999580383301
1981-01-22,-2.8500003814697266
1981-01-23,-2.859999656677246
1981-01-26,-2.65000057220459
1981-01-27,-2.4700002670288086
1981-01-28,-2.2899999618530273
1981-01-29,-2.0699996948242188
1981-01-30,-1.9099998474121094
1981-02-02,-2.0399999618530273
1981-02-03,-1.8700008392333984
1981-02-04,-1.8100004196166992
1981-02-05,-1.7899999618530273
1981-02-06,-2.229999542236328
1981-02-09,-2.310000419616699
1981-02-10,-2.189999580383301
1981-02-11,-2.119999885559082
1981-02-13,-1.8600006103515625
1981-02-17,-1.8100004196166992
1981-02-18,-1.7200002670288086
1981-02-19,-1.3899993896484375
1981-02-20,-1.1900005340576172
1981-02-23,-1.0399999618530273
1981-02-24,-0.9399995803833008
1981-02-25,-0.9099998474121094
1981-02-26,-0.6700000762939453
1981-02-27,-0.7899999618530273
1981-03-02,-0.9000005722045898
1981-03-03,-0.9600000381469727
1981-03-04,-1.0399999618530273
1981-03-05,-1.0799999237060547
1981-03-06,-1.0900001525878906
1981-03-09,-1.0699996948242188
1981-03-10,-0.9099998474121094
1981-03-11,-0.8000001907348633
1981-03-12,-0.630000114440918
1981-03-13,-0.35000038146972656
1981-03-16,-0.1700000762939453
1981-03-17,-0.26999950408935547
1981-03-18,0.13000011444091797
1981-03-19,0.3100004196166992
1981-03-20,0.4100008010864258
1981-03-23,0.3000001907348633
1981-03-24,0.46000003814697266
1981-03-25,0.38000011444091797
1981-03-26,0.36999988555908203
1981-03-27,0.2799997329711914
1981-03-30,0.619999885559082
1981-03-31,0.6700000762939453
1981-04-01,0.7700004577636719
1981-04-02,0.6700000762939453
1981-04-03,0.42999935150146484
1981-04-06,-0.26000022888183594
1981-04-07,-0.2200002670288086
1981-04-08,-0.05000019073486328
1981-04-09,-0.039999961853027344
1981-04-10,0.0
1981-04-13,-0.09999942779541016
1981-04-14,0.21000003814697266
1981-04-15,0.05999946594238281
1981-04-16,0.0
1981-04-20,-0.06000041961669922
1981-04-21,0.06999969482421875
1981-04-22,0.19999980926513672
1981-04-23,0.15999984741210938
1981-04-24,-0.1700000762939453
1981-04-27,-0.3599996566772461
1981-04-28,-0.46000003814697266
1981-04-29,-0.36999988555908203
1981-04-30,-0.75
1981-05-01,-0.619999885559082
1981-05-04,-1.5399999618530273
1981-05-05,-1.9200010299682617
1981-05-06,-1.9600000381469727
1981-05-07,-2.25
1981-05-08,-2.25
1981-05-11,-2.25
1981-05-12,-2.4800004959106445
1981-05-13,-2.520000457763672
1981-05-14,-2.4300003051757812
1981-05-15,-2.479999542236328
1981-05-18,-2.40000057220459
1981-05-19,-2.609999656677246
1981-05-20,-2.6000003814697266
1981-05-21,-2.9499998092651367
1981-05-22,-2.8600006103515625
1981-05-26,-2.260000228881836
1981-05-27,-2.3000001907348633
1981-05-28,-1.8199996948242188
1981-05-29,-1.6000003814697266
1981-06-01,-2.0399999618530273
1981-06-02,-2.109999656677246
1981-06-03,-2.0900001525878906
1981-06-04,-2.3000001907348633
1981-06-05,-2.2699995040893555
1981-06-08,-1.8200006484985352
1981-06-09,-1.640000343322754
1981-06-10,-1.3799991607666016
1981-06-11,-1.2400007247924805
1981-06-12,-1.1799993515014648
1981-06-15,-0.630000114440918
1981-06-16,-0.6499996185302734
1981-06-17,-1.010000228881836
1981-06-18,-1.4300003051757812
1981-06-19,-1.4099998474121094
1981-06-22,-0.9200000762939453
1981-06-23,-0.9399995803833008
1981-06-24,-1.0399999618530273
1981-06-25,-0.5399999618530273
1981-06-26,-0.4400005340576172
1981-06-29,-0.25999927520751953
1981-06-30,-0.4200000762939453
1981-07-01,-0.6099996566772461
1981-07-02,-0.5299997329711914
1981-07-06,-0.5399999618530273
1981-07-07,-0.8500003814697266
1981-07-08,-0.869999885559082
1981-07-09,-1.010000228881836
1981-07-10,-0.8100004196166992
1981-07-13,-0.6100006103515625
1981-07-14,-0.630000114440918
1981-07-15,-0.38000011444091797
1981-07-16,-0.4100008010864258
1981-07-17,-0.3400001525878906
1981-07-20,-0.9099998474121094
1981-07-21,-1.1100006103515625
1981-07-22,-1.0500001907348633
1981-07-23,-0.9300003051757812
1981-07-24,-0.6700000762939453
1981-07-27,-0.6799993515014648
1981-07-28,-0.7700004577636719
1981-07-29,-0.5700006484985352
1981-07-30,-0.15999984741210938
1981-07-31,-0.19999980926513672
1981-08-03,-0.5500001907348633
1981-08-04,-0.5299997329711914
1981-08-05,-0.4400005340576172
1981-08-06,-0.5
1981-08-07,-0.6099996566772461
1981-08-10,-0.5700006484985352
1981-08-11,-0.4500007629394531
1981-08-12,-0.6700000762939453
1981-08-13,-0.7700004577636719
1981-08-14,-0.7600002288818359
1981-08-17,-1.0299997329711914
1981-08-18,-0.9300003051757812
1981-08-19,-0.8999996185302734
1981-08-20,-0.7299995422363281
1981-08-21,-0.42999935150146484
1981-08-24,-0.5300006866455078
1981-08-25,-0.42999935150146484
1981-08-26,-0.5199995040893555
1981-08-27,-0.3600006103515625
1981-08-28,-0.13000011444091797
1981-08-31,-0.1100006103515625
1981-09-01,-0.18000030517578125
1981-09-02,-0.26000022888183594
1981-09-03,-0.15000057220458984
1981-09-04,-0.05000019073486328
1981-09-08,-0.05999946594238281
1981-09-09,0.1700000762939453
1981-09-10,0.28999996185302734
1981-09-11,0.5299997329711914
1981-09-14,0.75
1981-09-15,0.7899999618530273
1981-09-16,0.7699995040893555
1981-09-17,0.630000114440918
1981-09-18,0.5699996948242188
1981-09-21,0.5099992752075195
1981-09-22,0.5500001907348633
1981-09-23,1.0299997329711914
1981-09-24,1.1000003814697266
1981-09-25,1.380000114440918
1981-09-28,1.5299997329711914
1981-09-29,1.6000003814697266
1981-09-30,1.5
1981-10-01,1.1800003051757812
1981-10-02,0.7600002288818359
1981-10-05,0.9199991226196289
1981-10-06,1.2400007247924805
1981-10-07,1.1899995803833008
1981-10-08,1.3000001907348633
1981-10-09,1.3999996185302734
1981-10-13,1.3299999237060547
1981-10-14,1.630000114440918
1981-10-15,1.5200004577636719
1981-10-16,1.419999122619629
1981-10-19,1.4299993515014648
1981-10-20,1.630000114440918
1981-10-21,2.0500001907348633
1981-10-22,2.060000419616699
1981-10-23,2.060000419616699
1981-10-26,2.280000686645508
1981-10-27,2.1800003051757812
1981-10-28,2.219999313354492
1981-10-29,2.020000457763672
1981-10-30,1.880000114440918
1981-11-02,1.880000114440918
1981-11-04,1.880000114440918
1981-11-05,2.0099992752075195
1981-11-06,2.2599992752075195
1981-11-09,2.200000762939453
1981-11-10,2.25
1981-11-12,2.589999198913574
1981-11-13,2.40000057220459
1981-11-16,2.439999580383301
1981-11-17,2.5500001907348633
1981-11-18,2.9300003051757812
1981-11-19,2.9200000762939453
1981-11-20,3.030000686645508
1981-11-23,2.9499998092651367
1981-11-24,2.9600000381469727
1981-11-25,2.8799991607666016
1981-11-27,2.75
1981-11-30,2.760000228881836
1981-12-01,2.880000114440918
1981-12-02,2.869999885559082
1981-12-03,2.929999351501465
1981-12-04,3.2100000381469727
1981-12-07,3.2799997329711914
1981-12-08,3.239999771118164
1981-12-09,3.260000228881836
1981-12-10,3.119999885559082
1981-12-11,3.020000457763672
1981-12-14,2.6700000762939453
1981-12-15,2.6599998474121094
1981-12-16,2.6599998474121094
1981-12-17,2.5699996948242188
1981-12-18,2.640000343322754
1981-12-21,2.729999542236328
1981-12-22,2.9900007247924805
1981-12-23,2.820000648498535
1981-12-24,2.9099998474121094
1981-12-28,2.739999771118164
1981-12-29,2.4200000762939453
1981-12-30,2.810000419616699
1981-12-31,2.8999996185302734
1982-01-04,2.799999237060547
1982-01-05,2.719999313354492
1982-01-06,2.9499998092651367
1982-01-07,2.9700002670288086
1982-01-08,2.9599990844726562
1982-01-11,2.8400001525878906
1982-01-12,2.6599998474121094
1982-01-13,2.689999580383301
1982-01-14,2.6399993896484375
1982-01-15,2.609999656677246
1982-01-18,2.5
1982-01-19,2.239999771118164
1982-01-20,2.0900001525878906
1982-01-21,1.8499994277954102
1982-01-22,1.669999122619629
1982-01-25,1.3000001907348633
1982-01-26,1.5199995040893555
1982-01-27,1.7100000381469727
1982-01-28,2.010000228881836
1982-01-29,1.619999885559082
1982-02-01,0.8999996185302734
1982-02-02,0.8600006103515625
1982-02-03,0.9199991226196289
1982-02-04,1.0700006484985352
1982-02-05,1.0199995040893555
1982-02-08,0.9200000762939453
1982-02-09,0.7699995040893555
1982-02-10,0.6600008010864258
1982-02-11,0.5200004577636719
1982-02-16,-0.039999961853027344
1982-02-17,0.029999732971191406
1982-02-18,0.5799999237060547
1982-02-19,0.75
1982-02-22,1.3199996948242188
1982-02-23,1.5799999237060547
1982-02-24,1.869999885559082
1982-02-25,1.6800003051757812
1982-02-26,1.5900001525878906
1982-03-01,1.5799999237060547
1982-03-02,1.369999885559082
1982-03-03,1.4099998474121094
1982-03-04,1.4299993515014648
1982-03-05,1.4000005722045898
1982-03-08,1.5500001907348633
1982-03-09,1.3299999237060547
1982-03-10,1.3199996948242188
1982-03-11,1.3099994659423828
1982-03-12,1.1599998474121094
1982-03-15,1.0699996948242188
1982-03-16,1.1800003051757812
1982-03-17,1.119999885559082
1982-03-18,1.0399999618530273
1982-03-19,0.8500003814697266
1982-03-22,1.0900001525878906
1982-03-23,1.1900005340576172
1982-03-24,1.2299995422363281
1982-03-25,1.1499996185302734
1982-03-26,1.010000228881836
1982-03-29,0.75
1982-03-30,0.7599992752075195
1982-03-31,0.9200000762939453
1982-04-01,0.8600006103515625
1982-04-02,0.8400001525878906
1982-04-05,1.109999656677246
1982-04-06,1.0500001907348633
1982-04-07,1.0
1982-04-08,0.9499998092651367
1982-04-12,1.0199995040893555
1982-04-13,1.1000003814697266
1982-04-14,1.1399993896484375
1982-04-15,1.0500001907348633
1982-04-16,1.0699996948242188
1982-04-19,1.1800003051757812
1982-04-20,1.260000228881836
1982-04-21,1.5
1982-04-22,1.2899999618530273
1982-04-23,1.2999992370605469
1982-04-26,1.260000228881836
1982-04-27,1.2699995040893555
1982-04-28,1.330000877380371
1982-04-29,1.4300003051757812
1982-04-30,1.5299997329711914
1982-05-03,1.2100000381469727
1982-05-04,1.140000343322754
1982-05-05,1.1800003051757812
1982-05-06,1.1999998092651367
1982-05-07,1.2299995422363281
1982-05-10,1.1599998474121094
1982-05-11,1.1599998474121094
1982-05-12,1.1900005340576172
1982-05-13,1.119999885559082
1982-05-14,1.119999885559082
1982-05-17,1.25
1982-05-18,1.3700008392333984
1982-05-19,1.7000007629394531
1982-05-20,2.0299997329711914
1982-05-21,2.010000228881836
1982-05-24,2.0799999237060547
1982-05-25,2.0500001907348633
1982-05-26,2.130000114440918
1982-05-27,2.15000057220459
1982-05-28,2.2100000381469727
1982-06-01,1.9200000762939453
1982-06-02,1.7999992370605469
1982-06-03,1.8299999237060547
1982-06-04,1.7599992752075195
1982-06-07,1.8499994277954102
1982-06-08,1.8099994659423828
1982-06-09,1.9099998474121094
1982-06-10,2.0400009155273438
1982-06-11,1.9400005340576172
1982-06-14,1.869999885559082
1982-06-15,1.8500003814697266
1982-06-16,1.9499998092651367
1982-06-17,1.919999122619629
1982-06-18,1.890000343322754
1982-06-21,2.0699996948242188
1982-06-22,1.880000114440918
1982-06-23,1.869999885559082
1982-06-24,1.7200002670288086
1982-06-25,1.5700006484985352
1982-06-28,1.619999885559082
1982-06-29,1.5899991989135742
1982-06-30,1.6799993515014648
1982-07-01,1.8499994277954102
1982-07-02,1.9099998474121094
1982-07-06,1.859999656677246
1982-07-07,1.9099998474121094
1982-07-08,2.239999771118164
1982-07-09,2.2599992752075195
1982-07-12,2.140000343322754
1982-07-13,2.070000648498535
1982-07-14,2.1000003814697266
1982-07-15,2.3199996948242188
1982-07-16,2.489999771118164
1982-07-19,2.619999885559082
1982-07-20,2.869999885559082
1982-07-21,2.8500003814697266
1982-07-22,3.1000003814697266
1982-07-23,3.2300004959106445
1982-07-26,3.4600000381469727
1982-07-27,3.1999998092651367
1982-07-28,3.25
1982-07-29,3.3000001907348633
1982-07-30,3.510000228881836
1982-08-02,4.050000190734863
1982-08-03,3.7100000381469727
1982-08-04,3.950000762939453
1982-08-05,3.8999996185302734
1982-08-06,3.5399999618530273
1982-08-09,3.8400001525878906
1982-08-10,3.669999122619629
1982-08-11,3.739999771118164
1982-08-12,4.170000076293945
1982-08-13,3.9499998092651367
1982-08-16,4.420000076293945
1982-08-17,4.59999942779541
1982-08-18,4.5099992752075195
1982-08-19,4.950000286102295
1982-08-20,5.159999847412109
1982-08-23,4.970000267028809
1982-08-24,4.740000247955322
1982-08-25,5.010000228881836
1982-08-26,5.410000324249268
1982-08-27,4.930000305175781
1982-08-30,4.65000057220459
1982-08-31,4.390000343322754
1982-09-01,4.340000152587891
1982-09-02,4.2400007247924805
1982-09-03,4.300000190734863
1982-09-07,4.1399993896484375
1982-09-08,4.210000038146973
1982-09-09,4.25
1982-09-10,4.359999656677246
1982-09-13,4.510000228881836
1982-09-14,4.6700005531311035
1982-09-15,4.460000038146973
1982-09-16,4.570000648498535
1982-09-17,4.550000190734863
1982-09-20,4.690000057220459
1982-09-21,4.550000190734863
1982-09-22,4.690000057220459
1982-09-23,4.659999370574951
1982-09-24,4.490000247955322
1982-09-27,4.409999847412109
1982-09-28,4.37000036239624
1982-09-29,4.220000267028809
1982-09-30,4.109999656677246
1982-10-01,4.160000324249268
1982-10-04,3.7800002098083496
1982-10-05,3.549999237060547
1982-10-06,3.4499998092651367
1982-10-07,3.1499996185302734
1982-10-08,3.0799999237060547
1982-10-12,3.1499996185302734
1982-10-13,2.9700002670288086
1982-10-14,3.0699996948242188
1982-10-15,3.190000057220459
1982-10-18,3.1500000953674316
1982-10-19,3.080000400543213
1982-10-20,3.1299996376037598
1982-10-21,3.119999408721924
1982-10-22,3.1700005531311035
1982-10-25,3.239999771118164
1982-10-26,2.9099998474121094
1982-10-27,2.8999996185302734
1982-10-28,2.8600006103515625
1982-10-29,2.809999942779541
1982-11-01,2.750000476837158
1982-11-03,2.6700000762939453
1982-11-04,2.690000057220459
1982-11-05,2.6999993324279785
1982-11-08,2.630000114440918
1982-11-09,2.510000228881836
1982-11-10,2.3999996185302734
1982-11-12,2.3000001907348633
1982-11-15,2.219999313354492
1982-11-16,2.270000457763672
1982-11-17,2.2300004959106445
1982-11-18,2.189999580383301
1982-11-19,2.3199996948242188
1982-11-22,2.4700002670288086
1982-11-23,2.5799999237060547
1982-11-24,2.6600003242492676
1982-11-26,2.580000400543213
1982-11-29,2.5199995040893555
1982-11-30,2.510000228881836
1982-12-01,2.4600000381469727
1982-12-02,2.640000343322754
1982-12-03,2.630000114440918
1982-12-06,2.5799999237060547
1982-12-07,2.549999713897705
1982-12-08,2.6500000953674316
1982-12-09,2.619999885559082
1982-12-10,2.619999885559082
1982-12-13,2.609999656677246
1982-12-14,2.7800002098083496
1982-12-15,2.869999885559082
1982-12-16,2.760000228881836
1982-12-17,2.770000457763672
1982-12-20,2.8199996948242188
1982-12-21,2.6399998664855957
1982-12-22,2.609999656677246
1982-12-23,2.5500001907348633
1982-12-27,2.5299997329711914
1982-12-28,2.3899993896484375
1982-12-29,2.3299999237060547
1982-12-30,2.419999122619629
1982-12-31,2.439999580383301
1983-01-03,2.3999996185302734
1983-01-04,2.369999885559082
1983-01-05,2.3700003623962402
1983-01-06,2.450000286102295
1983-01-07,2.59999942779541
1983-01-10,2.6600003242492676
1983-01-11,2.6500000953674316
1983-01-12,2.6399998664855957
1983-01-13,2.6100006103515625
1983-01-14,2.729999542236328
1983-01-17,2.679999828338623
1983-01-18,2.6600003242492676
1983-01-19,2.7300000190734863
1983-01-20,2.6500000953674316
1983-01-21,2.5799999237060547
1983-01-24,2.59999942779541
1983-01-25,2.5699996948242188
1983-01-26,2.609999656677246
1983-01-27,2.6499996185302734
1983-01-28,2.7100000381469727
1983-01-31,2.6999998092651367
1983-02-01,2.619999885559082
1983-02-02,2.7200002670288086
1983-02-03,2.780000686645508
1983-02-04,2.739999771118164
1983-02-07,2.7300004959106445
1983-02-08,2.6999998092651367
1983-02-09,2.7200002670288086
1983-02-10,2.6599998474121094
1983-02-11,2.6599998474121094
1983-02-14,2.560000419616699
1983-02-15,2.5900001525878906
1983-02-16,2.6100006103515625
1983-02-17,2.609999656677246
1983-02-18,2.6100006103515625
1983-02-22,2.5500001907348633
1983-02-23,2.479999542236328
1983-02-24,2.4900002479553223
1983-02-25,2.440000057220459
1983-02-28,2.340000629425049
1983-03-01,2.260000228881836
1983-03-02,2.260000228881836
1983-03-03,2.2799997329711914
1983-03-04,2.260000228881836
1983-03-07,2.25
1983-03-08,2.2200002670288086
1983-03-09,2.219999313354492
1983-03-10,2.310000419616699
1983-03-11,2.3199996948242188
1983-03-14,2.25
1983-03-15,2.2100000381469727
1983-03-16,2.229999542236328
1983-03-17,2.2200002670288086
1983-03-18,2.140000343322754
1983-03-21,2.1000003814697266
1983-03-22,2.010000228881836
1983-03-23,2.109999656677246
1983-03-24,2.0699996948242188
1983-03-25,1.9900007247924805
1983-03-28,2.010000228881836
1983-03-29,1.9700002670288086
1983-03-30,1.9600000381469727
1983-03-31,1.9799995422363281
1983-04-04,1.9600000381469727
1983-04-05,1.9799995422363281
1983-04-06,2.0900001525878906
1983-04-07,2.15000057220459
1983-04-08,2.1800003051757812
1983-04-11,2.239999771118164
1983-04-12,2.2200002670288086
1983-04-13,2.2100000381469727
1983-04-14,2.1700000762939453
1983-04-15,2.189999580383301
1983-04-18,2.2200002670288086
1983-04-19,2.2300004959106445
1983-04-20,2.2899999618530273
1983-04-21,2.2899999618530273
1983-04-22,2.270000457763672
1983-04-25,2.25
1983-04-26,2.229999542236328
1983-04-27,2.189999580383301
1983-04-28,2.2100000381469727
1983-04-29,2.190000534057617
1983-05-02,2.2100000381469727
1983-05-03,2.2200002670288086
1983-05-04,2.109999656677246
1983-05-05,2.09999942779541
1983-05-06,2.1500000953674316
1983-05-09,2.119999885559082
1983-05-10,2.1599998474121094
1983-05-11,2.2200002670288086
1983-05-12,2.179999351501465
1983-05-13,2.1999998092651367
1983-05-16,2.2200002670288086
1983-05-17,2.2799997329711914
1983-05-18,2.320000648498535
1983-05-19,2.34999942779541
1983-05-20,2.359999656677246
1983-05-23,2.1499996185302734
1983-05-24,2.0900001525878906
1983-05-25,2.0900001525878906
1983-05-26,2.1000003814697266
1983-05-27,2.140000343322754
1983-05-31,2.1800003051757812
1983-06-01,2.190000534057617
1983-06-02,2.2799997329711914
1983-06-03,2.239999771118164
1983-06-06,2.1499996185302734
1983-06-07,2.030000686645508
1983-06-08,2.0900001525878906
1983-06-09,2.140000343322754
1983-06-10,2.1100006103515625
1983-06-13,2.0500001907348633
1983-06-14,2.0400009155273438
1983-06-15,2.0
1983-06-16,1.9900007247924805
1983-06-17,1.9900007247924805
1983-06-20,1.8400001525878906
1983-06-21,1.8400001525878906
1983-06-22,1.859999656677246
1983-06-23,1.9699993133544922
1983-06-24,1.9800004959106445
1983-06-27,2.0799999237060547
1983-06-28,2.060000419616699
1983-06-29,2.1399993896484375
1983-06-30,2.1700000762939453
1983-07-01,2.200000762939453
1983-07-05,2.189999580383301
1983-07-06,2.1399993896484375
1983-07-07,2.189999580383301
1983-07-08,2.2100000381469727
1983-07-11,2.239999771118164
1983-07-12,2.2799997329711914
1983-07-13,2.299999237060547
1983-07-14,2.3000001907348633
1983-07-15,2.369999885559082
1983-07-18,2.3000001907348633
1983-07-19,2.219999313354492
1983-07-20,2.2100000381469727
1983-07-21,2.25
1983-07-22,2.3400001525878906
1983-07-25,2.3400001525878906
1983-07-26,2.380000114440918
1983-07-27,2.440000534057617
1983-07-28,2.489999771118164
1983-07-29,2.5399999618530273
1983-08-01,2.5299997329711914
1983-08-02,2.3299999237060547
1983-08-03,2.5299997329711914
1983-08-04,2.689999580383301
1983-08-05,2.65000057220459
1983-08-08,2.6999998092651367
1983-08-09,2.6000003814697266
1983-08-10,2.609999656677246
1983-08-11,2.5199995040893555
1983-08-12,2.4700002670288086
1983-08-15,2.3600006103515625
1983-08-16,2.310000419616699
1983-08-17,2.3299999237060547
1983-08-18,2.3999996185302734
1983-08-19,2.4099998474121094
1983-08-22,2.380000114440918
1983-08-23,2.380000114440918
1983-08-24,2.4200000762939453
1983-08-25,2.5199995040893555
1983-08-26,2.489999771118164
1983-08-29,2.609999656677246
1983-08-30,2.59999942779541
1983-08-31,2.719999313354492
1983-09-01,2.75
1983-09-02,2.739999771118164
1983-09-06,2.6700000762939453
1983-09-07,2.59999942779541
1983-09-08,2.660000801086426
1983-09-09,2.59999942779541
1983-09-12,2.510000228881836
1983-09-13,2.5500001907348633
1983-09-14,2.65000057220459
1983-09-15,2.719999313354492
1983-09-16,2.6100006103515625
1983-09-19,2.6700000762939453
1983-09-20,2.59999942779541
1983-09-21,2.690000534057617
1983-09-22,2.6700000762939453
1983-09-23,2.609999656677246
1983-09-26,2.6800003051757812
1983-09-27,2.7200002670288086
1983-09-28,2.7100000381469727
1983-09-29,2.689999580383301
1983-09-30,2.729999542236328
1983-10-03,2.7300004959106445
1983-10-04,2.810000419616699
1983-10-05,2.810000419616699
1983-10-06,2.75
1983-10-07,2.729999542236328
1983-10-11,2.7599992752075195
1983-10-12,2.810000419616699
1983-10-13,2.839999198913574
1983-10-14,2.809999465942383
1983-10-17,2.9200000762939453
1983-10-18,2.969999313354492
1983-10-19,2.989999771118164
1983-10-20,2.9300003051757812
1983-10-21,2.890000343322754
1983-10-24,2.979999542236328
1983-10-25,3.0399999618530273
1983-10-26,3.060000419616699
1983-10-27,3.010000228881836
1983-10-28,3.0500001907348633
1983-10-31,3.229999542236328
1983-11-01,3.219999313354492
1983-11-02,3.2100000381469727
1983-11-03,3.109999656677246
1983-11-04,3.0399999618530273
1983-11-07,3.0799999237060547
1983-11-09,3.060000419616699
1983-11-10,2.9499998092651367
1983-11-14,2.9099998474121094
1983-11-15,2.9200000762939453
1983-11-16,2.8999996185302734
1983-11-17,2.880000114440918
1983-11-18,2.869999885559082
1983-11-21,2.869999885559082
1983-11-22,2.799999237060547
1983-11-23,2.7799997329711914
1983-11-25,2.770000457763672
1983-11-28,2.760000228881836
1983-11-29,2.7100000381469727
1983-11-30,2.75
1983-12-01,2.760000228881836
1983-12-02,2.8199996948242188
1983-12-05,2.84999942779541
1983-12-06,2.820000648498535
1983-12-07,2.8400001525878906
1983-12-08,2.869999885559082
1983-12-09,2.8999996185302734
1983-12-12,2.9099998474121094
1983-12-13,2.859999656677246
1983-12-14,2.8500003814697266
1983-12-15,2.7899999618530273
1983-12-16,2.770000457763672
1983-12-19,2.7799997329711914
1983-12-20,2.8199996948242188
1983-12-21,2.8299999237060547
1983-12-22,2.880000114440918
1983-12-23,2.8299999237060547
1983-12-27,2.8299999237060547
1983-12-28,2.830000877380371
1983-12-29,2.810000419616699
1983-12-30,2.84999942779541
1984-01-03,2.859999656677246
1984-01-04,2.8000001907348633
1984-01-05,2.8400001525878906
1984-01-06,2.859999656677246
1984-01-09,2.8500003814697266
1984-01-10,2.810000419616699
1984-01-11,2.8299999237060547
1984-01-12,2.8400001525878906
1984-01-13,2.8500003814697266
1984-01-16,2.760000228881836
1984-01-17,2.739999771118164
1984-01-18,2.6999998092651367
1984-01-19,2.700000762939453
1984-01-20,2.6700000762939453
1984-01-23,2.690000534057617
1984-01-24,2.7100000381469727
1984-01-25,2.7100000381469727
1984-01-26,2.6999998092651367
1984-01-27,2.7200002670288086
1984-01-30,2.7699995040893555
1984-01-31,2.7799997329711914
1984-02-01,2.75
1984-02-02,2.690000534057617
1984-02-03,2.640000343322754
1984-02-06,2.609999656677246
1984-02-07,2.6499996185302734
1984-02-08,2.6599998474121094
1984-02-09,2.6999998092651367
1984-02-10,2.7699995040893555
1984-02-14,2.780000686645508
1984-02-15,2.75
1984-02-16,2.760000228881836
1984-02-17,2.75
1984-02-21,2.7799997329711914
1984-02-22,2.8000001907348633
1984-02-23,2.7899999618530273
1984-02-24,2.809999465942383
1984-02-27,2.8600006103515625
1984-02-28,2.880000114440918
1984-02-29,2.8999996185302734
1984-03-01,2.880000114440918
1984-03-02,2.8299999237060547
1984-03-05,2.869999885559082
1984-03-06,2.8600006103515625
1984-03-07,2.9099998474121094
1984-03-08,2.8999996185302734
1984-03-09,2.929999351501465
1984-03-12,2.8999996185302734
1984-03-13,2.890000343322754
1984-03-14,2.8500003814697266
1984-03-15,2.830000877380371
1984-03-16,2.8400001525878906
1984-03-19,2.809999465942383
1984-03-20,2.6399993896484375
1984-03-21,2.6399993896484375
1984-03-22,2.6999998092651367
1984-03-23,2.7099990844726562
1984-03-26,2.7300004959106445
1984-03-27,2.6800003051757812
1984-03-28,2.7100000381469727
1984-03-29,2.729999542236328
1984-03-30,2.809999465942383
1984-04-02,2.880000114440918
1984-04-03,2.869999885559082
1984-04-04,2.880000114440918
1984-04-05,2.859999656677246
1984-04-06,2.8299999237060547
1984-04-09,2.880000114440918
1984-04-10,2.890000343322754
1984-04-11,2.869999885559082
1984-04-12,2.7599992752075195
1984-04-13,2.8299999237060547
1984-04-16,2.8199996948242188
1984-04-17,2.809999465942383
1984-04-18,2.9499998092651367
1984-04-19,3.0400009155273438
1984-04-23,3.15000057220459
1984-04-24,3.1000003814697266
1984-04-25,3.059999465942383
1984-04-26,3.130000114440918
1984-04-27,3.0799999237060547
1984-04-30,3.09999942779541
1984-05-01,3.119999885559082
1984-05-02,3.179999351501465
1984-05-03,3.2200002670288086
1984-05-04,3.1999998092651367
1984-05-07,3.1999998092651367
1984-05-08,3.0500001907348633
1984-05-09,3.2100000381469727
1984-05-10,3.390000343322754
1984-05-11,3.4499998092651367
1984-05-14,3.609999656677246
1984-05-15,3.369999885559082
1984-05-16,3.6599998474121094
1984-05-17,3.760000228881836
1984-05-18,3.6399993896484375
1984-05-21,3.7300004959106445
1984-05-22,3.4800004959106445
1984-05-23,3.630000114440918
1984-05-24,4.010000228881836
1984-05-25,4.170000076293945
1984-05-29,4.170000076293945
1984-05-30,4.229999542236328
1984-05-31,4.159999847412109
1984-06-01,3.8299999237060547
1984-06-04,3.5699996948242188
1984-06-05,3.619999885559082
1984-06-06,3.7799997329711914
1984-06-07,3.6999998092651367
1984-06-08,3.5900001525878906
1984-06-11,3.5500001907348633
1984-06-12,3.4700002670288086
1984-06-13,3.549999237060547
1984-06-14,3.510000228881836
1984-06-15,3.3299999237060547
1984-06-18,3.310000419616699
1984-06-19,3.4700002670288086
1984-06-20,3.739999771118164
1984-06-21,3.7899999618530273
1984-06-22,3.8999996185302734
1984-06-25,4.0
1984-06-26,3.989999771118164
1984-06-27,4.010000228881836
1984-06-28,3.9600000381469727
1984-06-29,3.9200000762939453
1984-07-02,4.130000114440918
1984-07-03,3.820000648498535
1984-07-05,3.810000419616699
1984-07-06,3.75
1984-07-09,3.479999542236328
1984-07-10,3.439999580383301
1984-07-11,3.4499998092651367
1984-07-12,3.390000343322754
1984-07-13,3.3400001525878906
1984-07-16,3.3199996948242188
1984-07-17,3.189999580383301
1984-07-18,3.2100000381469727
1984-07-19,3.130000114440918
1984-07-20,3.2100000381469727
1984-07-23,3.140000343322754
1984-07-24,3.0399999618530273
1984-07-25,2.8000001907348633
1984-07-26,2.65000057220459
1984-07-27,2.6700000762939453
1984-07-30,2.7100000381469727
1984-07-31,2.510000228881836
1984-08-01,2.380000114440918
1984-08-02,2.2799997329711914
1984-08-03,2.1499996185302734
1984-08-06,2.189999580383301
1984-08-07,2.1599998474121094
1984-08-08,2.189999580383301
1984-08-09,2.1999998092651367
1984-08-10,2.25
1984-08-13,2.2899999618530273
1984-08-14,2.369999885559082
1984-08-15,2.5399999618530273
1984-08-16,2.439999580383301
1984-08-17,2.369999885559082
1984-08-20,2.25
1984-08-21,2.1999998092651367
1984-08-22,2.239999771118164
1984-08-23,2.239999771118164
1984-08-24,2.1800003051757812
1984-08-27,2.140000343322754
1984-08-28,2.160000801086426
1984-08-29,2.1700000762939453
1984-08-30,2.190000534057617
1984-08-31,2.1599998474121094
1984-09-04,2.2100000381469727
1984-09-05,2.2899999618530273
1984-09-06,2.2100000381469727
1984-09-07,1.9700002670288086
1984-09-10,2.1999998092651367
1984-09-11,2.1499996185302734
1984-09-12,2.15000057220459
1984-09-13,2.109999656677246
1984-09-14,2.0500001907348633
1984-09-17,2.0199995040893555
1984-09-18,2.030000686645508
1984-09-19,1.9799995422363281
1984-09-20,2.0399999618530273
1984-09-21,2.1999998092651367
1984-09-24,2.2200002670288086
1984-09-25,2.270000457763672
1984-09-26,2.239999771118164
1984-09-27,2.15000057220459
1984-09-28,2.25
1984-10-01,2.310000419616699
1984-10-02,2.2899999618530273
1984-10-03,2.359999656677246
1984-10-04,2.3700008392333984
1984-10-05,2.25
1984-10-09,2.2699995040893555
1984-10-10,2.2899999618530273
1984-10-11,2.3500003814697266
1984-10-12,2.380000114440918
1984-10-15,2.3600006103515625
1984-10-16,2.369999885559082
1984-10-17,2.4099998474121094
1984-10-18,2.380000114440918
1984-10-19,2.369999885559082
1984-10-22,2.34999942779541
1984-10-23,2.3299999237060547
1984-10-24,2.5799999237060547
1984-10-25,2.6599998474121094
1984-10-26,2.6499996185302734
1984-10-29,2.6599998474121094
1984-10-30,2.560000419616699
1984-10-31,2.7799997329711914
1984-11-01,2.6499996185302734
1984-11-02,2.6599998474121094
1984-11-05,2.9300003051757812
1984-11-07,3.1700000762939453
1984-11-08,3.060000419616699
1984-11-09,3.0699996948242188
1984-11-13,3.0699996948242188
1984-11-14,3.0500001907348633
1984-11-15,3.0699996948242188
1984-11-16,3.09999942779541
1984-11-19,3.0199995040893555
1984-11-20,2.9099998474121094
1984-11-21,2.8500003814697266
1984-11-23,2.8000001907348633
1984-11-26,2.8000001907348633
1984-11-27,2.8999996185302734
1984-11-28,3.0
1984-11-29,3.0699996948242188
1984-11-30,3.140000343322754
1984-12-03,3.15000057220459
1984-12-04,3.030000686645508
1984-12-05,3.0500001907348633
1984-12-06,3.130000114440918
1984-12-07,3.34999942779541
1984-12-10,3.3199996948242188
1984-12-11,3.219999313354492
1984-12-12,3.2699995040893555
1984-12-13,3.4099998474121094
1984-12-14,3.450000762939453
1984-12-17,3.5299997329711914
1984-12-18,3.4800000190734863
1984-12-19,3.630000114440918
1984-12-20,3.5699996948242188
1984-12-21,3.570000171661377
1984-12-24,3.6700005531311035
1984-12-26,3.8199996948242188
1984-12-27,3.7799997329711914
1984-12-28,3.7200002670288086
1984-12-31,3.700000286102295
1985-01-02,3.869999885559082
1985-01-03,3.8199996948242188
1985-01-04,3.8499999046325684
1985-01-07,3.7199997901916504
1985-01-08,3.6599998474121094
1985-01-09,3.7800002098083496
1985-01-10,3.739999771118164
1985-01-11,3.8299999237060547
1985-01-14,3.90000057220459
1985-01-15,3.7599997520446777
1985-01-16,3.770000457763672
1985-01-17,3.739999771118164
1985-01-18,3.65000057220459
1985-01-22,3.570000648498535
1985-01-23,3.570000171661377
1985-01-24,3.440000534057617
1985-01-25,3.4699997901916504
1985-01-28,3.3899998664855957
1985-01-29,3.289999485015869
1985-01-30,3.25
1985-01-31,3.119999885559082
1985-02-01,3.1000003814697266
1985-02-04,3.1700000762939453
1985-02-05,3.1599998474121094
1985-02-06,3.2799997329711914
1985-02-07,3.239999771118164
1985-02-08,3.140000343322754
1985-02-11,3.2100000381469727
1985-02-13,3.15000057220459
1985-02-14,3.1000003814697266
1985-02-15,3.190000534057617
1985-02-19,3.1999998092651367
1985-02-20,3.280000686645508
1985-02-21,3.2100000381469727
1985-02-22,3.369999885559082
1985-02-25,3.369999885559082
1985-02-26,3.369999885559082
1985-02-27,3.440000534057617
1985-02-28,3.4099998474121094
1985-03-01,3.1999998092651367
1985-03-04,3.2300004959106445
1985-03-05,3.179999351501465
1985-03-06,3.2300004959106445
1985-03-07,3.1399993896484375
1985-03-08,3.130000114440918
1985-03-11,3.25
1985-03-12,3.239999771118164
1985-03-13,3.299999237060547
1985-03-14,3.1999998092651367
1985-03-15,3.520000457763672
1985-03-18,3.510000228881836
1985-03-19,3.439999580383301
1985-03-20,3.380000114440918
1985-03-21,3.380000114440918
1985-03-22,3.369999885559082
1985-03-25,3.439999580383301
1985-03-26,3.4300003051757812
1985-03-27,3.510000228881836
1985-03-28,3.560000419616699
1985-03-29,3.469999313354492
1985-04-01,3.510000228881836
1985-04-02,3.479999542236328
1985-04-03,3.5699996948242188
1985-04-04,3.619999885559082
1985-04-08,3.65000057220459
1985-04-09,3.5699996948242188
1985-04-10,3.479999542236328
1985-04-11,3.380000114440918
1985-04-12,3.380000114440918
1985-04-15,3.3000001907348633
1985-04-16,3.320000171661377
1985-04-17,3.5
1985-04-18,3.4200000762939453
1985-04-19,3.369999885559082
1985-04-22,3.4600000381469727
1985-04-23,3.4699997901916504
1985-04-24,3.5
1985-04-25,3.5399999618530273
1985-04-26,3.5400004386901855
1985-04-29,3.630000114440918
1985-04-30,3.559999942779541
1985-05-01,3.520000457763672
1985-05-02,3.5299997329711914
1985-05-03,3.4900002479553223
1985-05-06,3.4599995613098145
1985-05-07,3.4099998474121094
1985-05-08,3.440000057220459
1985-05-09,3.4600000381469727
1985-05-10,3.309999942779541
1985-05-13,3.3299999237060547
1985-05-14,3.2699999809265137
1985-05-15,3.460000514984131
1985-05-16,3.440000534057617
1985-05-17,3.440000057220459
1985-05-20,3.3000001907348633
1985-05-21,3.3000001907348633
1985-05-22,3.3299999237060547
1985-05-23,3.40000057220459
1985-05-24,3.3899998664855957
1985-05-28,3.2300004959106445
1985-05-29,3.2200002670288086
1985-05-30,3.210000514984131
1985-05-31,3.1399998664855957
1985-06-03,3.0300002098083496
1985-06-04,3.0900001525878906
1985-06-05,2.9099998474121094
1985-06-06,2.9100003242492676
1985-06-07,3.039999485015869
1985-06-10,2.929999828338623
1985-06-11,2.929999828338623
1985-06-12,3.0699996948242188
1985-06-13,3.2400002479553223
1985-06-14,3.2799997329711914
1985-06-17,3.200000286102295
1985-06-18,3.239999771118164
1985-06-19,3.3000001907348633
1985-06-20,3.310000419616699
1985-06-21,3.3000001907348633
1985-06-24,3.3899998664855957
1985-06-25,3.4099998474121094
1985-06-26,3.5500001907348633
1985-06-27,3.4900002479553223
1985-06-28,3.4200000762939453
1985-07-01,3.3199996948242188
1985-07-02,3.25
1985-07-03,3.2099995613098145
1985-07-05,3.1600003242492676
1985-07-08,3.130000114440918
1985-07-09,3.0900001525878906
1985-07-10,3.1299996376037598
1985-07-11,3.1700000762939453
1985-07-12,3.1399993896484375
1985-07-15,3.1800003051757812
1985-07-16,3.1499996185302734
1985-07-17,3.130000114440918
1985-07-18,3.1500000953674316
1985-07-19,3.1800003051757812
1985-07-22,3.2200002670288086
1985-07-23,3.2100000381469727
1985-07-24,3.270000457763672
1985-07-25,3.3500003814697266
1985-07-26,3.4000000953674316
1985-07-29,3.4200000762939453
1985-07-30,3.3799996376037598
1985-07-31,3.289999485015869
1985-08-01,3.2400002479553223
1985-08-02,3.3499999046325684
1985-08-05,3.3700003623962402
1985-08-06,3.3899993896484375
1985-08-07,3.3700003623962402
1985-08-08,3.260000228881836
1985-08-09,3.2100000381469727
1985-08-12,3.2800002098083496
1985-08-13,3.320000171661377
1985-08-14,3.2899999618530273
1985-08-15,3.169999599456787
1985-08-16,3.1500000953674316
1985-08-19,3.09999942779541
1985-08-20,3.0799999237060547
1985-08-21,3.0799999237060547
1985-08-22,3.070000171661377
1985-08-23,3.1000003814697266
1985-08-26,3.1100001335144043
1985-08-27,3.0699996948242188
1985-08-28,3.0999999046325684
1985-08-29,3.0799999237060547
1985-08-30,3.1399998664855957
1985-09-03,3.1299996376037598
1985-09-04,3.109999656677246
1985-09-05,3.140000343322754
1985-09-06,3.239999771118164
1985-09-09,3.239999771118164
1985-09-10,3.249999523162842
1985-09-11,3.270000457763672
1985-09-12,3.280000686645508
1985-09-13,3.189999580383301
1985-09-16,3.190000057220459
1985-09-17,3.2100000381469727
1985-09-18,3.320000171661377
1985-09-19,3.3400001525878906
1985-09-20,3.34999942779541
1985-09-23,3.500000476837158
1985-09-24,3.489999771118164
1985-09-25,3.40000057220459
1985-09-26,3.2800002098083496
1985-09-30,3.270000457763672
1985-10-01,3.2599997520446777
1985-10-02,3.2800002098083496
1985-10-03,3.3399996757507324
1985-10-04,3.369999885559082
1985-10-07,3.3400001525878906
1985-10-08,3.1999998092651367
1985-10-09,3.179999828338623
1985-10-10,3.130000591278076
1985-10-11,3.1500000953674316
1985-10-15,3.0900001525878906
1985-10-16,3.0399999618530273
1985-10-17,3.0199999809265137
1985-10-18,2.9700002670288086
1985-10-21,2.9700002670288086
1985-10-22,2.9600000381469727
1985-10-23,2.9200005531311035
1985-10-24,2.8999996185302734
1985-10-25,2.9700002670288086
1985-10-28,3.0699996948242188
1985-10-29,2.8999996185302734
1985-10-30,2.7800002098083496
1985-10-31,2.820000171661377
1985-11-01,2.7799997329711914
1985-11-04,2.749999523162842
1985-11-05,2.690000534057617
1985-11-06,2.6800003051757812
1985-11-07,2.609999656677246
1985-11-08,2.6100001335144043
1985-11-12,2.5199999809265137
1985-11-13,2.499999523162842
1985-11-14,2.5199999809265137
1985-11-15,2.570000171661377
1985-11-18,2.4800004959106445
1985-11-19,2.5199995040893555
1985-11-20,2.4700002670288086
1985-11-21,2.3499999046325684
1985-11-22,2.429999828338623
1985-11-25,2.4900002479553223
1985-11-26,2.4800004959106445
1985-11-27,2.460000514984131
1985-11-29,2.4300003051757812
1985-12-02,2.429999351501465
1985-12-03,2.450000286102295
1985-12-04,2.4100003242492676
1985-12-05,2.359999656677246
1985-12-06,2.3999996185302734
1985-12-09,2.2899999618530273
1985-12-10,2.189999580383301
1985-12-11,2.1499996185302734
1985-12-12,2.190000534057617
1985-12-13,2.2300000190734863
1985-12-16,2.1299996376037598
1985-12-17,2.0399999618530273
1985-12-18,1.9799995422363281
1985-12-19,2.000000476837158
1985-12-20,1.989999771118164
1985-12-23,2.0099997520446777
1985-12-24,2.0199995040893555
1985-12-26,2.0299997329711914
1985-12-27,2.0299997329711914
1985-12-30,2.070000171661377
1985-12-31,1.9499998092651367
1986-01-02,1.940000057220459
1986-01-03,1.9800000190734863
1986-01-06,2.0099997520446777
1986-01-07,1.9099993705749512
1986-01-08,1.9600000381469727
1986-01-09,2.090000629425049
1986-01-10,2.1800003051757812
1986-01-13,2.25
1986-01-14,2.190000534057617
1986-01-15,2.1200003623962402
1986-01-16,2.2200002670288086
1986-01-17,2.1299996376037598
1986-01-21,2.200000286102295
1986-01-22,2.2799997329711914
1986-01-23,2.2599997520446777
1986-01-24,2.2599997520446777
1986-01-27,2.1800003051757812
1986-01-28,2.130000114440918
1986-01-29,2.059999942779541
1986-01-30,2.060000419616699
1986-01-31,2.1100001335144043
1986-02-03,2.020000457763672
1986-02-04,1.9800000190734863
1986-02-05,1.9600000381469727
1986-02-06,1.929999828338623
1986-02-07,1.8999996185302734
1986-02-10,1.8000001907348633
1986-02-11,1.820000171661377
1986-02-12,1.799999713897705
1986-02-13,1.7500004768371582
1986-02-14,1.6600003242492676
1986-02-18,1.6200003623962402
1986-02-19,1.619999885559082
1986-02-20,1.559999942779541
1986-02-21,1.4999995231628418
1986-02-24,1.3700003623962402
1986-02-25,1.3499994277954102
1986-02-26,1.2899994850158691
1986-02-27,1.1199994087219238
1986-02-28,1.1100001335144043
1986-03-03,1.0199999809265137
1986-03-04,1.0899996757507324
1986-03-05,1.2699999809265137
1986-03-06,1.3499999046325684
1986-03-07,1.3499999046325684
1986-03-10,1.1500000953674316
1986-03-11,1.1299996376037598
1986-03-12,1.059999942779541
1986-03-13,1.1599998474121094
1986-03-14,1.179999828338623
1986-03-17,1.2100000381469727
1986-03-18,1.2899999618530273
1986-03-19,1.330000400543213
1986-03-20,1.3400001525878906
1986-03-21,1.390000343322754
1986-03-24,1.2899999618530273
1986-03-25,1.3199996948242188
1986-03-26,1.2300000190734863
1986-03-27,1.1499996185302734
1986-03-31,1.049999713897705
1986-04-01,1.0399999618530273
1986-04-02,0.9899997711181641
1986-04-03,1.0799999237060547
1986-04-04,1.2199997901916504
1986-04-07,1.190000057220459
1986-04-08,1.179999828338623
1986-04-09,1.2599997520446777
1986-04-10,1.2100000381469727
1986-04-11,1.3299999237060547
1986-04-14,1.2800002098083496
1986-04-15,1.4099998474121094
1986-04-16,1.2100000381469727
1986-04-17,1.190000057220459
1986-04-18,1.2200002670288086
1986-04-21,1.1700000762939453
1986-04-22,1.3000001907348633
1986-04-23,1.2699999809265137
1986-04-24,1.4000000953674316
1986-04-25,1.440000057220459
1986-04-28,1.380000114440918
1986-04-29,1.2899999618530273
1986-04-30,1.2800002098083496
1986-05-01,1.3399996757507324
1986-05-02,1.3600001335144043
1986-05-05,1.3899998664855957
1986-05-06,1.4099998474121094
1986-05-07,1.3899998664855957
1986-05-08,1.3600001335144043
1986-05-09,1.429999828338623
1986-05-12,1.5399999618530273
1986-05-13,1.5399999618530273
1986-05-14,1.5699996948242188
1986-05-15,1.619999885559082
1986-05-16,1.7799997329711914
1986-05-19,1.7800002098083496
1986-05-20,1.6500000953674316
1986-05-21,1.700000286102295
1986-05-22,1.6800003051757812
1986-05-23,1.6600003242492676
1986-05-27,1.570000171661377
1986-05-28,1.5399999618530273
1986-05-29,1.6899995803833008
1986-05-30,1.75
1986-06-02,1.9599995613098145
1986-06-03,1.7799997329711914
1986-06-04,1.8700003623962402
1986-06-05,1.8000001907348633
1986-06-06,1.6299996376037598
1986-06-09,1.7699999809265137
1986-06-10,1.7899994850158691
1986-06-11,1.6700000762939453
1986-06-12,1.6999998092651367
1986-06-13,1.559999942779541
1986-06-16,1.510000228881836
1986-06-17,1.5399999618530273
1986-06-18,1.4800000190734863
1986-06-19,1.5799999237060547
1986-06-20,1.5
1986-06-23,1.440000057220459
1986-06-24,1.3899998664855957
1986-06-25,1.3400001525878906
1986-06-26,1.3400001525878906
1986-06-27,1.3600001335144043
1986-06-30,1.3899998664855957
1986-07-01,1.380000114440918
1986-07-02,1.369999885559082
1986-07-03,1.4000000953674316
1986-07-07,1.440000057220459
1986-07-08,1.5
1986-07-09,1.429999828338623
1986-07-10,1.4600000381469727
1986-07-11,1.5500001907348633
1986-07-14,1.4800000190734863
1986-07-15,1.3899998664855957
1986-07-16,1.429999828338623
1986-07-17,1.429999828338623
1986-07-18,1.4499998092651367
1986-07-21,1.4200000762939453
1986-07-22,1.4699997901916504
1986-07-23,1.4800000190734863
1986-07-24,1.5399999618530273
1986-07-25,1.5199999809265137
1986-07-28,1.640000343322754
1986-07-29,1.549999713897705
1986-07-30,1.559999942779541
1986-07-31,1.5500001907348633
1986-08-01,1.570000171661377
1986-08-04,1.619999885559082
1986-08-05,1.679999828338623
1986-08-06,1.75
1986-08-07,1.7300000190734863
1986-08-08,1.6000003814697266
1986-08-11,1.5799999237060547
1986-08-12,1.619999885559082
1986-08-13,1.5799999237060547
1986-08-14,1.5699996948242188
1986-08-15,1.5799999237060547
1986-08-18,1.5299997329711914
1986-08-19,1.4600000381469727
1986-08-20,1.5
1986-08-21,1.5900001525878906
1986-08-22,1.7100000381469727
1986-08-25,1.7899999618530273
1986-08-26,1.679999828338623
1986-08-27,1.739999771118164
1986-08-28,1.75
1986-08-29,1.7799997329711914
1986-09-02,1.8400001525878906
1986-09-03,1.9600000381469727
1986-09-04,1.9600000381469727
1986-09-05,2.0900001525878906
1986-09-08,2.140000343322754
1986-09-09,2.1500000953674316
1986-09-10,2.190000057220459
1986-09-11,2.3600001335144043
1986-09-12,2.4600000381469727
1986-09-15,2.3600001335144043
1986-09-16,2.4000000953674316
1986-09-17,2.3400001525878906
1986-09-18,2.3899998664855957
1986-09-19,2.4200000762939453
1986-09-22,2.369999885559082
1986-09-23,2.3299999237060547
1986-09-24,2.2400002479553223
1986-09-25,2.239999771118164
1986-09-26,2.2300000190734863
1986-09-29,2.2799997329711914
1986-09-30,2.25
1986-10-01,2.2199997901916504
1986-10-02,2.2599997520446777
1986-10-03,2.2199997901916504
1986-10-06,2.2300000190734863
1986-10-07,2.2200002670288086
1986-10-08,2.2699999809265137
1986-10-09,2.2699999809265137
1986-10-10,2.3000001907348633
1986-10-14,2.3499999046325684
1986-10-15,2.330000400543213
1986-10-16,2.330000400543213
1986-10-17,2.3000001907348633
1986-10-20,2.3499999046325684
1986-10-21,2.260000228881836
1986-10-22,2.189999580383301
1986-10-23,2.169999599456787
1986-10-24,2.1999998092651367
1986-10-27,2.2300000190734863
1986-10-28,2.25
1986-10-29,2.2100000381469727
1986-10-30,2.130000114440918
1986-10-31,2.140000343322754
1986-11-03,2.0799999237060547
1986-11-04,2.059999942779541
1986-11-05,1.9799995422363281
1986-11-06,2.059999942779541
1986-11-07,2.0799999237060547
1986-11-10,1.9600000381469727
1986-11-12,1.9499998092651367
1986-11-13,1.929999828338623
1986-11-14,1.8899998664855957
1986-11-17,1.8199996948242188
1986-11-18,1.9200000762939453
1986-11-19,1.8600001335144043
1986-11-20,1.809999942779541
1986-11-21,1.809999942779541
1986-11-24,1.7300000190734863
1986-11-25,1.760000228881836
1986-11-26,1.760000228881836
1986-11-28,1.760000228881836
1986-12-01,1.7599997520446777
1986-12-02,1.6700000762939453
1986-12-03,1.6500000953674316
1986-12-04,1.6100001335144043
1986-12-05,1.679999828338623
1986-12-08,1.5899996757507324
1986-12-09,1.5900001525878906
1986-12-10,1.5600004196166992
1986-12-11,1.630000114440918
1986-12-12,1.640000343322754
1986-12-15,1.6500000953674316
1986-12-16,1.5399999618530273
1986-12-17,1.4800000190734863
1986-12-18,1.510000228881836
1986-12-19,1.5899996757507324
1986-12-22,1.5699996948242188
1986-12-23,1.5299997329711914
1986-12-24,1.5
1986-12-26,1.5099997520446777
1986-12-29,1.5
1986-12-30,1.5399999618530273
1986-12-31,1.559999942779541
1987-01-02,1.6299996376037598
1987-01-05,1.5299997329711914
1987-01-06,1.5699996948242188
1987-01-07,1.6200003623962402
1987-01-08,1.6100001335144043
1987-01-09,1.630000114440918
1987-01-12,1.6800003051757812
1987-01-13,1.739999771118164
1987-01-14,1.760000228881836
1987-01-15,1.7199997901916504
1987-01-16,1.700000286102295
1987-01-20,1.7100000381469727
1987-01-21,1.700000286102295
1987-01-22,1.6500000953674316
1987-01-23,1.6599998474121094
1987-01-26,1.6800003051757812
1987-01-27,1.6700000762939453
1987-01-28,1.6600003242492676
1987-01-29,1.6500000953674316
1987-01-30,1.5799999237060547
1987-02-02,1.619999885559082
1987-02-03,1.6599998474121094
1987-02-04,1.5999999046325684
1987-02-05,1.609999656677246
1987-02-06,1.5300002098083496
1987-02-09,1.5300002098083496
1987-02-10,1.5099997520446777
1987-02-11,1.5099997520446777
1987-02-12,1.5900001525878906
1987-02-13,1.630000114440918
1987-02-17,1.6100001335144043
1987-02-18,1.700000286102295
1987-02-19,1.7800002098083496
1987-02-20,1.809999942779541
1987-02-23,1.7899999618530273
1987-02-24,1.739999771118164
1987-02-25,1.760000228881836
1987-02-26,1.760000228881836
1987-02-27,1.7400002479553223
1987-03-02,1.690000057220459
1987-03-03,1.6700000762939453
1987-03-04,1.6299996376037598
1987-03-05,1.6399998664855957
1987-03-06,1.5900001525878906
1987-03-09,1.5900001525878906
1987-03-10,1.5500001907348633
1987-03-11,1.5399999618530273
1987-03-12,1.549999713897705
1987-03-13,1.570000171661377
1987-03-16,1.5699996948242188
1987-03-17,1.6299996376037598
1987-03-18,1.690000057220459
1987-03-19,1.7100000381469727
1987-03-20,1.6999998092651367
1987-03-23,1.630000114440918
1987-03-24,1.6599998474121094
1987-03-25,1.690000057220459
1987-03-26,1.669999599456787
1987-03-27,1.6999998092651367
1987-03-30,1.880000114440918
1987-03-31,1.9000000953674316
1987-04-01,2.0500001907348633
1987-04-02,2.0799999237060547
1987-04-03,2.0900001525878906
1987-04-06,2.070000171661377
1987-04-07,2.109999656677246
1987-04-08,2.1100001335144043
1987-04-09,2.0300002098083496
1987-04-10,2.130000114440918
1987-04-13,2.049999713897705
1987-04-14,2.359999656677246
1987-04-15,2.4200005531311035
1987-04-16,2.4699997901916504
1987-04-20,2.6599998474121094
1987-04-21,2.689999580383301
1987-04-22,2.8199996948242188
1987-04-23,2.90000057220459
1987-04-24,2.7100000381469727
1987-04-27,2.5899996757507324
1987-04-28,2.4599995613098145
1987-04-29,2.640000343322754
1987-04-30,2.679999828338623
1987-05-01,2.7900004386901855
1987-05-04,2.8500003814697266
1987-05-05,2.6399998664855957
1987-05-06,3.0399999618530273
1987-05-07,2.9699997901916504
1987-05-08,2.9000000953674316
1987-05-11,2.919999599456787
1987-05-12,2.950000286102295
1987-05-13,3.0199999809265137
1987-05-14,2.8399996757507324
1987-05-15,2.8500003814697266
1987-05-18,2.859999656677246
1987-05-19,3.1100001335144043
1987-05-20,3.2300000190734863
1987-05-21,3.3399996757507324
1987-05-22,3.229999542236328
1987-05-26,2.940000057220459
1987-05-27,2.8400001525878906
1987-05-28,2.9300003051757812
1987-05-29,2.809999942779541
1987-06-01,2.75
1987-06-02,2.9600000381469727
1987-06-03,2.950000286102295
1987-06-04,2.9200000762939453
1987-06-05,2.820000171661377
1987-06-08,2.869999885559082
1987-06-09,3.0500001907348633
1987-06-10,3.080000400543213
1987-06-11,2.9800004959106445
1987-06-12,2.7699995040893555
1987-06-15,2.6299996376037598
1987-06-16,2.6499996185302734
1987-06-17,2.5799994468688965
1987-06-18,2.6200003623962402
1987-06-19,2.640000343322754
1987-06-22,2.5699996948242188
1987-06-23,2.5099997520446777
1987-06-24,2.4800004959106445
1987-06-25,2.4099998474121094
1987-06-26,2.5899996757507324
1987-06-29,2.6700000762939453
1987-06-30,2.6500000953674316
1987-07-01,2.7199997901916504
1987-07-02,2.640000343322754
1987-07-06,2.619999885559082
1987-07-07,2.679999828338623
1987-07-08,2.749999523162842
1987-07-09,2.7599997520446777
1987-07-10,2.729999542236328
1987-07-13,2.7699999809265137
1987-07-14,2.7799997329711914
1987-07-15,2.8500003814697266
1987-07-16,2.8299999237060547
1987-07-17,2.799999713897705
1987-07-20,2.859999656677246
1987-07-21,2.799999713897705
1987-07-22,2.880000114440918
1987-07-23,2.890000343322754
1987-07-24,2.8299999237060547
1987-07-27,2.7900004386901855
1987-07-28,2.7599997520446777
1987-07-29,2.729999542236328
1987-07-30,2.539999485015869
1987-07-31,2.5899996757507324
1987-08-03,2.760000228881836
1987-08-04,2.960000514984131
1987-08-05,2.8600001335144043
1987-08-06,2.989999771118164
1987-08-07,2.8499999046325684
1987-08-10,2.8299999237060547
1987-08-11,2.789999485015869
1987-08-12,2.770000457763672
1987-08-13,2.6700000762939453
1987-08-14,2.619999885559082
1987-08-17,2.580000400543213
1987-08-18,2.7099995613098145
1987-08-19,2.7300004959106445
1987-08-20,2.6299996376037598
1987-08-21,2.6700005531311035
1987-08-24,2.609999656677246
1987-08-25,2.549999713897705
1987-08-26,2.5399999618530273
1987-08-27,2.630000114440918
1987-08-28,2.710000514984131
1987-08-31,2.75
1987-09-01,2.9300003051757812
1987-09-02,3.189999580383301
1987-09-03,3.0999999046325684
1987-09-04,2.9200000762939453
1987-09-08,3.059999942779541
1987-09-09,3.049999713897705
1987-09-10,3.0900001525878906
1987-09-11,2.9800000190734863
1987-09-14,3.0
1987-09-15,3.09999942779541
1987-09-16,3.1800003051757812
1987-09-17,3.09999942779541
1987-09-18,2.9600000381469727
1987-09-21,2.939999580383301
1987-09-22,2.880000114440918
1987-09-23,2.929999828338623
1987-09-24,3.1000003814697266
1987-09-25,3.0299997329711914
1987-09-28,2.9900002479553223
1987-09-29,2.950000286102295
1987-09-30,3.0199999809265137
1987-10-01,3.0299997329711914
1987-10-02,2.940000534057617
1987-10-05,3.0099997520446777
1987-10-06,3.1700000762939453
1987-10-07,3.1500000953674316
1987-10-08,3.169999599456787
1987-10-09,3.189999580383301
1987-10-13,3.1599998474121094
1987-10-14,2.940000057220459
1987-10-15,3.1100001335144043
1987-10-16,3.299999713897705
1987-10-19,3.7599997520446777
1987-10-20,3.539999485015869
1987-10-21,3.700000286102295
1987-10-22,3.6100001335144043
1987-10-23,3.689999580383301
1987-10-26,3.580000400543213
1987-10-27,3.690000057220459
1987-10-28,3.9100003242492676
1987-10-29,3.8600001335144043
1987-10-30,3.6100001335144043
1987-11-02,3.359999656677246
1987-11-03,3.2799997329711914
1987-11-04,3.310000419616699
1987-11-05,3.140000343322754
1987-11-06,3.0300002098083496
1987-11-09,3.0799999237060547
1987-11-10,3.119999885559082
1987-11-12,2.9700002670288086
1987-11-13,2.9300003051757812
1987-11-16,2.9499998092651367
1987-11-17,2.979999542236328
1987-11-18,3.080000400543213
1987-11-19,3.1700000762939453
1987-11-20,3.070000171661377
1987-11-23,3.0199999809265137
1987-11-24,3.1200003623962402
1987-11-25,3.2799997329711914
1987-11-27,3.479999542236328
1987-11-30,3.7799997329711914
1987-12-01,3.4600000381469727
1987-12-02,3.520000457763672
1987-12-03,3.5799994468688965
1987-12-04,3.5099997520446777
1987-12-07,3.249999523162842
1987-12-08,3.2300000190734863
1987-12-09,3.2200002670288086
1987-12-10,3.309999465942383
1987-12-11,3.419999599456787
1987-12-14,3.3799996376037598
1987-12-15,3.1600003242492676
1987-12-16,3.059999942779541
1987-12-17,3.0999999046325684
1987-12-18,3.020000457763672
1987-12-21,3.010000228881836
1987-12-22,3.0199999809265137
1987-12-23,3.049999713897705
1987-12-24,3.0799999237060547
1987-12-28,3.2300004959106445
1987-12-29,3.010000228881836
1987-12-30,3.0699996948242188
1987-12-31,3.1500000953674316
1988-01-04,2.9499998092651367
1988-01-05,2.830000400543213
1988-01-06,2.979999542236328
1988-01-07,3.049999713897705
1988-01-08,3.1000003814697266
1988-01-11,3.249999523162842
1988-01-12,3.1200003623962402
1988-01-13,3.0799999237060547
1988-01-14,2.979999542236328
1988-01-15,2.7200002670288086
1988-01-19,2.689999580383301
1988-01-20,2.799999713897705
1988-01-21,2.7099995613098145
1988-01-22,2.679999828338623
1988-01-25,2.619999885559082
1988-01-26,2.7199997901916504
1988-01-27,2.640000343322754
1988-01-28,2.6500000953674316
1988-01-29,2.6200003623962402
1988-02-01,2.6000003814697266
1988-02-02,2.4700002670288086
1988-02-03,2.5
1988-02-04,2.5899996757507324
1988-02-05,2.4800000190734863
1988-02-08,2.549999713897705
1988-02-09,2.559999942779541
1988-02-10,2.499999523162842
1988-02-11,2.5299997329711914
1988-02-12,2.5299997329711914
1988-02-16,2.560000419616699
1988-02-17,2.5799999237060547
1988-02-18,2.5899996757507324
1988-02-19,2.580000400543213
1988-02-22,2.5799999237060547
1988-02-23,2.5399999618530273
1988-02-24,2.560000419616699
1988-02-25,2.59999942779541
1988-02-26,2.5900001525878906
1988-02-29,2.5399999618530273
1988-03-01,2.5299997329711914
1988-03-02,2.5199999809265137
1988-03-03,2.5199999809265137
1988-03-04,2.5699996948242188
1988-03-07,2.580000400543213
1988-03-08,2.5900001525878906
1988-03-09,2.5899996757507324
1988-03-10,2.6000003814697266
1988-03-11,2.559999942779541
1988-03-14,2.5900001525878906
1988-03-15,2.690000057220459
1988-03-16,2.749999523162842
1988-03-17,2.700000286102295
1988-03-18,2.75
1988-03-21,2.7300004959106445
1988-03-22,2.679999828338623
1988-03-23,2.640000343322754
1988-03-24,2.7200002670288086
1988-03-25,2.770000457763672
1988-03-28,2.8400001525878906
1988-03-29,2.820000648498535
1988-03-30,2.8199996948242188
1988-03-31,2.859999656677246
1988-04-04,2.830000400543213
1988-04-05,2.6700000762939453
1988-04-06,2.559999465942383
1988-04-07,2.5500001907348633
1988-04-08,2.500000476837158
1988-04-11,2.5500001907348633
1988-04-12,2.6399998664855957
1988-04-13,2.700000286102295
1988-04-14,2.9300003051757812
1988-04-15,2.859999656677246
1988-04-18,2.960000514984131
1988-04-19,3.000000476837158
1988-04-20,2.989999771118164
1988-04-21,2.989999771118164
1988-04-22,2.9499998092651367
1988-04-25,2.929999828338623
1988-04-26,2.9000000953674316
1988-04-27,2.9300003051757812
1988-04-28,2.8999996185302734
1988-04-29,2.8899998664855957
1988-05-02,2.859999656677246
1988-05-03,2.760000228881836
1988-05-04,2.7599997520446777
1988-05-05,2.7400002479553223
1988-05-06,2.7200002670288086
1988-05-09,2.7199997901916504
1988-05-10,2.729999542236328
1988-05-11,2.7899999618530273
1988-05-12,2.8299999237060547
1988-05-13,2.820000171661377
1988-05-16,2.810000419616699
1988-05-17,2.8199996948242188
1988-05-18,2.979999542236328
1988-05-19,3.0300002098083496
1988-05-20,2.9800004959106445
1988-05-23,2.979999542236328
1988-05-24,2.9100003242492676
1988-05-25,2.869999885559082
1988-05-26,2.7899999618530273
1988-05-27,2.799999713897705
1988-05-31,2.7699999809265137
1988-06-01,2.559999942779541
1988-06-02,2.6299996376037598
1988-06-03,2.510000228881836
1988-06-06,2.510000228881836
1988-06-07,2.590000629425049
1988-06-08,2.5300002098083496
1988-06-09,2.5199999809265137
1988-06-10,2.4700002670288086
1988-06-13,2.4699997901916504
1988-06-14,2.3399996757507324
1988-06-15,2.369999885559082
1988-06-16,2.6000003814697266
1988-06-17,2.65000057220459
1988-06-20,2.65000057220459
1988-06-21,2.4699997901916504
1988-06-22,2.3799996376037598
1988-06-23,2.3600001335144043
1988-06-24,2.3400001525878906
1988-06-27,2.3799996376037598
1988-06-28,2.2699999809265137
1988-06-29,2.3000001907348633
1988-06-30,2.2599997520446777
1988-07-01,2.2200002670288086
1988-07-05,2.2599997520446777
1988-07-06,2.3799996376037598
1988-07-07,2.3999996185302734
1988-07-08,2.380000114440918
1988-07-11,2.4100003242492676
1988-07-12,2.3499999046325684
1988-07-13,2.4000000953674316
1988-07-14,2.3899998664855957
1988-07-15,2.3600001335144043
1988-07-18,2.489999771118164
1988-07-19,2.4100003242492676
1988-07-20,2.3999996185302734
1988-07-21,2.3799996376037598
1988-07-22,2.369999885559082
1988-07-25,2.2699995040893555
1988-07-26,2.200000286102295
1988-07-27,2.140000343322754
1988-07-28,2.1700000762939453
1988-07-29,2.1700000762939453
1988-08-01,2.1599998474121094
1988-08-02,2.0999999046325684
1988-08-03,2.1399998664855957
1988-08-04,2.1499996185302734
1988-08-05,2.1999998092651367
1988-08-08,2.2799997329711914
1988-08-09,2.1399998664855957
1988-08-10,2.310000419616699
1988-08-11,2.3400001525878906
1988-08-12,2.34999942779541
1988-08-15,2.380000114440918
1988-08-16,2.2900004386901855
1988-08-17,2.3499999046325684
1988-08-18,2.330000400543213
1988-08-19,2.2900004386901855
1988-08-22,2.309999942779541
1988-08-23,2.1599998474121094
1988-08-24,2.1600003242492676
1988-08-25,2.1599998474121094
1988-08-26,2.0500001907348633
1988-08-29,1.9800000190734863
1988-08-30,1.9700002670288086
1988-08-31,1.9499998092651367
1988-09-01,1.9699997901916504
1988-09-02,1.7800002098083496
1988-09-06,1.7299995422363281
1988-09-07,1.6599998474121094
1988-09-08,1.669999599456787
1988-09-09,1.6500000953674316
1988-09-12,1.7400002479553223
1988-09-13,1.7699995040893555
1988-09-14,1.7200002670288086
1988-09-15,1.739999771118164
1988-09-16,1.7800002098083496
1988-09-19,1.8400001525878906
1988-09-20,1.7700004577636719
1988-09-21,1.7400002479553223
1988-09-22,1.75
1988-09-23,1.7400002479553223
1988-09-26,1.6999998092651367
1988-09-27,1.7100000381469727
1988-09-28,1.7200002670288086
1988-09-29,1.6899995803833008
1988-09-30,1.619999885559082
1988-10-03,1.6000003814697266
1988-10-04,1.6399998664855957
1988-10-05,1.6500000953674316
1988-10-06,1.5699996948242188
1988-10-07,1.429999828338623
1988-10-11,1.4600000381469727
1988-10-12,1.559999942779541
1988-10-13,1.5
1988-10-14,1.4900002479553223
1988-10-17,1.4600000381469727
1988-10-18,1.419999599456787
1988-10-19,1.3899998664855957
1988-10-20,1.3400001525878906
1988-10-21,1.3899998664855957
1988-10-24,1.3199996948242188
1988-10-25,1.3899998664855957
1988-10-26,1.380000114440918
1988-10-27,1.3400001525878906
1988-10-28,1.3199996948242188
1988-10-31,1.2899994850158691
1988-11-01,1.3400001525878906
1988-11-02,1.359999656677246
1988-11-03,1.2899994850158691
1988-11-04,1.4000005722045898
1988-11-07,1.429999828338623
1988-11-08,1.3199996948242188
1988-11-09,1.3399996757507324
1988-11-10,1.2599997520446777
1988-11-14,1.1299996376037598
1988-11-15,0.9700002670288086
1988-11-16,1.059999942779541
1988-11-17,1.140000343322754
1988-11-18,1.1100001335144043
1988-11-21,1.0500001907348633
1988-11-22,1.0900001525878906
1988-11-23,1.0699996948242188
1988-11-25,1.140000343322754
1988-11-28,1.179999828338623
1988-11-29,1.140000343322754
1988-11-30,1.2300004959106445
1988-12-01,1.1600003242492676
1988-12-02,1.1100006103515625
1988-12-05,1.119999885559082
1988-12-06,1.0
1988-12-07,1.010000228881836
1988-12-08,1.0400004386901855
1988-12-09,1.1899995803833008
1988-12-12,1.179999828338623
1988-12-13,1.0499992370605469
1988-12-14,1.0699996948242188
1988-12-15,1.0
1988-12-16,1.010000228881836
1988-12-19,0.9600000381469727
1988-12-20,0.8999996185302734
1988-12-21,0.9699993133544922
1988-12-22,1.0199995040893555
1988-12-23,1.0
1988-12-27,0.9800004959106445
1988-12-28,0.9499998092651367
1988-12-29,1.0500001907348633
1988-12-30,1.0399999618530273
1989-01-03,1.0899991989135742
1989-01-04,0.9700002670288086
1989-01-05,1.0
1989-01-06,0.9600000381469727
1989-01-09,0.9499998092651367
1989-01-10,0.9399995803833008
1989-01-11,1.0
1989-01-12,0.880000114440918
1989-01-13,0.8500003814697266
1989-01-17,0.8200006484985352
1989-01-18,0.7299995422363281
1989-01-19,0.7700004577636719
1989-01-20,0.7899999618530273
1989-01-23,0.7299995422363281
1989-01-24,0.7200002670288086
1989-01-25,0.6999998092651367
1989-01-26,0.6499996185302734
1989-01-27,0.619999885559082
1989-01-30,0.7200002670288086
1989-01-31,0.619999885559082
1989-02-01,0.619999885559082
1989-02-02,0.5999994277954102
1989-02-03,0.5300006866455078
1989-02-06,0.48000049591064453
1989-02-07,0.43000030517578125
1989-02-08,0.4200000762939453
1989-02-09,0.6500005722045898
1989-02-10,0.6399993896484375
1989-02-13,0.6499996185302734
1989-02-14,0.6699991226196289
1989-02-15,0.7300004959106445
1989-02-16,0.7100000381469727
1989-02-17,0.7200002670288086
1989-02-21,0.75
1989-02-22,0.7600002288818359
1989-02-23,0.75
1989-02-24,0.7300004959106445
1989-02-27,0.6799993515014648
1989-02-28,0.6099996566772461
1989-03-01,0.6999998092651367
1989-03-02,0.6500005722045898
1989-03-03,0.6800003051757812
1989-03-06,0.6900005340576172
1989-03-07,0.6400003433227539
1989-03-08,0.619999885559082
1989-03-09,0.5799999237060547
1989-03-10,0.6000003814697266
1989-03-13,0.5900001525878906
1989-03-14,0.619999885559082
1989-03-15,0.6400003433227539
1989-03-16,0.6000003814697266
1989-03-17,0.6399993896484375
1989-03-20,0.5399999618530273
1989-03-21,0.4399995803833008
1989-03-22,0.4399995803833008
1989-03-23,0.3900003433227539
1989-03-27,0.3399991989135742
1989-03-28,0.3400001525878906
1989-03-29,0.39999961853027344
1989-03-30,0.3900003433227539
1989-03-31,0.40000057220458984
1989-04-03,0.3900003433227539
1989-04-04,0.3599996566772461
1989-04-05,0.35000038146972656
1989-04-06,0.3599996566772461
1989-04-07,0.4700002670288086
1989-04-10,0.5400009155273438
1989-04-11,0.5900001525878906
1989-04-12,0.630000114440918
1989-04-13,0.5699996948242188
1989-04-14,0.5700006484985352
1989-04-17,0.5900001525878906
1989-04-18,0.630000114440918
1989-04-19,0.6499996185302734
1989-04-20,0.5599994659423828
1989-04-21,0.5099992752075195
1989-04-24,0.4799995422363281
1989-04-25,0.48999977111816406
1989-04-26,0.5799999237060547
1989-04-27,0.6400003433227539
1989-04-28,0.6100006103515625
1989-05-01,0.5200004577636719
1989-05-02,0.5
1989-05-03,0.5300006866455078
1989-05-04,0.5300006866455078
1989-05-05,0.5599994659423828
1989-05-08,0.5500001907348633
1989-05-09,0.6499996185302734
1989-05-10,0.6399993896484375
1989-05-11,0.6800003051757812
1989-05-12,0.6000003814697266
1989-05-15,0.5799999237060547
1989-05-16,0.5900001525878906
1989-05-17,0.5200004577636719
1989-05-18,0.39999961853027344
1989-05-19,0.3599996566772461
1989-05-22,0.26000022888183594
1989-05-23,0.32000064849853516
1989-05-24,0.26000022888183594
1989-05-25,0.13000011444091797
1989-05-26,0.1399993896484375
1989-05-30,0.06000041961669922
1989-05-31,-0.009999275207519531
1989-06-01,0.0
1989-06-02,0.07000064849853516
1989-06-05,0.09999942779541016
1989-06-06,0.19999980926513672
1989-06-07,0.13000011444091797
1989-06-08,0.15000057220458984
1989-06-09,-0.07000064849853516
1989-06-12,-0.029999732971191406
1989-06-13,0.09000015258789062
1989-06-14,0.07999992370605469
1989-06-15,0.23999977111816406
1989-06-16,0.21000003814697266
1989-06-19,0.2200002670288086
1989-06-20,0.16000080108642578
1989-06-21,0.23999977111816406
1989-06-22,0.23000049591064453
1989-06-23,0.19999980926513672
1989-06-26,0.07999992370605469
1989-06-27,0.05999946594238281
1989-06-28,0.13000011444091797
1989-06-29,0.1700000762939453
1989-06-30,0.1100006103515625
1989-07-03,0.12000036239624023
1989-07-05,0.3299994468688965
1989-07-06,0.309999942779541
1989-07-07,0.29000043869018555
1989-07-10,0.23999977111816406
1989-07-11,0.23999977111816406
1989-07-12,0.26999998092651367
1989-07-13,0.23000001907348633
1989-07-14,0.19999980926513672
1989-07-17,0.13000011444091797
1989-07-18,0.2200002670288086
1989-07-19,0.16000032424926758
1989-07-20,0.04000043869018555
1989-07-21,-0.05000019073486328
1989-07-24,-0.05000019073486328
1989-07-25,-0.01999950408935547
1989-07-26,0.0
1989-07-27,0.019999980926513672
1989-07-28,0.009999752044677734
1989-07-31,0.019999980926513672
1989-08-01,0.1099996566772461
1989-08-02,0.13000011444091797
1989-08-03,0.16000032424926758
1989-08-04,0.13000011444091797
1989-08-07,0.07999992370605469
1989-08-08,0.059999942779541016
1989-08-09,0.1400003433227539
1989-08-10,0.16000032424926758
1989-08-11,0.13000011444091797
1989-08-14,0.17999935150146484
1989-08-15,0.18000030517578125
1989-08-16,0.17999982833862305
1989-08-17,0.3000001907348633
1989-08-18,0.28999948501586914
1989-08-21,0.2799997329711914
1989-08-22,0.23999977111816406
1989-08-23,0.25
1989-08-24,0.23999977111816406
1989-08-25,0.25
1989-08-28,0.29000043869018555
1989-08-29,0.37000036239624023
1989-08-30,0.38000011444091797
1989-08-31,0.37000036239624023
1989-09-01,0.3299994468688965
1989-09-05,0.3099994659423828
1989-09-06,0.34999990463256836
1989-09-07,0.36999988555908203
1989-09-08,0.3600001335144043
1989-09-11,0.440000057220459
1989-09-12,0.5100002288818359
1989-09-13,0.5900001525878906
1989-09-14,0.5500001907348633
1989-09-15,0.559999942779541
1989-09-18,0.49000024795532227
1989-09-19,0.43000030517578125
1989-09-20,0.3399996757507324
1989-09-21,0.36999988555908203
1989-09-22,0.46000003814697266
1989-09-25,0.4999995231628418
1989-09-26,0.5399999618530273
1989-09-27,0.4700002670288086
1989-09-28,0.43000030517578125
1989-09-29,0.40000057220458984
1989-10-02,0.3899998664855957
1989-10-03,0.4499993324279785
1989-10-04,0.440000057220459
1989-10-05,0.3899993896484375
1989-10-06,0.4499998092651367
1989-10-10,0.39999961853027344
1989-10-11,0.36999988555908203
1989-10-12,0.3400001525878906
1989-10-13,0.25999975204467773
1989-10-16,0.5399999618530273
1989-10-17,0.570000171661377
1989-10-18,0.5100002288818359
1989-10-19,0.3899998664855957
1989-10-20,0.42999982833862305
1989-10-23,0.34999990463256836
1989-10-24,0.36999988555908203
1989-10-25,0.3000001907348633
1989-10-26,0.2800002098083496
1989-10-27,0.17999982833862305
1989-10-30,0.1700000762939453
1989-10-31,0.15000009536743164
1989-11-01,0.12999963760375977
1989-11-02,0.1399998664855957
1989-11-03,0.11999988555908203
1989-11-06,0.13000011444091797
1989-11-07,0.15000009536743164
1989-11-08,0.17999982833862305
1989-11-09,0.20000028610229492
1989-11-10,0.21000003814697266
1989-11-13,0.19000005722045898
1989-11-14,0.21000003814697266
1989-11-15,0.18000030517578125
1989-11-16,0.16000032424926758
1989-11-17,0.20000028610229492
1989-11-20,0.18000030517578125
1989-11-21,0.2199997901916504
1989-11-22,0.2199997901916504
1989-11-24,0.28999996185302734
1989-11-27,0.19000005722045898
1989-11-28,0.15000009536743164
1989-11-29,0.2200002670288086
1989-11-30,0.25
1989-12-01,0.2799997329711914
1989-12-04,0.26999998092651367
1989-12-05,0.26000022888183594
1989-12-06,0.21000003814697266
1989-12-07,0.19000005722045898
1989-12-08,0.21000003814697266
1989-12-11,0.19000005722045898
1989-12-12,0.18000030517578125
1989-12-13,0.13000011444091797
1989-12-14,0.1700000762939453
1989-12-15,0.18000030517578125
1989-12-18,0.1700000762939453
1989-12-19,0.1100001335144043
1989-12-20,0.19999980926513672
1989-12-21,0.21000003814697266
1989-12-22,0.23000001907348633
1989-12-26,0.18999958038330078
1989-12-27,0.21000003814697266
1989-12-28,0.23000001907348633
1989-12-29,0.37999963760375977
1990-01-02,0.3600001335144043
1990-01-03,0.3599996566772461
1990-01-04,0.3899998664855957
1990-01-05,0.4499998092651367
1990-01-08,0.48000049591064453
1990-01-09,0.4700002670288086
1990-01-10,0.5299997329711914
1990-01-11,0.48999977111816406
1990-01-12,0.6000003814697266
1990-01-16,0.5699996948242188
1990-01-17,0.4799995422363281
1990-01-18,0.5399994850158691
1990-01-19,0.5200004577636719
1990-01-22,0.5400004386901855
1990-01-23,0.5900001525878906
1990-01-24,0.7100000381469727
1990-01-25,0.7300000190734863
1990-01-26,0.809999942779541
1990-01-29,0.7600002288818359
1990-01-30,0.7700004577636719
1990-01-31,0.6900005340576172
1990-02-01,0.6599998474121094
1990-02-02,0.690000057220459
1990-02-05,0.7099995613098145
1990-02-06,0.7499995231628418
1990-02-07,0.7100005149841309
1990-02-08,0.679999828338623
1990-02-09,0.5500001907348633
1990-02-12,0.6699995994567871
1990-02-13,0.7700004577636719
1990-02-14,0.7499995231628418
1990-02-15,0.7200002670288086
1990-02-16,0.7300000190734863
1990-02-20,0.8199996948242188
1990-02-21,0.869999885559082
1990-02-22,0.809999942779541
1990-02-23,0.8499999046325684
1990-02-26,0.75
1990-02-27,0.679999828338623
1990-02-28,0.7400002479553223
1990-03-01,0.7800002098083496
1990-03-02,0.7799997329711914
1990-03-05,0.8299994468688965
1990-03-06,0.690000057220459
1990-03-07,0.6700000762939453
1990-03-08,0.6599998474121094
1990-03-09,0.6599998474121094
1990-03-12,0.6400003433227539
1990-03-13,0.7499995231628418
1990-03-14,0.6999998092651367
1990-03-15,0.7199997901916504
1990-03-16,0.6700000762939453
1990-03-19,0.6500000953674316
1990-03-20,0.570000171661377
1990-03-21,0.6000003814697266
1990-03-22,0.6299996376037598
1990-03-23,0.6400003433227539
1990-03-26,0.6500000953674316
1990-03-27,0.6200003623962402
1990-03-28,0.6600003242492676
1990-03-29,0.7700004577636719
1990-03-30,0.8499994277954102
1990-04-02,0.8699994087219238
1990-04-03,0.809999942779541
1990-04-04,0.8000001907348633
1990-04-05,0.8099994659423828
1990-04-06,0.8000001907348633
1990-04-09,0.7699999809265137
1990-04-10,0.820000171661377
1990-04-11,0.869999885559082
1990-04-12,0.880000114440918
1990-04-16,0.9400005340576172
1990-04-17,1.010000228881836
1990-04-18,1.049999713897705
1990-04-19,1.0799999237060547
1990-04-20,1.2599997520446777
1990-04-23,1.2499995231628418
1990-04-24,1.239999771118164
1990-04-25,1.2200002670288086
1990-04-26,1.2499995231628418
1990-04-27,1.2700004577636719
1990-04-30,1.25
1990-05-01,1.1599998474121094
1990-05-02,1.190000057220459
1990-05-03,1.1599998474121094
1990-05-04,1.0799999237060547
1990-05-07,1.049999713897705
1990-05-08,1.0500001907348633
1990-05-09,1.130000114440918
1990-05-10,1.109999656677246
1990-05-11,1.0200004577636719
1990-05-14,0.9799995422363281
1990-05-15,0.9999995231628418
1990-05-16,1.010000228881836
1990-05-17,1.0199995040893555
1990-05-18,1.0
1990-05-21,0.9899997711181641
1990-05-22,0.9199995994567871
1990-05-23,0.9599995613098145
1990-05-24,0.940000057220459
1990-05-25,0.9399995803833008
1990-05-29,0.9099998474121094
1990-05-30,0.8599996566772461
1990-05-31,0.8500003814697266
1990-06-01,0.7599997520446777
1990-06-04,0.7399997711181641
1990-06-05,0.7700004577636719
1990-06-06,0.7600002288818359
1990-06-07,0.7600002288818359
1990-06-08,0.7600002288818359
1990-06-11,0.7499995231628418
1990-06-12,0.7499995231628418
1990-06-13,0.7299995422363281
1990-06-14,0.7200002670288086
1990-06-15,0.7699999809265137
1990-06-18,0.8299999237060547
1990-06-19,0.7700004577636719
1990-06-20,0.7899999618530273
1990-06-21,0.7500004768371582
1990-06-22,0.7300000190734863
1990-06-25,0.7899999618530273
1990-06-26,0.7600002288818359
1990-06-27,0.7400002479553223
1990-06-28,0.7300004959106445
1990-06-29,0.6900005340576172
1990-07-02,0.6900005340576172
1990-07-03,0.6999998092651367
1990-07-05,0.7600002288818359
1990-07-06,0.7600002288818359
1990-07-09,0.7699995040893555
1990-07-10,0.7699995040893555
1990-07-11,0.7899994850158691
1990-07-12,0.820000171661377
1990-07-13,0.8499999046325684
1990-07-16,0.8299994468688965
1990-07-17,0.8299994468688965
1990-07-18,0.9499998092651367
1990-07-19,0.9700002670288086
1990-07-20,0.9399995803833008
1990-07-23,0.9999995231628418
1990-07-24,0.9999995231628418
1990-07-25,0.929999828338623
1990-07-26,0.9099998474121094
1990-07-27,0.9000000953674316
1990-07-30,0.8400001525878906
1990-07-31,0.869999885559082
1990-08-01,0.869999885559082
1990-08-02,0.9800000190734863
1990-08-03,1.140000343322754
1990-08-06,1.4099998474121094
1990-08-07,1.4099998474121094
1990-08-08,1.390000343322754
1990-08-09,1.25
1990-08-10,1.2800002098083496
1990-08-13,1.2899999618530273
1990-08-14,1.2300000190734863
1990-08-15,1.1900005340576172
1990-08-16,1.2800002098083496
1990-08-17,1.330000400543213
1990-08-20,1.2900004386901855
1990-08-21,1.2699999809265137
1990-08-22,1.3199996948242188
1990-08-23,1.4600000381469727
1990-08-24,1.5600004196166992
1990-08-27,1.3699994087219238
1990-08-28,1.4599995613098145
1990-08-29,1.3700003623962402
1990-08-30,1.4099998474121094
1990-08-31,1.4699997901916504
1990-09-04,1.5099997520446777
1990-09-05,1.489999771118164
1990-09-06,1.4600000381469727
1990-09-07,1.4200005531311035
1990-09-10,1.4200005531311035
1990-09-11,1.4099998474121094
1990-09-12,1.4499998092651367
1990-09-13,1.4699997901916504
1990-09-14,1.5199999809265137
1990-09-17,1.5299997329711914
1990-09-18,1.5299997329711914
1990-09-19,1.4900002479553223
1990-09-20,1.5199999809265137
1990-09-21,1.6299996376037598
1990-09-24,1.6599998474121094
1990-09-25,1.6700005531311035
1990-09-26,1.6700000762939453
1990-09-27,1.679999828338623
1990-09-28,1.679999828338623
1990-10-01,1.5799999237060547
1990-10-02,1.5099997520446777
1990-10-03,1.559999942779541
1990-10-04,1.5399999618530273
1990-10-05,1.609999656677246
1990-10-09,1.6599998474121094
1990-10-10,1.6900005340576172
1990-10-11,1.8000001907348633
1990-10-12,1.700000286102295
1990-10-15,1.640000343322754
1990-10-16,1.630000114440918
1990-10-17,1.5600004196166992
1990-10-18,1.4600000381469727
1990-10-19,1.369999885559082
1990-10-22,1.4000000953674316
1990-10-23,1.4399995803833008
1990-10-24,1.440000057220459
1990-10-25,1.440000057220459
1990-10-26,1.5
1990-10-29,1.549999713897705
1990-10-30,1.559999942779541
1990-10-31,1.5399994850158691
1990-11-01,1.5199995040893555
1990-11-02,1.489999771118164
1990-11-05,1.4200000762939453
1990-11-06,1.4400005340576172
1990-11-07,1.4799995422363281
1990-11-08,1.489999771118164
1990-11-09,1.4399995803833008
1990-11-13,1.3299999237060547
1990-11-14,1.2899994850158691
1990-11-15,1.2799997329711914
1990-11-16,1.2200002670288086
1990-11-19,1.2500004768371582
1990-11-20,1.2200002670288086
1990-11-21,1.2300004959106445
1990-11-23,1.2499995231628418
1990-11-26,1.2400002479553223
1990-11-27,1.239999771118164
1990-11-28,1.2400002479553223
1990-11-29,1.2899994850158691
1990-11-30,1.2400002479553223
1990-12-03,1.1700000762939453
1990-12-04,1.1899995803833008
1990-12-05,1.1599998474121094
1990-12-06,1.1800003051757812
1990-12-07,1.1399998664855957
1990-12-10,1.119999885559082
1990-12-11,1.0999999046325684
1990-12-12,1.119999885559082
1990-12-13,1.1500000953674316
1990-12-14,1.200000286102295
1990-12-17,1.2100005149841309
1990-12-18,1.2599997520446777
1990-12-19,1.380000114440918
1990-12-20,1.5
1990-12-21,1.5199995040893555
1990-12-24,1.669999599456787
1990-12-26,1.669999599456787
1990-12-27,1.6399998664855957
1990-12-28,1.6900005340576172
1990-12-31,1.6399998664855957
1991-01-02,1.5099997520446777
1991-01-03,1.489999771118164
1991-01-04,1.4900002479553223
1991-01-07,1.619999885559082
1991-01-08,1.7199997901916504
1991-01-09,2.0
1991-01-10,1.9499998092651367
1991-01-11,2.0399999618530273
1991-01-14,2.179999351501465
1991-01-15,2.1700000762939453
1991-01-16,2.1999998092651367
1991-01-17,1.9300003051757812
1991-01-18,1.9599995613098145
1991-01-22,2.0199995040893555
1991-01-23,1.9000000953674316
1991-01-24,1.869999885559082
1991-01-25,1.890000343322754
1991-01-28,1.8100004196166992
1991-01-29,1.830000400543213
1991-01-30,1.8500003814697266
1991-01-31,1.8399996757507324
1991-02-01,1.9099998474121094
1991-02-04,1.9000000953674316
1991-02-05,1.880000114440918
1991-02-06,1.880000114440918
1991-02-07,1.880000114440918
1991-02-08,1.8499999046325684
1991-02-11,1.9000000953674316
1991-02-12,1.9300003051757812
1991-02-13,1.9200000762939453
1991-02-14,1.950000286102295
1991-02-15,1.8700003623962402
1991-02-19,1.8400001525878906
1991-02-20,1.9000000953674316
1991-02-21,1.9600000381469727
1991-02-22,1.9600000381469727
1991-02-25,1.9200000762939453
1991-02-26,1.9200000762939453
1991-02-27,1.9499998092651367
1991-02-28,1.9800004959106445
1991-03-01,2.0299997329711914
1991-03-04,2.059999942779541
1991-03-05,2.0299997329711914
1991-03-06,2.0299997329711914
1991-03-07,1.9999995231628418
1991-03-08,2.1600003242492676
1991-03-11,2.1700005531311035
1991-03-12,2.2300000190734863
1991-03-13,2.190000534057617
1991-03-14,2.260000228881836
1991-03-15,2.3000001907348633
1991-03-18,2.309999465942383
1991-03-19,2.3600001335144043
1991-03-20,2.3199996948242188
1991-03-21,2.2899999618530273
1991-03-22,2.260000228881836
1991-03-25,2.25
1991-03-26,2.2699999809265137
1991-03-27,2.2699999809265137
1991-03-28,2.310000419616699
1991-04-01,2.309999465942383
1991-04-02,2.2599997520446777
1991-04-03,2.2800002098083496
1991-04-04,2.260000228881836
1991-04-05,2.2799997329711914
1991-04-08,2.3299999237060547
1991-04-09,2.419999599456787
1991-04-10,2.4900002479553223
1991-04-11,2.5199999809265137
1991-04-12,2.4699997901916504
1991-04-15,2.359999656677246
1991-04-16,2.359999656677246
1991-04-17,2.3899998664855957
1991-04-18,2.3600006103515625
1991-04-19,2.3500003814697266
1991-04-22,2.4599995613098145
1991-04-23,2.4099998474121094
1991-04-24,2.40000057220459
1991-04-25,2.4599995613098145
1991-04-26,2.440000534057617
1991-04-29,2.479999542236328
1991-04-30,2.510000228881836
1991-05-01,2.4700002670288086
1991-05-02,2.5099997520446777
1991-05-03,2.570000171661377
1991-05-06,2.5900001525878906
1991-05-07,2.560000419616699
1991-05-08,2.5399999618530273
1991-05-09,2.5400004386901855
1991-05-10,2.6399998664855957
1991-05-13,2.5999999046325684
1991-05-14,2.65000057220459
1991-05-15,2.6800003051757812
1991-05-16,2.7199997901916504
1991-05-17,2.679999828338623
1991-05-20,2.65000057220459
1991-05-21,2.560000419616699
1991-05-22,2.6000003814697266
1991-05-23,2.700000286102295
1991-05-24,2.700000286102295
1991-05-28,2.669999599456787
1991-05-29,2.619999885559082
1991-05-30,2.570000648498535
1991-05-31,2.5300002098083496
1991-06-03,2.5400004386901855
1991-06-04,2.570000171661377
1991-06-05,2.59999942779541
1991-06-06,2.669999599456787
1991-06-07,2.7300000190734863
1991-06-10,2.7100000381469727
1991-06-11,2.7199997901916504
1991-06-12,2.799999713897705
1991-06-13,2.760000228881836
1991-06-14,2.6999998092651367
1991-06-17,2.7100000381469727
1991-06-18,2.6999998092651367
1991-06-19,2.7599997520446777
1991-06-20,2.7400002479553223
1991-06-21,2.749999523162842
1991-06-24,2.7699999809265137
1991-06-25,2.75
1991-06-26,2.7699999809265137
1991-06-27,2.7699995040893555
1991-06-28,2.6999998092651367
1991-07-01,2.6800003051757812
1991-07-02,2.690000534057617
1991-07-03,2.700000286102295
1991-07-05,2.760000228881836
1991-07-08,2.7699999809265137
1991-07-09,2.7699995040893555
1991-07-10,2.770000457763672
1991-07-11,2.7400002479553223
1991-07-12,2.7100000381469727
1991-07-15,2.690000057220459
1991-07-16,2.6800003051757812
1991-07-17,2.690000057220459
1991-07-18,2.7200002670288086
1991-07-19,2.6999998092651367
1991-07-22,2.7099995613098145
1991-07-23,2.7200002670288086
1991-07-24,2.6599998474121094
1991-07-25,2.619999885559082
1991-07-26,2.619999885559082
1991-07-29,2.6299996376037598
1991-07-30,2.6500000953674316
1991-07-31,2.669999599456787
1991-08-01,2.6499996185302734
1991-08-02,2.6000003814697266
1991-08-05,2.5399999618530273
1991-08-06,2.559999942779541
1991-08-07,2.549999713897705
1991-08-08,2.6100001335144043
1991-08-09,2.6599998474121094
1991-08-12,2.6399998664855957
1991-08-13,2.619999885559082
1991-08-14,2.5300002098083496
1991-08-15,2.5399999618530273
1991-08-16,2.5799999237060547
1991-08-19,2.7199997901916504
1991-08-20,2.6999998092651367
1991-08-21,2.5199999809265137
1991-08-22,2.4700002670288086
1991-08-23,2.4900002479553223
1991-08-26,2.5
1991-08-27,2.5099997520446777
1991-08-28,2.5199999809265137
1991-08-29,2.4699997901916504
1991-08-30,2.4900002479553223
1991-09-03,2.4699997901916504
1991-09-04,2.4800000190734863
1991-09-05,2.5099997520446777
1991-09-06,2.4700002670288086
1991-09-09,2.4499998092651367
1991-09-10,2.4900002479553223
1991-09-11,2.479999542236328
1991-09-12,2.450000286102295
1991-09-13,2.5
1991-09-16,2.450000286102295
1991-09-17,2.429999828338623
1991-09-18,2.440000057220459
1991-09-19,2.4100003242492676
1991-09-20,2.380000114440918
1991-09-23,2.3400001525878906
1991-09-24,2.3899998664855957
1991-09-25,2.4099998474121094
1991-09-26,2.429999828338623
1991-09-27,2.359999656677246
1991-09-30,2.359999656677246
1991-10-01,2.3499999046325684
1991-10-02,2.3799996376037598
1991-10-03,2.429999828338623
1991-10-04,2.369999885559082
1991-10-07,2.380000114440918
1991-10-08,2.4099998474121094
1991-10-09,2.5
1991-10-10,2.549999713897705
1991-10-11,2.5
1991-10-15,2.5
1991-10-16,2.4800000190734863
1991-10-17,2.5199999809265137
1991-10-18,2.5
1991-10-21,2.5799999237060547
1991-10-22,2.6100001335144043
1991-10-23,2.6500000953674316
1991-10-24,2.6800003051757812
1991-10-25,2.7199997901916504
1991-10-28,2.7100000381469727
1991-10-29,2.6200003623962402
1991-10-30,2.6399998664855957
1991-10-31,2.6499996185302734
1991-11-01,2.7300000190734863
1991-11-04,2.760000228881836
1991-11-05,2.799999713897705
1991-11-06,2.880000114440918
1991-11-07,2.799999713897705
1991-11-08,2.7899999618530273
1991-11-12,2.75
1991-11-13,2.7799997329711914
1991-11-14,2.7199997901916504
1991-11-15,2.739999771118164
1991-11-18,2.75
1991-11-19,2.8399996757507324
1991-11-20,2.890000343322754
1991-11-21,2.9600000381469727
1991-11-22,3.0199999809265137
1991-11-25,3.0199999809265137
1991-11-26,3.0199999809265137
1991-11-27,3.0300002098083496
1991-11-29,3.0300002098083496
1991-12-02,2.940000057220459
1991-12-03,2.9200000762939453
1991-12-04,2.8600001335144043
1991-12-05,2.9000000953674316
1991-12-06,3.020000457763672
1991-12-09,3.0699996948242188
1991-12-10,3.010000228881836
1991-12-11,3.0699996948242188
1991-12-12,3.0399999618530273
1991-12-13,3.0699996948242188
1991-12-16,3.070000171661377
1991-12-17,3.0699996948242188
1991-12-18,3.070000171661377
1991-12-19,3.070000171661377
1991-12-20,3.2299997806549072
1991-12-23,3.120000123977661
1991-12-24,3.070000171661377
1991-12-26,3.0299999713897705
1991-12-27,2.9600002765655518
1991-12-30,2.890000343322754
1991-12-31,2.8299999237060547
1992-01-02,2.9200003147125244
1992-01-03,3.0
1992-01-06,3.010000228881836
1992-01-07,3.010000228881836
1992-01-08,3.049999952316284
1992-01-09,3.0199999809265137
1992-01-10,3.0299999713897705
1992-01-13,3.1100001335144043
1992-01-14,3.2100002765655518
1992-01-15,3.2100002765655518
1992-01-16,3.3400001525878906
1992-01-17,3.3000001907348633
1992-01-21,3.3000001907348633
1992-01-22,3.3400001525878906
1992-01-23,3.429999828338623
1992-01-24,3.440000057220459
1992-01-27,3.3899998664855957
1992-01-28,3.3299999237060547
1992-01-29,3.390000104904175
1992-01-30,3.4800000190734863
1992-01-31,3.4700000286102295
1992-02-03,3.5200002193450928
1992-02-04,3.450000047683716
1992-02-05,3.370000123977661
1992-02-06,3.3899998664855957
1992-02-07,3.4599997997283936
1992-02-10,3.4800000190734863
1992-02-11,3.4800000190734863
1992-02-12,3.5500001907348633
1992-02-13,3.6100001335144043
1992-02-14,3.619999885559082
1992-02-18,3.6599998474121094
1992-02-19,3.570000171661377
1992-02-20,3.5299997329711914
1992-02-21,3.5199997425079346
1992-02-24,3.5399997234344482
1992-02-25,3.4800000190734863
1992-02-26,3.3899998664855957
1992-02-27,3.419999837875366
1992-02-28,3.3399999141693115
1992-03-02,3.3499999046325684
1992-03-03,3.3899998664855957
1992-03-04,3.3999996185302734
1992-03-05,3.4700002670288086
1992-03-06,3.440000057220459
1992-03-09,3.4099998474121094
1992-03-10,3.419999599456787
1992-03-11,3.5
1992-03-12,3.5999999046325684
1992-03-13,3.6500000953674316
1992-03-16,3.630000114440918
1992-03-17,3.559999942779541
1992-03-18,3.5699996948242188
1992-03-19,3.5199999809265137
1992-03-20,3.5799999237060547
1992-03-23,3.5399999618530273
1992-03-24,3.4800000190734863
1992-03-25,3.5199999809265137
1992-03-26,3.559999942779541
1992-03-27,3.5299997329711914
1992-03-30,3.5299997329711914
1992-03-31,3.489999771118164
1992-04-01,3.4499998092651367
1992-04-02,3.4499998092651367
1992-04-03,3.4600000381469727
1992-04-06,3.4499998092651367
1992-04-07,3.5399999618530273
1992-04-08,3.570000171661377
1992-04-09,3.68999981880188
1992-04-10,3.7199997901916504
1992-04-13,3.7100000381469727
1992-04-14,3.7300000190734863
1992-04-15,3.75
1992-04-16,3.799999713897705
1992-04-20,3.9000000953674316
1992-04-21,3.8999998569488525
1992-04-22,3.890000104904175
1992-04-23,3.9200000762939453
1992-04-24,3.880000114440918
1992-04-27,3.8899998664855957
1992-04-28,3.8600001335144043
1992-04-29,3.8899998664855957
1992-04-30,3.9100000858306885
1992-05-01,3.929999828338623
1992-05-04,3.93999981880188
1992-05-05,3.919999837875366
1992-05-06,3.8400001525878906
1992-05-07,3.869999885559082
1992-05-08,3.7799997329711914
1992-05-11,3.759999990463257
1992-05-12,3.7400002479553223
1992-05-13,3.750000238418579
1992-05-14,3.7700002193450928
1992-05-15,3.700000286102295
1992-05-18,3.6800003051757812
1992-05-19,3.6599998474121094
1992-05-20,3.680000066757202
1992-05-21,3.7199997901916504
1992-05-22,3.669999837875366
1992-05-26,3.7200000286102295
1992-05-27,3.740000009536743
1992-05-28,3.680000066757202
1992-05-29,3.629999876022339
1992-06-01,3.6399998664855957
1992-06-02,3.609999895095825
1992-06-03,3.630000114440918
1992-06-04,3.6500000953674316
1992-06-05,3.629999876022339
1992-06-08,3.629999876022339
1992-06-09,3.6499998569488525
1992-06-10,3.669999837875366
1992-06-11,3.669999837875366
1992-06-12,3.629999876022339
1992-06-15,3.630000114440918
1992-06-16,3.5999996662139893
1992-06-17,3.6100001335144043
1992-06-18,3.580000162124634
1992-06-19,3.5899996757507324
1992-06-22,3.5999996662139893
1992-06-23,3.569999933242798
1992-06-24,3.559999704360962
1992-06-25,3.5199999809265137
1992-06-26,3.5300002098083496
1992-06-29,3.549999952316284
1992-06-30,3.569999933242798
1992-07-01,3.549999952316284
1992-07-02,3.68999981880188
1992-07-06,3.680000066757202
1992-07-07,3.6599998474121094
1992-07-08,3.68999981880188
1992-07-09,3.6999998092651367
1992-07-10,3.7099997997283936
1992-07-13,3.7599997520446777
1992-07-14,3.7599997520446777
1992-07-15,3.7200000286102295
1992-07-16,3.6999998092651367
1992-07-17,3.740000009536743
1992-07-20,3.7200000286102295
1992-07-21,3.6999998092651367
1992-07-22,3.679999828338623
1992-07-23,3.559999704360962
1992-07-24,3.569999933242798
1992-07-27,3.5
1992-07-28,3.440000057220459
1992-07-29,3.419999837875366
1992-07-30,3.509999990463257
1992-07-31,3.5399997234344482
1992-08-03,3.549999713897705
1992-08-04,3.489999771118164
1992-08-05,3.4699997901916504
1992-08-06,3.490000009536743
1992-08-07,3.430000066757202
1992-08-10,3.3899998664855957
1992-08-11,3.369999885559082
1992-08-12,3.3600001335144043
1992-08-13,3.4600002765655518
1992-08-14,3.4700002670288086
1992-08-17,3.490000009536743
1992-08-18,3.4100000858306885
1992-08-19,3.3899998664855957
1992-08-20,3.380000114440918
1992-08-21,3.4600002765655518
1992-08-24,3.5299997329711914
1992-08-25,3.559999942779541
1992-08-26,3.5199997425079346
1992-08-27,3.4799997806549072
1992-08-28,3.4700000286102295
1992-08-31,3.4599997997283936
1992-09-01,3.4099998474121094
1992-09-02,3.3999998569488525
1992-09-03,3.3999998569488525
1992-09-04,3.4800000190734863
1992-09-08,3.3899998664855957
1992-09-09,3.3999998569488525
1992-09-10,3.3999998569488525
1992-09-11,3.4499998092651367
1992-09-14,3.430000066757202
1992-09-15,3.4800000190734863
1992-09-16,3.5099997520446777
1992-09-17,3.5199999809265137
1992-09-18,3.5299997329711914
1992-09-21,3.509999990463257
1992-09-22,3.5799999237060547
1992-09-23,3.619999885559082
1992-09-24,3.5899999141693115
1992-09-25,3.609999895095825
1992-09-28,3.5899999141693115
1992-09-29,3.6399998664855957
1992-09-30,3.679999828338623
1992-10-01,3.620000123977661
1992-10-02,3.630000114440918
1992-10-05,3.5999996662139893
1992-10-06,3.570000171661377
1992-10-07,3.630000114440918
1992-10-08,3.619999885559082
1992-10-09,3.690000057220459
1992-10-13,3.6500003337860107
1992-10-14,3.580000162124634
1992-10-15,3.6100001335144043
1992-10-16,3.6999998092651367
1992-10-19,3.7200000286102295
1992-10-20,3.8400001525878906
1992-10-21,3.870000123977661
1992-10-22,3.8299996852874756
1992-10-23,3.8999998569488525
1992-10-26,3.9099998474121094
1992-10-27,3.8400001525878906
1992-10-28,3.820000171661377
1992-10-29,3.759999990463257
1992-10-30,3.8400001525878906
1992-11-02,3.870000123977661
1992-11-03,3.8399999141693115
1992-11-04,3.869999885559082
1992-11-05,3.859999895095825
1992-11-06,3.9099998474121094
1992-11-09,3.9200000762939453
1992-11-10,3.8299999237060547
1992-11-12,3.7300000190734863
1992-11-13,3.7400002479553223
1992-11-16,3.7800002098083496
1992-11-17,3.690000057220459
1992-11-18,3.630000114440918
1992-11-19,3.6599998474121094
1992-11-20,3.640000104904175
1992-11-23,3.620000123977661
1992-11-24,3.6000001430511475
1992-11-25,3.6000001430511475
1992-11-27,3.679999828338623
1992-11-30,3.679999828338623
1992-12-01,3.6100001335144043
1992-12-02,3.5899999141693115
1992-12-03,3.609999895095825
1992-12-04,3.5900001525878906
1992-12-07,3.5300002098083496
1992-12-08,3.4700000286102295
1992-12-09,3.5300002098083496
1992-12-10,3.549999952316284
1992-12-11,3.5500001907348633
1992-12-14,3.569999933242798
1992-12-15,3.609999895095825
1992-12-16,3.559999942779541
1992-12-17,3.569999933242798
1992-12-18,3.6000001430511475
1992-12-21,3.5399999618530273
1992-12-22,3.450000047683716
1992-12-23,3.499999761581421
1992-12-24,3.5299999713897705
1992-12-28,3.5399997234344482
1992-12-29,3.490000009536743
1992-12-30,3.559999942779541
1992-12-31,3.619999885559082
1993-01-04,3.5199999809265137
1993-01-05,3.500000238418579
1993-01-06,3.5300002098083496
1993-01-07,3.640000343322754
1993-01-08,3.690000057220459
1993-01-11,3.6600000858306885
1993-01-12,3.6999998092651367
1993-01-13,3.7100000381469727
1993-01-14,3.6700000762939453
1993-01-15,3.6599998474121094
1993-01-19,3.6000001430511475
1993-01-20,3.6000001430511475
1993-01-21,3.609999895095825
1993-01-22,3.6000001430511475
1993-01-25,3.5299999713897705
1993-01-26,3.549999952316284
1993-01-27,3.569999933242798
1993-01-28,3.5399999618530273
1993-01-29,3.489999771118164
1993-02-01,3.4800000190734863
1993-02-02,3.5
1993-02-03,3.5199997425079346
1993-02-04,3.489999771118164
1993-02-05,3.4200000762939453
1993-02-08,3.4499998092651367
1993-02-09,3.4799997806549072
1993-02-10,3.4600000381469727
1993-02-11,3.4499998092651367
1993-02-12,3.419999837875366
1993-02-16,3.4100000858306885
1993-02-17,3.370000123977661
1993-02-18,3.2799999713897705
1993-02-19,3.2200000286102295
1993-02-22,3.140000104904175
1993-02-23,2.9800000190734863
1993-02-24,3.0500001907348633
1993-02-25,3.080000162124634
1993-02-26,3.080000162124634
1993-03-01,2.990000009536743
1993-03-02,2.9799997806549072
1993-03-03,2.940000057220459
1993-03-04,2.919999837875366
1993-03-05,2.9000000953674316
1993-03-08,2.8499999046325684
1993-03-09,2.919999837875366
1993-03-10,2.989999771118164
1993-03-11,3.0
1993-03-12,3.140000104904175
1993-03-15,3.180000066757202
1993-03-16,3.0799999237060547
1993-03-17,3.0399999618530273
1993-03-18,2.9799997806549072
1993-03-19,2.989999771118164
1993-03-22,3.0199999809265137
1993-03-23,2.989999771118164
1993-03-24,3.0299997329711914
1993-03-25,3.069999933242798
1993-03-26,3.1600000858306885
1993-03-29,3.119999885559082
1993-03-30,3.109999895095825
1993-03-31,3.140000104904175
1993-04-01,3.1599998474121094
1993-04-02,3.249999761581421
1993-04-05,3.2300000190734863
1993-04-06,3.169999837875366
1993-04-07,3.1500000953674316
1993-04-08,3.0699996948242188
1993-04-12,3.0299999713897705
1993-04-13,3.0799999237060547
1993-04-14,3.080000162124634
1993-04-15,3.0400002002716064
1993-04-16,3.049999952316284
1993-04-19,3.059999942779541
1993-04-20,3.0799999237060547
1993-04-21,3.06000018119812
1993-04-22,3.0299999713897705
1993-04-23,3.049999952316284
1993-04-26,3.049999952316284
1993-04-27,3.109999895095825
1993-04-28,3.1100001335144043
1993-04-29,3.0899996757507324
1993-04-30,3.140000104904175
1993-05-03,3.0900001525878906
1993-05-04,3.0500001907348633
1993-05-05,3.0399997234344482
1993-05-06,3.0299999713897705
1993-05-07,3.0500001907348633
1993-05-10,3.0199999809265137
1993-05-11,2.999999761581421
1993-05-12,3.059999942779541
1993-05-13,3.0899999141693115
1993-05-14,3.070000171661377
1993-05-17,3.070000171661377
1993-05-18,3.140000104904175
1993-05-19,3.140000104904175
1993-05-20,3.130000114440918
1993-05-21,3.1599998474121094
1993-05-24,3.119999885559082
1993-05-25,3.1000001430511475
1993-05-26,3.069999933242798
1993-05-27,3.0500001907348633
1993-05-28,3.0999999046325684
1993-06-01,3.0300002098083496
1993-06-02,2.990000009536743
1993-06-03,2.990000009536743
1993-06-04,3.000000238418579
1993-06-07,2.9800000190734863
1993-06-08,2.9600000381469727
1993-06-09,2.9600002765655518
1993-06-10,2.9600002765655518
1993-06-11,2.919999837875366
1993-06-14,2.919999837875366
1993-06-15,2.9100000858306885
1993-06-16,2.9200000762939453
1993-06-17,2.8999998569488525
1993-06-18,2.9099998474121094
1993-06-21,2.8600001335144043
1993-06-22,2.819999933242798
1993-06-23,2.7899999618530273
1993-06-24,2.7800002098083496
1993-06-25,2.760000228881836
1993-06-28,2.7300002574920654
1993-06-29,2.759999990463257
1993-06-30,2.7700002193450928
1993-07-01,2.81000018119812
1993-07-02,2.81000018119812
1993-07-06,2.7900002002716064
1993-07-07,2.760000228881836
1993-07-08,2.760000228881836
1993-07-09,2.7400002479553223
1993-07-12,2.740000009536743
1993-07-13,2.7400002479553223
1993-07-14,2.7099997997283936
1993-07-15,2.7099997997283936
1993-07-16,2.700000047683716
1993-07-19,2.680000066757202
1993-07-20,2.690000057220459
1993-07-21,2.759999990463257
1993-07-22,2.81000018119812
1993-07-23,2.859999895095825
1993-07-26,2.8499999046325684
1993-07-27,2.820000171661377
1993-07-28,2.820000171661377
1993-07-29,2.7899999618530273
1993-07-30,2.799999952316284
1993-08-02,2.7799999713897705
1993-08-03,2.75
1993-08-04,2.7899999618530273
1993-08-05,2.81000018119812
1993-08-06,2.820000171661377
1993-08-09,2.8000001907348633
1993-08-10,2.7900002002716064
1993-08-11,2.7300000190734863
1993-08-12,2.759999990463257
1993-08-13,2.6999998092651367
1993-08-16,2.6599998474121094
1993-08-17,2.68999981880188
1993-08-18,2.700000047683716
1993-08-19,2.6599998474121094
1993-08-20,2.620000123977661
1993-08-23,2.609999895095825
1993-08-24,2.549999952316284
1993-08-25,2.5300002098083496
1993-08-26,2.4200000762939453
1993-08-27,2.4600000381469727
1993-08-30,2.4200000762939453
1993-08-31,2.43999981880188
1993-09-01,2.450000047683716
1993-09-02,2.419999837875366
1993-09-03,2.369999885559082
1993-09-07,2.299999952316284
1993-09-08,2.2699999809265137
1993-09-09,2.369999885559082
1993-09-10,2.3299999237060547
1993-09-13,2.2900002002716064
1993-09-14,2.379999876022339
1993-09-15,2.429999828338623
1993-09-16,2.419999837875366
1993-09-17,2.430000066757202
1993-09-20,2.4700000286102295
1993-09-21,2.549999713897705
1993-09-22,2.5299997329711914
1993-09-23,2.490000009536743
1993-09-24,2.490000009536743
1993-09-27,2.390000104904175
1993-09-28,2.380000114440918
1993-09-29,2.419999837875366
1993-09-30,2.4800000190734863
1993-10-01,2.4200000762939453
1993-10-04,2.4100000858306885
1993-10-05,2.3499999046325684
1993-10-06,2.369999885559082
1993-10-07,2.3499999046325684
1993-10-08,2.2800002098083496
1993-10-12,2.259999990463257
1993-10-13,2.240000009536743
1993-10-14,2.2200000286102295
1993-10-15,2.180000066757202
1993-10-18,2.25
1993-10-19,2.2100000381469727
1993-10-20,2.2200002670288086
1993-10-21,2.299999952316284
1993-10-22,2.380000114440918
1993-10-25,2.429999828338623
1993-10-26,2.3499999046325684
1993-10-27,2.3600001335144043
1993-10-28,2.369999885559082
1993-10-29,2.3580000400543213
1993-11-01,2.5
1993-11-02,2.4860000610351562
1993-11-03,2.5260000228881836
1993-11-04,2.5950000286102295
1993-11-05,2.6580002307891846
1993-11-08,2.6090002059936523
1993-11-09,2.513000249862671
1993-11-10,2.571000337600708
1993-11-12,2.5330002307891846
1993-11-15,2.55400013923645
1993-11-16,2.5369999408721924
1993-11-17,2.5320003032684326
1993-11-18,2.5939998626708984
1993-11-19,2.7190001010894775
1993-11-22,2.74399995803833
1993-11-23,2.6770002841949463
1993-11-24,2.7070000171661377
1993-11-26,2.6490001678466797
1993-11-29,2.621999979019165
1993-11-30,2.6549999713897705
1993-12-01,2.6730000972747803
1993-12-02,2.6679999828338623
1993-12-03,2.6730000972747803
1993-12-06,2.5910003185272217
1993-12-07,2.5970001220703125
1993-12-08,2.5920000076293945
1993-12-09,2.5930001735687256
1993-12-10,2.6439998149871826
1993-12-13,2.7090001106262207
1993-12-14,2.738999843597412
1993-12-15,2.760999917984009
1993-12-16,2.7839999198913574
1993-12-17,2.744000196456909
1993-12-20,2.746000051498413
1993-12-21,2.752000093460083
1993-12-22,2.6650002002716064
1993-12-23,2.631000280380249
1993-12-27,2.617000102996826
1993-12-28,2.625
1993-12-29,2.693999767303467
1993-12-30,2.807000160217285
1993-12-31,2.7829999923706055
1994-01-03,2.8570001125335693
1994-01-04,2.7810001373291016
1994-01-05,2.794999837875366
1994-01-06,2.754999876022339
1994-01-07,2.6450002193450928
1994-01-10,2.630999803543091
1994-01-11,2.6509997844696045
1994-01-12,2.6039998531341553
1994-01-13,2.7139999866485596
1994-01-14,2.758000135421753
1994-01-18,2.73799991607666
1994-01-19,2.735999822616577
1994-01-20,2.7239999771118164
1994-01-21,2.7269999980926514
1994-01-24,2.749000072479248
1994-01-25,2.7939999103546143
1994-01-26,2.798999786376953
1994-01-27,2.751999855041504
1994-01-28,2.677000045776367
1994-01-31,2.6679999828338623
1994-02-01,2.68500018119812
1994-02-02,2.6550002098083496
1994-02-03,2.617999792098999
1994-02-04,2.6579999923706055
1994-02-07,2.68999981880188
1994-02-08,2.7039999961853027
1994-02-09,2.677999973297119
1994-02-10,2.6439998149871826
1994-02-11,2.620999813079834
1994-02-14,2.632999897003174
1994-02-15,2.5970001220703125
1994-02-16,2.6050000190734863
1994-02-17,2.7140002250671387
1994-02-18,2.7970001697540283
1994-02-22,2.749000072479248
1994-02-23,2.754000186920166
1994-02-24,2.8420002460479736
1994-02-25,2.822999954223633
1994-02-28,2.7900002002716064
1994-03-01,2.7900002002716064
1994-03-02,2.819000005722046
1994-03-03,2.8610000610351562
1994-03-04,2.8329999446868896
1994-03-07,2.7870001792907715
1994-03-08,2.819000244140625
1994-03-09,2.8380000591278076
1994-03-10,2.9839999675750732
1994-03-11,2.9620001316070557
1994-03-14,2.9590001106262207
1994-03-15,2.8869998455047607
1994-03-16,2.8469998836517334
1994-03-17,2.9119999408721924
1994-03-18,3.009000062942505
1994-03-21,3.0270001888275146
1994-03-22,2.8949999809265137
1994-03-23,2.9680001735687256
1994-03-24,3.118999719619751
1994-03-25,3.111999988555908
1994-03-28,3.1059999465942383
1994-03-29,3.19100022315979
1994-03-30,3.2749998569488525
1994-03-31,3.30400013923645
1994-04-04,3.501999855041504
1994-04-05,3.2899997234344482
1994-04-06,3.303999900817871
1994-04-07,3.319000005722046
1994-04-08,3.383000135421753
1994-04-11,3.369999885559082
1994-04-12,3.2899999618530273
1994-04-13,3.3550000190734863
1994-04-14,3.38100004196167
1994-04-15,3.3580000400543213
1994-04-18,3.427000045776367
1994-04-19,3.3450000286102295
1994-04-20,3.301999807357788
1994-04-21,3.1439998149871826
1994-04-22,3.1720001697540283
1994-04-25,3.0969998836517334
1994-04-26,2.9489998817443848
1994-04-28,3.1359996795654297
1994-04-29,3.174999952316284
1994-05-02,3.1679999828338623
1994-05-03,3.072000026702881
1994-05-04,3.0960001945495605
1994-05-05,3.072999954223633
1994-05-06,3.1740002632141113
1994-05-09,3.2350001335144043
1994-05-10,3.0410003662109375
1994-05-11,3.192000389099121
1994-05-12,3.2280001640319824
1994-05-13,3.1669998168945312
1994-05-16,3.0819997787475586
1994-05-17,2.8959999084472656
1994-05-18,2.8259997367858887
1994-05-19,2.816999912261963
1994-05-20,2.872000217437744
1994-05-23,3.0190000534057617
1994-05-24,2.937999725341797
1994-05-25,2.937000274658203
1994-05-26,2.935999870300293
1994-05-27,2.936999797821045
1994-05-31,2.9819998741149902
1994-06-01,2.927000045776367
1994-06-02,2.928999900817871
1994-06-03,2.852999687194824
1994-06-06,2.803999900817871
1994-06-07,2.805999755859375
1994-06-08,2.8350000381469727
1994-06-09,2.8480000495910645
1994-06-10,2.9039998054504395
1994-06-13,2.943999767303467
1994-06-14,2.888000011444092
1994-06-15,2.956000328063965
1994-06-16,2.947999954223633
1994-06-17,3.008999824523926
1994-06-20,3.0359997749328613
1994-06-21,3.0240001678466797
1994-06-22,2.9260001182556152
1994-06-23,2.934000015258789
1994-06-24,3.0390000343322754
1994-06-27,3.010000228881836
1994-06-28,3.064000129699707
1994-06-29,3.0999999046325684
1994-06-30,3.189000129699707
1994-07-01,3.130000114440918
1994-07-05,3.0980000495910645
1994-07-06,3.01200008392334
1994-07-07,3.0350003242492676
1994-07-08,3.0320000648498535
1994-07-11,3.0369997024536133
1994-07-12,2.9609999656677246
1994-07-13,2.986999988555908
1994-07-14,2.929999828338623
1994-07-15,2.9699997901916504
1994-07-18,2.951000213623047
1994-07-19,2.873000144958496
1994-07-20,2.9149999618530273
1994-07-21,2.921999931335449
1994-07-22,2.9000000953674316
1994-07-25,2.86299991607666
1994-07-26,2.8420000076293945
1994-07-27,2.8700003623962402
1994-07-28,2.8600001335144043
1994-07-29,2.8249998092651367
1994-08-01,2.8329997062683105
1994-08-02,2.7659997940063477
1994-08-03,2.741999626159668
1994-08-04,2.7799997329711914
1994-08-05,2.796999931335449
1994-08-08,2.807000160217285
1994-08-09,2.8520002365112305
1994-08-10,2.952000141143799
1994-08-11,3.003999710083008
1994-08-12,2.9079999923706055
1994-08-15,2.8359999656677246
1994-08-16,2.5500001907348633
1994-08-17,2.575000286102295
1994-08-18,2.688000202178955
1994-08-19,2.7129998207092285
1994-08-22,2.7680001258850098
1994-08-23,2.7019996643066406
1994-08-24,2.6659998893737793
1994-08-25,2.7219996452331543
1994-08-26,2.691999912261963
1994-08-29,2.6760001182556152
1994-08-30,2.6009998321533203
1994-08-31,2.6050000190734863
1994-09-01,2.633999824523926
1994-09-02,2.636000156402588
1994-09-06,2.7029995918273926
1994-09-07,2.744999885559082
1994-09-08,2.744999885559082
1994-09-09,2.858999729156494
1994-09-12,2.86299991607666
1994-09-13,2.8239998817443848
1994-09-14,2.813000202178955
1994-09-15,2.757999897003174
1994-09-16,2.88700008392334
1994-09-19,2.8949999809265137
1994-09-20,2.9010000228881836
1994-09-21,2.743000030517578
1994-09-22,2.763000011444092
1994-09-23,2.7729997634887695
1994-09-26,2.7870001792907715
1994-09-27,2.8600001335144043
1994-09-28,3.0329999923706055
1994-09-29,3.057000160217285
1994-09-30,2.928999900817871
1994-10-03,2.9300003051757812
1994-10-04,2.73799991607666
1994-10-05,2.7880001068115234
1994-10-06,2.802999973297119
1994-10-07,2.813000202178955
1994-10-11,2.763000011444092
1994-10-12,2.693999767303467
1994-10-13,2.7230000495910645
1994-10-14,2.7400002479553223
1994-10-17,2.75
1994-10-18,2.7239999771118164
1994-10-19,2.741000175476074
1994-10-20,2.7829999923706055
1994-10-21,2.7829999923706055
1994-10-24,2.809999942779541
1994-10-25,2.809000015258789
1994-10-26,2.8590002059936523
1994-10-27,2.889000415802002
1994-10-28,2.7829999923706055
1994-10-31,2.7730002403259277
1994-11-01,2.813000202178955
1994-11-02,2.8470001220703125
1994-11-03,2.8559999465942383
1994-11-04,2.8439998626708984
1994-11-07,2.802999973297119
1994-11-08,2.755000114440918
1994-11-09,2.743000030517578
1994-11-10,2.742000102996826
1994-11-11,2.750999927520752
1994-11-14,2.635000228881836
1994-11-15,2.5329999923706055
1994-11-16,2.5920000076293945
1994-11-17,2.6629996299743652
1994-11-18,2.663999557495117
1994-11-21,2.677000045776367
1994-11-22,2.6449999809265137
1994-11-23,2.511000156402588
1994-11-25,2.507999897003174
1994-11-28,2.504000186920166
1994-11-29,2.4190001487731934
1994-11-30,2.3379998207092285
1994-12-01,2.360999584197998
1994-12-02,2.171999931335449
1994-12-05,2.0329999923706055
1994-12-06,1.9389996528625488
1994-12-07,2.1010003089904785
1994-12-08,2.1399998664855957
1994-12-09,2.127999782562256
1994-12-12,2.121000289916992
1994-12-13,2.0339999198913574
1994-12-14,2.11299991607666
1994-12-15,2.246999740600586
1994-12-16,2.260000228881836
1994-12-19,2.244999885559082
1994-12-20,2.330000400543213
1994-12-21,2.375999927520752
1994-12-22,2.377000331878662
1994-12-23,2.307000160217285
1994-12-27,2.2249999046325684
1994-12-28,2.2759995460510254
1994-12-29,2.298999786376953
1994-12-30,2.296999931335449
1995-01-03,2.3569998741149902
1995-01-04,2.123000144958496
1995-01-05,2.1579999923706055
1995-01-06,2.1100001335144043
1995-01-09,2.131999969482422
1995-01-10,2.082000255584717
1995-01-11,2.125999927520752
1995-01-12,2.184000015258789
1995-01-13,2.119999885559082
1995-01-16,2.119999885559082
1995-01-17,2.0739998817443848
1995-01-18,1.9780001640319824
1995-01-19,2.00600004196167
1995-01-20,2.068000316619873
1995-01-23,2.072000026702881
1995-01-24,2.044999599456787
1995-01-25,2.0149998664855957
1995-01-26,1.9829998016357422
1995-01-27,1.8660001754760742
1995-01-30,1.9140000343322754
1995-01-31,1.7529997825622559
1995-02-01,1.7579998970031738
1995-02-02,1.8299999237060547
1995-02-03,1.6669998168945312
1995-02-06,1.7170000076293945
1995-02-07,1.7109999656677246
1995-02-08,1.750999927520752
1995-02-09,1.8020000457763672
1995-02-10,1.8179998397827148
1995-02-13,1.8149995803833008
1995-02-14,1.7140002250671387
1995-02-15,1.681999683380127
1995-02-16,1.7080001831054688
1995-02-17,1.7290000915527344
1995-02-21,1.7020001411437988
1995-02-22,1.6410002708435059
1995-02-23,1.630000114440918
1995-02-24,1.6050000190734863
1995-02-27,1.5160002708435059
1995-02-28,1.4600000381469727
1995-03-01,1.4640002250671387
1995-03-02,1.5490002632141113
1995-03-03,1.6459999084472656
1995-03-06,1.6600003242492676
1995-03-07,1.6510000228881836
1995-03-08,1.5850000381469727
1995-03-09,1.5500001907348633
1995-03-10,1.4579997062683105
1995-03-13,1.434000015258789
1995-03-14,1.3370003700256348
1995-03-15,1.3370003700256348
1995-03-16,1.308000087738037
1995-03-17,1.373000144958496
1995-03-20,1.3920001983642578
1995-03-21,1.4210000038146973
1995-03-22,1.4750003814697266
1995-03-23,1.5130000114440918
1995-03-24,1.4250001907348633
1995-03-27,1.3720002174377441
1995-03-28,1.4509997367858887
1995-03-29,1.4809999465942383
1995-03-30,1.4790000915527344
1995-03-31,1.4890003204345703
1995-04-03,1.441999912261963
1995-04-04,1.386000156402588
1995-04-05,1.4159998893737793
1995-04-06,1.424999713897705
1995-04-07,1.4219999313354492
1995-04-10,1.446000099182129
1995-04-11,1.4239997863769531
1995-04-12,1.4079999923706055
1995-04-13,1.4099998474121094
1995-04-17,1.4210000038146973
1995-04-18,1.4210000038146973
1995-04-19,1.434000015258789
1995-04-20,1.4089999198913574
1995-04-21,1.3839998245239258
1995-04-24,1.3660001754760742
1995-04-25,1.3260002136230469
1995-04-26,1.3239998817443848
1995-04-27,1.3450002670288086
1995-04-28,1.3559999465942383
1995-05-01,1.3720002174377441
1995-05-02,1.3340001106262207
1995-05-03,1.2909998893737793
1995-05-04,1.253000259399414
1995-05-05,1.1059999465942383
1995-05-08,1.1039996147155762
1995-05-09,0.9609999656677246
1995-05-10,1.00600004196167
1995-05-11,1.0130000114440918
1995-05-12,0.9749999046325684
1995-05-15,0.9270000457763672
1995-05-16,0.8619999885559082
1995-05-17,0.8559999465942383
1995-05-18,0.9140000343322754
1995-05-19,0.9190001487731934
1995-05-22,0.8920001983642578
1995-05-23,0.8310003280639648
1995-05-24,0.7369999885559082
1995-05-25,0.7200002670288086
1995-05-26,0.7280001640319824
1995-05-30,0.6540002822875977
1995-05-31,0.6559996604919434
1995-06-01,0.6749997138977051
1995-06-02,0.6599998474121094
1995-06-05,0.5489997863769531
1995-06-06,0.5460000038146973
1995-06-07,0.5989999771118164
1995-06-08,0.6110000610351562
1995-06-09,0.7890000343322754
1995-06-12,0.8060002326965332
1995-06-13,0.684999942779541
1995-06-14,0.689000129699707
1995-06-15,0.6880002021789551
1995-06-16,0.7060003280639648
1995-06-19,0.6479997634887695
1995-06-20,0.6609997749328613
1995-06-21,0.6860003471374512
1995-06-22,0.6559996604919434
1995-06-23,0.6750001907348633
1995-06-26,0.7200002670288086
1995-06-27,0.7620000839233398
1995-06-28,0.6939997673034668
1995-06-29,0.75
1995-06-30,0.7730002403259277
1995-07-03,0.7630000114440918
1995-07-05,0.6779999732971191
1995-07-06,0.6730003356933594
1995-07-07,0.6579999923706055
1995-07-10,0.6719999313354492
1995-07-11,0.7090001106262207
1995-07-12,0.7090001106262207
1995-07-13,0.6919999122619629
1995-07-14,0.7050004005432129
1995-07-17,0.7620000839233398
1995-07-18,0.8169999122619629
1995-07-19,1.002000331878662
1995-07-20,0.9770002365112305
1995-07-21,1.064000129699707
1995-07-24,0.9969997406005859
1995-07-25,0.9709997177124023
1995-07-26,1.0130000114440918
1995-07-27,1.0159997940063477
1995-07-28,1.0620002746582031
1995-07-31,1.0089998245239258
1995-08-01,1.0489997863769531
1995-08-02,1.0190000534057617
1995-08-03,1.0970001220703125
1995-08-04,1.0720000267028809
1995-08-07,1.065000057220459
1995-08-08,1.0699996948242188
1995-08-09,1.0959997177124023
1995-08-10,1.123000144958496
1995-08-11,1.1659998893737793
1995-08-14,1.1579999923706055
1995-08-15,1.1180000305175781
1995-08-16,1.113999843597412
1995-08-17,1.135000228881836
1995-08-18,1.130000114440918
1995-08-21,1.0960001945495605
1995-08-22,1.1060004234313965
1995-08-23,1.1470003128051758
1995-08-24,1.1469998359680176
1995-08-25,1.0399999618530273
1995-08-28,1.0180001258850098
1995-08-29,1.0279998779296875
1995-08-30,1.0239996910095215
1995-08-31,1.0029997825622559
1995-09-01,0.940000057220459
1995-09-05,0.8730001449584961
1995-09-06,0.8480000495910645
1995-09-07,0.8610000610351562
1995-09-08,0.884000301361084
1995-09-11,0.8819999694824219
1995-09-12,0.8499999046325684
1995-09-13,0.875
1995-09-14,0.8010001182556152
1995-09-15,0.814000129699707
1995-09-18,0.8859996795654297
1995-09-19,0.9429998397827148
1995-09-20,0.9249997138977051
1995-09-21,0.9699997901916504
1995-09-22,1.0329999923706055
1995-09-25,0.9890003204345703
1995-09-26,0.9789996147155762
1995-09-27,1.0109996795654297
1995-09-28,0.9989995956420898
1995-09-29,0.9170002937316895
1995-10-02,0.8940000534057617
1995-10-03,0.7749996185302734
1995-10-04,0.7750000953674316
1995-10-05,0.7989997863769531
1995-10-06,0.7699999809265137
1995-10-10,0.7940001487731934
1995-10-11,0.7760000228881836
1995-10-12,0.7569999694824219
1995-10-13,0.6490001678466797
1995-10-16,0.6349997520446777
1995-10-17,0.6729998588562012
1995-10-18,0.7270002365112305
1995-10-19,0.7190003395080566
1995-10-20,0.7569999694824219
1995-10-23,0.7800002098083496
1995-10-24,0.7859997749328613
1995-10-25,0.7710003852844238
1995-10-26,0.8300004005432129
1995-10-27,0.7840003967285156
1995-10-30,0.754000186920166
1995-10-31,0.6929998397827148
1995-11-01,0.6419997215270996
1995-11-02,0.5929999351501465
1995-11-03,0.6050000190734863
1995-11-06,0.5999999046325684
1995-11-07,0.6030001640319824
1995-11-08,0.5529999732971191
1995-11-09,0.5620002746582031
1995-11-10,0.5750002861022949
1995-11-13,0.5359997749328613
1995-11-14,0.5720000267028809
1995-11-15,0.5910000801086426
1995-11-16,0.5739998817443848
1995-11-17,0.556999683380127
1995-11-20,0.564000129699707
1995-11-21,0.5840001106262207
1995-11-22,0.5750002861022949
1995-11-24,0.5759997367858887
1995-11-27,0.5399999618530273
1995-11-28,0.5149998664855957
1995-11-29,0.49699974060058594
1995-11-30,0.4249997138977051
1995-12-01,0.4140000343322754
1995-12-04,0.3080000877380371
1995-12-05,0.34999990463256836
1995-12-06,0.35699987411499023
1995-12-07,0.37199974060058594
1995-12-08,0.37800025939941406
1995-12-11,0.375
1995-12-12,0.46199989318847656
1995-12-13,0.4719996452331543
1995-12-14,0.4759998321533203
1995-12-15,0.5299997329711914
1995-12-18,0.6410002708435059
1995-12-19,0.6619997024536133
1995-12-20,0.7399997711181641
1995-12-21,0.8390002250671387
1995-12-22,0.809999942779541
1995-12-26,0.8179998397827148
1995-12-27,0.744999885559082
1995-12-28,0.7899999618530273
1995-12-29,0.6149997711181641
1996-01-02,0.6170001029968262
1996-01-03,0.5159997940063477
1996-01-04,0.5889997482299805
1996-01-05,0.6370000839233398
1996-01-08,0.6429996490478516
1996-01-09,0.6629996299743652
1996-01-10,0.6989998817443848
1996-01-11,0.7259998321533203
1996-01-12,0.7319998741149902
1996-01-16,0.6560001373291016
1996-01-17,0.5670003890991211
1996-01-18,0.5659999847412109
1996-01-19,0.554999828338623
1996-01-22,0.6090002059936523
1996-01-23,0.6650004386901855
1996-01-24,0.6129999160766602
1996-01-25,0.7100000381469727
1996-01-26,0.6560001373291016
1996-01-29,0.6719999313354492
1996-01-30,0.624000072479248
1996-01-31,0.6710000038146973
1996-02-01,0.7109999656677246
1996-02-02,0.8020000457763672
1996-02-05,0.809999942779541
1996-02-06,0.815000057220459
1996-02-07,0.8589997291564941
1996-02-08,0.8779997825622559
1996-02-09,0.8600001335144043
1996-02-12,0.8060002326965332
1996-02-13,0.7769999504089355
1996-02-14,0.8129997253417969
1996-02-15,0.9210000038146973
1996-02-16,0.9899997711181641
1996-02-20,1.1610002517700195
1996-02-21,1.1539998054504395
1996-02-22,1.109999656677246
1996-02-23,1.135000228881836
1996-02-26,1.1449999809265137
1996-02-27,1.1669998168945312
1996-02-28,1.2269997596740723
1996-02-29,1.2319998741149902
1996-03-01,1.1180000305175781
1996-03-04,1.0260000228881836
1996-03-05,1.063000202178955
1996-03-06,1.1490001678466797
1996-03-07,1.1700000762939453
1996-03-08,1.502000331878662
1996-03-11,1.3550000190734863
1996-03-12,1.3910002708435059
1996-03-13,1.375999927520752
1996-03-14,1.380000114440918
1996-03-15,1.4530000686645508
1996-03-18,1.3919997215270996
1996-03-19,1.364999771118164
1996-03-20,1.2979998588562012
1996-03-21,1.3309998512268066
1996-03-22,1.3410000801086426
1996-03-25,1.2970004081726074
1996-03-26,1.2319998741149902
1996-03-27,1.2919998168945312
1996-03-28,1.3550000190734863
1996-03-29,1.3340001106262207
1996-04-01,1.2779998779296875
1996-04-02,1.2170000076293945
1996-04-03,1.255000114440918
1996-04-04,1.3460001945495605
1996-04-08,1.5910000801086426
1996-04-09,1.571000099182129
1996-04-10,1.6649999618530273
1996-04-11,1.7309999465942383
1996-04-12,1.568000316619873
1996-04-15,1.5920000076293945
1996-04-16,1.6380000114440918
1996-04-17,1.6770000457763672
1996-04-18,1.7080001831054688
1996-04-19,1.6329998970031738
1996-04-22,1.5879998207092285
1996-04-23,1.5349998474121094
1996-04-24,1.553999900817871
1996-04-25,1.571000099182129
1996-04-26,1.5490002632141113
1996-04-29,1.5689997673034668
1996-04-30,1.622999668121338
1996-05-01,1.696000099182129
1996-05-02,1.8430004119873047
1996-05-03,1.875999927520752
1996-05-06,1.8490004539489746
1996-05-07,1.8379998207092285
1996-05-08,1.8070001602172852
1996-05-09,1.8410000801086426
1996-05-10,1.75
1996-05-13,1.685999870300293
1996-05-14,1.6359996795654297
1996-05-15,1.6329998970031738
1996-05-16,1.6929998397827148
1996-05-17,1.6349997520446777
1996-05-20,1.6009998321533203
1996-05-21,1.5960001945495605
1996-05-22,1.5789999961853027
1996-05-23,1.635000228881836
1996-05-24,1.609999656677246
1996-05-28,1.6170001029968262
1996-05-29,1.734999656677246
1996-05-30,1.7170000076293945
1996-05-31,1.803999900817871
1996-06-03,1.7810001373291016
1996-06-04,1.7630000114440918
1996-06-05,1.7369999885559082
1996-06-06,1.6770000457763672
1996-06-07,1.7980003356933594
1996-06-10,1.818000316619873
1996-06-11,1.8499999046325684
1996-06-12,1.8949999809265137
1996-06-13,1.9119997024536133
1996-06-14,1.865999698638916
1996-06-17,1.8369998931884766
1996-06-18,1.8429999351501465
1996-06-19,1.8629999160766602
1996-06-20,1.8420000076293945
1996-06-21,1.8239998817443848
1996-06-24,1.8070001602172852
1996-06-25,1.805999755859375
1996-06-26,1.7960000038146973
1996-06-27,1.7659997940063477
1996-06-28,1.680999755859375
1996-07-01,1.6539998054504395
1996-07-02,1.6059999465942383
1996-07-03,1.6449999809265137
1996-07-05,1.8969998359680176
1996-07-08,1.8870000839233398
1996-07-09,1.811999797821045
1996-07-10,1.7799997329711914
1996-07-11,1.7760000228881836
1996-07-12,1.694000244140625
1996-07-15,1.7230000495910645
1996-07-16,1.6979999542236328
1996-07-17,1.7010002136230469
1996-07-18,1.5989999771118164
1996-07-19,1.6329998970031738
1996-07-22,1.674999713897705
1996-07-23,1.635000228881836
1996-07-24,1.7039999961853027
1996-07-25,1.7009997367858887
1996-07-26,1.686999797821045
1996-07-29,1.7059998512268066
1996-07-30,1.6820001602172852
1996-07-31,1.6100001335144043
1996-08-01,1.5260000228881836
1996-08-02,1.434000015258789
1996-08-05,1.4710001945495605
1996-08-06,1.4720001220703125
1996-08-07,1.5
1996-08-08,1.5469999313354492
1996-08-09,1.4789996147155762
1996-08-12,1.4659996032714844
1996-08-13,1.5349998474121094
1996-08-14,1.5450000762939453
1996-08-15,1.557999610900879
1996-08-16,1.503000259399414
1996-08-19,1.5329999923706055
1996-08-20,1.5429997444152832
1996-08-21,1.6030001640319824
1996-08-22,1.6210002899169922
1996-08-23,1.690999984741211
1996-08-26,1.7319998741149902
1996-08-27,1.7059998512268066
1996-08-28,1.7230000495910645
1996-08-29,1.749000072479248
1996-08-30,1.7960000038146973
1996-09-03,1.7120003700256348
1996-09-04,1.7470002174377441
1996-09-05,1.7529997825622559
1996-09-06,1.7329998016357422
1996-09-09,1.7529997825622559
1996-09-10,1.7680001258850098
1996-09-11,1.7630000114440918
1996-09-12,1.7210001945495605
1996-09-13,1.6610002517700195
1996-09-16,1.6680002212524414
1996-09-17,1.620999813079834
1996-09-18,1.6630001068115234
1996-09-19,1.7329998016357422
1996-09-20,1.6860003471374512
1996-09-23,1.6579999923706055
1996-09-24,1.7220001220703125
1996-09-25,1.745999813079834
1996-09-26,1.7680001258850098
1996-09-27,1.7680001258850098
1996-09-30,1.7890000343322754
1996-10-01,1.6590003967285156
1996-10-02,1.690000057220459
1996-10-03,1.690000057220459
1996-10-04,1.5910000801086426
1996-10-07,1.5929999351501465
1996-10-08,1.5409998893737793
1996-10-09,1.563000202178955
1996-10-10,1.5889997482299805
1996-10-11,1.5469999313354492
1996-10-15,1.5069999694824219
1996-10-16,1.565000057220459
1996-10-17,1.5300002098083496
1996-10-18,1.5130000114440918
1996-10-21,1.514000415802002
1996-10-22,1.5610003471374512
1996-10-23,1.566999912261963
1996-10-24,1.574000358581543
1996-10-25,1.5400004386901855
1996-10-28,1.5230002403259277
1996-10-29,1.3779997825622559
1996-10-30,1.3739995956420898
1996-10-31,1.3389997482299805
1996-11-01,1.3420000076293945
1996-11-04,1.3309998512268066
1996-11-05,1.2529997825622559
1996-11-06,1.261000156402588
1996-11-07,1.2329998016357422
1996-11-08,1.2249999046325684
1996-11-12,1.1409997940063477
1996-11-13,1.1680002212524414
1996-11-14,1.1220002174377441
1996-11-15,1.1669998168945312
1996-11-18,1.1630001068115234
1996-11-19,1.1339998245239258
1996-11-20,1.0960001945495605
1996-11-21,1.0999999046325684
1996-11-22,1.1079998016357422
1996-11-25,1.0949997901916504
1996-11-26,1.0949997901916504
1996-11-27,1.1089997291564941
1996-11-29,1.0500001907348633
1996-12-02,1.1119999885559082
1996-12-03,1.134000301361084
1996-12-04,1.2080001831054688
1996-12-05,1.306999683380127
1996-12-06,1.3510003089904785
1996-12-09,1.3439998626708984
1996-12-10,1.3930001258850098
1996-12-11,1.5370001792907715
1996-12-12,1.5469999313354492
1996-12-13,1.5230002403259277
1996-12-16,1.510000228881836
1996-12-17,1.5139999389648438
1996-12-18,1.568000316619873
1996-12-19,1.4879999160766602
1996-12-20,1.4539999961853027
1996-12-23,1.364999771118164
1996-12-24,1.380000114440918
1996-12-26,1.374000072479248
1996-12-27,1.3220000267028809
1996-12-30,1.2559995651245117
1996-12-31,1.3569998741149902
1997-01-02,1.4739999771118164
1997-01-03,1.4679999351501465
1997-01-06,1.489999771118164
1997-01-07,1.544999599456787
1997-01-08,1.557999610900879
1997-01-09,1.5170001983642578
1997-01-10,1.5879998207092285
1997-01-13,1.5739998817443848
1997-01-14,1.4809999465942383
1997-01-15,1.511000156402588
1997-01-16,1.5299997329711914
1997-01-17,1.5089998245239258
1997-01-21,1.4739999771118164
1997-01-22,1.5089998245239258
1997-01-23,1.5440001487731934
1997-01-24,1.5929999351501465
1997-01-27,1.6069998741149902
1997-01-28,1.5820002555847168
1997-01-29,1.564000129699707
1997-01-30,1.551999568939209
1997-01-31,1.49299955368042
1997-02-03,1.4670000076293945
1997-02-04,1.4279999732971191
1997-02-05,1.4470000267028809
1997-02-06,1.4539999961853027
1997-02-07,1.4030003547668457
1997-02-10,1.4079999923706055
1997-02-11,1.3919997215270996
1997-02-12,1.4049997329711914
1997-02-13,1.320000171661377
1997-02-14,1.3029999732971191
1997-02-18,1.3070001602172852
1997-02-19,1.314000129699707
1997-02-20,1.390000343322754
1997-02-21,1.3980002403259277
1997-02-24,1.4079999923706055
1997-02-25,1.3829998970031738
1997-02-26,1.4920001029968262
1997-02-27,1.490999698638916
1997-02-28,1.4649996757507324
1997-03-03,1.4670000076293945
1997-03-04,1.503000259399414
1997-03-05,1.5190000534057617
1997-03-06,1.5349998474121094
1997-03-07,1.4720001220703125
1997-03-10,1.497999668121338
1997-03-11,1.5269999504089355
1997-03-12,1.5230002403259277
1997-03-13,1.6119999885559082
1997-03-14,1.5949997901916504
1997-03-17,1.5789999961853027
1997-03-18,1.5819997787475586
1997-03-19,1.5759997367858887
1997-03-20,1.5359997749328613
1997-03-21,1.4699997901916504
1997-03-24,1.4580001831054688
1997-03-25,1.498000144958496
1997-03-26,1.5739998817443848
1997-03-27,1.6640000343322754
1997-03-31,1.7369999885559082
1997-04-01,1.7200002670288086
1997-04-02,1.7220001220703125
1997-04-03,1.7330002784729004
1997-04-04,1.7680001258850098
1997-04-07,1.7079997062683105
1997-04-08,1.7899999618530273
1997-04-09,1.7899999618530273
1997-04-10,1.754000186920166
1997-04-11,1.8129997253417969
1997-04-14,1.814000129699707
1997-04-15,1.7280001640319824
1997-04-16,1.7360000610351562
1997-04-17,1.7049999237060547
1997-04-18,1.683000087738037
1997-04-21,1.7090001106262207
1997-04-22,1.628000259399414
1997-04-23,1.6690001487731934
1997-04-24,1.739999771118164
1997-04-25,1.7680001258850098
1997-04-28,1.7210001945495605
1997-04-29,1.63100004196167
1997-04-30,1.6020002365112305
1997-05-01,1.5899996757507324
1997-05-02,1.5759997367858887
1997-05-05,1.6429996490478516
1997-05-06,1.6090002059936523
1997-05-07,1.6349997520446777
1997-05-08,1.6469998359680176
1997-05-09,1.6110000610351562
1997-05-12,1.613999843597412
1997-05-13,1.6389999389648438
1997-05-14,1.6429996490478516
1997-05-15,1.6850004196166992
1997-05-16,1.6399998664855957
1997-05-19,1.5339999198913574
1997-05-20,1.5799999237060547
1997-05-21,1.7350001335144043
1997-05-22,1.7220001220703125
1997-05-23,1.6989998817443848
1997-05-27,1.8020000457763672
1997-05-28,1.7820000648498535
1997-05-29,1.8379998207092285
1997-05-30,1.8429999351501465
1997-06-02,1.865999698638916
1997-06-03,1.6660003662109375
1997-06-04,1.6510000228881836
1997-06-05,1.626999855041504
1997-06-06,1.5699996948242188
1997-06-09,1.6380000114440918
1997-06-10,1.640000343322754
1997-06-11,1.691999912261963
1997-06-12,1.634000301361084
1997-06-13,1.5729999542236328
1997-06-16,1.5570001602172852
1997-06-17,1.503000259399414
1997-06-18,1.4530000686645508
1997-06-19,1.4429998397827148
1997-06-20,1.4169998168945312
1997-06-23,1.360999584197998
1997-06-24,1.3990001678466797
1997-06-25,1.4640002250671387
1997-06-26,1.4910001754760742
1997-06-27,1.446000099182129
1997-06-30,1.4519996643066406
1997-07-01,1.3380002975463867
1997-07-02,1.3129997253417969
1997-07-03,1.2880001068115234
1997-07-07,1.309999942779541
1997-07-08,1.2979998588562012
1997-07-09,1.2630000114440918
1997-07-10,1.2510004043579102
1997-07-11,1.2300000190734863
1997-07-14,1.2369999885559082
1997-07-15,1.184999942779541
1997-07-16,1.1420001983642578
1997-07-17,1.1110000610351562
1997-07-18,1.121999740600586
1997-07-21,1.122999668121338
1997-07-22,1.0529999732971191
1997-07-23,1.0720000267028809
1997-07-24,1.065000057220459
1997-07-25,1.0840001106262207
1997-07-28,1.0380001068115234
1997-07-29,0.9979996681213379
1997-07-30,0.9519996643066406
1997-07-31,0.9040002822875977
1997-08-01,1.049999713897705
1997-08-04,1.074000358581543
1997-08-05,1.0820002555847168
1997-08-06,1.065000057220459
1997-08-07,1.0729999542236328
1997-08-08,1.2239999771118164
1997-08-11,1.190999984741211
1997-08-12,1.2030000686645508
1997-08-13,1.1729998588562012
1997-08-14,1.0810003280639648
1997-08-15,1.1180000305175781
1997-08-18,1.0910000801086426
1997-08-19,1.125
1997-08-20,1.1370000839233398
1997-08-21,1.1710000038146973
1997-08-22,1.2739996910095215
1997-08-25,1.2420001029968262
1997-08-26,1.253000259399414
1997-08-27,1.238999843597412
1997-08-28,1.2009997367858887
1997-08-29,1.239999771118164
1997-09-02,1.244999885559082
1997-09-03,1.2939996719360352
1997-09-04,1.316999912261963
1997-09-05,1.3229999542236328
1997-09-08,1.316999912261963
1997-09-09,1.3360004425048828
1997-09-10,1.3829998970031738
1997-09-11,1.3930001258850098
1997-09-12,1.3179998397827148
1997-09-15,1.2750000953674316
1997-09-16,1.1739997863769531
1997-09-17,1.1160001754760742
1997-09-18,1.140000343322754
1997-09-19,1.1570000648498535
1997-09-22,1.1579999923706055
1997-09-23,1.2309999465942383
1997-09-24,1.234999656677246
1997-09-25,1.3249998092651367
1997-09-26,1.2230000495910645
1997-09-29,1.2209997177124023
1997-09-30,1.1370000839233398
1997-10-01,1.065999984741211
1997-10-02,1.0809998512268066
1997-10-03,1.1059999465942383
1997-10-06,1.1040000915527344
1997-10-07,1.005000114440918
1997-10-08,1.1129999160766602
1997-10-09,1.1009998321533203
1997-10-10,1.1460003852844238
1997-10-14,1.1100001335144043
1997-10-15,1.1739997863769531
1997-10-16,1.1510000228881836
1997-10-17,1.255000114440918
1997-10-20,1.2319998741149902
1997-10-21,1.1679997444152832
1997-10-22,1.114999771118164
1997-10-23,1.0470004081726074
1997-10-24,0.9899997711181641
1997-10-27,0.949000358581543
1997-10-28,0.875999927520752
1997-10-29,0.8529996871948242
1997-10-30,0.8159999847412109
1997-10-31,0.7589998245239258
1997-11-03,0.7940001487731934
1997-11-04,0.8359999656677246
1997-11-05,0.8120002746582031
1997-11-06,0.7389998435974121
1997-11-07,0.7350001335144043
1997-11-10,0.7060003280639648
1997-11-12,0.7350001335144043
1997-11-13,0.7300000190734863
1997-11-14,0.7270002365112305
1997-11-17,0.6740002632141113
1997-11-18,0.6840000152587891
1997-11-19,0.6710000038146973
1997-11-20,0.6960000991821289
1997-11-21,0.7049999237060547
1997-11-24,0.7109999656677246
1997-11-25,0.6979999542236328
1997-11-26,0.7609996795654297
1997-11-28,0.7909998893737793
1997-12-01,0.7560000419616699
1997-12-02,0.7460002899169922
1997-12-03,0.7249999046325684
1997-12-04,0.7340002059936523
1997-12-05,0.7320003509521484
1997-12-08,0.7529997825622559
1997-12-09,0.8390002250671387
1997-12-10,0.8320002555847168
1997-12-11,0.7619996070861816
1997-12-12,0.681999683380127
1997-12-15,0.675999641418457
1997-12-16,0.7010002136230469
1997-12-17,0.7009997367858887
1997-12-18,0.6690001487731934
1997-12-19,0.47100019454956055
1997-12-22,0.41099977493286133
1997-12-23,0.3789997100830078
1997-12-24,0.5070004463195801
1997-12-26,0.5550003051757812
1997-12-29,0.4980001449584961
1997-12-30,0.5460000038146973
1997-12-31,0.5390000343322754
1998-01-02,0.4850001335144043
1998-01-05,0.4180002212524414
1998-01-06,0.39300012588500977
1998-01-07,0.4369997978210449
1998-01-08,0.505000114440918
1998-01-09,0.4590001106262207
1998-01-12,0.4499998092651367
1998-01-13,0.32899999618530273
1998-01-14,0.3990001678466797
1998-01-15,0.48000001907348633
1998-01-16,0.5130000114440918
1998-01-20,0.5359997749328613
1998-01-21,0.5350003242492676
1998-01-22,0.5430002212524414
1998-01-23,0.6430001258850098
1998-01-26,0.5859999656677246
1998-01-27,0.5729999542236328
1998-01-28,0.5989999771118164
1998-01-29,0.5069999694824219
1998-01-30,0.4720001220703125
1998-02-02,0.46700000762939453
1998-02-03,0.4549999237060547
1998-02-04,0.5789999961853027
1998-02-05,0.6090002059936523
1998-02-06,0.5620002746582031
1998-02-09,0.6299996376037598
1998-02-10,0.5430002212524414
1998-02-11,0.5029997825622559
1998-02-12,0.4250001907348633
1998-02-13,0.39499998092651367
1998-02-17,0.3899998664855957
1998-02-18,0.4249997138977051
1998-02-19,0.4459996223449707
1998-02-20,0.45399999618530273
1998-02-23,0.4700002670288086
1998-02-24,0.4939999580383301
1998-02-25,0.4460000991821289
1998-02-26,0.4609999656677246
1998-02-27,0.43600034713745117
1998-03-02,0.5329999923706055
1998-03-03,0.6840000152587891
1998-03-04,0.7199997901916504
1998-03-05,0.7369999885559082
1998-03-06,0.7019996643066406
1998-03-09,0.6469998359680176
1998-03-10,0.6929998397827148
1998-03-11,0.6760001182556152
1998-03-12,0.6129999160766602
1998-03-13,0.6100001335144043
1998-03-16,0.5679998397827148
1998-03-17,0.5389995574951172
1998-03-18,0.5409998893737793
1998-03-19,0.5439996719360352
1998-03-20,0.5209999084472656
1998-03-23,0.550999641418457
1998-03-24,0.550999641418457
1998-03-25,0.6040000915527344
1998-03-26,0.5980000495910645
1998-03-27,0.6100001335144043
1998-03-30,0.624000072479248
1998-03-31,0.6720004081726074
1998-04-01,0.633000373840332
1998-04-02,0.5850000381469727
1998-04-03,0.5230002403259277
1998-04-06,0.5250000953674316
1998-04-07,0.6059999465942383
1998-04-08,0.6600003242492676
1998-04-09,0.6440000534057617
1998-04-13,0.5989999771118164
1998-04-14,0.6160001754760742
1998-04-15,0.6449999809265137
1998-04-16,0.6640000343322754
1998-04-17,0.6680002212524414
1998-04-20,0.7190003395080566
1998-04-21,0.7269997596740723
1998-04-22,0.7309999465942383
1998-04-23,0.7250003814697266
1998-04-24,0.7239999771118164
1998-04-27,0.8499999046325684
1998-04-28,0.874000072479248
1998-04-29,0.8689999580383301
1998-04-30,0.8169999122619629
1998-05-01,0.7739996910095215
1998-05-04,0.7539997100830078
1998-05-05,0.7140002250671387
1998-05-06,0.6690001487731934
1998-05-07,0.689000129699707
1998-05-08,0.7070002555847168
1998-05-11,0.7790002822875977
1998-05-12,0.698000431060791
1998-05-13,0.6869997978210449
1998-05-14,0.6359996795654297
1998-05-15,0.6399998664855957
1998-05-18,0.5890002250671387
1998-05-19,0.5759997367858887
1998-05-20,0.5399999618530273
1998-05-21,0.5409998893737793
1998-05-22,0.554999828338623
1998-05-26,0.5749998092651367
1998-05-27,0.5960001945495605
1998-05-28,0.6510000228881836
1998-05-29,0.6560001373291016
1998-06-01,0.6609997749328613
1998-06-02,0.5800004005432129
1998-06-03,0.568000316619873
1998-06-04,0.6030001640319824
1998-06-05,0.6010003089904785
1998-06-08,0.5949997901916504
1998-06-09,0.5749998092651367
1998-06-10,0.500999927520752
1998-06-11,0.47100019454956055
1998-06-12,0.42999982833862305
1998-06-15,0.40000009536743164
1998-06-16,0.41100025177001953
1998-06-17,0.44899988174438477
1998-06-18,0.45200014114379883
1998-06-19,0.43900012969970703
1998-06-22,0.47100019454956055
1998-06-23,0.4980001449584961
1998-06-24,0.5410003662109375
1998-06-25,0.5989999771118164
1998-06-26,0.5819997787475586
1998-06-29,0.5890002250671387
1998-06-30,0.46400022506713867
1998-07-01,0.4760003089904785
1998-07-02,0.47100019454956055
1998-07-06,0.4609999656677246
1998-07-07,0.4350004196166992
1998-07-08,0.47100019454956055
1998-07-09,0.4630002975463867
1998-07-10,0.4850001335144043
1998-07-13,0.5099997520446777
1998-07-14,0.45399999618530273
1998-07-15,0.4699997901916504
1998-07-16,0.46700000762939453
1998-07-17,0.4889998435974121
1998-07-20,0.4760003089904785
1998-07-21,0.5069999694824219
1998-07-22,0.5150003433227539
1998-07-23,0.46899986267089844
1998-07-24,0.500999927520752
1998-07-27,0.5130000114440918
1998-07-28,0.5580000877380371
1998-07-29,0.5810003280639648
1998-07-30,0.5699996948242188
1998-07-31,0.5440001487731934
1998-08-03,0.47500038146972656
1998-08-04,0.4780001640319824
1998-08-05,0.48000001907348633
1998-08-06,0.5520000457763672
1998-08-07,0.5170001983642578
1998-08-10,0.5490002632141113
1998-08-11,0.48199987411499023
1998-08-12,0.4869999885559082
1998-08-13,0.5039997100830078
1998-08-14,0.48600006103515625
1998-08-17,0.4699997901916504
1998-08-18,0.4530000686645508
1998-08-19,0.4809999465942383
1998-08-20,0.46400022506713867
1998-08-21,0.4460000991821289
1998-08-24,0.35700035095214844
1998-08-25,0.29799985885620117
1998-08-26,0.26999998092651367
1998-08-27,0.2609996795654297
1998-08-28,0.2999997138977051
1998-08-31,0.2719998359680176
1998-09-01,0.26599979400634766
1998-09-02,0.3060002326965332
1998-09-03,0.309999942779541
1998-09-04,0.2690000534057617
1998-09-08,0.30100011825561523
1998-09-09,0.18499994277954102
1998-09-10,0.08799982070922852
1998-09-11,0.09399986267089844
1998-09-14,0.0970001220703125
1998-09-15,0.21500015258789062
1998-09-16,0.22099971771240234
1998-09-17,0.1979999542236328
1998-09-18,0.18800020217895508
1998-09-21,0.06799983978271484
1998-09-22,0.02299976348876953
1998-09-23,0.08799982070922852
1998-09-24,0.1269998550415039
1998-09-25,0.1660003662109375
1998-09-28,0.21700000762939453
1998-09-29,0.24399995803833008
1998-09-30,0.15999984741210938
1998-10-01,0.17399978637695312
1998-10-02,0.18000030517578125
1998-10-05,0.12900018692016602
1998-10-06,0.1699995994567871
1998-10-07,0.3429999351501465
1998-10-08,0.8159999847412109
1998-10-09,0.9619998931884766
1998-10-13,0.9140000343322754
1998-10-14,0.6360001564025879
1998-10-15,0.5399999618530273
1998-10-16,0.8869998455047607
1998-10-19,0.745999813079834
1998-10-20,0.6099998950958252
1998-10-21,0.6510000228881836
1998-10-22,0.7219998836517334
1998-10-23,0.7930002212524414
1998-10-26,0.7079999446868896
1998-10-27,0.5290002822875977
1998-10-28,0.3970003128051758
1998-10-29,0.2969999313354492
1998-10-30,0.39300012588500977
1998-11-02,0.4439997673034668
1998-11-03,0.3599996566772461
1998-11-04,0.4290003776550293
1998-11-05,0.3880000114440918
1998-11-06,0.37199974060058594
1998-11-09,0.3559999465942383
1998-11-10,0.37799978256225586
1998-11-12,0.38000011444091797
1998-11-13,0.45600032806396484
1998-11-16,0.42799997329711914
1998-11-17,0.5499997138977051
1998-11-18,0.5219998359680176
1998-11-19,0.5260000228881836
1998-11-20,0.46000003814697266
1998-11-23,0.3600001335144043
1998-11-24,0.35200023651123047
1998-11-25,0.37200021743774414
1998-11-27,0.37200021743774414
1998-11-30,0.305999755859375
1998-12-01,0.27899980545043945
1998-12-02,0.1979999542236328
1998-12-03,0.23400020599365234
1998-12-04,0.24699974060058594
1998-12-07,0.29799985885620117
1998-12-08,0.2849998474121094
1998-12-09,0.23799991607666016
1998-12-10,0.16099977493286133
1998-12-11,0.21300029754638672
1998-12-14,0.18600034713745117
1998-12-15,0.2389998435974121
1998-12-16,0.23099994659423828
1998-12-17,0.2199997901916504
1998-12-18,0.19099998474121094
1998-12-21,0.1960000991821289
1998-12-22,0.2800002098083496
1998-12-23,0.3210000991821289
1998-12-24,0.39600038528442383
1998-12-28,0.319000244140625
1998-12-29,0.22100019454956055
1998-12-30,0.21200037002563477
1998-12-31,0.28800010681152344
1999-01-04,0.30700016021728516
1999-01-05,0.35900020599365234
1999-01-06,0.3510003089904785
1999-01-07,0.4549999237060547
1999-01-08,0.48199987411499023
1999-01-11,0.48400020599365234
1999-01-12,0.4499998092651367
1999-01-13,0.3810000419616699
1999-01-14,0.3039999008178711
1999-01-15,0.3489999771118164
1999-01-19,0.42100000381469727
1999-01-20,0.4549999237060547
1999-01-21,0.4790000915527344
1999-01-22,0.379000186920166
1999-01-25,0.36299991607666016
1999-01-26,0.33100032806396484
1999-01-27,0.3129997253417969
1999-01-28,0.2950000762939453
1999-01-29,0.2929997444152832
1999-02-01,0.33500003814697266
1999-02-02,0.375
1999-02-03,0.46199989318847656
1999-02-04,0.5269999504089355
1999-02-05,0.5420002937316895
1999-02-08,0.5239996910095215
1999-02-09,0.4809999465942383
1999-02-10,0.5300002098083496
1999-02-11,0.5180001258850098
1999-02-12,0.6319999694824219
1999-02-16,0.6279997825622559
1999-02-17,0.568000316619873
1999-02-18,0.6180000305175781
1999-02-19,0.6110000610351562
1999-02-22,0.5260000228881836
1999-02-23,0.5380001068115234
1999-02-24,0.6220002174377441
1999-02-25,0.7930002212524414
1999-02-26,0.7219996452331543
1999-03-01,0.8039999008178711
1999-03-02,0.8010001182556152
1999-03-03,0.8959999084472656
1999-03-04,0.9210000038146973
1999-03-05,0.8260002136230469
1999-03-08,0.7779998779296875
1999-03-09,0.7020001411437988
1999-03-10,0.7190003395080566
1999-03-11,0.7170000076293945
1999-03-12,0.6810002326965332
1999-03-15,0.6700000762939453
1999-03-16,0.6670002937316895
1999-03-17,0.7220001220703125
1999-03-18,0.7309999465942383
1999-03-19,0.7679996490478516
1999-03-22,0.8039999008178711
1999-03-23,0.805999755859375
1999-03-24,0.7760000228881836
1999-03-25,0.8130002021789551
1999-03-26,0.8090000152587891
1999-03-29,0.8689999580383301
1999-03-30,0.8210000991821289
1999-03-31,0.874000072479248
1999-04-01,0.9719996452331543
1999-04-05,0.8930001258850098
1999-04-06,0.8299999237060547
1999-04-07,0.8439998626708984
1999-04-08,0.749000072479248
1999-04-09,0.7759995460510254
1999-04-12,0.820000171661377
1999-04-13,0.9289999008178711
1999-04-14,0.9520001411437988
1999-04-15,0.9600000381469727
1999-04-16,0.9860000610351562
1999-04-19,0.9580001831054688
1999-04-20,0.8839998245239258
1999-04-21,0.8940000534057617
1999-04-22,0.9660000801086426
1999-04-23,0.9270000457763672
1999-04-26,0.8610000610351562
1999-04-27,0.8369998931884766
1999-04-28,0.8610000610351562
1999-04-29,0.809999942779541
1999-04-30,0.9200000762939453
1999-05-03,0.8990001678466797
1999-05-04,0.9170002937316895
1999-05-05,0.9050002098083496
1999-05-06,1.0149998664855957
1999-05-07,1.065000057220459
1999-05-10,1.0440001487731934
1999-05-11,1.0910000801086426
1999-05-12,1.0880002975463867
1999-05-13,0.940000057220459
1999-05-14,1.1030001640319824
1999-05-17,1.0989999771118164
1999-05-18,1.1309995651245117
1999-05-19,1.0949997901916504
1999-05-20,1.1019997596740723
1999-05-21,1.055999755859375
1999-05-24,0.9920001029968262
1999-05-25,0.9689998626708984
1999-05-26,1.0170001983642578
1999-05-27,1.0920000076293945
1999-05-28,1.1009998321533203
1999-06-01,1.2259998321533203
1999-06-02,1.183000087738037
1999-06-03,1.2680001258850098
1999-06-04,1.379000186920166
1999-06-07,1.4060001373291016
1999-06-08,1.3379998207092285
1999-06-09,1.386000156402588
1999-06-10,1.3859996795654297
1999-06-11,1.4079999923706055
1999-06-14,1.3979997634887695
1999-06-15,1.36899995803833
1999-06-16,1.3880000114440918
1999-06-17,1.2659997940063477
1999-06-18,1.3020000457763672
1999-06-21,1.3409996032714844
1999-06-22,1.3199996948242188
1999-06-23,1.4129996299743652
1999-06-24,1.4389996528625488
1999-06-25,1.3520002365112305
1999-06-28,1.2880001068115234
1999-06-29,1.2260003089904785
1999-06-30,1.1399998664855957
1999-07-01,1.2699999809265137
1999-07-02,1.2829999923706055
1999-07-06,1.3460001945495605
1999-07-07,1.3619999885559082
1999-07-08,1.2919998168945312
1999-07-09,1.2630000114440918
1999-07-12,1.1610002517700195
1999-07-13,1.1119999885559082
1999-07-14,1.1410002708435059
1999-07-15,1.1389999389648438
1999-07-16,1.13100004196167
1999-07-19,1.130000114440918
1999-07-20,1.139000415802002
1999-07-21,1.1800003051757812
1999-07-22,1.2890000343322754
1999-07-23,1.309000015258789
1999-07-26,1.2760000228881836
1999-07-27,1.2189998626708984
1999-07-28,1.2159996032714844
1999-07-29,1.2829999923706055
1999-07-30,1.2870001792907715
1999-08-02,1.2609996795654297
1999-08-03,1.251999855041504
1999-08-04,1.2860002517700195
1999-08-05,1.2969999313354492
1999-08-06,1.3470001220703125
1999-08-09,1.378000259399414
1999-08-10,1.3340001106262207
1999-08-11,1.3390002250671387
1999-08-12,1.4070000648498535
1999-08-13,1.375
1999-08-16,1.3359999656677246
1999-08-17,1.194000244140625
1999-08-18,1.2360000610351562
1999-08-19,1.2529997825622559
1999-08-20,1.179999828338623
1999-08-23,1.1129999160766602
1999-08-24,0.9869999885559082
1999-08-25,0.9270000457763672
1999-08-26,0.9579997062683105
1999-08-27,1.000999927520752
1999-08-30,1.0910000801086426
1999-08-31,1.129000186920166
1999-09-01,1.1539998054504395
1999-09-02,1.2319998741149902
1999-09-03,1.1129999160766602
1999-09-07,1.246999740600586
1999-09-08,1.2300000190734863
1999-09-09,1.2780003547668457
1999-09-10,1.2709999084472656
1999-09-13,1.2779998779296875
1999-09-14,1.2599997520446777
1999-09-15,1.309000015258789
1999-09-16,1.3309998512268066
1999-09-17,1.303999900817871
1999-09-20,1.3619999885559082
1999-09-21,1.2729997634887695
1999-09-22,1.2350001335144043
1999-09-23,1.1820001602172852
1999-09-24,1.0689997673034668
1999-09-27,1.1479997634887695
1999-09-28,1.2020001411437988
1999-09-29,1.2680001258850098
1999-09-30,1.1750001907348633
1999-10-01,1.2760000228881836
1999-10-04,1.2350001335144043
1999-10-05,1.2899999618530273
1999-10-06,1.3629999160766602
1999-10-07,1.3330001831054688
1999-10-08,1.3540000915527344
1999-10-12,1.3380002975463867
1999-10-13,1.2739996910095215
1999-10-14,1.2870001792907715
1999-10-15,1.1770000457763672
1999-10-18,1.1800003051757812
1999-10-19,1.1760001182556152
1999-10-20,1.189000129699707
1999-10-21,1.2030000686645508
1999-10-22,1.2719998359680176
1999-10-25,1.304999828338623
1999-10-26,1.2370004653930664
1999-10-27,1.193000316619873
1999-10-28,1.1560001373291016
1999-10-29,1.0429997444152832
1999-11-01,1.065999984741211
1999-11-02,1.0399999618530273
1999-11-03,1.0290002822875977
1999-11-04,1.0029997825622559
1999-11-05,0.9250001907348633
1999-11-08,0.8949999809265137
1999-11-09,0.9070000648498535
1999-11-10,0.930999755859375
1999-11-12,0.8330001831054688
1999-11-15,0.806999683380127
1999-11-16,0.8120002746582031
1999-11-17,0.9340000152587891
1999-11-18,0.9700002670288086
1999-11-19,0.9700002670288086
1999-11-22,1.0149998664855957
1999-11-23,0.9460000991821289
1999-11-24,0.9460000991821289
1999-11-26,0.9759998321533203
1999-11-29,1.0190000534057617
1999-11-30,1.0130000114440918
1999-12-01,1.0929999351501465
1999-12-02,1.1339998245239258
1999-12-03,1.0729999542236328
1999-12-06,1.050999641418457
1999-12-07,1.0279998779296875
1999-12-08,1.0729999542236328
1999-12-09,1.0199999809265137
1999-12-10,0.9479999542236328
1999-12-13,0.879000186920166
1999-12-14,0.9930000305175781
1999-12-15,1.0620002746582031
1999-12-16,1.075000286102295
1999-12-17,1.0069999694824219
1999-12-20,0.9600000381469727
1999-12-21,0.9379997253417969
1999-12-22,0.995999813079834
1999-12-23,1.0939998626708984
1999-12-27,1.1050000190734863
1999-12-28,1.1569995880126953
1999-12-29,1.2960000038146973
1999-12-30,1.3579998016357422
1999-12-31,1.2649998664855957
2000-01-03,1.2779998779296875
2000-01-04,1.2150001525878906
2000-01-05,1.3289999961853027
2000-01-06,1.309000015258789
2000-01-07,1.2840003967285156
2000-01-10,1.3280000686645508
2000-01-11,1.3940000534057617
2000-01-12,1.4159998893737793
2000-01-13,1.3980002403259277
2000-01-14,1.4239997863769531
2000-01-18,1.5180001258850098
2000-01-19,1.375
2000-01-20,1.4479999542236328
2000-01-21,1.4809999465942383
2000-01-24,1.3540000915527344
2000-01-25,1.2839999198913574
2000-01-26,1.2699999809265137
2000-01-27,1.2750000953674316
2000-01-28,1.1779999732971191
2000-01-31,1.1369996070861816
2000-02-01,1.066999912261963
2000-02-02,1.0980000495910645
2000-02-03,1.0450000762939453
2000-02-04,1.0270004272460938
2000-02-07,1.1610002517700195
2000-02-08,1.0789999961853027
2000-02-09,1.1790003776550293
2000-02-10,1.1560001373291016
2000-02-11,1.1409997940063477
2000-02-14,1.0789999961853027
2000-02-15,0.9720001220703125
2000-02-16,0.9969997406005859
2000-02-17,0.9989995956420898
2000-02-18,0.9129996299743652
2000-02-22,0.7420001029968262
2000-02-23,0.7870001792907715
2000-02-24,0.7060003280639648
2000-02-25,0.7210001945495605
2000-02-28,0.754000186920166
2000-02-29,0.7690000534057617
2000-03-01,0.7790002822875977
2000-03-02,0.805999755859375
2000-03-03,0.740999698638916
2000-03-06,0.7589998245239258
2000-03-07,0.7329998016357422
2000-03-08,0.7049999237060547
2000-03-09,0.6810002326965332
2000-03-10,0.7070002555847168
2000-03-13,0.6519999504089355
2000-03-14,0.5879998207092285
2000-03-15,0.5859999656677246
2000-03-16,0.5380001068115234
2000-03-17,0.48800039291381836
2000-03-20,0.44099998474121094
2000-03-21,0.3970003128051758
2000-03-22,0.38000011444091797
2000-03-23,0.3400001525878906
2000-03-24,0.45399999618530273
2000-03-27,0.5150003433227539
2000-03-28,0.46000003814697266
2000-03-29,0.4290003776550293
2000-03-30,0.35500001907348633
2000-03-31,0.30299997329711914
2000-04-03,0.29600000381469727
2000-04-04,0.17100000381469727
2000-04-05,0.18200016021728516
2000-04-06,0.2049999237060547
2000-04-07,0.13899993896484375
2000-04-10,0.10199975967407227
2000-04-11,0.2069997787475586
2000-04-12,0.29799985885620117
2000-04-13,0.2740001678466797
2000-04-14,0.24500036239624023
2000-04-17,0.35200023651123047
2000-04-18,0.40600013732910156
2000-04-19,0.33500003814697266
2000-04-20,0.3680000305175781
2000-04-24,0.38700008392333984
2000-04-25,0.4869999885559082
2000-04-26,0.5399999618530273
2000-04-27,0.6550002098083496
2000-04-28,0.564000129699707
2000-05-01,0.5850000381469727
2000-05-02,0.5720000267028809
2000-05-03,0.6630001068115234
2000-05-04,0.7260003089904785
2000-05-05,0.7170000076293945
2000-05-08,0.6700000762939453
2000-05-09,0.564000129699707
2000-05-10,0.5069999694824219
2000-05-11,0.49700021743774414
2000-05-12,0.5380001068115234
2000-05-15,0.5290002822875977
2000-05-16,0.3919997215270996
2000-05-17,0.5529999732971191
2000-05-18,0.8159999847412109
2000-05-19,0.8110003471374512
2000-05-22,0.7200002670288086
2000-05-23,0.6659998893737793
2000-05-24,0.7190003395080566
2000-05-25,0.7120003700256348
2000-05-26,0.6700000762939453
2000-05-30,0.7670001983642578
2000-05-31,0.7950000762939453
2000-06-01,0.6350002288818359
2000-06-02,0.4479999542236328
2000-06-05,0.39099979400634766
2000-06-06,0.30699968338012695
2000-06-07,0.3639998435974121
2000-06-08,0.35500001907348633
2000-06-09,0.36299991607666016
2000-06-12,0.4049997329711914
2000-06-13,0.3810000419616699
2000-06-14,0.3810000419616699
2000-06-15,0.38700008392333984
2000-06-16,0.32899999618530273
2000-06-19,0.34999990463256836
2000-06-20,0.39499998092651367
2000-06-21,0.45600032806396484
2000-06-22,0.4530000686645508
2000-06-23,0.4869999885559082
2000-06-26,0.44499969482421875
2000-06-27,0.42799997329711914
2000-06-28,0.46400022506713867
2000-06-29,0.36100006103515625
2000-06-30,0.31800031661987305
2000-07-03,0.1100001335144043
2000-07-05,0.1659998893737793
2000-07-06,0.19099998474121094
2000-07-07,0.14700031280517578
2000-07-10,0.14599990844726562
2000-07-11,0.12799978256225586
2000-07-12,0.08700037002563477
2000-07-13,0.012000083923339844
2000-07-14,0.12400007247924805
2000-07-17,0.18599987030029297
2000-07-18,0.17100000381469727
2000-07-19,0.1700000762939453
2000-07-20,0.013000011444091797
2000-07-21,0.059999942779541016
2000-07-24,0.05500030517578125
2000-07-25,0.010999679565429688
2000-07-26,0.031000137329101562
2000-07-27,-0.019999980926513672
2000-07-28,0.02500009536743164
2000-07-31,0.008999824523925781
2000-08-01,-0.0689997673034668
2000-08-02,-0.08100032806396484
2000-08-03,-0.09600019454956055
2000-08-04,-0.13899993896484375
2000-08-07,-0.09200000762939453
2000-08-08,-0.15600013732910156
2000-08-09,-0.14100027084350586
2000-08-10,-0.309999942779541
2000-08-11,-0.30299997329711914
2000-08-14,-0.30900001525878906
2000-08-15,-0.2799997329711914
2000-08-16,-0.2630000114440918
2000-08-17,-0.26600027084350586
2000-08-18,-0.3040003776550293
2000-08-21,-0.30900001525878906
2000-08-22,-0.31799983978271484
2000-08-23,-0.36500024795532227
2000-08-24,-0.37400007247924805
2000-08-25,-0.38899993896484375
2000-08-28,-0.3640003204345703
2000-08-29,-0.3119997978210449
2000-08-30,-0.31999969482421875
2000-08-31,-0.3810000419616699
2000-09-01,-0.4049997329711914
2000-09-05,-0.3769998550415039
2000-09-06,-0.2980003356933594
2000-09-07,-0.25099992752075195
2000-09-08,-0.23600006103515625
2000-09-11,-0.18200016021728516
2000-09-12,-0.1399998664855957
2000-09-13,-0.18199968338012695
2000-09-14,-0.17599964141845703
2000-09-15,-0.1269998550415039
2000-09-18,-0.07899999618530273
2000-09-19,-0.11999988555908203
2000-09-20,-0.07799959182739258
2000-09-21,-0.08900022506713867
2000-09-22,-0.14099979400634766
2000-09-25,-0.14699983596801758
2000-09-26,-0.1810002326965332
2000-09-27,-0.19000005722045898
2000-09-28,-0.23800039291381836
2000-09-29,-0.2520003318786621
2000-10-02,-0.19000005722045898
2000-10-03,-0.1830000877380371
2000-10-04,-0.14799976348876953
2000-10-05,-0.1960000991821289
2000-10-06,-0.23400020599365234
2000-10-09,-0.23400020599365234
2000-10-10,-0.24499988555908203
2000-10-11,-0.26999998092651367
2000-10-12,-0.2849998474121094
2000-10-13,-0.2849998474121094
2000-10-16,-0.3000001907348633
2000-10-17,-0.4250001907348633
2000-10-18,-0.4629998207092285
2000-10-19,-0.4679999351501465
2000-10-20,-0.48399972915649414
2000-10-23,-0.568000316619873
2000-10-24,-0.5369997024536133
2000-10-25,-0.4939999580383301
2000-10-26,-0.4869999885559082
2000-10-27,-0.43900012969970703
2000-10-30,-0.4519996643066406
2000-10-31,-0.39300012588500977
2000-11-01,-0.43400001525878906
2000-11-02,-0.43000030517578125
2000-11-03,-0.3860001564025879
2000-11-06,-0.36499977111816406
2000-11-07,-0.36099958419799805
2000-11-08,-0.3600001335144043
2000-11-09,-0.37199974060058594
2000-11-10,-0.375
2000-11-13,-0.4089999198913574
2000-11-14,-0.40600013732910156
2000-11-15,-0.4720001220703125
2000-11-16,-0.4809999465942383
2000-11-17,-0.45600032806396484
2000-11-20,-0.495999813079834
2000-11-21,-0.5100002288818359
2000-11-22,-0.5770001411437988
2000-11-24,-0.5479998588562012
2000-11-27,-0.504000186920166
2000-11-28,-0.5109996795654297
2000-11-29,-0.5069999694824219
2000-11-30,-0.5710000991821289
2000-12-01,-0.5269999504089355
2000-12-04,-0.45800018310546875
2000-12-05,-0.4700002670288086
2000-12-06,-0.5810003280639648
2000-12-07,-0.6210002899169922
2000-12-08,-0.5560002326965332
2000-12-11,-0.5299997329711914
2000-12-12,-0.5469999313354492
2000-12-13,-0.15199995040893555
2000-12-14,-0.6570000648498535
2000-12-15,-0.6539998054504395
2000-12-18,-0.624000072479248
2000-12-19,-0.5659999847412109
2000-12-20,-0.5950002670288086
2000-12-21,-0.19700002670288086
2000-12-22,-0.11800003051757812
2000-12-26,-0.568000316619873
2000-12-27,-0.5139999389648438
2000-12-28,-0.5859999656677246
2000-12-29,-0.619999885559082
2001-01-02,-0.7630000114440918
2001-01-03,-0.4330000877380371
2001-01-04,-0.22699975967407227
2001-01-05,-0.021999835968017578
2001-01-08,-0.1530003547668457
2001-01-09,-0.12599992752075195
2001-01-10,-0.055999755859375
2001-01-11,-0.043999671936035156
2001-01-12,0.09999990463256836
2001-01-16,0.024000167846679688
2001-01-17,-0.06399965286254883
2001-01-18,-0.04500007629394531
2001-01-19,0.0839996337890625
2001-01-22,0.12100028991699219
2001-01-23,0.18400001525878906
2001-01-24,0.17299985885620117
2001-01-25,0.15000009536743164
2001-01-26,0.22299957275390625
2001-01-29,0.315000057220459
2001-01-30,0.3319997787475586
2001-01-31,0.33899974822998047
2001-02-01,0.2109999656677246
2001-02-02,0.21799993515014648
2001-02-05,0.1960000991821289
2001-02-06,0.2650003433227539
2001-02-07,0.24900007247924805
2001-02-08,0.15899991989135742
2001-02-09,0.10599994659423828
2001-02-12,0.12799978256225586
2001-02-13,0.15799999237060547
2001-02-14,0.17500019073486328
2001-02-15,0.23799991607666016
2001-02-16,0.21299982070922852
2001-02-20,0.18700027465820312
2001-02-21,0.24900007247924805
2001-02-22,0.2839999198913574
2001-02-23,0.3299999237060547
2001-02-26,0.3359999656677246
2001-02-27,0.2760000228881836
2001-02-28,0.18800020217895508
2001-03-01,0.15600013732910156
2001-03-02,0.2329998016357422
2001-03-05,0.24300003051757812
2001-03-06,0.3210000991821289
2001-03-07,0.35900020599365234
2001-03-08,0.33699989318847656
2001-03-09,0.33100032806396484
2001-03-12,0.379000186920166
2001-03-13,0.42100000381469727
2001-03-14,0.430999755859375
2001-03-15,0.4239997863769531
2001-03-16,0.34200000762939453
2001-03-19,0.375
2001-03-20,0.41099977493286133
2001-03-21,0.5780000686645508
2001-03-22,0.5580000877380371
2001-03-23,0.6289997100830078
2001-03-26,0.6970000267028809
2001-03-27,0.7430000305175781
2001-03-28,0.7410001754760742
2001-03-29,0.7430000305175781
2001-03-30,0.7350001335144043
2001-04-02,0.8210000991821289
2001-04-03,0.8949999809265137
2001-04-04,0.9229998588562012
2001-04-05,0.9729998111724854
2001-04-06,1.0340001583099365
2001-04-09,1.0760002136230469
2001-04-10,1.2379999160766602
2001-04-11,1.129000186920166
2001-04-12,1.245999813079834
2001-04-16,1.244999885559082
2001-04-17,1.188000202178955
2001-04-18,1.318000078201294
2001-04-19,1.4729998111724854
2001-04-20,1.5929999351501465
2001-04-23,1.558000087738037
2001-04-24,1.498000144958496
2001-04-25,1.5140001773834229
2001-04-26,1.4619998931884766
2001-04-27,1.573000192642212
2001-04-30,1.5079998970031738
2001-05-01,1.4780001640319824
2001-05-02,1.49399995803833
2001-05-03,1.4510002136230469
2001-05-04,1.5439999103546143
2001-05-07,1.5850000381469727
2001-05-08,1.627000093460083
2001-05-09,1.5380001068115234
2001-05-10,1.6519999504089355
2001-05-11,1.8040001392364502
2001-05-14,1.805999994277954
2001-05-15,1.940000057220459
2001-05-16,1.9869999885559082
2001-05-17,1.9869999885559082
2001-05-18,1.8809998035430908
2001-05-21,1.8460001945495605
2001-05-22,1.8390002250671387
2001-05-23,1.8309998512268066
2001-05-24,1.8889999389648438
2001-05-25,1.9150002002716064
2001-05-29,1.9070000648498535
2001-05-30,1.9129998683929443
2001-05-31,1.873000144958496
2001-06-01,1.814000129699707
2001-06-04,1.7339999675750732
2001-06-05,1.7310001850128174
2001-06-06,1.7349998950958252
2001-06-07,1.7750000953674316
2001-06-08,1.8030002117156982
2001-06-11,1.7770001888275146
2001-06-12,1.7699997425079346
2001-06-13,1.7969999313354492
2001-06-14,1.7750000953674316
2001-06-15,1.7980000972747803
2001-06-18,1.8410000801086426
2001-06-19,1.818000078201294
2001-06-20,1.7889997959136963
2001-06-21,1.7579998970031738
2001-06-22,1.7640001773834229
2001-06-25,1.7720000743865967
2001-06-26,1.813999891281128
2001-06-27,1.8229997158050537
2001-06-28,1.7760002613067627
2001-06-29,1.8299999237060547
2001-07-02,1.7709999084472656
2001-07-03,1.807999849319458
2001-07-05,1.8520002365112305
2001-07-06,1.8540000915527344
2001-07-09,1.7900002002716064
2001-07-10,1.741999864578247
2001-07-11,1.7949998378753662
2001-07-12,1.7200000286102295
2001-07-13,1.7140002250671387
2001-07-16,1.635000228881836
2001-07-17,1.6689999103546143
2001-07-18,1.6469998359680176
2001-07-19,1.6540000438690186
2001-07-20,1.6719999313354492
2001-07-23,1.6479997634887695
2001-07-24,1.616999864578247
2001-07-25,1.6479997634887695
2001-07-26,1.6700000762939453
2001-07-27,1.636000156402588
2001-07-30,1.626000165939331
2001-07-31,1.5970001220703125
2001-08-01,1.6359999179840088
2001-08-02,1.6949999332427979
2001-08-03,1.7289998531341553
2001-08-06,1.746000051498413
2001-08-07,1.751999855041504
2001-08-08,1.6539998054504395
2001-08-09,1.6579999923706055
2001-08-10,1.6659998893737793
2001-08-13,1.6100001335144043
2001-08-14,1.6180000305175781
2001-08-15,1.6520001888275146
2001-08-16,1.625999927520752
2001-08-17,1.5510001182556152
2001-08-20,1.555999994277954
2001-08-21,1.5759999752044678
2001-08-22,1.5959999561309814
2001-08-23,1.565999984741211
2001-08-24,1.5820002555847168
2001-08-27,1.5820002555847168
2001-08-28,1.5180001258850098
2001-08-29,1.4470000267028809
2001-08-30,1.501000165939331
2001-08-31,1.5360000133514404
2001-09-04,1.6190001964569092
2001-09-05,1.6470000743865967
2001-09-06,1.5859999656677246
2001-09-07,1.6159999370574951
2001-09-10,1.6549999713897705
2001-09-17,2.001000165939331
2001-09-18,2.254999876022339
2001-09-19,2.2710001468658447
2001-09-20,2.5180001258850098
2001-09-21,2.489000082015991
2001-09-24,2.379999876022339
2001-09-25,2.359999895095825
2001-09-26,2.2970001697540283
2001-09-27,2.2290000915527344
2001-09-28,2.2749998569488525
2001-10-01,2.2430002689361572
2001-10-02,2.242000102996826
2001-10-03,2.2780001163482666
2001-10-04,2.3379998207092285
2001-10-05,2.3540000915527344
2001-10-08,2.3540000915527344
2001-10-09,2.4039998054504395
2001-10-10,2.4090001583099365
2001-10-11,2.444000005722046
2001-10-12,2.4689998626708984
2001-10-15,2.3979997634887695
2001-10-16,2.4089996814727783
2001-10-17,2.3909997940063477
2001-10-18,2.4109997749328613
2001-10-19,2.4499998092651367
2001-10-22,2.4240000247955322
2001-10-23,2.4850001335144043
2001-10-24,2.4640002250671387
2001-10-25,2.437000274658203
2001-10-26,2.4210000038146973
2001-10-29,2.4070000648498535
2001-10-30,2.4220001697540283
2001-10-31,2.253000020980835
2001-11-01,2.2070000171661377
2001-11-02,2.3960001468658447
2001-11-05,2.3259999752044678
2001-11-06,2.4490000009536743
2001-11-07,2.44100022315979
2001-11-08,2.493000030517578
2001-11-09,2.507000207901001
2001-11-12,2.514000177383423
2001-11-13,2.568000078201294
2001-11-14,2.6749998331069946
2001-11-15,2.858000159263611
2001-11-16,2.9950002431869507
2001-11-19,2.856000065803528
2001-11-20,2.968999981880188
2001-11-21,3.0560001134872437
2001-11-23,3.0610002279281616
2001-11-26,3.062999725341797
2001-11-27,3.089999794960022
2001-11-28,3.1160000562667847
2001-11-29,2.996000051498413
2001-11-30,3.0139999389648438
2001-12-03,2.9630000591278076
2001-12-04,2.937999725341797
2001-12-05,3.1710000038146973
2001-12-06,3.292999744415283
2001-12-07,3.4979997873306274
2001-12-10,3.4560002088546753
2001-12-11,3.467000126838684
2001-12-12,3.333999991416931
2001-12-13,3.4300001859664917
2001-12-14,3.4809998273849487
2001-12-17,3.564000129699707
2001-12-18,3.4520000219345093
2001-12-19,3.3659998178482056
2001-12-20,3.408999800682068
2001-12-21,3.418000102043152
2001-12-24,3.441999912261963
2001-12-26,3.4679999351501465
2001-12-27,3.3949997425079346
2001-12-28,3.4269999265670776
2001-12-31,3.3620001077651978
2002-01-02,3.4570000171661377
2002-01-03,3.429999828338623
2002-01-04,3.460999846458435
2002-01-07,3.3970001935958862
2002-01-08,3.407000184059143
2002-01-09,3.411999821662903
2002-01-10,3.3119999170303345
2002-01-11,3.2690001726150513
2002-01-14,3.328000068664551
2002-01-15,3.2709999084472656
2002-01-16,3.2690001726150513
2002-01-17,3.333000063896179
2002-01-18,3.3079999685287476
2002-01-22,3.2600001096725464
2002-01-23,3.3300000429153442
2002-01-24,3.3589998483657837
2002-01-25,3.3910001516342163
2002-01-28,3.3889999389648438
2002-01-29,3.2749998569488525
2002-01-30,3.2810001373291016
2002-01-31,3.305000066757202
2002-02-01,3.2690000534057617
2002-02-04,3.175999879837036
2002-02-05,3.205000162124634
2002-02-06,3.2289998531341553
2002-02-07,3.241000175476074
2002-02-08,3.2090002298355103
2002-02-11,3.199000120162964
2002-02-12,3.256999969482422
2002-02-13,3.292999744415283
2002-02-14,3.249000072479248
2002-02-15,3.1629998683929443
2002-02-19,3.182999849319458
2002-02-20,3.1590001583099365
2002-02-21,3.1509997844696045
2002-02-22,3.1070001125335693
2002-02-25,3.120999813079834
2002-02-26,3.184999942779541
2002-02-27,3.117000102996826
2002-02-28,3.139000177383423
2002-03-01,3.2210001945495605
2002-03-04,3.249000072479248
2002-03-05,3.257999897003174
2002-03-06,3.2920000553131104
2002-03-07,3.4619998931884766
2002-03-08,3.5460000038146973
2002-03-11,3.5300002098083496
2002-03-12,3.503999948501587
2002-03-13,3.4720001220703125
2002-03-14,3.5859999656677246
2002-03-15,3.5429998636245728
2002-03-18,3.4839998483657837
2002-03-19,3.5249998569488525
2002-03-20,3.5869998931884766
2002-03-21,3.5739998817443848
2002-03-22,3.5889999866485596
2002-03-25,3.626000165939331
2002-03-26,3.5440001487731934
2002-03-27,3.549999952316284
2002-03-28,3.6660001277923584
2002-04-01,3.6679999828338623
2002-04-02,3.5880000591278076
2002-04-03,3.5349998474121094
2002-04-04,3.5319998264312744
2002-04-05,3.490000009536743
2002-04-08,3.5250000953674316
2002-04-09,3.5199999809265137
2002-04-10,3.5530000925064087
2002-04-11,3.532000184059143
2002-04-12,3.486000180244446
2002-04-15,3.456999897956848
2002-04-16,3.4769999980926514
2002-04-17,3.5289998054504395
2002-04-18,3.545000195503235
2002-04-19,3.490000009536743
2002-04-22,3.4890002012252808
2002-04-23,3.4649999141693115
2002-04-24,3.414999842643738
2002-04-25,3.3910000324249268
2002-04-26,3.3580000400543213
2002-04-29,3.378999948501587
2002-04-30,3.3610000610351562
2002-05-01,3.3380000591278076
2002-05-02,3.36899995803833
2002-05-03,3.3419997692108154
2002-05-06,3.3489999771118164
2002-05-07,3.36299991607666
2002-05-08,3.4800000190734863
2002-05-09,3.4569997787475586
2002-05-10,3.3969998359680176
2002-05-13,3.489999771118164
2002-05-14,3.55400013923645
2002-05-15,3.5219998359680176
2002-05-16,3.4469997882843018
2002-05-17,3.5210001468658447
2002-05-20,3.4790000915527344
2002-05-21,3.4469997882843018
2002-05-22,3.4029998779296875
2002-05-23,3.443999767303467
2002-05-24,3.430999994277954
2002-05-28,3.411999821662903
2002-05-29,3.3600001335144043
2002-05-30,3.319000005722046
2002-05-31,3.338000178337097
2002-06-03,3.3249999284744263
2002-06-04,3.2970000505447388
2002-06-05,3.3229998350143433
2002-06-06,3.3050001859664917
2002-06-07,3.3549997806549072
2002-06-10,3.332000255584717
2002-06-11,3.2770001888275146
2002-06-12,3.2479997873306274
2002-06-13,3.2220001220703125
2002-06-14,3.131000280380249
2002-06-17,3.1659998893737793
2002-06-18,3.156000018119812
2002-06-19,3.0559998750686646
2002-06-20,3.136000156402588
2002-06-21,3.077000141143799
2002-06-24,3.151999831199646
2002-06-25,3.1510000228881836
2002-06-26,3.044999837875366
2002-06-27,3.149999976158142
2002-06-28,3.164999842643738
2002-07-01,3.138000011444092
2002-07-02,3.0579997301101685
2002-07-03,3.0619999170303345
2002-07-05,3.178999900817871
2002-07-08,3.121999740600586
2002-07-09,3.0580002069473267
2002-07-10,2.9589998722076416
2002-07-11,2.9350000619888306
2002-07-12,2.9229997396469116
2002-07-15,2.94599986076355
2002-07-16,3.0340001583099365
2002-07-17,2.9749999046325684
2002-07-18,2.9200000762939453
2002-07-19,2.89300000667572
2002-07-22,2.7970000505447388
2002-07-23,2.764000177383423
2002-07-24,2.7599998712539673
2002-07-25,2.728000044822693
2002-07-26,2.720000147819519
2002-07-29,2.8559999465942383
2002-07-30,2.898999810218811
2002-07-31,2.8000001907348633
2002-08-01,2.759000062942505
2002-08-02,2.6690001487731934
2002-08-05,2.635999917984009
2002-08-06,2.756999969482422
2002-08-07,2.7339998483657837
2002-08-08,2.837000012397766
2002-08-09,2.692000150680542
2002-08-12,2.583999991416931
2002-08-13,2.5190001726150513
2002-08-14,2.4610002040863037
2002-08-15,2.5810000896453857
2002-08-16,2.7319998741149902
2002-08-19,2.672999858856201
2002-08-20,2.5839998722076416
2002-08-21,2.5950000286102295
2002-08-22,2.6790000200271606
2002-08-23,2.611000180244446
2002-08-26,2.5809998512268066
2002-08-27,2.640000104904175
2002-08-28,2.580999970436096
2002-08-29,2.520999789237976
2002-08-30,2.492000102996826
2002-09-03,2.375
2002-09-04,2.3610000610351562
2002-09-05,2.333000063896179
2002-09-06,2.4139997959136963
2002-09-09,2.409999966621399
2002-09-10,2.3569998741149902
2002-09-11,2.4030001163482666
2002-09-12,2.315000057220459
2002-09-13,2.2500001192092896
2002-09-16,2.217000126838684
2002-09-17,2.205999970436096
2002-09-18,2.2070000171661377
2002-09-19,2.162999987602234
2002-09-20,2.1640000343322754
2002-09-23,2.0640000104904175
2002-09-24,2.031999945640564
2002-09-25,2.13700008392334
2002-09-26,2.14900004863739
2002-09-27,2.091999888420105
2002-09-30,2.080000162124634
2002-10-01,2.1469998359680176
2002-10-02,2.1600000858306885
2002-10-03,2.1540000438690186
2002-10-04,2.1179999113082886
2002-10-07,2.0480000972747803
2002-10-08,2.063999891281128
2002-10-09,2.0519999265670776
2002-10-10,2.1169999837875366
2002-10-11,2.2669999599456787
2002-10-14,2.2660001516342163
2002-10-15,2.371000051498413
2002-10-16,2.413999915122986
2002-10-17,2.5090001821517944
2002-10-18,2.501999855041504
2002-10-21,2.559000253677368
2002-10-22,2.59499990940094
2002-10-23,2.5940001010894775
2002-10-24,2.5200002193450928
2002-10-25,2.492999792098999
2002-10-28,2.5320000648498535
2002-10-29,2.462000012397766
2002-10-30,2.4980000257492065
2002-10-31,2.49399995803833
2002-11-01,2.5800000429153442
2002-11-04,2.6380001306533813
2002-11-05,2.685999870300293
2002-11-06,2.8279998302459717
2002-11-07,2.6869999170303345
2002-11-08,2.6549999713897705
2002-11-11,2.6549999713897705
2002-11-12,2.6610000133514404
2002-11-13,2.6510000228881836
2002-11-14,2.8299999237060547
2002-11-15,2.8540000915527344
2002-11-18,2.8170000314712524
2002-11-19,2.7899999618530273
2002-11-20,2.8789998292922974
2002-11-21,2.946000099182129
2002-11-22,2.9770002365112305
2002-11-25,2.98199999332428
2002-11-26,2.8769999742507935
2002-11-27,3.0530002117156982
2002-11-29,3.0109997987747192
2002-12-02,3.013999819755554
2002-12-03,3.0329997539520264
2002-12-04,2.9749999046325684
2002-12-05,2.926999807357788
2002-12-06,2.909999966621399
2002-12-09,2.8530001640319824
2002-12-10,2.8569997549057007
2002-12-11,2.8119999170303345
2002-12-12,2.821000099182129
2002-12-13,2.874999761581421
2002-12-16,2.9280000925064087
2002-12-17,2.9219998121261597
2002-12-18,2.8719998598098755
2002-12-19,2.7719998359680176
2002-12-20,2.7760000228881836
2002-12-23,2.805000066757202
2002-12-24,2.7710001468658447
2002-12-26,2.759000062942505
2002-12-27,2.677999973297119
2002-12-30,2.61899995803833
2002-12-31,2.6360000371932983
2003-01-02,2.8420000076293945
2003-01-03,2.846000075340271
2003-01-06,2.8839999437332153
2003-01-07,2.853000044822693
2003-01-08,2.813999891281128
2003-01-09,2.9709997177124023
2003-01-10,2.9799998998641968
2003-01-13,2.955999732017517
2003-01-14,2.912999987602234
2003-01-15,2.9049999713897705
2003-01-16,2.9029998779296875
2003-01-17,2.86299991607666
2003-01-21,2.8370001316070557
2003-01-22,2.7810001373291016
2003-01-23,2.805000066757202
2003-01-24,2.776000142097473
2003-01-27,2.815000057220459
2003-01-28,2.8279999494552612
2003-01-29,2.88100004196167
2003-01-30,2.8380000591278076
2003-01-31,2.8269999027252197
2003-02-03,2.8400001525878906
2003-02-04,2.784000039100647
2003-02-05,2.853999972343445
2003-02-06,2.802999973297119
2003-02-07,2.787000060081482
2003-02-10,2.8270000219345093
2003-02-11,2.805000066757202
2003-02-12,2.7619999647140503
2003-02-13,2.724000096321106
2003-02-14,2.800999879837036
2003-02-18,2.7929999828338623
2003-02-19,2.724000096321106
2003-02-20,2.6890000104904175
2003-02-21,2.7259998321533203
2003-02-24,2.6720000505447388
2003-02-25,2.633000135421753
2003-02-26,2.590999960899353
2003-02-27,2.5700000524520874
2003-02-28,2.5210001468658447
2003-03-03,2.5040000677108765
2003-03-04,2.4800000190734863
2003-03-05,2.4679999351501465
2003-03-06,2.5049999952316284
2003-03-07,2.522999882698059
2003-03-10,2.5139999389648438
2003-03-11,2.5239999294281006
2003-03-12,2.521999955177307
2003-03-13,2.630000114440918
2003-03-14,2.603999972343445
2003-03-17,2.6990000009536743
2003-03-18,2.7730000019073486
2003-03-19,2.8299999237060547
2003-03-20,2.8690000772476196
2003-03-21,2.9379998445510864
2003-03-24,2.818000078201294
2003-03-25,2.809000015258789
2003-03-26,2.7949999570846558
2003-03-27,2.7940001487731934
2003-03-28,2.784999966621399
2003-03-31,2.7329999208450317
2003-04-01,2.7319998741149902
2003-04-02,2.8299999237060547
2003-04-03,2.828999876976013
2003-04-04,2.861999988555908
2003-04-07,2.881999969482422
2003-04-08,2.8090001344680786
2003-04-09,2.791000008583069
2003-04-10,2.8170000314712524
2003-04-11,2.833999991416931
2003-04-14,2.8639999628067017
2003-04-15,2.8109999895095825
2003-04-16,2.791000008583069
2003-04-17,2.8100000619888306
2003-04-21,2.827000141143799
2003-04-22,2.8310000896453857
2003-04-23,2.847999930381775
2003-04-24,2.7760000228881836
2003-04-25,2.768999934196472
2003-04-28,2.7880001068115234
2003-04-29,2.8119999170303345
2003-04-30,2.7560001611709595
2003-05-01,2.778999924659729
2003-05-02,2.817000150680542
2003-05-05,2.7950000762939453
2003-05-06,2.728000044822693
2003-05-07,2.606000065803528
2003-05-08,2.603999972343445
2003-05-09,2.6089999675750732
2003-05-12,2.5719999074935913
2003-05-13,2.560999870300293
2003-05-14,2.5
2003-05-15,2.506999969482422
2003-05-16,2.4399999380111694
2003-05-19,2.434999942779541
2003-05-20,2.374000072479248
2003-05-21,2.343000054359436
2003-05-22,2.2890000343322754
2003-05-23,2.277999997138977
2003-05-27,2.3380000591278076
2003-05-28,2.343999981880188
2003-05-29,2.2639999389648438
2003-05-30,2.2649998664855957
2003-06-02,2.3269999027252197
2003-06-03,2.2799999713897705
2003-06-04,2.268999934196472
2003-06-05,2.314000129699707
2003-06-06,2.325000047683716
2003-06-09,2.2720000743865967
2003-06-10,2.236999988555908
2003-06-11,2.2779999375343323
2003-06-12,2.275999963283539
2003-06-13,2.2710000872612
2003-06-16,2.333000063896179
2003-06-17,2.39900004863739
2003-06-18,2.497999906539917
2003-06-19,2.549000084400177
2003-06-20,2.588999927043915
2003-06-23,2.4950000643730164
2003-06-24,2.465000092983246
2003-06-25,2.4640000462532043
2003-06-26,2.6589999198913574
2003-06-27,2.739000082015991
2003-06-30,2.6900001168251038
2003-07-01,2.681000053882599
2003-07-02,2.6890000104904175
2003-07-03,2.812999963760376
2003-07-07,2.8450000286102295
2003-07-08,2.8480000495910645
2003-07-09,2.836000084877014
2003-07-10,2.8140000700950623
2003-07-11,2.774000108242035
2003-07-14,2.847000002861023
2003-07-15,3.0260000228881836
2003-07-16,3.062999904155731
2003-07-17,3.0830000042915344
2003-07-18,3.092000126838684
2003-07-21,3.286999762058258
2003-07-22,3.2480000853538513
2003-07-23,3.210000216960907
2003-07-24,3.2659997940063477
2003-07-25,3.275999963283539
2003-07-28,3.346999943256378
2003-07-29,3.440999746322632
2003-07-30,3.368000030517578
2003-07-31,3.546999990940094
2003-08-01,3.496999979019165
2003-08-04,3.3830001950263977
2003-08-05,3.505999982357025
2003-08-06,3.3660001158714294
2003-08-07,3.309000074863434
2003-08-08,3.362000048160553
2003-08-11,3.4449998140335083
2003-08-12,3.429999887943268
2003-08-13,3.6329999566078186
2003-08-14,3.650999963283539
2003-08-15,3.600999891757965
2003-08-18,3.540000259876251
2003-08-19,3.4440000653266907
2003-08-20,3.5040000081062317
2003-08-21,3.5609999895095825
2003-08-22,3.508000135421753
2003-08-25,3.5549999475479126
2003-08-26,3.509000062942505
2003-08-27,3.55899977684021
2003-08-28,3.467999815940857
2003-08-29,3.494000017642975
2003-09-02,3.648999810218811
2003-09-03,3.646999955177307
2003-09-04,3.571000039577484
2003-09-05,3.427000105381012
2003-09-08,3.456999957561493
2003-09-09,3.438999831676483
2003-09-10,3.337000072002411
2003-09-11,3.40200012922287
2003-09-12,3.337000072002411
2003-09-15,3.3189998865127563
2003-09-16,3.363999903202057
2003-09-17,3.2639999985694885
2003-09-18,3.2520000338554382
2003-09-19,3.235000193119049
2003-09-22,3.3190001845359802
2003-09-23,3.2890002131462097
2003-09-24,3.2180002331733704
2003-09-25,3.185000240802765
2003-09-26,3.105999767780304
2003-09-29,3.1560001373291016
2003-09-30,3.0110000371932983
2003-10-01,3.0219998955726624
2003-10-02,3.0969998240470886
2003-10-03,3.28300017118454
2003-10-06,3.246000051498413
2003-10-07,3.3419999480247498
2003-10-08,3.3650001287460327
2003-10-09,3.4220000505447388
2003-10-10,3.361000120639801
2003-10-13,3.368000090122223
2003-10-14,3.4629998803138733
2003-10-15,3.4939998388290405
2003-10-16,3.5529999136924744
2003-10-17,3.481000006198883
2003-10-20,3.468000113964081
2003-10-21,3.4300001859664917
2003-10-22,3.3409997820854187
2003-10-23,3.3859999775886536
2003-10-24,3.284999907016754
2003-10-27,3.3239998817443848
2003-10-28,3.2440001368522644
2003-10-29,3.3380001187324524
2003-10-30,3.407000243663788
2003-10-31,3.3690001368522644
2003-11-03,3.447000026702881
2003-11-04,3.376999855041504
2003-11-05,3.416999876499176
2003-11-06,3.491000235080719
2003-11-07,3.517999827861786
2003-11-10,3.5380000472068787
2003-11-12,3.4840002059936523
2003-11-13,3.343999922275543
2003-11-14,3.3059998154640198
2003-11-17,3.260000228881836
2003-11-18,3.2309998273849487
2003-11-19,3.308000147342682
2003-11-20,3.2319998145103455
2003-11-21,3.2349998354911804
2003-11-24,3.310000240802765
2003-11-25,3.2659998536109924
2003-11-26,3.330000102519989
2003-11-28,3.4120001792907715
2003-12-01,3.495000183582306
2003-12-02,3.4630001187324524
2003-12-03,3.497999846935272
2003-12-04,3.4679999351501465
2003-12-05,3.320000171661377
2003-12-08,3.385999858379364
2003-12-09,3.460000216960907
2003-12-10,3.4309998154640198
2003-12-11,3.365999937057495
2003-12-12,3.3650001287460327
2003-12-15,3.3950001001358032
2003-12-16,3.3560001850128174
2003-12-17,3.317000150680542
2003-12-18,3.2779998183250427
2003-12-19,3.2749999165534973
2003-12-22,3.303000032901764
2003-12-23,3.387000024318695
2003-12-24,3.31499981880188
2003-12-26,3.3009997606277466
2003-12-29,3.3730000257492065
2003-12-30,3.3669998049736023
2003-12-31,3.349999964237213
2004-01-02,3.4710001349449158
2004-01-05,3.4850000739097595
2004-01-06,3.375999927520752
2004-01-07,3.3599998354911804
2004-01-08,3.402000069618225
2004-01-09,3.24399995803833
2004-01-12,3.236000180244446
2004-01-13,3.1659998893737793
2004-01-14,3.1280000805854797
2004-01-15,3.11899995803833
2004-01-16,3.1519999504089355
2004-01-20,3.2000001668930054
2004-01-21,3.170000195503235
2004-01-22,3.117000102996826
2004-01-23,3.1990000009536743
2004-01-26,3.257999837398529
2004-01-27,3.1899998784065247
2004-01-28,3.2780001759529114
2004-01-29,3.2800000309944153
2004-01-30,3.24099999666214
2004-02-02,3.2490000128746033
2004-02-03,3.187999904155731
2004-02-04,3.212000072002411
2004-02-05,3.2629997730255127
2004-02-06,3.18200021982193
2004-02-09,3.153000056743622
2004-02-10,3.181000232696533
2004-02-11,3.110999882221222
2004-02-12,3.1600000858306885
2004-02-13,3.1509998440742493
2004-02-17,3.1509998440742493
2004-02-18,3.136999785900116
2004-02-19,3.14000004529953
2004-02-20,3.1820000410079956
2004-02-23,3.123000204563141
2004-02-24,3.0909997820854187
2004-02-25,3.076999843120575
2004-02-26,3.1140000224113464
2004-02-27,3.056999981403351
2004-03-01,3.0560001134872437
2004-03-02,3.1040000319480896
2004-03-03,3.1179999709129333
2004-03-04,3.0879998207092285
2004-03-05,2.9000000953674316
2004-03-08,2.849000036716461
2004-03-09,2.7870001196861267
2004-03-10,2.797999918460846
2004-03-11,2.810000002384186
2004-03-12,2.828000009059906
2004-03-15,2.83599990606308
2004-03-16,2.7499999403953552
2004-03-17,2.765000104904175
2004-03-18,2.8320000767707825
2004-03-19,2.871000111103058
2004-03-22,2.8009999990463257
2004-03-23,2.787999987602234
2004-03-24,2.7960000038146973
2004-03-25,2.8220000863075256
2004-03-26,2.9209999442100525
2004-03-29,2.967000126838684
2004-03-30,2.968999922275543
2004-03-31,2.913999915122986
2004-04-01,2.98199999332428
2004-04-02,3.2129998803138733
2004-04-05,3.3079997897148132
2004-04-06,3.253000020980835
2004-04-07,3.248999834060669
2004-04-08,3.284000039100647
2004-04-12,3.318000018596649
2004-04-13,3.4180001616477966
2004-04-14,3.447999954223633
2004-04-15,3.478000223636627
2004-04-16,3.435000240802765
2004-04-19,3.45000022649765
2004-04-20,3.4679999351501465
2004-04-21,3.4559998512268066
2004-04-22,3.4339998364448547
2004-04-23,3.5000001192092896
2004-04-26,3.490000069141388
2004-04-27,3.4419997930526733
2004-04-28,3.518999993801117
2004-04-29,3.590999960899353
2004-04-30,3.5489999055862427
2004-05-03,3.541999936103821
2004-05-04,3.55700021982193
2004-05-05,3.6040000915527344
2004-05-06,3.6310002207756042
2004-05-07,3.7289998531341553
2004-05-10,3.754000186920166
2004-05-11,3.7370001077651978
2004-05-12,3.7899999618530273
2004-05-13,3.870999813079834
2004-05-14,3.8190001249313354
2004-05-17,3.7219998836517334
2004-05-18,3.7090001106262207
2004-05-19,3.7780001163482666
2004-05-20,3.7139999866485596
2004-05-21,3.759999990463257
2004-05-24,3.7279998064041138
2004-05-25,3.666999936103821
2004-05-26,3.61899995803833
2004-05-27,3.548999786376953
2004-05-28,3.6030001640319824
2004-06-01,3.6109999418258667
2004-06-02,3.5880000591278076
2004-06-03,3.5649999380111694
2004-06-04,3.5970001220703125
2004-06-07,3.5809998512268066
2004-06-08,3.528999924659729
2004-06-09,3.5699998140335083
2004-06-10,3.5239999294281006
2004-06-14,3.5309998989105225
2004-06-15,3.373999834060669
2004-06-16,3.4549999237060547
2004-06-17,3.4499999284744263
2004-06-18,3.4630000591278076
2004-06-21,3.4520000219345093
2004-06-22,3.4110000133514404
2004-06-23,3.440999984741211
2004-06-24,3.3919999599456787
2004-06-25,3.3730000257492065
2004-06-28,3.456999897956848
2004-06-29,3.3430001735687256
2004-06-30,3.314000129699707
2004-07-01,3.367000102996826
2004-07-02,3.195000171661377
2004-07-06,3.2260000705718994
2004-07-07,3.2040001153945923
2004-07-08,3.218999743461609
2004-07-09,3.2190001010894775
2004-07-12,3.1809998750686646
2004-07-13,3.1640000343322754
2004-07-14,3.1670001745224
2004-07-15,3.168000102043152
2004-07-16,3.0490000247955322
2004-07-19,3.059000015258789
2004-07-20,3.115999937057495
2004-07-21,3.1649999618530273
2004-07-22,3.1279999017715454
2004-07-23,3.0940001010894775
2004-07-26,3.0829999446868896
2004-07-27,3.1579997539520264
2004-07-28,3.165000081062317
2004-07-29,3.1610000133514404
2004-07-30,3.062999963760376
2004-08-02,3.022999882698059
2004-08-03,2.9649999141693115
2004-08-04,2.976999878883362
2004-08-05,2.9560000896453857
2004-08-06,2.8129998445510864
2004-08-09,2.799999952316284
2004-08-10,2.8150001764297485
2004-08-11,2.8600001335144043
2004-08-12,2.8420000076293945
2004-08-13,2.811999797821045
2004-08-16,2.8309998512268066
2004-08-17,2.751999855041504
2004-08-18,2.7800002098083496
2004-08-19,2.768999934196472
2004-08-20,2.7769999504089355
2004-08-23,2.801999807357788
2004-08-24,2.7660000324249268
2004-08-25,2.7490001916885376
2004-08-26,2.7110002040863037
2004-08-27,2.7050002813339233
2004-08-30,2.6460001468658447
2004-08-31,2.5640000104904175
2004-09-01,2.5760000944137573
2004-09-02,2.630999803543091
2004-09-03,2.681000232696533
2004-09-07,2.648999810218811
2004-09-08,2.5510001182556152
2004-09-09,2.5909998416900635
2004-09-10,2.5569998025894165
2004-09-13,2.534999966621399
2004-09-14,2.5099998712539673
2004-09-15,2.5380001068115234
2004-09-16,2.436999797821045
2004-09-17,2.4589998722076416
2004-09-20,2.3950001001358032
2004-09-21,2.354000210762024
2004-09-22,2.315000057220459
2004-09-23,2.341999888420105
2004-09-24,2.3400001525878906
2004-09-27,2.3149999380111694
2004-09-28,2.325000047683716
2004-09-29,2.410000205039978
2004-09-30,2.444999933242798
2004-10-01,2.534000039100647
2004-10-04,2.5219998359680176
2004-10-05,2.501999855041504
2004-10-06,2.5509999990463257
2004-10-07,2.5820000171661377
2004-10-08,2.47599995136261
2004-10-11,2.47599995136261
2004-10-12,2.4490002393722534
2004-10-13,2.3910000324249268
2004-10-14,2.317999839782715
2004-10-15,2.340999960899353
2004-10-18,2.315999984741211
2004-10-19,2.2560001611709595
2004-10-20,2.2039999961853027
2004-10-21,2.1999999284744263
2004-10-22,2.1769999265670776
2004-10-25,2.1389999389648438
2004-10-26,2.1150001287460327
2004-10-27,2.210999846458435
2004-10-28,2.212999939918518
2004-10-29,2.161999821662903
2004-11-01,2.2080001831054688
2004-11-02,2.1319998502731323
2004-11-03,2.1520001888275146
2004-11-04,2.130999803543091
2004-11-05,2.203999876976013
2004-11-08,2.2130000591278076
2004-11-09,2.180999994277954
2004-11-10,2.2239997386932373
2004-11-11,2.2239997386932373
2004-11-12,2.1619999408721924
2004-11-15,2.133000135421753
2004-11-16,2.117000102996826
2004-11-17,2.064000129699707
2004-11-18,2.0300002098083496
2004-11-19,2.1000001430511475
2004-11-22,2.0429999828338623
2004-11-23,2.049999952316284
2004-11-24,2.063000202178955
2004-11-26,2.0859999656677246
2004-11-29,2.172999858856201
2004-11-30,2.175999879837036
2004-12-01,2.203000068664551
2004-12-02,2.2249999046325684
2004-12-03,2.1029999256134033
2004-12-06,2.055999755859375
2004-12-07,2.0250003337860107
2004-12-08,1.936999797821045
2004-12-09,1.9639997482299805
2004-12-10,1.9550001621246338
2004-12-13,1.9720001220703125
2004-12-14,1.9549999237060547
2004-12-15,1.9090001583099365
2004-12-16,2.0299999713897705
2004-12-17,2.054999828338623
2004-12-20,2.0409998893737793
2004-12-21,1.9960002899169922
2004-12-22,2.05400013923645
2004-12-23,2.07099986076355
2004-12-27,2.1089999675750732
2004-12-28,2.0799999237060547
2004-12-29,2.140000104904175
2004-12-30,2.0929999351501465
2004-12-31,2.0340001583099365
2005-01-03,2.0159997940063477
2005-01-04,1.9909999370574951
2005-01-05,1.994999885559082
2005-01-06,2.004999876022339
2005-01-07,2.007999897003174
2005-01-10,2.004999876022339
2005-01-11,1.941999912261963
2005-01-12,1.944000005722046
2005-01-13,1.8849997520446777
2005-01-14,1.8960001468658447
2005-01-18,1.8930001258850098
2005-01-19,1.8599998950958252
2005-01-20,1.8580000400543213
2005-01-21,1.8400001525878906
2005-01-24,1.821000099182129
2005-01-25,1.8280000686645508
2005-01-26,1.8269999027252197
2005-01-27,1.8199996948242188
2005-01-28,1.7309999465942383
2005-01-31,1.7109999656677246
2005-02-01,1.6740002632141113
2005-02-02,1.681999921798706
2005-02-03,1.7310001850128174
2005-02-04,1.6510000228881836
2005-02-07,1.6150000095367432
2005-02-08,1.57200026512146
2005-02-09,1.5099999904632568
2005-02-10,1.6059999465942383
2005-02-11,1.6009998321533203
2005-02-14,1.5909998416900635
2005-02-15,1.565999984741211
2005-02-16,1.63100004196167
2005-02-17,1.6579999923706055
2005-02-18,1.7080001831054688
2005-02-22,1.7119998931884766
2005-02-23,1.6430001258850098
2005-02-24,1.6440000534057617
2005-02-25,1.5969998836517334
2005-02-28,1.6690001487731934
2005-03-01,1.6800003051757812
2005-03-02,1.7020001411437988
2005-03-03,1.690999984741211
2005-03-04,1.6180000305175781
2005-03-07,1.626999855041504
2005-03-08,1.683000087738037
2005-03-09,1.8220000267028809
2005-03-10,1.7720000743865967
2005-03-11,1.8429999351501465
2005-03-14,1.803999900817871
2005-03-15,1.804999828338623
2005-03-16,1.7860000133514404
2005-03-17,1.742999792098999
2005-03-18,1.7690000534057617
2005-03-21,1.7680001258850098
2005-03-22,1.808000087738037
2005-03-23,1.8459999561309814
2005-03-24,1.821000099182129
2005-03-28,1.8519999980926514
2005-03-29,1.819000005722046
2005-03-30,1.7960000038146973
2005-03-31,1.7739999294281006
2005-04-01,1.7240002155303955
2005-04-04,1.7679998874664307
2005-04-05,1.741999864578247
2005-04-06,1.7339999675750732
2005-04-07,1.7720000743865967
2005-04-08,1.7790002822875977
2005-04-11,1.748000144958496
2005-04-12,1.6530001163482666
2005-04-13,1.6570000648498535
2005-04-14,1.6459999084472656
2005-04-15,1.5469999313354492
2005-04-18,1.437000036239624
2005-04-19,1.3560001850128174
2005-04-20,1.4040000438690186
2005-04-21,1.4830002784729004
2005-04-22,1.3970000743865967
2005-04-25,1.4189999103546143
2005-04-26,1.4150002002716064
2005-04-27,1.4170000553131104
2005-04-28,1.361999750137329
2005-04-29,1.3640003204345703
2005-05-02,1.371999740600586
2005-05-03,1.3359999656677246
2005-05-04,1.3909997940063477
2005-05-05,1.4150002002716064
2005-05-06,1.4639997482299805
2005-05-09,1.4809999465942383
2005-05-10,1.4000000953674316
2005-05-11,1.4000000953674316
2005-05-12,1.3670001029968262
2005-05-13,1.363999843597412
2005-05-16,1.378000020980835
2005-05-17,1.3050000667572021
2005-05-18,1.2809998989105225
2005-05-19,1.305999755859375
2005-05-20,1.2999999523162842
2005-05-23,1.2269999980926514
2005-05-24,1.1550002098083496
2005-05-25,1.2020001411437988
2005-05-26,1.2139997482299805
2005-05-27,1.185999870300293
2005-05-31,1.124000072479248
2005-06-01,1.0
2005-06-02,0.9820001125335693
2005-06-03,1.0490000247955322
2005-06-06,1.0299999713897705
2005-06-07,0.9639999866485596
2005-06-08,0.9930000305175781
2005-06-09,1.0379998683929443
2005-06-10,1.1099998950958252
2005-06-13,1.1489999294281006
2005-06-14,1.1649999618530273
2005-06-15,1.1599998474121094
2005-06-16,1.1740002632141113
2005-06-17,1.1649999618530273
2005-06-20,1.183000087738037
2005-06-21,1.0989997386932373
2005-06-22,0.9830000400543213
2005-06-23,0.9590001106262207
2005-06-24,0.9140000343322754
2005-06-27,0.8669998645782471
2005-06-28,0.9010000228881836
2005-06-29,0.9270000457763672
2005-06-30,0.8849999904632568
2005-07-01,0.9589998722076416
2005-07-05,0.9619998931884766
2005-07-06,0.9549999237060547
2005-07-07,0.9510002136230469
2005-07-08,1.0140001773834229
2005-07-11,1.007000207901001
2005-07-12,1.0059998035430908
2005-07-13,1.0180001258850098
2005-07-14,1.0279998779296875
2005-07-15,0.9970002174377441
2005-07-18,1.0429999828338623
2005-07-19,0.9670002460479736
2005-07-20,0.9490001201629639
2005-07-21,1.0140001773834229
2005-07-22,0.9300000667572021
2005-07-25,0.9320001602172852
2005-07-26,0.8799998760223389
2005-07-27,0.9360001087188721
2005-07-28,0.8810000419616699
2005-07-29,0.9539997577667236
2005-08-01,0.9639997482299805
2005-08-02,0.9340000152587891
2005-08-03,0.9150002002716064
2005-08-04,0.9389996528625488
2005-08-05,0.9550001621246338
2005-08-08,0.9910001754760742
2005-08-09,0.9590001106262207
2005-08-10,0.9699997901916504
2005-08-11,0.9120001792907715
2005-08-12,0.804999828338623
2005-08-15,0.8429999351501465
2005-08-16,0.7750003337860107
2005-08-17,0.8379998207092285
2005-08-18,0.8059999942779541
2005-08-19,0.7829999923706055
2005-08-22,0.7969999313354492
2005-08-23,0.7469997406005859
2005-08-24,0.748999834060669
2005-08-25,0.7249999046325684
2005-08-26,0.7220001220703125
2005-08-29,0.687999963760376
2005-08-30,0.6130001544952393
2005-08-31,0.5899999141693115
2005-09-01,0.6540000438690186
2005-09-02,0.6519997119903564
2005-09-06,0.6749999523162842
2005-09-07,0.7330000400543213
2005-09-08,0.7409999370574951
2005-09-09,0.7260000705718994
2005-09-12,0.754000186920166
2005-09-13,0.7299997806549072
2005-09-14,0.8230001926422119
2005-09-15,0.8590002059936523
2005-09-16,0.8530001640319824
2005-09-19,0.8070001602172852
2005-09-20,0.7179999351501465
2005-09-21,0.8460001945495605
2005-09-22,0.7960000038146973
2005-09-23,0.8580000400543213
2005-09-26,0.8690001964569092
2005-09-27,0.8960001468658447
2005-09-28,0.875
2005-09-29,0.8310000896453857
2005-09-30,0.8580000400543213
2005-10-03,0.9010002613067627
2005-10-04,0.8409998416900635
2005-10-05,0.8710000514984131
2005-10-06,0.8540000915527344
2005-10-07,0.8280000686645508
2005-10-11,0.8239998817443848
2005-10-12,0.8259999752044678
2005-10-13,0.812999963760376
2005-10-14,0.7890002727508545
2005-10-17,0.7919998168945312
2005-10-18,0.7109999656677246
2005-10-19,0.7059998512268066
2005-10-20,0.6990001201629639
2005-10-21,0.6249997615814209
2005-10-24,0.6809999942779541
2005-10-25,0.6710000038146973
2005-10-26,0.7860000133514404
2005-10-27,0.7660000324249268
2005-10-28,0.7419998645782471
2005-10-31,0.7539999485015869
2005-11-01,0.7150001525878906
2005-11-02,0.7730002403259277
2005-11-03,0.7970001697540283
2005-11-04,0.7920000553131104
2005-11-07,0.812000036239624
2005-11-08,0.7030000686645508
2005-11-09,0.7580001354217529
2005-11-10,0.692000150680542
2005-11-14,0.7220001220703125
2005-11-15,0.6420001983642578
2005-11-16,0.57200026512146
2005-11-17,0.5470001697540283
2005-11-18,0.5899999141693115
2005-11-21,0.5659999847412109
2005-11-22,0.5959999561309814
2005-11-23,0.621999979019165
2005-11-25,0.5790002346038818
2005-11-28,0.5760002136230469
2005-11-29,0.5949997901916504
2005-11-30,0.6429998874664307
2005-12-01,0.6439998149871826
2005-12-02,0.627000093460083
2005-12-05,0.6569998264312744
2005-12-06,0.562000036239624
2005-12-07,0.5870001316070557
2005-12-08,0.6190001964569092
2005-12-09,0.695000171661377
2005-12-12,0.7219998836517334
2005-12-13,0.7079999446868896
2005-12-14,0.6479997634887695
2005-12-15,0.628000020980835
2005-12-16,0.6159999370574951
2005-12-19,0.5820000171661377
2005-12-20,0.5789999961853027
2005-12-21,0.5940001010894775
2005-12-22,0.5310001373291016
2005-12-23,0.4850001335144043
2005-12-27,0.46399998664855957
2005-12-28,0.5159997940063477
2005-12-29,0.46399998664855957
2005-12-30,0.4100000858306885
2006-01-03,0.34999990463256836
2006-01-04,0.2740001678466797
2006-01-05,0.26599979400634766
2006-01-06,0.2720003128051758
2006-01-09,0.26200008392333984
2006-01-10,0.25099992752075195
2006-01-11,0.26600027084350586
2006-01-12,0.2049999237060547
2006-01-13,0.13000011444091797
2006-01-17,0.09999990463256836
2006-01-18,0.09299993515014648
2006-01-19,0.13700008392333984
2006-01-20,0.10900020599365234
2006-01-23,0.1099996566772461
2006-01-24,0.09499979019165039
2006-01-25,0.17199993133544922
2006-01-26,0.19099998474121094
2006-01-27,0.1659998893737793
2006-01-30,0.19299983978271484
2006-01-31,0.15700006484985352
2006-02-01,0.19899988174438477
2006-02-02,0.19899988174438477
2006-02-03,0.17100000381469727
2006-02-06,0.1979999542236328
2006-02-07,0.18499994277954102
2006-02-08,0.20299959182739258
2006-02-09,0.14400005340576172
2006-02-10,0.15599966049194336
2006-02-13,0.16100025177001953
2006-02-14,0.16699981689453125
2006-02-15,0.17399978637695312
2006-02-16,0.1660003662109375
2006-02-17,0.11399984359741211
2006-02-21,0.11800003051757812
2006-02-22,0.07899999618530273
2006-02-23,0.08999967575073242
2006-02-24,0.08500003814697266
2006-02-27,0.10000038146972656
2006-02-28,0.039999961853027344
2006-03-01,0.10200023651123047
2006-03-02,0.1510000228881836
2006-03-03,0.1919999122619629
2006-03-06,0.27299976348876953
2006-03-07,0.254000186920166
2006-03-08,0.24900007247924805
2006-03-09,0.25500011444091797
2006-03-10,0.2650003433227539
2006-03-13,0.28299999237060547
2006-03-14,0.21899986267089844
2006-03-15,0.23099994659423828
2006-03-16,0.15399980545043945
2006-03-17,0.1569995880126953
2006-03-20,0.12599992752075195
2006-03-21,0.15000009536743164
2006-03-22,0.1360001564025879
2006-03-23,0.1919999122619629
2006-03-24,0.1400003433227539
2006-03-27,0.18400001525878906
2006-03-28,0.25099992752075195
2006-03-29,0.3080000877380371
2006-03-30,0.36999988555908203
2006-03-31,0.3380002975463867
2006-04-03,0.3470001220703125
2006-04-04,0.32000017166137695
2006-04-05,0.29200029373168945
2006-04-06,0.3410000801086426
2006-04-07,0.4010000228881836
2006-04-10,0.3959999084472656
2006-04-11,0.3600001335144043
2006-04-12,0.3940000534057617
2006-04-13,0.4589996337890625
2006-04-17,0.42999982833862305
2006-04-18,0.3769998550415039
2006-04-19,0.42599964141845703
2006-04-20,0.4369997978210449
2006-04-21,0.38700008392333984
2006-04-24,0.36299991607666016
2006-04-25,0.4159998893737793
2006-04-26,0.4479999542236328
2006-04-27,0.4270000457763672
2006-04-28,0.41899967193603516
2006-05-01,0.48400020599365234
2006-05-02,0.42799997329711914
2006-05-03,0.44700002670288086
2006-05-04,0.4780001640319824
2006-05-05,0.41299962997436523
2006-05-08,0.41900014877319336
2006-05-09,0.36999988555908203
2006-05-10,0.3730001449584961
2006-05-11,0.46000003814697266
2006-05-12,0.4790000915527344
2006-05-15,0.45599985122680664
2006-05-16,0.39800024032592773
2006-05-17,0.4460000991821289
2006-05-18,0.3660001754760742
2006-05-19,0.35699987411499023
2006-05-22,0.35399961471557617
2006-05-23,0.3540000915527344
2006-05-24,0.3319997787475586
2006-05-25,0.3769998550415039
2006-05-26,0.3400001525878906
2006-05-30,0.38899993896484375
2006-05-31,0.39799976348876953
2006-06-01,0.4010000228881836
2006-06-02,0.3119997978210449
2006-06-05,0.32399988174438477
2006-06-06,0.2690000534057617
2006-06-07,0.29400014877319336
2006-06-08,0.2569999694824219
2006-06-09,0.23399972915649414
2006-06-12,0.2049999237060547
2006-06-13,0.18900012969970703
2006-06-14,0.28999996185302734
2006-06-15,0.37800025939941406
2006-06-16,0.38299989700317383
2006-06-19,0.3899998664855957
2006-06-20,0.35699987411499023
2006-06-21,0.37000036239624023
2006-06-22,0.42299985885620117
2006-06-23,0.39300012588500977
2006-06-26,0.38899993896484375
2006-06-27,0.3000001907348633
2006-06-28,0.375
2006-06-29,0.33500003814697266
2006-06-30,0.2779998779296875
2006-07-03,0.26599979400634766
2006-07-05,0.35700035095214844
2006-07-06,0.315000057220459
2006-07-07,0.2569999694824219
2006-07-10,0.25500011444091797
2006-07-11,0.18499994277954102
2006-07-12,0.17499971389770508
2006-07-13,0.15600013732910156
2006-07-14,0.14400005340576172
2006-07-17,0.1289997100830078
2006-07-18,0.13000011444091797
2006-07-19,0.08900022506713867
2006-07-20,0.08299970626831055
2006-07-21,0.09999990463256836
2006-07-24,0.0989999771118164
2006-07-25,0.06500005722045898
2006-07-26,0.06599998474121094
2006-07-27,0.08500003814697266
2006-07-28,0.06999969482421875
2006-07-31,0.05299997329711914
2006-08-01,-0.0020003318786621094
2006-08-02,-0.004000186920166016
2006-08-03,-0.018999576568603516
2006-08-04,-0.04400014877319336
2006-08-07,-0.048999786376953125
2006-08-08,-0.05200004577636719
2006-08-09,0.0019998550415039062
2006-08-10,0.012000083923339844
2006-08-11,0.032000064849853516
2006-08-14,0.046000003814697266
2006-08-15,-0.028999805450439453
2006-08-16,-0.05900001525878906
2006-08-17,-0.08799982070922852
2006-08-18,-0.125
2006-08-21,-0.1360001564025879
2006-08-22,-0.15400028228759766
2006-08-23,-0.14100027084350586
2006-08-24,-0.15199995040893555
2006-08-25,-0.17400026321411133
2006-08-28,-0.16300010681152344
2006-08-29,-0.15199995040893555
2006-08-30,-0.15700006484985352
2006-08-31,-0.17300033569335938
2006-09-01,-0.15900039672851562
2006-09-05,-0.0689997673034668
2006-09-06,-0.028999805450439453
2006-09-07,-0.034999847412109375
2006-09-08,-0.029000282287597656
2006-09-11,-0.01100015640258789
2006-09-12,-0.007000446319580078
2006-09-13,-0.015000343322753906
2006-09-14,-0.01699972152709961
2006-09-15,-0.017000198364257812
2006-09-18,0.005000114440917969
2006-09-19,-0.08300018310546875
2006-09-20,-0.08099985122680664
2006-09-21,-0.13700008392333984
2006-09-22,-0.19299983978271484
2006-09-25,-0.21500015258789062
2006-09-26,-0.1700000762939453
2006-09-27,-0.15600013732910156
2006-09-28,-0.11399984359741211
2006-09-29,-0.1270003318786621
2006-10-02,-0.1420001983642578
2006-10-03,-0.15899991989135742
2006-10-04,-0.23000001907348633
2006-10-05,-0.1920003890991211
2006-10-06,-0.11399984359741211
2006-10-10,-0.10699987411499023
2006-10-11,-0.10100030899047852
2006-10-12,-0.1420001983642578
2006-10-13,-0.11399984359741211
2006-10-16,-0.1419997215270996
2006-10-17,-0.17199993133544922
2006-10-18,-0.18599987030029297
2006-10-19,-0.17400026321411133
2006-10-20,-0.1659998893737793
2006-10-23,-0.14399957656860352
2006-10-24,-0.1659998893737793
2006-10-25,-0.21200037002563477
2006-10-26,-0.2539997100830078
2006-10-27,-0.28999996185302734
2006-10-30,-0.2720003128051758
2006-10-31,-0.3340001106262207
2006-11-01,-0.37400007247924805
2006-11-02,-0.33899974822998047
2006-11-03,-0.23999977111816406
2006-11-06,-0.23099994659423828
2006-11-07,-0.28600025177001953
2006-11-08,-0.32700014114379883
2006-11-09,-0.32700014114379883
2006-11-10,-0.3689999580383301
2006-11-13,-0.3400001525878906
2006-11-14,-0.38700008392333984
2006-11-15,-0.33500003814697266
2006-11-16,-0.2999997138977051
2006-11-17,-0.3380002975463867
2006-11-20,-0.3300004005432129
2006-11-21,-0.35199975967407227
2006-11-22,-0.35200023651123047
2006-11-24,-0.35700035095214844
2006-11-27,-0.36700010299682617
2006-11-28,-0.39600038528442383
2006-11-29,-0.384000301361084
2006-11-30,-0.43199968338012695
2006-12-01,-0.4649996757507324
2006-12-04,-0.4369997978210449
2006-12-05,-0.40799999237060547
2006-12-06,-0.37400007247924805
2006-12-07,-0.35700035095214844
2006-12-08,-0.2779998779296875
2006-12-11,-0.2950000762939453
2006-12-12,-0.31399965286254883
2006-12-13,-0.23799991607666016
2006-12-14,-0.2200002670288086
2006-12-15,-0.17799997329711914
2006-12-18,-0.21799993515014648
2006-12-19,-0.23099994659423828
2006-12-20,-0.24000024795532227
2006-12-21,-0.28600025177001953
2006-12-22,-0.2259998321533203
2006-12-26,-0.24699974060058594
2006-12-27,-0.19099998474121094
2006-12-28,-0.17499971389770508
2006-12-29,-0.17500019073486328
2007-01-03,-0.25099992752075195
2007-01-04,-0.2820000648498535
2007-01-05,-0.26399993896484375
2007-01-08,-0.25
2007-01-09,-0.2890000343322754
2007-01-10,-0.26799964904785156
2007-01-11,-0.22800016403198242
2007-01-12,-0.18400001525878906
2007-01-16,-0.20399999618530273
2007-01-17,-0.19299983978271484
2007-01-18,-0.22900009155273438
2007-01-19,-0.22700023651123047
2007-01-22,-0.23099994659423828
2007-01-23,-0.20100021362304688
2007-01-24,-0.17999982833862305
2007-01-25,-0.13299989700317383
2007-01-26,-0.11599969863891602
2007-01-29,-0.10299968719482422
2007-01-30,-0.11999988555908203
2007-01-31,-0.14899969100952148
2007-02-01,-0.1529998779296875
2007-02-02,-0.17299985885620117
2007-02-05,-0.18699979782104492
2007-02-06,-0.24500036239624023
2007-02-07,-0.2650003433227539
2007-02-08,-0.2849998474121094
2007-02-09,-0.23099994659423828
2007-02-12,-0.21600008010864258
2007-02-13,-0.2109999656677246
2007-02-14,-0.2800002098083496
2007-02-15,-0.31400012969970703
2007-02-16,-0.3400001525878906
2007-02-20,-0.35500001907348633
2007-02-21,-0.3429999351501465
2007-02-22,-0.315000057220459
2007-02-23,-0.3619999885559082
2007-02-26,-0.4140000343322754
2007-02-27,-0.47699975967407227
2007-02-28,-0.44499969482421875
2007-03-01,-0.43399953842163086
2007-03-02,-0.4549999237060547
2007-03-05,-0.4419999122619629
2007-03-06,-0.44700002670288086
2007-03-07,-0.45799970626831055
2007-03-08,-0.43600034713745117
2007-03-09,-0.36099958419799805
2007-03-12,-0.3969998359680176
2007-03-13,-0.440000057220459
2007-03-14,-0.39300012588500977
2007-03-15,-0.35900020599365234
2007-03-16,-0.3400001525878906
2007-03-19,-0.32399988174438477
2007-03-20,-0.36299991607666016
2007-03-21,-0.3919997215270996
2007-03-22,-0.33099985122680664
2007-03-23,-0.3120002746582031
2007-03-26,-0.3429999351501465
2007-03-27,-0.3080000877380371
2007-03-28,-0.28999996185302734
2007-03-29,-0.27300024032592773
2007-03-30,-0.24700021743774414
2007-04-02,-0.2630000114440918
2007-04-03,-0.24100017547607422
2007-04-04,-0.25300025939941406
2007-04-05,-0.22100019454956055
2007-04-09,-0.1400003433227539
2007-04-10,-0.15600013732910156
2007-04-11,-0.14600038528442383
2007-04-12,-0.14800024032592773
2007-04-13,-0.10899972915649414
2007-04-16,-0.12999963760375977
2007-04-17,-0.17199993133544922
2007-04-18,-0.1960000991821289
2007-04-19,-0.17499971389770508
2007-04-20,-0.16300010681152344
2007-04-23,-0.19000005722045898
2007-04-24,-0.21299982070922852
2007-04-25,-0.17400026321411133
2007-04-26,-0.11600017547607422
2007-04-27,-0.0970001220703125
2007-04-30,-0.09499979019165039
2007-05-01,-0.11299991607666016
2007-05-02,-0.10900020599365234
2007-05-03,-0.07600021362304688
2007-05-04,-0.1100001335144043
2007-05-07,-0.09399986267089844
2007-05-08,-0.12100028991699219
2007-05-09,-0.06199979782104492
2007-05-10,-0.07200002670288086
2007-05-11,-0.04500007629394531
2007-05-14,-0.009999752044677734
2007-05-15,0.021999835968017578
2007-05-16,0.09800004959106445
2007-05-17,0.09600019454956055
2007-05-18,0.11899995803833008
2007-05-21,0.07800006866455078
2007-05-22,0.055999755859375
2007-05-23,0.09400033950805664
2007-05-24,0.09200000762939453
2007-05-25,0.12100028991699219
2007-05-29,0.19700002670288086
2007-05-30,0.17299985885620117
2007-05-31,0.2999997138977051
2007-06-01,0.30099964141845703
2007-06-04,0.3039999008178711
2007-06-05,0.28599977493286133
2007-06-06,0.3149995803833008
2007-06-07,0.43900012969970703
2007-06-08,0.48799991607666016
2007-06-11,0.5469999313354492
2007-06-12,0.6579999923706055
2007-06-13,0.684999942779541
2007-06-14,0.7069997787475586
2007-06-15,0.7410001754760742
2007-06-18,0.7320003509521484
2007-06-19,0.5710000991821289
2007-06-20,0.5230002403259277
2007-06-21,0.6030001640319824
2007-06-22,0.5529999732971191
2007-06-25,0.4380002021789551
2007-06-26,0.42599964141845703
2007-06-27,0.434999942779541
2007-06-28,0.4780001640319824
2007-06-29,0.36299991607666016
2007-07-02,0.26800012588500977
2007-07-03,0.2350001335144043
2007-07-05,0.3340001106262207
2007-07-06,0.4050002098083496
2007-07-09,0.37400007247924805
2007-07-10,0.2330002784729004
2007-07-11,0.27500009536743164
2007-07-12,0.30100011825561523
2007-07-13,0.2869997024536133
2007-07-16,0.25099992752075195
2007-07-17,0.26800012588500977
2007-07-18,0.19500017166137695
2007-07-19,0.1979999542236328
2007-07-20,0.13100004196166992
2007-07-23,0.10900020599365234
2007-07-24,0.0689997673034668
2007-07-25,0.0689997673034668
2007-07-26,0.006999969482421875
2007-07-27,0.08300018310546875
2007-07-30,0.0840001106262207
2007-07-31,-0.03900003433227539
2007-08-01,0.01900005340576172
2007-08-02,0.007999897003173828
2007-08-03,0.0
2007-08-06,0.015999794006347656
2007-08-07,-0.04199981689453125
2007-08-08,0.05500030517578125
2007-08-09,0.07000017166137695
2007-08-10,0.36100006103515625
2007-08-13,0.2479996681213379
2007-08-14,0.23199987411499023
2007-08-15,0.5759997367858887
2007-08-16,0.8999998569488525
2007-08-17,1.0529999732971191
2007-08-20,1.68399977684021
2007-08-21,1.1700000762939453
2007-08-22,1.054999828338623
2007-08-23,0.9079999923706055
2007-08-24,0.5529999732971191
2007-08-27,0.21600008010864258
2007-08-28,0.26000022888183594
2007-08-29,0.7030000686645508
2007-08-30,0.7719998359680176
2007-08-31,0.5470001697540283
2007-09-04,0.2779998779296875
2007-09-05,0.25300025939941406
2007-09-06,0.3400001525878906
2007-09-07,0.42799997329711914
2007-09-10,0.45399999618530273
2007-09-11,0.37399983406066895
2007-09-12,0.5079998970031738
2007-09-13,0.5319998264312744
2007-09-14,0.5819997787475586
2007-09-17,0.4799997806549072
2007-09-18,0.6200001239776611
2007-09-19,0.7140002250671387
2007-09-20,1.001999855041504
2007-09-21,1.0120000839233398
2007-09-24,0.9539999961853027
2007-09-25,0.9239997863769531
2007-09-26,0.994999885559082
2007-09-27,0.9730000495910645
2007-09-28,0.8789999485015869
2007-10-01,0.7620000839233398
2007-10-02,0.6789999008178711
2007-10-03,0.7030003070831299
2007-10-04,0.6879997253417969
2007-10-05,0.7699999809265137
2007-10-08,0.7730000019073486
2007-10-09,0.7409999370574951
2007-10-10,0.7119998931884766
2007-10-11,0.6539998054504395
2007-10-12,0.6069998741149902
2007-10-15,0.5130000114440918
2007-10-16,0.5300002098083496
2007-10-17,0.6559998989105225
2007-10-18,0.862999677658081
2007-10-19,0.6610000133514404
2007-10-22,0.5330002307891846
2007-10-23,0.5450003147125244
2007-10-24,0.620999813079834
2007-10-25,0.5320003032684326
2007-10-26,0.5490000247955322
2007-10-29,0.5230000019073486
2007-10-30,0.5329999923706055
2007-10-31,0.6549999713897705
2007-11-01,0.6560001373291016
2007-11-02,0.7909998893737793
2007-11-05,0.7379999160766602
2007-11-06,0.7269997596740723
2007-11-07,0.9740002155303955
2007-11-08,0.992999792098999
2007-11-09,1.054999828338623
2007-11-12,1.0309998989105225
2007-11-13,0.8960001468658447
2007-11-14,0.9539999961853027
2007-11-15,0.9689998626708984
2007-11-16,0.8600001335144043
2007-11-19,0.8039999008178711
2007-11-20,0.8939998149871826
2007-11-21,0.9840002059936523
2007-11-23,0.871999979019165
2007-11-26,0.7919998168945312
2007-11-27,0.8689999580383301
2007-11-28,1.065000057220459
2007-11-29,1.0550000667572021
2007-11-30,0.9019999504089355
2007-12-03,0.934999942779541
2007-12-04,0.9089999198913574
2007-12-05,0.9309999942779541
2007-12-06,1.0379998683929443
2007-12-07,1.0999999046325684
2007-12-10,1.1790001392364502
2007-12-11,1.1200001239776611
2007-12-12,1.2660002708435059
2007-12-13,1.3900001049041748
2007-12-14,1.436999797821045
2007-12-17,1.2629997730255127
2007-12-18,1.1499998569488525
2007-12-19,1.2350001335144043
2007-12-20,1.2209999561309814
2007-12-21,1.2680001258850098
2007-12-24,1.0119998455047607
2007-12-26,1.0560002326965332
2007-12-27,1.123999834060669
2007-12-28,1.0160002708435059
2007-12-31,0.8949997425079346
2008-01-02,0.7309999465942383
2008-01-03,0.750999927520752
2008-01-04,0.7390000820159912
2008-01-07,0.6740000247955322
2008-01-08,0.679999828338623
2008-01-09,0.6809999942779541
2008-01-10,0.7569999694824219
2008-01-11,0.7999999523162842
2008-01-14,0.7079999446868896
2008-01-15,0.6159999370574951
2008-01-16,0.6719999313354492
2008-01-17,0.6600000858306885
2008-01-18,0.8580000400543213
2008-01-22,1.253999948501587
2008-01-23,1.31600022315979
2008-01-24,1.3400001525878906
2008-01-25,1.3640000820159912
2008-01-28,1.371000051498413
2008-01-29,1.4530000686645508
2008-01-30,1.5929999351501465
2008-01-31,1.7689999341964722
2008-02-01,1.5499999523162842
2008-02-04,1.4729998111724854
2008-02-05,1.441999912261963
2008-02-06,1.5740001201629639
2008-02-07,1.636000156402588
2008-02-08,1.49399995803833
2008-02-11,1.4279999732971191
2008-02-12,1.428999900817871
2008-02-13,1.4839999675750732
2008-02-14,1.5980000495910645
2008-02-15,1.6499998569488525
2008-02-19,1.7049999237060547
2008-02-20,1.7420001029968262
2008-02-21,1.6439998149871826
2008-02-22,1.6499998569488525
2008-02-25,1.7920000553131104
2008-02-26,1.7849998474121094
2008-02-27,1.9199999570846558
2008-02-28,1.8599998950958252
2008-02-29,1.7489999532699585
2008-03-03,1.8989999294281006
2008-03-04,1.9839999675750732
2008-03-05,2.2130000591278076
2008-03-06,2.256999969482422
2008-03-07,2.140999913215637
2008-03-10,2.138000011444092
2008-03-11,2.1559998989105225
2008-03-12,2.0429999828338623
2008-03-13,2.2339999675750732
2008-03-14,2.3009999990463257
2008-03-17,2.3239998817443848
2008-03-18,2.5509999990463257
2008-03-19,2.712000012397766
2008-03-20,2.828000068664551
2008-03-24,2.5070000886917114
2008-03-25,2.2370001077651978
2008-03-26,2.2239999771118164
2008-03-27,2.2839999198913574
2008-03-28,2.1160000562667847
2008-03-31,2.156999945640564
2008-04-01,2.190000057220459
2008-04-02,2.2179999351501465
2008-04-03,2.231000065803528
2008-04-04,2.160999894142151
2008-04-07,2.1959999799728394
2008-04-08,2.208000063896179
2008-04-09,2.1910001039505005
2008-04-10,2.2970000505447388
2008-04-11,2.3109999895095825
2008-04-14,2.427999973297119
2008-04-15,2.46999990940094
2008-04-16,2.5810000896453857
2008-04-17,2.5190000534057617
2008-04-18,2.4229999780654907
2008-04-21,2.441999912261963
2008-04-22,2.465000033378601
2008-04-23,2.5299999713897705
2008-04-24,2.6069998741149902
2008-04-25,2.580999970436096
2008-04-28,2.5049999952316284
2008-04-29,2.384999990463257
2008-04-30,2.419000029563904
2008-05-01,2.3790000677108765
2008-05-02,2.3799999952316284
2008-05-05,2.2950000762939453
2008-05-06,2.297999858856201
2008-05-07,2.2370001077651978
2008-05-08,2.1850000619888306
2008-05-09,2.1169999837875366
2008-05-12,2.0250000953674316
2008-05-13,2.1239999532699585
2008-05-14,2.152999997138977
2008-05-15,2.052999973297119
2008-05-16,2.049999952316284
2008-05-19,2.034000039100647
2008-05-20,1.9509999752044678
2008-05-21,2.01200008392334
2008-05-22,2.0959999561309814
2008-05-23,2.0310001373291016
2008-05-27,2.0709999799728394
2008-05-28,2.1539998054504395
2008-05-29,2.2139999866485596
2008-05-30,2.1959999799728394
2008-06-02,2.180999994277954
2008-06-03,2.0880000591278076
2008-06-04,2.1350001096725464
2008-06-05,2.2150001525878906
2008-06-06,2.138000011444092
2008-06-09,2.1420000791549683
2008-06-10,2.128999948501587
2008-06-11,2.1679999828338623
2008-06-12,2.254999876022339
2008-06-13,2.3310002088546753
2008-06-16,2.304999828338623
2008-06-17,2.269999861717224
2008-06-18,2.273999810218811
2008-06-19,2.33899986743927
2008-06-20,2.3370001316070557
2008-06-23,2.3180001974105835
2008-06-24,2.3100000619888306
2008-06-25,2.3549997806549072
2008-06-26,2.353000044822693
2008-06-27,2.3600000143051147
2008-06-30,2.27400004863739
2008-07-01,2.1670000553131104
2008-07-02,2.1690001487731934
2008-07-03,2.1630001068115234
2008-07-07,2.15500009059906
2008-07-08,2.0600000619888306
2008-07-09,2.0440001487731934
2008-07-10,2.1810001134872437
2008-07-11,2.3700000047683716
2008-07-14,2.455000162124634
2008-07-15,2.4690001010894775
2008-07-16,2.5889999866485596
2008-07-17,2.648000121116638
2008-07-18,2.660999894142151
2008-07-21,2.6869999170303345
2008-07-22,2.5970001220703125
2008-07-23,2.6029998064041138
2008-07-24,2.405999779701233
2008-07-25,2.4210000038146973
2008-07-28,2.3530001640319824
2008-07-29,2.3640002012252808
2008-07-30,2.3779999017715454
2008-07-31,2.3440001010894775
2008-08-01,2.3179999589920044
2008-08-04,2.3119999170303345
2008-08-05,2.296999931335449
2008-08-06,2.4479998350143433
2008-08-07,2.3049999475479126
2008-08-08,2.2850000858306885
2008-08-11,2.2319998741149902
2008-08-12,2.0929999351501465
2008-08-13,2.131999969482422
2008-08-14,2.0619999170303345
2008-08-15,2.052000045776367
2008-08-18,2.0759999752044678
2008-08-19,2.0770000219345093
2008-08-20,2.1290000677108765
2008-08-21,2.1530001163482666
2008-08-22,2.202000141143799
2008-08-25,2.1459999084472656
2008-08-26,2.1089999675750732
2008-08-27,2.1320000886917114
2008-08-28,2.0950000286102295
2008-08-29,2.122999906539917
2008-09-02,2.096000075340271
2008-09-03,2.0320000648498535
2008-09-04,1.9929999113082886
2008-09-05,2.0200001001358032
2008-09-08,1.9950000047683716
2008-09-09,1.9559999704360962
2008-09-10,2.021000027656555
2008-09-11,2.041999936103821
2008-09-12,2.2699999809265137
2008-09-15,2.6730000376701355
2008-09-16,2.6309999227523804
2008-09-17,3.3900000862777233
2008-09-18,3.367000035941601
2008-09-19,2.849000036716461
2008-09-22,2.9509999752044678
2008-09-23,3.0410000681877136
2008-09-24,3.3309999108314514
2008-09-25,3.1520000100135803
2008-09-26,2.9969999194145203
2008-09-29,3.181999981403351
2008-09-30,2.9269999265670776
2008-10-01,2.9679998755455017
2008-10-02,3.0559999346733093
2008-10-03,3.1740000545978546
2008-10-06,3.016000121831894
2008-10-07,2.721000015735626
2008-10-08,3.0749999284744263
2008-10-09,3.2540001273155212
2008-10-10,3.651000067591667
2008-10-13,3.651000067591667
2008-10-14,3.787999764084816
2008-10-15,3.8110001534223557
2008-10-16,3.5010001063346863
2008-10-17,3.1579999923706055
2008-10-20,2.865999937057495
2008-10-21,2.6080000400543213
2008-10-22,2.6080000400543213
2008-10-23,2.6239998936653137
2008-10-24,2.8770000338554382
2008-10-27,2.999000072479248
2008-10-28,3.069999933242798
2008-10-29,3.309000074863434
2008-10-30,3.563999891281128
2008-10-31,3.5350000262260437
2008-11-03,3.4840000569820404
2008-11-04,3.300000101327896
2008-11-05,3.3140000104904175
2008-11-06,3.3920000195503235
2008-11-07,3.4899999797344208
2008-11-10,3.5599999874830246
2008-11-11,3.5600001215934753
2008-11-12,3.524999961256981
2008-11-13,3.6280000805854797
2008-11-14,3.6200000047683716
2008-11-17,3.5940000116825104
2008-11-18,3.425000086426735
2008-11-19,3.3260000348091125
2008-11-20,3.1390000535175204
2008-11-21,3.1570000555366278
2008-11-24,3.329999914392829
2008-11-25,2.9920000061392784
2008-11-26,2.970999928191304
2008-11-28,2.9370000176131725
2008-12-01,2.709000101312995
2008-12-02,2.643000077456236
2008-12-03,2.6610001185908914
2008-12-04,2.5649999333545566
2008-12-05,2.647000065073371
2008-12-08,2.728999967686832
2008-12-09,2.6589999105781317
2008-12-10,2.6790000153705478
2008-12-11,2.638000002130866
2008-12-12,2.578999986872077
2008-12-15,2.527999992482364
2008-12-16,2.337999915704131
2008-12-17,2.1850000573322177
2008-12-18,2.0689998818561435
2008-12-19,2.1260000420734286
2008-12-22,2.1360000325366855
2008-12-23,2.158000106923282
2008-12-24,2.17399990092963
2008-12-26,2.1320000840350986
2008-12-29,2.085999956354499
2008-12-30,1.9969998896121979
2008-12-31,2.1289999559521675
2009-01-02,2.3309998884797096
2009-01-05,2.4029999151825905
2009-01-06,2.3750001192092896
2009-01-07,2.393999956548214
2009-01-08,2.364999935030937
2009-01-09,2.3420000672340393
2009-01-12,2.244000017642975
2009-01-13,2.1919999346137047
2009-01-14,2.103000059723854
2009-01-15,2.1009999737143517
2009-01-16,2.1889998987317085
2009-01-20,2.2450000271201134
2009-01-21,2.41600002348423
2009-01-22,2.4940000995993614
2009-01-23,2.5319999754428864
2009-01-26,2.5429998859763145
2009-01-27,2.3890000581741333
2009-01-28,2.475999891757965
2009-01-29,2.595000058412552
2009-01-30,2.6240001022815704
2009-02-02,2.474000096321106
2009-02-03,2.5320000052452087
2009-02-04,2.6240000426769257
2009-02-05,2.6300000846385956
2009-02-06,2.7090000808238983
2009-02-09,2.751999944448471
2009-02-10,2.541999876499176
2009-02-11,2.462000072002411
2009-02-12,2.44200000166893
2009-02-13,2.591999977827072
2009-02-17,2.376999944448471
2009-02-18,2.4279999136924744
2009-02-19,2.5570001006126404
2009-02-20,2.5070000886917114
2009-02-23,2.5069999396800995
2009-02-24,2.504000037908554
2009-02-25,2.6499999463558197
2009-02-26,2.712999939918518
2009-02-27,2.7909998893737793
2009-03-02,2.688999906182289
2009-03-03,2.6729999780654907
2009-03-04,2.760999917984009
2009-03-05,2.6190000027418137
2009-03-06,2.643000066280365
2009-03-09,2.6859999150037766
2009-03-10,2.747000113129616
2009-03-11,2.695999890565872
2009-03-12,2.6919999569654465
2009-03-13,2.6949999928474426
2009-03-16,2.7309999763965607
2009-03-17,2.7780000269412994
2009-03-18,2.327999994158745
2009-03-19,2.406999886035919
2009-03-20,2.4249999970197678
2009-03-23,2.4700000882148743
2009-03-24,2.449000045657158
2009-03-25,2.587000072002411
2009-03-26,2.593000039458275
2009-03-27,2.635999917984009
2009-03-30,2.5939999893307686
2009-03-31,2.4849999397993088
2009-04-01,2.4479999989271164
2009-04-02,2.562000095844269
2009-04-03,2.7070000618696213
2009-04-06,2.753999888896942
2009-04-07,2.718999922275543
2009-04-08,2.666999876499176
2009-04-09,2.7510001212358475
2009-04-13,2.67500002682209
2009-04-14,2.6210000067949295
2009-04-15,2.6190000623464584
2009-04-16,2.7049999237060547
2009-04-17,2.8000000715255737
2009-04-20,2.7229999378323555
2009-04-21,2.761999949812889
2009-04-22,2.8289999812841415
2009-04-23,2.83200004696846
2009-04-24,2.901000052690506
2009-04-27,2.8310000002384186
2009-04-28,2.882000096142292
2009-04-29,3.0009999573230743
2009-04-30,2.999000072479248
2009-05-01,3.0290000289678574
2009-05-04,2.9820000678300858
2009-05-05,2.9820000678300858
2009-05-06,2.971999943256378
2009-05-07,3.115000069141388
2009-05-08,3.1279999762773514
2009-05-11,3.0250000655651093
2009-05-12,2.994999945163727
2009-05-13,2.935000017285347
2009-05-14,2.9520001113414764
2009-05-15,2.967999905347824
2009-05-18,3.0509999692440033
2009-05-19,3.0680000334978104
2009-05-20,3.0319999009370804
2009-05-21,3.1779999285936356
2009-05-22,3.272999957203865
2009-05-26,3.328000023961067
2009-05-27,3.5349999368190765
2009-05-28,3.536999925971031
2009-05-29,3.334999918937683
2009-06-01,3.629999913275242
2009-06-02,3.5140000581741333
2009-06-03,3.421000123023987
2009-06-04,3.5810000747442245
2009-06-05,3.681999981403351
2009-06-08,3.7189999371767044
2009-06-09,3.6830000430345535
2009-06-10,3.7610001116991043
2009-06-11,3.691999986767769
2009-06-12,3.6230001002550125
2009-06-15,3.5580000579357147
2009-06-16,3.5090000182390213
2009-06-17,3.4820000678300858
2009-06-18,3.6640001088380814
2009-06-19,3.619000032544136
2009-06-22,3.508000075817108
2009-06-23,3.445000112056732
2009-06-24,3.5049999356269836
2009-06-25,3.3809999972581863
2009-06-26,3.331000044941902
2009-06-29,3.332000106573105
2009-06-30,3.3429999947547913
2009-07-01,3.3789999037981033
2009-07-02,3.339999884366989
2009-07-06,3.351000040769577
2009-07-07,3.2800000309944153
2009-07-08,3.1140000373125076
2009-07-09,3.2380001097917557
2009-07-10,3.1300000697374344
2009-07-13,3.175999954342842
2009-07-14,3.272000029683113
2009-07-15,3.4209999591112137
2009-07-16,3.391999915242195
2009-07-17,3.4860000163316727
2009-07-20,3.4250000417232513
2009-07-21,3.296999990940094
2009-07-22,3.3739998936653137
2009-07-23,3.5290001034736633
2009-07-24,3.490000069141388
2009-07-27,3.5330000519752502
2009-07-28,3.50299996137619
2009-07-29,3.4890000373125076
2009-07-30,3.466000035405159
2009-07-31,3.325999930500984
2009-08-03,3.463999941945076
2009-08-04,3.5039999037981033
2009-08-05,3.588999941945076
2009-08-06,3.5760000497102737
2009-08-07,3.684000089764595
2009-08-10,3.6109999120235443
2009-08-11,3.5130000710487366
2009-08-12,3.5309999734163284
2009-08-13,3.4260000735521317
2009-08-14,3.3880000859498978
2009-08-17,3.3209999352693558
2009-08-18,3.351000025868416
2009-08-19,3.2980000525712967
2009-08-20,3.2749999463558197
2009-08-21,3.395999997854233
2009-08-24,3.338999956846237
2009-08-25,3.295000046491623
2009-08-26,3.292999967932701
2009-08-27,3.32199989259243
2009-08-28,3.3209999799728394
2009-08-31,3.271000027656555
2009-09-01,3.2450000047683716
2009-09-02,3.165000081062317
2009-09-03,3.203000068664551
2009-09-04,3.316999912261963
2009-09-08,3.3440001010894775
2009-09-09,3.3440000861883163
2009-09-10,3.2070000022649765
2009-09-11,3.2079999297857285
2009-09-14,3.275999903678894
2009-09-15,3.3269999027252197
2009-09-16,3.3759999573230743
2009-09-17,3.3030000030994415
2009-09-18,3.3939999788999557
2009-09-21,3.3969999849796295
2009-09-22,3.3610000908374786
2009-09-23,3.322999984025955
2009-09-24,3.2910000383853912
2009-09-25,3.238999992609024
2009-09-28,3.2120000422000885
2009-09-29,3.1720000579953194
2009-09-30,3.1919999197125435
2009-10-01,3.099000006914139
2009-10-02,3.1309999525547028
2009-10-05,3.1339999735355377
2009-10-06,3.1779999062418938
2009-10-07,3.1149999536573887
2009-10-08,3.1950001157820225
2009-10-09,3.3190000653266907
2009-10-12,3.3200001157820225
2009-10-13,3.2520000375807285
2009-10-14,3.358000099658966
2009-10-15,3.4150000289082527
2009-10-16,3.357000056654215
2009-10-19,3.334999982267618
2009-10-20,3.2619998902082443
2009-10-21,3.346000015735626
2009-10-22,3.371000003069639
2009-10-23,3.4249999038875103
2009-10-26,3.503999900072813
2009-10-27,3.3919998928904533
2009-10-28,3.351000014692545
2009-10-29,3.450999926775694
2009-10-30,3.3469999581575394
2009-11-02,3.381999932229519
2009-11-03,3.4230000488460064
2009-11-04,3.501000002026558
2009-11-05,3.497999992221594
2009-11-06,3.4580000191926956
2009-11-09,3.441000059247017
2009-11-10,3.422000113874674
2009-11-11,3.413999978452921
2009-11-12,3.391000099480152
2009-11-13,3.3739999011158943
2009-11-16,3.276000089943409
2009-11-17,3.264000006020069
2009-11-18,3.3359999377280474
2009-11-19,3.343999977223575
2009-11-20,3.3459999468177557
2009-11-23,3.344000082463026
2009-11-24,3.2769999131560326
2009-11-25,3.2390000447630882
2009-11-27,3.2059999462217093
2009-11-30,3.1509999744594097
2009-12-01,3.2250000946223736
2009-12-02,3.2829999551177025
2009-12-03,3.3400001153349876
2009-12-04,3.443000040948391
2009-12-07,3.432999954558909
2009-12-08,3.3669999595731497
2009-12-09,3.3980000969022512
2009-12-10,3.4570001121610403
2009-12-11,3.519999962300062
2009-12-14,3.526000004261732
2009-12-15,3.562999926507473
2009-12-16,3.56099995598197
2009-12-17,3.446999989449978
2009-12-18,3.506000004708767
2009-12-21,3.6369999200105667
2009-12-22,3.673999957740307
2009-12-23,3.69299990683794
2009-12-24,3.7669999226927757
2009-12-28,3.7870000079274178
2009-12-29,3.714000016450882
2009-12-30,3.743999920785427
2009-12-31,3.7929999344050884
2010-01-04,3.786000080406666
2010-01-05,3.6950001157820225
2010-01-06,3.7630000859498978
2010-01-07,3.7770000249147415
2010-01-08,3.768000088632107
2010-01-11,3.793000077828765
2010-01-12,3.679000101983547
2010-01-13,3.7329999916255474
2010-01-14,3.688999965786934
2010-01-15,3.6210001185536385
2010-01-19,3.6570000164210796
2010-01-20,3.6089999191462994
2010-01-21,3.571000061929226
2010-01-22,3.553000047802925
2010-01-25,3.5850001126527786
2010-01-26,3.5650001168251038
2010-01-27,3.5740000531077385
2010-01-28,3.5879999920725822
2010-01-29,3.53899996727705
2010-02-01,3.569000042974949
2010-02-02,3.544999986886978
2010-02-03,3.613000065088272
2010-02-04,3.5249998942017555
2010-02-05,3.4610000029206276
2010-02-08,3.502000004053116
2010-02-09,3.5329998955130577
2010-02-10,3.59400000423193
2010-02-11,3.638000041246414
2010-02-12,3.6030000746250153
2010-02-16,3.5790000334382057
2010-02-17,3.6520000994205475
2010-02-18,3.7179999724030495
2010-02-19,3.6870000660419464
2010-02-22,3.7140000239014626
2010-02-23,3.5759999826550484
2010-02-24,3.5849999338388443
2010-02-25,3.526999957859516
2010-02-26,3.480000026524067
2010-03-01,3.4859999492764473
2010-03-02,3.489000082015991
2010-03-03,3.489999994635582
2010-03-04,3.4709999412298203
2010-03-05,3.536999925971031
2010-03-08,3.562999948859215
2010-03-09,3.5509999692440033
2010-03-10,3.5750000327825546
2010-03-11,3.5750000327825546
2010-03-12,3.570000037550926
2010-03-15,3.559000000357628
2010-03-16,3.4980001151561737
2010-03-17,3.4919999539852142
2010-03-18,3.5269999355077744
2010-03-19,3.542000040411949
2010-03-22,3.523000106215477
2010-03-23,3.5500000715255737
2010-03-24,3.6939999908208847
2010-03-25,3.771000027656555
2010-03-26,3.725000023841858
2010-03-29,3.739000082015991
2010-03-30,3.7180000245571136
2010-03-31,3.682999938726425
2010-04-01,3.7089999616146088
2010-04-05,3.8339999616146088
2010-04-06,3.8029999285936356
2010-04-07,3.702999919652939
2010-04-08,3.7409999072551727
2010-04-09,3.7380000054836273
2010-04-12,3.7109999507665634
2010-04-13,3.6610001027584076
2010-04-14,3.7000000178813934
2010-04-15,3.6980000436306
2010-04-16,3.619999974966049
2010-04-19,3.6569999158382416
2010-04-20,3.6600000709295273
2010-04-21,3.5929999202489853
2010-04-22,3.622000068426132
2010-04-23,3.66199991106987
2010-04-26,3.6650000512599945
2010-04-27,3.545000061392784
2010-04-28,3.6180000007152557
2010-04-29,3.567999929189682
2010-04-30,3.5080001056194305
2010-05-03,3.5449999272823334
2010-05-04,3.4579999148845673
2010-05-05,3.4049999564886093
2010-05-06,3.2980000004172325
2010-05-07,3.30899990350008
2010-05-10,3.3940000385046005
2010-05-11,3.385000079870224
2010-05-12,3.4169999063014984
2010-05-13,3.408999890089035
2010-05-14,3.296999916434288
2010-05-17,3.321999877691269
2010-05-18,3.210999920964241
2010-05-19,3.1939999610185623
2010-05-20,3.108999937772751
2010-05-21,3.0500000417232513
2010-05-24,3.076999992132187
2010-05-25,2.997999995946884
2010-05-26,3.057999938726425
2010-05-27,3.1780000627040863
2010-05-28,3.1510001122951508
2010-06-01,3.1510000079870224
2010-06-02,3.189000114798546
2010-06-03,3.2489999532699585
2010-06-04,3.074999935925007
2010-06-07,3.0790000185370445
2010-06-08,3.0579999834299088
2010-06-09,3.092000037431717
2010-06-10,3.2340000048279762
2010-06-11,3.1460000798106194
2010-06-14,3.220000095665455
2010-06-15,3.2299999445676804
2010-06-16,3.192000061273575
2010-06-17,3.1000000536441803
2010-06-18,3.1280000507831573
2010-06-21,3.1380000337958336
2010-06-22,3.0409998893737793
2010-06-23,2.995000012218952
2010-06-24,2.997999906539917
2010-06-25,2.98799991607666
2010-06-28,2.8970000594854355
2010-06-29,2.807000011205673
2010-06-30,2.7809999734163284
2010-07-01,2.7620000392198563
2010-07-02,2.819000095129013
2010-07-06,2.7719999253749847
2010-07-07,2.8250000178813934
2010-07-08,2.874999985098839
2010-07-09,2.9109999984502792
2010-07-12,2.906000003218651
2010-07-13,2.9690000861883163
2010-07-14,2.9049999564886093
2010-07-15,2.8329999297857285
2010-07-16,2.793999895453453
2010-07-19,2.8189999908208847
2010-07-20,2.7819999158382416
2010-07-21,2.7419999539852142
2010-07-22,2.786999925971031
2010-07-23,2.848999962210655
2010-07-26,2.848999962210655
2010-07-27,2.8969999253749847
2010-07-28,2.855999931693077
2010-07-29,2.854000076651573
2010-07-30,2.767000064253807
2010-08-02,2.823000058531761
2010-08-03,2.764000028371811
2010-08-04,2.806999906897545
2010-08-05,2.774999961256981
2010-08-06,2.6839998811483383
2010-08-09,2.6820000261068344
2010-08-10,2.6359999030828476
2010-08-11,2.539999946951866
2010-08-12,2.5849998891353607
2010-08-13,2.542999967932701
2010-08-16,2.4250000417232513
2010-08-17,2.4899999797344208
2010-08-18,2.4910000264644623
2010-08-19,2.434000000357628
2010-08-20,2.4669999927282333
2010-08-23,2.457000106573105
2010-08-24,2.344000071287155
2010-08-25,2.388000100851059
2010-08-26,2.354000076651573
2010-08-27,2.511999949812889
2010-08-30,2.415000081062317
2010-08-31,2.3419999927282333
2010-09-01,2.4520000219345093
2010-09-02,2.503000020980835
2010-09-03,2.5810000896453857
2010-09-07,2.4889999702572823
2010-09-08,2.52400004863739
2010-09-09,2.6259999126195908
2010-09-10,2.6600000709295273
2010-09-13,2.605999931693077
2010-09-14,2.5209998935461044
2010-09-15,2.5730000436306
2010-09-16,2.6090000569820404
2010-09-17,2.601000055670738
2010-09-20,2.5560000836849213
2010-09-21,2.4390000998973846
2010-09-22,2.3930000960826874
2010-09-23,2.4050000607967377
2010-09-24,2.4719999879598618
2010-09-27,2.3869999647140503
2010-09-28,2.3060000836849213
2010-09-29,2.351000040769577
2010-09-30,2.361999958753586
2010-10-01,2.376000016927719
2010-10-04,2.3340000957250595
2010-10-05,2.358999975025654
2010-10-06,2.283999927341938
2010-10-07,2.280999906361103
2010-10-08,2.2660000398755074
2010-10-12,2.3069999292492867
2010-10-13,2.3009999990463257
2010-10-14,2.359999880194664
2010-10-15,2.4409999698400497
2010-10-18,2.355999931693077
2010-10-19,2.3399998992681503
2010-10-20,2.3350000232458115
2010-10-21,2.4109999015927315
2010-10-22,2.442999966442585
2010-10-25,2.4389998987317085
2010-10-26,2.5059999227523804
2010-10-27,2.581999897956848
2010-10-28,2.5360000133514404
2010-10-29,2.5019999891519547
2010-11-01,2.5230000242590904
2010-11-02,2.4690001010894775
2010-11-03,2.498999960720539
2010-11-04,2.3689999654889107
2010-11-05,2.4160000160336494
2010-11-08,2.4529999643564224
2010-11-09,2.5339999198913574
2010-11-10,2.5230000019073486
2010-11-11,2.5230000019073486
2010-11-12,2.63100004196167
2010-11-15,2.781000018119812
2010-11-16,2.7119998782873154
2010-11-17,2.729000076651573
2010-11-18,2.7669999450445175
2010-11-19,2.7450000047683716
2010-11-22,2.687999963760376
2010-11-23,2.6220000833272934
2010-11-24,2.764000028371811
2010-11-26,2.7090000808238983
2010-11-29,2.667000025510788
2010-11-30,2.636999934911728
2010-12-01,2.8089999854564667
2010-12-02,2.855000004172325
2010-12-03,2.8869999647140503
2010-12-06,2.815999984741211
2010-12-07,3.024999961256981
2010-12-08,3.101000055670738
2010-12-09,3.0880000442266464
2010-12-10,3.1810000017285347
2010-12-13,3.1629999950528145
2010-12-14,3.3199999183416367
2010-12-15,3.3849999755620956
2010-12-16,3.3519999980926514
2010-12-17,3.22499992698431
2010-12-20,3.2489999756217003
2010-12-21,3.1959999799728394
2010-12-22,3.215999960899353
2010-12-23,3.2629998922348022
2010-12-27,3.2310000732541084
2010-12-28,3.340999945998192
2010-12-29,3.2160000801086426
2010-12-30,3.2589999586343765
2010-12-31,3.1900000646710396
2011-01-03,3.2220000103116035
2011-01-04,3.2109999507665634
2011-01-05,3.3480000346899033
2011-01-06,3.278999909758568
2011-01-07,3.1930000633001328
2011-01-10,3.168999895453453
2011-01-11,3.1960000842809677
2011-01-12,3.2100000232458115
2011-01-13,3.161000117659569
2011-01-14,3.187999948859215
2011-01-18,3.2190000861883163
2011-01-19,3.1819998919963837
2011-01-20,3.304000109434128
2011-01-21,3.265999883413315
2011-01-24,3.257999986410141
2011-01-25,3.1689999997615814
2011-01-26,3.2729999721050262
2011-01-27,3.2449999898672104
2011-01-28,3.1939999908208847
2011-01-31,3.23300002515316
2011-02-01,3.2930000722408295
2011-02-02,3.3390000760555267
2011-02-03,3.3959998935461044
2011-02-04,3.5069999545812607
2011-02-07,3.5040000528097153
2011-02-08,3.5799999088048935
2011-02-09,3.5119999647140503
2011-02-10,3.597999945282936
2011-02-11,3.535999909043312
2011-02-14,3.5040000826120377
2011-02-15,3.490999937057495
2011-02-16,3.5110000520944595
2011-02-17,3.483999878168106
2011-02-18,3.498999983072281
2011-02-22,3.3609999641776085
2011-02-23,3.3719999864697456
2011-02-24,3.317999966442585
2011-02-25,3.299999952316284
2011-02-28,3.2790000289678574
2011-03-01,3.284000039100647
2011-03-02,3.3439999893307686
2011-03-03,3.447000026702881
2011-03-04,3.3820001035928726
2011-03-07,3.396999977529049
2011-03-08,3.4389999136328697
2011-03-09,3.3740001022815704
2011-03-10,3.3279998898506165
2011-03-11,3.3229998871684074
2011-03-14,3.271999880671501
2011-03-15,3.2279999554157257
2011-03-16,3.126999892294407
2011-03-17,3.1779999062418938
2011-03-18,3.2119999527931213
2011-03-21,3.2529999539256096
2011-03-22,3.242000013589859
2011-03-23,3.263000048696995
2011-03-24,3.324000045657158
2011-03-25,3.3640000075101852
2011-03-28,3.367999956011772
2011-03-29,3.395999938249588
2011-03-30,3.3599999248981476
2011-03-31,3.363999992609024
2011-04-01,3.395999975502491
2011-04-04,3.3959999941289425
2011-04-05,3.421999990940094
2011-04-06,3.4950000755488873
2011-04-07,3.5200000666081905
2011-04-08,3.5349999330937862
2011-04-11,3.5349999330937862
2011-04-12,3.4549999982118607
2011-04-13,3.4160000793635845
2011-04-14,3.419999897480011
2011-04-15,3.350000087171793
2011-04-18,3.3160000517964363
2011-04-19,3.3009999468922615
2011-04-20,3.345000095665455
2011-04-21,3.3550000935792923
2011-04-25,3.317999914288521
2011-04-26,3.264999933540821
2011-04-27,3.31800002977252
2011-04-28,3.2770000360906124
2011-04-29,3.256000004708767
2011-05-02,3.2560000140219927
2011-05-03,3.230000114068389
2011-05-04,3.2030000500380993
2011-05-05,3.1579999830573797
2011-05-06,3.1520000649616122
2011-05-09,3.1369999600574374
2011-05-10,3.169999932870269
2011-05-11,3.1370000652968884
2011-05-12,3.210000019520521
2011-05-13,3.167000036686659
2011-05-16,3.1289999298751354
2011-05-17,3.0860000513494015
2011-05-18,3.131000004708767
2011-05-19,3.131000004708767
2011-05-20,3.111999951303005
2011-05-23,3.0890000611543655
2011-05-24,3.072999905794859
2011-05-25,3.0839999467134476
2011-05-26,3.0160001069307327
2011-05-27,3.0289998911321163
2011-05-31,3.009999953210354
2011-06-01,2.9260000810027122
2011-06-02,2.994999971240759
2011-06-03,2.9669999796897173
2011-06-06,2.9720000941306353
2011-06-07,2.9709999188780785
2011-06-08,2.926999893039465
2011-06-09,2.9579999074339867
2011-06-10,2.93599995598197
2011-06-13,2.950999937951565
2011-06-14,3.0489999763667583
2011-06-15,2.928000047802925
2011-06-16,2.873999919742346
2011-06-17,2.919000005349517
2011-06-20,2.9480000594630837
2011-06-21,2.96499989554286
2011-06-22,2.9830000307410955
2011-06-23,2.903999920003116
2011-06-24,2.8610000517219305
2011-06-27,2.9120000461116433
2011-06-28,3.0200000759214163
2011-06-29,3.088000040501356
2011-06-30,3.1429999927058816
2011-07-01,3.1870000269263983
2011-07-05,3.125999918207526
2011-07-06,3.090000028721988
2011-07-07,3.1289999298751354
2011-07-08,2.9960000328719616
2011-07-11,2.9020000556483865
2011-07-12,2.8779999930411577
2011-07-13,2.8860000325366855
2011-07-14,2.9390000058338046
2011-07-15,2.902999992482364
2011-07-18,2.903999920003116
2011-07-19,2.8660000320523977
2011-07-20,2.913000088185072
2011-07-21,2.9749999903142452
2011-07-22,2.933999987319112
2011-07-25,2.9689999483525753
2011-07-26,2.8859999775886536
2011-07-27,2.910000018775463
2011-07-28,2.8859999775886536
2011-07-29,2.7150000631809235
2011-08-01,2.665000006556511
2011-08-02,2.57400007173419
2011-08-03,2.588999977335334
2011-08-04,2.447999944910407
2011-08-05,2.5480000879615545
2011-08-08,2.3239999869838357
2011-08-09,2.1519999224692583
2011-08-10,2.122000084258616
2011-08-11,2.325999965891242
2011-08-12,2.231999988667667
2011-08-15,2.280000085942447
2011-08-16,2.1939999870955944
2011-08-17,2.159999961964786
2011-08-18,2.072999944910407
2011-08-19,2.0610000994056463
2011-08-22,2.0830000592395663
2011-08-23,2.1320000840350986
2011-08-24,2.2499999906867743
2011-08-25,2.211999883875251
2011-08-26,2.1779999639838934
2011-08-29,2.2659999085590243
2011-08-30,2.1610001185908914
2011-08-31,2.2029999354854226
2011-09-01,2.135999908670783
2011-09-02,1.9810000518336892
2011-09-06,1.963999972678721
2011-09-07,2.0210000136867166
2011-09-08,1.9759999420493841
2011-09-09,1.909999961964786
2011-09-12,1.9249999476596713
2011-09-13,1.9889999581500888
2011-09-14,2.0059999180957675
2011-09-15,2.0800000382587314
2011-09-16,2.0709999753162265
2011-09-19,1.9350000573322177
2011-09-20,1.9420000268146396
2011-09-21,1.8700000001117587
2011-09-22,1.7100000334903598
2011-09-23,1.8029999686405063
2011-09-26,1.8990000439807773
2011-09-27,2.006000032648444
2011-09-28,1.9920000936836004
2011-09-29,1.9470000173896551
2011-09-30,1.9140000250190496
2011-10-03,1.7649999670684338
2011-10-04,1.7760000182315707
2011-10-05,1.8999999715015292
2011-10-06,1.9809999419376254
2011-10-07,2.0630000783130527
2011-10-10,2.0709999753162265
2011-10-11,2.155000085942447
2011-10-12,2.2110000709071755
2011-10-13,2.1539999106898904
2011-10-14,2.2170001128688455
2011-10-17,2.1349999718368053
2011-10-18,2.1260000225156546
2011-10-19,2.1389999203383923
2011-10-20,2.1650000670924783
2011-10-21,2.188000068999827
2011-10-24,2.228999967686832
2011-10-25,2.113000021316111
2011-10-26,2.188000068999827
2011-10-27,2.384999981150031
2011-10-28,2.2959999945014715
2011-10-31,2.169999952428043
2011-11-01,1.9959999276325107
2011-11-02,2.0010000420734286
2011-11-03,2.0609999848529696
2011-11-04,2.044999952428043
2011-11-07,1.9889999581500888
2011-11-08,2.0600000573322177
2011-11-09,1.950000043027103
2011-11-10,2.050999994389713
2011-11-11,2.050999994389713
2011-11-14,2.037999982945621
2011-11-15,2.0469999220222235
2011-11-16,2.0189999295398593
2011-11-17,1.9529999447986484
2011-11-18,2.0070000840350986
2011-11-21,1.9570000125095248
2011-11-22,1.9240000108256936
2011-11-23,1.863999948836863
2011-11-25,1.9620000077411532
2011-11-28,1.947999944910407
2011-11-29,1.9810000518336892
2011-11-30,2.05300007853657
2011-12-01,2.1020001033321023
2011-12-02,2.0270000556483865
2011-12-05,2.038999901153147
2011-12-06,2.087999935261905
2011-12-07,2.0119999600574374
2011-12-08,1.9670000029727817
2011-12-09,2.047000045888126
2011-12-12,2.0040000630542636
2011-12-13,1.9570000125095248
2011-12-14,1.8960000229999423
2011-12-15,1.9079999877139926
2011-12-16,1.8489999724552035
2011-12-19,1.8079999638721347
2011-12-20,1.9199999524280429
2011-12-21,1.9620000077411532
2011-12-22,1.9459999753162265
2011-12-23,2.024999971501529
2011-12-27,2.0040000630542636
2011-12-28,1.9029999924823642
2011-12-29,1.8919999552890658
2011-12-30,1.8660000516101718
2012-01-03,1.9550000382587314
2012-01-04,1.985000004991889
2012-01-05,1.9830000307410955
2012-01-06,1.9459999660030007
2012-01-09,1.9550000382587314
2012-01-10,1.9620000030845404
2012-01-11,1.8890000442042947
2012-01-12,1.9129999689757824
2012-01-13,1.8330000452697277
2012-01-17,1.8300000242888927
2012-01-18,1.871999954804778
2012-01-19,1.9320000037550926
2012-01-20,1.9880001172423363
2012-01-23,2.0319999121129513
2012-01-24,2.0289998911321163
2012-01-25,1.9719999693334103
2012-01-26,1.8859999924898148
2012-01-27,1.8480000011622906
2012-01-30,1.7920000106096268
2012-01-31,1.7440000250935555
2012-02-01,1.7909999564290047
2012-02-02,1.7500000447034836
2012-02-03,1.879000000655651
2012-02-06,1.8360000252723694
2012-02-07,1.8859999626874924
2012-02-08,1.9000000208616257
2012-02-09,1.9619999304413795
2012-02-10,1.8889999836683273
2012-02-13,1.895000010728836
2012-02-14,1.8140000253915787
2012-02-15,1.8259999975562096
2012-02-16,1.898000031709671
2012-02-17,1.9349999874830246
2012-02-21,1.975000075995922
2012-02-22,1.9250001162290573
2012-02-23,1.8989999666810036
2012-02-24,1.8869999945163727
2012-02-27,1.8220000490546227
2012-02-28,1.8340000212192535
2012-02-29,1.9019999951124191
2012-03-01,1.9669999405741692
2012-03-02,1.9259999431669712
2012-03-05,1.9450001157820225
2012-03-06,1.8740000054240227
2012-03-07,1.8969999998807907
2012-03-08,1.9389999359846115
2012-03-09,1.9580001085996628
2012-03-12,1.9559998959302902
2012-03-13,2.0270001143217087
2012-03-14,2.19399993121624
2012-03-15,2.2059998959302902
2012-03-16,2.2180000990629196
2012-03-19,2.3039999455213547
2012-03-20,2.276999980211258
2012-03-21,2.2089999094605446
2012-03-22,2.2050000950694084
2012-03-23,2.166999988257885
2012-03-26,2.173999957740307
2012-03-27,2.1070000380277634
2012-03-28,2.1210000962018967
2012-03-29,2.1039999201893806
2012-03-30,2.1510000824928284
2012-04-02,2.1330000795423985
2012-04-03,2.208999916911125
2012-04-04,2.173000030219555
2012-04-05,2.104999952018261
2012-04-09,1.9619999378919601
2012-04-10,1.90300003439188
2012-04-11,1.943000115454197
2012-04-12,1.9640000239014626
2012-04-13,1.9180000275373459
2012-04-16,1.8989999741315842
2012-04-17,1.9340000599622726
2012-04-18,1.9169999957084656
2012-04-19,1.887000024318695
2012-04-20,1.9050000309944153
2012-04-23,1.8629999682307243
2012-04-24,1.880999967455864
2012-04-25,1.8989999666810036
2012-04-26,1.8739999905228615
2012-04-27,1.8479999676346779
2012-04-30,1.8249999582767487
2012-05-01,1.8709999695420265
2012-05-02,1.8420000523328781
2012-05-03,1.8490000218153
2012-05-04,1.8099999949336052
2012-05-07,1.8019999712705612
2012-05-08,1.7470000088214874
2012-05-09,1.745000034570694
2012-05-10,1.7939999401569366
2012-05-11,1.7509999573230743
2012-05-14,1.7029999867081642
2012-05-15,1.6869999468326569
2012-05-16,1.6699999868869781
2012-05-17,1.6120000183582306
2012-05-18,1.627000018954277
2012-05-21,1.6750000156462193
2012-05-22,1.7079999819397926
2012-05-23,1.6409999579191208
2012-05-24,1.6689999401569366
2012-05-25,1.665000006556511
2012-05-29,1.655999943614006
2012-05-30,1.5600000023841858
2012-05-31,1.5209999717772007
2012-06-01,1.4020000100135803
2012-06-04,1.4619999527931213
2012-06-05,1.4759999960660934
2012-06-06,1.571000024676323
2012-06-07,1.574000045657158
2012-06-08,1.5569999665021896
2012-06-11,1.5250000208616257
2012-06-12,1.5710000097751617
2012-06-13,1.5089999735355377
2012-06-14,1.5159999430179596
2012-06-15,1.5020000115036964
2012-06-18,1.508999988436699
2012-06-19,1.530000001192093
2012-06-20,1.561999961733818
2012-06-21,1.5430000275373459
2012-06-22,1.5970000475645065
2012-06-25,1.533000037074089
2012-06-26,1.5330000221729279
2012-06-27,1.5410000532865524
2012-06-28,1.502000018954277
2012-06-29,1.5790000408887863
2012-07-02,1.510000042617321
2012-07-03,1.5560000389814377
2012-07-05,1.5219999998807907
2012-07-06,1.4740000292658806
2012-07-09,1.4430000111460686
2012-07-10,1.4080000221729279
2012-07-11,1.4080000221729279
2012-07-12,1.3839999735355377
2012-07-13,1.4089999496936798
2012-07-16,1.37899998575449
2012-07-17,1.4060000479221344
2012-07-18,1.3939999714493752
2012-07-19,1.4349999874830246
2012-07-20,1.375000037252903
2012-07-23,1.3449999392032623
2012-07-24,1.3090000450611115
2012-07-25,1.311000019311905
2012-07-26,1.327999971807003
2012-07-27,1.4549999460577965
2012-07-30,1.4139999449253082
2012-07-31,1.3919999822974205
2012-08-01,1.4490000307559967
2012-08-02,1.3930000439286232
2012-08-03,1.502000018954277
2012-08-06,1.4829999655485153
2012-08-07,1.5280000194907188
2012-08-08,1.5349999889731407
2012-08-09,1.5779999643564224
2012-08-10,1.554000049829483
2012-08-13,1.5590000450611115
2012-08-14,1.6209999546408653
2012-08-15,1.724999949336052
2012-08-16,1.7609999626874924
2012-08-17,1.7359999865293503
2012-08-20,1.7290000095963478
2012-08-21,1.699999950826168
2012-08-22,1.6189999803900719
2012-08-23,1.5710000097751617
2012-08-24,1.5879999697208405
2012-08-27,1.554000049829483
2012-08-28,1.5299999937415123
2012-08-29,1.5590000450611115
2012-08-30,1.530000001192093
2012-08-31,1.4770000353455544
2012-09-04,1.4909999668598175
2012-09-05,1.4939999803900719
2012-09-06,1.5729999765753746
2012-09-07,1.5610000118613243
2012-09-10,1.5879999697208405
2012-09-11,1.5950000509619713
2012-09-12,1.6699999868869781
2012-09-13,1.6610000431537628
2012-09-14,1.7750000059604645
2012-09-17,1.748000055551529
2012-09-18,1.712000034749508
2012-09-19,1.6769999489188194
2012-09-20,1.671999953687191
2012-09-21,1.6599999889731407
2012-09-24,1.623000055551529
2012-09-25,1.577000044286251
2012-09-26,1.518000029027462
2012-09-27,1.5549999848008156
2012-09-28,1.5469999611377716
2012-10-01,1.5450000017881393
2012-10-02,1.5250000059604645
2012-10-03,1.5380000248551369
2012-10-04,1.5699999630451202
2012-10-05,1.6319999918341637
2012-10-08,1.651000052690506
2012-10-09,1.6250000298023224
2012-10-10,1.5959999859333038
2012-10-11,1.579999953508377
2012-10-12,1.5629999861121178
2012-10-15,1.5679999887943268
2012-10-16,1.6200000271201134
2012-10-17,1.705999992787838
2012-10-18,1.7309999763965607
2012-10-19,1.6780000030994415
2012-10-22,1.707999974489212
2012-10-23,1.6640000566840172
2012-10-24,1.6699999794363976
2012-10-25,1.7179999500513077
2012-10-26,1.6450000032782555
2012-10-31,1.580999992787838
2012-11-01,1.6250000298023224
2012-11-02,1.6359999477863312
2012-11-05,1.5940000116825104
2012-11-06,1.6419999822974205
2012-11-07,1.5419999659061432
2012-11-08,1.5469999685883522
2012-11-09,1.523000031709671
2012-11-12,1.5239999443292618
2012-11-13,1.50399998575449
2012-11-14,1.4939999878406525
2012-11-15,1.5139999836683273
2012-11-16,1.498999997973442
2012-11-19,1.5359999388456345
2012-11-20,1.5710000172257423
2012-11-21,1.5970000326633453
2012-11-23,1.6029999554157257
2012-11-26,1.5740000307559967
2012-11-27,1.5499999821186066
2012-11-28,1.5249999836087227
2012-11-29,1.540000006556511
2012-11-30,1.530999943614006
2012-12-03,1.5510000213980675
2012-12-04,1.5180000364780426
2012-12-05,1.5009999573230743
2012-12-06,1.4909999668598175
2012-12-07,1.5469999760389328
2012-12-10,1.5410000532865524
2012-12-11,1.574000045657158
2012-12-12,1.6370000280439854
2012-12-13,1.6760000437498093
2012-12-14,1.6829999443143606
2012-12-17,1.741000011563301
2012-12-18,1.7720000222325325
2012-12-19,1.7549999505281448
2012-12-20,1.7499999515712261
2012-12-21,1.7039999477565289
2012-12-24,1.724000047892332
2012-12-26,1.7030000165104866
2012-12-27,1.6450000330805779
2012-12-28,1.700999965891242
2012-12-31,1.7210000418126583
2013-01-02,1.7839999869465828
2013-01-03,1.834000051021576
2013-01-04,1.8499999642372131
2013-01-07,1.844999998807907
2013-01-08,1.8110000528395176
2013-01-09,1.7969999983906746
2013-01-10,1.839000053703785
2013-01-11,1.811999998986721
2013-01-14,1.7969999946653843
2013-01-15,1.7509999722242355
2013-01-16,1.7520000040531158
2013-01-17,1.8049999997019768
2013-01-18,1.7730000540614128
2013-01-22,1.7750000394880772
2013-01-23,1.7629999443888664
2013-01-24,1.7689999788999557
2013-01-25,1.8770000264048576
2013-01-28,1.913999978452921
2013-01-29,1.9250000342726707
2013-01-30,1.9460000433027744
2013-01-31,1.9200000166893005
2013-02-01,1.9499999918043613
2013-02-04,1.9180000498890877
2013-02-05,1.9460000321269035
2013-02-06,1.9030000567436218
2013-02-07,1.8859999775886536
2013-02-08,1.8889999985694885
2013-02-11,1.8809999823570251
2013-02-12,1.898999996483326
2013-02-13,1.934000052511692
2013-02-14,1.905000001192093
2013-02-15,1.9119999706745148
2013-02-19,1.9260000213980675
2013-02-20,1.905999906361103
2013-02-21,1.8559999540448189
2013-02-22,1.8470000103116035
2013-02-25,1.779999978840351
2013-02-26,1.7689999490976334
2013-02-27,1.802999995648861
2013-02-28,1.7880000099539757
2013-03-01,1.7530000433325768
2013-03-04,1.7919999733567238
2013-03-05,1.809000052511692
2013-03-06,1.845999963581562
2013-03-07,1.901000052690506
2013-03-08,1.9689999967813492
2013-03-11,1.9689999967813492
2013-03-12,1.9310000017285347
2013-03-13,1.935999907553196
2013-03-14,1.9429999887943268
2013-03-15,1.9130000546574593
2013-03-18,1.8839999735355377
2013-03-19,1.8379999920725822
2013-03-20,1.874000035226345
2013-03-21,1.8720000423491001
2013-03-22,1.8499999642372131
2013-03-25,1.8569999635219574
2013-03-26,1.8340000212192535
2013-03-27,1.7709999531507492
2013-03-28,1.7870000004768372
2013-04-01,1.7750000357627869
2013-04-02,1.7929999381303787
2013-04-03,1.7570000365376472
2013-04-04,1.6939999461174011
2013-04-05,1.6340000070631504
2013-04-08,1.676999993622303
2013-04-09,1.683999978005886
2013-04-10,1.7399999499320984
2013-04-11,1.7280000075697899
2013-04-12,1.6659999564290047
2013-04-15,1.6470000222325325
2013-04-16,1.6669999808073044
2013-04-17,1.6539999954402447
2013-04-18,1.634999942034483
2013-04-19,1.6579999476671219
2013-04-22,1.6529999524354935
2013-04-23,1.6529999524354935
2013-04-24,1.6499999538064003
2013-04-25,1.6609999649226665
2013-04-26,1.6179999858140945
2013-04-29,1.622999981045723
2013-04-30,1.6299999505281448
2013-05-01,1.5890000574290752
2013-05-02,1.5810000412166119
2013-05-03,1.7069999724626541
2013-05-06,1.7410000283271074
2013-05-07,1.7479999922215939
2013-05-08,1.7249999903142452
2013-05-09,1.7779999636113644
2013-05-10,1.8649999760091305
2013-05-13,1.887999977916479
2013-05-14,1.912000022828579
2013-05-15,1.9059999585151672
2013-05-16,1.8400000091642141
2013-05-17,1.9190000016242266
2013-05-20,1.9300000332295895
2013-05-21,1.9040000066161156
2013-05-22,1.991000022739172
2013-05-23,1.9830000028014183
2013-05-24,1.9739999175071716
2013-05-28,2.0999999903142452
2013-05-29,2.0840000733733177
2013-05-30,2.099000072106719
2013-05-31,2.1340000350028276
2013-06-03,2.104000063613057
2013-06-04,2.0970000848174095
2013-06-05,2.054999902844429
2013-06-06,2.0300000458955765
2013-06-07,2.12100001424551
2013-06-10,2.174999915063381
2013-06-11,2.1499999314546585
2013-06-12,2.190000019967556
2013-06-13,2.1310000233352184
2013-06-14,2.0859999284148216
2013-06-17,2.131000004708767
2013-06-18,2.1369999200105667
2013-06-19,2.2710001096129417
2013-06-20,2.378999911248684
2013-06-21,2.4739999398589134
2013-06-24,2.50800009816885
2013-06-25,2.5309999883174896
2013-06-26,2.4840000346302986
2013-06-27,2.438000038266182
2013-06-28,2.4479999262839556
2013-07-01,2.4800000097602606
2013-07-02,2.434000100940466
2013-07-03,2.4659999273717403
2013-07-05,2.6799999140203
2013-07-08,2.609999980777502
2013-07-09,2.5950001142919064
2013-07-10,2.6500000674277544
2013-07-11,2.543999882414937
2013-07-12,2.5710000712424517
2013-07-15,2.535999994724989
2013-07-16,2.497000064700842
2013-07-17,2.465999936684966
2013-07-18,2.5119999200105667
2013-07-19,2.47099993750453
2013-07-22,2.482999916188419
2013-07-23,2.4960000328719616
2013-07-24,2.5680000595748425
2013-07-25,2.5920001128688455
2013-07-26,2.546000109054148
2013-07-29,2.5650000385940075
2013-07-30,2.5729999262839556
2013-07-31,2.5629999358206987
2013-08-01,2.688000049442053
2013-08-02,2.5719999987632036
2013-08-05,2.605000104755163
2013-08-06,2.6019999608397484
2013-08-07,2.559999905526638
2013-08-08,2.541999891400337
2013-08-09,2.531999923288822
2013-08-12,2.557000018656254
2013-08-13,2.662999913096428
2013-08-14,2.6619998924434185
2013-08-15,2.7100001126527786
2013-08-16,2.7889999970793724
2013-08-19,2.8440000638365746
2013-08-20,2.7689998894929886
2013-08-21,2.8220000192523003
2013-08-22,2.8810000233352184
2013-08-23,2.7960000783205032
2013-08-26,2.7920000664889812
2013-08-27,2.6879999563097954
2013-08-28,2.7520000655204058
2013-08-29,2.730999927967787
2013-08-30,2.729000072926283
2013-09-03,2.8330000499263406
2013-09-04,2.882000074721873
2013-09-05,2.9640000918880105
2013-09-06,2.922999964095652
2013-09-09,2.887000074610114
2013-09-10,2.944000110961497
2013-09-11,2.9050000766292214
2013-09-12,2.897000065073371
2013-09-13,2.888000002130866
2013-09-16,2.871000072453171
2013-09-17,2.847999925725162
2013-09-18,2.7029999447986484
2013-09-19,2.7429999066516757
2013-09-20,2.727000112645328
2013-09-23,2.7089999867603183
2013-09-24,2.6380001166835427
2013-09-25,2.5990000823512673
2013-09-26,2.6399998874403536
2013-09-27,2.613999958150089
2013-09-30,2.610000009648502
2013-10-01,2.6329999081790447
2013-10-02,2.6159999277442694
2013-10-03,2.585999947041273
2013-10-04,2.633999951183796
2013-10-07,2.6160000637173653
2013-10-08,2.5909999161958694
2013-10-09,2.6130000948905945
2013-10-10,2.6449999436736107
2013-10-11,2.618999920785427
2013-10-14,2.632999986410141
2013-10-15,2.6280000284314156
2013-10-16,2.5790000036358833
2013-10-17,2.5499998927116394
2013-10-18,2.5639999862760305
2013-10-21,2.583999967202544
2013-10-22,2.479000084102154
2013-10-23,2.4549998957663774
2013-10-24,2.492000075057149
2013-10-25,2.473000021651387
2013-10-28,2.4920000843703747
2013-10-29,2.4669999703764915
2013-10-30,2.491999950259924
2013-10-31,2.5090000554919243
2013-11-01,2.586999885737896
2013-11-04,2.5689999982714653
2013-11-05,2.616999939084053
2013-11-06,2.5950001031160355
2013-11-07,2.5649999156594276
2013-11-08,2.6940000504255295
2013-11-11,2.6989999264478683
2013-11-12,2.7099998891353607
2013-11-13,2.654999904334545
2013-11-14,2.6339998990297318
2013-11-15,2.6390001103281975
2013-11-18,2.612999975681305
2013-11-19,2.631999894976616
2013-11-20,2.715000055730343
2013-11-21,2.713999919593334
2013-11-22,2.687000095844269
2013-11-25,2.6809999383985996
2013-11-26,2.628000095486641
2013-11-27,2.6730000600218773
2013-11-29,2.6859999373555183
2013-12-02,2.751000117510557
2013-12-03,2.74000009521842
2013-12-04,2.789000079035759
2013-12-05,2.8139999881386757
2013-12-06,2.8309998959302902
2013-12-09,2.8050001114606857
2013-12-10,2.726999931037426
2013-12-11,2.7760000973939896
2013-12-12,2.814000092446804
2013-12-13,2.8080000318586826
2013-12-16,2.819000095129013
2013-12-17,2.7799999341368675
2013-12-18,2.8249999918043613
2013-12-19,2.8669999539852142
2013-12-20,2.832000084221363
2013-12-23,2.870999902486801
2013-12-24,2.9150000363588333
2013-12-26,2.9300000108778477
2013-12-27,2.9480000436306
2013-12-30,2.9210000708699226
2013-12-31,2.9630000218749046
2014-01-02,2.9269998967647552
2014-01-03,2.936999887228012
2014-01-06,2.9159999638795853
2014-01-07,2.8940000347793102
2014-01-08,2.953000031411648
2014-01-09,2.9300000593066216
2014-01-10,2.826999895274639
2014-01-13,2.796999903395772
2014-01-14,2.835999958217144
2014-01-15,2.8490000627934933
2014-01-16,2.8129999358206987
2014-01-17,2.796999903395772
2014-01-21,2.7970000468194485
2014-01-22,2.8299998957663774
2014-01-23,2.743000002577901
2014-01-24,2.701999895274639
2014-01-27,2.7180000320076942
2014-01-28,2.7010000497102737
2014-01-29,2.634999953210354
2014-01-30,2.67800007853657
2014-01-31,2.6579999830573797
2014-02-03,2.5610000900924206
2014-02-04,2.5690000727772713
2014-02-05,2.6120000556111336
2014-02-06,2.6419999040663242
2014-02-07,2.6029999554157257
2014-02-10,2.6229999735951424
2014-02-11,2.674000099301338
2014-02-12,2.720000009983778
2014-02-13,2.711000060662627
2014-02-14,2.7360000517219305
2014-02-18,2.6959999660030007
2014-02-19,2.688999965786934
2014-02-20,2.7139999493956566
2014-02-21,2.6989999674260616
2014-02-24,2.717000000178814
2014-02-25,2.6609999760985374
2014-02-26,2.63300009816885
2014-02-27,2.606999959796667
2014-02-28,2.6149999909102917
2014-03-03,2.5640001110732555
2014-03-04,2.6429999843239784
2014-03-05,2.6479999534785748
2014-03-06,2.691999986767769
2014-03-07,2.744999960064888
2014-03-10,2.743999920785427
2014-03-11,2.7210000306367874
2014-03-12,2.686000071465969
2014-03-13,2.6130001172423363
2014-03-14,2.6049999818205833
2014-03-17,2.655999880284071
2014-03-18,2.630999993532896
2014-03-19,2.7220000736415386
2014-03-20,2.723000094294548
2014-03-21,2.7049999982118607
2014-03-24,2.6900000385940075
2014-03-25,2.689999893307686
2014-03-26,2.6639999747276306
2014-03-27,2.638999931514263
2014-03-28,2.6789998933672905
2014-03-31,2.695000048726797
2014-04-01,2.729000063613057
2014-04-02,2.7849999740719795
2014-04-03,2.7749999621883035
2014-04-04,2.7060000710189342
2014-04-07,2.6749999336898327
2014-04-08,2.655999993905425
2014-04-09,2.6560000143945217
2014-04-10,2.6000000201165676
2014-04-11,2.5889999587088823
2014-04-14,2.608999939635396
2014-04-15,2.598000021651387
2014-04-16,2.612000083550811
2014-04-17,2.6959999557584524
2014-04-21,2.6959999557584524
2014-04-22,2.7010000701993704
2014-04-23,2.671000109054148
2014-04-24,2.680999963544309
2014-04-25,2.6589998891577125
2014-04-28,2.67400004575029
2014-04-29,2.679999933578074
2014-04-30,2.6280000023543835
2014-05-01,2.5879999473690987
2014-05-02,2.5760000804439187
2014-05-05,2.5960000613704324
2014-05-06,2.5750000290572643
2014-05-07,2.5699999146163464
2014-05-08,2.5799999982118607
2014-05-09,2.6009999066591263
2014-05-12,2.6359998993575573
2014-05-13,2.598000030964613
2014-05-14,2.522999983280897
2014-05-15,2.4840000942349434
2014-05-16,2.502999887801707
2014-05-19,2.518000014126301
2014-05-20,2.484000062569976
2014-05-21,2.5119999404996634
2014-05-22,2.527000065892935
2014-05-23,2.508000012487173
2014-05-27,2.4899998866021633
2014-05-28,2.4099999628961086
2014-05-29,2.417000027373433
2014-05-30,2.42700001783669
2014-06-02,2.5089999195188284
2014-06-03,2.5629999358206987
2014-06-04,2.5759999472647905
2014-06-05,2.554000111296773
2014-06-06,2.568999882787466
2014-06-09,2.5829999167472124
2014-06-10,2.5999999903142452
2014-06-11,2.6070001050829887
2014-06-12,2.5529999658465385
2014-06-13,2.5740000922232866
2014-06-16,2.5719998832792044
2014-06-17,2.6219999715685844
2014-06-18,2.5949999168515205
2014-06-19,2.6119999792426825
2014-06-20,2.6140000727027655
2014-06-23,2.6179999066516757
2014-06-24,2.563999965786934
2014-06-25,2.539000015705824
2014-06-26,2.5000000949949026
2014-06-27,2.514000065624714
2014-06-30,2.4960000328719616
2014-07-01,2.537999963387847
2014-07-02,2.621000020764768
2014-07-03,2.6450000018812716
2014-07-07,2.6100001027807593
2014-07-08,2.54000005684793
2014-07-09,2.5319999316707253
2014-07-10,2.5170000651851296
2014-07-11,2.50499998126179
2014-07-14,2.5340000251308084
2014-07-15,2.529000025242567
2014-07-16,2.520000107586384
2014-07-17,2.4679999044165015
2014-07-18,2.4739999677985907
2014-07-21,2.4609999768435955
2014-07-22,2.4460000805556774
2014-07-23,2.4439999870955944
2014-07-24,2.4890000633895397
2014-07-25,2.4490001015365124
2014-07-28,2.465999936684966
2014-07-29,2.433999892324209
2014-07-30,2.5259998999536037
2014-07-31,2.5379999950528145
2014-08-01,2.4870001152157784
2014-08-04,2.4759999373927712
2014-08-05,2.4580000396817923
2014-08-06,2.4539999775588512
2014-08-07,2.404000025242567
2014-08-08,2.394999962300062
2014-08-11,2.3950000759214163
2014-08-12,2.416999911889434
2014-08-13,2.3830001074820757
2014-08-14,2.3720000945031643
2014-08-15,2.323000028729439
2014-08-18,2.365000084042549
2014-08-19,2.3799999710172415
2014-08-20,2.401000117883086
2014-08-21,2.3920000651851296
2014-08-22,2.3880001166835427
2014-08-25,2.372000084258616
2014-08-26,2.3660000320523977
2014-08-27,2.336000060662627
2014-08-28,2.31200011074543
2014-08-29,2.324999935925007
2014-09-02,2.398999910801649
2014-09-03,2.3900000862777233
2014-09-04,2.4279999546706676
2014-09-05,2.4409999661147594
2014-09-08,2.4490001015365124
2014-09-09,2.485000000335276
2014-09-10,2.5189999202266335
2014-09-11,2.52099989913404
2014-09-12,2.6040000822395086
2014-09-15,2.58100008033216
2014-09-16,2.5739999869838357
2014-09-17,2.5869999043643475
2014-09-18,2.6189999487251043
2014-09-19,2.5799998929724097
2014-09-22,2.562999984715134
2014-09-23,2.5280000856146216
2014-09-24,2.562000005505979
2014-09-25,2.5059999180957675
2014-09-26,2.530000085942447
2014-09-29,2.485999937169254
2014-09-30,2.494999896734953
2014-10-01,2.3900001160800457
2014-10-02,2.4279999639838934
2014-10-03,2.4370000269263983
2014-10-06,2.4149999525398016
2014-10-07,2.3399999048560858
2014-10-08,2.3249999238178134
2014-10-09,2.3219999028369784
2014-10-10,2.3019999219104648
2014-10-13,2.281000013463199
2014-10-14,2.2010000897571445
2014-10-15,2.079999914392829
2014-10-16,2.1330001167953014
2014-10-17,2.176999881863594
2014-10-20,2.160999994724989
2014-10-21,2.18999994546175
2014-10-22,2.2140000918880105
2014-10-23,2.2600000957027078
2014-10-24,2.2680000020191073
2014-10-27,2.2519999695941806
2014-10-28,2.2689999202266335
2014-10-29,2.307999954558909
2014-10-30,2.302000066731125
2014-10-31,2.3320000381208956
2014-11-03,2.3450000495649874
2014-11-04,2.320000007748604
2014-11-05,2.329999905079603
2014-11-06,2.3570000007748604
2014-11-07,2.2940000370144844
2014-11-10,2.3439999679103494
2014-11-11,2.3449998954311013
2014-11-12,2.3459999673068523
2014-11-13,2.341999883763492
2014-11-14,2.316999933216721
2014-11-17,2.329999914392829
2014-11-18,2.307000027038157
2014-11-19,2.3360000709071755
2014-11-20,2.320000038482249
2014-11-21,2.312000057194382
2014-11-24,2.3049999428912997
2014-11-25,2.241999991238117
2014-11-26,2.2239999677985907
2014-11-28,2.1890000058338046
2014-12-01,2.2109999349340796
2014-12-02,2.2700000861659646
2014-12-03,2.281999940983951
2014-12-04,2.243999969214201
2014-12-05,2.2969999220222235
2014-12-08,2.2519999695941806
2014-12-09,2.192000027745962
2014-12-10,2.1439999099820852
2014-12-11,2.1559999734163284
2014-12-12,2.0879999259486794
2014-12-15,2.1059999372810125
2014-12-16,2.041000099852681
2014-12-17,2.1280000023543835
2014-12-18,2.1709999963641167
2014-12-19,2.151000117883086
2014-12-22,2.1469999412074685
2014-12-23,2.2369999699294567
2014-12-24,2.2439999394118786
2014-12-26,2.2400000002235174
2014-12-29,2.2040000171400607
2014-12-30,2.170000057667494
2014-12-31,2.133000075817108
2015-01-02,2.107999906875193
2015-01-05,2.0360000343061984
2015-01-06,1.9430000595748425
2015-01-07,1.9339999966323376
2015-01-08,1.9980000331997871
2015-01-09,1.9559999564662576
2015-01-12,1.8989999406039715
2015-01-13,1.8669999856501818
2015-01-14,1.812000012025237
2015-01-15,1.7519999761134386
2015-01-16,1.7970000579953194
2015-01-20,1.799000040628016
2015-01-21,1.8330000452697277
2015-01-22,1.8810000279918313
2015-01-23,1.8040000312030315
2015-01-26,1.82299994956702
2015-01-27,1.8070000484585762
2015-01-28,1.7089999774470925
2015-01-29,1.741000046953559
2015-01-30,1.6699999524280429
2015-02-02,1.6679999781772494
2015-02-03,1.7649999717250466
2015-02-04,1.7920000506564975
2015-02-05,1.8070000568404794
2015-02-06,1.922999964095652
2015-02-09,1.9449999541975558
2015-02-10,1.9860000563785434
2015-02-11,1.9830000353977084
2015-02-12,1.977999941445887
2015-02-13,2.0159999085590243
2015-02-17,2.136999980546534
2015-02-18,2.05299998447299
2015-02-19,2.0999999158084393
2015-02-20,2.1229998972266912
2015-02-23,2.044000015594065
2015-02-24,1.97000003606081
2015-02-25,1.9539999822154641
2015-02-26,2.003000032156706
2015-02-27,1.9940000930801034
2015-03-02,2.0790001107379794
2015-03-03,2.108999978750944
2015-03-04,2.1129999067634344
2015-03-05,2.108999988529831
2015-03-06,2.235000009648502
2015-03-09,2.1899999333545566
2015-03-10,2.1159999277442694
2015-03-11,2.0959999673068523
2015-03-12,2.077999956905842
2015-03-13,2.0889999885112047
2015-03-16,2.0680000502616167
2015-03-17,2.0100000873208046
2015-03-18,1.912999976426363
2015-03-19,1.9669999983161688
2015-03-20,1.9269999475218356
2015-03-23,1.9119999618269503
2015-03-24,1.863000021316111
2015-03-25,1.9019999578595161
2015-03-26,1.9789999686181545
2015-03-27,1.917999954894185
2015-03-30,1.9400000590831041
2015-03-31,1.90900001488626
2015-04-01,1.835000030696392
2015-04-02,1.894000044092536
2015-04-06,1.9010000438429415
2015-04-07,1.8780000070109963
2015-04-08,1.876999981701374
2015-04-09,1.9379999451339245
2015-04-10,1.935999975539744
2015-04-13,1.9340000106021762
2015-04-14,1.894000044092536
2015-04-15,1.8849999764934182
2015-04-16,1.8680000212043524
2015-04-17,1.837000023573637
2015-04-20,1.8819999806582928
2015-04-21,1.8960000090301037
2015-04-22,1.9520000033080578
2015-04-23,1.9270000271499157
2015-04-24,1.9020000556483865
2015-04-27,1.9110000245273113
2015-04-28,1.9600000493228436
2015-04-29,2.0320000858046114
2015-04-30,2.041000003926456
2015-05-01,2.114000102970749
2015-05-04,2.13199999043718
2015-05-05,2.1680001178756356
2015-05-06,2.2300000097602606
2015-05-07,2.1790000153705478
2015-05-08,2.1470000953413546
2015-05-11,2.2689999295398593
2015-05-12,2.246999990195036
2015-05-13,2.272000065073371
2015-05-14,2.2290000822395086
2015-05-15,2.131000032648444
2015-05-18,2.2199999252334237
2015-05-19,2.2520000841468573
2015-05-20,2.237999927252531
2015-05-21,2.17199994251132
2015-05-22,2.204999914392829
2015-05-26,2.1270000841468573
2015-05-27,2.121999990195036
2015-05-28,2.127000114414841
2015-05-29,2.0920000285841525
2015-06-01,2.1839999118819833
2015-06-02,2.256000032648444
2015-06-03,2.3559999372810125
2015-06-04,2.3019999219104648
2015-06-05,2.391999950632453
2015-06-08,2.3710000421851873
2015-06-09,2.4040000550448895
2015-06-10,2.4649999253451824
2015-06-11,2.374999896623194
2015-06-12,2.3799999905750155
2015-06-15,2.3550000400282443
2015-06-16,2.3100000778213143
2015-06-17,2.302999994251877
2015-06-18,2.3480000705458224
2015-06-19,2.2639999599196017
2015-06-22,2.356999895069748
2015-06-23,2.400999919511378
2015-06-24,2.366000051610172
2015-06-25,2.3879998875781894
2015-06-26,2.471000070683658
2015-06-29,2.3260000897571445
2015-06-30,2.32500003837049
2015-07-01,2.4149999828077853
2015-07-02,2.3899998874403536
2015-07-06,2.2730001164600253
2015-07-07,2.2209999468177557
2015-07-08,2.196000089868903
2015-07-09,2.2930001178756356
2015-07-10,2.4090000549331307
2015-07-13,2.4220000663772225
2015-07-14,2.388999929651618
2015-07-15,2.3369999043643475
2015-07-16,2.341999998316169
2015-07-17,2.3359999768435955
2015-07-20,2.3489999789744616
2015-07-21,2.3099999148398638
2015-07-22,2.292000027373433
2015-07-23,2.246999951079488
2015-07-24,2.240999909117818
2015-07-27,2.199999924749136
2015-07-28,2.206999998539686
2015-07-29,2.234000042080879
2015-07-30,2.207999888807535
2015-07-31,2.1469999253749847
2015-08-03,2.0870000943541527
2015-08-04,2.1359999626874924
2015-08-05,2.1929998844861984
2015-08-06,2.205999966710806
2015-08-07,2.1199999526143074
2015-08-10,2.172999918460846
2015-08-11,2.0390000864863396
2015-08-12,2.0400001108646393
2015-08-13,2.105999894440174
2015-08-14,2.1160001009702682
2015-08-17,2.090000096708536
2015-08-18,2.1110000982880592
2015-08-19,2.0889999493956566
2015-08-20,2.069000110961497
2015-08-21,2.033999901264906
2015-08-24,1.9819999793544412
2015-08-25,2.0799998976290226
2015-08-26,2.1169999316334724
2015-08-27,2.1179999820888042
2015-08-28,2.136000107973814
2015-08-31,2.197000047657639
2015-09-01,2.1339999325573444
2015-09-02,2.168000077828765
2015-09-03,2.1529999831691384
2015-09-04,2.103000020608306
2015-09-08,2.169000005349517
2015-09-09,2.1459999941289425
2015-09-10,2.2069998839870095
2015-09-11,2.1600000876933336
2015-09-14,2.155000066384673
2015-09-15,2.2229999005794525
2015-09-16,2.249999973922968
2015-09-17,2.2140000076033175
2015-09-18,2.1200001146644354
2015-09-21,2.2009999863803387
2015-09-22,2.121999999973923
2015-09-23,2.1410000533796847
2015-09-24,2.1149998856708407
2015-09-25,2.147999983280897
2015-09-28,2.0820000283420086
2015-09-29,2.050999900791794
2015-09-30,2.0549999428912997
2015-10-01,2.0240000560879707
2015-10-02,1.980999962426722
2015-10-05,2.0479999938979745
2015-10-06,2.030000085942447
2015-10-07,2.0570000363513827
2015-10-08,2.1050000400282443
2015-10-09,2.0959999770857394
2015-10-12,2.079999914392829
2015-10-13,2.050000066868961
2015-10-14,1.9709999468177557
2015-10-15,2.0180000020191073
2015-10-16,2.0180000020191073
2015-10-19,2.0230001164600253
2015-10-20,2.0610000994056463
2015-10-21,2.024999971501529
2015-10-22,2.0200000954791903
2015-10-23,2.0799999446608126
2015-10-26,2.0500000873580575
2015-10-27,2.018000116571784
2015-10-28,2.057000007480383
2015-10-29,2.120000097900629
2015-10-30,2.0830000191926956
2015-11-02,2.134000036865473
2015-11-03,2.1620000302791595
2015-11-04,2.1750000193715096
2015-11-05,2.2049998864531517
2015-11-06,2.2599999457597733
2015-11-09,2.2670000046491623
2015-11-10,2.197000026702881
2015-11-11,2.215000055730343
2015-11-12,2.196000002324581
2015-11-13,2.166999973356724
2015-11-16,2.1750000044703484
2015-11-17,2.1259999126195908
2015-11-18,2.146000050008297
2015-11-19,2.159999907016754
2015-11-20,2.169000081717968
2015-11-23,2.1450000032782555
2015-11-24,2.090000033378601
2015-11-25,2.0570001155138016
2015-11-27,2.064999908208847
2015-11-30,2.047999933362007
2015-12-01,1.9519999772310257
2015-12-02,1.977999970316887
2015-12-03,2.1319999247789383
2015-12-04,2.070000097155571
2015-12-07,1.9899999052286148
2015-12-08,1.96999990940094
2015-12-09,1.962999939918518
2015-12-10,2.009000077843666
2015-12-11,1.925999939441681
2015-12-14,2.026999905705452
2015-12-15,2.0179998874664307
2015-12-16,2.051999941468239
2015-12-17,2.0249999165534973
2015-12-18,2.023999884724617
2015-12-21,2.044000029563904
2015-12-22,2.0460000783205032
2015-12-23,2.0739999413490295
2015-12-24,2.060000032186508
2015-12-28,2.034999907016754
2015-12-29,2.0919999182224274
2015-12-30,2.1079999804496765
2015-12-31,2.121000051498413
2016-01-04,2.089999884366989
2016-01-05,2.0429999083280563
2016-01-06,1.9720000475645065
2016-01-07,1.9630001187324524
2016-01-08,1.9400001168251038
2016-01-11,1.9829999953508377
2016-01-12,1.8920000046491623
2016-01-13,1.8509999811649323
2016-01-14,1.8580000549554825
2016-01-15,1.8099999874830246
2016-01-19,1.8050000816583633
2016-01-20,1.7309999763965607
2016-01-21,1.746000051498413
2016-01-22,1.7600001096725464
2016-01-25,1.7470000684261322
2016-01-26,1.6939999461174011
2016-01-27,1.700999915599823
2016-01-28,1.667000025510788
2016-01-29,1.6309999823570251
2016-02-01,1.6709999740123749
2016-02-02,1.5339999496936798
2016-02-03,1.5480000376701355
2016-02-04,1.5809999704360962
2016-02-05,1.5700000524520874
2016-02-08,1.475000023841858
2016-02-09,1.4289999604225159
2016-02-10,1.4070000350475311
2016-02-11,1.371000051498413
2016-02-12,1.4780000150203705
2016-02-16,1.5049999952316284
2016-02-17,1.5259999930858612
2016-02-18,1.4709999561309814
2016-02-19,1.465000033378601
2016-02-22,1.473000019788742
2016-02-23,1.4270000159740448
2016-02-24,1.4269999861717224
2016-02-25,1.387000024318695
2016-02-26,1.4589999616146088
2016-02-29,1.4320000112056732
2016-03-01,1.5139999985694885
2016-03-02,1.545000046491623
2016-03-03,1.5670000314712524
2016-03-04,1.6180000305175781
2016-03-07,1.6369999647140503
2016-03-08,1.5270000100135803
2016-03-09,1.6039999723434448
2016-03-10,1.6260000169277191
2016-03-11,1.6689999997615814
2016-03-14,1.6550000607967377
2016-03-15,1.63400000333786
2016-03-16,1.637999951839447
2016-03-17,1.6279999911785126
2016-03-18,1.5910000503063202
2016-03-21,1.6349999904632568
2016-03-22,1.6399999558925629
2016-03-23,1.5819999873638153
2016-03-24,1.6249999701976776
2016-03-28,1.6150000095367432
2016-03-29,1.589000016450882
2016-03-30,1.6450000405311584
2016-03-31,1.5930000096559525
2016-04-01,1.574000060558319
2016-04-04,1.5960000455379486
2016-04-05,1.50900000333786
2016-04-06,1.5349999964237213
2016-04-07,1.4709999859333038
2016-04-08,1.5020000338554382
2016-04-11,1.5139999836683273
2016-04-12,1.5510000139474869
2016-04-13,1.5389999598264694
2016-04-14,1.5660000145435333
2016-04-15,1.5419999808073044
2016-04-18,1.5750000029802322
2016-04-19,1.5679999887943268
2016-04-20,1.6359999775886536
2016-04-21,1.645000010728836
2016-04-22,1.6630000174045563
2016-04-25,1.6639999449253082
2016-04-26,1.6859999895095825
2016-04-27,1.6150000095367432
2016-04-28,1.6280000656843185
2016-04-29,1.626000002026558
2016-05-02,1.6800000071525574
2016-05-03,1.5969999581575394
2016-05-04,1.5860000401735306
2016-05-05,1.563999980688095
2016-05-06,1.5990000367164612
2016-05-09,1.556999996304512
2016-05-10,1.516999989748001
2016-05-11,1.488999992609024
2016-05-12,1.4989999830722809
2016-05-13,1.4470000565052032
2016-05-16,1.495000034570694
2016-05-17,1.4909999370574951
2016-05-18,1.6099999845027924
2016-05-19,1.5550000369548798
2016-05-20,1.5509999692440033
2016-05-23,1.5250000655651093
2016-05-24,1.515999972820282
2016-05-25,1.5550000071525574
2016-05-26,1.5479999482631683
2016-05-27,1.5529999434947968
2016-05-31,1.5509999990463257
2016-06-01,1.5509999692440033
2016-06-02,1.5409999787807465
2016-06-03,1.4339999854564667
2016-06-06,1.4730000495910645
2016-06-07,1.4480000734329224
2016-06-08,1.4709999710321426
2016-06-09,1.4399999529123306
2016-06-10,1.3990000635385513
2016-06-13,1.371000051498413
2016-06-14,1.347999930381775
2016-06-15,1.340999960899353
2016-06-16,1.319000005722046
2016-06-17,1.370000034570694
2016-06-20,1.4219999611377716
2016-06-21,1.4320000410079956
2016-06-22,1.4169999361038208
2016-06-23,1.4639999568462372
2016-06-24,1.3409999907016754
2016-06-27,1.225000038743019
2016-06-28,1.2009999752044678
2016-06-29,1.222000002861023
2016-06-30,1.2400000393390656
2016-07-01,1.2129999697208405
2016-07-05,1.1289999783039093
2016-07-06,1.121999979019165
2016-07-07,1.1169999539852142
2016-07-08,1.093000054359436
2016-07-11,1.1590000092983246
2016-07-12,1.2180000245571136
2016-07-13,1.170000046491623
2016-07-14,1.2280000150203705
2016-07-15,1.2959999740123749
2016-07-18,1.2990000247955322
2016-07-19,1.2479999661445618
2016-07-20,1.26500004529953
2016-07-21,1.2620000541210175
2016-07-22,1.2670000493526459
2016-07-25,1.2729999721050262
2016-07-26,1.254999965429306
2016-07-27,1.2319999933242798
2016-07-28,1.2910000383853912
2016-07-29,1.2179999500513077
2016-08-01,1.2580000460147858
2016-08-02,1.2569999396800995
2016-08-03,1.2740000486373901
2016-08-04,1.2550000250339508
2016-08-05,1.3320000171661377
2016-08-08,1.3329999446868896
2016-08-09,1.251999944448471
2016-08-10,1.2359999418258667
2016-08-11,1.2979999482631683
2016-08-12,1.2519999742507935
2016-08-15,1.2779999673366547
2016-08-16,1.2879999876022339
2016-08-17,1.2730000019073486
2016-08-18,1.2510000169277191
2016-08-19,1.2849999368190765
2016-08-22,1.2590000331401825
2016-08-23,1.2479999661445618
2016-08-24,1.2540000081062317
2016-08-25,1.272000014781952
2016-08-26,1.3299999833106995
2016-08-29,1.2609999775886536
2016-08-30,1.2450000643730164
2016-08-31,1.2479999661445618
2016-09-01,1.2550000548362732
2016-09-02,1.29299995303154
2016-09-06,1.2399999797344208
2016-09-07,1.210999995470047
2016-09-08,1.2830000519752502
2016-09-09,1.3390000462532043
2016-09-12,1.3220000565052032
2016-09-13,1.3889999687671661
2016-09-14,1.3740000128746033
2016-09-15,1.4249999523162842
2016-09-16,1.4279999732971191
2016-09-19,1.457999974489212
2016-09-20,1.399999976158142
2016-09-21,1.4449999779462814
2016-09-22,1.4719999730587006
2016-09-23,1.4500000029802322
2016-09-26,1.4159999936819077
2016-09-27,1.3009999990463257
2016-09-28,1.3040000200271606
2016-09-29,1.322000041604042
2016-09-30,1.3480000495910645
2016-10-03,1.3339999914169312
2016-10-04,1.3679999709129333
2016-10-05,1.4029999673366547
2016-10-06,1.4319999814033508
2016-10-07,1.425999939441681
2016-10-10,1.4150000512599945
2016-10-11,1.4389999508857727
2016-10-12,1.4379999935626984
2016-10-13,1.4630000293254852
2016-10-14,1.504000037908554
2016-10-17,1.4710000455379486
2016-10-18,1.415999948978424
2016-10-19,1.4289999604225159
2016-10-20,1.4269999861717224
2016-10-21,1.425000011920929
2016-10-24,1.4500000178813934
2016-10-25,1.4330000281333923
2016-10-26,1.476999968290329
2016-10-27,1.5680000483989716
2016-10-28,1.5720000267028809
2016-10-31,1.539000004529953
2016-11-01,1.4750000536441803
2016-11-02,1.4540000259876251
2016-11-03,1.4540000259876251
2016-11-04,1.4249999821186066
2016-11-07,1.437999963760376
2016-11-08,1.44200000166893
2016-11-09,1.6540000140666962
2016-11-10,1.6590000987052917
2016-11-14,1.7189998626708984
2016-11-15,1.7499999105930328
2016-11-16,1.7700000405311584
2016-11-17,1.8560000360012054
2016-11-18,1.917000025510788
2016-11-21,1.9189999997615814
2016-11-22,1.8460001051425934
2016-11-23,1.8720000982284546
2016-11-25,1.891999989748001
2016-11-28,1.8699999451637268
2016-11-29,1.834000051021576
2016-11-30,1.9000000357627869
2016-12-01,1.9829999804496765
2016-12-02,1.935000091791153
2016-12-05,1.9340000748634338
2016-12-06,1.9109998941421509
2016-12-07,1.858999878168106
2016-12-08,1.8970000743865967
2016-12-09,1.944000005722046
2016-12-12,1.9790000915527344
2016-12-13,1.9579999446868896
2016-12-14,2.002000093460083
2016-12-15,2.0919999182224274
2016-12-16,2.1119998693466187
2016-12-19,2.0640000700950623
2016-12-20,2.055000066757202
2016-12-21,2.0429999828338623
2016-12-22,2.0599999725818634
2016-12-23,2.0429999828338623
2016-12-27,2.0679999589920044
2016-12-28,2.0110000371932983
2016-12-29,2.037000000476837
2016-12-30,1.966000109910965
2017-01-03,1.9750000536441803
2017-01-04,1.9339998960494995
2017-01-05,1.8600000143051147
2017-01-06,1.9149999618530273
2017-01-09,1.8909999132156372
2017-01-10,1.875999927520752
2017-01-11,1.8719998896121979
2017-01-12,1.8580000400543213
2017-01-13,1.8670001029968262
2017-01-17,1.813999891281128
2017-01-18,1.8739999532699585
2017-01-19,1.9560000896453857
2017-01-20,1.9870000183582306
2017-01-23,1.930000126361847
2017-01-24,1.9779999554157257
2017-01-25,2.0399999916553497
2017-01-26,2.0199998915195465
2017-01-27,1.9829999506473541
2017-01-30,1.9880000352859497
2017-01-31,1.9509999752044678
2017-02-01,1.9739999771118164
2017-02-02,1.9820000231266022
2017-02-03,2.002999931573868
2017-02-06,1.9100000858306885
2017-02-07,1.8639999628067017
2017-02-08,1.8260000944137573
2017-02-09,1.8669999837875366
2017-02-10,1.8859999179840088
2017-02-13,1.9110000133514404
2017-02-14,1.9350000023841858
2017-02-15,1.9820001125335693
2017-02-16,1.9420000314712524
2017-02-17,1.9169999361038208
2017-02-21,1.9220000505447388
2017-02-22,1.9079999923706055
2017-02-23,1.8900000154972076
2017-02-24,1.8189999163150787
2017-02-27,1.878999948501587
2017-02-28,1.8350000381469727
2017-03-01,1.8480000495910645
2017-03-02,1.8440001010894775
2017-03-03,1.8090000748634338
2017-03-06,1.7889999747276306
2017-03-07,1.775999903678894
2017-03-08,1.8440000414848328
2017-03-09,1.8850000500679016
2017-03-10,1.8569999933242798
2017-03-13,1.8800000548362732
2017-03-14,1.8420000076293945
2017-03-15,1.7929999232292175
2017-03-16,1.8140000700950623
2017-03-17,1.7929999232292175
2017-03-20,1.7630000710487366
2017-03-21,1.683000087738037
2017-03-22,1.647999882698059
2017-03-23,1.6699999570846558
2017-03-24,1.652000069618225
2017-03-27,1.6149998903274536
2017-03-28,1.6359999179840088
2017-03-29,1.6309999227523804
2017-03-30,1.657999873161316
2017-03-31,1.6579999327659607
2017-04-03,1.6099998950958252
2017-04-04,1.5699999332427979
2017-04-05,1.5770001411437988
2017-04-06,1.5549999475479126
2017-04-07,1.5749999284744263
2017-04-10,1.5730000734329224
2017-04-11,1.4980000853538513
2017-04-12,1.503000020980835
2017-04-13,1.4420000910758972
2017-04-17,1.4620000720024109
2017-04-18,1.3739998936653137
2017-04-19,1.416999876499176
2017-04-20,1.4709999561309814
2017-04-21,1.4739999771118164
2017-04-24,1.503000020980835
2017-04-25,1.5189998745918274
2017-04-26,1.508000135421753
2017-04-27,1.5109999775886536
2017-04-28,1.502000093460083
2017-05-01,1.5400000214576721
2017-05-02,1.453000009059906
2017-05-03,1.4610000252723694
2017-05-04,1.500999927520752
2017-05-05,1.484000027179718
2017-05-08,1.5059999227523804
2017-05-09,1.5170000791549683
2017-05-10,1.5390000343322754
2017-05-11,1.540000081062317
2017-05-12,1.4800000190734863
2017-05-15,1.4750000834465027
2017-05-16,1.4390000104904175
2017-05-17,1.3410000801086426
2017-05-18,1.340000033378601
2017-05-19,1.3569998741149902
2017-05-22,1.375999927520752
2017-05-23,1.3720000982284546
2017-05-24,1.3610000610351562
2017-05-25,1.3470001220703125
2017-05-26,1.3399999737739563
2017-05-30,1.3069999814033508
2017-05-31,1.2460001111030579
2017-06-01,1.268999993801117
2017-06-02,1.2059999108314514
2017-06-05,1.2339999079704285
2017-06-06,1.1890000700950623
2017-06-07,1.2049999833106995
2017-06-08,1.2210000157356262
2017-06-09,1.2189998626708984
2017-06-12,1.240000069141388
2017-06-13,1.2240000367164612
2017-06-14,1.1550000309944153
2017-06-15,1.168999969959259
2017-06-16,1.1720000505447388
2017-06-19,1.2050000429153442
2017-06-20,1.1600001454353333
2017-06-21,1.1869999766349792
2017-06-22,1.2200000882148743
2017-06-23,1.2110000252723694
2017-06-26,1.2040000557899475
2017-06-27,1.2079999446868896
2017-06-28,1.2359999418258667
2017-06-29,1.2639999389648438
2017-06-30,1.3090000748634338
2017-07-03,1.3459999561309814
2017-07-05,1.314000129699707
2017-07-06,1.3619998693466187
2017-07-07,1.3849998712539673
2017-07-10,1.3580000400543213
2017-07-11,1.3289999961853027
2017-07-12,1.303999900817871
2017-07-13,1.3350000381469727
2017-07-14,1.3109999895095825
2017-07-17,1.2890000343322754
2017-07-18,1.2230000495910645
2017-07-19,1.182999849319458
2017-07-20,1.152999997138977
2017-07-21,1.0940001010894775
2017-07-24,1.1039999723434448
2017-07-25,1.1829999685287476
2017-07-26,1.187000036239624
2017-07-27,1.2319999933242798
2017-07-28,1.2360000610351562
2017-07-31,1.2390000820159912
2017-08-01,1.1929999589920044
2017-08-02,1.2120001316070557
2017-08-03,1.1699999570846558
2017-08-04,1.2139999866485596
2017-08-07,1.2239999771118164
2017-08-08,1.253000020980835
2017-08-09,1.215999960899353
2017-08-10,1.1939998865127563
2017-08-11,1.1759998798370361
2017-08-14,1.2160000801086426
2017-08-15,1.2580000162124634
2017-08-16,1.2410000562667847
2017-08-17,1.2209998965263367
2017-08-18,1.206000030040741
2017-08-21,1.2150000929832458
2017-08-22,1.21999990940094
2017-08-23,1.190999984741211
2017-08-24,1.1959999799728394
2017-08-25,1.1739999055862427
2017-08-28,1.153999924659729
2017-08-29,1.125999927520752
2017-08-30,1.1449998617172241
2017-08-31,1.143000066280365
2017-09-01,1.1720000505447388
2017-09-05,1.0869999527931213
2017-09-06,1.0700000524520874
2017-09-07,1.0380001068115234
2017-09-08,1.0410001277923584
2017-09-11,1.1050000190734863
2017-09-12,1.152999997138977
2017-09-13,1.1769999265670776
2017-09-14,1.1690000295639038
2017-09-15,1.191999912261963
2017-09-18,1.2290000915527344
2017-09-19,1.225000023841858
2017-09-20,1.2569999694824219
2017-09-21,1.2700001001358032
2017-09-22,1.2590000629425049
2017-09-25,1.222000002861023
2017-09-26,1.186000108718872
2017-09-27,1.2710000276565552
2017-09-28,1.2790000438690186
2017-09-29,1.2979999780654907
2017-10-02,1.3239998817443848
2017-10-03,1.2990001440048218
2017-10-04,1.2869999408721924
2017-10-05,1.306999921798706
2017-10-06,1.3269999027252197
2017-10-09,1.3160001039505005
2017-10-10,1.290000081062317
2017-10-11,1.277000069618225
2017-10-12,1.2699999809265137
2017-10-13,1.2300000190734863
2017-10-16,1.2519999742507935
2017-10-17,1.2250001430511475
2017-10-18,1.2710000276565552
2017-10-19,1.25600004196167
2017-10-20,1.305999994277954
2017-10-23,1.3059998750686646
2017-10-24,1.307999849319458
2017-10-25,1.3610000610351562
2017-10-26,1.3719998598098755
2017-10-27,1.3550000190734863
2017-10-30,1.2949998378753662
2017-10-31,1.2529999017715454
2017-11-01,1.2379999160766602
2017-11-02,1.2089998722076416
2017-11-03,1.1949999332427979
2017-11-06,1.1619999408721924
2017-11-07,1.11899995803833
2017-11-08,1.1299999952316284
2017-11-09,1.1280001401901245
2017-11-10,1.2000000476837158
2017-11-13,1.2150001525878906
2017-11-14,1.1410000324249268
2017-11-15,1.1050000190734863
2017-11-16,1.13100004196167
2017-11-17,1.1140000820159912
2017-11-20,1.1319999694824219
2017-11-21,1.084999918937683
2017-11-22,1.0570000410079956
2017-11-24,1.0999999046325684
2017-11-27,1.1050000190734863
2017-11-28,1.0730000734329224
2017-11-29,1.1179999113082886
2017-11-30,1.1790000200271606
2017-12-01,1.1269999742507935
2017-12-04,1.1339999437332153
2017-12-05,1.0729999542236328
2017-12-06,1.066999912261963
2017-12-07,1.1159999370574951
2017-12-08,1.1299998760223389
2017-12-11,1.121999979019165
2017-12-12,1.0930001735687256
2017-12-13,1.0759999752044678
2017-12-14,1.062999963760376
2017-12-15,1.0700000524520874
2017-12-18,1.0769999027252197
2017-12-19,1.1100000143051147
2017-12-20,1.1469999551773071
2017-12-21,1.1609998941421509
2017-12-22,1.1869999170303345
2017-12-26,1.1640000343322754
2017-12-27,1.00600004196167
2017-12-28,1.0619999170303345
2017-12-29,1.0499999523162842
2018-01-02,1.0869998931884766
2018-01-03,1.0770000219345093
2018-01-04,1.0830000638961792
2018-01-05,1.1060000658035278
2018-01-08,1.100000023841858
2018-01-09,1.13100004196167
2018-01-10,1.1549999713897705
2018-01-11,1.1279999017715454
2018-01-12,1.1420000791549683
2018-01-16,1.1489999294281006
2018-01-17,1.1630001068115234
2018-01-18,1.2060000896453857
2018-01-19,1.2340000867843628
2018-01-22,1.274999976158142
2018-01-23,1.2110000848770142
2018-01-24,1.2440000772476196
2018-01-25,1.2280000448226929
2018-01-26,1.2739999294281006
2018-01-29,1.3239998817443848
2018-01-30,1.3010001182556152
2018-01-31,1.290000081062317
2018-02-01,1.3200000524520874
2018-02-02,1.4040000438690186
2018-02-05,1.3359999656677246
2018-02-06,1.279999852180481
2018-02-07,1.3290001153945923
2018-02-08,1.3360000848770142
2018-02-09,1.3040000200271606
2018-02-12,1.3220001459121704
2018-02-13,1.2699998617172241
2018-02-14,1.3630001544952393
2018-02-15,1.3310000896453857
2018-02-16,1.3070000410079956
2018-02-20,1.3199999332427979
2018-02-21,1.3350000381469727
2018-02-22,1.312000036239624
2018-02-23,1.2660000324249268
2018-02-26,1.250999927520752
2018-02-27,1.2730000019073486
2018-02-28,1.25
2018-03-01,1.21399986743927
2018-03-02,1.252000093460083
2018-03-05,1.25600004196167
2018-03-06,1.2340000867843628
2018-03-07,1.2329999208450317
2018-03-08,1.2309999465942383
2018-03-09,1.2590000629425049
2018-03-12,1.2269998788833618
2018-03-13,1.1579999923706055
2018-03-14,1.0989998579025269
2018-03-15,1.0929999351501465
2018-03-16,1.1100000143051147
2018-03-19,1.1169999837875366
2018-03-20,1.1209999322891235
2018-03-21,1.1970000267028809
2018-03-22,1.1490000486373901
2018-03-23,1.1419999599456787
2018-03-26,1.1379998922348022
2018-03-27,1.0529999732971191
2018-03-28,1.0800000429153442
2018-03-29,1.0709999799728394
2018-04-02,1.0490001440048218
2018-04-03,1.0709998607635498
2018-04-04,1.1200001239776611
2018-04-05,1.1570000648498535
2018-04-06,1.095000147819519
2018-04-09,1.1110000610351562
2018-04-10,1.1019998788833618
2018-04-11,1.097000002861023
2018-04-12,1.1290000677108765
2018-04-13,1.1109999418258667
2018-04-16,1.11899995803833
2018-04-17,1.0589998960494995
2018-04-18,1.0970001220703125
2018-04-19,1.13100004196167
2018-04-20,1.1859999895095825
2018-04-23,1.190000057220459
2018-04-24,1.1600000858306885
2018-04-25,1.2089998722076416
2018-04-26,1.2050000429153442
2018-04-27,1.187000036239624
2018-04-30,1.1730000972747803
2018-05-01,1.1660001277923584
2018-05-02,1.1790000200271606
2018-05-03,1.158000111579895
2018-05-04,1.1510000228881836
2018-05-07,1.1570000648498535
2018-05-08,1.1340000629425049
2018-05-09,1.1589999198913574
2018-05-10,1.125999927520752
2018-05-11,1.1109999418258667
2018-05-14,1.1399998664855957
2018-05-15,1.2049999237060547
2018-05-16,1.2300000190734863
2018-05-17,1.2459999322891235
2018-05-18,1.2119998931884766
2018-05-21,1.2020000219345093
2018-05-22,1.1720000505447388
2018-05-23,1.1299999952316284
2018-05-24,1.1209999322891235
2018-05-25,1.0779999494552612
2018-05-29,0.9279998540878296
2018-05-30,0.9639999866485596
2018-05-31,0.9520000219345093
2018-06-01,1.0269999504089355
2018-06-04,1.0720000267028809
2018-06-05,1.0159999132156372
2018-06-06,1.0749999284744263
2018-06-07,1.0480000972747803
2018-06-08,1.0570000410079956
2018-06-11,1.0889999866485596
2018-06-12,1.069000005722046
2018-06-13,1.0820000171661377
2018-06-14,1.0630000829696655
2018-06-15,1.0360000133514404
2018-06-18,1.0430001020431519
2018-06-19,0.994999885559082
2018-06-20,1.0399999618530273
2018-06-21,1.0070000886917114
2018-06-22,1.03000009059906
2018-06-25,1.0219999551773071
2018-06-26,0.9870001077651978
2018-06-27,0.9469999074935913
2018-06-28,0.966999888420105
2018-06-29,0.968999981880188
2018-07-02,0.9709999561309814
2018-07-03,0.9050000905990601
2018-07-05,0.9299999475479126
2018-07-06,0.9260001182556152
2018-07-09,0.9449999332427979
2018-07-10,0.937999963760376
2018-07-11,0.9220000505447388
2018-07-12,0.9249999523162842
2018-07-13,0.9030001163482666
2018-07-16,0.9200000762939453
2018-07-17,0.8890000581741333
2018-07-18,0.9149999618530273
2018-07-19,0.8989999294281006
2018-07-20,0.9620000123977661
2018-07-23,1.0449999570846558
2018-07-24,0.9889998435974121
2018-07-25,0.9830001592636108
2018-07-26,1.029999852180481
2018-07-27,1.0149999856948853
2018-07-30,1.029999852180481
2018-07-31,0.9789999723434448
2018-08-01,1.024999976158142
2018-08-02,1.0210000276565552
2018-08-03,0.9930000305175781
2018-08-06,0.9699999094009399
2018-08-07,0.9650001525878906
2018-08-08,0.9630000591278076
2018-08-09,0.929999828338623
2018-08-10,0.8570001125335693
2018-08-13,0.8820000886917114
2018-08-14,0.8619999885559082
2018-08-15,0.8320000171661377
2018-08-16,0.8559999465942383
2018-08-17,0.8779999017715454
2018-08-20,0.8299999237060547
2018-08-21,0.8090000152587891
2018-08-22,0.7879998683929443
2018-08-23,0.7880001068115234
2018-08-24,0.7779998779296875
2018-08-27,0.7880001068115234
2018-08-28,0.8059999942779541
2018-08-29,0.8040001392364502
2018-08-30,0.8019998073577881
2018-08-31,0.7979998588562012
2018-09-04,0.8339998722076416
2018-09-05,0.812000036239624
2018-09-06,0.7990000247955322
2018-09-07,0.8539998531341553
2018-09-10,0.8540000915527344
2018-09-11,0.8689999580383301
2018-09-12,0.8580000400543213
2018-09-13,0.8700001239776611
2018-09-14,0.8910000324249268
2018-09-17,0.8929998874664307
2018-09-18,0.9230000972747803
2018-09-19,0.9630000591278076
2018-09-20,0.9600000381469727
2018-09-21,0.945000171661377
2018-09-24,0.9550001621246338
2018-09-25,0.9340000152587891
2018-09-26,0.9010000228881836
2018-09-27,0.9159998893737793
2018-09-28,0.9059998989105225
2018-10-01,0.9249999523162842
2018-10-02,0.8810000419616699
2018-10-03,0.9909999370574951
2018-10-04,1.0269999504089355
2018-10-05,1.059999942779541
2018-10-08,1.068000078201294
2018-10-09,1.0230000019073486
2018-10-10,1.0049998760223389
2018-10-11,0.9179999828338623
2018-10-12,0.9230000972747803
2018-10-15,0.9330000877380371
2018-10-16,0.8959999084472656
2018-10-17,0.9189999103546143
2018-10-18,0.9199998378753662
2018-10-19,0.937999963760376
2018-10-22,0.9380002021789551
2018-10-23,0.875999927520752
2018-10-24,0.8389999866485596
2018-10-25,0.8559999465942383
2018-10-26,0.8039999008178711
2018-10-29,0.8269999027252197
2018-10-30,0.8269999027252197
2018-10-31,0.8809998035430908
2018-11-01,0.874000072479248
2018-11-02,0.9409999847412109
2018-11-05,0.9330000877380371
2018-11-06,0.9040000438690186
2018-11-07,0.9030001163482666
2018-11-08,0.9309999942779541
2018-11-09,0.8889999389648438
2018-11-12,0.8860001564025879
2018-11-13,0.8499999046325684
2018-11-14,0.7949998378753662
2018-11-15,0.8080000877380371
2018-11-16,0.7739999294281006
2018-11-19,0.7569999694824219
2018-11-20,0.7130000591278076
2018-11-21,0.7110002040863037
2018-11-23,0.7059998512268066
2018-11-26,0.7290000915527344
2018-11-27,0.7020001411437988
2018-11-28,0.7089998722076416
2018-11-29,0.7250001430511475
2018-11-30,0.7049999237060547
2018-12-03,0.7039999961853027
2018-12-04,0.5590000152587891
2018-12-06,0.5230000019073486
2018-12-07,0.5099999904632568
2018-12-10,0.5260000228881836
2018-12-11,0.5090000629425049
2018-12-12,0.5309998989105225
2018-12-13,0.5480000972747803
2018-12-14,0.5230000019073486
2018-12-17,0.5170001983642578
2018-12-18,0.49699997901916504
2018-12-19,0.440000057220459
2018-12-20,0.45399999618530273
2018-12-21,0.46200013160705566
2018-12-24,0.4160001277923584
2018-12-26,0.41699981689453125
2018-12-27,0.39499998092651367
2018-12-28,0.40799999237060547
2018-12-31,0.3860001564025879
2019-01-02,0.29600000381469727
2019-01-03,0.19899988174438477
2019-01-04,0.30099987983703613
2019-01-07,0.32899999618530273
2019-01-08,0.31599998474121094
2019-01-09,0.3379998207092285
2019-01-10,0.3559999465942383
2019-01-11,0.33100008964538574
2019-01-14,0.35000014305114746
2019-01-15,0.3280000686645508
2019-01-16,0.3680000305175781
2019-01-17,0.3940000534057617
2019-01-18,0.43599987030029297
2019-01-22,0.38499999046325684
2019-01-23,0.40200018882751465
2019-01-24,0.4069998264312744
2019-01-25,0.4249999523162842
2019-01-28,0.41100001335144043
2019-01-29,0.3469998836517334
2019-01-30,0.3299999237060547
2019-01-31,0.2950000762939453
2019-02-01,0.3510000705718994
2019-02-04,0.38899993896484375
2019-02-05,0.33699989318847656
2019-02-06,0.33699989318847656
2019-02-07,0.2969999313354492
2019-02-08,0.2669999599456787
2019-02-11,0.28600001335144043
2019-02-12,0.3059999942779541
2019-02-13,0.33500003814697266
2019-02-14,0.2840001583099365
2019-02-15,0.29600000381469727
2019-02-19,0.2740001678466797
2019-02-20,0.2710001468658447
2019-02-21,0.2929999828338623
2019-02-22,0.26200008392333984
2019-02-25,0.2800002098083496
2019-02-26,0.23599982261657715
2019-02-27,0.3000001907348633
2019-02-28,0.3280000686645508
2019-03-01,0.377000093460083
2019-03-04,0.3469998836517334
2019-03-05,0.32199978828430176
2019-03-06,0.2869999408721924
2019-03-07,0.24099993705749512
2019-03-08,0.23200011253356934
2019-03-11,0.2629997730255127
2019-03-12,0.21000003814697266
2019-03-13,0.22300004959106445
2019-03-14,0.24200010299682617
2019-03-15,0.2049999237060547
2019-03-18,0.21700000762939453
2019-03-19,0.2090001106262207
2019-03-20,0.127000093460083
2019-03-21,0.12899994850158691
2019-03-22,0.056999921798706055
2019-03-25,0.029999971389770508
2019-03-26,0.009000062942504883
2019-03-27,-0.003999948501586914
2019-03-28,0.01900005340576172
2019-03-29,0.08599996566772461
2019-04-01,0.17400002479553223
2019-04-02,0.11100006103515625
2019-04-03,0.14400005340576172
2019-04-04,0.1420001983642578
2019-04-05,0.13100004196166992
2019-04-08,0.15400004386901855
2019-04-09,0.13400006294250488
2019-04-10,0.11400008201599121
2019-04-11,0.13899993896484375
2019-04-12,0.18499994277954102
2019-04-15,0.19300007820129395
2019-04-16,0.21399998664855957
2019-04-17,0.21199989318847656
2019-04-18,0.19499993324279785
2019-04-22,0.21499991416931152
2019-04-23,0.17999982833862305
2019-04-24,0.14700007438659668
2019-04-25,0.16899991035461426
2019-04-26,0.14500021934509277
2019-04-29,0.17600011825561523
2019-04-30,0.14100003242492676
2019-05-01,0.14800000190734863
2019-05-02,0.1790001392364502
2019-05-03,0.16299986839294434
2019-05-06,0.13700008392333984
2019-05-07,0.07999992370605469
2019-05-08,0.1120002269744873
2019-05-09,0.08700013160705566
2019-05-10,0.08500003814697266
2019-05-13,0.05500006675720215
2019-05-14,0.06599998474121094
2019-05-15,0.029000043869018555
2019-05-16,0.06699991226196289
2019-05-17,0.06299996376037598
2019-05-20,0.09599995613098145
2019-05-21,0.09600019454956055
2019-05-22,0.07299995422363281
2019-05-23,-0.006999969482421875
2019-05-24,0.03599977493286133
2019-05-28,-0.03000020980834961
2019-05-29,-0.06200003623962402
2019-05-30,-0.08299994468688965
2019-05-31,-0.1510000228881836
2019-06-03,-0.19899988174438477
2019-06-04,-0.17600011825561523
2019-06-05,-0.16200017929077148
2019-06-06,-0.13100004196166992
2019-06-07,-0.13099980354309082
2019-06-10,-0.07700014114379883
2019-06-11,-0.07299995422363281
2019-06-12,-0.037999868392944336
2019-06-13,-0.04900002479553223
2019-06-14,-0.032000064849853516
2019-06-17,-0.05200004577636719
2019-06-18,-0.10800004005432129
2019-06-19,-0.09599995613098145
2019-06-20,-0.07700014114379883
2019-06-21,0.013000011444091797
2019-06-24,-0.037000179290771484
2019-06-25,-0.08899998664855957
2019-06-26,-0.04399991035461426
2019-06-27,-0.07999992370605469
2019-06-28,-0.03500008583068848
2019-07-01,-0.031000137329101562
2019-07-02,-0.17200005054473877
2019-07-03,-0.1970001459121704
2019-07-05,-0.11500000953674316
2019-07-08,-0.14400005340576172
2019-07-09,-0.14100003242492676
2019-07-10,-0.0690000057220459
2019-07-11,0.021999835968017578
2019-07-12,0.016000032424926758
2019-07-15,0.006999969482421875
2019-07-16,0.01900005340576172
2019-07-17,-0.011999845504760742
2019-07-18,0.02500009536743164
2019-07-19,0.03500008583068848
2019-07-22,0.017999887466430664
2019-07-23,0.0409998893737793
2019-07-24,0.009999990463256836
2019-07-25,0.01399993896484375
2019-07-26,0.018000125885009766
2019-07-29,0.005000114440917969
2019-07-30,0.021000146865844727
2019-07-31,-0.009000062942504883
2019-08-01,-0.1359999179840088
2019-08-02,-0.14499998092651367
2019-08-05,-0.21799993515014648
2019-08-06,-0.2560000419616699
2019-08-07,-0.284000039100647
2019-08-08,-0.25400006771087646
2019-08-09,-0.21600008010864258
2019-08-12,-0.28899991512298584
2019-08-13,-0.27500009536743164
2019-08-14,-0.3270000219345093
2019-08-15,-0.3140000104904175
2019-08-16,-0.2839999198913574
2019-08-19,-0.2549999952316284
2019-08-20,-0.33899998664855957
2019-08-21,-0.35099995136260986
2019-08-22,-0.32799994945526123
2019-08-23,-0.3819999694824219
2019-08-26,-0.3880000114440918
2019-08-27,-0.45299994945526123
2019-08-28,-0.47400009632110596
2019-08-29,-0.4240000247955322
2019-08-30,-0.42699992656707764
2019-09-03,-0.4440000057220459
2019-09-04,-0.44599997997283936
2019-09-05,-0.3549998998641968
2019-09-06,-0.36000001430511475
2019-09-09,-0.28600001335144043
2019-09-10,-0.2109999656677246
2019-09-11,-0.1799999475479126
2019-09-12,-0.10399997234344482
2019-09-13,0.003000020980834961
2019-09-16,-0.10400009155273438
2019-09-17,-0.12599992752075195
2019-09-18,-0.09399998188018799
2019-09-19,-0.10899996757507324
2019-09-20,-0.09500002861022949
2019-09-23,-0.13700008392333984
2019-09-24,-0.24500000476837158
2019-09-25,-0.11300003528594971
2019-09-26,-0.08500003814697266
2019-09-27,-0.05500006675720215
2019-09-30,-0.09500002861022949
2019-10-01,-0.10899996757507324
2019-10-02,-0.1390000581741333
2019-10-03,-0.12899994850158691
2019-10-04,-0.13999998569488525
2019-10-07,-0.12000000476837158
2019-10-08,-0.11800003051757812
2019-10-09,-0.03900003433227539
2019-10-10,0.02499997615814209
2019-10-11,0.12899994850158691
2019-10-14,0.11500000953674316
2019-10-15,0.15299999713897705
2019-10-16,0.13300001621246338
2019-10-17,0.13199996948242188
2019-10-18,0.12199997901916504
2019-10-21,0.16700005531311035
2019-10-22,0.15299999713897705
2019-10-23,0.14399993419647217
2019-10-24,0.14300000667572021
2019-10-25,0.17599999904632568
2019-10-28,0.24800002574920654
2019-10-29,0.24000000953674316
2019-10-30,0.20299994945526123
2019-10-31,0.1929999589920044
2019-11-01,0.24300003051757812
2019-11-04,0.28299999237060547
2019-11-05,0.34800004959106445
2019-11-06,0.2990000247955322
2019-11-07,0.40799999237060547
2019-11-08,0.4229999780654907
2019-11-11,0.4299999475479126
2019-11-12,0.3760000467300415
2019-11-13,0.33500003814697266
2019-11-14,0.28700006008148193
2019-11-15,0.3059999942779541
2019-11-18,0.2849999666213989
2019-11-19,0.26100003719329834
2019-11-20,0.21800005435943604
2019-11-21,0.24199998378753662
2019-11-22,0.23100006580352783
2019-11-25,0.21900010108947754
2019-11-26,0.17499995231628418
2019-11-27,0.20199990272521973
2019-11-29,0.23600006103515625
2019-12-02,0.2979999780654907
2019-12-03,0.17100000381469727
2019-12-04,0.28299999237060547
2019-12-05,0.30400002002716064
2019-12-06,0.3619999885559082
2019-12-09,0.3309999704360962
2019-12-10,0.3179999589920044
2019-12-11,0.26999998092651367
2019-12-12,0.3669999837875366
2019-12-13,0.29600000381469727
2019-12-16,0.3669999837875366
2019-12-17,0.3590000867843628
2019-12-18,0.406000018119812
2019-12-19,0.375
2019-12-20,0.3890000581741333
2019-12-23,0.41499996185302734
2019-12-24,0.37199997901916504
2019-12-26,0.3700000047683716
2019-12-27,0.3559999465942383
2019-12-30,0.4049999713897705
2019-12-31,0.4140000343322754
2020-01-02,0.3869999647140503
2020-01-03,0.31499993801116943
2020-01-06,0.3229999542236328
2020-01-07,0.3270000219345093
2020-01-08,0.38099992275238037
2020-01-09,0.3580000400543213
2020-01-10,0.3270000219345093
2020-01-13,0.3380000591278076
2020-01-14,0.2879999876022339
2020-01-15,0.2799999713897705
2020-01-16,0.29100000858306885
2020-01-17,0.312999963760376
2020-01-21,0.26600003242492676
2020-01-22,0.2560000419616699
2020-01-23,0.2250000238418579
2020-01-24,0.19099998474121094
2020-01-27,0.10000002384185791
2020-01-28,0.11100006103515625
2020-01-29,0.07400000095367432
2020-01-30,0.029999971389770508
2020-01-31,0.009999990463256836
2020-02-03,0.001999974250793457
2020-02-04,0.06500005722045898
2020-02-05,0.12900006771087646
2020-02-06,0.11400008201599121
2020-02-07,0.059999942779541016
2020-02-10,0.027000069618225098
2020-02-11,0.05200004577636719
2020-02-12,0.09500002861022949
2020-02-13,0.07200002670288086
2020-02-14,0.05300009250640869
2020-02-18,0.021000027656555176
2020-02-19,0.027000069618225098
2020-02-20,-0.013000011444091797
2020-02-21,-0.04700005054473877
2020-02-24,-0.1260000467300415
2020-02-25,-0.15999996662139893
2020-02-26,-0.16800010204315186
2020-02-27,-0.09599995613098145
2020-02-28,-0.10300004482269287
2020-03-02,-0.04699993133544922
2020-03-03,0.09200000762939453
2020-03-04,0.31699997186660767
2020-03-05,0.3309999704360962
2020-03-06,0.29099997878074646
2020-03-09,0.16899999976158142
2020-03-10,0.3580000400543213
2020-03-11,0.4519999921321869
2020-03-12,0.5759999752044678
2020-03-13,0.707999974489212
2020-03-16,0.5429999828338623
2020-03-17,0.8319999724626541
2020-03-18,1.2630000323988497
2020-03-30,0.6570000164210796
2020-03-31,0.6680000144988298
2020-04-01,0.5719999894499779
2020-04-02,0.5619999766349792
2020-04-03,0.5290000140666962
2020-04-06,0.6160000003874302
2020-04-07,0.6079999953508377
2020-04-08,0.5789999961853027
2020-04-09,0.5189999788999557
2020-04-13,0.549000009894371
2020-04-14,0.5869999676942825
2020-04-15,0.5230000093579292
2020-04-16,0.49900002777576447
2020-04-17,0.5509999841451645
2020-04-20,0.5559999868273735
2020-04-21,0.4729999825358391
2020-04-22,0.526000015437603
2020-04-23,0.5199999734759331
2020-04-24,0.4960000142455101
2020-04-27,0.5630000159144402
2020-04-28,0.5250000134110451
2020-04-29,0.5369999706745148
2020-04-30,0.5319999754428864
2020-05-01,0.5490000173449516
2020-05-04,0.5470000207424164
2020-05-05,0.5470000058412552
2020-05-06,0.6030000224709511
2020-05-07,0.535999983549118
2020-05-08,0.5869999825954437
2020-05-11,0.6210000142455101
2020-05-12,0.5549999698996544
2020-05-13,0.5339999869465828
2020-05-14,0.5140000209212303
2020-05-15,0.536999985575676
2020-05-18,0.6390000209212303
2020-05-19,0.5930000245571136
2020-05-20,0.5620000064373016
2020-05-21,0.5669999867677689
2020-05-22,0.5470000058412552
2020-05-26,0.5800000131130219
2020-05-27,0.5450000017881393
2020-05-28,0.5669999867677689
2020-05-29,0.5199999958276749
2020-06-01,0.5339999943971634
2020-06-02,0.5350000113248825
2020-06-03,0.6129999756813049
2020-06-04,0.6799999922513962
2020-06-05,0.7589999884366989
2020-06-08,0.7310000061988831
2020-06-09,0.6639999896287918
2020-06-10,0.5830000191926956
2020-06-11,0.5
2020-06-12,0.5489999949932098
2020-06-15,0.5470000207424164
2020-06-16,0.5959999859333038
2020-06-17,0.5679999738931656
2020-06-18,0.5540000051259995
2020-06-19,0.5540000200271606
2020-06-22,0.5639999955892563
2020-06-23,0.5689999908208847
2020-06-24,0.549000009894371
2020-06-25,0.5440000295639038
2020-06-26,0.5029999762773514
2020-06-29,0.5109999775886536
2020-06-30,0.517999991774559
2020-07-01,0.5519999861717224
2020-07-02,0.5360000282526016
2020-07-06,0.5560000091791153
2020-07-07,0.5099999755620956
2020-07-08,0.517999991774559
2020-07-09,0.4820000156760216
2020-07-10,0.5130000188946724
2020-07-13,0.5149999856948853
2020-07-14,0.482000008225441
2020-07-15,0.5049999952316284
2020-07-16,0.5089999884366989
2020-07-17,0.5230000242590904
2020-07-20,0.515000008046627
2020-07-21,0.49699999392032623
2020-07-22,0.4950000271201134
2020-07-23,0.4790000170469284
2020-07-24,0.4909999892115593
2020-07-27,0.5160000249743462
2020-07-28,0.4779999703168869
2020-07-29,0.48899999260902405
2020-07-30,0.4560000076889992
2020-07-31,0.4530000165104866
2020-08-03,0.48500002175569534
2020-08-04,0.42499998211860657
2020-08-05,0.4479999840259552
2020-08-06,0.4480000138282776
2020-08-07,0.4739999771118164
2020-08-10,0.4860000014305115
2020-08-11,0.5579999908804893
2020-08-12,0.5700000151991844
2020-08-13,0.6260000169277191
2020-08-14,0.6209999918937683
2020-08-17,0.5980000272393227
2020-08-18,0.5690000280737877
2020-08-19,0.5800000131130219
2020-08-20,0.5559999942779541
2020-08-21,0.5519999861717224
2020-08-24,0.5610000267624855
2020-08-25,0.5869999825954437
2020-08-26,0.5939999744296074
2020-08-27,0.6509999930858612
2020-08-28,0.6339999735355377
2020-08-31,0.5980000197887421
2020-09-01,0.5719999894499779
2020-09-02,0.5510000213980675
2020-09-03,0.5219999775290489
2020-09-04,0.6180000156164169
2020-09-08,0.5760000124573708
2020-09-09,0.5980000123381615
2020-09-10,0.5820000022649765
2020-09-11,0.5660000294446945
2020-09-14,0.5710000023245811
2020-09-15,0.5790000185370445
2020-09-16,0.5869999751448631
2020-09-17,0.5990000143647194
2020-09-18,0.6110000088810921
2020-09-21,0.5910000056028366
2020-09-22,0.5759999752044678
2020-09-23,0.5879999995231628
2020-09-24,0.573000006377697
2020-09-25,0.5689999759197235
2020-09-28,0.574999988079071
2020-09-29,0.559999980032444
2020-09-30,0.5919999852776527
2020-10-01,0.5939999893307686
2020-10-02,0.6109999790787697
2020-10-05,0.6770000234246254
2020-10-06,0.6539999842643738
2020-10-07,0.6970000267028809
2020-10-08,0.6769999861717224
2020-10-09,0.6819999739527702
2020-10-12,0.6870000064373016
2020-10-13,0.6339999958872795
2020-10-14,0.6220000013709068
2020-10-15,0.636000007390976
2020-10-16,0.6540000140666962
2020-10-19,0.6709999740123749
2020-10-20,0.7019999921321869
2020-10-21,0.7259999811649323
2020-10-22,0.76299998909235
2020-10-23,0.758000023663044
2020-10-26,0.721000000834465
2020-10-27,0.6879999935626984
2020-10-28,0.6910000145435333
2020-10-29,0.751999981701374
2020-10-30,0.7770000174641609
2020-11-02,0.7659999802708626
2020-11-03,0.792000025510788
2020-11-04,0.6850000098347664
2020-11-05,0.6910000219941139
2020-11-06,0.7369999960064888
2020-11-09,0.8700000047683716
2020-11-10,0.8819999992847443
2020-11-11,0.8680000007152557
2020-11-12,0.7999999895691872
2020-11-13,0.8100000098347664
2020-11-16,0.8310000151395798
2020-11-17,0.7919999808073044
2020-11-18,0.8070000261068344
2020-11-19,0.7939999736845493
2020-11-20,0.7709999978542328
2020-11-23,0.7869999930262566
2020-11-24,0.802000030875206
2020-11-25,0.7980000227689743
2020-11-27,0.7690000087022781
2020-11-30,0.7689999788999557
2020-12-01,0.8540000170469284
2020-12-02,0.8730000108480453
2020-12-03,0.8450000137090683
2020-12-04,0.8939999788999557
2020-12-07,0.8579999729990959
2020-12-08,0.8449999839067459
2020-12-09,0.8709999844431877
2020-12-10,0.8379999920725822
2020-12-11,0.828000009059906
2020-12-14,0.832000020891428
2020-12-15,0.8529999777674675
2020-12-16,0.8450000137090683
2020-12-17,0.8500000089406967
2020-12-18,0.8680000156164169
2020-12-21,0.8629999831318855
2020-12-22,0.8399999812245369
2020-12-23,0.8799999803304672
2020-12-24,0.8529999703168869
2020-12-28,0.8530000299215317
2020-12-29,0.8449999988079071
2020-12-30,0.8559999987483025
2020-12-31,0.8519999980926514
2021-01-04,0.8489999920129776
2021-01-05,0.876999981701374
2021-01-06,0.9640000537037849
2021-01-07,0.9909999817609787
2021-01-08,1.0250000208616257
2021-01-11,1.0519999712705612
2021-01-12,1.0580000132322311
2021-01-13,1.008000060915947
2021-01-14,1.0539999455213547
2021-01-15,1.0219999998807907
2021-01-19,1.0190000087022781
2021-01-20,1.0150000303983688
2021-01-21,1.0359999686479568
2021-01-22,1.0209999606013298
2021-01-25,0.9699999615550041
2021-01-26,0.9719999581575394
2021-01-27,0.9540000595152378
2021-01-28,1.0020000413060188
2021-01-29,1.0450000539422035
2021-02-01,1.0290000215172768
2021-02-02,1.0550000183284283
2021-02-03,1.0910000428557396
2021-02-04,1.1090000588446856
2021-02-05,1.1469999570399523
2021-02-08,1.1399999670684338
2021-02-09,1.123999945819378
2021-02-10,1.0980000160634518
2021-02-11,1.1229999922215939
2021-02-12,1.1650000475347042
2021-02-16,1.2640000246465206
2021-02-17,1.265999998897314
2021-02-18,1.263999940827489
2021-02-19,1.322000028565526
2021-02-22,1.3450000043958426
2021-02-23,1.3389999885112047
2021-02-24,1.361000057309866
2021-02-25,1.4850000068545341
2021-02-26,1.425000037997961
2021-03-01,1.417999979108572
2021-03-02,1.3799999617040157
2021-03-03,1.4350000284612179
2021-03-04,1.5219999514520168
2021-03-05,1.5260000191628933
2021-03-08,1.5609999559819698
2021-03-09,1.5110000036656857
2021-03-10,1.489999981597066
2021-03-11,1.4989999495446682
2021-03-12,1.6099999900907278
2021-03-15,1.591999993659556
2021-03-16,1.6130000511184335
2021-03-17,1.6330000320449471
2021-03-18,1.7270000190474093
2021-03-19,1.7269999934360385
2021-03-22,1.6790000153705478
2021-03-23,1.6280000116676092
2021-03-24,1.5989999631419778
2021-03-25,1.5989999631419778
2021-03-26,1.644999966956675
2021-03-29,1.7129999557510018
2021-03-30,1.712999951094389
2021-03-31,1.7330000512301922
2021-04-01,1.671000019647181
2021-04-05,1.7050000289455056
2021-04-06,1.6410000184550881
2021-04-07,1.6429999973624945
2021-04-08,1.6269999695941806
2021-04-09,1.6630000085569918
2021-04-12,1.6649999525398016
2021-04-13,1.6080000260844827
2021-04-14,1.623000011779368
2021-04-15,1.519999971613288
2021-04-16,1.5649999538436532
2021-04-19,1.585999951697886
2021-04-20,1.5470000365749002
2021-04-21,1.5510000102221966
2021-04-22,1.5390000203624368
2021-04-23,1.5520000318065286
2021-04-26,1.5620000520721078
2021-04-27,1.6119999792426825
2021-04-28,1.612000004388392
2021-04-29,1.6319999853149056
2021-04-30,1.628000041935593
2021-05-03,1.6019999934360385
2021-05-04,1.582000007852912
2021-05-05,1.5759999910369515
2021-05-06,1.552999989129603
2021-05-07,1.5690000215545297
2021-05-10,1.59699999820441
2021-05-11,1.613999953493476
2021-05-12,1.6850000526756048
2021-05-13,1.6599999824538827
2021-05-14,1.6299999905750155
2021-05-17,1.634999985806644
2021-05-18,1.6319999601691961
2021-05-19,1.6779999686405063
2021-05-20,1.6309999437071383
2021-05-21,1.6289999694563448
2021-05-24,1.6050000400282443
2021-05-25,1.554000010713935
2021-05-26,1.569000001065433
2021-05-27,1.6050000144168735
2021-05-28,1.5729999700561166
2021-06-01,1.6050000097602606
2021-06-02,1.5759999612346292
2021-06-03,1.6100000003352761
2021-06-04,1.5449999431148171
2021-06-07,1.5510000064969063
2021-06-08,1.5079999975860119
2021-06-09,1.4689999632537365
2021-06-10,1.438999991863966
2021-06-11,1.4440000131726265
2021-06-14,1.4860000470653176
2021-06-15,1.4789999537169933
2021-06-16,1.5410000048577785
2021-06-17,1.483000036329031
2021-06-18,1.4220000468194485
2021-06-21,1.4539999682456255
2021-06-22,1.4340000040829182
2021-06-23,1.4469999894499779
2021-06-24,1.4439999870955944
2021-06-25,1.4930000118911266
2021-06-28,1.4380000457167625
2021-06-29,1.440000019967556
2021-06-30,1.402999959886074
2021-07-01,1.440000019967556
2021-07-02,1.3929999954998493
2021-07-06,1.3300000056624413
2021-07-07,1.2779999785125256
2021-07-08,1.24499998614192
2021-07-09,1.3129999451339245
2021-07-12,1.320000033825636
2021-07-13,1.369999960064888
2021-07-14,1.310999944806099
2021-07-15,1.259000051766634
2021-07-16,1.2619999535381794
2021-07-19,1.1409999951720238
2021-07-20,1.1639999896287918
2021-07-21,1.2349999696016312
2021-07-22,1.2219999842345715
2021-07-23,1.241000011563301
2021-07-26,1.2360000237822533
2021-07-27,1.188999965786934
2021-07-28,1.216000035405159
2021-07-29,1.2290000542998314
2021-07-30,1.1989999637007713
2021-08-02,1.1360000260174274
2021-08-03,1.1309999972581863
2021-08-04,1.1390000134706497
2021-08-05,1.1740000061690807
2021-08-06,1.2469999603927135
2021-08-09,1.272000029683113
2021-08-10,1.2920000068843365
2021-08-11,1.2839999943971634
2021-08-12,1.3239999823272228
2021-08-13,1.2520000487565994
2021-08-16,1.198999971151352
2021-08-17,1.1950000151991844
2021-08-18,1.2180000022053719
2021-08-19,1.1989999823272228
2021-08-20,1.216999989002943
2021-08-23,1.214999996125698
2021-08-24,1.2419999614357948
2021-08-25,1.2970000058412552
2021-08-26,1.2990000061690807
2021-08-27,1.2690000347793102
2021-08-30,1.2469999678432941
2021-08-31,1.2640000209212303
2021-09-01,1.2620000466704369
2021-09-02,1.2540000304579735
2021-09-03,1.2820000275969505
2021-09-07,1.33500000461936
2021-09-08,1.2939999923110008
2021-09-09,1.2610000260174274
2021-09-10,1.3029999621212482
2021-09-13,1.2860000021755695
2021-09-14,1.241999950259924
2021-09-15,1.269000019878149
2021-09-16,1.3009999711066484
2021-09-17,1.3420000039041042
2021-09-20,1.28400001488626
2021-09-21,1.3040000014007092
2021-09-22,1.3109999652951956
2021-09-23,1.38499996624887
2021-09-24,1.4350000377744436
2021-09-27,1.4589999672025442
2021-09-28,1.5040000397711992
2021-09-29,1.511000009253621
2021-09-30,1.5010000430047512
2021-10-01,1.4509999714791775
2021-10-04,1.452999945729971
2021-10-05,1.494000043720007
2021-10-06,1.4840000495314598
2021-10-07,1.530999980866909
2021-10-08,1.565000019967556
2021-10-11,1.5739999637007713
2021-10-12,1.540000043809414
2021-10-13,1.5040000230073929
2021-10-14,1.4790000542998314
2021-10-15,1.537999976426363
2021-10-18,1.5409999899566174
2021-10-19,1.5849999897181988
2021-10-20,1.5860000364482403
2021-10-21,1.6259999983012676
2021-10-22,1.6049999706447124
2021-10-25,1.5849999897181988
2021-10-26,1.568999957293272
2021-10-27,1.4790000431239605
2021-10-28,1.5199999585747719
2021-10-29,1.509000040590763
2021-11-01,1.5350000485777855
2021-11-02,1.5040000230073929
2021-11-03,1.5339999943971634
2021-11-04,1.4890000484883785
2021-11-05,1.412999950349331
2021-11-08,1.4619999788701534
2021-11-09,1.3920000419020653
2021-11-10,1.5149999409914017
2021-11-11,1.5199999436736107
2021-11-12,1.539000015705824
2021-11-15,1.5850000269711018
2021-11-16,1.593999944627285
2021-11-17,1.5589999705553055
2021-11-18,1.5439999848604202
2021-11-19,1.491000011563301
2021-11-22,1.5850000008940697
2021-11-23,1.622000053524971
2021-11-24,1.5949999801814556
2021-11-26,1.438999991863966
2021-11-29,1.4919999726116657
2021-11-30,1.3949999585747719
2021-12-01,1.384000014513731
2021-12-02,1.404999952763319
2021-12-03,1.3000000528991222
2021-12-06,1.3910000137984753
2021-12-07,1.4220000207424164
2021-12-08,1.4489999450743198
2021-12-09,1.433999989181757
2021-12-10,1.4389999620616436
2021-12-13,1.3810000233352184
2021-12-14,1.3899999633431435
2021-12-15,1.4180000573396683
2021-12-16,1.3870000503957272
2021-12-17,1.3719999510794878
2021-12-20,1.381000030785799
2021-12-21,1.421999990940094
2021-12-22,1.3920000195503235
2021-12-23,1.4350000321865082
2021-12-27,1.4379999451339245
2021-12-28,1.4309999458491802
2021-12-29,1.497999981045723
2021-12-30,1.4899999853223562
2021-12-31,1.4789999648928642
2022-01-03,1.5750000216066837
2022-01-04,1.5879999846220016
2022-01-05,1.6200000420212746
2022-01-06,1.6430000364780426
2022-01-07,1.6830000281333923
2022-01-10,1.6899999678134918
2022-01-11,1.6280000507831573
2022-01-12,1.6100000217556953
2022-01-13,1.600999966263771
2022-01-14,1.6539999544620514
2022-01-18,1.7350000143051147
2022-01-19,1.6620000153779984
2022-01-20,1.6649999469518661
2022-01-21,1.5889999717473984
2022-01-24,1.5800000131130219
2022-01-25,1.5979999899864197
2022-01-26,1.670000046491623
2022-01-27,1.6220000386238098
2022-01-28,1.608999952673912
2022-01-31,1.608999952673912
2022-02-01,1.5969999581575394
2022-02-02,1.581000030040741
2022-02-03,1.6340000182390213
2022-02-04,1.7069999426603317
2022-02-07,1.713000014424324
2022-02-08,1.6789999902248383
2022-02-09,1.6590000092983246
2022-02-10,1.6609998941421509
2022-02-11,1.6170000433921814
2022-02-14,1.6360000371932983
2022-02-15,1.6450000703334808
2022-02-16,1.673999935388565
2022-02-17,1.6270000040531158
2022-02-18,1.6140000522136688
2022-02-22,1.617999941110611
2022-02-23,1.6369999945163727
2022-02-24,1.6859999895095825
2022-02-25,1.6879999339580536
2022-02-28,1.5509999990463257
2022-03-01,1.3940000236034393
2022-03-02,1.5400000214576721
2022-03-03,1.5089999735355377
2022-03-04,1.418999969959259
2022-03-07,1.4460000395774841
2022-03-08,1.5119999647140503
2022-03-09,1.5779999494552612
2022-03-10,1.650999903678894
2022-03-11,1.6389999389648438
2022-03-14,1.7620001137256622
2022-03-15,1.7120000720024109
2022-03-16,1.754999965429306
2022-03-17,1.8319998979568481
2022-03-18,1.7650000154972076
2022-03-21,1.8600000441074371
2022-03-22,1.8529999256134033
2022-03-23,1.841000109910965
2022-03-24,1.8580000698566437
2022-03-25,1.9720001220703125
2022-03-28,1.968999981880188
2022-03-29,1.8450000882148743
2022-03-30,1.8330000638961792
2022-03-31,1.833999902009964
2022-04-01,1.877000093460083
2022-04-04,1.8739999532699585
2022-04-05,1.8880000114440918
2022-04-06,1.9459999799728394
2022-04-07,1.9919999241828918
2022-04-08,2.0450000762939453
2022-04-11,2.099999964237213
2022-04-12,1.9869999289512634
2022-04-13,1.9470000267028809
2022-04-14,2.0800000429153442
2022-04-18,2.10699999332428
2022-04-19,2.080000102519989
2022-04-20,2.044999897480011
2022-04-21,2.1170000433921814
2022-04-22,2.125999927520752
2022-04-25,2.027999997138977
2022-04-26,1.9390000700950623
2022-04-27,2.0100000500679016
2022-04-28,2.0779998898506165
2022-04-29,2.0790000557899475
2022-05-02,2.231000065803528
2022-05-03,2.065000057220459
2022-05-04,2.084000051021576
2022-05-05,2.263000011444092
2022-05-06,2.307999908924103
2022-05-09,2.278999984264374
2022-05-10,2.115000009536743
2022-05-11,2.037999987602234
2022-05-12,1.9119999408721924
2022-05-13,1.9919999241828918
2022-05-16,1.8970000743865967
2022-05-17,1.9299999475479126
2022-05-18,1.8829998970031738
2022-05-19,1.8550000190734863
2022-05-20,1.8089999556541443
2022-05-23,1.86599999666214
2022-05-24,1.7170000076293945
2022-05-25,1.7040001153945923
2022-05-26,1.7280000448226929
2022-05-27,1.718000054359436
2022-05-31,1.814000129699707
2022-06-01,1.8279999494552612
2022-06-02,1.8000000715255737
2022-06-03,1.8220000267028809
2022-06-06,1.8780001401901245
2022-06-07,1.7469998598098755
2022-06-08,1.7960000038146973
2022-06-09,1.8059998750686646
2022-06-10,1.8679999113082886
2022-06-13,1.8679999113082886
2022-06-14,1.7400000095367432
2022-06-15,1.6999999284744263
2022-06-16,1.8239998817443848
2022-06-17,1.7290000915527344
2022-06-21,1.8189998865127563
2022-06-22,1.6109999418258667
2022-06-23,1.508000135421753
2022-06-24,1.5269999504089355
2022-06-27,1.5609999895095825
2022-06-28,1.468000054359436
2022-06-29,1.3879998922348022
2022-06-30,1.3719998598098755
2022-07-01,1.2859998941421509
2022-07-05,1.1790000200271606
2022-07-06,1.0730000734329224
2022-07-07,1.154999852180481
2022-07-08,1.2580000162124634
2022-07-11,1.0379999876022339
2022-07-12,0.8450000286102295
2022-07-13,0.5810000896453857
2022-07-14,0.687000036239624
2022-07-15,0.690000057220459
2022-07-18,0.7000000476837158
2022-07-19,0.5690000057220459
2022-07-20,0.6579999923706055
2022-07-21,0.5500001907348633
2022-07-22,0.42799997329711914
2022-07-25,0.4270000457763672
2022-07-26,0.312000036239624
2022-07-27,0.3510000705718994
2022-07-28,0.372999906539917
2022-07-29,0.34399986267089844
2022-08-01,0.3409998416900635
2022-08-02,0.2779998779296875
2022-08-03,0.31999993324279785
2022-08-04,0.2980000972747803
2022-08-05,0.42999982833862305
2022-08-08,0.30500006675720215
2022-08-09,0.22699999809265137
2022-08-10,0.25099992752075195
2022-08-11,0.39800000190734863
2022-08-12,0.3489999771118164
2022-08-15,0.2779998779296875
2022-08-16,0.2259998321533203
2022-08-17,0.3249998092651367
2022-08-18,0.315000057220459
2022-08-19,0.4090001583099365
2022-08-22,0.38899993896484375
2022-08-23,0.3509998321533203
2022-08-24,0.39299988746643066
2022-08-25,0.29600000381469727
2022-08-26,0.2799999713897705
2022-08-29,0.3119997978210449
2022-08-30,0.2369999885559082
2022-08-31,0.27300000190734863
2022-09-01,0.40200018882751465
2022-09-02,0.3730001449584961
2022-09-06,0.49499988555908203
2022-09-07,0.3320000171661377
2022-09-08,0.34200000762939453
2022-09-09,0.3530001640319824
2022-09-12,0.36700010299682617
2022-09-13,0.2689998149871826
2022-09-14,0.2839999198913574
2022-09-15,0.3640000820159912
2022-09-16,0.37800002098083496
2022-09-19,0.4549999237060547
2022-09-20,0.3280000686645508
2022-09-21,0.31999993324279785
2022-09-22,0.5779998302459717
2022-09-23,0.5889999866485596
2022-09-26,0.7130000591278076
2022-09-27,0.7139999866485596
2022-09-28,0.47499990463256836
2022-09-29,0.5290000438690186
2022-09-30,0.623999834060669
2022-10-03,0.500999927520752
2022-10-04,0.3020000457763672
2022-10-05,0.4660000801086426
2022-10-06,0.5379998683929443
2022-10-07,0.5899999141693115
2022-10-10,0.6029999256134033
2022-10-11,0.5989999771118164
2022-10-12,0.3689999580383301
2022-10-13,0.3689999580383301
2022-10-14,0.382000207901001
2022-10-17,0.3269999027252197
2022-10-18,0.16499996185302734
2022-10-19,0.23399996757507324
2022-10-20,0.3359997272491455
2022-10-21,0.3279998302459717
2022-10-24,0.3210000991821289
2022-10-25,0.14299988746643066
2022-10-26,0.08499979972839355
2022-10-27,0.006999969482421875
2022-10-28,0.040000200271606445
2022-10-31,0.10200023651123047
2022-11-01,0.0019998550415039062
2022-11-02,0.03399991989135742
2022-11-03,0.0989999771118164
2022-11-04,0.14300012588500977
2022-11-07,0.23100018501281738
2022-11-08,0.03599977493286133
2022-11-09,0.05800008773803711
2022-11-10,-0.2259998321533203
2022-11-11,-0.2500002384185791
2022-11-14,-0.20299983024597168
2022-11-15,-0.33100008964538574
2022-11-16,-0.4330000877380371
2022-11-17,-0.3379998207092285
2022-11-18,-0.317000150680542
2022-11-21,-0.27300000190734863
2022-11-22,-0.440000057220459
2022-11-23,-0.493999719619751
2022-11-25,-0.48400020599365234
2022-11-28,-0.48000001907348633
2022-11-29,-0.5049998760223389
2022-11-30,-0.5499997138977051
2022-12-01,-0.6639997959136963
2022-12-02,-0.7020001411437988
2022-12-05,-0.5590000152587891
2022-12-06,-0.7069997787475586
2022-12-07,-0.7750000953674316
2022-12-08,-0.6590001583099365
2022-12-09,-0.6059999465942383
2022-12-12,-0.5570001602172852
2022-12-13,-0.7470002174377441
2022-12-14,-0.7169997692108154
2022-12-15,-0.7629997730255127
2022-12-16,-0.6809999942779541
2022-12-19,-0.5820000171661377
2022-12-20,-0.5460000038146973
2022-12-21,-0.5209999084472656
2022-12-22,-0.5390002727508545
2022-12-23,-0.4419999122619629
2022-12-27,-0.33500027656555176
2022-12-28,-0.45099973678588867
2022-12-29,-0.46000003814697266
2022-12-30,-0.381000280380249
2023-01-03,-0.46200013160705566
2023-01-04,-0.6909999847412109
2023-01-05,-0.7780001163482666
2023-01-06,-0.9240000247955322
2023-01-09,-0.9659998416900635
2023-01-10,-0.9440000057220459
2023-01-11,-1.000999927520752
2023-01-12,-1.0260000228881836
2023-01-13,-0.9769999980926514
2023-01-17,-0.9579999446868896
2023-01-18,-1.1550002098083496
2023-01-19,-1.128000020980835
2023-01-20,-1.0540001392364502
2023-01-23,-1.0099997520446777
2023-01-24,-1.1039998531341553
2023-01-25,-1.0830001831054688
2023-01-26,-1.0500001907348633
2023-01-27,-1.0299999713897705
2023-01-30,-0.9839997291564941
2023-01-31,-1.0410001277923584
2023-02-01,-1.122999906539917
2023-02-02,-1.1140003204345703
2023-02-03,-0.990999698638916
2023-02-06,-0.8989999294281006
2023-02-07,-0.8960001468658447
2023-02-08,-0.931999921798706
2023-02-09,-0.929999828338623
2023-02-10,-0.8910002708435059
2023-02-13,-0.9279999732971191
2023-02-14,-0.8989999294281006
2023-02-15,-0.8340001106262207
2023-02-16,-0.8220000267028809
2023-02-17,-0.8519997596740723
2023-02-21,-0.7330002784729004
2023-02-22,-0.7720000743865967
2023-02-23,-0.8110001087188721
2023-02-24,-0.754000186920166
2023-02-27,-0.7430000305175781
2023-02-28,-0.7940001487731934
2023-03-01,-0.7309999465942383
2023-03-02,-0.6500000953674316
2023-03-03,-0.7539999485015869
2023-03-06,-0.7450001239776611
2023-03-07,-0.869999885559082
2023-03-08,-0.9069998264312744
2023-03-09,-0.9230000972747803
2023-03-10,-1.1080000400543213
2023-03-13,-1.1429998874664307
2023-03-14,-1.0419998168945312
2023-03-15,-1.065999984741211
2023-03-16,-0.945000171661377
2023-03-17,-0.8980002403259277
2023-03-20,-0.9840002059936523
2023-03-21,-0.999000072479248
2023-03-22,-1.063000202178955
2023-03-23,-1.0969998836517334
2023-03-24,-1.122999668121338
2023-03-27,-1.0550000667572021
2023-03-28,-1.063999891281128
2023-03-29,-1.064000129699707
2023-03-30,-1.113999843597412
2023-03-31,-1.0910000801086426
2023-04-03,-1.1400001049041748
2023-04-04,-1.3910002708435059
2023-04-05,-1.4179999828338623
2023-04-06,-1.4219999313354492
2023-04-10,-1.4229998588562012
2023-04-11,-1.446000099182129
2023-04-12,-1.439000129699707
2023-04-13,-1.4030001163482666
2023-04-14,-1.3809998035430908
2023-04-17,-1.3319997787475586
2023-04-18,-1.4580001831054688
2023-04-19,-1.3929998874664307
2023-04-20,-1.4000000953674316
2023-04-21,-1.3799998760223389
2023-04-24,-1.3580000400543213
2023-04-25,-1.5570001602172852
2023-04-26,-1.5530002117156982
2023-04-27,-1.4719998836517334
2023-04-28,-1.4709999561309814
2023-05-01,-1.2909998893737793
2023-05-02,-1.6010000705718994
2023-05-03,-1.6919996738433838
2023-05-04,-1.7039997577667236
2023-05-05,-1.6339998245239258
2023-05-08,-1.5620002746582031
2023-05-09,-1.6020002365112305
2023-05-10,-1.626000165939331
2023-05-11,-1.617999792098999
2023-05-12,-1.5649998188018799
2023-05-15,-1.4920001029968262
2023-05-16,-1.5090000629425049
2023-05-17,-1.5069997310638428
2023-05-18,-1.4769999980926514
2023-05-19,-1.3930001258850098
2023-05-22,-1.3759996891021729
2023-05-23,-1.4549999237060547
2023-05-24,-1.4659998416900635
2023-05-25,-1.3490002155303955
2023-05-26,-1.304999828338623
2023-05-30,-1.443000078201294
2023-05-31,-1.6110000610351562
2023-06-01,-1.5950000286102295
2023-06-02,-1.5240001678466797
2023-06-05,-1.4500000476837158
2023-06-06,-1.4590001106262207
2023-06-07,-1.36899995803833
2023-06-08,-1.3859999179840088
2023-06-09,-1.3499999046325684
2023-06-12,-1.3299996852874756
2023-06-13,-1.2609999179840088
2023-06-14,-1.2839999198913574
2023-06-15,-1.3269999027252197
2023-06-16,-1.2960000038146973
2023-06-20,-1.3459997177124023
2023-06-21,-1.4120001792907715
2023-06-22,-1.3360002040863037
2023-06-23,-1.3989999294281006
2023-06-26,-1.436000108718872
2023-06-27,-1.4119999408721924
2023-06-28,-1.4600000381469727
2023-06-29,-1.321000099182129
2023-06-30,-1.3339998722076416
2023-07-03,-1.2869999408721924
2023-07-05,-1.247999906539917
2023-07-06,-1.1719999313354492
2023-07-07,-1.1629996299743652
2023-07-10,-1.2189998626708984
2023-07-11,-1.2630000114440918
2023-07-12,-1.36899995803833
2023-07-13,-1.4620001316070557
2023-07-14,-1.3960001468658447
2023-07-17,-1.435999870300293
2023-07-18,-1.4590001106262207
2023-07-19,-1.5029997825622559
2023-07-20,-1.3889999389648438
2023-07-21,-1.4110002517700195
2023-07-24,-1.3929998874664307
2023-07-25,-1.3529999256134033
2023-07-26,-1.4170000553131104
2023-07-27,-1.25600004196167
2023-07-28,-1.2860000133514404
2023-07-31,-1.2890000343322754
2023-08-01,-1.2090001106262207
2023-08-02,-1.1820001602172852
2023-08-03,-1.0689997673034668
2023-08-04,-1.1929998397827148
2023-08-07,-1.1820001602172852
2023-08-08,-1.249000072479248
2023-08-09,-1.2680001258850098
2023-08-10,-1.188000202178955
2023-08-11,-1.0969996452331543
2023-08-14,-1.0859999656677246
2023-08-15,-1.059000015258789
2023-08-16,-1.0269999504089355
2023-08-17,-0.9699997901916504
2023-08-18,-1.0269999504089355
2023-08-21,-0.9380002021789551
2023-08-22,-0.9670000076293945
2023-08-23,-1.0970001220703125
2023-08-24,-1.0679998397827148
2023-08-25,-1.0760002136230469
2023-08-28,-1.1110000610351562
2023-08-29,-1.1979999542236328
2023-08-30,-1.1970000267028809
2023-08-31,-1.2049999237060547
2023-09-01,-1.0950002670288086
2023-09-05,-1.0099997520446777
2023-09-06,-1.010000228881836
2023-09-07,-1.0229997634887695
2023-09-08,-1.0350003242492676
2023-09-11,-1.005000114440918
2023-09-12,-1.0409998893737793
2023-09-13,-1.055999755859375
2023-09-14,-1.0069999694824219
2023-09-15,-0.9759998321533203
2023-09-18,-0.9810004234313965
2023-09-19,-0.945000171661377
2023-09-20,-0.9660000801086426
2023-09-21,-0.8249998092651367
2023-09-22,-0.866999626159668
2023-09-25,-0.7710003852844238
2023-09-26,-0.7669997215270996
2023-09-27,-0.7039999961853027
2023-09-28,-0.7109999656677246
2023-09-29,-0.7270002365112305
2023-10-02,-0.6319999694824219
2023-10-03,-0.5380001068115234
2023-10-04,-0.5999999046325684
2023-10-05,-0.6079998016357422
2023-10-06,-0.564000129699707
2023-10-09,-0.5510001182556152
2023-10-10,-0.6679997444152832
2023-10-11,-0.7400002479553223
2023-10-12,-0.6230001449584961
2023-10-13,-0.6989998817443848
2023-10-16,-0.6160001754760742
2023-10-17,-0.4930000305175781
2023-10-18,-0.42600011825561523
2023-10-19,-0.32200002670288086
2023-10-20,-0.37600040435791016
2023-10-23,-0.4550004005432129
2023-10-24,-0.4679999351501465
2023-10-25,-0.3619999885559082
2023-10-26,-0.4550004005432129
2023-10-27,-0.46000003814697266
2023-10-30,-0.4380002021789551
2023-10-31,-0.44500017166137695
2023-11-01,-0.5110001564025879
2023-11-02,-0.6009998321533203
2023-11-03,-0.6949996948242188
2023-11-06,-0.5980000495910645
2023-11-07,-0.7019996643066406
2023-11-08,-0.7450003623962402
2023-11-09,-0.6329998970031738
2023-11-10,-0.6220002174377441
2023-11-13,-0.6280002593994141
2023-11-14,-0.8119997978210449
2023-11-15,-0.7200002670288086
2023-11-16,-0.7979998588562012
2023-11-17,-0.7919998168945312
2023-11-20,-0.8159999847412109
2023-11-21,-0.8369998931884766
2023-11-22,-0.8489999771118164
2023-11-24,-0.7809996604919434
2023-11-27,-0.8689999580383301
2023-11-28,-0.9240002632141113
2023-11-29,-0.9689998626708984
2023-11-30,-0.8859996795654297
2023-12-01,-0.9890003204345703
2023-12-04,-0.934999942779541
2023-12-05,-1.0720000267028809
2023-12-06,-1.1220002174377441
2023-12-07,-1.1039996147155762
2023-12-08,-0.9879999160766602
2023-12-11,-0.9939999580383301
2023-12-12,-1.0420002937316895
2023-12-13,-1.190000057220459
2023-12-14,-1.2850000858306885
2023-12-15,-1.2969999313354492
2023-12-18,-1.2709999084472656
2023-12-19,-1.315999984741211
2023-12-20,-1.3529999256134033
2023-12-21,-1.315999984741211
2023-12-22,-1.3070001602172852
2023-12-26,-1.317000150680542
2023-12-27,-1.446000099182129
2023-12-28,-1.3680000305175781
2023-12-29,-1.313999891281128
2024-01-02,-1.2669997215270996
2024-01-03,-1.3280000686645508
2024-01-04,-1.2370002269744873
2024-01-05,-1.1779999732971191
2024-01-08,-1.2179999351501465
2024-01-09,-1.2109999656677246
2024-01-10,-1.1949996948242188
2024-01-11,-1.2409999370574951
2024-01-12,-1.247999906539917
2024-01-16,-1.1370000839233398
2024-01-17,-1.1090002059936523
2024-01-18,-1.055999755859375
2024-01-19,-1.0520000457763672
2024-01-22,-1.1059999465942383
2024-01-23,-1.0679998397827148
2024-01-24,-1.0320000648498535
2024-01-25,-1.063000202178955
2024-01-26,-1.0399999618530273
2024-01-29,-1.1089997291564941
2024-01-30,-1.1440000534057617
2024-01-31,-1.2210001945495605
2024-02-01,-1.3369998931884766
2024-02-02,-1.1770000457763672
2024-02-05,-1.064000129699707
2024-02-06,-1.1329998970031738
2024-02-07,-1.1129999160766602
2024-02-08,-1.0479998588562012
2024-02-09,-1.0329999923706055
2024-02-12,-1.0560002326965332
2024-02-13,-0.9169998168945312
2024-02-14,-0.9509997367858887
2024-02-15,-0.9780001640319824
2024-02-16,-0.9279999732971191
2024-02-20,-0.9379997253417969
2024-02-21,-0.9100003242492676
2024-02-22,-0.9059996604919434
2024-02-23,-0.9799995422363281
2024-02-26,-0.9510002136230469
2024-02-27,-0.929999828338623
2024-02-28,-0.9659996032714844
2024-02-29,-0.9710001945495605
2024-03-01,-1.0350003242492676
2024-03-04,-1.004000186920166
2024-03-05,-1.0879998207092285
2024-03-06,-1.125999927520752
2024-03-07,-1.136000156402588
2024-03-08,-1.1389999389648438
2024-03-11,-1.1359996795654297
2024-03-12,-1.0849995613098145
2024-03-13,-1.0460000038146973
2024-03-14,-0.940000057220459
2024-03-15,-0.9340000152587891
2024-03-18,-0.8979997634887695
2024-03-19,-0.9409999847412109
2024-03-20,-0.9550004005432129
2024-03-21,-0.9570002555847168
2024-03-22,-1.001999855041504
2024-03-25,-0.9650001525878906
2024-03-26,-0.9839997291564941
2024-03-27,-1.0190000534057617
2024-03-28,-0.9970002174377441
2024-04-01,-0.8889999389648438
2024-04-02,-0.8480000495910645
2024-04-03,-0.8550000190734863
2024-04-04,-0.8940000534057617
2024-04-05,-0.8370003700256348
2024-04-08,-0.7990002632141113
2024-04-09,-0.8539996147155762
2024-04-10,-0.6830000877380371
2024-04-11,-0.6619997024536133
2024-04-12,-0.7309999465942383
2024-04-15,-0.6100001335144043
2024-04-16,-0.5739998817443848
2024-04-17,-0.6549997329711914
2024-04-18,-0.5960001945495605
2024-04-19,-0.630000114440918
2024-04-22,-0.6219997406005859
2024-04-23,-0.6469998359680176
2024-04-24,-0.6030001640319824
2024-04-25,-0.5390000343322754
2024-04-26,-0.5689997673034668
2024-04-29,-0.629000186920166
2024-04-30,-0.5590000152587891
2024-05-01,-0.6550002098083496
2024-05-02,-0.6669998168945312
2024-05-03,-0.7350001335144043
2024-05-06,-0.750999927520752
2024-05-07,-0.7800002098083496
2024-05-08,-0.7529997825622559
2024-05-09,-0.7909998893737793
2024-05-10,-0.7389998435974121
2024-05-13,-0.7589998245239258
2024-05-14,-0.7899999618530273
2024-05-15,-0.8839998245239258
2024-05-16,-0.8660001754760742
2024-05-17,-0.8199996948242188
2024-05-20,-0.8029999732971191
2024-05-21,-0.8259997367858887
2024-05-22,-0.810999870300293
2024-05-23,-0.7699999809265137
2024-05-24,-0.7779998779296875
2024-05-28,-0.7060003280639648
2024-05-29,-0.625999927520752
2024-05-30,-0.694000244140625
2024-05-31,-0.7309999465942383
2024-06-03,-0.8410000801086426
2024-06-04,-0.9039998054504395
2024-06-05,-0.9509997367858887
2024-06-06,-0.9519996643066406
2024-06-07,-0.8080000877380371
2024-06-10,-0.7639999389648438
2024-06-11,-0.8410000801086426
2024-06-12,-0.9479999542236328
2024-06-13,-1.001999855041504
2024-06-14,-1.0269999504089355
2024-06-17,-0.9640002250671387
2024-06-18,-1.0180001258850098
2024-06-20,-0.9709997177124023
2024-06-21,-0.9580001831054688
2024-06-24,-0.9619998931884766
2024-06-25,-0.9850001335144043
2024-06-26,-0.9140000343322754
2024-06-27,-0.934999942779541
2024-06-28,-0.869999885559082
2024-07-01,-0.7389998435974121
2024-07-02,-0.7920002937316895
2024-07-03,-0.875
2024-07-05,-0.9530000686645508
2024-07-08,-0.9489998817443848
2024-07-09,-0.9249997138977051
2024-07-10,-0.9449996948242188
2024-07-11,-1.005000114440918
2024-07-12,-1.0089998245239258
2024-07-15,-0.9639997482299805
2024-07-16,-1.0260000228881836
2024-07-17,-1.0490002632141113
2024-07-18,-1.0039997100830078
2024-07-19,-0.9539999961853027
2024-07-22,-0.929999828338623
2024-07-23,-0.9340000152587891
2024-07-24,-0.884000301361084
2024-07-25,-0.9039998054504395
2024-07-26,-0.9550004005432129
2024-07-29,-0.9689998626708984
2024-07-30,-0.9920001029968262
2024-07-31,-1.0260000228881836
2024-08-01,-1.1389997005462646
2024-08-02,-1.2380001544952393
2024-08-05,-1.2749998569488525
2024-08-06,-1.191999912261963
2024-08-07,-1.1119999885559082
2024-08-08,-1.0860002040863037
2024-08-09,-1.1329998970031738
2024-08-12,-1.1640000343322754
2024-08-13,-1.2009999752044678
2024-08-14,-1.2430002689361572
2024-08-15,-1.1539998054504395
2024-08-16,-1.182999849319458
2024-08-19,-1.196000099182129
2024-08-20,-1.2149999141693115
2024-08-21,-1.2269999980926514
2024-08-22,-1.1630001068115234
2024-08-23,-1.193000078201294
2024-08-26,-1.1800000667572021
2024-08-27,-1.1349999904632568
2024-08-28,-1.113999843597412
2024-08-29,-1.0980000495910645
2024-08-30,-1.056999921798706
2024-09-03,-1.1259996891021729
2024-09-04,-1.1800000667572021
2024-09-05,-1.2010002136230469
2024-09-06,-1.1979999542236328
2024-09-09,-1.1979999542236328
2024-09-10,-1.189000129699707
2024-09-11,-1.2219998836517334
2024-09-12,-1.1600000858306885
2024-09-13,-1.1129999160766602
2024-09-16,-1.123999834060669
2024-09-17,-1.0930001735687256
2024-09-18,-0.929999828338623
2024-09-19,-0.8529999256134033
2024-09-20,-0.817000150680542
2024-09-23,-0.7639997005462646
2024-09-24,-0.7589998245239258
2024-09-25,-0.7060000896453857
2024-09-26,-0.6770000457763672
2024-09-27,-0.7329998016357422
2024-09-30,-0.6960000991821289
2024-10-01,-0.7389998435974121
2024-10-02,-0.687999963760376
2024-10-03,-0.6150002479553223
2024-10-04,-0.5240001678466797
2024-10-07,-0.49900007247924805
2024-10-08,-0.49499988555908203
2024-10-09,-0.4679999351501465
2024-10-10,-0.43400001525878906
2024-10-11,-0.4419999122619629
2024-10-14,-0.4200000762939453
2024-10-15,-0.47699975967407227
2024-10-16,-0.4869999885559082
2024-10-17,-0.41899967193603516
2024-10-18,-0.440000057220459
2024-10-21,-0.3359999656677246
2024-10-22,-0.29600000381469727
2024-10-23,-0.2630000114440918
2024-10-24,-0.2870001792907715
2024-10-25,-0.2780003547668457
2024-10-28,-0.20399999618530273
2024-10-29,-0.20599985122680664
2024-10-30,-0.19700002670288086
2024-10-31,-0.14800024032592773
2024-11-01,-0.03900003433227539
2024-11-04,-0.10900020599365234
2024-11-05,-0.13399982452392578
2024-11-06,-0.0039997100830078125
2024-11-07,-0.07899999618530273
2024-11-08,-0.11699962615966797
2024-11-11,-0.10699987411499023
2024-11-12,0.009000301361083984
2024-11-13,0.06100034713745117
2024-11-14,0.03500032424926758
2024-11-15,0.034999847412109375
2024-11-18,0.01100015640258789
2024-11-19,-0.028999805450439453
2024-11-20,-0.0039997100830078125
2024-11-21,0.01900005340576172
2024-11-22,-0.005000114440917969
2024-11-25,-0.1400003433227539
2024-11-26,-0.09299993515014648
2024-11-27,-0.14300012588500977
2024-11-29,-0.19500017166137695
2024-12-02,-0.18400001525878906
2024-12-03,-0.13399982452392578
2024-12-04,-0.16499996185302734
2024-12-05,-0.15000009536743164
2024-12-06,-0.14400005340576172
2024-12-09,-0.09400033950805664
2024-12-10,-0.06399965286254883
2024-12-11,0.015999794006347656
2024-12-12,0.10099983215332031
2024-12-13,0.1810002326965332
2024-12-16,0.16899967193603516
2024-12-17,0.14500045776367188
2024-12-18,0.26200008392333984
2024-12-19,0.35000038146972656
2024-12-20,0.30900001525878906
2024-12-23,0.3839998245239258
2024-12-24,0.39100027084350586
2024-12-26,0.3639998435974121
2024-12-27,0.44099998474121094
2024-12-30,0.36299991607666016
2024-12-31,0.36499977111816406
2025-01-02,0.36699962615966797
2025-01-03,0.4030003547668457
2025-01-06,0.42799997329711914
2025-01-07,0.48000001907348633
2025-01-08,0.48799991607666016
2025-01-10,0.5630002021789551
2025-01-13,0.5850000381469727
2025-01-14,0.5750002861022949
2025-01-15,0.4479999542236328
2025-01-16,0.41099977493286133
2025-01-17,0.4160003662109375
2025-01-21,0.3769998550415039
2025-01-22,0.3839998245239258
2025-01-23,0.4250001907348633
2025-01-24,0.42100000381469727
2025-01-27,0.3399996757507324
2025-01-28,0.36100006103515625
2025-01-29,0.36699962615966797
2025-01-30,0.3299999237060547
2025-01-31,0.3809995651245117
2025-02-03,0.3530001640319824
2025-02-04,0.3000001907348633
2025-02-05,0.21199989318847656
2025-02-06,0.22700023651123047
2025-02-07,0.2589998245239258
2025-02-10,0.2649998664855957
2025-02-11,0.3120002746582031
2025-02-12,0.4089999198913574
2025-02-13,0.3120002746582031
2025-02-14,0.259000301361084
2025-02-18,0.33100032806396484
2025-02-19,0.3169999122619629
2025-02-20,0.2950000762939453
2025-02-21,0.22300004959106445
2025-02-24,0.20300006866455078
2025-02-25,0.11599969863891602
2025-02-26,0.0560002326965332
2025-02-27,0.08999967575073242
2025-02-28,0.03800010681152344
2025-03-03,-0.013000011444091797
2025-03-04,0.014999866485595703
2025-03-05,0.059999942779541016
2025-03-06,0.08899974822998047
2025-03-07,0.11999988555908203
2025-03-10,0.0279998779296875
2025-03-11,0.09299993515014648
2025-03-12,0.12099981307983398
2025-03-13,0.08599996566772461
2025-03-14,0.11999988555908203
2025-03-17,0.11800003051757812
2025-03-18,0.08599996566772461
2025-03-19,0.06599998474121094
2025-03-20,0.05099964141845703
2025-03-21,0.06699991226196289
2025-03-24,0.14899969100952148
2025-03-25,0.125
2025-03-26,0.14799976348876953
2025-03-27,0.180999755859375
2025-03-28,0.06699991226196289
2025-03-31,0.05299997329711914
2025-04-01,-0.043999671936035156
2025-04-02,-0.006999969482421875
2025-04-03,-0.13000011444091797
2025-04-04,-0.17000031471252441
2025-04-07,0.005000114440917969
2025-04-08,0.0840001106262207
2025-04-09,0.17199993133544922
2025-04-10,0.19700002670288086
2025-04-11,0.2800002098083496
2025-04-14,0.16899967193603516
2025-04-15,0.1230001449584961
2025-04-16,0.0709996223449707
2025-04-17,0.12800025939941406
2025-04-21,0.19500017166137695
2025-04-22,0.17600011825561523
2025-04-23,0.1789999008178711
2025-04-24,0.10799980163574219
2025-04-25,0.07299995422363281
2025-04-28,0.023000240325927734
2025-04-29,-0.017000198364257812
2025-04-30,-0.013000011444091797
2025-05-01,0.046000003814697266
2025-05-02,0.11399984359741211
2025-05-05,0.13499975204467773
2025-05-06,0.09800004959106445
2025-05-07,0.059999942779541016
2025-05-08,0.15799999237060547
2025-05-09,0.15999984741210938
2025-05-12,0.17699956893920898
2025-05-13,0.21400022506713867
2025-05-14,0.24300003051757812
2025-05-15,0.19700002670288086
2025-05-16,0.20399999618530273
2025-05-19,0.2350001335144043
2025-05-20,0.2329998016357422
2025-05-21,0.36100006103515625
2025-05-22,0.3210000991821289
2025-05-23,0.27899980545043945
2025-05-27,0.23099994659423828
2025-05-28,0.2520003318786621
2025-05-29,0.1939997673034668
2025-05-30,0.18400001525878906
2025-06-02,0.23000001907348633
2025-06-03,0.22499990463256836
2025-06-04,0.125
2025-06-05,0.16200017929077148
2025-06-06,0.2780003547668457
2025-06-09,0.24200010299682617
2025-06-10,0.2239999771118164
2025-06-11,0.16200017929077148
2025-06-12,0.0989999771118164
2025-06-13,0.18400001525878906
2025-06-16,0.20399999618530273
2025-06-17,0.17500019073486328
2025-06-18,0.17399978637695312
2025-06-20,0.17999982833862305
2025-06-23,0.16200017929077148
2025-06-24,0.11100006103515625
2025-06-25,0.10500001907348633
2025-06-26,0.059999942779541016
2025-06-27,0.08599996566772461
2025-06-30,0.039999961853027344
2025-07-01,0.026000022888183594
2025-07-02,0.07000017166137695
2025-07-03,0.10800027847290039
2025-07-07,0.15000009536743164
2025-07-08,0.16499996185302734
2025-07-09,0.0970001220703125
2025-07-10,0.10600042343139648
2025-07-11,0.18599987030029297
2025-07-14,0.19899988174438477
2025-07-15,0.2569999694824219
2025-07-16,0.23000001907348633
2025-07-17,0.22799968719482422
2025-07-18,0.20200014114379883
2025-07-21,0.1490001678466797
2025-07-22,0.10599994659423828
2025-07-23,0.14800024032592773
2025-07-24,0.16300010681152344
2025-07-25,0.14100027084350586
2025-07-28,0.18499994277954102
2025-07-29,0.09999990463256836
2025-07-30,0.14400005340576172
2025-07-31,0.125
2025-08-01,0.037999629974365234
2025-08-04,0.04699993133544922
2025-08-05,0.046000003814697266
2025-08-06,0.08699989318847656
2025-08-07,0.10599994659423828
2025-08-08,0.15199995040893555
2025-08-11,0.12999963760375977
2025-08-12,0.16300010681152344
2025-08-13,0.12799978256225586
2025-08-14,0.1810002326965332
2025-08-15,0.21600008010864258
2025-08-18,0.21799993515014648
2025-08-19,0.1919999122619629
2025-08-20,0.1810002326965332
2025-08-21,0.20200014114379883
2025-08-22,0.17200040817260742
2025-08-25,0.18200016021728516
2025-08-26,0.1700000762939453
2025-08-27,0.17799997329711914
2025-08-28,0.13499975204467773
2025-08-29,0.18400001525878906
2025-09-02,0.24499988555908203
2025-09-03,0.19299983978271484
2025-09-04,0.17800021171569824
2025-09-05,0.17599987983703613
2025-09-08,0.11800003051757812
2025-09-09,0.13099980354309082
2025-09-10,0.10199999809265137
2025-09-11,0.08300018310546875
2025-09-12,0.13299989700317383
2025-09-15,0.13399982452392578
2025-09-16,0.1359999179840088
2025-09-17,0.20800018310546875
2025-09-18,0.2239999771118164
2025-09-19,0.2609999179840088
2025-09-22,0.2950000762939453
2025-09-23,0.27499985694885254
2025-09-24,0.2889997959136963
2025-09-25,0.2890000343322754
2025-09-26,0.3269999027252197
2025-09-29,0.2779998779296875
2025-09-30,0.30299973487854004
2025-10-01,0.2609999179840088
2025-10-02,0.23999977111816406
2025-10-03,0.2609999179840088
2025-10-06,0.3020002841949463
2025-10-07,0.2839999198913574
2025-10-08,0.28600025177001953
2025-10-09,0.2949998378753662
2025-10-10,0.19800019264221191
2025-10-13,0.19800019264221191
2025-10-14,0.16899991035461426
2025-10-15,0.18799996376037598
2025-10-16,0.1230001449584961
2025-10-17,0.17499995231628418
2025-10-20,0.18799996376037598
2025-10-21,0.17799997329711914
2025-10-22,0.16499996185302734
2025-10-23,0.20299983024597168
2025-10-24,0.23399996757507324
2025-10-27,0.27900004386901855
2025-10-28,0.2630000114440918
2025-10-29,0.3280000686645508
2025-10-30,0.3359999656677246
2025-10-31,0.38299989700317383
2025-11-03,0.3229999542236328
2025-11-04,0.29600024223327637
2025-11-05,0.3689999580383301
2025-11-06,0.3299999237060547
2025-11-07,0.3359999656677246
2025-11-10,0.32700014114379883
2025-11-11,0.33699989318847656
2025-11-12,0.2869999408721924
2025-11-13,0.3190000057220459
2025-11-14,0.3599996566772461
2025-11-17,0.36099982261657715
2025-11-18,0.3510000705718994
2025-11-19,0.36099982261657715
2025-11-20,0.33099985122680664
2025-11-21,0.3230001926422119
2025-11-24,0.3080000877380371
2025-11-25,0.26999974250793457
2025-11-26,0.24499988555908203
2025-11-28,0.32000017166137695
2025-12-01,0.4030001163482666
2025-12-02,0.4140000343322754
2025-12-03,0.4220001697540283
2025-12-04,0.495999813079834
2025-12-05,0.5360000133514404
2025-12-08,0.5539999008178711
2025-12-09,0.5539999008178711
2025-12-10,0.5710000991821289
2025-12-11,0.5729997158050537
2025-12-12,0.6689996719360352
2025-12-15,0.6440000534057617
2025-12-16,0.6040000915527344
2025-12-17,0.6080000400543213
2025-12-18,0.5940001010894775
2025-12-19,0.6289999485015869
2025-12-22,0.6410000324249268
2025-12-23,0.6220002174377441
2025-12-24,0.5810000896453857
2025-12-26,0.5930001735687256
2025-12-29,0.5780000686645508
2025-12-30,0.5900001525878906
2025-12-31,0.6160001754760742
2026-01-02,0.6539998054504395
2026-01-05,0.6499998569488525
2026-01-06,0.6589999198913574
2026-01-07,0.622999906539917
2026-01-08,0.6760001182556152
2026-01-09,0.6579999923706055
2026-01-12,0.6539998054504395
2026-01-13,0.6110000610351562
2026-01-14,0.5799999237060547
2026-01-15,0.5949997901916504
2026-01-16,0.6740000247955322
2026-01-20,0.7230000495910645
2026-01-21,0.6649997234344482
2026-01-22,0.6610000133514404
2026-01-23,0.6569998264312744
2026-01-26,0.6379997730255127
2026-01-27,0.6530001163482666
2026-01-28,0.6689999103546143
2026-01-29,0.6470003128051758
2026-01-30,0.6690001487731934
2026-02-02,0.6970000267028809
2026-02-03,0.6840002536773682
2026-02-04,0.6800000667572021
2026-02-05,0.6319999694824219
2026-02-06,0.6159999370574951
2026-02-09,0.6050000190734863
2026-02-10,0.556999921798706
2026-02-11,0.5720000267028809
2026-02-12,0.5060000419616699
2026-02-13,0.4630002975463867
2026-02-17,0.4590001106262207
2026-02-18,0.4760000705718994
2026-02-19,0.4799997806549072
2026-02-20,0.4909999370574951
2026-02-23,0.44099974632263184
2026-02-24,0.44499993324279785
2026-02-25,0.45999979972839355
2026-02-26,0.4290001392364502
2026-02-27,0.3839998245239258
2026-03-02,0.45799994468688965
2026-03-03,0.4610002040863037
2026-03-04,0.4849998950958252
2026-03-05,0.557999849319458
2026-03-06,0.562999963760376
2026-03-09,0.5430002212524414
2026-03-10,0.5410001277923584
2026-03-11,0.6080002784729004
2026-03-12,0.6679997444152832
2026-03-13,0.681999921798706
2026-03-16,0.6149997711181641
2026-03-17,0.5970001220703125
2026-03-18,0.6489999294281006
2026-03-19,0.6690001487731934
2026-03-20,0.7729997634887695
2026-03-23,0.7220001220703125
2026-03-24,0.7720003128051758
2026-03-25,0.7080001831054688
2026-03-26,0.7960000038146973
2026-03-27,0.8329999446868896
2026-03-30,0.7439999580383301
2026-03-31,0.7109999656677246
2026-04-01,0.7139997482299805
2026-04-02,0.7060000896453857
2026-04-06,0.7120001316070557
2026-04-07,0.7279999256134033
2026-04-08,0.6909999847412109
2026-04-09,0.7050001621246338
2026-04-10,0.7239999771118164
2026-04-13,0.6940000057220459
2026-04-14,0.6440000534057617
2026-04-15,0.6700000762939453
2026-04-16,0.6990001201629639
2026-04-17,0.6459999084472656
2026-04-20,0.6519999504089355
2026-04-21,0.6939997673034668
2026-04-22,0.6990001201629639
2026-04-23,0.7279999256134033
2026-04-24,0.7170000076293945
2026-04-27,0.7460000514984131
2026-04-28,0.7640001773834229
2026-04-29,0.8280003070831299
2026-04-30,0.804999828338623
2026-05-01,0.80299973487854
2026-05-04,0.8560001850128174
2026-05-05,0.8159999847412109
2026-05-06,0.7560000419616699
2026-05-07,0.7940001487731934
2026-05-08,0.7689998149871826
2026-05-11,0.809999942779541
2026-05-12,0.8599998950958252
2026-05-13,0.8810000419616699
2026-05-14,0.872999906539917
2026-05-15,1.0069997310638428
2026-05-18,1.0550000667572021
2026-05-19,1.0919997692108154
2026-05-20,1.0150001049041748
2026-05-21,1.003999948501587
2026-05-22,0.9730000495910645
2026-05-26,0.9110000133514404
2026-05-27,0.8959999084472656
2026-05-28,0.8650000095367432
2026-05-29,0.8650000095367432
2026-06-01,0.8550000190734863
2026-06-02,0.8369998931884766
2026-06-03,0.8680002689361572
2026-06-04,0.8570003509521484
2026-06-05,0.9109997749328613
2026-06-08,0.9240000247955322
