date,symbol,Growth,Duration,Inflation,Credit,Commodity
2010-05,SPY,1.0,0.0,7.771561172376096e-16,1.942890293094024e-16,1.6653345369377348e-16
2010-05,QQQ,0.9563708505915421,-0.16617945982052318,-0.06830483611563698,0.2151440997335784,0.006653491697818759
2010-05,IWM,0.995980454611977,0.11609789205372101,-0.47054632400039226,0.3343265223014588,0.205410557580393
2010-05,EFA,0.9076993878278434,0.39715674336035844,-0.5271544359723996,0.2475296472250467,0.4579432428927211
2010-05,EEM,0.9983174049233174,0.20060222844332032,-0.07878535896291228,0.2966072440071391,0.3801522977844216
2010-05,TLT,-3.3306690738754696e-16,1.0,4.440892098500626e-16,2.914335439641036e-16,-4.718447854656915e-16
2010-05,IEF,0.019133533577768813,0.31856710389823883,0.6913751973832676,-0.09754361111714548,-0.3949348410753126
2010-05,TIP,2.220446049250313e-16,-5.551115123125783e-17,2.0,4.440892098500626e-16,-0.9999999999999998
2010-05,LQD,-0.08724588953398116,0.3906848491925136,0.882083536309511,0.45538986006379556,-0.5222632263793109
2010-05,HYG,0.01913353357776848,0.31856710389823906,0.691375197383268,0.902456388882854,-0.3949348410753125
2010-05,DBC,2.220446049250313e-16,-2.7755575615628914e-17,-2.7755575615628914e-16,-4.163336342344337e-17,1.0
2010-05,GLD,-0.22975109111879422,0.24106090273651115,1.2813518177500942,-0.07168515620459998,-0.21252216150877468
2010-05,SHY,-0.013101204241901976,0.028953753397916913,0.16189746067804828,-0.03788458563058946,-0.09229430832528582
2010-06,SPY,1.0000000000000004,-5.551115123125783e-16,1.1102230246251565e-16,-1.1102230246251565e-16,-5.204170427930421e-17
2010-06,QQQ,0.9655978847236099,-0.16579547191322086,-0.09431984044246505,0.20811480706992597,0.013043409047462526
2010-06,IWM,0.9907530668997967,0.11968648237056068,-0.45722438253869285,0.33310161126366955,0.1931458545274028
2010-06,EFA,0.9153356519282968,0.39290368411116483,-0.5469834789162451,0.24796565676498283,0.47361299458050365
2010-06,EEM,0.9828187678282253,0.207547807931463,-0.0379125718356042,0.2980295967536716,0.3521791919122798
2010-06,TLT,0.0,0.9999999999999999,-5.551115123125783e-17,-1.942890293094024e-16,1.6219664500383146e-16
2010-06,IEF,0.02220122725040513,0.31779693578379,0.6830601395932995,-0.09865229159431957,-0.39077120896915024
2010-06,TIP,-7.771561172376096e-16,-2.7755575615628914e-16,2.000000000000001,2.7755575615628914e-17,-1.0000000000000002
2010-06,LQD,-0.07830350444173062,0.3864148981719729,0.8585984849057952,0.45492832053638677,-0.5055271400032209
2010-06,HYG,0.022201227250404954,0.3177969357837901,0.6830601395932993,0.9013477084056813,-0.39077120896915074
2010-06,DBC,3.2959746043559335e-16,-1.3444106938820255e-16,-4.79217360238593e-16,-2.0209528495129803e-16,1.0000000000000007
2010-06,GLD,-0.23193135298010248,0.245585928399274,1.2857813155111193,-0.07633907452419766,-0.22451552141456618
2010-06,SHY,-0.010490374069527852,0.02760944163546835,0.15507707287328365,-0.03788573923686536,-0.08718622965958837
2010-07,SPY,1.0,4.440892098500626e-16,1.6653345369377348e-16,2.220446049250313e-16,2.0816681711721685e-17
2010-07,QQQ,0.9684605518288077,-0.16759854946060715,-0.08222642739987865,0.20942315680674733,0.004217616642800015
2010-07,IWM,1.0177427592879973,0.09122440975331225,-0.4202013856128319,0.31344257993934044,0.1656868157199259
2010-07,EFA,0.890874943916876,0.42137676994637396,-0.5625487830614594,0.27325747305174214,0.48547368669436397
2010-07,EEM,0.9440964487692007,0.2539849898922878,-0.05339678741028331,0.34187235789520887,0.36432514889209977
2010-07,TLT,0.0,1.0000000000000009,1.3877787807814457e-17,-8.326672684688674e-17,-2.0122792321330962e-16
2010-07,IEF,0.01984416939346395,0.3198327717953793,0.6768053819965498,-0.09819096013515019,-0.3861853367451165
2010-07,TIP,9.992007221626409e-16,-1.1657341758564144e-15,2.000000000000001,-5.689893001203927e-16,-1.0000000000000004
2010-07,LQD,-0.08708651030536368,0.3965627387012737,0.8524998541690607,0.4637979672677863,-0.5008993284836712
2010-07,HYG,0.01984416939346345,0.3198327717953797,0.6768053819965503,0.9018090398648503,-0.3861853367451162
2010-07,DBC,4.85722573273506e-17,6.002143226879753e-16,-5.629177679544739e-16,3.209238430557093e-16,1.0000000000000004
2010-07,GLD,-0.20842216042074724,0.21694006313360376,1.2921405190313169,-0.1042208981717157,-0.22968719739489193
2010-07,SHY,-0.00808426823449078,0.0251414571961303,0.15884370015930854,-0.03944465872004064,-0.08997164898449284
2010-08,SPY,0.9999999999999996,-1.1102230246251565e-16,1.1102230246251565e-16,-1.3877787807814457e-17,5.551115123125783e-17
2010-08,QQQ,0.9580722355554906,-0.1610209405159777,-0.13220261216533005,0.23835890680819444,0.022216703481307318
2010-08,IWM,1.0061149917908074,0.07978516210499087,-0.3170641122155707,0.3022782712252825,0.11074423670139491
2010-08,EFA,0.9197275904207506,0.43937815349997866,-0.7306170927402189,0.27690765194104283,0.5803367867217438
2010-08,EEM,0.9458542303578309,0.26527986439711126,-0.14992033901044338,0.3657179735444255,0.41083351062968065
2010-08,TLT,1.1102230246251565e-16,1.0000000000000004,-2.220446049250313e-16,1.3877787807814457e-17,1.249000902703301e-16
2010-08,IEF,0.03216332494393204,0.32481819253960237,0.6278946726131063,-0.10288814977455037,-0.3564673420585225
2010-08,TIP,-1.5543122344752192e-15,-2.7755575615628914e-16,2.0000000000000013,2.42861286636753e-16,-1.0000000000000009
2010-08,LQD,-0.07481185765967513,0.4009586290479484,0.808601333542897,0.45779386642480147,-0.4735712034888501
2010-08,HYG,0.03216332494393209,0.32481819253960187,0.6278946726131065,0.8971118502254493,-0.3564673420585225
2010-08,DBC,3.0531133177191805e-16,-2.0816681711721685e-16,1.942890293094024e-16,3.4954678040932663e-16,0.9999999999999997
2010-08,GLD,-0.2570174614079994,0.18481481888313678,1.5904933327920276,-0.11455281462658001,-0.3966749336823786
2010-08,SHY,-0.006306976559910332,0.02629713987479642,0.1480947673608546,-0.03911136396297173,-0.08394120939479995
2010-09,SPY,0.9999999999999998,3.3306690738754696e-16,0.0,-5.551115123125783e-17,-4.510281037539698e-16
2010-09,QQQ,0.9545010318043666,-0.15399775288384687,-0.1377225952081595,0.23922969006813027,0.02685041324213173
2010-09,IWM,1.017972116206312,0.05525100721975951,-0.2988714024816452,0.2969429148837919,0.09662430131660145
2010-09,EFA,0.9218139352510786,0.43975386774875913,-0.7268957959681692,0.28540321512153427,0.5729697605640945
2010-09,EEM,0.9417769067935648,0.2776243899001468,-0.15574311127728313,0.3754093378441956,0.4116229099205553
2010-09,TLT,-4.440892098500626e-16,0.9999999999999997,-5.828670879282072e-16,2.7755575615628914e-17,-5.0306980803327406e-17
2010-09,IEF,0.0356886757487207,0.314551925241167,0.6329743052695683,-0.11044907622343006,-0.35757344827972315
2010-09,TIP,-1.6653345369377348e-16,0.0,2.0,2.914335439641036e-16,-1.0000000000000002
2010-09,LQD,-0.07478488149546314,0.4013083300118249,0.808687673670053,0.4585970006987522,-0.47402525252036576
2010-09,HYG,0.03568867574872084,0.31455192524116715,0.6329743052695682,0.8895509237765707,-0.357573448279723
2010-09,DBC,4.3368086899420177e-16,-7.806255641895632e-17,-1.8908485888147197e-16,3.903127820947816e-16,1.0000000000000002
2010-09,GLD,-0.26244074830899367,0.19543777449929062,1.582105880041953,-0.11331601189239485,-0.389593817023744
2010-09,SHY,-0.0032460920078868777,0.01810919544760662,0.15258560129986584,-0.04421707881348999,-0.08565668535319733
2010-10,SPY,1.0000000000000002,-3.3306690738754696e-16,4.440892098500626e-16,-2.7755575615628914e-16,-1.3183898417423734e-16
2010-10,QQQ,0.9870690183796658,-0.16589436027420934,-0.15317417434565034,0.2186500508292339,0.035356920573457046
2010-10,IWM,1.0463932564716587,0.05807890902789592,-0.37542775042960536,0.2818005624615898,0.15423250291977908
2010-10,EFA,0.9277548403474463,0.4397159013187981,-0.7398947772072361,0.2821038417428942,0.5826217231718053
2010-10,EEM,0.931778039320911,0.26763869728485123,-0.08588154358682062,0.37881934144334384,0.3571989189856759
2010-10,TLT,-3.3306690738754696e-16,0.9999999999999999,1.6653345369377348e-16,0.0,-7.37257477290143e-17
2010-10,IEF,0.043346137510037186,0.3128128248039108,0.624289406990277,-0.11506218430327105,-0.35155373082283903
2010-10,TIP,-1.1102230246251565e-15,-2.7755575615628914e-16,2.0000000000000013,-1.6653345369377348e-16,-1.0000000000000007
2010-10,LQD,-0.0684190230095233,0.40114781401071015,0.795331042345941,0.4550360689695797,-0.46413814268171333
2010-10,HYG,0.043346137510036964,0.3128128248039097,0.6242894069902769,0.8849378156967296,-0.35155373082283964
2010-10,DBC,-4.475586568020162e-16,-3.634245682171411e-16,8.890457814381136e-16,7.047314121155779e-17,0.9999999999999996
2010-10,GLD,-0.23019541363925888,0.16052565855227602,1.6772617802631675,-0.13862483535538514,-0.46905711660249244
2010-10,SHY,-0.0019581147123644282,0.01594978928462938,0.160038615879269,-0.045391103491859486,-0.09173664534035046
2010-11,SPY,1.0,3.3306690738754696e-16,-4.440892098500626e-16,6.661338147750939e-16,1.8041124150158794e-16
2010-11,QQQ,0.9956733521656601,-0.21631189801976225,0.05002823571374243,0.2194136399537377,-0.1150496838209539
2010-11,IWM,1.047290391069841,0.049137923835889774,-0.3370938570364673,0.28370023659036053,0.12370209765868967
2010-11,EFA,0.938183150932959,0.40265325684269393,-0.6055157901604483,0.27115178275401386,0.4972292280378251
2010-11,EEM,0.927316152105524,0.2510093990450063,0.007823813684008363,0.39955456492377694,0.2628040517085397
2010-11,TLT,0.0,1.0000000000000002,6.106226635438361e-16,2.7755575615628914e-17,-1.5265566588595902e-16
2010-11,IEF,0.045996243464794806,0.3045496452136609,0.6530611250579563,-0.11841618208874546,-0.3685976077170204
2010-11,TIP,-9.992007221626409e-16,1.1102230246251565e-16,2.0,-4.163336342344337e-16,-0.9999999999999994
2010-11,LQD,-0.0677035927445595,0.396800650560356,0.8129485421145141,0.45517616380548787,-0.4772690443591998
2010-11,HYG,0.045996243464795,0.30454964521366146,0.6530611250579564,0.8815838179112552,-0.36859760771702094
2010-11,DBC,-1.3877787807814457e-17,2.3592239273284576e-16,1.0408340855860843e-17,-2.8102520310824275e-16,0.9999999999999999
2010-11,GLD,-0.22450795858176542,0.1353915073381594,1.7734521380676034,-0.14216700993313275,-0.5354606970452191
2010-11,SHY,-0.0018937661852085896,0.014983042385685333,0.16430284026656217,-0.045094072542379994,-0.09523809611593931
2010-12,SPY,1.0000000000000002,-5.551115123125783e-16,1.1102230246251565e-16,-2.498001805406602e-16,1.1102230246251565e-16
2010-12,QQQ,0.9890049767727773,-0.2245076372986281,0.17085396546170717,0.21472675813684844,-0.18160580152222325
2010-12,IWM,1.0496714017355804,0.046555620832060884,-0.3393560907351616,0.27454276960715196,0.12600784023816639
2010-12,EFA,0.931279665851307,0.4008909154582352,-0.5303166052129316,0.27951692286136337,0.45451315521045443
2010-12,EEM,0.9122086128404541,0.23212321615690645,0.2839228502311455,0.3883103210785056,0.11077780847864213
2010-12,TLT,-5.551115123125783e-16,1.0000000000000002,3.608224830031759e-16,5.551115123125783e-17,-1.1102230246251565e-16
2010-12,IEF,0.04630809150847176,0.30554241793717307,0.642887611441641,-0.11699862672403852,-0.3631108277161697
2010-12,TIP,5.551115123125783e-16,7.216449660063518e-16,2.0000000000000013,-5.551115123125783e-16,-1.0000000000000002
2010-12,LQD,-0.07079831844428752,0.39241959207725086,0.8733081543899578,0.45186557140686456,-0.5104066862839813
2010-12,HYG,0.046308091508471816,0.3055424179371733,0.6428876114416416,0.8830013732759615,-0.3631108277161696
2010-12,DBC,-3.885780586188048e-16,-4.440892098500626e-16,3.122502256758253e-17,-6.245004513516506e-17,1.0
2010-12,GLD,-0.24025238902532065,0.10289575633381165,2.156278681083924,-0.17907850489220206,-0.7438098760330658
2010-12,SHY,-0.00019284047756315537,0.018446457449596717,0.12329513031052984,-0.04119922599677928,-0.07291332875294464
2011-01,SPY,1.0000000000000002,2.220446049250313e-16,-2.7755575615628914e-16,1.1102230246251565e-16,-3.122502256758253e-17
2011-01,QQQ,0.9866881249062966,-0.2500905877123415,0.3859193092784041,0.20471416834760173,-0.32309379135969746
2011-01,IWM,1.0494796300792286,0.039738161450692755,-0.2827178559527218,0.27187845516463116,0.08846298152865323
2011-01,EFA,0.9181281925822896,0.4102404503992825,-0.5867694726964356,0.28304833741873053,0.5009758286906607
2011-01,EEM,0.8950873786666834,0.22218056672953257,0.3931675723577769,0.38427092063521284,0.04971106869747331
2011-01,TLT,1.1102230246251565e-16,1.0000000000000004,-1.1102230246251565e-16,1.249000902703301e-16,2.8622937353617317e-16
2011-01,IEF,0.04505208351063422,0.29655457802488205,0.7191439960966617,-0.12052029979156792,-0.41298424371361203
2011-01,TIP,1.1102230246251565e-16,2.220446049250313e-16,1.9999999999999998,5.551115123125783e-16,-0.9999999999999998
2011-01,LQD,-0.07323741205058965,0.3905569435572189,0.8925584098681054,0.45111584735629995,-0.5215589504204572
2011-01,HYG,0.045052083510633945,0.29655457802488217,0.7191439960966615,0.8794797002084322,-0.41298424371361225
2011-01,DBC,4.336808689942018e-17,5.204170427930421e-18,-1.6740081543176188e-16,-2.1684043449710089e-16,0.9999999999999996
2011-01,GLD,-0.21984726966022317,0.10743207125262877,2.0865132028491886,-0.1771205754651832,-0.7112291594716542
2011-01,SHY,0.0008941991427081145,0.018700265335359456,0.11947816140653375,-0.041090178090115115,-0.07111090183212636
2011-02,SPY,1.0000000000000004,-1.1102230246251565e-16,1.4432899320127035e-15,3.3306690738754696e-16,-2.0816681711721685e-17
2011-02,QQQ,0.9365836473355558,-0.2875761001390167,0.7026731783096305,0.189482690865301,-0.47387920874643524
2011-02,IWM,1.0546289987186206,0.06366208318517352,-0.36273079653580137,0.28339570766438665,0.12415936174225833
2011-02,EFA,0.9101065323334679,0.4017314489295283,-0.5301282799849281,0.27936646290281675,0.47431163018745365
2011-02,EEM,0.8479304060494756,0.22256201147689925,0.6069646901335717,0.3876173920212855,-0.05631426864618602
2011-02,TLT,6.661338147750939e-16,1.0,-6.38378239159465e-16,1.1102230246251565e-16,7.28583859910259e-17
2011-02,IEF,0.05606745641453337,0.30051860358667415,0.6596195378150274,-0.11929236804782795,-0.38413879850753996
2011-02,TIP,-3.3306690738754696e-16,-1.6653345369377348e-16,2.0000000000000018,-3.3306690738754696e-16,-1.0000000000000004
2011-02,LQD,-0.05228508494293316,0.4036997576238001,0.766088970558117,0.45622951284366564,-0.4610533962884008
2011-02,HYG,0.056067456414534034,0.300518603586674,0.6596195378150278,0.8807076319521723,-0.3841387985075394
2011-02,DBC,5.169475958410885e-16,-2.5153490401663703e-16,8.187894806610529e-16,6.617970060851519e-16,0.9999999999999999
2011-02,GLD,-0.2097002464007262,0.1580852196807784,1.920544854630408,-0.1526849788309092,-0.6373554990357445
2011-02,SHY,0.010478777087418213,0.026187414915059132,0.058137413857164935,-0.03801960431433911,-0.04194838097807052
2011-03,SPY,0.9999999999999998,-3.3306690738754696e-16,-4.0245584642661925e-16,0.0,2.220446049250313e-16
2011-03,QQQ,0.9190210979941775,-0.2887249084410827,0.7076827379755953,0.18362845856695764,-0.45622395776730984
2011-03,IWM,1.0681718095595287,0.06945948957141668,-0.38453776625272984,0.2870118346203233,0.12509080551859847
2011-03,EFA,0.9149862793490593,0.39596529870384534,-0.5092877467883853,0.2821058962582015,0.4513841052603626
2011-03,EEM,0.8586754261556997,0.1951757107839251,0.7065217785343411,0.39633580646424427,-0.1503032848219859
2011-03,TLT,-3.3306690738754696e-16,0.9999999999999993,7.979727989493313e-16,-8.326672684688674e-17,-1.249000902703301e-16
2011-03,IEF,0.06421630089777514,0.29540140991514763,0.6779379168312547,-0.11554279696422937,-0.4090640579970517
2011-03,TIP,5.551115123125783e-17,-2.498001805406602e-16,1.999999999999999,5.551115123125783e-17,-0.9999999999999993
2011-03,LQD,-0.043682534787427674,0.4021711180346197,0.7712757994459394,0.4594795028388316,-0.47589498780970674
2011-03,HYG,0.06421630089777475,0.29540140991514724,0.6779379168312551,0.88445720303577,-0.4090640579970518
2011-03,DBC,1.6653345369377348e-16,-1.5265566588595902e-16,-2.0816681711721685e-17,2.7755575615628914e-16,1.0
2011-03,GLD,-0.21750646554402747,0.17745049434107935,1.8501561392007413,-0.15892181222577464,-0.5706447274790076
2011-03,SHY,0.018217876424036945,0.024428874966486876,0.06420411355686155,-0.035025720077456766,-0.056435554978778085
2011-04,SPY,0.9999999999999998,-1.1102230246251565e-16,-8.326672684688674e-17,3.3306690738754696e-16,-1.1102230246251565e-16
2011-04,QQQ,0.926839565055386,-0.30008448094464424,0.7404377798395811,0.17938563501898513,-0.4801491456152063
2011-04,IWM,1.0616408202445542,0.06668436706044534,-0.3614412633878486,0.28615473289462523,0.11830383528696486
2011-04,EFA,0.9225207709473087,0.39479880228501685,-0.5179618868684902,0.2815271282018997,0.4496785731567974
2011-04,EEM,0.8404048250849931,0.20132894793346984,0.7138778019412447,0.39893237476270277,-0.1389100060762889
2011-04,TLT,-1.1102230246251565e-16,1.0000000000000009,9.71445146547012e-17,0.0,-3.122502256758253e-16
2011-04,IEF,0.06645722474738397,0.2937133864000501,0.6808755995156285,-0.11619621335984076,-0.41249888454737105
2011-04,TIP,5.551115123125783e-16,1.1102230246251565e-16,1.9999999999999982,0.0,-0.9999999999999991
2011-04,LQD,-0.043708268793128835,0.41142236864680265,0.7332597397536014,0.46280007374380766,-0.4557025026067168
2011-04,HYG,0.06645722474738336,0.2937133864000503,0.6808755995156288,0.8838037866401594,-0.4124988845473708
2011-04,DBC,2.636779683484747e-16,-5.342948306008566e-16,2.3245294578089215e-16,6.938893903907228e-17,0.9999999999999994
2011-04,GLD,-0.2260711336104671,0.21750254778368514,1.700687064730708,-0.14436617201652457,-0.48416751689082455
2011-04,SHY,0.01890737130583896,0.024739015879719328,0.06169513599845329,-0.03492907394758519,-0.05568156791783081
2011-05,SPY,1.0000000000000009,3.3306690738754696e-16,3.608224830031759e-16,2.220446049250313e-16,-2.498001805406602e-16
2011-05,QQQ,0.9269030881607709,-0.3187025826647891,0.8734927290014558,0.166673558010932,-0.5617938851816967
2011-05,IWM,1.0608446224731933,0.08553022618877637,-0.500811375821574,0.30034414825925215,0.20270083893300372
2011-05,EFA,0.9270818298996841,0.4003059934439197,-0.5279872850395138,0.27701597984724236,0.4628564059012491
2011-05,EEM,0.8363850487373075,0.18276841884576167,0.820370802196549,0.3936338196318392,-0.2105198984855665
2011-05,TLT,-3.3306690738754696e-16,1.0000000000000002,1.249000902703301e-16,-3.3306690738754696e-16,4.440892098500626e-16
2011-05,IEF,0.06699838957974191,0.2983121065217771,0.6515770929996187,-0.11406199489221129,-0.39366654355148
2011-05,TIP,3.3306690738754696e-16,-2.7755575615628914e-16,1.9999999999999993,2.7755575615628914e-17,-0.9999999999999993
2011-05,LQD,-0.04126864964659038,0.4058658208529087,0.7884730953694806,0.45463438177681526,-0.4858687331229077
2011-05,HYG,0.06699838957974236,0.29831210652177725,0.651577092999618,0.8859380051077884,-0.3936665435514793
2011-05,DBC,4.440892098500626e-16,6.938893903907228e-16,4.996003610813204e-16,0.0,0.9999999999999996
2011-05,GLD,-0.2179463081903467,0.2486401190700589,1.5308776587001194,-0.13797160497187166,-0.3673421116849593
2011-05,SHY,0.019471015566503096,0.029664545236280728,0.03021218759741008,-0.032614328855908745,-0.03547261992041586
2011-06,SPY,0.9999999999999996,2.220446049250313e-16,-9.597357630841685e-16,8.326672684688674e-17,7.771561172376096e-16
2011-06,QQQ,0.9365942494605907,-0.31637359109474295,0.9281263503980223,0.17006026638741653,-0.6130864970664845
2011-06,IWM,1.0650697818161015,0.08507923296723652,-0.461647468390864,0.3039021664469535,0.1691610894224409
2011-06,EFA,0.9248296115037625,0.3991428627611817,-0.5341766232712792,0.27711163735129396,0.47003669231277456
2011-06,EEM,0.8355452685606765,0.18137246369124393,0.8281323649664537,0.3950353773161347,-0.215177179614631
2011-06,TLT,-1.1102230246251565e-16,0.9999999999999996,2.1228678537266177e-16,-2.498001805406602e-16,1.6653345369377348e-16
2011-06,IEF,0.06688607510969341,0.2992837110526097,0.6404943335721092,-0.11551871102259109,-0.38546055919666145
2011-06,TIP,-1.1102230246251565e-15,1.6653345369377348e-16,2.0,-1.1102230246251565e-16,-0.9999999999999991
2011-06,LQD,-0.04372992837650025,0.40559778235131005,0.7712129472354521,0.45331511760041915,-0.47037639108221174
2011-06,HYG,0.06688607510969424,0.2992837110526092,0.6404943335721099,0.8844812889774091,-0.3854605591966616
2011-06,DBC,4.440892098500626e-16,4.440892098500626e-16,1.044520372972535e-15,3.885780586188048e-16,0.9999999999999994
2011-06,GLD,-0.23052812052727042,0.24143313885201168,1.503723349685774,-0.13643046188186905,-0.3326362212263782
2011-06,SHY,0.018497460428679037,0.029306557071475756,0.026021604062365634,-0.03277850649448226,-0.03126519096097536
2011-07,SPY,1.0000000000000002,4.440892098500626e-16,-3.885780586188048e-16,1.1102230246251565e-16,5.551115123125783e-16
2011-07,QQQ,0.9437005636699591,-0.29241125257343553,0.8279535259740646,0.17259232072780578,-0.5532276840589108
2011-07,IWM,1.1751257858355255,0.05923733318337143,-0.4409276962701486,0.28800008239051966,0.07413464500156963
2011-07,EFA,0.854080020532048,0.39392984198678116,-0.4610570009430399,0.2843038381527783,0.474928118474535
2011-07,EEM,0.7094545510236324,0.20703499398319147,0.8200156151027906,0.4127066473814361,-0.11646190003808599
2011-07,TLT,3.885780586188048e-16,1.0,3.95516952522712e-16,-1.249000902703301e-16,-4.718447854656915e-16
2011-07,IEF,0.07466872507377742,0.3014975323732917,0.6259543130005918,-0.1160821072725365,-0.38177498645296143
2011-07,TIP,4.996003610813204e-16,-5.828670879282072e-16,2.000000000000002,-8.604228440844963e-16,-1.0000000000000013
2011-07,LQD,-0.062046923052591574,0.4190638810459827,0.7314661759573223,0.4572343336108633,-0.430962369806888
2011-07,HYG,0.07466872507377753,0.3014975323732918,0.6259543130005917,0.8839178927274639,-0.3817749864529613
2011-07,DBC,0.0,0.0,-1.1796119636642288e-15,-3.608224830031759e-16,1.0000000000000004
2011-07,GLD,-0.4334385928623272,0.33317850064800014,1.2908630012675244,-0.10098839957166807,-0.04388538064664593
2011-07,SHY,0.023312884106054116,0.0296738676646213,0.020995374370689043,-0.033266293443825146,-0.03156593790897026
2011-08,SPY,1.0000000000000002,5.551115123125783e-16,-1.1518563880486e-15,4.996003610813204e-16,5.551115123125783e-16
2011-08,QQQ,0.9004281481723748,-0.2879994689685308,0.9438067107022261,0.168917271803054,-0.5803849076854891
2011-08,IWM,1.1396527818556184,0.08145317689517306,-0.4859782659332175,0.2905263528728458,0.14217222245241024
2011-08,EFA,0.8714405560272742,0.39241358968221784,-0.5094464364737866,0.28585379591074317,0.48705518634487077
2011-08,EEM,0.7539855537983431,0.19075284313297025,0.7891915915919878,0.4129917555763326,-0.14552288463813157
2011-08,TLT,3.3306690738754696e-16,1.0000000000000002,3.469446951953614e-18,2.914335439641036e-16,-1.1102230246251565e-16
2011-08,IEF,0.06705620178285387,0.30348579490899896,0.6372098636590955,-0.11636764578048338,-0.3806675383033644
2011-08,TIP,9.992007221626409e-16,5.551115123125783e-17,1.9999999999999993,-3.191891195797325e-16,-1.0000000000000004
2011-08,LQD,-0.0659963574458321,0.419092142256417,0.7448586097462107,0.4567874178612886,-0.43525870266916034
2011-08,HYG,0.06705620178285387,0.3034857949089989,0.6372098636590957,0.8836323542195164,-0.38066753830336475
2011-08,DBC,-8.881784197001252e-16,1.1102230246251565e-16,-1.0408340855860843e-15,-1.249000902703301e-16,1.0000000000000009
2011-08,GLD,-0.4452543443654602,0.3516255458367006,1.1926898278823521,-0.09685703747945001,0.032411616356780984
2011-08,SHY,0.02271221609326317,0.030257333906020742,0.01867201974799932,-0.03316178609872744,-0.02940748366179978
2011-09,SPY,1.0000000000000013,-2.220446049250313e-16,-1.6653345369377348e-16,-6.938893903907228e-17,5.551115123125783e-16
2011-09,QQQ,0.8726585549820948,-0.24120026072278145,0.8164031010946224,0.17172413173719747,-0.4815768486139415
2011-09,IWM,1.1294493764884612,0.06785153590660198,-0.4641602073374197,0.30049138690831,0.134158115703287
2011-09,EFA,0.9837368262770387,0.29469659610081134,-0.1982203677262843,0.24795132030184058,0.21921102162136574
2011-09,EEM,0.8848956320494076,0.09829566629627373,1.1041892594790785,0.3625824001038442,-0.426885717122826
2011-09,TLT,-1.1102230246251565e-16,1.0000000000000007,-9.71445146547012e-17,-6.938893903907228e-17,-2.7755575615628914e-17
2011-09,IEF,0.0677395088125875,0.3127314831498822,0.6171749743152316,-0.11945277178179761,-0.36813646652540877
2011-09,TIP,-2.220446049250313e-16,2.220446049250313e-16,2.000000000000001,-2.7755575615628914e-16,-1.0000000000000007
2011-09,LQD,-0.04370996012606565,0.39789223118059486,0.8106514174459234,0.4497894238972205,-0.49101554215242743
2011-09,HYG,0.0677395088125875,0.3127314831498818,0.6171749743152326,0.8805472282182023,-0.368136466525409
2011-09,DBC,4.996003610813204e-16,-2.7755575615628914e-16,-1.2698175844150228e-15,5.204170427930421e-17,1.0000000000000009
2011-09,GLD,-0.36660674238120566,0.37457551819369667,1.2070077440899,-0.1499120815300092,-0.023663025197472393
2011-09,SHY,0.026002550144798117,0.02609588077090373,0.030684295775281124,-0.03389573273271121,-0.039123789178871334
2011-10,SPY,0.9999999999999997,-2.220446049250313e-16,0.0,-1.8041124150158794e-16,-3.3306690738754696e-16
2011-10,QQQ,0.8780901979584262,-0.1801123935054484,0.48344475990276153,0.1463742278569676,-0.32281518033058626
2011-10,IWM,1.125168809302098,0.019391178172889045,-0.19909652015025808,0.32074579176046303,0.007671237808883236
2011-10,EFA,0.9759305996038505,0.2473786262183204,-0.05876688662197353,0.2491972807006195,0.1652865808115933
2011-10,EEM,0.8659363635941861,-0.0017777991390497405,1.3184920215611502,0.35269973028608526,-0.4939291928337417
2011-10,TLT,3.3306690738754696e-16,1.0000000000000002,-1.0130785099704553e-15,-4.718447854656915e-16,4.163336342344337e-16
2011-10,IEF,0.05914470446467379,0.2752792754186134,0.6480287961656634,-0.13081269745659055,-0.36446016392646086
2011-10,TIP,-3.3306690738754696e-16,0.0,1.9999999999999982,-8.396061623727746e-16,-0.999999999999999
2011-10,LQD,-0.05715849876352119,0.37481445518306405,0.5613396274355938,0.401132105539285,-0.3323336701170875
2011-10,HYG,0.05914470446467335,0.27527927541861297,0.6480287961656634,0.8691873025434096,-0.36446016392646063
2011-10,DBC,-9.43689570931383e-16,-1.1102230246251565e-16,-9.228728892196614e-16,-2.220446049250313e-16,1.0000000000000004
2011-10,GLD,-0.3916953387707407,0.21379648418147917,1.7281033550841507,-0.13834220262474756,-0.23443638216628443
2011-10,SHY,0.02392159181349611,0.013674481682928036,0.06624703171320451,-0.033730905436375684,-0.05267023078749898
2011-11,SPY,0.9999999999999997,0.0,-2.220446049250313e-16,-5.551115123125783e-17,-2.220446049250313e-16
2011-11,QQQ,0.8605060553961456,-0.17533133272868084,0.3651887913169966,0.14325229345141471,-0.2681628040622336
2011-11,IWM,1.1289044264283334,0.008834307833559096,-0.39567211975351296,0.3189634820581313,0.07353371836755346
2011-11,EFA,0.9531328873014095,0.2665298138202309,0.08888058017380224,0.2484696496885549,0.13096988186844843
2011-11,EEM,0.8745860525156919,0.0032232494045525417,1.5475132995435414,0.356120065087205,-0.580517084936051
2011-11,TLT,-4.440892098500626e-16,1.0000000000000004,-1.6653345369377348e-16,-5.551115123125783e-17,5.551115123125783e-17
2011-11,IEF,0.058359362594933184,0.27843307931464234,0.7110672858252998,-0.13019849445599177,-0.3858938817141535
2011-11,TIP,-3.885780586188048e-16,1.3877787807814457e-16,2.0000000000000027,-1.1102230246251565e-15,-1.0000000000000004
2011-11,LQD,-0.053293372497857816,0.38504800717515847,0.8495384636619214,0.404710702770417,-0.4359749400472061
2011-11,HYG,0.05835936259493302,0.2784330793146425,0.7110672858252999,0.8698015055440088,-0.38589388171415384
2011-11,DBC,-2.7755575615628914e-16,-2.7755575615628914e-16,-5.828670879282072e-16,-3.5388358909926865e-16,1.0000000000000013
2011-11,GLD,-0.36002143046682256,0.18878782600261113,1.560123447667441,-0.1369214332024106,-0.19974199552657507
2011-11,SHY,0.025794802545634245,0.016520290451484575,0.15680423562679113,-0.03253836268846251,-0.08573542537468429
2011-12,SPY,1.0000000000000004,2.7755575615628914e-16,-6.106226635438361e-16,2.220446049250313e-16,9.43689570931383e-16
2011-12,QQQ,0.8943546201740415,-0.15225234131636445,0.319467347307081,0.10733042790658093,-0.2706744740995865
2011-12,IWM,1.1445765255633769,0.016752644857743304,-0.4269108347215776,0.29737253161672944,0.08125617773187582
2011-12,EFA,0.9098094862329512,0.24229010853615585,0.16668313909940258,0.30394297261715597,0.11716916392649834
2011-12,EEM,0.8240544845332451,-0.025459050847575326,1.6367703779292553,0.42008913027708816,-0.595298906213899
2011-12,TLT,0.0,0.9999999999999991,-2.3592239273284576e-16,-6.661338147750939e-16,-4.163336342344337e-17
2011-12,IEF,0.03714796513143517,0.26691567531399557,0.7504352206987972,-0.10241035524539499,-0.39377616931650483
2011-12,TIP,-6.661338147750939e-15,8.326672684688674e-16,2.000000000000002,4.3298697960381105e-15,-0.9999999999999978
2011-12,LQD,-0.1010533447496122,0.36105583202729724,0.9452411831407214,0.47075641065380497,-0.4599537053742359
2011-12,HYG,0.037147965131436034,0.26691567531399507,0.7504352206987959,0.8975896447546045,-0.3937761693165041
2011-12,DBC,1.7763568394002505e-15,-5.689893001203927e-16,1.1657341758564144e-15,-5.689893001203927e-16,0.9999999999999984
2011-12,GLD,-0.5039774270698787,0.10615573306180161,1.8110507651306367,0.04366538013111307,-0.23889579823544388
2011-12,SHY,0.020499071851952065,0.013650603076794002,0.16665410498736705,-0.025590263689970902,-0.08772196889040472
2012-01,SPY,0.9999999999999999,-2.220446049250313e-16,-4.996003610813204e-16,-3.3306690738754696e-16,2.7755575615628914e-16
2012-01,QQQ,0.9017052196788544,-0.174584610834688,0.35026274886689707,0.08099870202762638,-0.28031438622449795
2012-01,IWM,1.1990512500810795,-0.04107573263790715,-0.5687543226350474,0.1976860261674333,0.15685865458216375
2012-01,EFA,1.0442235073451447,0.11001468711852741,-0.2190999834287844,0.06720274108449747,0.31793609410245316
2012-01,EEM,0.8904429999212022,-0.11379520813583005,1.525290130285371,0.2827670869327479,-0.5275527831347097
2012-01,TLT,-2.7755575615628914e-16,0.9999999999999993,-1.5265566588595902e-16,2.498001805406602e-16,-2.7755575615628914e-17
2012-01,IEF,0.03663020321608426,0.27428574915351356,0.7283422393308464,-0.09541639217597626,-0.3851805620391297
2012-01,TIP,-1.6653345369377348e-16,1.5265566588595902e-16,1.9999999999999996,-8.326672684688674e-17,-0.9999999999999996
2012-01,LQD,-0.07446260453268183,0.34657080351664815,0.8287707678145753,0.434279708000471,-0.40428241887800864
2012-01,HYG,0.036630203216084234,0.2742857491535137,0.7283422393308461,0.9045836078240229,-0.3851805620391293
2012-01,DBC,-4.440892098500626e-16,8.326672684688674e-17,3.608224830031759e-16,1.6653345369377348e-16,0.9999999999999998
2012-01,GLD,-0.3891756907592592,-0.05353405266961954,1.6421104485727644,-0.1999458137729131,-0.13121745772998442
2012-01,SHY,0.023765498384387858,0.010832233456836744,0.15591779065344571,-0.030992203402308596,-0.0823021781949952
2012-02,SPY,1.0000000000000004,-1.1102230246251565e-16,1.3322676295501878e-15,-3.3306690738754696e-16,-8.881784197001252e-16
2012-02,QQQ,0.9869436436790446,-0.12268373019600687,0.21010893772077166,0.02757844605019688,-0.19834129107515586
2012-02,IWM,1.1382741462444834,-0.1570259570753036,-0.19705711218328464,0.21207697984165605,-0.06186983584770739
2012-02,EFA,0.9439365626141065,-0.026181566373935816,0.20444163247104677,0.1074992432605267,0.06894909967557067
2012-02,EEM,0.7936001110572297,-0.30936438485621276,2.154779767107171,0.30245175169186533,-0.898030484724943
2012-02,TLT,5.551115123125783e-17,0.9999999999999999,-1.942890293094024e-16,-1.942890293094024e-16,-2.7755575615628914e-17
2012-02,IEF,0.03977888905059457,0.2788394907765905,0.714088694052963,-0.09659823018252314,-0.37679952283544815
2012-02,TIP,-1.2212453270876722e-15,-4.579669976578771e-16,2.0000000000000013,2.7755575615628914e-17,-1.0000000000000002
2012-02,LQD,-0.02143041326742401,0.3904148374889485,0.7018001685355921,0.40451190176223656,-0.3298252131953142
2012-02,HYG,0.03977888905059401,0.2788394907765908,0.7140886940529628,0.9034017698174776,-0.3767995228354482
2012-02,DBC,0.0,-1.6653345369377348e-16,2.7755575615628914e-17,-1.6653345369377348e-16,1.0
2012-02,GLD,-0.14121122516961085,0.12870903223866217,1.126781066451197,-0.3459647726823367,0.17071495672912396
2012-02,SHY,0.018756776828960424,0.008129891612070781,0.16295740925858687,-0.027748862445947528,-0.08641365207001588
2012-03,SPY,0.9999999999999998,-5.551115123125783e-17,0.0,-7.216449660063518e-16,4.996003610813204e-16
2012-03,QQQ,1.0463791960528033,0.03375345124393836,0.39118073888392035,0.1524408823721566,-0.2814516434399526
2012-03,IWM,1.1311324814193477,-0.13447245963747617,-0.021588986563096102,0.24865740480532242,-0.16383210859528108
2012-03,EFA,0.9738105476480683,0.06316437307686942,0.34656517759555416,0.18362673940199467,-0.0018364532666278466
2012-03,EEM,0.8916408196594965,-0.01313149594152746,2.635589955074001,0.5560507460696362,-1.1385019572001345
2012-03,TLT,-7.216449660063518e-16,0.9999999999999997,7.632783294297951e-16,-3.7470027081099033e-16,8.743006318923108e-16
2012-03,IEF,0.03727162379109056,0.2719299971939089,0.7049704759539945,-0.10225253325347751,-0.372453598234208
2012-03,TIP,5.551115123125783e-17,1.1102230246251565e-16,2.0000000000000013,1.3183898417423734e-16,-1.0000000000000004
2012-03,LQD,-0.018338630295344605,0.37677893550524433,0.6073683739538573,0.3838452408084086,-0.27520085799658095
2012-03,HYG,0.037271623791090835,0.2719299971939092,0.704970475953994,0.8977474667465224,-0.3724535982342081
2012-03,DBC,-6.661338147750939e-16,3.3306690738754696e-16,2.7755575615628914e-16,-6.938893903907228e-16,1.0
2012-03,GLD,-0.14715716840024357,0.19149381169500218,1.482767429651319,-0.2606111683037531,-0.033316997901809045
2012-03,SHY,0.017447358035218078,0.005468746752755436,0.16271381852415484,-0.029520048962792568,-0.08670871684696188
2012-04,SPY,1.0000000000000009,8.326672684688674e-17,-5.551115123125783e-17,5.551115123125783e-17,4.440892098500626e-16
2012-04,QQQ,1.0414877291310385,0.0032021656450536007,0.24652198242505607,0.13198337177945568,-0.21307565942618123
2012-04,IWM,1.1047254827367767,-0.08728232815205797,0.05042409321764352,0.2957788458584052,-0.18133740945796006
2012-04,EFA,0.9814107038012823,0.08811370715169778,0.48077541241782096,0.1986851956630029,-0.06702895882699411
2012-04,EEM,0.7481421408111821,0.05736499366019743,2.2792383181516525,0.673999991954082,-0.8947140650683281
2012-04,TLT,5.551115123125783e-17,1.0000000000000007,-6.938893903907228e-18,-5.342948306008566e-16,5.551115123125783e-16
2012-04,IEF,0.04546392641776856,0.27957699144907633,0.7722469493547013,-0.100316685214769,-0.407645289398389
2012-04,TIP,-1.6653345369377348e-16,1.249000902703301e-16,2.0000000000000004,4.163336342344337e-17,-0.9999999999999997
2012-04,LQD,0.06480473126261449,0.3745291249597834,0.9690363148241662,0.34417388338557375,-0.48680095028475007
2012-04,HYG,0.045463926417768974,0.2795769914490763,0.772246949354701,0.899683314785231,-0.4076452893983887
2012-04,DBC,2.7755575615628914e-16,9.71445146547012e-17,-4.163336342344337e-17,2.3592239273284576e-16,1.0000000000000007
2012-04,GLD,0.2355564755001509,0.17353962094307,3.1169927654970344,-0.44886453356659434,-0.993475076539551
2012-04,SHY,0.02392605620004469,0.007395485085779818,0.19934820370687167,-0.031049944859107045,-0.10702843245594754
2012-05,SPY,0.9999999999999991,1.4988010832439613e-15,1.1657341758564144e-15,-9.992007221626409e-16,2.275957200481571e-15
2012-05,QQQ,1.0485167433463847,-0.007024206044401293,0.21676274102572543,0.10263945851687994,-0.1903606415177344
2012-05,IWM,1.0904344776447377,-0.07995971195963841,0.046650876214567094,0.3616330520322569,-0.19797065682096993
2012-05,EFA,0.9899659750661443,0.07830474998522585,0.45714328297833373,0.16175658321450717,-0.04516901582667665
2012-05,EEM,0.759413061454006,0.04476377370984819,2.249638286225112,0.6252015803676327,-0.8666202264541816
2012-05,TLT,-9.43689570931383e-16,1.0000000000000016,1.4432899320127035e-15,-1.7139067942650854e-15,1.8457457784393227e-15
2012-05,IEF,0.05865700743379876,0.27240082286423695,0.7737444411676226,-0.16092020683223582,-0.3913769872584579
2012-05,TIP,-4.440892098500626e-16,2.498001805406602e-16,2.0,2.42861286636753e-16,-0.9999999999999997
2012-05,LQD,0.06598543221820202,0.36806826212265187,0.9414022219203986,0.3414259442345427,-0.47257958260053395
2012-05,HYG,0.0586570074337992,0.272400822864237,0.7737444411676231,0.8390797931677626,-0.39137698725845704
2012-05,DBC,7.216449660063518e-16,-5.551115123125783e-16,-3.191891195797325e-16,8.604228440844963e-16,0.9999999999999997
2012-05,GLD,0.3202879503431859,0.09955819899918322,2.993497054165287,-0.8252589850591666,-0.8277989239058501
2012-05,SHY,0.02820703690891463,0.004164444713764532,0.19552729858035062,-0.05029998661303339,-0.09976966695860633
2012-06,SPY,0.9999999999999999,-2.220446049250313e-16,3.885780586188048e-16,2.7755575615628914e-17,-2.7755575615628914e-16
2012-06,QQQ,1.002288517925021,-0.007597875360065176,0.20442583753233168,0.11186891651159456,-0.10609145073859688
2012-06,IWM,1.051691272907363,-0.07473725436825607,0.12591927596950492,0.3759221660659049,-0.19494718715843556
2012-06,EFA,1.0649175635009083,0.0664665166839914,0.27653280780652745,0.13211940974034,-0.03045290021847477
2012-06,EEM,0.8177466547264747,0.03838108914913507,2.1535491622090586,0.6053885679106371,-0.888721000232176
2012-06,TLT,-1.1102230246251565e-16,1.0000000000000002,9.71445146547012e-17,4.996003610813204e-16,-6.938893903907228e-17
2012-06,IEF,0.03451874341588662,0.27130957585985593,0.754863650310573,-0.1570108139545645,-0.3379913042504659
2012-06,TIP,-1.1102230246251565e-16,-1.3877787807814457e-16,1.9999999999999993,-9.71445146547012e-17,-0.9999999999999998
2012-06,LQD,0.07858628805318302,0.3645551949622626,0.8871118017415245,0.3346933487364062,-0.4520552629332052
2012-06,HYG,0.03451874341588673,0.27130957585985604,0.7548636503105728,0.8429891860454359,-0.33799130425046553
2012-06,DBC,-5.551115123125783e-17,-5.134781488891349e-16,9.575673587391975e-16,2.42861286636753e-17,0.9999999999999999
2012-06,GLD,0.3020300136309362,0.08585964247199945,2.776956409883521,-0.837095498145953,-0.6348313167086493
2012-06,SHY,0.027425153939939932,0.003264333378813298,0.18132878081782772,-0.051167121656224716,-0.0877902399615307
2012-07,SPY,0.9999999999999991,-1.1102230246251565e-16,1.6653345369377348e-16,4.718447854656915e-16,2.220446049250313e-16
2012-07,QQQ,1.0512688311118723,-0.02097675315040537,0.19988208729060153,0.019422600729722433,-0.08916942126679345
2012-07,IWM,1.0567050242793437,-0.07932525431545367,0.15783555273740646,0.36020912793783766,-0.21000854560049992
2012-07,EFA,1.0396799338393603,0.0821118786611913,0.19082258035142197,0.19674834199340724,0.006492827982928995
2012-07,EEM,0.7585416327463512,0.05046826954221939,2.2001361826517,0.709201402437767,-0.9304879704017596
2012-07,TLT,2.220446049250313e-16,1.0000000000000007,3.3306690738754696e-16,-2.636779683484747e-16,-4.163336342344337e-16
2012-07,IEF,0.026328354143118737,0.27541071541999385,0.7368702267378409,-0.13793253177419712,-0.33109523106980393
2012-07,TIP,8.881784197001252e-16,-2.498001805406602e-16,1.9999999999999996,-3.3306690738754696e-16,-1.0000000000000004
2012-07,LQD,0.1049101228835313,0.3595154856757265,0.8630326673212553,0.2891855031965358,-0.4317393388506408
2012-07,HYG,0.026328354143118626,0.2754107154199934,0.736870226737841,0.8620674682258026,-0.3310952310698041
2012-07,DBC,-8.881784197001252e-16,-6.522560269672795e-16,1.3530843112619095e-15,1.5959455978986625e-16,0.9999999999999997
2012-07,GLD,0.274340497486135,0.10847668574285763,2.6280696387071396,-0.7556011027411647,-0.565850284115941
2012-07,SHY,0.028341570694629017,0.0033982177824818625,0.17737830991661893,-0.052150703438585834,-0.0854689379541462
2012-08,SPY,0.9999999999999996,1.1102230246251565e-16,1.2212453270876722e-15,-2.636779683484747e-16,2.7755575615628914e-16
2012-08,QQQ,1.0519996470819821,-0.03170252488800662,0.20703089488205095,0.015344962423802178,-0.0998167354425421
2012-08,IWM,1.0740643434443395,-0.0861626481474641,0.15151529568060607,0.3708001684608162,-0.23302743826115807
2012-08,EFA,1.0188526495533554,0.03513210968087266,0.23760641928865056,0.1601266004563019,-0.017056464973589147
2012-08,EEM,0.7431349022094473,-0.011919172190866134,2.2543751050249927,0.6701347672146272,-0.9735317039565841
2012-08,TLT,6.661338147750939e-16,1.0000000000000013,1.1102230246251565e-16,-5.412337245047638e-16,6.106226635438361e-16
2012-08,IEF,0.01495379592126811,0.2474637056577958,0.7640471161068003,-0.15892528530060807,-0.3460793415311819
2012-08,TIP,-4.440892098500626e-16,2.498001805406602e-16,2.000000000000001,3.8510861166685117e-16,-1.0000000000000002
2012-08,LQD,0.07139128752078128,0.3393339677857501,0.8989514736041206,0.25426781936776477,-0.41824653641354115
2012-08,HYG,0.01495379592126811,0.24746370565779605,0.7640471161068002,0.8410747146993922,-0.3460793415311815
2012-08,DBC,2.220446049250313e-16,-6.106226635438361e-16,-9.43689570931383e-16,9.020562075079397e-17,1.0000000000000002
2012-08,GLD,0.2586112288508139,-0.0293174139027918,2.736083586091803,-0.8275987903460771,-0.6785025624482813
2012-08,SHY,0.026200502769040207,-0.0003119934716614113,0.18139256921335742,-0.05543035813986772,-0.08685193911342627
2012-09,SPY,0.9999999999999996,-1.1102230246251565e-16,1.1102230246251565e-16,0.0,3.885780586188048e-16
2012-09,QQQ,1.1605488451901889,-0.04620892926988185,0.08048834549553902,-0.09542201397305852,-0.05757306608837415
2012-09,IWM,1.1006317143446362,-0.09031056427141526,0.09645665724630764,0.33894642416536164,-0.20638301351197558
2012-09,EFA,0.9114981793379847,0.04593184058199551,0.21975839476755774,0.2415136384882753,0.03796324348261371
2012-09,EEM,0.807087845451014,-0.01718327902941963,2.3121551898121497,0.6309359566829078,-1.038223251053604
2012-09,TLT,-1.1102230246251565e-16,1.000000000000001,5.273559366969494e-16,-2.8449465006019636e-16,5.273559366969494e-16
2012-09,IEF,0.03810885315272722,0.24473491676669812,0.7517941800837222,-0.17965058261252353,-0.3470462549696881
2012-09,TIP,6.106226635438361e-16,4.996003610813204e-16,1.9999999999999996,-1.6653345369377348e-16,-1.0
2012-09,LQD,0.037547732727067906,0.3431657078246425,0.9105441835650742,0.28331615498201057,-0.41255768129564
2012-09,HYG,0.03810885315272722,0.2447349167666975,0.7517941800837223,0.8203494173874765,-0.347046254969688
2012-09,DBC,-9.992007221626409e-16,-3.3306690738754696e-16,-6.106226635438361e-16,-2.42861286636753e-16,1.0000000000000009
2012-09,GLD,0.30408690075298517,-0.036465336510527746,2.639908511322691,-0.8825033993510601,-0.6315881468625315
2012-09,SHY,0.022406954811141744,0.00011987856716398279,0.18278753438451953,-0.052155496776457276,-0.08627893781532504
2012-10,SPY,0.9999999999999996,-4.440892098500626e-16,5.551115123125783e-17,5.551115123125783e-17,1.1102230246251565e-16
2012-10,QQQ,1.1533675816769675,-0.03722037000516565,-0.0887341828330036,-0.13923122022628343,0.0628260587295909
2012-10,IWM,1.0991179070724226,-0.0875925481396227,0.0884470976779081,0.3395064482471173,-0.20001446210637935
2012-10,EFA,0.9227272790049814,0.024224802747471963,0.22724349771975286,0.21897231576211584,0.02641120491731236
2012-10,EEM,0.8579314533683196,-0.12331167981065982,2.0825263605755637,0.43556269650117885,-0.9094200966307028
2012-10,TLT,-4.440892098500626e-16,0.9999999999999996,-2.7755575615628914e-17,-4.371503159461554e-16,-1.942890293094024e-16
2012-10,IEF,0.04048657951408241,0.23930716626609136,0.7254437267621128,-0.19431526165369759,-0.33029325866754455
2012-10,TIP,-1.1657341758564144e-15,3.0531133177191805e-16,2.0000000000000013,6.557254739192331e-16,-1.0000000000000002
2012-10,LQD,0.03951010681161632,0.3432333347225709,1.041594221618856,0.3253171139659368,-0.503743974400387
2012-10,HYG,0.04048657951408213,0.2393071662660911,0.7254437267621132,0.8056847383463027,-0.3302932586675444
2012-10,DBC,4.996003610813204e-16,2.220446049250313e-16,-5.412337245047638e-16,-1.0408340855860843e-16,1.0000000000000007
2012-10,GLD,0.3811172443967792,-0.20041197572480784,2.1859160699094957,-1.2160695560924557,-0.3635302680890782
2012-10,SHY,0.023303374807004756,-0.0021209472250860763,0.16631674675288166,-0.05999868275525849,-0.07547062675730891
2012-11,SPY,1.0000000000000009,-2.220446049250313e-16,1.1102230246251565e-16,-6.938893903907228e-16,1.6653345369377348e-16
2012-11,QQQ,1.1587980250446281,-0.0447193121405145,-0.1995054031543994,-0.21407376432379802,0.17005291480733292
2012-11,IWM,0.9684758664921954,-0.16517328992599456,0.11498269977906661,0.29798922453384147,-0.11887850478209672
2012-11,EFA,0.8072100110306576,-0.02758675469057914,0.4223864344137005,0.30212504148570957,-0.07498342276155778
2012-11,EEM,0.6974131718940968,-0.207901404984155,2.224890759245828,0.46118368325003767,-0.9204218040089295
2012-11,TLT,-1.1102230246251565e-16,1.0000000000000004,-1.3877787807814457e-16,9.71445146547012e-17,-1.5265566588595902e-16
2012-11,IEF,0.031375575305589876,0.23350883129711972,0.7233280503438805,-0.1999798614333079,-0.32063486440268063
2012-11,TIP,3.885780586188048e-16,3.885780586188048e-16,1.9999999999999996,-2.8449465006019636e-16,-0.9999999999999997
2012-11,LQD,0.01762190791674212,0.3342626368634411,1.087227254538647,0.3471172989570238,-0.5316871031325864
2012-11,HYG,0.0313755753055896,0.2335088312971198,0.7233280503438806,0.8000201385666925,-0.3206348644026806
2012-11,DBC,1.6653345369377348e-16,2.220446049250313e-16,9.159339953157541e-16,9.020562075079397e-17,1.0000000000000002
2012-11,GLD,0.21818628206098423,-0.28812750095818945,2.3114563115225724,-1.203303766455258,-0.35557232837360114
2012-11,SHY,0.022272680557777702,-0.0026979369224040053,0.16688484820174113,-0.06007575831170499,-0.07519230484753933
2012-12,SPY,0.9999999999999999,-1.1102230246251565e-16,3.3306690738754696e-16,1.1102230246251565e-16,-7.216449660063518e-16
2012-12,QQQ,1.2049929994522433,-0.04632909919819039,-0.13476508403823984,-0.25095526635248455,0.13029895721176288
2012-12,IWM,1.0805191772185245,-0.1682062110493906,0.27563566021519625,0.212050334491845,-0.21917134074092703
2012-12,EFA,0.8523390031964042,-0.03461591531870023,0.4629123594102533,0.2440868939115458,-0.08957886523695546
2012-12,EEM,0.6548068890930022,-0.210004218052526,2.1502416336537546,0.48073042939720073,-0.867818129093396
2012-12,TLT,-7.771561172376096e-16,0.9999999999999993,7.216449660063518e-16,-3.608224830031759e-16,2.498001805406602e-16
2012-12,IEF,0.02642026089377414,0.23333779872877466,0.7149521918071057,-0.19740989507132065,-0.3148434908507483
2012-12,TIP,-3.3306690738754696e-16,-2.7755575615628914e-17,2.000000000000001,-1.734723475976807e-16,-1.0000000000000002
2012-12,LQD,0.021087666258765958,0.33669533297418297,1.1027167894715424,0.35464915573133854,-0.5460136834510194
2012-12,HYG,0.026420260893774472,0.2333377987287741,0.7149521918071053,0.8025901049286793,-0.3148434908507489
2012-12,DBC,-3.885780586188048e-16,8.049116928532385e-16,-5.551115123125783e-17,-3.885780586188048e-16,1.0000000000000004
2012-12,GLD,0.07025153391898808,-0.27697034896416783,2.1291236393658175,-1.060986802849114,-0.25492867290662646
2012-12,SHY,0.01680167975368245,-0.0023439793398142145,0.15989746153377404,-0.05504911841754579,-0.07120963566778983
2013-01,SPY,1.000000000000001,3.3306690738754696e-16,-2.3314683517128287e-15,1.734723475976807e-16,1.3322676295501878e-15
2013-01,QQQ,1.51370231106826,-0.016432975660814364,0.09376818619166016,-0.618658256695672,0.021537731288267248
2013-01,IWM,1.2544873582725895,-0.1648290510588214,0.3701455276321159,-0.005689447813843944,-0.26715519423241957
2013-01,EFA,0.6415517894079026,-0.07359735841234788,0.25962078139867895,0.4806444885241483,0.003026376585104712
2013-01,EEM,0.5161959442033137,-0.25937715219608737,1.95615317781653,0.6177361239598802,-0.7834710735479804
2013-01,TLT,1.1102230246251565e-16,1.0000000000000004,3.0531133177191805e-16,-2.706168622523819e-16,2.7755575615628914e-17
2013-01,IEF,-0.03177963971435388,0.22774608301838462,0.6719808304955326,-0.1280533466249939,-0.29438306949532533
2013-01,TIP,-5.551115123125783e-16,-1.1102230246251565e-16,2.0000000000000013,1.9081958235744878e-16,-1.0000000000000009
2013-01,LQD,-0.08956672143362554,0.3276401023144301,1.0250269022931615,0.4877472198291577,-0.5086697244799863
2013-01,HYG,-0.031779639714353825,0.22774608301838445,0.6719808304955328,0.8719466533750058,-0.2943830694953256
2013-01,DBC,-3.885780586188048e-16,-1.942890293094024e-16,1.5265566588595902e-16,2.168404344971009e-17,1.0000000000000004
2013-01,GLD,0.1472207727571162,-0.275189230035827,2.1716680848121053,-1.1570977912884444,-0.27644177493678024
2013-01,SHY,-0.006980038234565486,-0.005121468061361646,0.14108499921171735,-0.02709350495151494,-0.06236245749707519
2013-02,SPY,0.9999999999999994,-4.440892098500626e-16,5.551115123125783e-17,-3.191891195797325e-16,5.551115123125783e-17
2013-02,QQQ,1.433544394288863,-0.03147996175394874,0.3917948387153372,-0.5496971999842332,-0.14981110025909594
2013-02,IWM,1.2420061527869095,-0.1569360958812841,0.3667899210780587,0.010476269815739458,-0.26013592970323796
2013-02,EFA,0.6232490278178805,-0.05989999043711797,0.24437961545693856,0.5054760768498816,0.02030894336279815
2013-02,EEM,0.42454398658081427,-0.2609564516206684,2.220953850986102,0.7048715630055176,-0.9279468424981152
2013-02,TLT,-8.881784197001252e-16,0.9999999999999998,4.163336342344337e-16,-8.326672684688674e-17,1.3877787807814457e-16
2013-02,IEF,-0.04506405626588006,0.24140307001875527,0.6428573604530095,-0.10806007341618849,-0.2696074662382953
2013-02,TIP,-8.881784197001252e-16,-2.3592239273284576e-16,1.9999999999999991,-2.185751579730777e-16,-0.9999999999999994
2013-02,LQD,-0.10703151848996065,0.3514819763960073,0.9581184704437669,0.5171539722811881,-0.4567150236888209
2013-02,HYG,-0.04506405626588017,0.241403070018755,0.6428573604530088,0.8919399265838117,-0.2696074662382949
2013-02,DBC,7.216449660063518e-16,8.881784197001252e-16,5.689893001203927e-16,-5.898059818321144e-17,0.9999999999999998
2013-02,GLD,0.10036105605374512,-0.268131589643327,2.2688197505080954,-1.1083765199124258,-0.3244149253180079
2013-02,SHY,-0.009655179633794619,0.0038731074322287656,0.10486376625807159,-0.019756048217116753,-0.03681482837971416
2013-03,SPY,1.0000000000000013,0.0,-1.5543122344752192e-15,-4.85722573273506e-16,4.440892098500626e-16
2013-03,QQQ,1.4127884903716121,-0.0422259122456643,0.5274177630355036,-0.5372311489284621,-0.2162852977595529
2013-03,IWM,1.226630242431606,-0.16560732094233654,0.47667920382059703,0.020135227560679328,-0.31506564510120766
2013-03,EFA,0.6075259892777911,-0.03815902947063593,-0.04897866213839011,0.4970852126012901,0.20902730899465982
2013-03,EEM,0.40203256156903455,-0.2645894946833648,2.2617135474061025,0.7136043008009185,-0.9358625956036993
2013-03,TLT,1.1102230246251565e-16,1.0,1.6653345369377348e-16,1.3877787807814457e-16,5.551115123125783e-16
2013-03,IEF,-0.03144551863561565,0.2359368620944404,0.7197914408430868,-0.1087688654096901,-0.32613736354458206
2013-03,TIP,1.27675647831893e-15,3.3306690738754696e-16,2.000000000000001,-9.26342336171615e-16,-1.0000000000000007
2013-03,LQD,-0.09260439297330941,0.3462529017765978,1.032174946258776,0.5160678638055793,-0.5121074051427369
2013-03,HYG,-0.03144551863561579,0.23593686209444026,0.719791440843087,0.8912311345903099,-0.32613736354458256
2013-03,DBC,-8.881784197001252e-16,3.7470027081099033e-16,6.245004513516506e-17,6.591949208711867e-17,1.0000000000000004
2013-03,GLD,0.06529215309849445,-0.2874778236465029,2.513740920410418,-1.0866038002191338,-0.4462499496915814
2013-03,SHY,-0.00850938442611091,0.0024749131304334033,0.12377432923286737,-0.019255675409745345,-0.04907808391772346
2013-04,SPY,0.9999999999999997,-1.1102230246251565e-16,-2.7755575615628914e-16,9.71445146547012e-17,2.7755575615628914e-16
2013-04,QQQ,1.3316282009643108,-0.042787526656629216,0.5430559361759039,-0.4921714402584939,-0.19442384176856997
2013-04,IWM,1.2139861791861206,-0.16623038780805022,0.4759199733979771,0.02403422360106025,-0.308556771169077
2013-04,EFA,0.5346897420357368,-0.03936473118663525,-0.03913104746893081,0.5334345516040899,0.2327120973320188
2013-04,EEM,0.2161092576304201,-0.2686122693090315,2.2812119262070643,0.8008831815595987,-0.8699286469541744
2013-04,TLT,-1.1102230246251565e-16,0.9999999999999998,0.0,4.163336342344337e-17,1.6653345369377348e-16
2013-04,IEF,-0.01749117964103203,0.23618145658961442,0.7179859299782471,-0.11565360608828482,-0.3307538129828293
2013-04,TIP,-7.216449660063518e-16,-4.163336342344337e-16,1.9999999999999993,-3.5214886562329184e-16,-0.9999999999999997
2013-04,LQD,-0.10078879050570516,0.34573985823187187,1.0310287478118911,0.5179521839303142,-0.5072584570588214
2013-04,HYG,-0.01749117964103114,0.23618145658961465,0.7179859299782473,0.8843463939117144,-0.33075381298282913
2013-04,DBC,0.0,-3.885780586188048e-16,-5.551115123125783e-17,1.1796119636642288e-16,0.9999999999999997
2013-04,GLD,-0.0009492598651287265,-0.2918859456798956,2.502938126146008,-1.0728430988303987,-0.40552265849757957
2013-04,SHY,-0.002118394016393875,0.002833707365980249,0.12441979430816191,-0.02097083916697349,-0.05262215518800964
2013-05,SPY,1.0,9.992007221626409e-16,8.881784197001252e-16,1.734723475976807e-16,5.828670879282072e-16
2013-05,QQQ,1.3489299163952002,-0.02649113357454358,0.5590402447410696,-0.4821399224792666,-0.21306074224424515
2013-05,IWM,1.1809644277192457,-0.23153176407339038,0.20978341626132294,-0.02650237218113302,-0.16578658507558394
2013-05,EFA,0.6149729102966583,0.06872110882998433,0.25874287850375055,0.6097845621510694,0.044458798500066954
2013-05,EEM,0.24961901736704595,-0.2104368476251171,2.4955339583362735,0.8447399094658127,-0.9894462301446676
2013-05,TLT,-1.4432899320127035e-15,0.999999999999999,-6.38378239159465e-16,-2.0816681711721685e-16,9.71445146547012e-17
2013-05,IEF,-0.016182642453846874,0.24016418965104275,0.7381441049445803,-0.11237048748407225,-0.34078435336567753
2013-05,TIP,1.6653345369377348e-16,-2.7755575615628914e-17,2.0000000000000004,3.2959746043559335e-17,-1.0000000000000007
2013-05,LQD,-0.10184063517387087,0.3501257262089787,1.0671021170896662,0.5222774918704625,-0.5229792180312264
2013-05,HYG,-0.01618264245384654,0.24016418965104322,0.7381441049445806,0.8876295125159278,-0.340784353365677
2013-05,DBC,5.551115123125783e-17,-2.636779683484747e-16,-4.163336342344337e-17,6.765421556309548e-17,1.0
2013-05,GLD,-0.06852293831050632,-0.35407403753791833,2.4505636697924897,-1.1106828604987975,-0.33730834513502744
2013-05,SHY,-0.0016822969799900403,0.0026657662376831483,0.12083541084342321,-0.021249176895621547,-0.05127788490788847
2013-06,SPY,1.0000000000000004,2.220446049250313e-16,-1.6653345369377348e-16,-3.3306690738754696e-16,4.440892098500626e-16
2013-06,QQQ,1.3658174959344598,-0.04252072347004976,0.31646647212447904,-0.514828565306768,-0.08810436057133963
2013-06,IWM,1.2050658254691622,-0.19363340198835444,0.19677924478371428,0.017393248801399447,-0.14918457215396835
2013-06,EFA,0.6010851554373553,0.11325777839307602,0.6301222791952392,0.6833809552996297,-0.14173973072827617
2013-06,EEM,0.27895253831230815,-0.1441020070897273,2.5904999357885794,0.9282739994449718,-1.0230196761952732
2013-06,TLT,-6.106226635438361e-16,0.9999999999999997,-2.3592239273284576e-16,-2.220446049250313e-16,2.7755575615628914e-17
2013-06,IEF,-0.008339986445480091,0.25247455510379224,0.7337926833415742,-0.09811930642095283,-0.3353238495743848
2013-06,TIP,-1.1102230246251565e-16,-1.5265566588595902e-16,2.0,4.787836793695988e-16,-1.0000000000000002
2013-06,LQD,-0.09613601880124464,0.33228159157311565,0.9170192203606058,0.4927170641837816,-0.4476927523642773
2013-06,HYG,-0.008339986445480396,0.2524745551037923,0.733792683341574,0.9018806935790471,-0.33532384957438444
2013-06,DBC,1.1102230246251565e-16,-9.71445146547012e-17,5.828670879282072e-16,1.6653345369377348e-16,0.9999999999999996
2013-06,GLD,-0.026060464140717,-0.25805362990832986,2.5880107256773335,-0.9897673322773659,-0.3858971060773529
2013-06,SHY,0.002099968638130327,0.006049378756072058,0.10473892653880833,-0.018180371977890044,-0.041849792556274155
2013-07,SPY,0.9999999999999996,-5.551115123125783e-16,-4.440892098500626e-16,0.0,5.551115123125783e-17
2013-07,QQQ,1.3715515758051666,-0.04750848373942557,0.24025071781060164,-0.5232079841360266,-0.05201212628929325
2013-07,IWM,1.1679772653738678,-0.19191114036749485,0.15420992697021585,0.04455121297679154,-0.11968413712056492
2013-07,EFA,0.7087263130458086,0.10017871209141405,0.6119668922612829,0.5974061187263973,-0.15778225592717526
2013-07,EEM,0.39415980053311017,-0.15963834585072573,2.544098648531861,0.8348942076988836,-1.0269477681157202
2013-07,TLT,-1.6653345369377348e-16,1.0000000000000002,3.885780586188048e-16,5.551115123125783e-17,-1.249000902703301e-16
2013-07,IEF,0.041706676186910985,0.24822431696290487,0.7574558346568092,-0.13647139737954586,-0.3585457731590819
2013-07,TIP,-1.6653345369377348e-16,-2.983724378680108e-16,2.0000000000000013,-2.0122792321330962e-16,-1.0000000000000009
2013-07,LQD,-0.005835733134746834,0.327046775007153,1.002398037439461,0.42567272621731905,-0.510549730501723
2013-07,HYG,0.041706676186910374,0.24822431696290437,0.7574558346568092,0.8635286026204542,-0.358545773159082
2013-07,DBC,6.106226635438361e-16,5.204170427930421e-16,8.187894806610529e-16,0.0,1.0000000000000002
2013-07,GLD,0.17297761871364065,-0.26370020981548764,2.8795227533091245,-1.1323281190313517,-0.5751758437961629
2013-07,SHY,0.012966391107830197,0.004023763156669012,0.09053820552672814,-0.027484060666573214,-0.037396680525706126
2013-08,SPY,1.0000000000000007,4.440892098500626e-16,-1.1102230246251565e-16,5.551115123125783e-17,-2.7755575615628914e-16
2013-08,QQQ,1.3804687027438916,-0.04809744875480643,0.25377775715279555,-0.5235864104639658,-0.06178325030209214
2013-08,IWM,1.2007791529315117,-0.17117925788768318,0.10543589822609617,0.04762362523860686,-0.09412785922378075
2013-08,EFA,0.6302793887808875,0.027163058167518406,0.8294526331184917,0.5854893285992042,-0.2818407210364302
2013-08,EEM,0.26319672247393333,-0.22667747273482647,2.671127119132081,0.8256950669858044,-1.086724964927272
2013-08,TLT,1.6653345369377348e-16,0.9999999999999997,8.743006318923108e-16,9.71445146547012e-17,-2.8449465006019636e-16
2013-08,IEF,0.01632531715492419,0.2246149895348619,0.827759461160127,-0.14032417649061255,-0.39864503718499256
2013-08,TIP,3.3306690738754696e-16,-2.0816681711721685e-16,2.0,1.0408340855860843e-16,-1.0
2013-08,LQD,-0.020968602057044206,0.31067343633900163,1.0541985768323205,0.4229277827308606,-0.5406268693171966
2013-08,HYG,0.016325317154923913,0.2246149895348619,0.8277594611601277,0.859675823509387,-0.3986450371849932
2013-08,DBC,-2.220446049250313e-16,-1.249000902703301e-16,-1.5265566588595902e-16,-4.649058915617843e-16,0.9999999999999994
2013-08,GLD,0.35169783999606774,-0.16782142142712345,2.6872680987230173,-1.1189178943985039,-0.4818014211209295
2013-08,SHY,0.010971168604678637,0.0008060323490111827,0.10192471806272856,-0.028052435967966804,-0.04420636113471434
2013-09,SPY,1.0000000000000004,2.0261570199409107e-15,8.881784197001252e-16,-7.771561172376096e-16,2.1649348980190553e-15
2013-09,QQQ,1.1951219139973228,-0.046361730327838,0.10042513857042018,-0.42560514767160146,0.08580518691284156
2013-09,IWM,1.171183391108602,-0.16599084063087025,0.09456560544808051,0.06325482237093677,-0.07767072192336283
2013-09,EFA,0.6178196210951126,0.010819757525562052,0.7735075427246629,0.5921237284885228,-0.24809204492136605
2013-09,EEM,0.27834565738817263,-0.25407759152540893,2.6080862455785514,0.8177657637531031,-1.0593292353235226
2013-09,TLT,-1.0547118733938987e-15,1.000000000000001,1.3079815008865125e-15,-1.1102230246251565e-15,1.7208456881689926e-15
2013-09,IEF,0.03641338682206183,0.22423566767446718,0.8438498512690091,-0.150942929304838,-0.4143640370625352
2013-09,TIP,4.163336342344337e-16,7.494005416219807e-16,2.000000000000002,-4.649058915617843e-16,-1.0000000000000002
2013-09,LQD,-0.02063548587900127,0.3003215385943714,1.0257817010586467,0.4227816748035207,-0.5259114162386919
2013-09,HYG,0.03641338682206202,0.22423566767446867,0.8438498512690097,0.8490570706951619,-0.4143640370625339
2013-09,DBC,7.216449660063518e-16,-9.645062526431047e-16,-5.273559366969494e-16,5.759281940243e-16,0.9999999999999999
2013-09,GLD,0.1271492784889997,-0.21893826616648307,2.353926497395194,-1.0000588789456224,-0.2259574321834621
2013-09,SHY,0.012293938970312016,0.00025578970302829376,0.10152792470188518,-0.02875014333187692,-0.044481070490318644
2013-10,SPY,1.0000000000000004,3.885780586188048e-16,8.326672684688674e-17,1.6653345369377348e-16,-2.7755575615628914e-16
2013-10,QQQ,1.1124971497275535,-0.07991089706022558,0.23728935760544842,-0.37511910348419775,-0.010169942788402081
2013-10,IWM,1.1904112326335534,-0.20655455180896648,0.2610009655280117,0.030649950208078425,-0.20512668305930545
2013-10,EFA,0.7673915438325412,-0.06561278394693021,1.0880237100346162,0.4415896631473134,-0.49911179853999665
2013-10,EEM,0.33850180308342437,-0.3531168711257014,3.0145563229478896,0.727774209491572,-1.371788020687404
2013-10,TLT,-1.6653345369377348e-16,1.0000000000000004,-1.0061396160665481e-16,2.8449465006019636e-16,1.457167719820518e-16
2013-10,IEF,0.0420185537791814,0.215012780827757,0.8817018035261618,-0.15932578708152756,-0.44346160863007006
2013-10,TIP,2.498001805406602e-16,1.457167719820518e-16,2.0000000000000004,-6.938893903907228e-18,-1.0000000000000007
2013-10,LQD,0.000716788726776163,0.3022964433075688,1.0178572666220884,0.4068481447766749,-0.5218415707186086
2013-10,HYG,0.04201855377918201,0.21501278082775685,0.8817018035261613,0.8406742129184723,-0.4434616086300704
2013-10,DBC,-4.718447854656915e-16,-2.0122792321330962e-16,-4.40619762898109e-16,-2.706168622523819e-16,1.0000000000000007
2013-10,GLD,0.07483770435053119,-0.1528271862799347,2.0825005600439686,-0.9304315933992647,-0.016219040523633446
2013-10,SHY,0.014284781585592321,-0.00029826567556025165,0.10381510504628798,-0.03055403901840633,-0.0463875643472826
2013-11,SPY,0.9999999999999996,0.0,0.0,-1.3877787807814457e-16,-6.938893903907228e-17
2013-11,QQQ,1.134812760172939,-0.024152061721750884,0.034077207759135864,-0.3566232235553941,0.09253313686612027
2013-11,IWM,1.106415663900099,-0.291896919812643,0.5321675694154675,0.024823326321859213,-0.33095023110986393
2013-11,EFA,0.7422253494293272,-0.11479942680885385,1.2628999914764736,0.4277462402675421,-0.5862597267071691
2013-11,EEM,0.3623877480890172,-0.468882238586295,3.4926211084230236,0.6576990585376971,-1.6292135027147787
2013-11,TLT,6.661338147750939e-16,1.000000000000001,-1.3530843112619095e-16,1.3877787807814457e-16,-3.677613769070831e-16
2013-11,IEF,0.05006654642213651,0.21780770530275673,0.8770579093395865,-0.16152447942661077,-0.442675041457552
2013-11,TIP,5.551115123125783e-17,-2.498001805406602e-16,1.9999999999999996,-2.0469737016526324e-16,-1.0
2013-11,LQD,0.00841094350697591,0.28361154514575354,1.098088791691838,0.39380610259767795,-0.565807097641099
2013-11,HYG,0.050066546422136704,0.2178077053027566,0.8770579093395865,0.8384755205733894,-0.4426750414575522
2013-11,DBC,-4.579669976578771e-16,-4.3021142204224816e-16,1.0755285551056204e-16,3.920475055707584e-16,0.9999999999999997
2013-11,GLD,0.079991824568337,-0.22241247034498837,2.362499080322088,-0.9684013897137306,-0.16516190207738102
2013-11,SHY,0.015017686796122871,0.0013611791551565843,0.09782228658578826,-0.030034601717438464,-0.043374289922735274
2013-12,SPY,0.9999999999999999,5.551115123125783e-17,2.498001805406602e-16,-5.551115123125783e-17,-4.163336342344337e-17
2013-12,QQQ,1.1410336985062561,-0.02963156729044991,0.007130197028680729,-0.3660962442777217,0.10383482601736435
2013-12,IWM,1.1156726958620982,-0.2753863123008331,0.6714439676520476,0.05471995955758982,-0.4101211918399134
2013-12,EFA,0.7185106385301738,-0.12317594608251153,1.1527918359578622,0.41165954052606557,-0.5154502269004805
2013-12,EEM,0.35617269731483037,-0.4629127206025341,3.523144010437618,0.6680463809603875,-1.6424317012430796
2013-12,TLT,-6.106226635438361e-16,0.9999999999999986,-2.636779683484747e-16,-1.249000902703301e-16,-4.996003610813204e-16
2013-12,IEF,0.0522027816483166,0.21719997834251187,0.8770690939725385,-0.16250524468646327,-0.44375186761478347
2013-12,TIP,-1.0824674490095276e-15,-3.2959746043559335e-16,2.0000000000000013,9.020562075079397e-17,-1.0000000000000002
2013-12,LQD,0.015469244660773152,0.27957676211351906,1.0833855643843293,0.38695043898167364,-0.5614771437351169
2013-12,HYG,0.05220278164831632,0.21719997834251192,0.8770690939725383,0.8374947553135373,-0.44375186761478347
2013-12,DBC,3.608224830031759e-16,1.700029006457271e-16,4.0245584642661925e-16,6.938893903907228e-18,0.9999999999999997
2013-12,GLD,0.0612885278738336,-0.1871882003882837,2.5798779928465585,-0.9064768220150445,-0.27211186418508027
2013-12,SHY,0.015970531191396957,-0.00012436636380944253,0.0889948431574784,-0.03263827699205662,-0.03912811829114236
2014-01,SPY,0.9999999999999997,-8.881784197001252e-16,3.191891195797325e-16,-2.220446049250313e-16,6.938893903907228e-17
2014-01,QQQ,1.1436276208515042,0.02105685870013968,-0.22066801015537313,-0.32207302869578824,0.2524982693544262
2014-01,IWM,1.1151894451953979,-0.29403419030439454,0.7700610008650036,0.035597325495191845,-0.469515554568214
2014-01,EFA,0.7168850092005612,-0.14750808633131052,1.250178872450936,0.3928909681968954,-0.5830155932585607
2014-01,EEM,0.3545408404274327,-0.4955502411831543,3.671025208553134,0.6394623145856051,-1.7385365235000672
2014-01,TLT,6.106226635438361e-16,1.0000000000000009,-7.112366251504909e-16,6.938893903907228e-17,2.3765711620882257e-16
2014-01,IEF,0.05444514081700924,0.24476988428763805,0.7793144316578802,-0.14372726240033984,-0.37119315671507314
2014-01,TIP,-4.718447854656915e-16,-2.8449465006019636e-16,2.0000000000000013,3.677613769070831e-16,-1.0000000000000009
2014-01,LQD,0.01723018491199857,0.3149182043163986,0.9230606811481038,0.41794058276753787,-0.45734931616395635
2014-01,HYG,0.054445140817009186,0.24476988428763724,0.7793144316578802,0.85627273759966,-0.3711931567150731
2014-01,DBC,-2.706168622523819e-16,-4.180683577104105e-16,-6.691695808580533e-16,1.4137996329210978e-16,1.0000000000000007
2014-01,GLD,0.06290592635188277,-0.16577960876756845,2.500075344259784,-0.8911258458687986,-0.2145322911180636
2014-01,SHY,0.01612952283600833,0.0012952480380770187,0.0853301123444493,-0.03194184742171679,-0.03582651030005384
2014-02,SPY,0.9999999999999997,4.440892098500626e-16,6.938893903907228e-18,-3.0531133177191805e-16,-3.608224830031759e-16
2014-02,QQQ,1.1111939661828685,0.02496283555938339,-0.15060974732078228,-0.2964305655709609,0.21655887631081402
2014-02,IWM,1.041664516959011,-0.33286023670096,0.9225382431527088,0.05692441489714825,-0.5285564450134888
2014-02,EFA,0.74353156504591,-0.1552591152422333,1.1920170682699207,0.36831808930298127,-0.5513520482138985
2014-02,EEM,0.4037381049832762,-0.5831140886701606,3.553901084120585,0.5375526168372372,-1.6456145390449286
2014-02,TLT,7.771561172376096e-16,1.0000000000000007,1.3253287356462806e-15,4.163336342344337e-16,2.1510571102112408e-16
2014-02,IEF,0.05028166462245642,0.2538447767408299,0.7894477697326883,-0.13381805422325302,-0.37984005000062976
2014-02,TIP,2.498001805406602e-16,7.077671781985373e-16,1.9999999999999982,1.734723475976807e-16,-0.9999999999999996
2014-02,LQD,0.017257464080417395,0.3176600103431364,0.9233667753461351,0.4200378351000529,-0.4586105141489225
2014-02,HYG,0.05028166462245642,0.2538447767408295,0.7894477697326877,0.8661819457767467,-0.3798400500006299
2014-02,DBC,-9.43689570931383e-16,6.661338147750939e-16,6.002143226879753e-16,-3.0184188481996443e-16,0.9999999999999997
2014-02,GLD,-0.0766736748638841,-0.26726816650914936,2.785843775442075,-0.8720817089500482,-0.3135457518797996
2014-02,SHY,0.015582889245517158,0.0025368552466878014,0.08666721191011095,-0.03060214003280297,-0.03698537215741565
2014-03,SPY,1.0000000000000002,3.3306690738754696e-16,-7.979727989493313e-17,1.6653345369377348e-16,-2.498001805406602e-16
2014-03,QQQ,1.1155031412834842,0.03777049422392442,-0.17704739315000018,-0.2915446821845292,0.23630018912511677
2014-03,IWM,1.0265583778673661,-0.36683989637685244,0.998322783273799,0.04772540078523693,-0.5843924706775726
2014-03,EFA,0.7693317111690576,-0.13180924711120034,1.116096984263289,0.35891455706244335,-0.4983338605311387
2014-03,EEM,0.42400729460411124,-0.5419055465397167,3.4589993520469373,0.5467115298983671,-1.5760633990802093
2014-03,TLT,3.3306690738754696e-16,1.0,1.3183898417423734e-16,7.632783294297951e-17,-3.191891195797325e-16
2014-03,IEF,0.056977838797670155,0.26911556244374735,0.7555318326977487,-0.1295889882392726,-0.3548341074597047
2014-03,TIP,-9.43689570931383e-16,1.249000902703301e-16,1.9999999999999996,7.632783294297951e-17,-0.9999999999999993
2014-03,LQD,0.019241872899521673,0.3244160532983298,0.9098643975317584,0.42291089528823145,-0.44846893369539415
2014-03,HYG,0.05697783879767043,0.26911556244374746,0.7555318326977479,0.8704110117607277,-0.3548341074597044
2014-03,DBC,1.942890293094024e-16,1.1796119636642288e-16,-9.75781955236954e-17,4.701100619897147e-16,1.0
2014-03,GLD,-0.06368176076251769,-0.2735999567512677,2.775682381908329,-0.8899899694993351,-0.3090587199940834
2014-03,SHY,0.016454312657246766,0.005247716168122003,0.08113389085691061,-0.029526347058664183,-0.032845238297572445
2014-04,SPY,1.0,-1.1102230246251565e-16,-4.336808689942018e-17,2.7755575615628914e-17,1.1102230246251565e-16
2014-04,QQQ,1.1063881751015017,0.0034747138707982295,-0.008129335522575784,-0.3071932651261371,0.14592899952407076
2014-04,IWM,1.0722193095685366,-0.35125147887124253,0.9424068245757045,0.030351219073821017,-0.5730140130111248
2014-04,EFA,0.7098769336181784,-0.16795858047982087,1.269096916693448,0.37181967092345747,-0.5579334765196058
2014-04,EEM,0.5048077001441993,-0.45633380993276634,3.0667033404503594,0.5515146078757626,-1.3921060457535808
2014-04,TLT,9.992007221626409e-16,1.0,1.0668549377257364e-16,3.191891195797325e-16,-6.938893903907228e-17
2014-04,IEF,0.04343948417426807,0.2569856816120965,0.810092602732919,-0.1290402235047004,-0.3794189777221012
2014-04,TIP,-6.661338147750939e-16,-2.3592239273284576e-16,2.000000000000001,-3.0531133177191805e-16,-0.9999999999999998
2014-04,LQD,-0.005696441659258644,0.3086967766636842,0.9768551713206051,0.4279828336813164,-0.47504001654488087
2014-04,HYG,0.043439484174268406,0.25698568161209645,0.810092602732919,0.8709597764953,-0.3794189777221008
2014-04,DBC,8.326672684688674e-16,6.245004513516506e-16,-9.345822726825048e-17,-2.255140518769849e-16,1.0000000000000002
2014-04,GLD,-0.12143347102028162,-0.3200681534979828,2.9817399600809447,-0.8844151340151227,-0.39902900589639395
2014-04,SHY,0.012064725393795961,0.0019168552129606303,0.09577860876238906,-0.028979340260407525,-0.0391155807313799
2014-05,SPY,1.0000000000000018,6.661338147750939e-16,-2.498001805406602e-16,3.885780586188048e-16,2.220446049250313e-16
2014-05,QQQ,1.124737235787215,0.005521184191748074,-0.005215474047147152,-0.32582682226430437,0.14897301487762166
2014-05,IWM,1.092502167293346,-0.34778995875397534,0.8523948445145256,0.027568786234157344,-0.541325070218674
2014-05,EFA,0.6809418743920854,-0.1705437118561301,1.214596685027301,0.41073923941716833,-0.5475724496923601
2014-05,EEM,0.5133625122683825,-0.455825346061766,3.102704647527351,0.5362076284871673,-1.4012113088984477
2014-05,TLT,-5.551115123125783e-16,1.000000000000001,3.677613769070831e-16,1.249000902703301e-16,-1.5265566588595902e-16
2014-05,IEF,0.046452205083203774,0.2574442242893712,0.801045885867799,-0.1302795961111331,-0.3760254491165414
2014-05,TIP,-2.498001805406602e-16,3.400058012914542e-16,1.9999999999999998,-3.0878077872387166e-16,-0.9999999999999996
2014-05,LQD,-0.012081931512756772,0.30818755436447437,0.9600647918906624,0.43748186658406796,-0.4713064881192537
2014-05,HYG,0.04645220508320336,0.2574442242893711,0.801045885867799,0.8697204038888668,-0.3760254491165411
2014-05,DBC,3.3306690738754696e-16,-4.579669976578771e-16,2.42861286636753e-17,2.949029909160572e-16,1.0000000000000004
2014-05,GLD,-0.12044524327861633,-0.31879272018079535,2.891319156788335,-0.8681111332950499,-0.3713475909227276
2014-05,SHY,0.009187710528130312,0.0017177693335111745,0.0858546178430323,-0.02424874612572459,-0.03671675739500132
2014-06,SPY,1.0000000000000002,-2.220446049250313e-16,6.197299617927143e-16,-2.498001805406602e-16,-1.1102230246251565e-16
2014-06,QQQ,1.1518512453344525,0.004320098245497617,0.056634658916403444,-0.34633424033298393,0.1076380864649436
2014-06,IWM,1.0679520209667672,-0.3467019726805951,0.7967743148177793,0.04621912532289704,-0.5039777608349529
2014-06,EFA,0.6765704005197251,-0.170339884740201,1.2128262052593985,0.4158116254865134,-0.5426090919294454
2014-06,EEM,0.5246598196070258,-0.4562919814583636,3.155708894361844,0.5335275007334785,-1.4240819663073645
2014-06,TLT,0.0,1.0000000000000009,1.0657707355532509e-16,2.498001805406602e-16,2.0122792321330962e-16
2014-06,IEF,0.03936302825456206,0.257783393063362,0.8051218985148362,-0.12055776243396579,-0.3694172091586719
2014-06,TIP,-1.6653345369377348e-16,-1.8041124150158794e-16,2.000000000000001,2.706168622523819e-16,-0.9999999999999997
2014-06,LQD,-0.020166130604801213,0.3085661967050976,0.958162730862507,0.44715773353483124,-0.4624122762243252
2014-06,HYG,0.039363028254562116,0.2577833930633622,0.8051218985148367,0.879442237566034,-0.3694172091586719
2014-06,DBC,3.3306690738754696e-16,-1.3877787807814457e-16,-8.364619760725667e-16,2.3245294578089215e-16,1.0
2014-06,GLD,-0.19217204261272175,-0.3155816059241523,2.7549196979458834,-0.8080002925734691,-0.26764577901944575
2014-06,SHY,0.007873702486590643,0.0017817385676294315,0.08749855458220995,-0.022255451110591663,-0.035676146363750216
2014-07,SPY,1.0000000000000004,-8.881784197001252e-16,5.898059818321144e-16,3.885780586188048e-16,-2.0816681711721685e-16
2014-07,QQQ,1.1655055309959397,0.019146832877909636,0.006639961742330572,-0.3522329531617402,0.14050990977264072
2014-07,IWM,0.975235484160575,-0.4526114703058735,1.1265679811660179,0.06484984102549912,-0.6904763767920521
2014-07,EFA,0.6629385263017058,-0.184899301550024,1.263188644094343,0.42269564248410374,-0.5771319538042712
2014-07,EEM,0.4908424919641138,-0.4946063802466603,3.276580433669694,0.5416123912191174,-1.4943150085958863
2014-07,TLT,-3.3306690738754696e-16,1.0,-1.7520707107365752e-16,-2.636779683484747e-16,6.557254739192331e-16
2014-07,IEF,0.03726072745392417,0.2557242126821802,0.8132333922472421,-0.11873378407664473,-0.3760476223155795
2014-07,TIP,-4.996003610813204e-16,-3.5388358909926865e-16,2.0000000000000004,-3.642919299551295e-16,-0.9999999999999999
2014-07,LQD,-0.0384178411729319,0.28853629699517813,1.0246001923710746,0.4541786367667381,-0.5048717109727978
2014-07,HYG,0.037260727453924725,0.2557242126821797,0.8132333922472421,0.8812662159233546,-0.37604762231557964
2014-07,DBC,-3.469446951953614e-16,3.0184188481996443e-16,7.246807320893112e-16,4.544975507059235e-16,1.0000000000000002
2014-07,GLD,-0.19991441160707324,-0.32730648668928114,2.7771264970152965,-0.8182411909190066,-0.26300490202457244
2014-07,SHY,0.007451995383932923,0.0014087065361894735,0.08919975826514803,-0.021725673671024924,-0.03728701806185077
2014-08,SPY,1.0,-1.6653345369377348e-16,-1.5265566588595902e-16,1.942890293094024e-16,-1.942890293094024e-16
2014-08,QQQ,1.2393659276468103,0.03274084857036297,-0.26707081569992047,-0.36369642597478713,0.21918350949400328
2014-08,IWM,0.9706494381385774,-0.38298808742454893,1.0812707842513698,0.11073650844978614,-0.6105111502104201
2014-08,EFA,0.5978802673144377,-0.22835587671737306,1.5321107002349,0.4126102904804885,-0.6843381290993099
2014-08,EEM,0.3321618754268759,-0.6777705227396043,4.0007140043836085,0.4675411707859062,-1.8487188236669296
2014-08,TLT,-3.885780586188048e-16,0.9999999999999994,-2.393918396847994e-16,-7.355227538141662e-16,-2.0816681711721685e-17
2014-08,IEF,0.04164811739394489,0.2654748333953628,0.7890690902563409,-0.11368151906966023,-0.3606058755621204
2014-08,TIP,-5.134781488891349e-16,-6.279698983036042e-16,2.0000000000000027,-6.661338147750939e-16,-1.0000000000000007
2014-08,LQD,-0.03112391034711484,0.28702427422515503,1.0000937577277318,0.45121665578914316,-0.5005395428169298
2014-08,HYG,0.041648117393945416,0.2654748333953626,0.7890690902563402,0.8863184809303398,-0.3606058755621205
2014-08,DBC,5.551115123125783e-17,-5.551115123125783e-16,3.8163916471489756e-17,-1.734723475976807e-17,0.9999999999999998
2014-08,GLD,-0.3620728259320616,-0.432440821742549,3.4446051043996384,-0.8413393656230044,-0.5263864180360313
2014-08,SHY,0.008410576974751529,0.0035271858245460707,0.08393071739891882,-0.020629449510728252,-0.03392753661437284
2014-09,SPY,0.9999999999999999,-1.1102230246251565e-16,-3.191891195797325e-16,-3.885780586188048e-16,1.1102230246251565e-16
2014-09,QQQ,1.2526983041003177,0.07743015858278557,-0.41700820173744657,-0.42002143831527955,0.33804800113545047
2014-09,IWM,1.0524075692472648,-0.32329406663427296,0.9173858147528952,0.12169853715129769,-0.5484141759562167
2014-09,EFA,0.5444138538478721,-0.26306608428198475,1.6240317353569467,0.3982476162738905,-0.7114858694807085
2014-09,EEM,0.4591365105895474,-0.6037371293527125,3.8120178586018367,0.5156121763564471,-1.8103719412976012
2014-09,TLT,4.996003610813204e-16,1.0000000000000004,7.060324547225605e-16,-4.163336342344337e-17,5.551115123125783e-17
2014-09,IEF,0.04929432037794507,0.2388970265977346,0.8871046592766997,-0.0591894548603314,-0.4548437781402696
2014-09,TIP,5.273559366969494e-16,7.389922007661198e-16,2.0,5.0133508455729725e-16,-1.0000000000000007
2014-09,LQD,-0.026073573302874548,0.28269037239492995,1.0182445503054214,0.465229212371069,-0.5216564709821997
2014-09,HYG,0.049294320377944956,0.23889702659773476,0.8871046592766999,0.9408105451396688,-0.4548437781402697
2014-09,DBC,-7.216449660063518e-16,-1.942890293094024e-16,-2.42861286636753e-16,-3.608224830031759e-16,1.0000000000000002
2014-09,GLD,-0.24057605228292456,-0.5113875757934538,3.7920302801349353,-0.5463225871908682,-0.9556507356774779
2014-09,SHY,0.011984588882863273,0.002344996966382229,0.09013184867357237,-0.013846582199513055,-0.04300820630180576
2014-10,SPY,1.0000000000000007,6.938893903907228e-17,9.367506770274758e-17,2.7755575615628914e-16,-2.7755575615628914e-16
2014-10,QQQ,1.1937852128948048,-0.05559480022240383,-0.08229979877737556,-0.4012951418195497,0.17931480077849066
2014-10,IWM,1.0453711415261635,-0.306808959763909,1.1192799428025029,0.12076302371504566,-0.5822349334747389
2014-10,EFA,0.5126750524343697,-0.3275198270439514,1.8404239070428303,0.4076295288837955,-0.8003126306881243
2014-10,EEM,0.48961509619360977,-0.5257721054168463,3.6845954402733,0.5050280956758993,-1.732449830170047
2014-10,TLT,4.0245584642661925e-16,0.9999999999999998,-1.0495077029659683e-16,-2.393918396847994e-16,-1.717376241217039e-16
2014-10,IEF,0.08609877109461224,0.3129775019825688,0.6328725128450802,-0.0700040547099526,-0.3515367213516125
2014-10,TIP,3.677613769070831e-16,-3.391384395534658e-16,2.000000000000002,-6.036837696399289e-16,-1.0000000000000009
2014-10,LQD,-0.016523937400867966,0.2994886819508849,0.9401586069116608,0.46266060464351066,-0.49373892089612925
2014-10,HYG,0.08609877109461267,0.3129775019825685,0.6328725128450788,0.9299959452900473,-0.3515367213516123
2014-10,DBC,1.3877787807814457e-16,5.48172618408671e-16,-1.2333883914195098e-15,-1.3877787807814457e-17,1.0000000000000002
2014-10,GLD,-0.35265733267716837,-0.7747932729045717,4.377153291230778,-0.5096841150729619,-1.2528970047268229
2014-10,SHY,0.016184021974883143,0.010840816783400768,0.06133944851275438,-0.015084769102287704,-0.03124055195197581
2014-11,SPY,1.0000000000000007,-1.942890293094024e-16,3.885780586188048e-16,-5.828670879282072e-16,5.551115123125783e-17
2014-11,QQQ,1.197524614216869,-0.05443590820039673,-0.07585522106544612,-0.397758550120199,0.17308166481017512
2014-11,IWM,1.1520987662990332,-0.24897135692366204,0.9229520203625727,0.026739829088497757,-0.5236325230651662
2014-11,EFA,0.4418006122591597,-0.41214182722184756,2.6805179179570477,0.833941146460845,-1.280636085286415
2014-11,EEM,0.5148778751364261,-0.5156263284041045,3.692558935536047,0.5106813720261572,-1.7524341019435608
2014-11,TLT,6.38378239159465e-16,0.9999999999999996,-1.9081958235744878e-17,-5.898059818321144e-17,4.85722573273506e-17
2014-11,IEF,0.0782856849464916,0.3008811899438615,0.7679877102474733,-0.0012159911419567307,-0.4309224007444999
2014-11,TIP,4.787836793695988e-16,3.2959746043559335e-16,1.9999999999999991,2.8449465006019636e-16,-1.0
2014-11,LQD,-0.03662976889391634,0.2703255539066376,1.2576813822828286,0.6242051335549464,-0.6792582243199565
2014-11,HYG,0.07828568494649119,0.30088118994386176,0.7679877102474736,0.9987840088580434,-0.43092240074450006
2014-11,DBC,-3.885780586188048e-16,4.996003610813204e-16,1.7694179454963432e-16,9.71445146547012e-17,0.9999999999999998
2014-11,GLD,-0.3358038681861495,-0.7708195051105003,4.425385623674271,-0.48390769165237335,-1.292922797811477
2014-11,SHY,0.019134783671606256,0.012031179763259698,0.06218808300185889,-0.014466248186659005,-0.03352406625270021
2014-12,SPY,0.9999999999999993,0.0,-3.0531133177191805e-16,-5.551115123125783e-17,3.885780586188048e-16
2014-12,QQQ,1.274598027413377,-0.041154748084372805,-0.2956965321071321,-0.6427614131312698,0.3205888858756978
2014-12,IWM,1.0504672457716486,-0.27860620153459836,1.1117348234959599,0.15047091052900483,-0.5949283971550677
2014-12,EFA,0.5276685450666504,-0.3830544677981835,2.554788869368917,0.7959856420498475,-1.2615547381232026
2014-12,EEM,0.5442105150372123,-0.5050800638183683,3.654697359246367,0.5077463399325871,-1.7521158830264285
2014-12,TLT,2.7755575615628914e-17,1.0000000000000002,9.26342336171615e-16,5.551115123125783e-17,-3.7470027081099033e-16
2014-12,IEF,0.07129796712053649,0.2982790949598015,0.7762587985606757,-0.001992346594194356,-0.43008616152436324
2014-12,TIP,-2.706168622523819e-16,-8.153200337090993e-17,2.000000000000001,-2.688821387764051e-16,-1.0000000000000002
2014-12,LQD,0.019313709228237247,0.2807132541112348,1.1043460724848913,0.45866475151128266,-0.579789683252104
2014-12,HYG,0.07129796712053699,0.2982790949598016,0.7762587985606759,0.9980076534058051,-0.4300861615243631
2014-12,DBC,3.885780586188048e-16,3.0531133177191805e-16,-5.620504062164855e-16,3.885780586188048e-16,1.0000000000000004
2014-12,GLD,-0.008929121710448573,-0.667284869183575,3.8867779054934024,-0.7466727662159592,-1.1471763277658715
2014-12,SHY,0.017652843636062107,0.011459984204657967,0.06378081054310218,-0.014949078246318451,-0.033150047854304934
2015-01,SPY,1.0000000000000002,5.551115123125783e-17,-1.6653345369377348e-16,6.38378239159465e-16,-3.885780586188048e-16
2015-01,QQQ,1.2678926343363495,-0.0696852912632889,-0.21190265324878854,-0.6750984957326753,0.29818188729700534
2015-01,IWM,1.0816036606613877,-0.1746179175645279,0.784691117068536,0.25473990536766333,-0.5046421580015791
2015-01,EFA,0.4694082308774621,-0.27856662974990126,2.515427564101123,1.0825260839293303,-1.2860622984226302
2015-01,EEM,0.49078050936610174,-0.3477261872855214,3.484601061294802,0.8696223878007041,-1.7448766992779117
2015-01,TLT,3.3306690738754696e-16,1.0000000000000009,-1.0755285551056204e-16,-5.898059818321144e-17,2.706168622523819e-16
2015-01,IEF,0.07891900315427106,0.25686467900416576,0.8418338823056587,-0.08416018493425517,-0.4402801572795792
2015-01,TIP,-3.2959746043559335e-16,7.762887554996212e-17,2.0000000000000013,5.312590645178972e-16,-1.0000000000000004
2015-01,LQD,0.03381005897440087,0.24132687596325877,1.143295762741977,0.36580682761232663,-0.5801571547189429
2015-01,HYG,0.07891900315427114,0.25686467900416576,0.8418338823056587,0.9158398150657446,-0.4402801572795792
2015-01,DBC,-2.7755575615628914e-16,4.85722573273506e-17,-4.579669976578771e-16,-2.220446049250313e-16,1.0000000000000002
2015-01,GLD,-0.0005448676905837613,-0.244074687714759,2.9380245258969366,-0.08211264471382733,-0.9320022949210259
2015-01,SHY,0.015819994231760223,0.003597034330603262,0.086825295763516,-0.02389183610912459,-0.039305880083410336
2015-02,SPY,1.0000000000000004,-1.1102230246251565e-16,-1.6653345369377348e-16,2.7755575615628914e-17,3.3306690738754696e-16
2015-02,QQQ,1.2355432742846273,0.009598508571958098,-0.46620029406341335,-0.604964569987563,0.4150462478154465
2015-02,IWM,1.0544452172869088,-0.10893814279490094,0.5809860027697489,0.3120593535597317,-0.4111389512264405
2015-02,EFA,0.42881108731412854,-0.22053436433739873,2.656506126191701,1.0971616686097518,-1.3561148656012771
2015-02,EEM,0.41944059909427706,-0.1726917127997713,2.921688147602144,1.0246250986298597,-1.4861619656158367
2015-02,TLT,-3.885780586188048e-16,1.0000000000000004,7.424616477180734e-16,-1.8041124150158794e-16,-7.771561172376096e-16
2015-02,IEF,0.07830065833919161,0.2548938532357638,0.8756662169725355,-0.08898912953759543,-0.4562668426278718
2015-02,TIP,-5.516420653606247e-16,4.354155924701786e-16,1.9999999999999991,3.467278547608643e-16,-1.0000000000000002
2015-02,LQD,0.022167217087775165,0.26501783658465977,1.1055336614717244,0.38247646722308265,-0.5634129714552264
2015-02,HYG,0.07830065833919192,0.2548938532357632,0.8756662169725352,0.9110108704624039,-0.45626684262787154
2015-02,DBC,7.771561172376096e-16,-2.914335439641036e-16,-1.5265566588595902e-16,3.0531133177191805e-16,1.0000000000000004
2015-02,GLD,-0.15238612143123953,0.07339664133873419,2.3511708653790837,0.15033403261967637,-0.6691901886231559
2015-02,SHY,0.012800214401078452,0.006811604161466487,0.10955112607363869,-0.024753518725101994,-0.05027661498742259
2015-03,SPY,0.9999999999999997,-1.6653345369377348e-16,-4.996003610813204e-16,-8.326672684688674e-17,0.0
2015-03,QQQ,1.227428532905102,-0.022469491745835624,-0.3550756720862193,-0.5733254599097288,0.3388894324958368
2015-03,IWM,1.0608972461477573,-0.08573943563416414,0.49827522378077604,0.3077815945129936,-0.3470407291567258
2015-03,EFA,0.43120283525192676,-0.21026161443783134,2.6217370837585072,1.0803789895512472,-1.3349348578457465
2015-03,EEM,0.41960681408526634,-0.1678976986269749,2.9092526545867257,0.9863978500332506,-1.4909844047717506
2015-03,TLT,-1.1102230246251565e-16,1.000000000000001,7.008282842946301e-16,-1.1796119636642288e-16,-2.7755575615628914e-16
2015-03,IEF,0.07918091303010896,0.2585735348821726,0.8631181020800192,-0.09424762668140799,-0.44831584988108847
2015-03,TIP,-6.453171330633722e-16,8.860100153551542e-16,1.9999999999999996,7.903833837419327e-16,-0.9999999999999992
2015-03,LQD,0.02287318210260278,0.2715969826790342,1.0865609630364779,0.345304504962058,-0.5626332130900306
2015-03,HYG,0.07918091303010916,0.2585735348821725,0.8631181020800189,0.9057523733185916,-0.4483158498810882
2015-03,DBC,6.661338147750939e-16,-6.522560269672795e-16,5.551115123125783e-16,-2.706168622523819e-16,1.0000000000000004
2015-03,GLD,-0.12747624652455058,0.17325795371890246,2.006559080764391,0.04029511593207501,-0.43760476024532646
2015-03,SHY,0.013518174845240361,0.009725057301620724,0.09953213144750728,-0.028244994178684587,-0.043656115953245055
2015-04,SPY,1.0000000000000004,4.440892098500626e-16,0.0,0.0,-3.3306690738754696e-16
2015-04,QQQ,1.220801578272313,0.03129863016172352,-0.4576933152094505,-0.5271035400827636,0.40343983895074353
2015-04,IWM,1.0462307359034377,-0.16829019124280314,0.6224291846969605,0.23323084834427196,-0.43889818122232394
2015-04,EFA,0.4321989852206042,-0.2826023977188832,2.749153611358653,1.0170478029694778,-1.4194716922045378
2015-04,EEM,0.4396419112106199,-0.33040537553465377,3.219410094495214,0.8466985158236736,-1.6860819674246852
2015-04,TLT,-3.885780586188048e-16,0.9999999999999996,-3.608224830031759e-16,1.0408340855860843e-16,6.661338147750939e-16
2015-04,IEF,0.07772118162270006,0.24029088292098935,0.8930191097004853,-0.11050033825193696,-0.46918146975260916
2015-04,TIP,-1.491862189340054e-16,1.2750217548429532e-16,1.9999999999999991,-1.6306400674181987e-16,-0.9999999999999997
2015-04,LQD,0.020822819184826924,0.25740079975384705,1.1085459306200363,0.33255218396222436,-0.5785675175267466
2015-04,HYG,0.07772118162269964,0.24029088292098927,0.8930191097004851,0.8894996617480632,-0.46918146975260955
2015-04,DBC,-2.220446049250313e-16,1.942890293094024e-16,-8.187894806610529e-16,-3.0531133177191805e-16,0.9999999999999998
2015-04,GLD,-0.15476088654952136,0.2216391636534186,1.8855578483979425,0.07880841665930877,-0.3733008391832949
2015-04,SHY,0.012218437213270256,0.005988220456530899,0.10429742612476943,-0.03171147407618408,-0.047628735074953604
2015-05,SPY,1.0,1.1102230246251565e-16,1.1102230246251565e-16,-5.273559366969494e-16,-3.3306690738754696e-16
2015-05,QQQ,1.208635294127602,0.0276357541751025,-0.4144542408846062,-0.5303911110201649,0.38955934974650486
2015-05,IWM,1.1145541227920766,-0.0584168624021385,0.2750178056806413,0.2837225029033349,-0.3065097109385933
2015-05,EFA,0.42018275140564787,-0.2694868670553031,2.7722619316021464,1.0198022780086926,-1.4229805750106772
2015-05,EEM,0.35410029009868316,-0.43906852338098334,3.620526710741979,0.7938474226214095,-1.8342169445963152
2015-05,TLT,-5.551115123125783e-17,1.0000000000000004,1.8735013540549517e-16,-1.5265566588595902e-16,6.661338147750939e-16
2015-05,IEF,0.07803880083619884,0.2327585589024589,0.900823920369831,-0.11315033256445152,-0.473469021741282
2015-05,TIP,9.731798700229888e-16,3.0249240612345574e-16,1.999999999999999,3.1235864589307383e-16,-0.9999999999999994
2015-05,LQD,0.03677481245545877,0.296894065178936,1.011223752459653,0.34930478572282225,-0.5392208486555328
2015-05,HYG,0.0780388008361988,0.23275855890245892,0.900823920369831,0.8868496674355492,-0.47346902174128236
2015-05,DBC,2.220446049250313e-16,5.134781488891349e-16,6.106226635438361e-16,-8.326672684688674e-17,0.9999999999999989
2015-05,GLD,-0.09321876471214885,0.35147179458388467,1.5364803007912127,0.13535843556567256,-0.23523755333605562
2015-05,SHY,0.01261104098263776,0.006282928965183348,0.10269538785117222,-0.031542078778161696,-0.04707321656643603
2015-06,SPY,1.0000000000000004,-2.7755575615628914e-17,-3.3306690738754696e-16,1.6653345369377348e-16,-3.3306690738754696e-16
2015-06,QQQ,1.1833367006455648,0.008511588767411066,-0.342952271781514,-0.5527715875223476,0.3363587936818868
2015-06,IWM,1.124330417857269,-0.06603669748019256,0.2744882171451822,0.3020308032433434,-0.30728238749438463
2015-06,EFA,0.3617092298484049,-0.2558921207929928,2.833171879933994,0.9308784987934967,-1.463807727228209
2015-06,EEM,0.3084639416135799,-0.3696176985080174,3.5618253808353098,0.6865792390364291,-1.7824608106507593
2015-06,TLT,-3.0531133177191805e-16,0.9999999999999997,8.482797797526587e-16,-1.1275702593849246e-16,7.28583859910259e-17
2015-06,IEF,0.06507656346907806,0.22542419570937358,0.9330100107334146,-0.1262032905455172,-0.4972253193140624
2015-06,TIP,-7.563394355258879e-16,5.26488574958961e-16,2.000000000000001,5.178149575790769e-16,-1.0
2015-06,LQD,0.019852236777499588,0.3038099934051288,1.0234681686108669,0.32165098201199144,-0.5467993232626979
2015-06,HYG,0.0650765634690782,0.22542419570937358,0.9330100107334149,0.8737967094544831,-0.497225319314063
2015-06,DBC,-7.216449660063518e-16,1.214306433183765e-16,9.298117831235686e-16,-2.498001805406602e-16,0.9999999999999993
2015-06,GLD,-0.19348432825791495,0.2898565718402582,1.7942617191769892,0.03753318380547513,-0.4259359354166433
2015-06,SHY,0.008425909409164618,0.0049902982825708085,0.11114562478166061,-0.036448584012040076,-0.053215122745970116
2015-07,SPY,1.0000000000000004,-4.718447854656915e-16,-5.551115123125783e-16,-2.498001805406602e-16,3.3306690738754696e-16
2015-07,QQQ,1.2201399318174144,0.01358279760162956,-0.38450579045830435,-0.6268378274116251,0.3610106559037307
2015-07,IWM,1.0482374834130064,-0.16001795249549794,0.44223445231869846,0.23214352738778185,-0.3707549296082072
2015-07,EFA,0.4237988391947989,-0.22943733343147873,2.7455257080317113,0.8537337973096715,-1.419537954970492
2015-07,EEM,0.36188708174395107,-0.3496340395700419,3.489136043809715,0.6127806619843608,-1.744786296565957
2015-07,TLT,-9.71445146547012e-17,1.0000000000000002,4.544975507059235e-16,1.3530843112619095e-16,-8.326672684688674e-17
2015-07,IEF,0.08215361274160017,0.2118452089488151,0.929343265691678,-0.20312632748633674,-0.4881724011166295
2015-07,TIP,-7.424616477180734e-16,7.80191883320569e-16,1.9999999999999991,5.559788740505667e-16,-0.9999999999999992
2015-07,LQD,0.02024942963994318,0.30545859766657224,1.0214576075716097,0.32510897414650225,-0.5462945942300992
2015-07,HYG,0.0821536127416008,0.21184520894881523,0.9293432656916779,0.796873672513663,-0.4881724011166294
2015-07,DBC,1.1102230246251565e-16,-2.498001805406602e-16,2.914335439641036e-16,7.632783294297951e-17,1.0000000000000002
2015-07,GLD,-0.11533560480838168,0.22763675042700654,1.7775593085100836,-0.31469653984282353,-0.3845194260544115
2015-07,SHY,0.008219621271211062,0.002084310484052966,0.11419874000791763,-0.0437195856463052,-0.05378420682901587
2015-08,SPY,1.0000000000000004,1.457167719820518e-16,5.551115123125783e-17,0.0,1.1102230246251565e-16
2015-08,QQQ,1.2694669509782235,0.047848201270455804,-0.43709160689545123,-0.6905499314703416,0.38548143630217935
2015-08,IWM,0.994081222635787,-0.11042660473910626,0.2723099726807675,0.18878603750777156,-0.16126194382450765
2015-08,EFA,0.4703952146335626,-0.19697240720483994,2.695599328151469,0.7934234393513944,-1.3961606035165495
2015-08,EEM,0.2962507765357204,-0.29042182485068124,3.285518181752062,0.5613905187038843,-1.493301140394355
2015-08,TLT,-2.0816681711721685e-17,0.9999999999999997,5.568462357885551e-16,7.632783294297951e-17,-7.945033519973776e-16
2015-08,IEF,0.07463041221331329,0.2212719326978092,0.8991135684202024,-0.21244639554937592,-0.45219280520207383
2015-08,TIP,-1.1934897514720433e-15,1.2622281692076243e-15,2.000000000000001,4.584874147006701e-15,-1.0000000000000009
2015-08,LQD,-0.0029856711894486604,0.26635126685744437,1.1061809905962063,0.3849591822785431,-0.620065979888738
2015-08,HYG,0.07463041221331371,0.22127193269780882,0.8991135684202032,0.7875536044506235,-0.45219280520207406
2015-08,DBC,1.1102230246251565e-16,-4.85722573273506e-16,3.0531133177191805e-16,-9.298117831235686e-16,1.0000000000000009
2015-08,GLD,-0.11696224053571025,0.3485406847290313,1.4607335041252167,-0.4711448907534245,-0.05459136966228745
2015-08,SHY,0.00637094021713098,0.0021053741906105284,0.11276226350748299,-0.04302761059470009,-0.05116380923969953
2015-09,SPY,1.000000000000001,1.3877787807814457e-17,-3.3306690738754696e-16,4.440892098500626e-16,0.0
2015-09,QQQ,1.2702036775453722,0.028391519504502388,-0.3283401716322697,-0.6444223377849458,0.29000434368508277
2015-09,IWM,0.9833419127681189,-0.12126427976524887,0.32312814207317964,0.20812036430899833,-0.20335869135470352
2015-09,EFA,0.5283610642660328,-0.20054158980183392,2.7661617576769926,0.8348702028200512,-1.471172890925056
2015-09,EEM,0.44977291513059325,-0.24651664429070394,3.175929838605056,0.5458137333095388,-1.4321423965421156
2015-09,TLT,-1.249000902703301e-16,1.0000000000000018,-5.93275428784068e-16,-5.819997261902188e-16,1.1102230246251565e-15
2015-09,IEF,0.050754939960954815,0.2138684649360739,0.9193537159524205,-0.20867216065790478,-0.46450610017593214
2015-09,TIP,-6.938893903907228e-17,3.8163916471489756e-16,2.0,-4.172009959724221e-16,-0.9999999999999996
2015-09,LQD,-0.018829010283291855,0.2607796128517452,1.123272712812256,0.3890114461610093,-0.6314451162811421
2015-09,HYG,0.05075493996095523,0.21386846493607387,0.9193537159524211,0.7913278393420947,-0.46450610017593247
2015-09,DBC,-5.551115123125783e-16,1.734723475976807e-16,2.220446049250313e-16,-6.245004513516506e-17,1.0000000000000002
2015-09,GLD,-0.2299436934784661,0.30420453191214153,1.608197208154249,-0.4314324071918236,-0.15815600317251916
2015-09,SHY,0.008788091944155868,0.0026612540827617042,0.11178910688920188,-0.04295480128839736,-0.050860178088271576
2015-10,SPY,0.9999999999999997,4.440892098500626e-16,4.996003610813204e-16,-9.71445146547012e-17,4.440892098500626e-16
2015-10,QQQ,1.2409637397384745,-0.029196632597788014,0.005265643934256881,-0.5051007861290008,0.07580667674391628
2015-10,IWM,0.9618034883904326,-0.11067101525003306,0.37492441940983423,0.31692645853473556,-0.24827233876432597
2015-10,EFA,0.5543698996458648,-0.22710393550763475,2.7539918105845325,0.7018754410169609,-1.446254670794788
2015-10,EEM,0.4928224376076648,-0.16386410941816584,2.6925725897311406,0.3404439523072357,-1.1213249460180847
2015-10,TLT,-2.7755575615628914e-16,0.9999999999999994,-6.938893903907228e-17,2.933851078745775e-16,-1.5265566588595902e-16
2015-10,IEF,0.05850967450360059,0.2094250149963131,0.9030075667584682,-0.24792029139327343,-0.44967538015163966
2015-10,TIP,1.942890293094024e-16,-2.0990154059319366e-16,2.0000000000000004,-3.900959416602845e-16,-1.0000000000000002
2015-10,LQD,0.021099087512486167,0.29404144852060654,0.8337267455222341,0.1934731042748919,-0.4355591482862479
2015-10,HYG,0.058509674503600645,0.20942501499631333,0.9030075667584685,0.7520797086067261,-0.4496753801516393
2015-10,DBC,2.220446049250313e-16,5.551115123125783e-17,-1.942890293094024e-16,-2.2551405187698492e-17,1.0000000000000004
2015-10,GLD,-0.2786711181842485,0.5196415880730743,1.0249091678401925,-0.1629526691202809,0.14788067516543407
2015-10,SHY,0.010694767030551925,0.0009923857297880997,0.10987851783467525,-0.05267202540845736,-0.04844076895966752
2015-11,SPY,0.9999999999999993,1.1102230246251565e-16,4.996003610813204e-16,4.787836793695988e-16,-5.551115123125783e-16
2015-11,QQQ,1.1408513253924448,-0.09502146761833843,0.5400505324499806,-0.19956915267380335,-0.29046685834097685
2015-11,IWM,0.8337583178795844,-0.19233029158117185,0.7046983387477046,0.35194840111662407,-0.44742166282369505
2015-11,EFA,0.5262404281051675,-0.24483870103323763,2.7978284933975273,0.6808359534918389,-1.468252598783446
2015-11,EEM,0.5189519906930751,-0.14713837573396096,2.6166128409673144,0.32459528208587074,-1.0740978887866734
2015-11,TLT,5.551115123125783e-16,1.0000000000000007,-1.4224732503009818e-16,-2.671474153004283e-16,-1.734723475976807e-16
2015-11,IEF,0.03657387020918873,0.19532602774102759,0.9748500718399676,-0.22650617594012606,-0.4954614455661886
2015-11,TIP,-9.43689570931383e-16,2.2638141361497333e-16,2.000000000000001,7.029966886396011e-16,-1.0000000000000002
2015-11,LQD,0.06702993280241126,0.32398016373352917,0.6249240298939879,0.09000839161313802,-0.29530690164440054
2015-11,HYG,0.03657387020918866,0.19532602774102745,0.9748500718399679,0.7734938240598738,-0.4954614455661886
2015-11,DBC,2.220446049250313e-16,-6.938893903907228e-18,-4.718447854656915e-16,2.7755575615628914e-17,1.0000000000000004
2015-11,GLD,-0.2539700543881286,0.533859268766426,1.1760887229715806,0.04601730972385004,0.022986871710044432
2015-11,SHY,0.006238719641133913,-0.00186021208883519,0.12286694963581372,-0.04993458830479159,-0.056520951553453984
2015-12,SPY,0.9999999999999996,-6.938893903907228e-17,2.220446049250313e-16,1.1796119636642288e-16,-6.661338147750939e-16
2015-12,QQQ,1.1368256654404474,-0.07290654189237711,0.4797743077589883,-0.17535481159394956,-0.25445863881961006
2015-12,IWM,0.8392307441004931,-0.2963720096084285,0.9983433128406842,0.29505531483006725,-0.6431996525211301
2015-12,EFA,0.5084825282468084,-0.2624191771835169,2.861417409168029,0.7503352173570383,-1.5379234519845593
2015-12,EEM,0.5133717980632773,-0.14935244725176577,2.627121535606242,0.3475074195517637,-1.0894208493954651
2015-12,TLT,-6.938893903907228e-17,1.0000000000000002,-3.9898639947466563e-16,-3.705803025555454e-16,8.326672684688674e-16
2015-12,IEF,0.032269867935970614,0.2225714917784465,0.9000998769847616,-0.19945037753377146,-0.44981557570460495
2015-12,TIP,4.163336342344337e-17,-1.1084883011491797e-15,2.0000000000000013,-7.452805733665357e-16,-1.0000000000000007
2015-12,LQD,0.07822331704982907,0.32235637782104,0.6212008210308538,0.042082961860149294,-0.2766078458915277
2015-12,HYG,0.032269867935970656,0.22257149177844676,0.9000998769847619,0.8005496224662288,-0.44981557570460545
2015-12,DBC,3.3306690738754696e-16,2.5673907444456745e-16,-5.273559366969494e-16,-1.6479873021779667e-16,1.0000000000000002
2015-12,GLD,-0.24099482076012713,0.6300896449348778,0.8910030341082522,0.022260857044285563,0.23939048123814044
2015-12,SHY,0.005860859806243746,0.012187341153110817,0.08294949861479259,-0.043781730081587734,-0.02938026515366612
2016-01,SPY,1.0000000000000002,1.5265566588595902e-16,2.7755575615628914e-16,-3.5735303605122226e-16,-4.440892098500626e-16
2016-01,QQQ,1.0834640745266002,-0.09751474082468771,0.6365306664020245,-0.05642046133844366,-0.3658820969264798
2016-01,IWM,0.9512263023529304,-0.22063482553367753,0.6874486813762044,0.11200460564131466,-0.4060627969193943
2016-01,EFA,0.6044535911922768,-0.22034232341609342,2.5778510007269153,0.5304039276080038,-1.337824906419217
2016-01,EEM,0.7770675562662107,-0.029374640171813654,1.851258575331246,-0.24472652459181798,-0.5390238008746322
2016-01,TLT,2.914335439641036e-16,1.000000000000001,-1.457167719820518e-16,-4.178515172759134e-16,3.677613769070831e-16
2016-01,IEF,0.048362252436567624,0.2320110314834445,0.8543435647250059,-0.22974003569831053,-0.41593844534528684
2016-01,TIP,9.71445146547012e-17,2.411265631607762e-16,2.000000000000001,1.3447359545337711e-15,-1.0000000000000009
2016-01,LQD,0.10267707421494515,0.33624075259559366,0.5513245723387434,-0.005215433811597298,-0.22519126646933105
2016-01,HYG,0.048362252436567756,0.23201103148344498,0.8543435647250066,0.7702599643016897,-0.4159384453452871
2016-01,DBC,-5.551115123125783e-16,2.7755575615628914e-17,5.551115123125783e-17,-3.3133218391157016e-16,1.0000000000000002
2016-01,GLD,-0.2790223178896343,0.5890881317649994,0.9850766919632047,0.042174778698461424,0.156790180466091
2016-01,SHY,0.01345113896545835,0.016694567047411523,0.061408919047089464,-0.057916745711024925,-0.013393997190345777
2016-02,SPY,0.9999999999999999,-2.220446049250313e-16,-2.220446049250313e-16,1.249000902703301e-16,-2.220446049250313e-16
2016-02,QQQ,1.1774697140485255,-0.12993386163637108,0.5473779933847135,-0.11958338737644408,-0.30320473499971057
2016-02,IWM,0.9242591627839475,-0.22356238069836087,0.7113196440490017,0.2630943466498621,-0.459864795340414
2016-02,EFA,0.6059543132151505,-0.22357904963146247,2.576048809360724,0.5589657695062903,-1.3447904554576366
2016-02,EEM,0.8891955296916705,-0.0629035410983376,1.7456354190549008,-0.3759612026132957,-0.4492054914384553
2016-02,TLT,-7.771561172376096e-16,0.9999999999999996,3.2612801348363973e-16,2.654126918244515e-16,-4.3021142204224816e-16
2016-02,IEF,0.057599033570677374,0.23122450364563363,0.8459179340073671,-0.26203352661071516,-0.40275206501318045
2016-02,TIP,-5.134781488891349e-16,-5.698566618583811e-16,2.0000000000000013,1.5308934675495323e-16,-1.0000000000000004
2016-02,LQD,0.12669035733479805,0.3245098862039112,0.5280702281106304,0.016162703043278978,-0.21928650256552365
2016-02,HYG,0.057599033570677416,0.23122450364563377,0.8459179340073667,0.7379664733892848,-0.40275206501318017
2016-02,DBC,0.0,-9.71445146547012e-17,-7.216449660063518e-16,1.8041124150158794e-16,1.0000000000000004
2016-02,GLD,-0.3108536632800444,0.6068532027060076,1.0162106836396831,-0.01025041290799069,0.15545195106448806
2016-02,SHY,0.012786960215536138,0.018022580694923015,0.062191960610727494,-0.06942132774421667,-0.010617300735939384
2016-03,SPY,1.0000000000000004,-4.163336342344337e-16,-1.6653345369377348e-16,1.8041124150158794e-16,-2.220446049250313e-16
2016-03,QQQ,1.1916433446517356,-0.15470112741659525,0.5720010008983724,-0.13436340350023412,-0.33462130465740647
2016-03,IWM,0.9170464525014398,-0.22218022229819373,0.7310242069155568,0.2776699377814302,-0.4719943223626158
2016-03,EFA,0.6541279306858747,-0.2687646368634754,2.547724154500903,0.48421790091770284,-1.353865380242806
2016-03,EEM,0.8947454817114978,-0.07702427341733431,1.7679815031225632,-0.3789683303926863,-0.472588756963995
2016-03,TLT,-5.828670879282072e-16,0.9999999999999999,-1.3877787807814457e-17,-1.942890293094024e-16,-1.6653345369377348e-16
2016-03,IEF,0.061041101312502885,0.23740797858720822,0.8168570678019165,-0.27329117992726487,-0.3798173607964417
2016-03,TIP,3.2612801348363973e-16,-9.367506770274758e-17,2.0000000000000004,-3.3393426912553537e-17,-0.9999999999999999
2016-03,LQD,0.13766583696021664,0.32793295961978774,0.48221127079519555,-0.00949083163582873,-0.18698233676796203
2016-03,HYG,0.06104110131250305,0.23740797858720758,0.8168570678019159,0.7267088200727351,-0.3798173607964414
2016-03,DBC,-3.3306690738754696e-16,-3.3306690738754696e-16,1.942890293094024e-16,9.020562075079397e-17,0.9999999999999998
2016-03,GLD,-0.47563389430579783,0.6409109931100339,1.459249783810204,0.32118099106629927,-0.11543983677450576
2016-03,SHY,0.013738852967089467,0.01811474206427603,0.05880273172426353,-0.07151753908698262,-0.008328540822553163
2016-04,SPY,1.0000000000000009,-8.326672684688674e-17,-6.106226635438361e-16,-4.579669976578771e-16,5.551115123125783e-16
2016-04,QQQ,1.2091722880196238,-0.14860839442265122,0.46967468903285525,-0.18336324603721044,-0.27424310440361443
2016-04,IWM,0.910990987002261,-0.2273147122110173,0.8070962942269742,0.30454196093323144,-0.5134442215499826
2016-04,EFA,0.6787170640071543,-0.2658004266374804,2.4792188572476985,0.4338062832763119,-1.3071107736930792
2016-04,EEM,1.0847113775159283,-0.09712215089133303,1.8166812985354446,-0.6272911497433115,-0.4036243429171028
2016-04,TLT,3.0531133177191805e-16,1.0000000000000002,5.273559366969494e-16,1.7867651802561113e-16,-1.3877787807814457e-16
2016-04,IEF,0.04711435409323636,0.23996682280929707,0.7986973557334285,-0.25864900448753575,-0.37749597912819266
2016-04,TIP,-4.0939474033052647e-16,8.586881206085195e-17,2.000000000000001,8.270294171719428e-16,-1.0000000000000004
2016-04,LQD,0.18727094277613854,0.3196364152217403,0.535902819750833,-0.06432820263428411,-0.18969317852607048
2016-04,HYG,0.047114354093236645,0.23996682280929676,0.7986973557334297,0.7413509955124636,-0.3774959791281935
2016-04,DBC,-3.3306690738754696e-16,5.828670879282072e-16,-9.43689570931383e-16,-2.8449465006019636e-16,0.9999999999999999
2016-04,GLD,-0.5639122799355781,0.6527813645844276,1.4026024177047756,0.42827125498060414,-0.1302874065708215
2016-04,SHY,0.01552281874978722,0.017971018618543964,0.058655013626410936,-0.07399729185848054,-0.00737494470967016
2016-05,SPY,0.9999999999999998,6.38378239159465e-16,-1.6653345369377348e-16,-5.551115123125783e-17,5.551115123125783e-16
2016-05,QQQ,1.2727726717374932,-0.21617103409740018,0.5597403979824996,-0.3146553945103354,-0.3536498804400783
2016-05,IWM,0.8643767148110953,-0.15701990244417885,0.7306308810000297,0.4431334263781842,-0.4745839728685476
2016-05,EFA,0.7052994707056514,-0.34619434355471157,2.543105626343309,0.27258407854647443,-1.2917529658404672
2016-05,EEM,1.1548132564807183,-0.18825627562405972,1.9243391580960814,-0.8059851308018909,-0.4756365565200632
2016-05,TLT,-1.6653345369377348e-16,0.9999999999999992,-2.706168622523819e-16,-2.419939248987646e-16,8.326672684688674e-17
2016-05,IEF,0.04005936936651536,0.2446875998711353,0.7901023075198774,-0.2497409503655906,-0.3661058372584421
2016-05,TIP,7.632783294297951e-17,-2.2811613709095013e-16,1.9999999999999993,-8.658438549469238e-16,-0.9999999999999992
2016-05,LQD,0.1721214047375242,0.3287980742026797,0.5179370689497358,-0.04718858710318027,-0.16432651656638964
2016-05,HYG,0.04005936936651534,0.2446875998711357,0.7901023075198778,0.7502590496344095,-0.36610583725844237
2016-05,DBC,1.1102230246251565e-16,-1.1102230246251565e-16,4.440892098500626e-16,3.2959746043559335e-16,1.0000000000000002
2016-05,GLD,-0.6342231860353387,0.8515310272498614,1.2406116509714407,0.8263770087211852,-0.1579768224749818
2016-05,SHY,0.01536783460788196,0.018106138608685672,0.058450390918279214,-0.0737375452384334,-0.007153965873814849
2016-06,SPY,1.0000000000000004,2.220446049250313e-16,-2.220446049250313e-16,5.551115123125783e-17,-1.1102230246251565e-16
2016-06,QQQ,1.3261120506859752,-0.1559143117079193,0.2403476058652229,-0.4038947472813851,-0.14615929132071137
2016-06,IWM,0.7817075759127778,-0.12267670324720764,1.041566798024054,0.6184354460503714,-0.6589814179830041
2016-06,EFA,0.7933392769224108,-0.3502890283521271,2.1651617870770563,0.09529978032958702,-1.0604927123347192
2016-06,EEM,1.2047476993268016,-0.29937660663190047,1.866769874904536,-0.9380460102156593,-0.46131971119016324
2016-06,TLT,-1.1102230246251565e-16,0.9999999999999998,5.551115123125783e-17,2.42861286636753e-17,-5.551115123125783e-17
2016-06,IEF,0.025865497838323356,0.24111357598762956,0.8571368531844539,-0.22238523610299005,-0.4079373822635063
2016-06,TIP,-6.418476861114186e-17,-1.2537713922622373e-15,2.000000000000002,-1.183406671267928e-16,-1.0000000000000016
2016-06,LQD,0.15856738450553656,0.30317900400777464,0.6139519239035272,-0.027497129133236042,-0.228121831539202
2016-06,HYG,0.025865497838324064,0.24111357598762959,0.8571368531844539,0.7776147638970096,-0.4079373822635064
2016-06,DBC,3.3306690738754696e-16,3.0531133177191805e-16,-5.828670879282072e-16,-3.2612801348363973e-16,1.0000000000000002
2016-06,GLD,-0.9793870685513208,0.7071930200187684,2.953503336238435,1.474977201031451,-1.236903725932267
2016-06,SHY,0.005419821018784148,0.013835516624418358,0.10797731100504596,-0.055076195342439065,-0.03836868480815793
2016-07,SPY,0.9999999999999997,-5.551115123125783e-17,-1.1102230246251565e-16,-2.636779683484747e-16,5.551115123125783e-16
2016-07,QQQ,1.27464445844472,-0.21945573950578545,0.36616185776248455,-0.2910621927443999,-0.27098255351356837
2016-07,IWM,0.8044870678286846,-0.11918920345185657,1.1669756438932861,0.5639771697371229,-0.701128575532762
2016-07,EFA,0.7521966651873133,-0.46513717051704545,2.7365854011452724,0.17374804161482676,-1.4135012716573616
2016-07,EEM,1.2417347561223933,-0.2934866223260275,2.068725118433526,-1.026428206021745,-0.5288553255221516
2016-07,TLT,3.3306690738754696e-16,0.9999999999999997,4.163336342344337e-16,2.0816681711721685e-17,-4.718447854656915e-16
2016-07,IEF,0.025267037845156465,0.23861172196522296,0.8715593328643679,-0.22139660151232546,-0.4163585456983804
2016-07,TIP,2.220446049250313e-16,2.706168622523819e-16,2.000000000000001,-7.37257477290143e-17,-0.9999999999999999
2016-07,LQD,0.15062990043005486,0.31464083627690453,0.4770665163258612,-0.006195979909210846,-0.16331910497528537
2016-07,HYG,0.025267037845155965,0.23861172196522237,0.871559332864367,0.7786033984876745,-0.41635854569837993
2016-07,DBC,0.0,-4.718447854656915e-16,-8.049116928532385e-16,-1.3877787807814457e-16,1.0000000000000002
2016-07,GLD,-0.9777822319266289,0.8892222441382764,1.626078099896234,1.5044834466966408,-0.521221981172503
2016-07,SHY,0.010046660427178642,0.014851858790859351,0.13118571570448498,-0.06608095710031002,-0.04571182019964362
2016-08,SPY,0.9999999999999992,7.771561172376096e-16,9.43689570931383e-16,-3.0531133177191805e-16,-3.3306690738754696e-16
2016-08,QQQ,1.2274817843891737,-0.2219570530851558,0.5810952421838742,-0.13483856112763198,-0.4347911078961797
2016-08,IWM,0.7839617755230457,-0.09570223307007303,1.1541244818126277,0.6319448285798182,-0.7211963516189037
2016-08,EFA,0.7196377550565543,-0.4914259201056634,2.9912971713123357,0.2816187231488856,-1.57778077781346
2016-08,EEM,1.0772471407660893,-0.4185600650503589,3.3220331624315866,-0.481472188350965,-1.3426687414461471
2016-08,TLT,1.1102230246251565e-16,0.9999999999999988,-4.0245584642661925e-16,1.6653345369377348e-16,-1.1102230246251565e-16
2016-08,IEF,0.034450960377681,0.24477393927986607,0.8051372618336892,-0.2518227063168973,-0.3726318153864745
2016-08,TIP,6.938893903907228e-16,-2.2898349882893854e-16,1.9999999999999996,-1.708702623837155e-16,-1.0000000000000004
2016-08,LQD,0.14852858063447844,0.32576765431809573,0.43799096856110625,0.0007548324468674983,-0.14719398960314506
2016-08,HYG,0.034450960377680126,0.24477393927986524,0.8051372618336884,0.7481772936831026,-0.37263181538647405
2016-08,DBC,1.1102230246251565e-16,1.3877787807814457e-16,-5.551115123125783e-16,-8.326672684688674e-17,1.0000000000000002
2016-08,GLD,-0.9639376166965629,1.0618185229254535,0.8189722247840745,1.4584758044961275,-0.11492932482948748
2016-08,SHY,0.01176866853149645,0.019460989836490184,0.10377991486042484,-0.07178890400176231,-0.030314511698846233
2016-09,SPY,1.0,2.7755575615628914e-16,6.106226635438361e-16,-6.938893903907228e-17,6.661338147750939e-16
2016-09,QQQ,1.2148670861676836,-0.30667670537894387,1.318020655177759,-0.027134238169347735,-0.88023702216545
2016-09,IWM,0.7814610821478387,-0.10898996212440626,1.2707278101146064,0.6499405561660231,-0.7917887023682946
2016-09,EFA,0.7454112318297714,-0.5533822549952718,3.4617604024754276,0.2864532094632357,-1.8548084626344155
2016-09,EEM,0.9998624121406428,-0.47882358813507564,3.9800427763332595,-0.26034757095253935,-1.754781799887836
2016-09,TLT,5.551115123125783e-16,1.0,-5.551115123125783e-16,1.1796119636642288e-16,-5.551115123125783e-17
2016-09,IEF,0.030598675969359723,0.2535965792051502,0.7384990810487092,-0.25212644006762974,-0.33343639017019283
2016-09,TIP,0.0,-3.8163916471489756e-16,2.0000000000000004,3.391384395534658e-16,-1.0000000000000007
2016-09,LQD,0.1319195735684456,0.3266750780325302,0.4628494434962971,0.03497124058467999,-0.16573697773752027
2016-09,HYG,0.030598675969359,0.2535965792051494,0.7384990810487089,0.7478735599323699,-0.3334363901701923
2016-09,DBC,8.881784197001252e-16,-3.885780586188048e-16,-3.0531133177191805e-16,1.4224732503009818e-16,1.0000000000000009
2016-09,GLD,-0.6481852434938112,0.9934830012889746,0.7758656741061387,0.8568668679394345,-0.020415782590290366
2016-09,SHY,0.013224446192484775,0.020186776750507434,0.09483060365003386,-0.07555847697623043,-0.024621892864444266
2016-10,SPY,1.0000000000000002,-2.7755575615628914e-16,-1.6653345369377348e-16,-4.85722573273506e-17,3.3306690738754696e-16
2016-10,QQQ,1.2036867106418558,-0.39886958300707276,1.7586628040505061,-0.04805825558829366,-1.1103936254349152
2016-10,IWM,0.7207474663226676,0.03887516727486667,0.5829684463615654,0.7676462357881132,-0.41037233707076093
2016-10,EFA,0.6965914202877052,-0.39610074309358057,2.7264010597255637,0.3947921158288994,-1.451562651707657
2016-10,EEM,0.9715469657079547,-0.38659327365787904,3.5487506030144376,-0.19715182911432239,-1.5183661365426646
2016-10,TLT,5.551115123125783e-16,1.0,3.608224830031759e-16,3.139849491518021e-16,1.942890293094024e-16
2016-10,IEF,0.01686628852594735,0.2802530568709065,0.6151852098553217,-0.227924821254813,-0.26424126530319575
2016-10,TIP,1.762479051592436e-15,-8.187894806610529e-16,2.0000000000000018,-4.3706357977235655e-15,-0.9999999999999999
2016-10,LQD,0.13910132205081246,0.32924757052664244,0.44889680258432285,0.02820480413951543,-0.16038713330241475
2016-10,HYG,0.016866288525947543,0.28025305687090657,0.6151852098553219,0.7720751787451867,-0.2642412653031957
2016-10,DBC,-1.1102230246251565e-16,2.220446049250313e-16,-1.1379786002407855e-15,9.298117831235686e-16,1.0000000000000002
2016-10,GLD,-0.6107603470994385,0.9053140990323101,1.1856673406285863,0.7853732716475966,-0.2480372707362815
2016-10,SHY,0.012121963261633865,0.02095439551345528,0.09145013265694746,-0.07410506083920512,-0.022518940211530343
2016-11,SPY,1.0000000000000009,2.7755575615628914e-16,-3.3306690738754696e-16,3.0531133177191805e-16,-3.3306690738754696e-16
2016-11,QQQ,1.2250222761447398,-0.3649786952562779,1.6241168766296739,-0.060864760709421706,-1.0319472778536867
2016-11,IWM,0.8123751697283114,0.18090361883233796,0.02342640471591717,0.7197291196167231,-0.08475590246303333
2016-11,EFA,0.7329020228438633,-0.3340027300397177,2.4744644651407848,0.3641034387683313,-1.3038913274299615
2016-11,EEM,0.9500310485458716,-0.42039087608459647,3.682461408373812,-0.18500124968385667,-1.596258469340946
2016-11,TLT,1.1102230246251565e-16,0.9999999999999997,-4.85722573273506e-16,-7.563394355258879e-16,2.220446049250313e-16
2016-11,IEF,0.012452500045597975,0.27607943638062865,0.6282816246380362,-0.23098526827642593,-0.27137570262244226
2016-11,TIP,-7.91033905045424e-16,-7.28583859910259e-17,2.0000000000000004,2.662800535624399e-15,-1.000000000000001
2016-11,LQD,0.1303590532841451,0.31746302084505873,0.4931082715676669,0.02922202734929031,-0.18579296591309263
2016-11,HYG,0.012452500045598364,0.2760794363806287,0.6282816246380363,0.7690147317235734,-0.27137570262244215
2016-11,DBC,2.220446049250313e-16,-3.3306690738754696e-16,1.2490009027033011e-15,-6.036837696399289e-16,1.0
2016-11,GLD,-0.6023199964360074,0.9162935173335809,1.1450506406255125,0.7851923405508306,-0.22478487070814313
2016-11,SHY,0.009639080018576943,0.017059352620088064,0.10685345366237399,-0.07271320926902132,-0.03149112422746661
2016-12,SPY,0.9999999999999993,3.885780586188048e-16,5.551115123125783e-17,5.898059818321144e-17,0.0
2016-12,QQQ,1.2475214348037755,-0.2622383706485919,1.4193284105112247,-0.15062002690316156,-0.8902613919800412
2016-12,IWM,0.7707269665387908,0.03645017540226936,0.34856308262148444,0.8602845076299797,-0.30546172612254685
2016-12,EFA,0.7672622695632363,-0.22065667603084432,2.2131003359727677,0.25140599699110144,-1.1271058235130642
2016-12,EEM,0.9905326091117335,-0.28151636500913607,3.36816604653999,-0.32079048004819644,-1.383085196829751
2016-12,TLT,7.216449660063518e-16,1.0000000000000002,-1.2490009027033011e-15,1.3010426069826053e-16,3.0531133177191805e-16
2016-12,IEF,0.00923420762073024,0.2897378810794502,0.6241245398394745,-0.23401413533237306,-0.2658676127899443
2016-12,TIP,-7.355227538141662e-16,-4.3021142204224816e-16,2.0000000000000013,-1.2555061157382141e-16,-1.0000000000000009
2016-12,LQD,0.1272695770401232,0.3384199145468325,0.4798625605364115,0.021924155753768215,-0.1733739140529621
2016-12,HYG,0.009234207620729837,0.2897378810794503,0.6241245398394744,0.7659858646676271,-0.2658676127899442
2016-12,DBC,1.1102230246251565e-16,-3.3306690738754696e-16,1.942890293094024e-16,2.8796409701215e-16,1.0000000000000013
2016-12,GLD,-0.5783076102431864,0.9411729381263729,1.0264940420835689,0.7368392340865203,-0.15062845730995594
2016-12,SHY,0.006776113376654659,0.018783300094593787,0.11545561312035904,-0.06957287220063925,-0.03606911158430647
2017-01,SPY,0.9999999999999998,-3.885780586188048e-16,5.551115123125783e-16,-2.2898349882893854e-16,0.0
2017-01,QQQ,1.2480129648487999,-0.28555212470399927,1.5563454235947165,-0.16974345962349424,-0.9653946227739426
2017-01,IWM,0.7695888132582789,0.0781914045751364,0.09765330319455084,0.8961689019930956,-0.17019566562129496
2017-01,EFA,0.7688878942146051,-0.23698404354319008,2.3368233067299604,0.22984386433294784,-1.1834305510793721
2017-01,EEM,0.9899846856617075,-0.3169879709723268,3.5485584526471188,-0.3416254358772428,-1.4936513863353889
2017-01,TLT,2.7755575615628914e-16,1.0000000000000002,4.85722573273506e-16,-1.8561541192951836e-16,-2.498001805406602e-16
2017-01,IEF,0.008796469709314803,0.30732993120282154,0.5192861796364898,-0.21915787787618796,-0.20898037599701613
2017-01,TIP,1.5265566588595902e-16,-1.3183898417423734e-16,2.0000000000000004,-1.0842021724855044e-16,-1.0
2017-01,LQD,0.127933663907912,0.3267273533725966,0.557628814615278,0.009670994855086566,-0.2122633816210039
2017-01,HYG,0.008796469709314553,0.3073299312028212,0.5192861796364903,0.7808421221238114,-0.2089803759970162
2017-01,DBC,3.3306690738754696e-16,5.551115123125783e-17,-4.718447854656915e-16,-1.1796119636642288e-16,1.0000000000000007
2017-01,GLD,-0.5808976748612824,0.942744623668927,0.9618527706475737,0.7544298812525548,-0.1381672687790143
2017-01,SHY,0.00683528294370365,0.018740194861431657,0.11697135923698766,-0.06997966577820486,-0.03637655069798161
2017-02,SPY,0.9999999999999991,-3.3306690738754696e-16,-3.885780586188048e-16,0.0,4.440892098500626e-16
2017-02,QQQ,1.2849995114133617,-0.31659836506547145,1.5965758880582823,-0.19335531086662122,-0.9879607401705862
2017-02,IWM,0.8220803887092931,0.0862822740543982,-0.21115213411012806,0.8199973897598984,0.007215872705218729
2017-02,EFA,0.6965491518523156,-0.23988302399915706,2.7044987615680918,0.3280664255161346,-1.394786193740178
2017-02,EEM,0.7814256464492565,-0.3251237303839934,4.607040161434586,-0.058622854013760536,-2.1021159599724637
2017-02,TLT,-5.551115123125783e-17,0.9999999999999997,-7.91033905045424e-16,5.84601811404184e-16,5.273559366969494e-16
2017-02,IEF,0.012295504081037745,0.3085977327177116,0.4935905231275084,-0.22483129875151128,-0.19422882387725587
2017-02,TIP,5.551115123125783e-16,3.2959746043559335e-16,1.9999999999999987,-9.922618282587337e-16,-0.9999999999999993
2017-02,LQD,0.12701988669684408,0.3329354683008282,0.518459851543393,0.005803405984151352,-0.18985490239450997
2017-02,HYG,0.012295504081037495,0.3085977327177116,0.4935905231275079,0.7751687012484887,-0.1942288238772555
2017-02,DBC,5.551115123125783e-16,2.7755575615628914e-17,-2.220446049250313e-16,8.153200337090993e-17,0.9999999999999996
2017-02,GLD,-0.6837347659748257,0.9141628931264228,1.6561583323228322,0.914072770470344,-0.5368627593064244
2017-02,SHY,0.0013911216587935197,0.019251472212913786,0.1395244673251697,-0.06318421504870254,-0.04935360570573772
2017-03,SPY,0.9999999999999991,-4.440892098500626e-16,7.771561172376096e-16,5.2909066017292616e-17,0.0
2017-03,QQQ,1.2659715270141523,-0.32751900866690953,1.6704690806343705,-0.17275393297445427,-1.0370092482629634
2017-03,IWM,0.7831742719725755,0.06621195029132232,-0.08504218824855952,0.8560541905000938,-0.0720132312192574
2017-03,EFA,0.6033577725346793,-0.29343106693337795,3.0670959745080673,0.4291332257479281,-1.6355946443377893
2017-03,EEM,0.794629588166474,-0.3150223464027202,4.527862257666168,-0.07969513201918206,-2.0445555940081714
2017-03,TLT,-5.551115123125783e-16,1.0,9.159339953157541e-16,-2.8406096919120216e-17,-4.440892098500626e-16
2017-03,IEF,0.012959189835438423,0.30867729573098274,0.4943453074064972,-0.2247405847280703,-0.1953274279567077
2017-03,TIP,5.551115123125783e-17,-1.5959455978986625e-16,2.0000000000000004,1.1216071474362543e-16,-0.9999999999999999
2017-03,LQD,0.13307099940076864,0.3363175145582311,0.4959654725673886,-0.0005041032874930672,-0.17510382728214777
2017-03,HYG,0.01295918983543859,0.3086772957309829,0.4943453074064973,0.7752594152719292,-0.1953274279567075
2017-03,DBC,6.661338147750939e-16,5.551115123125783e-17,-2.0261570199409107e-15,4.7271214720367993e-17,1.0000000000000002
2017-03,GLD,-0.7491244708925566,0.8695370489480593,1.9885687355294528,1.0039290411144146,-0.7715829143392268
2017-03,SHY,0.0018641313169457767,0.01957142375079561,0.13715151801684505,-0.06382653175954554,-0.04768235978221466
2017-04,SPY,1.0000000000000004,5.551115123125783e-17,8.881784197001252e-16,3.2526065174565133e-16,-7.771561172376096e-16
2017-04,QQQ,1.2644257798387661,-0.27636226659946667,1.3626340748417258,-0.1569954102176341,-0.866271417639476
2017-04,IWM,0.7868830782017517,0.1044321958503227,-0.3068665671570133,0.8602243625083884,0.05387960650667922
2017-04,EFA,0.5759364126030688,-0.35747216599278353,3.4031769848451665,0.4552984865129274,-1.8392614493849768
2017-04,EEM,0.7494268480063412,-0.497251112030093,5.539287966058606,-0.05655657201644295,-2.6353520961827535
2017-04,TLT,-7.216449660063518e-16,1.0,-1.3877787807814457e-16,6.960577947356938e-17,4.718447854656915e-16
2017-04,IEF,0.012103674497980485,0.3190854169749922,0.4308062714076284,-0.22068864564193832,-0.16040423214698712
2017-04,TIP,-1.8041124150158794e-16,3.469446951953614e-16,2.0000000000000013,2.2985086056692694e-17,-1.0
2017-04,LQD,0.13311790050351116,0.34216326686492743,0.46116402308314247,0.0009471928143573315,-0.1556700793531596
2017-04,HYG,0.012103674497980596,0.31908541697499243,0.43080627140762817,0.7793113543580616,-0.16040423214698715
2017-04,DBC,2.220446049250313e-16,-2.7755575615628914e-17,-9.159339953157541e-16,-1.48318857196017e-16,1.0000000000000002
2017-04,GLD,-0.7492381457262896,0.9304623760205349,1.624851200696077,1.019996533691086,-0.5688346810788838
2017-04,SHY,0.0014872381411521088,0.02080259178894943,0.1291726836885074,-0.06291623878567518,-0.043456724163140836
2017-05,SPY,1.0,0.0,-5.551115123125783e-17,8.760353553682876e-17,-1.1102230246251565e-16
2017-05,QQQ,1.2626561122039242,-0.2831433454524397,1.468355412461102,-0.16078260556442264,-0.9183360669374147
2017-05,IWM,0.7859874426390714,0.08579238540945952,-0.0690028266037524,0.8369754381272072,-0.05557746533513286
2017-05,EFA,0.5726074056322006,-0.3535739860122117,3.4001613346042245,0.4715354566976525,-1.8461910095877294
2017-05,EEM,0.7471772451713956,-0.5073369178924529,5.691448900095558,-0.0634267968100308,-2.709546335177545
2017-05,TLT,3.885780586188048e-16,0.9999999999999999,6.106226635438361e-16,-2.5565487227208195e-16,-2.220446049250313e-16
2017-05,IEF,0.011330830143103557,0.31683599306758475,0.46834549061002795,-0.22134386516615204,-0.17925092849391652
2017-05,TIP,-2.498001805406602e-16,6.036837696399289e-16,2.0000000000000044,3.601177515910603e-16,-1.0000000000000018
2017-05,LQD,0.13223624271881043,0.34252090698514737,0.46854512003202536,0.004300921163417026,-0.16119268180245466
2017-05,HYG,0.011330830143103945,0.31683599306758464,0.4683454906100275,0.7786561348338479,-0.17925092849391613
2017-05,DBC,2.220446049250313e-16,1.1102230246251565e-16,-1.942890293094024e-16,-1.491862189340054e-16,1.0000000000000002
2017-05,GLD,-0.7514347000296299,0.9193356113787445,1.788926197028714,1.011494542016249,-0.6482675935576152
2017-05,SHY,0.0013045426723552068,0.02021070230420657,0.138775763906576,-0.06315548739249924,-0.04824061185429228
2017-06,SPY,1.0000000000000004,1.1102230246251565e-16,1.1102230246251565e-16,6.158268339717665e-16,-1.1102230246251565e-16
2017-06,QQQ,1.26561611107624,-0.22839431325820103,1.1740268894823345,-0.14324748467547596,-0.7569047702937655
2017-06,IWM,0.7823201802240343,0.0023835230160557663,0.3848730313499479,0.8095838592385418,-0.30422282685995716
2017-06,EFA,0.5926178208810057,-0.3121811943697064,3.293131626595025,0.4705019188154451,-1.7812975055330578
2017-06,EEM,0.7739199295947732,-0.49621540862406693,5.801542234648644,-0.08088510146183947,-2.760823917640505
2017-06,TLT,6.661338147750939e-16,1.0000000000000007,-8.604228440844963e-16,-1.448494102440634e-16,1.1102230246251565e-16
2017-06,IEF,0.010498641925643606,0.3247084827114197,0.41784930739805876,-0.21781104100192555,-0.15199325262664024
2017-06,TIP,-1.8735013540549517e-16,-8.500145032286355e-17,2.0000000000000018,2.7793522691665906e-16,-1.0000000000000009
2017-06,LQD,0.13541850210126685,0.3470568151887558,0.4632467783667296,0.003392025112250694,-0.15726364917298047
2017-06,HYG,0.010498641925644023,0.32470848271141983,0.41784930739805826,0.7821889589980744,-0.1519932526266396
2017-06,DBC,-1.1102230246251565e-16,-8.326672684688674e-17,-1.1102230246251565e-16,5.637851296924623e-17,1.0000000000000007
2017-06,GLD,-0.7166478071117447,0.7847307572684286,2.785914616394327,0.9345591251675804,-1.1804370201607763
2017-06,SHY,0.0020122031340073197,0.018545293298542053,0.15291285808690974,-0.06433031932989812,-0.05571657101516467
2017-07,SPY,1.0000000000000009,-8.881784197001252e-16,5.551115123125783e-16,5.507747036226363e-16,-1.3322676295501878e-15
2017-07,QQQ,1.2660739484134005,-0.29572152409593916,1.5605722332763254,-0.1673749778534799,-0.9718412645695831
2017-07,IWM,0.7443849837211108,0.08235818995219119,-0.008867188059113296,0.8994225514843796,-0.11351097886036532
2017-07,EFA,0.5944746603490304,-0.270461474104124,3.0498614517305156,0.48195036628380544,-1.644412597696412
2017-07,EEM,0.7689607556580689,-0.3985098589812174,5.248099779324916,-0.03884419497902169,-2.45632711770138
2017-07,TLT,-6.106226635438361e-16,1.0,1.9290125052862095e-15,-2.078415564654712e-16,-8.049116928532385e-16
2017-07,IEF,0.014944390559369782,0.30895869191291225,0.5006828315041213,-0.23055395295045103,-0.19477731503016843
2017-07,TIP,3.7816971776294395e-16,8.673617379884035e-19,2.0000000000000004,-1.1005329677085673e-15,-0.9999999999999996
2017-07,LQD,0.1399921318720827,0.3524432149928188,0.42425601197574314,-0.0022208893633385743,-0.1321029301389157
2017-07,HYG,0.01494439055937017,0.3089586919129119,0.500682831504121,0.7694460470495498,-0.19477731503016862
2017-07,DBC,-1.1102230246251565e-16,-2.498001805406602e-16,8.326672684688674e-17,2.229119666630197e-16,1.0000000000000007
2017-07,GLD,-0.768711067714528,0.7557173949686793,3.0439211214105897,1.009669314946647,-1.363349690274645
2017-07,SHY,0.0036561054877609477,0.017112545714377713,0.15827964681731166,-0.06751753353982352,-0.05746718038733474
2017-08,SPY,1.0000000000000002,-1.6653345369377348e-16,0.0,5.828670879282072e-16,-2.220446049250313e-16
2017-08,QQQ,1.289593285005441,-0.283546776199607,1.5037543288967208,-0.18478683622861297,-0.9186925459297038
2017-08,IWM,0.7453731470556098,0.039426854477012774,0.09151231008328314,0.8319086720664849,-0.17635908916265675
2017-08,EFA,0.615437365579131,-0.2857465016290859,3.0610469327919736,0.42625327472165575,-1.636195817048164
2017-08,EEM,0.7947000469545673,-0.36440079409539294,5.136750366503156,-0.025947644316439693,-2.36702380608397
2017-08,TLT,-5.551115123125783e-17,1.0000000000000004,2.636779683484747e-16,-2.2724877535296173e-16,-2.220446049250313e-16
2017-08,IEF,0.020697227879172803,0.2972474755960143,0.5215332564589223,-0.25739374481233135,-0.20378275658986716
2017-08,TIP,7.632783294297951e-17,3.139849491518021e-16,1.999999999999998,-6.867336560523185e-16,-0.999999999999999
2017-08,LQD,0.1429142237191101,0.3500281975318792,0.4264878906258386,-0.010421911256071231,-0.13138355600636936
2017-08,HYG,0.020697227879173177,0.2972474755960133,0.5215332564589221,0.7426062551876674,-0.20378275658986703
2017-08,DBC,-8.881784197001252e-16,5.551115123125783e-17,2.7755575615628914e-17,2.42861286636753e-17,1.0
2017-08,GLD,-0.7264772637516241,0.7105238497866,3.1005174528025083,0.8753215272286584,-1.368365629409009
2017-08,SHY,0.0048968699106846396,0.014309451258886167,0.1634324544697665,-0.07373248234120293,-0.059824783676613605
2017-09,SPY,0.9999999999999994,-6.661338147750939e-16,-9.992007221626409e-16,-1.9081958235744878e-16,1.1102230246251565e-16
2017-09,QQQ,1.294812724548078,-0.2964125586036019,1.5588182402595376,-0.22693238134718854,-0.9363558975515966
2017-09,IWM,0.7185885638306756,-0.009503639510906825,0.2943754205792494,0.8436155192276122,-0.29544935612723683
2017-09,EFA,0.65180921092594,-0.21432655226653904,2.7645610835325356,0.4192101005552276,-1.4654010029205509
2017-09,EEM,0.7978287601411694,-0.3685144759932529,5.154561542212768,-0.04480724396382705,-2.3710463408754916
2017-09,TLT,5.551115123125783e-17,1.000000000000001,4.0245584642661925e-16,2.949029909160572e-16,0.0
2017-09,IEF,0.011544828515590265,0.2841796971464546,0.57543062632741,-0.2468944412661172,-0.23781336204995845
2017-09,TIP,1.4988010832439613e-15,-8.743006318923108e-16,2.0000000000000004,-3.3656888040467514e-15,-0.9999999999999999
2017-09,LQD,0.13979783969574533,0.35743514863721293,0.39477141388765025,0.014252906803624314,-0.12133872551136549
2017-09,HYG,0.01154482851559148,0.28417969714645613,0.5754306263274103,0.7531055587338831,-0.23781336204995832
2017-09,DBC,-9.992007221626409e-16,3.3306690738754696e-16,-3.885780586188048e-16,5.880712583561376e-16,0.9999999999999999
2017-09,GLD,-0.6817855172942222,0.7852979207487483,2.791036718480073,0.8435629733926144,-1.182189516310387
2017-09,SHY,0.0028954384193410534,0.011930201663704324,0.17319846300139294,-0.07058517020298917,-0.06639371632630041
2017-10,SPY,1.0000000000000004,-6.106226635438361e-16,2.220446049250313e-16,2.3592239273284576e-16,-4.440892098500626e-16
2017-10,QQQ,1.2935907638016324,-0.3250262600915745,1.9140440601724649,-0.2365808102023068,-1.1223370181945729
2017-10,IWM,0.7187593042471915,0.08834594690871855,-0.9682483221542261,0.8423615252349005,0.3482377941390876
2017-10,EFA,0.6528302583889749,-0.21311778094042919,2.7611324568263464,0.42790153747441984,-1.4594048217749314
2017-10,EEM,0.7976078789059748,-0.3868100728092355,5.388386134182849,-0.046187430335548674,-2.4910382259805797
2017-10,TLT,-2.220446049250313e-16,1.0000000000000002,-6.938893903907228e-18,-4.336808689942018e-17,3.3306690738754696e-16
2017-10,IEF,0.011429170743214034,0.2776183496820181,0.6588518737530776,-0.2477008277604247,-0.2807760951775862
2017-10,TIP,4.579669976578771e-16,-1.734723475976807e-17,2.0000000000000018,-2.636779683484747e-16,-1.0000000000000007
2017-10,LQD,0.14017040973250586,0.35540083242784054,0.4255136021798389,0.017492958233618926,-0.135442973684116
2017-10,HYG,0.011429170743214173,0.2776183496820177,0.6588518737530779,0.7522991722395752,-0.2807760951775865
2017-10,DBC,-4.440892098500626e-16,0.0,-4.440892098500626e-16,-3.469446951953614e-17,0.9999999999999998
2017-10,GLD,-0.6830810350826255,0.7753857523652244,2.903674967879656,0.8327674717130745,-1.2449419303561615
2017-10,SHY,0.00294229084335053,0.008401112060373804,0.2193699451987975,-0.07008696370933426,-0.0897109786465323
2017-11,SPY,0.9999999999999998,4.440892098500626e-16,-1.6653345369377348e-16,-9.71445146547012e-17,1.1102230246251565e-16
2017-11,QQQ,1.3489031141978671,-0.3203249300139663,1.8227610628106004,-0.32673340521430827,-1.0487642744529606
2017-11,IWM,0.6674212528643378,0.09527672326532066,-1.1529746542029655,0.8812882255139156,0.4524160593795884
2017-11,EFA,0.6764337491317025,-0.21639501551946072,2.8482271734607485,0.4103637160902901,-1.5086874285370604
2017-11,EEM,0.8071055138006775,-0.3879675889283055,5.419586086129664,-0.053882967875235666,-2.5084073698144937
2017-11,TLT,-6.106226635438361e-16,1.0,6.175615574477433e-16,3.9898639947466563e-16,-2.914335439641036e-16
2017-11,IEF,-0.0037925793375961844,0.2765146229607622,0.6794382742732046,-0.22364420139299956,-0.298120786260797
2017-11,TIP,1.942890293094024e-16,-3.2959746043559335e-17,2.0,-1.4311468676808659e-15,-0.9999999999999997
2017-11,LQD,0.1270213986274616,0.35321892996589654,0.47260460225019885,0.04314102467328533,-0.169184643807252
2017-11,HYG,-0.0037925793375967465,0.2765146229607626,0.6794382742732049,0.7763557986070014,-0.2981207862607973
2017-11,DBC,5.551115123125783e-16,2.3592239273284576e-16,1.4155343563970746e-15,3.608224830031759e-16,0.9999999999999989
2017-11,GLD,-0.6738836320024852,0.7642784822033868,3.1721348116735757,0.8648812852548854,-1.414254026526152
2017-11,SHY,-0.0035314966510681684,0.007810319012108587,0.23102109021995415,-0.059374807796265465,-0.09894112466887926
2017-12,SPY,1.0000000000000004,3.885780586188048e-16,-1.0269562977782698e-15,-5.828670879282072e-16,9.992007221626409e-16
2017-12,QQQ,1.3067051862406154,-0.33314496999919674,1.979322948397894,-0.2603082707667903,-1.1507366611354448
2017-12,IWM,0.7282784789365837,0.09528908946307577,-1.2734930341564699,0.7875547211719703,0.5213230435299312
2017-12,EFA,0.6791743874467215,-0.22631488395392962,2.8993229736442805,0.4072506497749003,-1.5475479255548703
2017-12,EEM,0.772323104452763,-0.4107460291871005,5.618210843943381,0.0022331672268541547,-2.6441140224291315
2017-12,TLT,4.440892098500626e-16,1.0000000000000004,-2.5326962749261384e-16,4.0939474033052647e-16,1.1102230246251565e-16
2017-12,IEF,-0.027237184702719214,0.27346216606009605,0.7432314297636262,-0.18719392646806177,-0.3375582935800492
2017-12,TIP,9.71445146547012e-17,-3.226585665316861e-16,1.9999999999999998,-3.0010716134398763e-16,-1.0000000000000002
2017-12,LQD,0.09867126225336775,0.34820015877702837,0.5573101190119876,0.0873664230304406,-0.22248989277306347
2017-12,HYG,-0.027237184702719602,0.27346216606009616,0.7432314297636264,0.8128060735319381,-0.3375582935800491
2017-12,DBC,5.551115123125783e-16,-5.551115123125783e-17,0.0,1.8041124150158794e-16,1.0000000000000004
2017-12,GLD,-0.7065673957177809,0.7815234964337492,3.138565908748391,0.9132944420670227,-1.3782860297780757
2017-12,SHY,-0.012470400246072507,0.00628751580970258,0.2573892806206113,-0.04543703613563605,-0.11549621470429133
2018-01,SPY,1.0000000000000004,-5.551115123125783e-17,-3.642919299551295e-17,0.0,-8.326672684688674e-17
2018-01,QQQ,1.2846994835282315,-0.25571320888265875,1.5687355922774264,-0.17649369908784113,-0.968659667691701
2018-01,IWM,0.7425728138422314,0.01451043761196194,-0.8861183689748817,0.7210579280041038,0.33919369606567007
2018-01,EFA,0.6593253795691238,-0.13502291338436886,2.444063675133096,0.49133239842234033,-1.338380520865762
2018-01,EEM,0.8017153252981339,-0.5248765912955431,6.209007270099648,-0.11394906549803119,-2.9097401459505727
2018-01,TLT,5.551115123125783e-17,1.0000000000000002,2.3071822230491534e-16,-4.85722573273506e-17,1.249000902703301e-16
2018-01,IEF,-0.03474285483358386,0.2874848568381613,0.6522288703423945,-0.16350498663185775,-0.3014074758339245
2018-01,TIP,-1.1102230246251565e-16,6.245004513516506e-17,2.0000000000000018,-1.700029006457271e-16,-1.0000000000000007
2018-01,LQD,0.09532219883486259,0.36236384950265255,0.48540341030231005,0.10106306084015301,-0.1897949045007447
2018-01,HYG,-0.034742854833583636,0.28748485683816083,0.6522288703423945,0.8364950133681416,-0.30140747583392463
2018-01,DBC,-3.3306690738754696e-16,4.85722573273506e-17,-1.831217469328017e-15,-2.6020852139652106e-16,1.0000000000000007
2018-01,GLD,-0.6833178980912096,0.6552260198076857,3.7484834026027056,0.8071503139179685,-1.6638578785528173
2018-01,SHY,-0.01509917644396711,0.012799690660984998,0.2191790949484384,-0.03650721836308118,-0.09948098623673486
2018-02,SPY,0.9999999999999994,4.163336342344337e-17,2.498001805406602e-16,-2.7755575615628914e-16,-1.1796119636642288e-16
2018-02,QQQ,1.3603983422555772,-0.26267611930059,1.3112326165351353,-0.2773763015166213,-0.8137853324273705
2018-02,IWM,0.7005464344637266,0.00983088319944924,-1.0549199953867743,0.7660003616805802,0.4223041776850335
2018-02,EFA,0.7503331574488035,-0.14873009828341466,1.9398023291412556,0.36313795644151015,-1.0465933897002255
2018-02,EEM,0.8887311948711133,-0.5241658504460021,6.230949468182349,-0.2186288838509039,-2.9041574520776567
2018-02,TLT,6.938893903907228e-17,0.9999999999999997,9.066098566323788e-16,-2.2898349882893854e-16,-1.953732314818879e-16
2018-02,IEF,-0.06071496636476176,0.29078549578133095,0.7738391055437439,-0.1277118302749994,-0.37258491374511626
2018-02,TIP,-9.020562075079397e-17,4.0180532512312794e-16,2.0000000000000004,1.0148132334464322e-16,-1.0000000000000004
2018-02,LQD,0.07530027115906249,0.36315966188394194,0.5153553556555778,0.12639166494272638,-0.21006316108303974
2018-02,HYG,-0.060714966364762035,0.2907854957813307,0.7738391055437435,0.8722881697250009,-0.37258491374511643
2018-02,DBC,0.0,2.5153490401663703e-17,4.032147879473591e-16,-1.726049858596923e-16,1.0
2018-02,GLD,-0.47320460518789426,0.6437439675421447,3.3199441964416425,0.5372939276463093,-1.3892095988742377
2018-02,SHY,-0.017738061921600545,0.013111771809943105,0.23068594987924282,-0.03290061418754979,-0.10625229539962061
2018-03,SPY,0.9999999999999998,2.2551405187698492e-17,-1.6653345369377348e-16,5.551115123125783e-17,1.6653345369377348e-16
2018-03,QQQ,1.2638501999324472,-0.2864626974145945,1.4966873892560892,-0.18043487611460757,-0.9420475370530977
2018-03,IWM,0.7834331003038467,0.016511008865817637,-1.2622666061463101,0.7041257349797533,0.5543383488846487
2018-03,EFA,0.7764516854025955,-0.12187624134732725,1.9611602709515443,0.3051868127850919,-1.0444706314142982
2018-03,EEM,0.8903723784071993,-0.5177271951977448,6.248935184185469,-0.22965261726187958,-2.9116039209369284
2018-03,TLT,-8.396061623727746e-16,0.9999999999999994,7.589415207398531e-18,-5.629177679544739e-16,1.109138822452671e-16
2018-03,IEF,-0.07088381391873266,0.2949950028034011,0.8168939093127432,-0.1279347425556621,-0.39680637343154074
2018-03,TIP,-1.0685896612017132e-15,1.1915381875615694e-16,1.9999999999999998,2.255140518769849e-16,-0.9999999999999999
2018-03,LQD,0.09261472677549984,0.3671185686971785,0.48102191276149014,0.10948346256121945,-0.1865717253624913
2018-03,HYG,-0.0708838139187324,0.2949950028034009,0.8168939093127436,0.8720652574443375,-0.3968063734315406
2018-03,DBC,1.3877787807814457e-16,1.8431436932253575e-16,4.206704429243757e-16,-1.8735013540549517e-16,1.0000000000000002
2018-03,GLD,-0.459714491784706,0.6306441461950035,3.2365006287761733,0.549266816114477,-1.3450874920051057
2018-03,SHY,-0.0184783615903841,0.014249373525677674,0.2367318745304974,-0.034208242412486434,-0.10934159144991286
2018-04,SPY,0.9999999999999996,-2.498001805406602e-16,4.0245584642661925e-16,1.1102230246251565e-16,1.1102230246251565e-16
2018-04,QQQ,1.266511529458458,-0.2809133644345926,1.3950007156004671,-0.1847457348506682,-0.9028867622069271
2018-04,IWM,0.7160822548229788,0.03065311405986805,-0.8541573684421659,0.7433289202913069,0.3973917458839608
2018-04,EFA,0.7553585040285371,-0.11644860697833459,2.0749859948428364,0.3170131151188824,-1.088235587983953
2018-04,EEM,0.8926962433565941,-0.5336627674740165,6.451237723261358,-0.22402072181172078,-2.989542830512975
2018-04,TLT,-3.400058012914542e-16,0.9999999999999998,-3.0097452308197603e-16,1.8908485888147197e-16,1.3400738851920835e-16
2018-04,IEF,-0.05997147554898,0.288015449047528,0.8164417528202935,-0.13216677984765945,-0.39667479594698146
2018-04,TIP,5.551115123125783e-17,-3.387047586844716e-16,2.000000000000001,-3.608224830031759e-16,-1.0000000000000004
2018-04,LQD,0.1028566177864296,0.35966134793431853,0.49329522956970623,0.10592130209975079,-0.19133956528949722
2018-04,HYG,-0.05997147554897991,0.2880154490475281,0.8164417528202939,0.8678332201523401,-0.39667479594698163
2018-04,DBC,4.718447854656915e-16,5.225854471380131e-16,-2.3765711620882257e-16,1.6132928326584306e-16,1.0000000000000002
2018-04,GLD,-0.39212996118420057,0.6018740626811093,3.0311908100681637,0.5165193855221676,-1.2662630441861582
2018-04,SHY,-0.01638792530695791,0.012216856232241143,0.24638711673597977,-0.03470450506250884,-0.11306908979848876
2018-05,SPY,0.9999999999999999,-1.3877787807814457e-17,3.2959746043559335e-16,0.0,3.5735303605122226e-16
2018-05,QQQ,1.2635508298693838,-0.23975592879120017,1.1966656427829876,-0.15760670164757412,-0.8088937244948501
2018-05,IWM,0.7276953372475371,-0.16966259011470286,0.1128441696457522,0.6165755559653859,-0.06077931941552272
2018-05,EFA,0.742668411890493,-0.01334740472778613,1.5813397294829836,0.39505474170394755,-0.8541012014345007
2018-05,EEM,0.9297185269520968,-0.45348938141050227,6.0389875284463095,-0.2527606954850896,-2.795717567545829
2018-05,TLT,-3.191891195797325e-16,1.0000000000000007,3.89011739487799e-16,6.591949208711867e-17,-2.396086801192965e-16
2018-05,IEF,-0.056093624073131135,0.3024260203143107,0.744023478741984,-0.13203714740778066,-0.3625324017478761
2018-05,TIP,3.608224830031759e-16,-1.5699247457590104e-16,2.0,-7.858297346174936e-16,-1.0000000000000004
2018-05,LQD,0.11564619213457994,0.32617120724791054,0.6483990228287311,0.06404108600383784,-0.265219502752353
2018-05,HYG,-0.056093624073131176,0.3024260203143116,0.7440234787419835,0.8679628525922196,-0.3625324017478756
2018-05,DBC,-4.85722573273506e-17,1.9212062496443139e-16,4.7379634937616544e-17,1.734723475976807e-18,1.0000000000000002
2018-05,GLD,-0.3758943485870065,0.5214344941993814,3.4124993447002727,0.44354992758745015,-1.447346221901286
2018-05,SHY,-0.014526700923415802,0.011201864680350584,0.2501959280208609,-0.03878415843920831,-0.11493866464173073
2018-06,SPY,0.9999999999999986,-5.551115123125783e-17,1.1102230246251565e-16,-8.326672684688674e-17,-5.551115123125783e-17
2018-06,QQQ,1.3369009279685606,-0.21170117894658413,0.8468460274549783,-0.2971049447441802,-0.5873308926443749
2018-06,IWM,0.8503486411727197,-0.12063429389362548,-0.4469537855237191,0.379244585328941,0.30155644569001505
2018-06,EFA,0.6717957648613797,-0.04126994509465959,1.909650893131458,0.531408411244267,-1.065039134927936
2018-06,EEM,0.8076140122445132,-0.5084946289900161,6.522618503439808,-0.004582620456886843,-3.1325586353551014
2018-06,TLT,8.326672684688674e-17,1.0000000000000004,-6.418476861114186e-17,-5.828670879282072e-16,9.367506770274758e-17
2018-06,IEF,-0.05325056194401402,0.30675209591212876,0.7689659285392956,-0.1436686725406187,-0.366422696820273
2018-06,TIP,1.249000902703301e-16,1.3010426069826053e-16,2.000000000000001,-4.0245584642661925e-16,-1.0000000000000002
2018-06,LQD,0.10121180677903424,0.32047454767830197,0.7151488333208685,0.09183054641523072,-0.3081428437833213
2018-06,HYG,-0.05325056194401401,0.3067520959121279,0.7689659285392954,0.8563313274593809,-0.3664226968202731
2018-06,DBC,-5.828670879282072e-16,-3.469446951953614e-17,7.233796894823286e-16,1.4224732503009818e-16,0.9999999999999998
2018-06,GLD,-0.4458883637527771,0.5100120902021873,3.928779845707402,0.5471660982463019,-1.7179079290908932
2018-06,SHY,-0.009663290812673591,0.014025368698579895,0.23845395198953173,-0.04988498652054632,-0.10395982886917307
2018-07,SPY,0.9999999999999993,-1.6653345369377348e-16,-5.689893001203927e-16,-2.220446049250313e-16,3.677613769070831e-16
2018-07,QQQ,1.3384951596067203,-0.21454427505595813,0.8067542802285144,-0.30813206094838025,-0.5628258550800274
2018-07,IWM,0.8498693294725764,-0.0739079645427198,-0.43107003498207996,0.4397317575328742,0.2802146200706293
2018-07,EFA,0.6832245059754924,-0.012229813575160953,1.6263672787708618,0.5139537366129747,-0.9044230432299727
2018-07,EEM,0.8386249532628436,-0.4069076915834264,5.7558546634422045,-0.023541508521811888,-2.7036826129250926
2018-07,TLT,2.7755575615628914e-16,1.0000000000000007,-6.800116025829084e-16,-4.649058915617843e-16,6.097553018058477e-16
2018-07,IEF,-0.05234380466465649,0.3042744931626886,0.7460909418596188,-0.15101311891599814,-0.35222272225691836
2018-07,TIP,-3.885780586188048e-16,1.8388068845354155e-16,2.0000000000000013,3.8510861166685117e-16,-1.0000000000000004
2018-07,LQD,0.10553884813916137,0.332254157737376,0.6079602021359178,0.08620004556965535,-0.24757095966289344
2018-07,HYG,-0.05234380466465646,0.3042744931626882,0.746090941859618,0.8489868810840019,-0.35222272225691814
2018-07,DBC,2.3592239273284576e-16,1.196959198423997e-16,-6.633148891266316e-16,4.336808689942018e-18,1.0000000000000007
2018-07,GLD,-0.42134879991951907,0.621010880781749,3.32458048253993,0.5703155436863552,-1.3878552944759823
2018-07,SHY,-0.009349604994376263,0.01880820952410133,0.23101142761061352,-0.04539641266172375,-0.10076560764421244
2018-08,SPY,0.9999999999999991,-1.1102230246251565e-16,4.718447854656915e-16,0.0,-1.6653345369377348e-16
2018-08,QQQ,1.3371303365283866,-0.2207114402204714,0.9023301129773803,-0.3493747483837355,-0.6057348184042309
2018-08,IWM,0.8504191142867187,-0.07455259700195332,-0.32329957595632886,0.39734362376195986,0.2234123650242265
2018-08,EFA,0.6787670945343165,-0.026015573199207637,1.6413924270493994,0.49910779256059057,-0.8940682160019415
2018-08,EEM,0.890138482591039,-0.2468550641464914,5.547945376266515,0.16185257782299642,-2.8059954797584146
2018-08,TLT,-2.7755575615628914e-16,1.0000000000000004,6.453171330633722e-16,1.1102230246251565e-16,1.3183898417423734e-16
2018-08,IEF,-0.05034816024092915,0.31098706997160286,0.7140965600023724,-0.13417418678401696,-0.3440606188290277
2018-08,TIP,-1.3877787807814457e-17,-3.9898639947466563e-16,2.000000000000002,-2.0469737016526324e-16,-1.0000000000000009
2018-08,LQD,0.1115346846790698,0.3520321831305038,0.5300497804626473,0.12944433699296665,-0.23227447914006996
2018-08,HYG,-0.05034816024092953,0.31098706997160214,0.714096560002372,0.8658258132159837,-0.34406061882902805
2018-08,DBC,-5.551115123125783e-17,7.112366251504909e-16,-3.122502256758253e-16,-1.8735013540549517e-16,0.9999999999999999
2018-08,GLD,-0.37846358463816315,0.7528497176438936,3.2172043407522666,0.698151535155039,-1.506313249700893
2018-08,SHY,-0.008776835356483893,0.020724958306166986,0.2222881163455355,-0.04074877942662348,-0.09865568830090425
2018-09,SPY,0.9999999999999997,1.1102230246251565e-16,-8.326672684688674e-17,-1.1102230246251565e-16,3.3306690738754696e-16
2018-09,QQQ,1.3894957653136277,-0.2423753323002209,1.0506832249486893,-0.4008354298250561,-0.680432606045094
2018-09,IWM,0.8619214883739493,-0.08157011893122543,-0.37283790787810006,0.3474851233820899,0.260071704833711
2018-09,EFA,0.552889972506527,0.027633060451921237,1.3419481213625664,0.6496494373561024,-0.7514499790862126
2018-09,EEM,0.7347143199092112,-0.1772158717362823,5.301737379337839,0.4057213383777316,-2.7097191818153137
2018-09,TLT,-2.7755575615628914e-17,1.0000000000000002,6.973588373426765e-16,-9.020562075079397e-17,-7.077671781985373e-16
2018-09,IEF,-0.03855653095777081,0.30587286851633855,0.7389250957248991,-0.1497889594854205,-0.3553384264902276
2018-09,TIP,2.3592239273284576e-16,-5.898059818321144e-16,1.9999999999999991,2.3245294578089215e-16,-1.0
2018-09,LQD,0.11200812918496164,0.3532448736593987,0.5826003534388521,0.15302008002773426,-0.26604002623276546
2018-09,HYG,-0.03855653095777056,0.3058728685163386,0.7389250957248981,0.8502110405145795,-0.3553384264902271
2018-09,DBC,6.938893903907228e-16,4.371503159461554e-16,3.157196726277789e-16,3.191891195797325e-16,0.9999999999999999
2018-09,GLD,-0.2826018097583876,0.7209313271126412,3.770185655685599,0.7360543968982085,-1.8248921236047217
2018-09,SHY,-0.006528223630885271,0.019538196076401497,0.21933330986475394,-0.04733640418870118,-0.09583755005897945
2018-10,SPY,1.0,-2.42861286636753e-16,-1.942890293094024e-16,1.1102230246251565e-16,1.6653345369377348e-16
2018-10,QQQ,1.4017614875995426,-0.24226154217973422,0.963698368763301,-0.4486512641711393,-0.6325037769772812
2018-10,IWM,0.9060858181414203,-0.0924495688217596,-0.13208056223573844,0.2602147885982882,0.11084001684231032
2018-10,EFA,0.5376263075513812,0.029718605750436562,1.3409077059670516,0.6924036436860361,-0.747606976303689
2018-10,EEM,0.6645205804199266,-0.17904973304032817,5.857563858831945,0.68825360839209,-3.017716984582794
2018-10,TLT,-6.938893903907228e-18,0.9999999999999997,5.377642775528102e-16,-3.2959746043559335e-17,-2.1510571102112408e-16
2018-10,IEF,-0.0494657384668135,0.30579322405515225,0.8152319495831839,-0.10742341178048043,-0.39735200051597436
2018-10,TIP,-2.498001805406602e-16,1.4007892068512717e-16,2.0000000000000013,-1.5612511283791264e-16,-1.0000000000000004
2018-10,LQD,0.06551165575005516,0.3522139998969533,0.9417579798166739,0.338787208929928,-0.46481676759704055
2018-10,HYG,-0.04946573846681329,0.3057932240551522,0.8152319495831837,0.8925765882195194,-0.39735200051597436
2018-10,DBC,5.551115123125783e-16,5.967448757360216e-16,1.6653345369377348e-16,2.0816681711721685e-16,0.9999999999999997
2018-10,GLD,-0.3144166688758532,0.7258131598734295,3.7417734749421476,0.8211472741105212,-1.8016364971183596
2018-10,SHY,-0.009030242072151359,0.019433353910759954,0.2410824884272448,-0.03696883084720726,-0.10794123492966413
2018-11,SPY,0.9999999999999992,-6.591949208711867e-17,-7.216449660063518e-16,3.885780586188048e-16,2.7755575615628914e-16
2018-11,QQQ,1.404886946531743,-0.24700635361263076,0.9745276322520847,-0.48404706141815507,-0.6219844212411119
2018-11,IWM,1.0920701537345492,-0.023161237287741297,0.20756777054134978,0.41554711998665284,-0.09503630806365893
2018-11,EFA,0.6043888722735995,0.049202362174376374,1.467501120524656,0.7135053463996556,-0.808762624936265
2018-11,EEM,0.6776074117250412,-0.16048809981098514,5.869601547750401,0.7872086714150727,-3.064580151143357
2018-11,TLT,-4.128641872824801e-16,1.0000000000000007,-2.3635607360183997e-16,8.847089727481716e-17,4.119968255444917e-16
2018-11,IEF,-0.07360342420702146,0.29835980419278935,0.7697999912663132,-0.11755559516008142,-0.37432084963247314
2018-11,TIP,-3.7470027081099033e-16,4.19152559882896e-16,2.0000000000000013,3.7470027081099033e-16,-1.0000000000000004
2018-11,LQD,0.06415503328796052,0.3600011709682122,0.9320933309626865,0.3909894943464595,-0.48293239191554493
2018-11,HYG,-0.07360342420702104,0.2983598041927888,0.769799991266313,0.8824444048399178,-0.3743208496324732
2018-11,DBC,-2.220446049250313e-16,-1.5005358067199381e-16,-5.551115123125783e-17,-1.942890293094024e-16,0.9999999999999998
2018-11,GLD,-0.5403985668605649,0.6563757793412263,3.3162952566182056,0.7272897828743325,-1.5863827714425052
2018-11,SHY,-0.01819460313426086,0.016956241632109216,0.2235341971357442,-0.03859591036215955,-0.10001346348705319
2018-12,SPY,1.0000000000000007,-2.0816681711721685e-16,-3.608224830031759e-16,2.220446049250313e-16,3.3306690738754696e-16
2018-12,QQQ,1.3698145772732229,-0.25973551779790155,0.6934355467110788,-0.5489115495509505,-0.38752718413752285
2018-12,IWM,1.0123638464488918,0.14212527520212762,-0.05690807334762121,0.702307951676119,0.047780708594078986
2018-12,EFA,0.5878782306598467,0.08091952887834188,1.4078578395370052,0.7672705363553727,-0.7741167148520209
2018-12,EEM,0.7565844390492227,-0.25981661656919397,6.255873675397298,0.6471417632118176,-3.3355080747710857
2018-12,TLT,-1.5265566588595902e-16,1.0,-7.719519468096792e-16,-6.591949208711867e-17,3.209238430557093e-16
2018-12,IEF,-0.05645981546970497,0.2749512953395086,0.850088036347098,-0.1520894706072263,-0.4294219440880584
2018-12,TIP,1.8041124150158794e-16,-6.184289191857317e-16,2.000000000000003,-4.40619762898109e-16,-1.000000000000001
2018-12,LQD,0.029082195155615997,0.4154578868631902,0.7824229862836896,0.47855599601588317,-0.3854009031890476
2018-12,HYG,-0.056459815469704966,0.2749512953395083,0.8500880363470988,0.8479105293927741,-0.42942194408805884
2018-12,DBC,-4.440892098500626e-16,1.0061396160665481e-16,4.996003610813204e-16,-2.42861286636753e-16,0.9999999999999996
2018-12,GLD,-0.43069311865129223,0.4641129797346583,3.7482216680659914,0.41136433315419346,-1.8537051851818531
2018-12,SHY,-0.0064879269579003265,-0.0001156901245446657,0.2762641061710423,-0.06460818210762227,-0.13545647384607812
2019-01,SPY,0.9999999999999999,-5.551115123125783e-17,-3.3306690738754696e-16,0.0,1.6653345369377348e-16
2019-01,QQQ,1.334279719803952,-0.21173786275904927,0.4533167288845916,-0.5599655602890878,-0.2627101202381315
2019-01,IWM,1.0259975316229561,0.15278391203592653,-0.33547413704936413,0.6514009546866277,0.17996003577808317
2019-01,EFA,0.5160685887132694,0.15859669496708662,1.1689194290623512,0.7815743644767881,-0.6415260538249804
2019-01,EEM,0.6231267934137896,-0.10585210431521552,5.689381525277891,0.655511793886945,-3.0296191303688595
2019-01,TLT,-5.551115123125783e-16,0.9999999999999998,1.3877787807814457e-16,-1.5265566588595902e-16,4.718447854656915e-16
2019-01,IEF,-0.04518977753499232,0.26708039949293355,0.8325076751249362,-0.16252865369510047,-0.4234753790804445
2019-01,TIP,-3.3306690738754696e-16,3.469446951953614e-17,2.0000000000000013,9.575673587391975e-16,-1.0000000000000009
2019-01,LQD,-0.01679141411898133,0.4667037585977392,0.6090783281925466,0.4846132444922623,-0.29064112101478157
2019-01,HYG,-0.04518977753499259,0.2670803994929337,0.8325076751249364,0.8374713463048999,-0.42347537908044475
2019-01,DBC,1.1102230246251565e-16,4.440892098500626e-16,-5.342948306008566e-16,-2.498001805406602e-16,0.9999999999999999
2019-01,GLD,-0.42352560163378783,0.4346256132455645,4.049181751094593,0.45116254621202523,-2.0015491024262317
2019-01,SHY,-0.010648316913317562,0.00792101549191743,0.21733213303769675,-0.07048734229942032,-0.10587230124541958
2019-02,SPY,0.9999999999999999,-1.942890293094024e-16,-5.551115123125783e-17,-1.6653345369377348e-16,3.3306690738754696e-16
2019-02,QQQ,1.3306568297936077,-0.2700541975256395,0.9047396989676935,-0.6909013995250686,-0.48979083908528276
2019-02,IWM,1.0254864079233288,0.14660707953349067,-0.18926668365857113,0.6577314474002345,0.10613788196154395
2019-02,EFA,0.5149670358645618,0.13777101426619612,1.1816486614162274,0.704333383106396,-0.6475143514620556
2019-02,EEM,0.6187488865478664,-0.1777903308408185,6.1757784516522225,0.47952387346915676,-3.27409597493708
2019-02,TLT,-3.191891195797325e-16,0.9999999999999991,1.734723475976807e-17,3.226585665316861e-16,-9.020562075079397e-17
2019-02,IEF,-0.04491915164633911,0.2745953392804256,0.9259055365412676,-0.11453961484509838,-0.4708811613717207
2019-02,TIP,-9.71445146547012e-17,1.0972125985553305e-15,1.9999999999999958,7.945033519973776e-16,-0.9999999999999982
2019-02,LQD,-0.017375254681801094,0.4594716622515568,0.7689838427969535,0.48970950541202896,-0.3713693053644973
2019-02,HYG,-0.044919151646339195,0.27459533928042573,0.9259055365412674,0.8854603851549019,-0.4708811613717205
2019-02,DBC,-1.6653345369377348e-16,3.608224830031759e-16,-1.3322676295501878e-15,-2.7755575615628914e-17,1.0000000000000004
2019-02,GLD,-0.42371123982164954,0.43417538381435555,4.174446461069617,0.4751518304406197,-2.06490171536168
2019-02,SHY,-0.010618719923325855,0.009582465741669608,0.26133380257835986,-0.05508354076047933,-0.12816550217533773
2019-03,SPY,0.9999999999999999,1.0625181290357943e-16,-6.106226635438361e-16,6.106226635438361e-16,-1.6653345369377348e-16
2019-03,QQQ,1.2966882706382437,-0.2516819230022209,1.1079155233921605,-0.6161553664155281,-0.6082174551587797
2019-03,IWM,1.0322407602786705,0.14694550704276163,-0.22496601233824887,0.653386673150418,0.12825297176950745
2019-03,EFA,0.4459789839388594,0.18243370129194536,1.6029411322456126,0.8755044586771361,-0.8906701235960881
2019-03,EEM,0.5186726278335397,-0.12913651859291345,6.767918105186123,0.6853136666347572,-3.6210327662001243
2019-03,TLT,-1.739060284666749e-16,1.0000000000000016,-1.5031378919339033e-15,4.575333167888829e-17,7.91033905045424e-16
2019-03,IEF,-0.04305337151451,0.27431703579123934,0.9156063665817173,-0.1167194485552549,-0.46463875213936534
2019-03,TIP,-2.7755575615628914e-16,1.7133104830702184e-16,2.0000000000000004,1.491862189340054e-16,-1.0000000000000004
2019-03,LQD,-0.03422416913849077,0.46876984327524546,0.8699802521277468,0.5272728103581141,-0.43017719071902133
2019-03,HYG,-0.04305337151450983,0.27431703579123917,0.9156063665817177,0.8832805514447447,-0.46463875213936523
2019-03,DBC,1.6653345369377348e-16,9.790345617544105e-17,3.191891195797325e-16,8.326672684688674e-17,1.0
2019-03,GLD,-0.29604574883426693,0.35744027355810043,3.4017914192609906,0.17397857166822295,-1.6170546302850661
2019-03,SHY,-0.01209687759608952,0.011129460559151481,0.2710553528426936,-0.04986123084054075,-0.13358725560646068
2019-04,SPY,0.9999999999999996,-2.914335439641036e-16,0.0,0.0,-1.1102230246251565e-16
2019-04,QQQ,1.309065782250244,-0.3103634049145939,1.640739637109872,-0.6193840914683534,-0.8839993793969306
2019-04,IWM,1.0235303387882082,0.13267641454475027,-0.5431672235823715,0.6661324942457127,0.2985708882456853
2019-04,EFA,0.4376183046392711,0.21163583406250647,1.253693263871974,0.8796524336965993,-0.7088487633875291
2019-04,EEM,0.4797944099839072,0.002107913591692226,5.148518534438165,0.7054597702752318,-2.777485509040951
2019-04,TLT,-2.3592239273284576e-16,0.9999999999999998,-2.983724378680108e-16,4.891920202254596e-16,1.8041124150158794e-16
2019-04,IEF,-0.04090276497161726,0.2632067741063868,1.0091191538762794,-0.11710810522470341,-0.5129470945657048
2019-04,TIP,-1.5265566588595902e-16,-1.4051260155412137e-16,2.0,-3.2612801348363973e-16,-0.9999999999999997
2019-04,LQD,-0.04713682203733799,0.5479116548500172,0.295809866928742,0.5272627049609351,-0.13480838357546454
2019-04,HYG,-0.040902764971617156,0.2632067741063868,1.009119153876278,0.8828918947752963,-0.5129470945657041
2019-04,DBC,-1.6653345369377348e-16,2.2898349882893854e-16,-3.885780586188048e-16,1.249000902703301e-16,1.0
2019-04,GLD,-0.2954504571050009,0.23468487138439767,3.5499361328645826,0.19642997425760944,-1.6815982176321236
2019-04,SHY,-0.011816189053618389,0.012660158793580994,0.2802152404454617,-0.05047381332152894,-0.1386177773620442
2019-05,SPY,0.9999999999999997,3.191891195797325e-16,7.771561172376096e-16,1.6653345369377348e-16,-2.220446049250313e-16
2019-05,QQQ,1.2292697375101707,-0.24333797835461152,1.5931799609806316,-0.4352585050086323,-0.8276650222676578
2019-05,IWM,0.978715719955036,0.1941048893060422,-0.7018742705380405,0.7674193236815128,0.3917247465962479
2019-05,EFA,0.46091792480822735,0.18022004814663445,1.3333124931592395,0.8269457784625265,-0.7559316208029141
2019-05,EEM,0.45178841353911725,0.04109325302977737,5.046025639923862,0.7687037258495142,-2.717727302433496
2019-05,TLT,3.0531133177191805e-16,1.0,-1.6306400674181987e-16,-1.491862189340054e-16,-2.740863092043355e-16
2019-05,IEF,-0.024343459639402952,0.24594500737795677,1.0375936289107703,-0.15501899426630217,-0.5333082164414278
2019-05,TIP,-5.689893001203927e-16,7.849623728795052e-16,2.0000000000000004,1.3287981825982342e-15,-1.0000000000000002
2019-05,LQD,-0.02818170967421732,0.5125457780063613,0.4150108444632358,0.4852583538046274,-0.19847750150768922
2019-05,HYG,-0.024343459639402876,0.24594500737795658,1.0375936289107697,0.844981005733698,-0.5333082164414276
2019-05,DBC,2.7755575615628914e-16,-2.1337098754514727e-16,-2.0816681711721685e-16,-6.869504964868156e-16,1.0
2019-05,GLD,-0.14738910473439248,0.10869764706147819,3.6471824750456565,-0.14506997633635701,-1.7903205813413234
2019-05,SHY,-0.00532687203265168,0.0028163491934577916,0.30846151203197475,-0.06505591745293009,-0.15456044844183592
2019-06,SPY,0.9999999999999998,-5.551115123125783e-17,-8.326672684688674e-17,4.440892098500626e-16,-5.551115123125783e-17
2019-06,QQQ,1.225258346112739,-0.3430357579921041,2.1614247366592547,-0.3613103421006733,-1.1204097972482912
2019-06,IWM,0.9477756207283485,0.1646311020204081,-0.32686663576813424,0.7494860258108126,0.18556532067481296
2019-06,EFA,0.47310393992462807,0.20049405146081653,1.1386478905629684,0.8271152323853855,-0.6506909519650307
2019-06,EEM,0.5696694194180725,0.2067815695235248,3.327875142579637,0.7945523471286883,-1.7841198002545653
2019-06,TLT,-4.996003610813204e-16,0.9999999999999999,-2.185751579730777e-16,2.8449465006019636e-16,2.0122792321330962e-16
2019-06,IEF,-0.017316614506076647,0.24799840657552077,0.9775750582225284,-0.14725451042909468,-0.4993622909525342
2019-06,TIP,5.273559366969494e-16,-2.1163626406917047e-16,1.9999999999999978,-9.818534874028728e-16,-0.9999999999999989
2019-06,LQD,-0.016578840302878817,0.5503403188380815,0.12944688979540628,0.4707096597264504,-0.04696916002434724
2019-06,HYG,-0.017316614506076466,0.24799840657552072,0.9775750582225272,0.8527454895709055,-0.4993622909525338
2019-06,DBC,4.996003610813204e-16,1.1449174941446927e-16,5.48172618408671e-16,1.942890293094024e-16,1.0000000000000002
2019-06,GLD,-0.030333589955433282,0.3504330581007585,1.5226204848150091,-0.18082361966354524,-0.6490335652270868
2019-06,SHY,-0.003758177904823192,0.006907119097567743,0.2753763506097171,-0.06621222663686757,-0.1369040084739279
2019-07,SPY,1.0000000000000004,-6.661338147750939e-16,2.7755575615628914e-16,-9.992007221626409e-16,1.942890293094024e-16
2019-07,QQQ,1.157990380019285,-0.2332234587103167,2.2829600942838373,-0.2425369490290471,-1.1380505073170768
2019-07,IWM,0.9324772868246176,0.1561429510818239,-0.29871957063371696,0.7601612531027202,0.16560204001496265
2019-07,EFA,0.4381157614629212,0.330147765976608,1.2007631196919832,0.9243065475462747,-0.625288118594439
2019-07,EEM,0.5890175427303699,0.16888361994509649,3.293013876722683,0.7573077926768064,-1.7820552040992488
2019-07,TLT,-1.249000902703301e-16,1.0000000000000009,-3.0878077872387166e-16,5.204170427930421e-16,1.9081958235744878e-17
2019-07,IEF,0.002379602167164263,0.2528312320045138,0.9414287880186745,-0.16397448222497277,-0.47656577491044727
2019-07,TIP,-1.1102230246251565e-16,1.3617579286417936e-16,1.9999999999999973,8.777700788442644e-16,-0.999999999999999
2019-07,LQD,0.010946577765192783,0.5756685689090518,0.07865110933053084,0.4564118187133655,-0.006256674633349703
2019-07,HYG,0.0023796021671646517,0.25283123200451374,0.9414287880186744,0.8360255177750265,-0.47656577491044727
2019-07,DBC,3.3306690738754696e-16,-2.8622937353617317e-16,1.366962099069724e-15,-5.273559366969494e-16,0.999999999999999
2019-07,GLD,0.16581713984195967,0.260760337613738,1.1647349768328994,-0.4146113602902797,-0.4876976863518582
2019-07,SHY,0.0046626935724801075,0.007784146286446593,0.2599404834237597,-0.07394121986878413,-0.12772452785685562
2019-08,SPY,0.9999999999999989,5.828670879282072e-16,-1.609823385706477e-15,-1.6653345369377348e-16,1.3877787807814457e-15
2019-08,QQQ,1.1709359893480356,-0.3037841095268458,2.033051424351404,-0.4996538004842921,-0.8970277777251466
2019-08,IWM,0.9391900819815187,0.11149064344257033,-0.4989481169993092,0.5836288970810011,0.34992183177315794
2019-08,EFA,0.4268552977470522,0.3455290277507068,1.0152210330310976,0.901510293394003,-0.4964750830916561
2019-08,EEM,0.572052551995985,0.1948762024983178,3.0381733418268277,0.7380686651829581,-1.6087315967327656
2019-08,TLT,1.124100812432971e-15,0.9999999999999993,-8.283304597789254e-16,2.411265631607762e-16,-1.0217521273503394e-15
2019-08,IEF,-0.0012807674446471823,0.26894975154072864,0.9785170416283544,-0.11180971906799715,-0.51651253343771
2019-08,TIP,-2.914335439641036e-16,-1.1882855810441129e-16,2.000000000000001,3.0531133177191805e-16,-1.0000000000000002
2019-08,LQD,0.009702086205597205,0.5828399913148554,0.10607666692081967,0.48320942091699126,-0.03228388016326196
2019-08,HYG,-0.0012807674446441708,0.2689497515407276,0.9785170416283531,0.8881902809320036,-0.5165125334377134
2019-08,DBC,5.551115123125783e-17,3.95516952522712e-16,-2.1371793224034263e-15,-2.8449465006019636e-16,1.0000000000000004
2019-08,GLD,0.17154119867798942,0.2234739176043893,1.0009100653770724,-0.5609145222637335,-0.33633258669847105
2019-08,SHY,0.0028694240215336535,0.014183727291493226,0.2649955026808484,-0.056406691469249565,-0.1362780931794935
2019-09,SPY,0.9999999999999991,-3.885780586188048e-16,1.0547118733938987e-15,-2.220446049250313e-16,-6.38378239159465e-16
2019-09,QQQ,1.3015362271339754,-0.4370874601125286,2.041441301714411,-0.9220505314871474,-0.8596462696437805
2019-09,IWM,0.9777192451093324,0.020452726197548454,-0.40926211151292635,0.4320373598753568,0.3241141760276005
2019-09,EFA,0.40147878342297494,0.24614723736524663,1.224880933774361,0.9182245476911367,-0.5929825008567955
2019-09,EEM,0.6839442723311551,-0.16423713127476214,3.4583937422541364,0.24841329074569596,-1.7511600880599816
2019-09,TLT,-1.6653345369377348e-16,0.9999999999999998,-3.469446951953614e-17,4.440892098500626e-16,-1.214306433183765e-16
2019-09,IEF,-0.004045254218073058,0.24115914320107332,1.0299669743454336,-0.11883903095540027,-0.5391100519448918
2019-09,TIP,2.7755575615628914e-17,-6.800116025829084e-16,1.9999999999999998,-1.349614864309956e-15,-0.9999999999999994
2019-09,LQD,-0.013131096149385957,0.5598260481467511,0.18272783390629294,0.532893197168321,-0.07181457590852014
2019-09,HYG,-0.004045254218073113,0.2411591432010735,1.029966974345434,0.8811609690446007,-0.5391100519448921
2019-09,DBC,3.608224830031759e-16,1.4224732503009818e-16,-6.210310043996969e-16,2.5673907444456745e-16,0.9999999999999998
2019-09,GLD,0.02084849400315142,0.5085506321688229,0.7698515581181027,-0.005052439966519481,-0.2859603634862518
2019-09,SHY,-0.003570509012781834,0.021118037685791402,0.26397282544901274,-0.03538981616889083,-0.1378641709036744
2019-10,SPY,0.9999999999999993,-5.551115123125783e-17,-6.800116025829084e-16,-2.498001805406602e-16,3.191891195797325e-16
2019-10,QQQ,1.3123096032880697,-0.419029940748768,1.9556171776551161,-0.920881319382061,-0.8262870961395622
2019-10,IWM,0.9915810162675425,0.045302058794232714,-0.5490194851568396,0.4325913910422368,0.38371773475125315
2019-10,EFA,0.4332264325732227,0.3267773011663744,0.4741322286168984,0.905539082945963,-0.21153572696336145
2019-10,EEM,0.7289154391922944,-0.05980060686650246,2.572483376798229,0.23619675018558278,-1.311808061432232
2019-10,TLT,-4.440892098500626e-16,0.9999999999999999,1.412064909445121e-15,-4.718447854656915e-16,-4.614364446098307e-16
2019-10,IEF,0.005673319481747818,0.262306551711443,0.8643368945577452,-0.12064244808387097,-0.45884873606534704
2019-10,TIP,-7.216449660063518e-16,1.8041124150158794e-16,2.0,-2.1337098754514727e-16,-0.9999999999999991
2019-10,LQD,-0.016236984935141585,0.5530691930664337,0.23563325449639774,0.5334686601110744,-0.09744929698150587
2019-10,HYG,0.005673319481747929,0.2623065517114427,0.8643368945577443,0.8793575519161285,-0.4588487360653467
2019-10,DBC,-3.885780586188048e-16,1.1275702593849246e-16,1.8214596497756474e-17,-2.1510571102112408e-16,0.9999999999999996
2019-10,GLD,0.025096437901747093,0.5055230470459937,0.9202717228222894,0.0013790158239217268,-0.37760402454752984
2019-10,SHY,-0.0028527363257957114,0.022854818222331725,0.24856385864691824,-0.035625925530938386,-0.13012994689522417
2019-11,SPY,1.0000000000000009,0.0,-1.6653345369377348e-16,3.0531133177191805e-16,5.551115123125783e-17
2019-11,QQQ,1.3181414808395844,-0.44221895286969964,2.0129152754162414,-0.956847229794734,-0.8507756541881151
2019-11,IWM,0.9619301270949359,-0.15451063525720066,0.29569840641126105,0.3182922373597055,-0.03717774184551269
2019-11,EFA,0.513848168096385,0.21617617521539223,0.5154492736230936,0.6047233761323099,-0.1896252457965737
2019-11,EEM,0.8355309743525099,-0.07954773682004546,2.174749143240747,-0.04327727573138895,-1.0656529455016495
2019-11,TLT,-1.6653345369377348e-16,1.0000000000000002,7.632783294297951e-16,1.3183898417423734e-16,-5.516420653606247e-16
2019-11,IEF,0.015456955564745412,0.24079253159411035,0.8982863588356835,-0.1647159747555269,-0.4700815628475357
2019-11,TIP,5.551115123125783e-17,3.5388358909926865e-16,2.0000000000000004,7.042977312465837e-16,-1.0000000000000004
2019-11,LQD,0.024228679475890913,0.5567827561846818,0.04459603736462799,0.4378784575744113,0.015219467670431322
2019-11,HYG,0.015456955564745467,0.24079253159411035,0.8982863588356829,0.8352840252444735,-0.4700815628475356
2019-11,DBC,-1.8041124150158794e-16,-5.30825383648903e-16,8.500145032286355e-17,1.734723475976807e-18,0.9999999999999998
2019-11,GLD,0.09035431001569183,0.38139526714099237,1.0774465866985736,-0.27447622696368745,-0.4192714286548687
2019-11,SHY,0.004232667552895742,0.01659965665733723,0.2398053675495054,-0.05882215000564651,-0.1222562003518516
2019-12,SPY,1.0000000000000009,3.3306690738754696e-16,-3.3306690738754696e-16,1.249000902703301e-16,5.412337245047638e-16
2019-12,QQQ,1.295282180279175,-0.479671689513506,1.9646490149755729,-0.8685972237226006,-0.8497163659845617
2019-12,IWM,1.0118882061519172,-0.07146930057501155,0.39572304592030344,0.12363535386927417,-0.03580673046398708
2019-12,EFA,0.47384196536271217,0.16595976659756412,0.3606433884826911,0.7361082052292102,-0.14028252172256012
2019-12,EEM,0.7777892775001048,-0.13559520728677132,1.8759288621751495,0.12163458689901255,-0.943536291414606
2019-12,TLT,0.0,0.9999999999999996,-3.7470027081099033e-16,2.42861286636753e-16,-1.3877787807814457e-17
2019-12,IEF,0.006814255851731399,0.2357362810950988,0.8382678703355496,-0.1450461020982954,-0.44147876714655643
2019-12,TIP,6.38378239159465e-16,-3.469446951953614e-16,1.9999999999999987,-2.220446049250313e-16,-0.9999999999999998
2019-12,LQD,0.01863654680774346,0.5466519446177706,0.03723277392587643,0.460924516705313,0.012477927577561138
2019-12,HYG,0.006814255851731732,0.23573628109509884,0.8382678703355487,0.8549538979017043,-0.44147876714655593
2019-12,DBC,5.551115123125783e-17,3.9898639947466563e-16,-1.7694179454963432e-16,-2.1337098754514727e-16,1.0000000000000002
2019-12,GLD,0.04616276333882896,0.3562052101810936,0.7675185037012097,-0.17489891676410296,-0.2709655914127222
2019-12,SHY,0.00430346052046654,0.018656253876006057,0.23105114515635497,-0.06201488135164479,-0.11624785618577131
2020-01,SPY,0.9999999999999999,-1.1102230246251565e-16,-1.1102230246251565e-16,2.7755575615628914e-17,2.7755575615628914e-17
2020-01,QQQ,1.2882519534042518,-0.4415470084217916,1.7886741268509443,-0.8326126237218834,-0.756232964098373
2020-01,IWM,1.0500016646615133,-0.041195434268705866,0.09761944464504319,0.05913944336402842,0.10489265066441894
2020-01,EFA,0.4837661723657579,0.1650142295820594,0.32967163453169024,0.7144490264158976,-0.12777040054999733
2020-01,EEM,0.629232256428631,-0.23777028713401155,2.9542430647700306,0.38174524392465714,-1.448705637283165
2020-01,TLT,2.220446049250313e-16,1.0000000000000009,-3.3306690738754696e-16,-4.85722573273506e-17,4.2674197509029455e-16
2020-01,IEF,0.009482613982685129,0.2237142557542102,0.8921225074173817,-0.15735492874916956,-0.47027054405311347
2020-01,TIP,-2.7755575615628914e-17,-8.326672684688674e-17,2.0000000000000004,3.1051550219984847e-16,-1.0000000000000002
2020-01,LQD,0.0018956752545771227,0.5272729761932982,0.20030657796162638,0.48590201463229565,-0.06594060821236093
2020-01,HYG,0.009482613982684684,0.22371425575421017,0.8921225074173821,0.8426450712508302,-0.47027054405311347
2020-01,DBC,-1.8041124150158794e-16,-3.122502256758253e-16,-1.1934897514720433e-15,-8.847089727481716e-17,1.0000000000000002
2020-01,GLD,-0.09644656431403631,0.28773598333329714,1.6461717597930574,0.09111876221809131,-0.6749852745858346
2020-01,SHY,0.00037731620485455253,0.007804153223321461,0.30262408440023003,-0.059632982454238356,-0.15187375021639954
2020-02,SPY,0.9999999999999998,3.3306690738754696e-16,-8.326672684688674e-17,-1.942890293094024e-16,-2.636779683484747e-16
2020-02,QQQ,1.3680613178191914,-0.4269699883067761,1.4639246309836393,-1.0186950022353003,-0.5952529455097499
2020-02,IWM,1.0205079735355858,-0.04746535317693612,0.22751795570481675,0.1283831616291598,0.03960542678988847
2020-02,EFA,0.4910308752020903,0.21091222155562894,-0.19896730733643958,0.6734498344155455,0.1795009273776332
2020-02,EEM,0.6054811972200118,-0.08874121246925115,1.3335816121850697,0.35433036386260547,-0.4897276058214405
2020-02,TLT,1.1102230246251565e-16,1.0,3.2959746043559335e-16,4.7704895589362195e-17,-2.7755575615628914e-16
2020-02,IEF,0.0015800072934523124,0.21932441566368813,0.9572711083892714,-0.13733873798298202,-0.5055545347395236
2020-02,TIP,-1.3877787807814457e-16,-9.71445146547012e-17,2.0000000000000013,-1.713039432527097e-16,-1.0000000000000004
2020-02,LQD,-0.006432337801387966,0.5102014536143075,0.4083174183326961,0.5137141111117169,-0.18483027036091712
2020-02,HYG,0.0015800072934523401,0.2193244156636883,0.9572711083892715,0.8626612620170178,-0.5055545347395238
2020-02,DBC,-1.6653345369377348e-16,3.642919299551295e-16,-3.144186300207963e-17,-3.176712365382528e-17,1.0000000000000002
2020-02,GLD,-2.667427853597637e-05,0.3329931876870328,0.9442675439830426,-0.14861684385928065,-0.29899750470678566
2020-02,SHY,-0.003713647341849386,0.008247485250116529,0.30593960473615495,-0.050737240823614624,-0.15230934006563346
2020-03,SPY,1.0000000000000002,1.1102230246251565e-16,-1.3877787807814457e-17,-1.8041124150158794e-16,3.3306690738754696e-16
2020-03,QQQ,1.2846880553572246,-0.3483410118272897,1.3737026770459775,-0.8763803936845229,-0.5631274413079036
2020-03,IWM,0.9958588589775745,0.02658766718471861,0.02550743228225605,0.22438890026495903,0.1274781974840055
2020-03,EFA,0.5486603241656648,0.20446360446116169,-0.3019149289601435,0.6259258629956326,0.23118860472783048
2020-03,EEM,0.511362452120139,0.023374333367868982,1.1511403564766745,0.5397756030201776,-0.4174376423780127
2020-03,TLT,4.440892098500626e-16,0.9999999999999996,-1.942890293094024e-16,-1.3877787807814457e-16,-5.551115123125783e-17
2020-03,IEF,-0.005998740849274431,0.22035629588717098,0.9701751479177501,-0.1308938053289794,-0.5120683060025774
2020-03,TIP,-8.326672684688674e-17,1.5265566588595902e-16,1.9999999999999978,5.273559366969494e-16,-0.9999999999999996
2020-03,LQD,0.003099865469662788,0.5039505736908487,0.4091805215245145,0.5003503684220847,-0.18427816214099885
2020-03,HYG,-0.005998740849274348,0.22035629588717134,0.9701751479177496,0.8691061946710212,-0.512068306002577
2020-03,DBC,1.942890293094024e-16,4.163336342344337e-17,-2.3401419690927128e-15,8.847089727481716e-17,1.0000000000000013
2020-03,GLD,0.06055854413515788,0.20568413446845765,1.25199544414281,-0.3265196114651707,-0.43058972467804824
2020-03,SHY,-0.01156025220588594,0.018344420910702167,0.2881414909939364,-0.03448075080167396,-0.14512569634155115
2020-04,SPY,1.0000000000000007,-2.220446049250313e-16,8.326672684688674e-16,-1.6653345369377348e-16,-4.996003610813204e-16
2020-04,QQQ,1.3357005796334733,-0.3212333569914039,0.8995995179518697,-1.0397186457177552,-0.2893805114808229
2020-04,IWM,0.9165617855167516,0.07105381431918112,0.4187042377276781,0.49948793903776295,-0.08398298733942888
2020-04,EFA,0.5913734160620661,0.3003669144915935,-0.9894789169056881,0.5070784641308977,0.6413493386641168
2020-04,EEM,0.5656797945144544,0.13059213310647932,0.33529253801177844,0.38503223154104116,0.06771968115393256
2020-04,TLT,-2.220446049250313e-16,1.0,-1.8041124150158794e-15,2.220446049250313e-16,1.2490009027033011e-15
2020-04,IEF,0.012411398253626138,0.21591511801043317,0.8555375391080181,-0.1933229621735293,-0.448433960562394
2020-04,TIP,6.106226635438361e-16,7.077671781985373e-16,1.9999999999999953,4.3021142204224816e-16,-0.9999999999999984
2020-04,LQD,-0.04707239687632006,0.5198119629739473,0.7066790388474821,0.6714052950005359,-0.3484085691552611
2020-04,HYG,0.01241139825362638,0.2159151180104332,0.8555375391080173,0.8066770378264707,-0.4484339605623937
2020-04,DBC,-1.6653345369377348e-16,2.220446049250313e-16,3.0322966360074588e-15,-2.914335439641036e-16,0.9999999999999993
2020-04,GLD,0.03556887598879682,0.2133203830612534,1.4012204856538015,-0.2413856248665293,-0.5129917991042516
2020-04,SHY,0.003980887068759188,0.012806555008773372,0.19846948395800248,-0.08761886674736405,-0.09582954958296776
2020-05,SPY,1.0000000000000004,-3.3306690738754696e-16,2.0816681711721685e-15,-3.0531133177191805e-16,-1.2212453270876722e-15
2020-05,QQQ,1.3580931081004848,-0.3914577608984108,1.3767443676122544,-1.0527735945118835,-0.5668222438409855
2020-05,IWM,0.9183631514767637,0.06394483506193815,0.4486251204972599,0.4856583090491511,-0.09346076082019333
2020-05,EFA,0.5712542091392749,0.3573329114664127,-1.4537166790688065,0.4651515576162162,0.9445398795874302
2020-05,EEM,0.5538898664824728,0.16328299660497525,0.059239070776908515,0.3544100088620381,0.2514725100081593
2020-05,TLT,-5.551115123125783e-16,0.9999999999999987,2.3245294578089215e-15,-8.326672684688674e-17,-4.996003610813204e-16
2020-05,IEF,0.00530773154700237,0.23684288299645917,0.6963457255915357,-0.20099801446258003,-0.348546596136087
2020-05,TIP,-2.7755575615628914e-17,2.220446049250313e-16,1.999999999999997,-5.204170427930421e-17,-0.9999999999999989
2020-05,LQD,-0.04067408275587964,0.4998192755767349,0.8434379641583587,0.6683126762866173,-0.428323898009416
2020-05,HYG,0.005307731547002564,0.23684288299645923,0.6963457255915354,0.7990019855374201,-0.34854659613608735
2020-05,DBC,3.3306690738754696e-16,-5.551115123125783e-17,1.3565537582138631e-15,-2.0816681711721685e-17,1.0
2020-05,GLD,0.09908868544018973,0.018918635595403077,2.7825447246483264,-0.23639320430910837,-1.3422247297461085
2020-05,SHY,0.005986130709555448,0.006776137969896633,0.24269429550316773,-0.08652794993029642,-0.12294524147473487
2020-06,SPY,0.9999999999999996,0.0,-5.80265002714242e-16,1.1102230246251565e-16,6.106226635438361e-16
2020-06,QQQ,1.3519460898226356,-0.5300119748455904,2.0445069043394737,-1.1827981609911604,-0.8808436346537054
2020-06,IWM,0.9257071702755415,0.18298385463985734,-0.12615756798650762,0.5894018273263233,0.1861729088824299
2020-06,EFA,0.5668097814532126,0.21365575838164003,-0.7622686301393875,0.32286560095254985,0.6281153803181744
2020-06,EEM,0.5445297330944889,0.10890202157231776,0.32494459713938156,0.3302104463029255,0.09507547753017023
2020-06,TLT,-2.220446049250313e-16,1.0,-1.8735013540549517e-16,-1.3877787807814457e-17,0.0
2020-06,IEF,0.005949186012754515,0.2004044385453092,0.87078560413799,-0.24391465324621162,-0.42035782020092255
2020-06,TIP,4.996003610813204e-16,-2.7755575615628914e-17,2.0000000000000018,-5.238864897449957e-16,-1.0000000000000004
2020-06,LQD,-0.03892666274236223,0.45559014324268704,1.0546695220460087,0.6124783698920713,-0.5108663240373389
2020-06,HYG,0.005949186012754487,0.2004044385453092,0.87078560413799,0.756085346753788,-0.4203578202009225
2020-06,DBC,-6.661338147750939e-16,-5.551115123125783e-17,4.174178364069192e-16,5.342948306008566e-16,1.0
2020-06,GLD,0.10185312278753644,0.004111250708483977,2.852128121603327,-0.26350353892545997,-1.3594607220210175
2020-06,SHY,0.006023061984952796,0.010688759762200666,0.2239085298697412,-0.08232839190829873,-0.11472960405988342
2020-07,SPY,0.9999999999999998,-1.1102230246251565e-16,2.42861286636753e-16,0.0,8.326672684688674e-17
2020-07,QQQ,1.3589408210530785,-0.5010073479056807,1.866444278282402,-1.1835074306213675,-0.7771381372139119
2020-07,IWM,0.9272114992424112,-0.14649011192013062,1.5620307889521263,0.25808639044803405,-0.6184226125755112
2020-07,EFA,0.574561413092548,0.11215950280900538,-0.27232448676399906,0.1902509537165048,0.41387262841442596
2020-07,EEM,0.558565055813677,-0.2277925624498119,1.9984945926810767,-0.060755835599955926,-0.6695053977048836
2020-07,TLT,-6.661338147750939e-16,1.0,1.061650767297806e-15,1.5265566588595902e-16,-1.942890293094024e-16
2020-07,IEF,0.0037815883297111497,0.2599264151308377,0.5736342264537511,-0.1761129659218328,-0.2837461402724415
2020-07,TIP,-7.216449660063518e-16,-4.579669976578771e-16,2.000000000000001,5.273559366969494e-16,-1.0000000000000009
2020-07,LQD,-0.03349502469875543,0.3590959511856434,1.5284744147652636,0.49452307630340697,-0.7234894859914858
2020-07,HYG,0.003781588329711663,0.2599264151308374,0.5736342264537506,0.823887034078167,-0.2837461402724418
2020-07,DBC,-1.942890293094024e-16,4.440892098500626e-16,1.7520707107365752e-16,2.671474153004283e-16,1.0000000000000002
2020-07,GLD,0.10519673364769866,0.06151841907850564,2.5430829395485706,-0.22089017309366998,-1.202637316603164
2020-07,SHY,0.005276139772330969,0.03016208442382609,0.1268479467126849,-0.05998794839276252,-0.07020966470272924
2020-08,SPY,0.9999999999999992,-3.3306690738754696e-16,9.298117831235686e-16,-1.3877787807814457e-16,-3.3306690738754696e-16
2020-08,QQQ,1.3317462429090252,-0.3313375976016737,1.3885659747862318,-0.9842174266647843,-0.5410194138840663
2020-08,IWM,0.9690014649706686,-0.4442850744407807,2.45975412268069,-0.09028420806460596,-1.0508333390346858
2020-08,EFA,0.6047178002029996,-0.04787445460642825,0.13367585987070207,0.00120767631638663,0.20480867742994185
2020-08,EEM,0.5383954551012748,-0.020368234715594513,1.2844565696131882,0.1797712302656821,-0.3412499680905854
2020-08,TLT,-4.440892098500626e-16,0.9999999999999993,1.3877787807814457e-17,-1.1102230246251565e-16,6.938893903907228e-18
2020-08,IEF,0.007209898275067517,0.2504900087056655,0.5811912189331042,-0.18765218686070056,-0.2910768434597945
2020-08,TIP,1.1102230246251565e-16,-4.163336342344337e-16,2.0000000000000018,-2.1163626406917047e-16,-1.0000000000000009
2020-08,LQD,-0.012386505548784787,0.23670737310005927,1.8583701099974281,0.3504136792254432,-0.8892916403864857
2020-08,HYG,0.007209898275067683,0.2504900087056654,0.5811912189331039,0.8123478131393,-0.29107684345979423
2020-08,DBC,-8.326672684688674e-17,-1.1102230246251565e-16,-1.708702623837155e-16,-2.7755575615628914e-16,1.0000000000000004
2020-08,GLD,0.04472960031760731,0.45183122855772484,1.4229892845833223,0.23706453576039185,-0.6531287724247865
2020-08,SHY,0.0058519468453865214,0.02961389150555425,0.12354756812534674,-0.06074783890720079,-0.0694950172747146
2020-09,SPY,1.0000000000000002,-2.220446049250313e-16,5.551115123125783e-17,4.0245584642661925e-16,2.636779683484747e-16
2020-09,QQQ,1.3257129893240227,-0.2774864189642544,1.1348405274796747,-0.9272253372774631,-0.42011955522213495
2020-09,IWM,0.9367669287134633,-0.12294889439580159,1.0171586575035225,0.2161324221339025,-0.3489585077873079
2020-09,EFA,0.6001148575820934,-0.006814242568976836,-0.0598354442117118,0.044687187362317755,0.2970060628282367
2020-09,EEM,0.5173021903591434,0.14927934982664076,0.4455812977764159,0.3779621916496252,0.05045120796275219
2020-09,TLT,-2.220446049250313e-16,1.0,-5.065392549852277e-16,-1.3183898417423734e-16,-1.700029006457271e-16
2020-09,IEF,0.0077685049493158576,0.245966036084389,0.6034877508426965,-0.19290260249800806,-0.30150213058668557
2020-09,TIP,5.551115123125783e-17,-2.498001805406602e-16,2.0,2.636779683484747e-16,-1.0000000000000002
2020-09,LQD,-0.024978662468253088,0.36731555426177176,1.2816856899475835,0.4704027803290767,-0.6066574675337366
2020-09,HYG,0.007768504949315941,0.24596603608438883,0.6034877508426961,0.8070973975019923,-0.3015021305866853
2020-09,DBC,2.7755575615628914e-16,-3.5041414214731503e-16,1.0972125985553305e-15,-6.774095173689432e-16,0.9999999999999998
2020-09,GLD,0.04344641981958958,0.4374301953741122,1.435922236062356,0.24771038718718172,-0.6704267630689948
2020-09,SHY,0.006032365813073898,0.030423933654898365,0.12487233608050274,-0.062314004119386625,-0.06908379713435549
2020-10,SPY,1.0000000000000002,3.3306690738754696e-16,1.6653345369377348e-16,-5.828670879282072e-16,3.3306690738754696e-16
2020-10,QQQ,1.3423070266075052,-0.25422942093197887,0.9247070520814521,-0.9191051925177242,-0.3088549551058952
2020-10,IWM,0.914701491923379,-0.1757638271010188,1.4968759682076223,0.17288574552749084,-0.595491227420808
2020-10,EFA,0.5803203517204234,-0.015284949071592502,0.01448144268919712,0.06356947453758051,0.251074462662653
2020-10,EEM,0.48143901065638517,0.1748458554727339,0.20585228221603977,0.47282279601883703,0.15149120416745965
2020-10,TLT,3.3306690738754696e-16,0.9999999999999999,6.938893903907228e-17,-6.938893903907228e-17,-3.5388358909926865e-16
2020-10,IEF,0.008247060762208158,0.2508105851315043,0.5592354605890004,-0.186481128745736,-0.2794961046382798
2020-10,TIP,-1.6653345369377348e-15,1.096345236817342e-15,2.000000000000001,4.44436154545258e-15,-1.0000000000000013
2020-10,LQD,-0.025623885687051817,0.36483316243616,1.3042964425072625,0.4677476812031966,-0.6180908380233997
2020-10,HYG,0.008247060762207853,0.2508105851315044,0.559235460589,0.8135188712542636,-0.2794961046382798
2020-10,DBC,6.661338147750939e-16,-6.938893903907228e-17,3.8163916471489756e-16,-1.3739009929736312e-15,1.0000000000000002
2020-10,GLD,0.09127526416425791,0.4667663702376842,1.1752008983390319,0.21523262010573652,-0.5195028140521313
2020-10,SHY,0.008582162403075771,0.03088125629868332,0.12109900304832226,-0.06568586516845779,-0.06602164769063046
2020-11,SPY,1.0,2.220446049250313e-16,-2.5326962749261384e-16,-2.7755575615628914e-17,-1.6653345369377348e-16
2020-11,QQQ,1.309394364382319,-0.27903400020968316,1.0433410497759203,-0.8600219259602163,-0.3940418313748695
2020-11,IWM,0.8112183788166389,-0.25223025961601786,1.7835720401183959,0.3403244851906713,-0.7964092382061967
2020-11,EFA,0.6038578551602078,0.002426125334365925,-0.06877735361970486,0.02165209175392671,0.3107689392394395
2020-11,EEM,0.4024667490441738,0.11534920600294013,0.48933700157834314,0.6143412994532743,-0.052001976502169964
2020-11,TLT,2.220446049250313e-16,1.0000000000000009,6.683022191200649e-16,2.2898349882893854e-16,1.3877787807814457e-16
2020-11,IEF,0.011852757553613424,0.2536524212237421,0.5391905203851742,-0.19445070080322913,-0.2646984578874169
2020-11,TIP,1.1657341758564144e-15,3.3306690738754696e-16,2.000000000000002,5.238864897449957e-16,-1.000000000000001
2020-11,LQD,-0.030948945963056196,0.36096449655035895,1.3153009336493364,0.475567754988683,-0.6255232413220166
2020-11,HYG,0.011852757553613175,0.25365242122374204,0.5391905203851739,0.805549299196771,-0.2646984578874168
2020-11,DBC,-9.992007221626409e-16,-1.942890293094024e-16,1.8756697583999227e-17,-2.706168622523819e-16,1.0000000000000002
2020-11,GLD,0.07474840018099449,0.4552583668212348,1.1810959905881864,0.23350186617549615,-0.520658521339646
2020-11,SHY,0.007465019431127713,0.030144588655039065,0.11916207713734965,-0.06494690687067904,-0.06428890132382424
2020-12,SPY,0.9999999999999998,-3.3306690738754696e-16,-1.942890293094024e-16,6.938893903907228e-17,1.942890293094024e-16
2020-12,QQQ,1.2869576989547498,-0.3139469713567534,1.1641277029773864,-0.8399175540965855,-0.48259892681339855
2020-12,IWM,0.9498141824759688,-0.061040686147669665,0.7190491282618786,0.2465979682877163,-0.16414816882033123
2020-12,EFA,0.723373143761389,0.1643620008133172,-1.0248978593455311,-0.055521081426092925,0.8661982934309227
2020-12,EEM,0.42959282723287034,0.14962407416086815,0.24007497808437428,0.5999113222206749,0.082695781982633
2020-12,TLT,-1.1102230246251565e-16,0.9999999999999994,-6.938893903907228e-17,5.204170427930421e-17,9.71445146547012e-17
2020-12,IEF,0.016361459942073442,0.2587213403691696,0.4895901251226851,-0.19606751412037754,-0.24012313647911881
2020-12,TIP,-3.3306690738754696e-16,-9.71445146547012e-17,2.0000000000000004,7.511352650979575e-16,-1.0000000000000002
2020-12,LQD,-0.008639474628396038,0.3907733163328321,1.1313727633917525,0.46168380760243777,-0.5203837887220597
2020-12,HYG,0.01636145994207347,0.25872134036916994,0.48959012512268446,0.8039324858796223,-0.24012313647911868
2020-12,DBC,-4.579669976578771e-16,2.2898349882893854e-16,-1.2689502226770344e-15,3.382710778154774e-16,1.0000000000000004
2020-12,GLD,-0.11466936750224488,0.19482285942039304,2.6471814676376444,0.36052458971686424,-1.3877653707636153
2020-12,SHY,0.010200099691793883,0.033224807451681215,0.08914229075219166,-0.06593429681516262,-0.04939940889391114
2021-01,SPY,1.0,-1.1102230246251565e-16,1.8041124150158794e-16,1.1102230246251565e-16,0.0
2021-01,QQQ,1.2809686116207275,-0.3117530088916587,1.198001693936866,-0.8457942025630163,-0.48863938474399565
2021-01,IWM,0.915968663913804,-0.1291021745343397,1.2210712192379538,0.20440356175076455,-0.3808502281326718
2021-01,EFA,0.7110093612114978,0.131534617128869,-0.8107642652367236,-0.07182404527586797,0.7689652579638505
2021-01,EEM,0.4142915625602067,0.08376412834898495,0.6024897448561289,0.5769173950817129,-0.09489348931902063
2021-01,TLT,3.3306690738754696e-16,1.0000000000000007,-5.551115123125783e-16,-2.0990154059319366e-16,1.1449174941446927e-16
2021-01,IEF,0.013497139455930618,0.25833173093165357,0.5113450052737701,-0.1990387285081405,-0.24627690306681999
2021-01,TIP,-2.220446049250313e-16,-2.220446049250313e-16,1.9999999999999993,6.583275591331983e-16,-1.0000000000000002
2021-01,LQD,0.00042314911322821613,0.41782744055991616,0.9628646029554313,0.47396790359554075,-0.44232387609733553
2021-01,HYG,0.013497139455931007,0.25833173093165346,0.511345005273771,0.8009612714918591,-0.2462769030668203
2021-01,DBC,-1.5265566588595902e-16,-1.9081958235744878e-16,2.645453300864631e-16,2.469812548921979e-16,1.0000000000000004
2021-01,GLD,-0.15432937762756205,0.08424742249007662,3.354425598209827,0.30763983230498154,-1.7116303001444568
2021-01,SHY,0.008974126082847991,0.03277763338144301,0.09953618178964281,-0.06723733431364978,-0.052669587187365405
2021-02,SPY,1.0000000000000004,4.440892098500626e-16,-3.885780586188048e-16,3.469446951953614e-16,3.7470027081099033e-16
2021-02,QQQ,1.248798207994042,-0.3379300504470475,1.558649466018327,-0.8440582451074444,-0.6700498853206195
2021-02,IWM,0.9063772621814565,-0.23740296670407202,1.4307848708971778,0.1364721354425102,-0.4634796366362376
2021-02,EFA,0.7082306988055687,0.13681523185820516,-0.7872825689342434,-0.06653744027332506,0.7554382163189177
2021-02,EEM,0.29653806205412336,-0.07864402470745957,1.9902844313579986,0.5379149414424649,-0.7778248728269171
2021-02,TLT,-1.1102230246251565e-16,0.9999999999999996,1.3877787807814457e-17,-1.5959455978986625e-16,-1.700029006457271e-16
2021-02,IEF,0.03200206455541127,0.27954728225997594,0.29763288520505743,-0.19584293480368992,-0.14017768472958822
2021-02,TIP,7.771561172376096e-16,1.1102230246251565e-16,1.9999999999999978,4.5102810375396984e-17,-0.9999999999999998
2021-02,LQD,0.026884667457586664,0.46287654170864023,0.6423030982668425,0.4885579195765423,-0.28642664152620007
2021-02,HYG,0.032002064555411186,0.2795472822599765,0.29763288520505826,0.8041570651963105,-0.14017768472958814
2021-02,DBC,-2.3592239273284576e-16,-3.712308238590367e-16,7.277164981722706e-16,-6.678685382510707e-17,1.0
2021-02,GLD,-0.1727165525783183,0.1603560972820597,3.4679517652230616,0.3706609040744712,-1.78945064072408
2021-02,SHY,0.011247098531190838,0.03365255547251909,0.07504592919168356,-0.06802379269717225,-0.04012898786383756
2021-03,SPY,1.0,1.1102230246251565e-16,4.718447854656915e-16,-1.5265566588595902e-16,-2.220446049250313e-16
2021-03,QQQ,1.2650499111471127,-0.34755303524132053,2.161501181786031,-0.8663757886846488,-1.0037699161926645
2021-03,IWM,0.9111453757927194,-0.23162282288730723,1.3436595065437396,0.12720031659886927,-0.41032503640461926
2021-03,EFA,0.6832586643072507,0.10861438724232547,-0.39454488199542403,-0.018634037020370857,0.5134244313593102
2021-03,EEM,0.24673418923350754,-0.11728890049511853,2.2335447614827855,0.6278807473269848,-0.9514873016894319
2021-03,TLT,6.661338147750939e-16,1.0,-7.771561172376096e-16,-3.5648567431323386e-16,6.245004513516506e-17
2021-03,IEF,0.03019067558245986,0.2762915241327658,0.36325463320936746,-0.19198501642875362,-0.17898142470960735
2021-03,TIP,-3.885780586188048e-16,2.3592239273284576e-16,2.000000000000001,6.756747938929664e-16,-1.0000000000000007
2021-03,LQD,0.018314402803045526,0.4547977791793925,0.7280043709074768,0.5044916317026508,-0.34139734764684365
2021-03,HYG,0.030190675582459664,0.2762915241327656,0.3632546332093677,0.8080149835712462,-0.1789814247096075
2021-03,DBC,3.885780586188048e-16,-1.249000902703301e-16,-4.0592529337857286e-16,-2.7798943702528334e-16,0.9999999999999999
2021-03,GLD,-0.19313462119305508,0.13747211029580142,3.783727203596709,0.4097734000274213,-1.9842735834766796
2021-03,SHY,0.011147543535786973,0.034449854931396025,0.0486966539444833,-0.06812085738141911,-0.02512020621317774
2021-04,SPY,0.9999999999999999,-1.6653345369377348e-16,0.0,-2.8449465006019636e-16,-1.5265566588595902e-16
2021-04,QQQ,1.229468858720879,-0.32188785039835127,2.3194398624522345,-0.9060777463853039,-1.0283121801340858
2021-04,IWM,0.9596730022670843,-0.15980411315678905,0.9710399554353688,0.07945439439396534,-0.20500346608660827
2021-04,EFA,0.6926025641022882,0.10227424001580934,-0.43660931243459444,-0.00858926478174795,0.5205125529154718
2021-04,EEM,0.2615600462285168,-0.054083065021748006,2.0589748506098355,0.5739333280983803,-0.822375415802882
2021-04,TLT,-4.996003610813204e-16,0.9999999999999999,-1.1796119636642288e-16,2.8102520310824275e-16,-1.0061396160665481e-16
2021-04,IEF,0.02733539939799534,0.282502074832645,0.36981964084350955,-0.19913045888575734,-0.17427300971003423
2021-04,TIP,-1.1102230246251565e-16,3.469446951953614e-16,2.0,6.227657278756737e-16,-1.0000000000000004
2021-04,LQD,0.009937109274306133,0.4663089315518908,0.7571417745424098,0.4899279302949254,-0.33837829766729316
2021-04,HYG,0.027335399397996174,0.28250207483264517,0.3698196408435091,0.8008695411142426,-0.174273009710034
2021-04,DBC,3.3306690738754696e-16,3.0531133177191805e-16,-5.429684479807406e-16,-1.1709383462843448e-17,1.0000000000000002
2021-04,GLD,-0.21640666268689923,0.1400764255997332,3.9079003680751137,0.3973338957966813,-2.023141036722378
2021-04,SHY,0.009481989812995431,0.03181595393740921,0.061734270816769146,-0.06632097220977685,-0.032439010833880115
2021-05,SPY,1.0000000000000002,2.7755575615628914e-16,-1.942890293094024e-16,1.0408340855860843e-16,3.608224830031759e-16
2021-05,QQQ,1.210706018845879,-0.31756098955461437,2.2318092864288386,-0.8227818721157053,-1.0258369234354199
2021-05,IWM,0.9076511287305302,-0.15279221684499888,0.802299469994069,0.2592577937745468,-0.1957398786386924
2021-05,EFA,0.6798108889071512,0.10650927023204643,-0.5154883798117346,0.06138378901486569,0.5215811302419755
2021-05,EEM,0.1945663534360605,-0.054344593464193264,1.9800225382001184,0.7101552680665199,-0.8059709772378866
2021-05,TLT,-5.551115123125783e-17,1.0,-5.48172618408671e-16,-2.463307335887066e-16,-6.245004513516506e-17
2021-05,IEF,0.01856781863264184,0.2826181726995959,0.3572486511687347,-0.1797605524260495,-0.17219852945492842
2021-05,TIP,2.220446049250313e-16,-6.245004513516506e-17,2.000000000000001,-5.750608322863116e-16,-1.0000000000000002
2021-05,LQD,-0.014649063545955798,0.4661356216908491,0.7293183532392541,0.5391269378603014,-0.3323207512235498
2021-05,HYG,0.018567818632642064,0.28261817269959577,0.3572486511687349,0.8202394475739504,-0.17219852945492825
2021-05,DBC,2.7755575615628914e-16,2.0816681711721685e-16,4.2327252813834093e-16,2.233456475320139e-16,1.0
2021-05,GLD,-0.20798578102406706,0.13636022460049893,3.973648899171767,0.34174637673714797,-2.023397446105576
2021-05,SHY,0.004644544057266189,0.03203545504132233,0.05248371513519728,-0.05403893435951473,-0.03136929529254255
2021-06,SPY,0.9999999999999996,5.551115123125783e-17,1.2490009027033011e-15,-4.510281037539698e-16,-8.049116928532385e-16
2021-06,QQQ,1.2245148732808553,-0.2670074188175926,1.8854262810697027,-0.7354804097928149,-0.8926987932741366
2021-06,IWM,0.8798961422547515,-0.18314628454107962,1.0065086564357268,0.3230703750412499,-0.3324788155028501
2021-06,EFA,0.694334295770058,0.1060086153766952,-0.5092177702653731,-0.027026913471862875,0.5630434298695387
2021-06,EEM,0.22236563785531693,-0.015305385508623176,1.7158534643101588,0.6752437010758195,-0.6531525233605555
2021-06,TLT,2.7755575615628914e-16,1.0000000000000004,-2.7755575615628914e-16,1.7694179454963432e-16,1.3877787807814457e-17
2021-06,IEF,0.019276923182036415,0.283939798276092,0.3482605754978075,-0.17955696569246665,-0.1677020791879966
2021-06,TIP,-2.220446049250313e-16,3.122502256758253e-16,2.0,2.0643209364124004e-16,-0.9999999999999998
2021-06,LQD,-0.014090130412771629,0.46541779601994726,0.734383025431746,0.5333786272334334,-0.33200797589629455
2021-06,HYG,0.01927692318203597,0.28393979827609206,0.34826057549780687,0.8204430343075341,-0.16770207918799693
2021-06,DBC,-8.326672684688674e-17,1.3877787807814457e-17,-1.457167719820518e-16,-1.2967057982926633e-16,0.9999999999999997
2021-06,GLD,-0.2449373544498218,0.03585654224072281,4.660439874206891,0.22490898227019387,-2.315803246156181
2021-06,SHY,0.0055517910128967535,0.03460490584544623,0.03491814211434157,-0.05082827612390336,-0.02400300273992543
2021-07,SPY,0.9999999999999993,0.0,0.0,1.734723475976807e-16,-5.551115123125783e-17
2021-07,QQQ,1.2347905823633574,-0.13864173084321219,1.298849169876621,-0.6736216912074011,-0.5736373685214002
2021-07,IWM,0.8816550704696275,-0.18251997923211544,0.99512136522311,0.31969192257276186,-0.3252062955411636
2021-07,EFA,0.6816979150413931,-0.01496779132277093,0.05832219545745937,-0.07896658743063811,0.2524736886965442
2021-07,EEM,0.2025364411504295,-0.07519586249383528,2.064538603515928,0.6787639240835652,-0.8523051720886232
2021-07,TLT,4.440892098500626e-16,1.0000000000000009,6.938893903907228e-17,6.938893903907228e-17,1.3877787807814457e-16
2021-07,IEF,0.016896990085210783,0.265286736208232,0.43792129825584714,-0.1866359590296983,-0.21703162189176411
2021-07,TIP,4.996003610813204e-16,-2.0816681711721685e-16,1.999999999999999,-3.3046482217358175e-16,-0.9999999999999994
2021-07,LQD,-0.019234711992233866,0.44277036066551545,0.8544941967114708,0.5296404003783122,-0.3994438186402582
2021-07,HYG,0.01689699008521109,0.2652867362082313,0.43792129825584786,0.8133640409703007,-0.21703162189176467
2021-07,DBC,1.6653345369377348e-16,1.6653345369377348e-16,4.3021142204224816e-16,-1.9081958235744878e-17,1.0000000000000002
2021-07,GLD,-0.28560490963168517,-0.2707083138097162,6.141771125606986,0.11191005755305658,-3.131734098613979
2021-07,SHY,0.0036229984703722747,0.01796401802538014,0.11393691010771775,-0.05756233443171664,-0.06736090337159373
2021-08,SPY,1.0000000000000002,1.6653345369377348e-16,9.43689570931383e-16,-5.898059818321144e-17,-4.440892098500626e-16
2021-08,QQQ,1.2444238760890427,-0.06533753206098725,0.697690837855484,-0.5874759731868183,-0.2878960817870712
2021-08,IWM,0.9160176310044542,-0.008973786889471369,-0.4500192840052617,0.530229718699139,0.34937047025400514
2021-08,EFA,0.6694523725134013,-0.014553189895584184,0.07824352226684167,-0.08549323106788104,0.2561226827810579
2021-08,EEM,0.20896665821627264,0.10584378049123166,0.6127732785785583,0.8816184138183677,-0.14373954914863876
2021-08,TLT,-1.1102230246251565e-16,1.0000000000000004,-3.3306690738754696e-16,-3.209238430557093e-17,2.7755575615628914e-17
2021-08,IEF,0.015748134221990506,0.2661856785606563,0.4329514600791004,-0.18630201810233135,-0.21331812593006105
2021-08,TIP,2.220446049250313e-16,-1.3877787807814457e-17,1.999999999999998,-2.0903417885520525e-16,-0.9999999999999989
2021-08,LQD,-0.027490798724782606,0.4397113243515016,0.8944726642157342,0.5215668252072583,-0.4100699335692505
2021-08,HYG,0.015748134221990867,0.26618567856065667,0.43295146007910046,0.8136979818976686,-0.2133181259300611
2021-08,DBC,1.1102230246251565e-16,-4.163336342344337e-17,5.273559366969494e-16,8.673617379884035e-19,0.9999999999999993
2021-08,GLD,-0.2692633433259871,-0.16705023262265728,5.286528564078186,0.23527772594587096,-2.7281221785514185
2021-08,SHY,0.005549067007771111,0.02782270415144071,0.031891658594453386,-0.04561706783731825,-0.02903574314494679
2021-09,SPY,1.0000000000000004,-3.3306690738754696e-16,0.0,-2.445960101127298e-16,3.3306690738754696e-16
2021-09,QQQ,1.2423927162782857,-0.05762817077724014,0.6311371289211707,-0.5641598479677552,-0.26248141848010825
2021-09,IWM,0.894623102910971,-0.022262066473941633,-0.3176444325352392,0.5379060503346034,0.28795680943422475
2021-09,EFA,0.7094603662806511,0.003197353235008693,-0.10669041517460029,-0.11772138284739825,0.34624262614693946
2021-09,EEM,0.252344305290648,0.12364628622895765,0.42499084127487946,0.8430424497737682,-0.051055412714906226
2021-09,TLT,-6.661338147750939e-16,0.9999999999999996,-4.163336342344337e-16,-2.6454533008646308e-17,-9.71445146547012e-17
2021-09,IEF,0.011172457870220531,0.26246757896751316,0.46898976510432283,-0.1868661930631452,-0.2295042091415555
2021-09,TIP,-7.216449660063518e-16,5.273559366969494e-16,2.0000000000000027,4.351987520356815e-16,-1.0000000000000013
2021-09,LQD,-0.026262386883328104,0.4353974558094428,0.9316484628955984,0.5083434014442013,-0.4242260606214835
2021-09,HYG,0.011172457870220615,0.262467578967513,0.46898976510432366,0.8131338069368547,-0.2295042091415552
2021-09,DBC,1.2212453270876722e-15,-4.163336342344337e-17,-2.581268532253489e-15,6.732895491134983e-16,1.000000000000001
2021-09,GLD,-0.24047826862995264,-0.1527247665117233,5.1397636556433985,0.2160034680154322,-2.6578690478023748
2021-09,SHY,0.00308994968794752,0.025484735570879158,0.05425623874089279,-0.046775686558517215,-0.0389179667815719
2021-10,SPY,0.9999999999999996,4.996003610813204e-16,4.440892098500626e-16,1.734723475976807e-16,-5.551115123125783e-17
2021-10,QQQ,1.2319452679428928,-0.055739475518765236,0.6107864151879612,-0.5518772667443567,-0.2485557822480728
2021-10,IWM,0.8890837331750001,0.01906684761867722,-0.7679781344470437,0.5936096774123052,0.5198862671052005
2021-10,EFA,0.7320940879946302,0.0033340807372091996,-0.10868940626684753,-0.13917294675934386,0.33961796935923366
2021-10,EEM,0.3431723354709404,0.1499871731547447,0.13585075942480138,0.788419539432123,0.06597267732516354
2021-10,TLT,9.992007221626409e-16,0.9999999999999997,-2.498001805406602e-16,-6.132247487578013e-16,-4.3021142204224816e-16
2021-10,IEF,0.02299328253328628,0.26352732946331237,0.4571734726480696,-0.1968640427625588,-0.22746089426210875
2021-10,TIP,4.996003610813204e-16,5.551115123125783e-17,2.0000000000000004,5.984795992119984e-17,-1.0000000000000007
2021-10,LQD,-0.0043092877816653385,0.431889547297924,0.9693889264382314,0.48309622144305836,-0.4509221600400404
2021-10,HYG,0.02299328253328639,0.26352732946331225,0.45717347264806973,0.8031359572374405,-0.2274608942621087
2021-10,DBC,5.551115123125783e-17,1.5265566588595902e-16,-3.677613769070831e-16,-1.7954387976359953e-16,1.0
2021-10,GLD,-0.17537365644058145,-0.1622554895938938,5.242178930537585,0.14219401538068518,-2.7321819770245774
2021-10,SHY,0.003933250500856744,0.026459002417923254,0.04361841008892524,-0.04639275095411085,-0.03376838246646045
2021-11,SPY,1.0,2.7755575615628914e-16,2.7755575615628914e-16,-1.3877787807814457e-17,-2.7755575615628914e-16
2021-11,QQQ,1.2016549019183602,-0.07534354430825829,0.6915073554477613,-0.5137404023309124,-0.30419602849425786
2021-11,IWM,0.8011171051320372,-0.03825909787301679,-0.6877847128758172,0.7024731849497763,0.4329971476336679
2021-11,EFA,0.6641209786549944,-0.04067445039098394,0.06617714969131633,-0.053668809373799434,0.21779771001078194
2021-11,EEM,0.24835423888745156,0.08820893667106947,0.22725289840600182,0.905822936189878,-0.030087515620440514
2021-11,TLT,-3.885780586188048e-16,1.0000000000000009,-4.85722573273506e-16,2.7798943702528334e-16,-5.551115123125783e-17
2021-11,IEF,0.004404702362539065,0.2516728757997255,0.5757517229747604,-0.17261405438898558,-0.29504437848416176
2021-11,TIP,-6.661338147750939e-16,2.498001805406602e-16,2.0000000000000004,1.3010426069826053e-16,-1.0
2021-11,LQD,-0.014207873744478239,0.4256948459972995,1.0787405549765399,0.4965758790507565,-0.509290287233101
2021-11,HYG,0.004404702362539065,0.2516728757997257,0.5757517229747607,0.8273859456110148,-0.29504437848416176
2021-11,DBC,5.551115123125783e-17,-2.3592239273284576e-16,2.636779683484747e-16,-5.5077470362263625e-17,1.0000000000000002
2021-11,GLD,-0.11014995478108858,-0.11949411216268278,5.283246982906608,0.06270819569812827,-2.7164451004824364
2021-11,SHY,-0.005286095213191916,0.020520935622063613,0.07944980457296717,-0.034647165121863416,-0.05615812552748572
2021-12,SPY,1.0000000000000002,2.220446049250313e-16,-2.7755575615628914e-16,2.896988204881268e-16,1.6653345369377348e-16
2021-12,QQQ,1.2532937098667158,-0.09557670654750194,0.611406001371324,-0.5040592566361574,-0.34952698072802346
2021-12,IWM,0.7648755505638534,-0.024666188674923872,-0.6279134814530416,0.6959976677704459,0.46197226384505724
2021-12,EFA,0.6305666282569601,-0.025757869266192723,0.10758089613694499,-0.060888840912068816,0.25552568304974654
2021-12,EEM,0.1534105445122353,0.11604133169608959,0.4308957458369508,0.8929439317986709,0.009455410966814709
2021-12,TLT,-1.6653345369377348e-16,0.9999999999999998,-7.771561172376096e-16,-2.749536709423239e-16,-5.551115123125783e-17
2021-12,IEF,-0.0009764237940791398,0.2548133642189604,0.5778893064714704,-0.17416498701631597,-0.2854951622196783
2021-12,TIP,-5.551115123125783e-16,2.0816681711721685e-16,2.0000000000000013,-2.538117285788566e-16,-1.0
2021-12,LQD,-0.012921439198479323,0.42755271326069527,1.0625341003721138,0.4955764488881932,-0.49937629182065413
2021-12,HYG,-0.0009764237940789455,0.25481336421896006,0.5778893064714703,0.825835012983684,-0.2854951622196782
2021-12,DBC,5.551115123125783e-17,-2.636779683484747e-16,-2.7755575615628914e-17,-3.187554387107383e-17,1.0000000000000002
2021-12,GLD,-0.10649588903662977,-0.10271937470172515,5.168035962193069,0.05383022072860803,-2.6345273905913085
2021-12,SHY,-0.0060645760636639625,0.02386297704369996,0.06238455940010022,-0.03638831950420954,-0.041274995585239165
2022-01,SPY,1.0,-2.220446049250313e-16,-7.216449660063518e-16,4.163336342344337e-16,5.551115123125783e-17
2022-01,QQQ,1.252301468171474,-0.09217735093184026,0.6517601823289678,-0.5116105187839498,-0.3821620148977545
2022-01,IWM,0.7471039297763559,-0.014420941041982827,-0.5599499986158976,0.6939607060380306,0.4186411024584789
2022-01,EFA,0.6677406780235744,-0.03972299383743508,0.06195219625035969,-0.0762666677815439,0.2663801891390856
2022-01,EEM,0.20657589005274501,0.0986199138156812,0.398626906343588,0.8642399994513649,-0.002284754776426423
2022-01,TLT,5.551115123125783e-17,0.9999999999999997,3.0531133177191805e-16,-3.7296554733501353e-16,4.718447854656915e-16
2022-01,IEF,0.0044301216732220705,0.2525293155412347,0.5679819144776003,-0.17573603583083697,-0.2812129076882395
2022-01,TIP,-1.6653345369377348e-16,-9.71445146547012e-17,1.9999999999999993,7.632783294297951e-17,-0.9999999999999996
2022-01,LQD,0.021707194805511865,0.41525822159134246,1.0292674689489782,0.47937229880507626,-0.49689982275693345
2022-01,HYG,0.00443012167322232,0.25252931554123453,0.5679819144775995,0.8242639641691627,-0.2812129076882392
2022-01,DBC,-7.771561172376096e-16,-1.942890293094024e-16,6.938893903907228e-16,-7.389922007661198e-16,0.9999999999999998
2022-01,GLD,-0.03255390901526756,-0.1330829422806386,5.043839581796395,0.03004494909541504,-2.5853015960702197
2022-01,SHY,-0.00213839762328138,0.022498977414989945,0.059000004609611266,-0.03830430899804309,-0.04131422772773044
2022-02,SPY,1.0,-2.220446049250313e-16,-1.1102230246251565e-16,2.42861286636753e-16,1.1102230246251565e-16
2022-02,QQQ,1.2745286837424423,-0.11153316667086483,0.8154908848922862,-0.5274248132211032,-0.4894854834603195
2022-02,IWM,0.8289248472795165,-0.06834078596333881,-0.009788459649916759,0.6576569195105519,0.055109802990102486
2022-02,EFA,0.6926182736995508,-0.04991152032134699,0.21041188138975855,-0.07945932524960216,0.16714180019596728
2022-02,EEM,0.18882537691504742,0.06408649273752731,0.41945036184233014,0.8136695131865171,-0.007548716708560416
2022-02,TLT,-2.7755575615628914e-16,0.9999999999999996,-1.3877787807814457e-16,-4.336808689942018e-18,-2.3592239273284576e-16
2022-02,IEF,0.01096504813183985,0.23988775588009992,0.6371953753048201,-0.18917295365004416,-0.3254155359732308
2022-02,TIP,7.494005416219807e-16,-4.163336342344337e-17,1.999999999999996,-3.0878077872387166e-16,-0.9999999999999987
2022-02,LQD,0.027719914695976455,0.4096872907416106,1.0745741543529033,0.47467088635100774,-0.5265416132163329
2022-02,HYG,0.010965048131840155,0.23988775588009992,0.6371953753048201,0.810827046349956,-0.3254155359732306
2022-02,DBC,2.220446049250313e-16,-2.914335439641036e-16,1.609823385706477e-15,1.3877787807814457e-17,1.0000000000000002
2022-02,GLD,-0.0785034601509843,-0.1185514732058875,4.782629421395054,0.03052213867347056,-2.409807117089577
2022-02,SHY,0.004809888401433957,0.015755449551630506,0.1122834468660112,-0.044123815953198954,-0.07612465122621638
2022-03,SPY,1.0000000000000009,1.1102230246251565e-16,5.551115123125783e-17,7.632783294297951e-17,2.220446049250313e-16
2022-03,QQQ,1.2970357164668795,-0.08206428627636048,0.5881033196933935,-0.5098153324691096,-0.3876162867590017
2022-03,IWM,0.7568908672991149,-0.16396239239561358,0.7403477302852934,0.5978908275016387,-0.2823332520762785
2022-03,EFA,0.7402456541879032,0.010566157578385416,-0.23852330566152946,-0.0471037305962925,0.36627079502910376
2022-03,EEM,0.28527970801495117,0.19667762287804041,-0.6629973220746851,0.9055714695721571,0.4840604102427984
2022-03,TLT,5.551115123125783e-17,0.9999999999999999,-3.7470027081099033e-16,-1.2728533504979822e-16,-1.249000902703301e-16
2022-03,IEF,0.013845854017579512,0.24315468245173982,0.6167429057820351,-0.18823608236065534,-0.31678772126130766
2022-03,TIP,-1.6653345369377348e-16,1.5959455978986625e-16,1.9999999999999998,9.777335191474279e-16,-0.9999999999999998
2022-03,LQD,0.055463025749244166,0.446011389575979,0.7942948956259004,0.4963758251160622,-0.40097754385601214
2022-03,HYG,0.013845854017579595,0.24315468245173993,0.6167429057820345,0.811763917639345,-0.31678772126130733
2022-03,DBC,2.220446049250313e-16,-2.3592239273284576e-16,-8.326672684688674e-17,-6.548581121812447e-17,1.0000000000000004
2022-03,GLD,-0.1505473796262739,-0.21116209803184893,5.481052365053288,-0.02136445815166242,-2.7208797676201963
2022-03,SHY,0.012235262976309103,0.024979437826571967,0.04580135582679008,-0.039613613955011916,-0.04686848017528884
2022-04,SPY,0.9999999999999998,-3.608224830031759e-16,-3.3306690738754696e-16,6.38378239159465e-16,2.220446049250313e-16
2022-04,QQQ,1.3132345943291504,-0.0654073343559276,0.28238604931452577,-0.506037021819385,-0.22823326568593783
2022-04,IWM,0.7236460698202527,-0.18950881410740078,1.3876152820446408,0.5892953397737529,-0.6167441783929436
2022-04,EFA,0.7087689388338942,-0.034434916218744976,0.3265013145521527,-0.05321507822913792,0.06725933795008027
2022-04,EEM,0.22167364723560073,0.10085431403391037,0.4675364738183715,0.8936981154391826,-0.11602532532107965
2022-04,TLT,-5.551115123125783e-17,1.0000000000000004,1.6653345369377348e-16,-6.635317295611287e-16,8.326672684688674e-17
2022-04,IEF,0.0010809579281208792,0.22281601031738527,0.8410799995263237,-0.19051098049399762,-0.43627913357734294
2022-04,TIP,-1.1102230246251565e-16,3.469446951953614e-16,2.0,-1.682681771697503e-16,-1.0
2022-04,LQD,0.04659558147043211,0.43102766705542694,0.9481717847927525,0.4948787773507522,-0.4832615878009367
2022-04,HYG,0.00108095792812124,0.22281601031738477,0.8410799995263238,0.8094890195060026,-0.4362791335773433
2022-04,DBC,2.220446049250313e-16,4.163336342344337e-17,6.938893903907228e-16,-4.85722573273506e-16,1.0000000000000002
2022-04,GLD,-0.10443535921920766,-0.10480662065757261,4.746206254955459,-0.016349145616786617,-2.3170575137696208
2022-04,SHY,0.003889479453036592,0.01187042879550699,0.19290783899937697,-0.041119323494146896,-0.1251524321567879
2022-05,SPY,0.9999999999999993,1.249000902703301e-16,6.106226635438361e-16,-9.71445146547012e-17,4.440892098500626e-16
2022-05,QQQ,1.3462054100682268,-0.014408906955972092,0.12779922804519145,-0.5046106364781404,-0.15251223797016744
2022-05,IWM,0.7924639324399585,-0.10856982184583644,1.0978168142972358,0.5900024064718428,-0.48316403429455057
2022-05,EFA,0.7214853958147484,-0.009754235551190586,0.26042301745259133,-0.05221893568386607,0.10127105757518728
2022-05,EEM,0.27129614885663406,0.17216015114929437,0.24189664497640817,0.8953599185379922,-0.007288890486073729
2022-05,TLT,-4.163336342344337e-16,0.9999999999999994,-1.0408340855860843e-16,-1.6761765586625899e-16,1.6306400674181987e-16
2022-05,IEF,0.016977163569266415,0.2467093904233253,0.7674438148403641,-0.18988508675634921,-0.40043796066643095
2022-05,TIP,-1.942890293094024e-16,-5.204170427930421e-18,2.0000000000000004,2.3418766925686896e-17,-1.0000000000000004
2022-05,LQD,0.0599306295409765,0.4552178019453516,0.8810578252014747,0.4957728637566408,-0.4492176018521533
2022-05,HYG,0.016977163569265846,0.2467093904233257,0.767443814840364,0.8101149132436513,-0.40043796066643067
2022-05,DBC,2.220446049250313e-16,-1.214306433183765e-16,-1.0269562977782698e-15,9.367506770274758e-17,1.0
2022-05,GLD,-0.11050794432978933,-0.12899457776592885,4.793738780786143,-0.017928636834902357,-2.3451960788043116
2022-05,SHY,0.0030872303017213934,0.013871550433666483,0.19249252517630352,-0.040865486125422776,-0.12388495766253384
2022-06,SPY,1.0000000000000004,0.0,7.216449660063518e-16,3.7470027081099033e-16,-1.1102230246251565e-16
2022-06,QQQ,1.3004344027096555,-0.025173589581253666,0.5402457893304609,-0.5166256960661648,-0.35591557457797807
2022-06,IWM,0.8065083013561297,-0.10873542385359382,1.000815085945017,0.590758152072037,-0.4360933590870596
2022-06,EFA,0.7444164837169804,0.007988725570641106,-0.0514340765293545,-0.03576393045295208,0.25779818485707734
2022-06,EEM,0.24973868732106136,0.17340520614004248,0.38234753447190295,0.8950371509440774,-0.07515768428502645
2022-06,TLT,2.498001805406602e-16,1.0000000000000002,-1.734723475976807e-18,1.3227266504323154e-16,-2.740863092043355e-16
2022-06,IEF,0.015900358923450937,0.2660580100585733,0.6101360439604059,-0.173604419493847,-0.31852528397732943
2022-06,TIP,8.326672684688674e-17,2.8579569266717897e-16,1.999999999999999,2.0469737016526324e-16,-0.9999999999999996
2022-06,LQD,0.07412108053426779,0.48591900280671846,0.5200425262081018,0.5226199860079068,-0.26512762891619834
2022-06,HYG,0.015900358923450944,0.26605801005857305,0.6101360439604054,0.8263955805061531,-0.3185252839773292
2022-06,DBC,5.551115123125783e-16,-1.6306400674181987e-16,1.3877787807814457e-15,-1.0408340855860843e-16,0.9999999999999996
2022-06,GLD,-0.14625588142773924,-0.14412008523573971,5.173105885978772,-0.03298931899801635,-2.533771348470809
2022-06,SHY,0.004420620903982526,0.022235706115815435,0.11188519743378378,-0.03371284299202177,-0.08235229270805593
2022-07,SPY,0.9999999999999997,-5.689893001203927e-16,2.220446049250313e-16,-3.2959746043559335e-16,4.440892098500626e-16
2022-07,QQQ,1.2934011340946623,-0.025928382554111867,0.6935873398495782,-0.49998894897623847,-0.42581027002573035
2022-07,IWM,0.8419514389247529,-0.09396135896031203,0.4412755229742389,0.5406832026975027,-0.17701068136264453
2022-07,EFA,0.7337318473391501,-0.00047159042987368616,0.039379079489896496,-0.03299934067351828,0.21371213454765325
2022-07,EEM,0.2640817465000912,0.16848180653868317,-0.05596227179657229,0.8412194643684896,0.12224938001323774
2022-07,TLT,2.7755575615628914e-16,0.9999999999999997,-1.2177758801357186e-15,6.819631664933823e-16,-4.163336342344337e-16
2022-07,IEF,-0.000262536734411423,0.253544746637102,0.7530471140904933,-0.16854567476706048,-0.3876337318639978
2022-07,TIP,-7.355227538141662e-16,9.445569326693715e-16,1.9999999999999991,1.0460382560140147e-15,-0.999999999999999
2022-07,LQD,0.07644456368386406,0.4810308187231498,0.36954035425281573,0.5013121729482989,-0.19841848612652913
2022-07,HYG,-0.0002625367344109425,0.253544746637102,0.7530471140904932,0.8314543252329392,-0.3876337318639975
2022-07,DBC,2.220446049250313e-16,-4.787836793695988e-16,6.106226635438361e-16,2.1684043449710089e-16,1.0
2022-07,GLD,-0.1743926066328241,-0.18991966712262073,4.955148072201058,-0.09809752565835568,-2.450172931569952
2022-07,SHY,-0.007724803028564325,0.014469863012947714,0.25109025714836686,-0.024872993853695465,-0.1481825067361565
2022-08,SPY,1.0000000000000007,-2.5673907444456745e-16,0.0,-5.342948306008566e-16,1.1102230246251565e-16
2022-08,QQQ,1.2910833890431386,-0.03901903081163273,0.8049627236259451,-0.4974090494269341,-0.48761954112588524
2022-08,IWM,0.8407608251908913,-0.10346640533664542,0.5194285597498196,0.5442186763988441,-0.22203750919497334
2022-08,EFA,0.7379391306223702,0.005449904804621417,-0.028428848948748753,-0.023500367532540097,0.2407250567762454
2022-08,EEM,0.2859657888659924,0.27119891376150396,-0.9502807472461462,0.8334611269371519,0.6061345296583636
2022-08,TLT,1.5959455978986625e-16,1.0000000000000004,4.85722573273506e-17,7.680488189887313e-16,-9.71445146547012e-17
2022-08,IEF,-0.004368783527640464,0.2286902268600182,0.9628857841972672,-0.16265353377972183,-0.5050758836287405
2022-08,TIP,2.498001805406602e-16,4.0766001685454967e-17,1.999999999999998,-7.86697096355482e-16,-0.999999999999999
2022-08,LQD,0.07647064720378734,0.48117956715626364,0.3682761962310249,0.5012820037102831,-0.19771607446836403
2022-08,HYG,-0.004368783527640488,0.2286902268600181,0.9628857841972678,0.8373464662202783,-0.5050758836287408
2022-08,DBC,-3.3306690738754696e-16,-2.0816681711721685e-17,7.771561172376096e-16,3.0184188481996443e-16,0.9999999999999993
2022-08,GLD,-0.14132970033315237,0.0012096520144266546,3.333305598357862,-0.13838947596028184,-1.547497121715796
2022-08,SHY,-0.0072330407223071,0.015943446512417768,0.2372793170736715,-0.024383905020655683,-0.14129393506409918
2022-09,SPY,1.0000000000000004,8.326672684688674e-17,-3.3306690738754696e-16,-2.0816681711721685e-16,-4.440892098500626e-16
2022-09,QQQ,1.2558138649858146,0.06328575752664217,0.6646004256756899,-0.4230119284363766,-0.41144656597325324
2022-09,IWM,0.8333270296151002,-0.06824569014934367,0.27571107411720336,0.5963718989907894,-0.11374765578541401
2022-09,EFA,0.7521221214291509,-0.04638392272860997,0.19567779007756356,-0.08197510009499044,0.1378752684902952
2022-09,EEM,0.26353273704066144,0.33830221419467454,-1.0714274241662682,0.8862093930095415,0.6683115099919119
2022-09,TLT,3.885780586188048e-16,1.0000000000000002,1.3877787807814457e-16,-5.672545766444159e-16,5.551115123125783e-17
2022-09,IEF,-0.009471869636455202,0.233603015666834,1.0976289913556807,-0.17829853839833223,-0.5608409668367718
2022-09,TIP,-5.551115123125783e-17,7.806255641895632e-17,1.9999999999999991,6.010816844259637e-16,-0.9999999999999998
2022-09,LQD,0.07496468850921528,0.4787236030784411,0.46927615496616093,0.4862349192373688,-0.2405493958077864
2022-09,HYG,-0.00947186963645523,0.2336030156668341,1.0976289913556805,0.8217014616016677,-0.5608409668367716
2022-09,DBC,1.1102230246251565e-16,6.938893903907228e-17,4.996003610813204e-16,-3.122502256758253e-16,1.0000000000000002
2022-09,GLD,-0.08475777061331154,-0.15156815667766163,3.3809975669560455,-0.2274976870629916,-1.5932447217455625
2022-09,SHY,-0.006167210172807847,0.00978048840497946,0.2896749270429888,-0.03483402314121828,-0.16433746112842373
2022-10,SPY,1.0000000000000007,1.1102230246251565e-15,-3.3306690738754696e-16,6.245004513516506e-16,-5.551115123125783e-16
2022-10,QQQ,1.2590894406503854,0.12121525655955279,0.11132507499192573,-0.30695996971664974,-0.16953218243961743
2022-10,IWM,0.835331280908808,-0.09687439412732585,0.5360584224594315,0.5381258730132262,-0.22713874761407893
2022-10,EFA,0.7381054207563074,-0.041445444425387834,0.200126016227359,-0.06855704036184301,0.1341810938992134
2022-10,EEM,0.26266793033278363,0.1750685440949595,0.4573893394812898,0.5571359182528459,0.000874466199745072
2022-10,TLT,-1.1657341758564144e-15,0.9999999999999992,2.3592239273284576e-16,6.245004513516506e-17,8.604228440844963e-16
2022-10,IEF,-0.012335010250412254,0.2494020898208099,0.9602971886317201,-0.14572160538928455,-0.5012535805859577
2022-10,TIP,-5.898059818321144e-17,-4.154662724964453e-16,2.000000000000001,6.158268339717665e-17,-1.0000000000000004
2022-10,LQD,0.07480310799136156,0.47659052962738435,0.4897967090280274,0.4819717676992182,-0.24952682558915845
2022-10,HYG,-0.012335010250411008,0.2494020898208106,0.9602971886317192,0.8542783946107153,-0.5012535805859581
2022-10,DBC,-8.881784197001252e-16,-6.106226635438361e-16,-8.049116928532385e-16,-5.204170427930421e-16,1.0000000000000009
2022-10,GLD,-0.07610985183744014,-0.02157191972175366,2.1347402024440876,0.032607928479297936,-1.0481717987522696
2022-10,SHY,-0.007035054384335,0.004358257406365624,0.3434881475717431,-0.04555817095232957,-0.1879354533934605
2022-11,SPY,1.0,-3.3306690738754696e-16,-7.771561172376096e-16,-6.661338147750939e-16,0.0
2022-11,QQQ,1.2258235974611784,0.230901299426648,-0.15747226356611593,-0.2570415574113158,-0.012449373748319004
2022-11,IWM,0.8325415885519406,-0.11667711047214313,0.6158106049929202,0.5435478346516058,-0.2727664909968619
2022-11,EFA,0.7196716750345764,-0.023968706296235598,0.20392003314630375,-0.03905028745118827,0.13342533764486686
2022-11,EEM,0.19468186310815594,0.35932786285442436,0.048808801780224634,0.6608557190433143,0.240992182176886
2022-11,TLT,0.0,1.0000000000000002,1.3877787807814457e-16,9.71445146547012e-17,0.0
2022-11,IEF,-0.014772155664953629,0.24251599672557692,0.9932378135338574,-0.1414286009539724,-0.5200002028848952
2022-11,TIP,-2.498001805406602e-16,1.5612511283791264e-17,1.9999999999999993,3.963843142607004e-16,-0.9999999999999998
2022-11,LQD,0.06115316542759687,0.5060690100197196,0.4342754835025108,0.5031164513783555,-0.21655663596066096
2022-11,HYG,-0.014772155664953816,0.2425159967255769,0.9932378135338575,0.8585713990460271,-0.5200002028848952
2022-11,DBC,1.1102230246251565e-16,2.220446049250313e-16,-1.27675647831893e-15,1.942890293094024e-16,0.9999999999999998
2022-11,GLD,-0.11295499171426812,0.07475599980277978,1.9257664639550915,0.08896950212913488,-0.9252002735115391
2022-11,SHY,-0.009607754543230054,0.0049402716514280924,0.3505681724586171,-0.041360935334420985,-0.19180631879377735
2022-12,SPY,1.0000000000000009,-5.551115123125783e-17,-5.551115123125783e-17,-5.551115123125783e-17,0.0
2022-12,QQQ,1.2156910715332916,0.15341564767314403,0.04206770334332238,-0.2837902111399247,-0.12322055921526376
2022-12,IWM,0.8224284003260568,-0.16061553563468817,0.7440373439640491,0.5266122191396984,-0.339803670327364
2022-12,EFA,0.760405232708615,0.21924134633769307,-0.45321782314432724,0.04852202760999601,0.48974783592467924
2022-12,EEM,0.2469420272267448,0.666641541901855,-0.7842612382852872,0.7718296245273949,0.6919960909849932
2022-12,TLT,5.551115123125783e-17,0.9999999999999998,-1.0408340855860843e-15,3.157196726277789e-16,8.326672684688674e-17
2022-12,IEF,-0.008012381167906493,0.2716855146557868,0.9079531199049351,-0.13016692928029466,-0.47545165588914484
2022-12,TIP,-2.220446049250313e-16,1.5265566588595902e-16,1.9999999999999993,6.158268339717665e-16,-0.9999999999999998
2022-12,LQD,0.07145800582500757,0.5698428482080338,0.2632613576684477,0.5259271481027386,-0.12348662224076336
2022-12,HYG,-0.008012381167906292,0.27168551465578694,0.9079531199049349,0.869833070719705,-0.47545165588914456
2022-12,DBC,-1.1102230246251565e-16,-1.6653345369377348e-16,2.498001805406602e-16,4.440892098500626e-16,1.0000000000000002
2022-12,GLD,-0.06859144807834062,0.2385974953519197,1.424657788235536,0.1548131254311102,-0.6687919355521362
2022-12,SHY,-0.007988209573781544,0.015649740999040998,0.3222329220147564,-0.03757526099661576,-0.1762844683532492
2023-01,SPY,0.9999999999999999,-1.1102230246251565e-16,-8.881784197001252e-16,2.0816681711721685e-16,-1.1102230246251565e-16
2023-01,QQQ,1.2476520777043212,0.15998557355578352,-0.03749919081001157,-0.3293171156359075,-0.07804231864185518
2023-01,IWM,0.830675207893936,-0.16653110840916324,0.7526136618462903,0.5167570771565766,-0.33852801366338603
2023-01,EFA,0.7120428900232435,0.22239035626229886,-0.3828828060941588,0.114157578646683,0.43924167209914744
2023-01,EEM,0.2458819167805387,0.6885020784792346,-0.8660590024439572,0.7678510176455526,0.7206138551380181
2023-01,TLT,0.0,1.0000000000000007,4.163336342344337e-17,-3.469446951953614e-17,3.0531133177191805e-16
2023-01,IEF,-0.004001820896007174,0.27298679754003924,0.8961450930258739,-0.1359983273312335,-0.469132081288107
2023-01,TIP,-4.787836793695988e-16,4.85722573273506e-17,2.000000000000001,2.5500435096859064e-16,-1.0000000000000002
2023-01,LQD,0.06385402474775281,0.5725457323569092,0.2658766964897919,0.5356981361190055,-0.12841615396096465
2023-01,HYG,-0.004001820896006852,0.2729867975400393,0.8961450930258738,0.8640016726687659,-0.46913208128810685
2023-01,DBC,-3.3306690738754696e-16,2.7755575615628914e-17,-1.6653345369377348e-16,-2.983724378680108e-16,1.0000000000000002
2023-01,GLD,-0.10322838131115969,0.2510838185455669,1.4359039489765546,0.19927764698661027,-0.6910085768366585
2023-01,SHY,-0.010313997738007525,0.017150986676061956,0.3204531895564735,-0.034754349596572184,-0.1768721407468115
2023-02,SPY,0.9999999999999999,-4.440892098500626e-16,-4.440892098500626e-16,-1.942890293094024e-16,-1.1102230246251565e-16
2023-02,QQQ,1.2521061962399858,0.19545364914058605,-0.1046538043878611,-0.31626086946273024,-0.04603582987909782
2023-02,IWM,0.8486558516765792,-0.04775746057616914,0.4551528646571422,0.5678322267557414,-0.1831026990164083
2023-02,EFA,0.7227601033702681,0.3059401149724401,-0.5464010988421901,0.14545296822621073,0.5181779838409633
2023-02,EEM,0.2526864534274712,0.78811076925487,-0.9195762955585579,0.7908327136308484,0.7207100364727573
2023-02,TLT,-3.3306690738754696e-16,0.9999999999999991,5.273559366969494e-16,-9.020562075079397e-17,8.326672684688674e-17
2023-02,IEF,-0.0019331737418168404,0.28962864493078333,0.86513900386802,-0.12992324312565318,-0.45444897771831066
2023-02,TIP,2.0122792321330962e-16,-7.303185833862358e-16,1.9999999999999973,1.3270634591222574e-16,-0.9999999999999993
2023-02,LQD,0.06436462496385761,0.5759234975158973,0.25743495812898365,0.5371488572409474,-0.12400779804519393
2023-02,HYG,-0.0019331737418168474,0.28962864493078394,0.86513900386802,0.8700767568743468,-0.4544489777183105
2023-02,DBC,-1.1102230246251565e-16,1.6653345369377348e-16,6.106226635438361e-16,-1.5265566588595902e-16,0.9999999999999998
2023-02,GLD,-0.09441722460542881,0.2940149959199708,1.2736381553065186,0.2232856462655454,-0.5984375313604374
2023-02,SHY,-0.00913372189941563,0.027029610717873565,0.3031768924481981,-0.031262550826399796,-0.16890667777326449
2023-03,SPY,1.0,5.551115123125783e-16,1.0547118733938987e-15,3.885780586188048e-16,0.0
2023-03,QQQ,1.2482327571947143,0.16824884996530848,-0.07476845711981817,-0.28230282765390097,-0.08950946621680222
2023-03,IWM,0.8756900535455537,-0.06896523479558775,0.39761221695619453,0.544351222525858,-0.15484419771383795
2023-03,EFA,0.6832781349486261,0.32494622146738356,-0.4538032683227086,0.1918509648499871,0.4613084446108847
2023-03,EEM,0.22632953083940546,0.8391938032437398,-0.8852348999748747,0.7829667250498145,0.73279693223473
2023-03,TLT,3.3306690738754696e-16,1.0000000000000004,1.6653345369377348e-16,-1.3877787807814457e-16,-8.326672684688674e-17
2023-03,IEF,0.0016173185531124512,0.29742631453845086,0.8500092642320416,-0.14371260816786374,-0.43694194564309025
2023-03,TIP,-1.0061396160665481e-16,-1.8127860323957634e-16,2.000000000000001,-2.1467203015212988e-17,-1.0000000000000002
2023-03,LQD,0.07287097405633215,0.5846137002229872,0.2283363914528235,0.5142193360686592,-0.0950889612609399
2023-03,HYG,0.0016173185531125275,0.29742631453845086,0.8500092642320408,0.8562873918321358,-0.43694194564308964
2023-03,DBC,-2.220446049250313e-16,-1.3877787807814457e-16,-6.106226635438361e-16,2.636779683484747e-16,1.0000000000000007
2023-03,GLD,-0.17912078937115655,0.39354717811993534,1.4302509700323545,0.2633891822719082,-0.6438494033130245
2023-03,SHY,-0.00039647665858594944,0.025399837659047214,0.28084182031953947,-0.04413635332567255,-0.1529632963543091
2023-04,SPY,0.9999999999999997,-2.220446049250313e-16,4.996003610813204e-16,1.6653345369377348e-16,3.3306690738754696e-16
2023-04,QQQ,1.2354939770162265,0.16772819743373962,0.1062544723811843,-0.27858002129035747,-0.17671125516469322
2023-04,IWM,0.8968715694043106,-0.0640055717585197,0.007143303650466504,0.5661568778168917,0.036709222503253924
2023-04,EFA,0.711122446415774,0.30807808893042743,-0.45596397332201766,0.060581350976601944,0.4471402502818
2023-04,EEM,0.30668109029117485,0.7897590612701769,-0.87491251207471,0.3989752911832189,0.6832951243784657
2023-04,TLT,-5.551115123125783e-17,1.0000000000000002,-5.551115123125783e-17,9.71445146547012e-17,2.7755575615628914e-16
2023-04,IEF,-0.009638804101751608,0.30179950656320276,0.9043344173135381,-0.10737170961667046,-0.45902884888366463
2023-04,TIP,-1.0894063429134349e-15,1.6653345369377348e-16,2.000000000000002,3.608224830031759e-16,-1.0000000000000007
2023-04,LQD,0.10957294956989794,0.5597040448202041,0.2839610642547489,0.32289480801105863,-0.14419146192691218
2023-04,HYG,-0.009638804101751636,0.3017995065632029,0.9043344173135381,0.8926282903833298,-0.45902884888366463
2023-04,DBC,-1.1102230246251565e-16,0.0,-6.106226635438361e-16,-5.551115123125783e-17,1.0000000000000002
2023-04,GLD,-0.18310986995823506,0.3853125138850056,1.6633394320103756,0.20935843461349676,-0.7629497910602833
2023-04,SHY,-0.01225346492923771,0.029676676320572918,0.3452745563516926,-0.00811081607413052,-0.17997983451553598
2023-05,SPY,1.0000000000000004,-3.885780586188048e-16,2.7755575615628914e-16,-6.38378239159465e-16,-6.661338147750939e-16
2023-05,QQQ,1.2285641715442241,0.16620575526797338,0.15283437680029222,-0.2361004785078379,-0.20321461765902415
2023-05,IWM,0.868619476082819,-0.05518729590903282,0.03928665982083873,0.5917650091086001,0.03869531260544479
2023-05,EFA,0.7692818606278062,0.2838069166215462,-0.4578974288612455,0.06795548270278454,0.39824624938323044
2023-05,EEM,0.25082740625706784,0.814466599128745,-0.8877404439111178,0.3781565071878757,0.7404934456810344
2023-05,TLT,-1.1102230246251565e-16,0.9999999999999999,1.249000902703301e-16,3.0531133177191805e-16,1.942890293094024e-16
2023-05,IEF,0.009897371605680563,0.2937273935501398,0.9028370836225388,-0.10568783551722771,-0.47486130652543457
2023-05,TIP,-3.9898639947466563e-16,8.847089727481716e-17,2.0000000000000004,9.974659986866641e-17,-1.0000000000000002
2023-05,LQD,0.09853712397155405,0.5660094895265847,0.2664790221965014,0.30479858741265,-0.12246399445446425
2023-05,HYG,0.009897371605680438,0.29372739355013994,0.9028370836225388,0.8943121644827727,-0.4748613065254347
2023-05,DBC,-1.1102230246251565e-16,0.0,8.326672684688674e-17,-2.914335439641036e-16,0.9999999999999996
2023-05,GLD,-0.26798185141313813,0.4278402781820264,1.591520518200344,0.12877417195912277,-0.6395365263792301
2023-05,SHY,-0.008600871619349831,0.028452032858280973,0.3420067892258767,-0.01059097644373196,-0.18085593290813604
2023-06,SPY,1.0000000000000007,-2.7755575615628914e-16,-9.992007221626409e-16,-1.6653345369377348e-16,-2.220446049250313e-16
2023-06,QQQ,1.3115818611940706,0.10625088388371545,0.024756699301697715,-0.3137804787058897,-0.23047858372066699
2023-06,IWM,0.8612983516538907,-0.05067331282759374,0.05406159192930576,0.5900696537043013,0.03296454505502244
2023-06,EFA,0.734883641832089,0.3073726530261916,-0.39908421073508454,0.08603576079981623,0.3961145963111752
2023-06,EEM,0.26527312995400615,0.804277801301643,-0.9111242169380359,0.36733404235071865,0.7383142849447621
2023-06,TLT,0.0,1.0000000000000002,2.636779683484747e-16,4.85722573273506e-17,1.3877787807814457e-16
2023-06,IEF,0.008045906261559849,0.2943047853815413,0.9091125184907075,-0.11235128285822885,-0.48224568493443315
2023-06,TIP,-8.673617379884035e-17,-4.106957829375091e-16,1.9999999999999996,-3.664603343001005e-17,-0.9999999999999998
2023-06,LQD,0.09768470768157841,0.5651939313384484,0.27423488491613984,0.28978007979557785,-0.13724014984309071
2023-06,HYG,0.008045906261559543,0.2943047853815414,0.9091125184907075,0.8876487171417717,-0.4822456849344333
2023-06,DBC,5.551115123125783e-16,2.7755575615628914e-16,-1.3877787807814457e-16,6.938893903907228e-17,1.0000000000000009
2023-06,GLD,-0.2537114700882771,0.41657642657594823,1.5738152775455638,0.1048357208586008,-0.6543000055694704
2023-06,SHY,-0.010160115631398701,0.029527632107226746,0.3446395192641886,-0.009689819863366388,-0.18087488792725095
2023-07,SPY,1.0,-3.3306690738754696e-16,0.0,2.220446049250313e-16,0.0
2023-07,QQQ,1.2968593934219164,0.11005677924182494,0.018082387187219995,-0.25881672290884744,-0.24315015737220746
2023-07,IWM,0.8692313877208531,-0.025463570271621883,-0.10035330029438866,0.6554019669770914,0.09768454002502414
2023-07,EFA,0.7229678026616857,0.30057384681380966,-0.34722314071544536,0.09611213250789982,0.36487869190625577
2023-07,EEM,0.2632795433698984,0.830979806202944,-1.0638147884752265,0.4659853785325267,0.7922099535725813
2023-07,TLT,-5.551115123125783e-17,0.9999999999999999,1.3877787807814457e-16,1.942890293094024e-16,2.7755575615628914e-17
2023-07,IEF,0.0017926645092845583,0.28375057045577134,0.9768234348167639,-0.1313968288596312,-0.5134743386738975
2023-07,TIP,7.667477763817487e-16,-2.8210940528072825e-16,1.9999999999999996,-7.494005416219807e-16,-1.0
2023-07,LQD,0.08897557551653862,0.5639382479387228,0.29061488494658455,0.3100788830178893,-0.15218390508939486
2023-07,HYG,0.001792664509284586,0.2837505704557713,0.9768234348167639,0.8686031711403691,-0.5134743386738976
2023-07,DBC,0.0,4.440892098500626e-16,-6.661338147750939e-16,-6.938893903907228e-17,0.9999999999999998
2023-07,GLD,-0.27176995856918457,0.39807745098397046,1.6999140334803367,0.09156186240576888,-0.7190422816815478
2023-07,SHY,-0.01277222614192219,0.025611089746930493,0.37007097635524544,-0.015931288752275945,-0.19287454027181358
2023-08,SPY,0.9999999999999994,-4.440892098500626e-16,-2.220446049250313e-16,8.326672684688674e-17,-1.1102230246251565e-16
2023-08,QQQ,1.3269231312317387,0.06869383424609748,0.0006644065116349074,-0.34456301279609525,-0.22403400804706708
2023-08,IWM,0.7514431325001687,0.13658198387152115,-0.09203112210690806,1.0031197447776483,0.12333361772922202
2023-08,EFA,0.5986308917027814,0.4716323762593253,-0.3203634666526398,0.45961215223613866,0.36162472514146826
2023-08,EEM,0.2947057752827486,0.7877394510520737,-1.0956696927460277,0.37903333539235806,0.835092657968647
2023-08,TLT,3.3306690738754696e-16,0.9999999999999998,9.71445146547012e-17,0.0,-1.3877787807814457e-16
2023-08,IEF,-0.019958496617236365,0.3136742486193992,0.9774968499089268,-0.06701657351649865,-0.5072891590526255
2023-08,TIP,7.563394355258879e-16,-2.445960101127298e-16,2.0,-9.402201239794294e-16,-1.0000000000000007
2023-08,LQD,0.0488052455383477,0.6192020389742164,0.29354062461534663,0.428646837172694,-0.1435834995697074
2023-08,HYG,-0.01995849661723681,0.3136742486193991,0.9774968499089269,0.9329834264835019,-0.5072891590526255
2023-08,DBC,-5.551115123125783e-16,-1.6653345369377348e-16,5.551115123125783e-17,-6.938893903907228e-17,0.9999999999999993
2023-08,GLD,-0.07934715922015578,0.1333470619473112,1.6506881158590578,-0.4694838330157602,-0.7011563744237572
2023-08,SHY,-0.01889971180621405,0.034040372352997346,0.3679968667791671,0.002649770781458903,-0.18733349899655977
2023-09,SPY,0.9999999999999997,5.551115123125783e-17,2.7755575615628914e-16,5.551115123125783e-17,2.220446049250313e-16
2023-09,QQQ,1.1928487344331085,0.24545343294397165,-0.15205294520076618,-0.06720718788256588,-0.13595652264256242
2023-09,IWM,0.7725687840699518,0.14126683229573905,-0.14741052490552964,0.9637528730918525,0.16048377789312296
2023-09,EFA,0.537801752202292,0.5713675767343174,-0.4373607315873047,0.5880511437959934,0.43223062702870685
2023-09,EEM,0.16070550867791158,1.0067945091583332,-1.3518124531436861,0.6618843048905595,0.9896087844863315
2023-09,TLT,3.3306690738754696e-16,1.0000000000000002,2.498001805406602e-16,-6.938893903907228e-17,-5.551115123125783e-17
2023-09,IEF,-0.045470642454418064,0.3425512737502737,0.9600532461019695,-0.014874216057503761,-0.49799074895805073
2023-09,TIP,1.3183898417423734e-16,-3.191891195797325e-16,1.9999999999999991,1.3877787807814457e-17,-0.9999999999999994
2023-09,LQD,0.02696523627157213,0.6447215512966167,0.2766570222743328,0.47339044378156675,-0.13437043418299957
2023-09,HYG,-0.04547064245441773,0.34255127375027333,0.9600532461019696,0.9851257839424958,-0.4979907489580507
2023-09,DBC,2.220446049250313e-16,-1.3877787807814457e-16,8.326672684688674e-17,8.326672684688674e-17,1.0000000000000002
2023-09,GLD,-0.06124197401225989,0.11086766190983777,1.6679170892586601,-0.5067523113369033,-0.710870325446346
2023-09,SHY,-0.028872301420096246,0.04218791285579974,0.3688459490781541,0.022613572804689813,-0.18862398165272332
2023-10,SPY,1.0000000000000004,1.1102230246251565e-16,3.3306690738754696e-16,-2.220446049250313e-16,0.0
2023-10,QQQ,1.1316526129267674,0.26278670114165587,-0.04143750339549307,-0.003385790444644793,-0.20025418491949054
2023-10,IWM,0.812969023904655,0.14416802801260642,-0.24603516955539884,0.9233166292770469,0.21524159055090952
2023-10,EFA,0.5391262895802866,0.5365960497765436,-0.37837055336742875,0.5826001643899261,0.4041038004641559
2023-10,EEM,0.14841158182625874,0.9634571966368962,-1.2460356555992762,0.6691661695095358,0.9365119490602635
2023-10,TLT,4.440892098500626e-16,0.9999999999999987,-5.551115123125783e-17,2.914335439641036e-16,5.551115123125783e-17
2023-10,IEF,-0.04814685172181393,0.33905486308711674,0.9724831644623999,-0.012586562980449162,-0.5044536826711385
2023-10,TIP,2.3592239273284576e-16,-4.440892098500626e-16,2.0000000000000013,6.071532165918825e-17,-1.0000000000000004
2023-10,LQD,0.014900061527447883,0.6344777058732611,0.3228455256439248,0.484356876345638,-0.15877095401492725
2023-10,HYG,-0.048146851721814016,0.3390548630871168,0.9724831644623996,0.987413437019551,-0.5044536826711384
2023-10,DBC,3.3306690738754696e-16,-2.7755575615628914e-16,-1.3877787807814457e-15,1.1102230246251565e-16,1.0000000000000009
2023-10,GLD,-0.11779583210213629,0.21080969404523892,1.6203697674036315,-0.4378428662464209,-0.6982683075817676
2023-10,SHY,-0.03310816544140921,0.03828537302678828,0.38560818682766973,0.026427470664313207,-0.19745326235343708
2023-11,SPY,1.0000000000000002,6.661338147750939e-16,-9.992007221626409e-16,1.6653345369377348e-16,-2.220446049250313e-16
2023-11,QQQ,1.1170418388736825,0.26030200039183465,0.01400662944794484,0.026777387973047295,-0.23692382119470012
2023-11,IWM,0.8889265948149316,0.170091231401724,-0.5742400473579155,0.7706647423213786,0.43070657720766303
2023-11,EFA,0.5222216937711379,0.5315573196322211,-0.3075724430410679,0.6168069123480286,0.3575460832207658
2023-11,EEM,0.23884429471596136,0.8786375918544647,-1.2813075902051778,0.45043479522742275,0.9721907481986074
2023-11,TLT,3.3306690738754696e-16,1.0000000000000002,-4.440892098500626e-16,-3.3306690738754696e-16,0.0
2023-11,IEF,-0.04959286704330923,0.33778685348914744,0.981111203065298,-0.009928149526487039,-0.510034108200563
2023-11,TIP,1.6653345369377348e-16,3.7470027081099033e-16,1.9999999999999987,-1.3357370765021415e-16,-0.9999999999999994
2023-11,LQD,0.03212938726239489,0.612901820141879,0.3327680621975658,0.44095224935486993,-0.1623128804263389
2023-11,HYG,-0.049592867043309716,0.3377868534891475,0.9811112030652989,0.9900718504735133,-0.5100341082005634
2023-11,DBC,-4.440892098500626e-16,-1.6653345369377348e-16,-2.498001805406602e-16,-1.3877787807814457e-16,0.9999999999999999
2023-11,GLD,-0.09417440779902828,0.054849443113443336,2.0223217597588397,-0.5377596618778394,-0.9443922006391561
2023-11,SHY,-0.03190567712611776,0.0286474526445021,0.41128950113817,0.02079795441723834,-0.21322517456391218
2023-12,SPY,1.0000000000000004,5.551115123125783e-16,-5.551115123125783e-16,2.220446049250313e-16,-1.1102230246251565e-16
2023-12,QQQ,1.120088301582295,0.1725576393622973,0.16667469615417693,-0.054444268291381825,-0.3019526314191392
2023-12,IWM,0.7653897796626463,0.19052863695672018,-0.20393096689622325,0.8566748095527196,0.1927497670351564
2023-12,EFA,0.4425031240983647,0.4930717493995348,0.0272255484464356,0.6254568251965169,0.16199866721342798
2023-12,EEM,0.2140689002092009,0.8651638095062305,-1.1744510398358496,0.45175121705416976,0.910187829936187
2023-12,TLT,-4.440892098500626e-16,1.0000000000000007,-4.996003610813204e-16,7.494005416219807e-16,-1.6653345369377348e-16
2023-12,IEF,-0.04847507887504565,0.34384409548052464,0.9661835588811344,-0.005046633293729064,-0.502808254688397
2023-12,TIP,8.028300246820663e-15,-8.420347752391422e-15,2.0,-1.9534721062974825e-14,-1.0000000000000002
2023-12,LQD,0.01498783242315907,0.6255596100497645,0.3659346413631246,0.46179226777221594,-0.1873490360288586
2023-12,HYG,-0.04847507887504535,0.34384409548052414,0.9661835588811338,0.9949533667062708,-0.5028082546883967
2023-12,DBC,-1.7763568394002505e-15,1.4432899320127035e-15,1.942890293094024e-16,4.260480856999038e-15,1.0000000000000009
2023-12,GLD,0.022729004826811908,0.05552240438137718,1.6347797338041847,-0.6010056497733292,-0.7029488894214133
2023-12,SHY,-0.03376241209543647,0.03979408748953948,0.3967518039936148,0.03191878407837663,-0.20799280196871398
2024-01,SPY,0.9999999999999997,-1.6653345369377348e-16,2.220446049250313e-16,2.7755575615628914e-16,-3.3306690738754696e-16
2024-01,QQQ,1.1614140780052478,0.11133820210299439,0.128092548698865,-0.14874047546009578,-0.280664307631563
2024-01,IWM,0.6663727954772876,0.4008935986603837,-0.3571672200040277,1.0476110987255483,0.23223062142430378
2024-01,EFA,0.4501076543133301,0.4919463405643548,-0.018992358970327916,0.6025323741790586,0.18032393077316916
2024-01,EEM,0.263392313195535,0.8197503096116261,-1.327183754021441,0.32400847971356267,0.9748894895176501
2024-01,TLT,-5.551115123125783e-16,1.0,3.0531133177191805e-16,-1.3877787807814457e-17,-5.551115123125783e-17
2024-01,IEF,-0.04518588664038117,0.33739139337348867,0.9692087143241828,-0.011683431110312323,-0.5033591303772784
2024-01,TIP,5.898059818321144e-16,-3.694961003830599e-16,1.9999999999999982,2.8189256484623115e-16,-0.9999999999999999
2024-01,LQD,0.02531405358597455,0.604160699756999,0.37983392726697396,0.4415835282454106,-0.19069980519517157
2024-01,HYG,-0.04518588664038089,0.33739139337348856,0.9692087143241824,0.9883165688896877,-0.5033591303772785
2024-01,DBC,-5.551115123125783e-16,-2.7755575615628914e-16,-5.551115123125783e-17,-4.163336342344337e-17,1.0
2024-01,GLD,0.07581700251567708,0.007004360120191122,1.4689946936053786,-0.7386970239052407,-0.6327950772856755
2024-01,SHY,-0.0389020928895005,0.04831183276729513,0.39806315312209783,0.0431496320945596,-0.20935606736457346
2024-02,SPY,1.0000000000000004,-2.220446049250313e-16,-8.881784197001252e-16,-1.3877787807814457e-16,-2.220446049250313e-16
2024-02,QQQ,1.1787647030870054,0.1298137415596225,-0.010737677615323682,-0.14906786961053664,-0.21435180219904593
2024-02,IWM,0.6745438998809556,0.5224538617837522,-0.8785130848040169,1.158158915214085,0.4903247889976032
2024-02,EFA,0.45077473296427883,0.5011894189034638,-0.058803267280389565,0.6108894271078942,0.20002560110685713
2024-02,EEM,0.2745311850977729,0.9204596503276559,-1.7752684081047647,0.4109481839380267,1.1960601377066769
2024-02,TLT,-3.885780586188048e-16,1.0000000000000004,-1.5265566588595902e-16,0.0,-4.163336342344337e-16
2024-02,IEF,-0.03658383568372714,0.32431750594166275,0.990206331115036,-0.03365437868432957,-0.515175967062709
2024-02,TIP,1.1102230246251565e-16,-1.5612511283791264e-17,1.9999999999999998,-7.28583859910259e-17,-1.0000000000000002
2024-02,LQD,0.03371414541249783,0.5908125865831572,0.40268657554822,0.41955834988261,-0.20340745768045537
2024-02,HYG,-0.03658383568372732,0.3243175059416628,0.9902063311150365,0.9663456213156699,-0.5151759670627089
2024-02,DBC,1.1102230246251565e-16,1.6653345369377348e-16,-4.996003610813204e-16,1.1102230246251565e-16,1.0000000000000002
2024-02,GLD,0.020652387916194254,0.01758731024214185,1.630314255350447,-0.6696571689225297,-0.7042769225258426
2024-02,SHY,-0.034545144164174146,0.04230111672670077,0.4062290577207319,0.03262086084946543,-0.2141126553236689
2024-03,SPY,0.9999999999999994,-1.6653345369377348e-16,5.551115123125783e-16,1.6653345369377348e-16,4.440892098500626e-16
2024-03,QQQ,1.1709287165446671,0.12960065771962503,0.013771535240696298,-0.1567865418351036,-0.2159278647065077
2024-03,IWM,0.6005076291097096,0.5619458953591459,-0.6250272903078533,1.2711007459732713,0.307111542415845
2024-03,EFA,0.4447945429546155,0.5065972839177237,-0.03715707275151592,0.6299445976369193,0.17623203619314914
2024-03,EEM,0.3442912244642897,0.9042975734891607,-2.002998304023217,0.3987914628773432,1.2833284933093545
2024-03,TLT,-4.440892098500626e-16,0.9999999999999993,-1.249000902703301e-16,1.8041124150158794e-16,2.7755575615628914e-17
2024-03,IEF,-0.06311854860954919,0.3343911465558192,1.078901388963058,-0.011448606853006492,-0.564292203405931
2024-03,TIP,5.551115123125783e-17,1.1449174941446927e-16,1.9999999999999993,4.145989107584569e-16,-0.9999999999999998
2024-03,LQD,-0.007786929940639564,0.6037974368552141,0.5399452391919043,0.44188139313359504,-0.26899061584577255
2024-03,HYG,-0.0631185486095497,0.33439114655581986,1.0789013889630583,0.9885513931469947,-0.564292203405931
2024-03,DBC,0.0,-4.440892098500626e-16,7.632783294297951e-16,-1.942890293094024e-16,0.999999999999999
2024-03,GLD,0.1762131997838639,-0.046888892638742116,1.1074743937130698,-0.8241072152739689,-0.3943542654892145
2024-03,SHY,-0.048298737924776326,0.0485928269586183,0.4527670556414233,0.04892366882996316,-0.24391132312542912
2024-04,SPY,1.0,5.551115123125783e-17,7.771561172376096e-16,2.220446049250313e-16,1.1102230246251565e-16
2024-04,QQQ,1.1969329106237767,0.08022639973480461,0.08281654880231124,-0.11864588408875143,-0.28538337177389583
2024-04,IWM,0.6391408908008331,0.5202249288777127,-0.6079387425741628,1.2653041085980408,0.28588219004819354
2024-04,EFA,0.43491860015761546,0.5246013135035659,-0.0613591034700198,0.6169353603901444,0.20067340068575257
2024-04,EEM,0.3276409844959383,0.9325348091474007,-2.0380815344876293,0.3810378278974542,1.3190514773708872
2024-04,TLT,4.440892098500626e-16,0.9999999999999998,3.885780586188048e-16,-1.1796119636642288e-16,1.1102230246251565e-16
2024-04,IEF,-0.058088999616399184,0.33033366616451854,1.0774126173181913,-0.014916433420099427,-0.5634958894479025
2024-04,TIP,1.4224732503009818e-16,2.931682674400804e-16,1.9999999999999993,-3.126839065448195e-16,-0.9999999999999994
2024-04,LQD,-0.005907810854685655,0.6060663591697845,0.5291601068899259,0.4331122123232301,-0.25888668354014027
2024-04,HYG,-0.05808899961639898,0.33033366616451854,1.0774126173181915,0.9850835665798995,-0.5634958894479024
2024-04,DBC,5.551115123125783e-16,-1.6653345369377348e-16,4.718447854656915e-16,1.8041124150158794e-16,1.0000000000000004
2024-04,GLD,0.2076102509090984,-0.04354018475604446,1.0206770908013496,-0.902381670312915,-0.31508079274618966
2024-04,SHY,-0.04935264643120211,0.05204314240857448,0.44605203719167796,0.04451620452647781,-0.23734144183501316
2024-05,SPY,1.000000000000001,3.3306690738754696e-16,-4.996003610813204e-16,7.771561172376096e-16,3.3306690738754696e-16
2024-05,QQQ,1.1649595312261831,0.0873430186661055,0.13528683928321444,-0.050858124253301884,-0.32272103790006756
2024-05,IWM,0.700291053080027,0.5082291616753618,-0.7104844788952815,1.1393952914324659,0.3538570337258961
2024-05,EFA,0.4542432122902329,0.5159182189328466,-0.0871177532099009,0.5658239265076674,0.2325591890863734
2024-05,EEM,0.3043661802571047,0.9243937861823012,-1.9817842600933027,0.39955394560263835,1.3202031824510043
2024-05,TLT,-2.220446049250313e-16,1.0000000000000004,4.579669976578771e-16,-3.3306690738754696e-16,2.7755575615628914e-17
2024-05,IEF,-0.05152797780085,0.32898413095577517,1.0664949964762054,-0.028570208161653725,-0.5560697739394413
2024-05,TIP,-1.0130785099704553e-15,-3.469446951953614e-18,2.000000000000003,-2.3071822230491534e-16,-1.0000000000000009
2024-05,LQD,0.0027856098229340764,0.6021076083813309,0.5176436620087485,0.4099974715050622,-0.2444306966415722
2024-05,HYG,-0.05152797780084956,0.32898413095577483,1.0664949964762054,0.9714297918383459,-0.5560697739394412
2024-05,DBC,5.551115123125783e-16,-1.3877787807814457e-16,-1.1518563880486e-15,-2.220446049250313e-16,1.0000000000000004
2024-05,GLD,0.14802863019227333,-0.03888077122054452,1.1301433170316841,-0.7959686653748566,-0.3663639160171903
2024-05,SHY,-0.04689783067200537,0.05140082668599387,0.4421538788599567,0.03908967933111886,-0.23427076744870937
2024-06,SPY,0.9999999999999998,5.551115123125783e-16,5.273559366969494e-16,0.0,3.3306690738754696e-16
2024-06,QQQ,1.1560245530937994,0.0843801425569699,0.18404554050518884,-0.060397186807078396,-0.33888983500479486
2024-06,IWM,0.7191830285939657,0.5025419629070897,-0.7372585261393974,1.1268031827903253,0.35726531941265793
2024-06,EFA,0.4752253696916857,0.5180615920632132,-0.17087547929372301,0.5750278723615427,0.2581304690242494
2024-06,EEM,0.30998217155791685,0.9327369343922906,-2.053815679752008,0.4233143818146111,1.3470556185309077
2024-06,TLT,-7.771561172376096e-16,1.000000000000001,7.216449660063518e-16,-4.163336342344337e-16,3.0531133177191805e-16
2024-06,IEF,-0.0505284822182146,0.3278167752071617,1.0706114807044853,-0.03161149283605512,-0.5581208134176366
2024-06,TIP,3.3306690738754696e-16,-1.734723475976807e-17,2.000000000000001,2.5500435096859064e-16,-1.0000000000000004
2024-06,LQD,0.003563913815730152,0.6041312449171177,0.5021222123130098,0.41566795565925635,-0.23847558388294518
2024-06,HYG,-0.05052848221821407,0.32781677520716135,1.0706114807044858,0.9683885071639442,-0.5581208134176368
2024-06,DBC,6.661338147750939e-16,-1.3877787807814457e-16,-1.2351231148954867e-15,1.3877787807814457e-17,1.0000000000000004
2024-06,GLD,0.15011025474732176,-0.004738552791960518,0.9051708104742439,-0.7020508591243736,-0.27645059948064216
2024-06,SHY,-0.044025975161612094,0.047935456795145756,0.45469188518760273,0.030046327306556996,-0.24045039698867124
2024-07,SPY,1.0000000000000004,1.1102230246251565e-16,-6.938893903907228e-16,5.551115123125783e-17,0.0
2024-07,QQQ,1.2439745430550486,-0.04700261061235278,0.31924020587190327,-0.2359370040718397,-0.4381220245865082
2024-07,IWM,0.6610221428134623,0.5643423888928041,-0.7645641132515804,1.2480047701838577,0.3822190102001584
2024-07,EFA,0.33311273802937846,0.7119867325748234,-0.3438536921651194,0.8624190479762217,0.3886922747620888
2024-07,EEM,0.2624329449024815,1.041726390676823,-2.220884251688734,0.5104727201931544,1.4622501437724291
2024-07,TLT,8.881784197001252e-16,1.0,1.3877787807814457e-17,-3.885780586188048e-16,6.661338147750939e-16
2024-07,IEF,-0.05771950526000269,0.3457934176946481,1.041646824947726,-0.018735065418673286,-0.5382775271194282
2024-07,TIP,-3.469446951953614e-16,3.2612801348363973e-16,2.000000000000001,-1.1622647289044608e-16,-0.9999999999999999
2024-07,LQD,-0.018414703152414447,0.6361968584856043,0.4702356355139253,0.4596916507965999,-0.21492084669542638
2024-07,HYG,-0.05771950526000289,0.34579341769464844,1.0416468249477264,0.9812649345813258,-0.5382775271194279
2024-07,DBC,-1.1102230246251565e-16,2.498001805406602e-16,-1.942890293094024e-16,3.469446951953614e-16,1.0
2024-07,GLD,-0.036566029371223385,0.2955474953162249,0.5651792487066136,-0.33383396138347426,-0.03109342116629868
2024-07,SHY,-0.04822722265530824,0.061132388045018866,0.4310991468139951,0.03701941197927079,-0.22448868581785447
2024-08,SPY,1.0000000000000009,-5.551115123125783e-16,-6.938893903907228e-16,-5.551115123125783e-17,4.440892098500626e-16
2024-08,QQQ,1.307115994321952,-0.09196819623802699,0.1571110863620489,-0.3281579864436664,-0.33855646344754464
2024-08,IWM,0.5308181075526418,0.5996838064296315,-0.013259714731245625,1.2663869705804458,-0.019814815261174845
2024-08,EFA,0.3221542457975542,0.7063088072489393,-0.21774667241865128,0.8380632032972161,0.3251930227931563
2024-08,EEM,0.2672696086383994,0.9533314842515414,-1.6159950275574297,0.2490894898378001,1.1786464001890622
2024-08,TLT,0.0,0.9999999999999993,9.71445146547012e-17,4.579669976578771e-16,-1.3877787807814457e-16
2024-08,IEF,-0.06638183847945384,0.3430286576702716,1.1288065337812117,-0.03282800701671018,-0.582563213788057
2024-08,TIP,1.942890293094024e-16,6.245004513516506e-17,2.0000000000000013,3.157196726277789e-16,-1.0000000000000004
2024-08,LQD,-0.01958000400824883,0.6273713994292917,0.543389907020146,0.43248819861214355,-0.24985908269049206
2024-08,HYG,-0.06638183847945442,0.343028657670272,1.1288065337812117,0.967171992983289,-0.5825632137880568
2024-08,DBC,3.3306690738754696e-16,-8.326672684688674e-17,-3.191891195797325e-16,-1.1102230246251565e-16,1.0000000000000002
2024-08,GLD,-0.08093627010668636,0.3053177811546909,0.8377232168356527,-0.3343750484950341,-0.17588935885581647
2024-08,SHY,-0.05465539239164696,0.05794169867466184,0.5040556893083821,0.02315139583088277,-0.26125712813456053
2024-09,SPY,1.0000000000000007,-3.3306690738754696e-16,-2.498001805406602e-16,2.220446049250313e-16,3.3306690738754696e-16
2024-09,QQQ,1.3139014486738383,-0.10415318061129963,0.1457107107382122,-0.3488424826440349,-0.3240823232267027
2024-09,IWM,0.5470128873938402,0.5767657954962766,-0.04560650415105626,1.229286611855973,0.00985356289608269
2024-09,EFA,0.31798444932649106,0.7126069493719361,-0.20974921772074293,0.8484063540127831,0.3172397506091456
2024-09,EEM,0.257711000513004,0.9543921897358217,-1.5865122991065008,0.2461770674509043,1.1709987856074313
2024-09,TLT,-6.661338147750939e-16,1.0,5.828670879282072e-16,1.8041124150158794e-16,5.828670879282072e-16
2024-09,IEF,-0.06597601361693467,0.3436416392800411,1.1270063329544568,-0.031394775034529906,-0.5827591593043372
2024-09,TIP,9.43689570931383e-16,-3.469446951953614e-18,1.9999999999999964,6.539907504432563e-16,-0.999999999999999
2024-09,LQD,-0.015845073296527595,0.6273537087994491,0.5315391105578405,0.43441584822233054,-0.24718478636792127
2024-09,HYG,-0.06597601361693466,0.34364163928004166,1.1270063329544566,0.9686052249654695,-0.5827591593043366
2024-09,DBC,6.106226635438361e-16,2.498001805406602e-16,1.457167719820518e-15,-6.938893903907228e-17,1.0000000000000004
2024-09,GLD,-0.08117389734486735,0.30798546316112374,0.8362545755051193,-0.32919071673499606,-0.17816934370425902
2024-09,SHY,-0.056083162776362175,0.060479771745589626,0.5064760580860422,0.027452311731602373,-0.264282273170133
2024-10,SPY,1.0,0.0,1.1102230246251565e-16,1.1102230246251565e-16,-2.7755575615628914e-16
2024-10,QQQ,1.3913026534684625,-0.16184926734788208,0.10514208831832153,-0.46763271968346165,-0.324551146248106
2024-10,IWM,0.5746856231603863,0.5596212105784152,-0.11337586675369377,1.1935629122193485,0.03947833930148431
2024-10,EFA,0.24843223167316544,0.7677160374262251,-0.22320525413015438,0.9614721971578527,0.34557723289306425
2024-10,EEM,0.09630227720843218,1.0649735030649168,-1.3530361904590635,0.47503975388885533,1.0887065895007566
2024-10,TLT,1.6653345369377348e-16,1.0000000000000004,-3.122502256758253e-16,5.967448757360216e-16,-2.220446049250313e-16
2024-10,IEF,-0.08408014195823582,0.35728497579755,1.1342285058195847,-0.0033226429305078242,-0.5813816176127893
2024-10,TIP,4.638650574761982e-15,-4.1277745110868125e-15,1.9999999999999978,-8.884386282215218e-15,-0.9999999999999996
2024-10,LQD,-0.03036154868995719,0.6380069476135604,0.5417102762974209,0.4563701943884953,-0.24853017029255647
2024-10,HYG,-0.08408014195823606,0.35728497579755003,1.1342285058195856,0.9966773570694922,-0.5813816176127897
2024-10,DBC,-1.4988010832439613e-15,8.465450562766819e-16,1.0477729794899915e-15,1.609823385706477e-15,0.9999999999999997
2024-10,GLD,-0.3004041377920708,0.46451126529191344,1.0565543287555599,-0.006079879309375397,-0.2357905163878967
2024-10,SHY,-0.0649429250787555,0.06661962673522678,0.5182208264466861,0.040150264298435316,-0.26820039421320496
2024-11,SPY,1.0000000000000004,0.0,-1.3877787807814457e-17,1.6653345369377348e-16,-3.885780586188048e-16
2024-11,QQQ,1.379573510516494,-0.15404028017443094,0.0872246273640052,-0.4263483878197238,-0.31844477743159305
2024-11,IWM,0.5987600659001029,0.5497951308637476,-0.14406157554726262,1.1441246833243985,0.06246110400242272
2024-11,EFA,0.33170726266177647,0.7259779166746783,-0.2450604744343549,0.746358499067924,0.38070112174910953
2024-11,EEM,0.22204295963809165,1.0187840602466067,-1.5691307167762412,0.2460334688276008,1.2381343976957813
2024-11,TLT,-1.1102230246251565e-16,1.0000000000000007,4.440892098500626e-16,-1.1102230246251565e-16,-6.938893903907228e-17
2024-11,IEF,-0.03824989420445751,0.33911581681712205,1.0699753150524056,-0.09438337899181345,-0.5345565329268257
2024-11,TIP,-4.163336342344337e-17,-6.938893903907228e-17,1.9999999999999982,2.0816681711721685e-16,-0.9999999999999989
2024-11,LQD,0.016731057570321506,0.61956310476064,0.473231512585512,0.3640862336444289,-0.19912244993311562
2024-11,HYG,-0.038249894204458276,0.339115816817122,1.0699753150524065,0.9056166210081862,-0.5345565329268258
2024-11,DBC,-1.6653345369377348e-16,-1.3877787807814457e-16,1.2420620087993939e-15,1.3877787807814457e-16,0.9999999999999999
2024-11,GLD,-0.2844024465914915,0.47505574876009565,0.8504226103621221,0.0582452874246219,-0.12273118994973613
2024-11,SHY,-0.049636689849760524,0.060750821673398944,0.4945942422622821,0.010872244211470122,-0.2514207868092468
2024-12,SPY,1.000000000000001,0.0,-6.661338147750939e-16,1.1102230246251565e-16,0.0
2024-12,QQQ,1.3198300791969686,-0.12939554746890325,0.18500618239478286,-0.35646888518388564,-0.3508627087039848
2024-12,IWM,0.7280035632991265,0.4745108021546335,-0.23169239020395374,0.9504740249869771,0.040357245525199814
2024-12,EFA,0.2474006748724749,0.730291850136119,0.06472161573621504,0.7860671241125741,0.20706533058650414
2024-12,EEM,0.10964819675702504,1.0406409054407526,-1.2469674048110728,0.33011227248708525,1.0742627063603625
2024-12,TLT,-2.220446049250313e-16,1.0000000000000002,-1.8735013540549517e-16,-2.498001805406602e-16,2.7755575615628914e-16
2024-12,IEF,-0.034598695704078475,0.32967804101974785,1.10872987749253,-0.11398997690000157,-0.5658734011974044
2024-12,TIP,-7.355227538141662e-16,1.700029006457271e-16,2.0000000000000018,5.030698080332741e-16,-1.0000000000000009
2024-12,LQD,0.015955173515575016,0.607989173984685,0.5415776533359753,0.3419965044199962,-0.24947612608462902
2024-12,HYG,-0.03459869570407885,0.32967804101974746,1.108729877492531,0.8860100230999992,-0.5658734011974047
2024-12,DBC,9.992007221626409e-16,-2.7755575615628914e-17,-4.614364446098307e-16,1.1102230246251565e-16,1.0000000000000002
2024-12,GLD,-0.3677914093710718,0.4880489718981266,1.1076211871518937,0.11439406281825223,-0.25784304625548593
2024-12,SHY,-0.04762601339562901,0.052130337873353944,0.5352411375184278,-0.00654372322501753,-0.2830377383646143
2025-01,SPY,0.9999999999999996,1.1102230246251565e-16,6.800116025829084e-16,0.0,-4.996003610813204e-16
2025-01,QQQ,1.3204724935882883,-0.1469794698453658,0.17336462489776083,-0.310399536734342,-0.3232566981118827
2025-01,IWM,0.7427935684695742,0.5094483593327401,-0.3126196820701197,0.9514097564797999,0.09999255538122942
2025-01,EFA,0.24459308081886372,0.7255354399493602,0.08088211579032592,0.7813693777844022,0.1932881345944531
2025-01,EEM,0.10811426907859847,1.0278126141475608,-1.2424901618848119,0.35219595270098497,1.0801324975526163
2025-01,TLT,6.661338147750939e-16,0.9999999999999996,-6.661338147750939e-16,-5.273559366969494e-16,5.551115123125783e-17
2025-01,IEF,-0.0366421828205708,0.32473708999661016,1.1198629495806298,-0.11384518054707937,-0.5739640598456436
2025-01,TIP,-2.914335439641036e-16,1.6653345369377348e-16,2.0000000000000004,1.3530843112619095e-16,-1.0
2025-01,LQD,0.015403048159873423,0.6033334633457272,0.5431729221310576,0.35003756497914024,-0.24731322524013546
2025-01,HYG,-0.03664218282057047,0.32473708999661055,1.1198629495806303,0.8861548194529206,-0.5739640598456436
2025-01,DBC,4.996003610813204e-16,-2.220446049250313e-16,2.393918396847994e-16,-4.163336342344337e-17,1.0
2025-01,GLD,-0.3716266472396128,0.48798994745162216,1.1324358942176649,0.09246239167597442,-0.2850948103872981
2025-01,SHY,-0.048479198095409515,0.048155316517005456,0.539075876617489,-0.0018756786517526922,-0.28391156661502565
2025-02,SPY,0.9999999999999998,7.771561172376096e-16,-6.800116025829084e-16,-1.6653345369377348e-16,1.0824674490095276e-15
2025-02,QQQ,1.3142080659279627,-0.13628497328339628,0.1293853374881792,-0.30813271323451735,-0.29163947771460297
2025-02,IWM,0.6938361666023305,0.5670816309070956,-0.44287501602305646,0.9652298483498205,0.23144334014694043
2025-02,EFA,0.21471077934017327,0.7486906990816871,0.10028427484904599,0.7879997449930847,0.21993667225737631
2025-02,EEM,0.09748941547112541,1.0388986705097774,-1.2590628920836124,0.3549817770615502,1.1023238308008074
2025-02,TLT,3.3306690738754696e-16,0.9999999999999999,-1.3530843112619095e-16,2.498001805406602e-16,3.885780586188048e-16
2025-02,IEF,-0.036211776510879146,0.32598080625027026,1.1066080204763196,-0.11370387712079656,-0.5673180453423217
2025-02,TIP,-3.122502256758253e-16,-3.920475055707584e-16,2.000000000000001,-2.5847379792054426e-16,-1.0000000000000009
2025-02,LQD,0.003299916974290662,0.6220165564907744,0.4744847920841117,0.35412001972266,-0.19504852508885487
2025-02,HYG,-0.0362117765108794,0.32598080625026965,1.1066080204763202,0.8862961228792032,-0.5673180453423219
2025-02,DBC,8.326672684688674e-17,-1.3877787807814457e-16,-9.055256544598933e-16,2.636779683484747e-16,1.0000000000000004
2025-02,GLD,-0.4706736282704965,0.5833517836674555,1.0436286391555953,0.11723360401159527,-0.11381069100408822
2025-02,SHY,-0.054329930016277575,0.0558087453662838,0.5172088614691234,-0.00010909950905003962,-0.2647887725164416
2025-03,SPY,0.9999999999999999,6.661338147750939e-16,1.700029006457271e-16,0.0,2.498001805406602e-16
2025-03,QQQ,1.3531859854376371,-0.15779520444544004,0.045615181017231686,-0.32832547980159976,-0.2649228386671229
2025-03,IWM,0.9656094042680207,0.44168867694525904,-1.0924709413982894,0.8623846190645299,0.42607208072567215
2025-03,EFA,0.1447445340432479,0.7545494459507653,0.33791918149696687,0.7736943071915332,0.16086031258080044
2025-03,EEM,0.08214883280174515,0.9855960871107475,-1.0615185368471163,0.26759282866354533,1.0708387908856951
2025-03,TLT,4.440892098500626e-16,1.0,-4.3368086899420177e-16,-1.1102230246251565e-16,2.5673907444456745e-16
2025-03,IEF,-0.025703838473164597,0.3120832094268069,1.1056027966450794,-0.13164752792719064,-0.5628650741160209
2025-03,TIP,3.469446951953614e-17,-5.585809592645319e-16,2.0000000000000004,-3.1051550219984847e-16,-1.0000000000000002
2025-03,LQD,0.007536064900369566,0.5981741682943843,0.5226772608728435,0.3187341806608447,-0.19944568907853985
2025-03,HYG,-0.025703838473165125,0.3120832094268072,1.1056027966450805,0.8683524720728091,-0.5628650741160213
2025-03,DBC,2.7755575615628914e-16,-1.6306400674181987e-16,-8.001412032943023e-17,-4.85722573273506e-17,0.9999999999999997
2025-03,GLD,-0.29417301987207234,0.46874203365009137,0.7101441617977928,-0.0007612975005405476,0.001326531321405984
2025-03,SHY,-0.0605178779882144,0.047959182631273106,0.5605205867434808,-0.014289434729710542,-0.27285440921083065
2025-04,SPY,0.9999999999999998,5.551115123125783e-16,-2.0469737016526324e-16,3.885780586188048e-16,-4.0245584642661925e-16
2025-04,QQQ,1.3073521514160795,-0.1607721367549384,0.3107123503268678,-0.2842795718356903,-0.45399621870337004
2025-04,IWM,0.9629363214903994,0.4488535528772085,-1.1728922850811263,0.8354769192685276,0.5230313503926738
2025-04,EFA,0.13963297269224467,0.7609285146361,0.27979942503860733,0.751650146916379,0.23852777816541815
2025-04,EEM,0.1724573012745856,0.9983763636199952,-1.6741963181575932,0.15303296498667976,1.5451285850861507
2025-04,TLT,5.551115123125783e-16,1.0,1.968911145233676e-16,5.828670879282072e-16,3.885780586188048e-16
2025-04,IEF,0.0018880109999262207,0.3129360765895825,0.958286737124167,-0.1543904143655891,-0.462864321041465
2025-04,TIP,1.1275702593849246e-16,4.701100619897147e-16,1.999999999999999,-1.7997756063259374e-16,-0.9999999999999988
2025-04,LQD,0.0262878833141999,0.5998582539503065,0.40812860464807776,0.2988414865461393,-0.11523148982306317
2025-04,HYG,0.0018880109999254158,0.3129360765895829,0.9582867371241676,0.8456095856344104,-0.46286432104146447
2025-04,DBC,8.326672684688674e-17,-1.734723475976807e-18,1.7147741560030738e-15,2.931682674400804e-16,0.9999999999999992
2025-04,GLD,-0.4449965461778226,0.48413432484834623,1.2533865445134835,0.04300475549614241,-0.2502017293867504
2025-04,SHY,-0.033750371743884205,0.04786532659101256,0.42964241534572917,-0.032652494356357684,-0.18939743634978795
2025-05,SPY,1.0000000000000002,6.661338147750939e-16,1.6653345369377348e-16,1.1102230246251565e-15,-1.1102230246251565e-16
2025-05,QQQ,1.2762678588034442,-0.1675440612926019,0.3668390359646524,-0.2910093437180519,-0.44528524416854065
2025-05,IWM,1.0107843708929827,0.47295323682788065,-1.3118708217277877,0.8579458663796213,0.5450939651362202
2025-05,EFA,0.173933792598583,0.581903185972491,0.9349471822441561,0.5939321616311366,-0.2548161019750386
2025-05,EEM,0.18547375291362136,0.8277749685940262,-1.0308357994357167,0.002272317409741348,1.0916261924633353
2025-05,TLT,4.440892098500626e-16,1.0000000000000004,1.1796119636642288e-16,-2.1510571102112408e-16,-4.718447854656915e-16
2025-05,IEF,-7.200061371527566e-05,0.28220388937232105,1.0783488220341593,-0.18165002635729427,-0.5409195075313625
2025-05,TIP,-3.885780586188048e-16,3.0184188481996443e-16,2.0000000000000018,-1.0200174038743626e-15,-1.0000000000000009
2025-05,LQD,0.011368996667941125,0.5606365122270376,0.5733767418184924,0.2637586883134727,-0.20435235010296807
2025-05,HYG,-7.20006137150675e-05,0.28220388937232127,1.0783488220341584,0.818349973642706,-0.5409195075313623
2025-05,DBC,1.6653345369377348e-16,-1.1102230246251565e-16,-9.853229343548264e-16,1.1726730697603216e-15,1.0
2025-05,GLD,-0.4825253979555386,0.29659861874104215,2.0107857036170573,-0.12394351900813293,-0.704901456028259
2025-05,SHY,-0.03522041331493493,0.029684907506864554,0.500968842503069,-0.048785947143731974,-0.23531049142818677
2025-06,SPY,1.0000000000000009,-8.326672684688674e-16,-1.8318679906315083e-15,1.1102230246251565e-16,-4.996003610813204e-16
2025-06,QQQ,1.3199855208322622,-0.18094645624353678,0.22549671450465325,-0.3140353644365709,-0.36336187942894366
2025-06,IWM,0.9765153564935898,0.4803674057419566,-1.1775557710516003,0.8763834492830057,0.462299530504042
2025-06,EFA,0.24069799209418027,0.5444485926938172,0.8483307049181346,0.5609002782897565,-0.2317782645469303
2025-06,EEM,0.25846752667737727,0.8109767881417871,-1.309277465958546,-0.036873867329030495,1.261936232537895
2025-06,TLT,-4.440892098500626e-16,0.9999999999999994,3.226585665316861e-16,-4.3021142204224816e-16,1.1518563880486e-15
2025-06,IEF,0.009644644918047132,0.26453165983049587,1.1587223978248422,-0.18492300202199485,-0.6110029364310339
2025-06,TIP,3.2612801348363973e-16,3.625572064791527e-16,1.999999999999998,-1.2836953722228372e-16,-0.9999999999999996
2025-06,LQD,0.033073120290263755,0.5331341904689252,0.6618223972810252,0.254944706235652,-0.28895788218804785
2025-06,HYG,0.009644644918044565,0.2645316598304974,1.158722397824844,0.8150769979780037,-0.611002936431032
2025-06,DBC,-1.6653345369377348e-16,2.0816681711721685e-17,1.2975731600306517e-15,-5.689893001203927e-16,0.9999999999999989
2025-06,GLD,-0.44420561148937754,0.3214555354585298,1.6084065661313665,-0.14872219735300232,-0.41313971897757007
2025-06,SHY,-0.03375833922321589,0.024519704721432813,0.5321288211895916,-0.04896380054819776,-0.26091463726935393
2025-07,SPY,1.0000000000000009,8.326672684688674e-17,3.4889625910583533e-16,1.1102230246251565e-16,-2.7755575615628914e-17
2025-07,QQQ,1.428276416831778,-0.26339374977612595,-0.00048790432332943825,-0.7148006676919938,-0.24385112232981404
2025-07,IWM,0.7852371464092842,0.6636207557019014,-0.8752437237303422,1.6430255956472295,0.3456461994881675
2025-07,EFA,0.24245125336637774,0.5125620115761914,0.92331995811504,0.5067001550053599,-0.30653435618324615
2025-07,EEM,0.2997798304194863,0.7800590035038018,-1.3968673099173217,-0.18892730869871066,1.3088726682561205
2025-07,TLT,-5.551115123125783e-17,1.0000000000000004,1.153265850872831e-15,-2.7755575615628914e-16,-1.0061396160665481e-16
2025-07,IEF,0.023997728833119982,0.25569389535688924,1.1233898712331294,-0.23477738922035093,-0.5899165337275265
2025-07,TIP,2.7755575615628914e-16,4.2674197509029455e-16,1.9999999999999978,-2.498001805406602e-16,-0.9999999999999991
2025-07,LQD,0.03037063310531099,0.5311852549914732,0.6777757210025124,0.2586893531895703,-0.3019974278400819
2025-07,HYG,0.023997728833120013,0.2556938953568887,1.1233898712331303,0.7652226107796498,-0.5899165337275271
2025-07,DBC,-1.1102230246251565e-16,5.30825383648903e-16,-4.47911022508074e-17,-2.0469737016526324e-16,1.0000000000000002
2025-07,GLD,-0.3297663296154686,0.17903023318891187,1.5119398198010698,-0.6585969398062645,-0.4256499864353142
2025-07,SHY,-0.001034767154255295,-0.0030969884180072865,0.4707974857081967,-0.1742884602164518,-0.23158468267943416
2025-08,SPY,1.0,-2.7755575615628914e-16,-4.158999533654395e-16,1.6653345369377348e-16,6.245004513516506e-17
2025-08,QQQ,1.5164742197232948,-0.27678205200763323,-0.6480842810526283,-1.1015498812621782,0.15373791632947698
2025-08,IWM,0.7215178287902781,0.6705172664323986,-0.38196839344102956,1.931197602314598,0.046751255658902584
2025-08,EFA,0.09347587623983433,0.550307900461947,1.8786530011034812,1.1122024978615115,-0.9145844720362497
2025-08,EEM,0.23506026312155182,0.7973380968164898,-0.989906905617442,0.0713409819068882,1.0484153385179789
2025-08,TLT,4.996003610813204e-16,0.9999999999999993,-2.1575623232461538e-17,-7.632783294297951e-17,1.8214596497756474e-16
2025-08,IEF,0.035202883865221066,0.2551461823163807,1.0305581975543214,-0.287551951303128,-0.5345635757459191
2025-08,TIP,2.5673907444456745e-16,-3.0964814046186007e-16,2.0000000000000004,5.551115123125783e-17,-1.0000000000000002
2025-08,LQD,0.03954573496478228,0.5302796808765611,0.605947013999507,0.21691868080257873,-0.25859161878640546
2025-08,HYG,0.035202883865220885,0.2551461823163807,1.0305581975543223,0.7124480486968723,-0.5345635757459193
2025-08,DBC,5.759281940243e-16,-2.8362728832220796e-16,-6.090505703937321e-16,-1.7694179454963432e-16,0.9999999999999996
2025-08,GLD,-0.47930022234565317,0.2136796511061418,2.5004971713470523,-0.04060496368066893,-1.0495721235727484
2025-08,SHY,-0.01593853551644462,0.0005152096636124003,0.5678718348047338,-0.11319538855873014,-0.29310343659737625
2025-09,SPY,1.0,-2.498001805406602e-16,6.106226635438361e-16,3.885780586188048e-16,-7.424616477180734e-16
2025-09,QQQ,1.5281905892475909,-0.23263396181225654,-1.1081548863393542,-1.1639770944857977,0.41884962331802794
2025-09,IWM,0.7066710715236173,0.5269997575084256,0.8718261076472319,2.030566199436092,-0.6764138659852554
2025-09,EFA,0.14034011140626979,0.4736442086443708,1.9782838902859619,0.9210952224390453,-0.9739533658015601
2025-09,EEM,0.22795586662196318,0.7498960806759888,-0.552590796245264,0.11397759214493147,0.7962559316852827
2025-09,TLT,-3.0531133177191805e-16,0.9999999999999993,-1.966742740888705e-15,2.463307335887066e-16,7.39425881635114e-16
2025-09,IEF,0.06998973367422599,0.23194438926229105,0.846339174864104,-0.43720728313812895,-0.42960144167803144
2025-09,TIP,6.522560269672795e-16,-8.031769693772617e-16,2.0,-8.500145032286355e-16,-1.0
2025-09,LQD,0.06685482403165009,0.5109615147474946,0.4697826622802933,0.09968856184906623,-0.18107276921425416
2025-09,HYG,0.0699897336742259,0.23194438926229125,0.8463391748641026,0.5627927168618708,-0.4296014416780307
2025-09,DBC,-5.759281940243e-16,1.4354836763708079e-16,1.7362413590182868e-15,5.421010862427522e-16,0.9999999999999991
2025-09,GLD,-0.4045366475283738,0.14796188054889264,2.226004414109749,-0.3585749651702601,-0.8940834529713488
2025-09,SHY,-0.005169852598309745,-0.0057775624974240585,0.5040303109051897,-0.1597288074228452,-0.2566775822260061
2025-10,SPY,0.9999999999999997,-8.569533971325427e-16,7.216449660063518e-16,2.7755575615628914e-16,-4.0245584642661925e-16
2025-10,QQQ,1.5311832185622352,-0.09189348127446273,-2.4001470526624473,-1.2127645468287214,1.0690552406660787
2025-10,IWM,0.7056928177885988,0.4294014119559822,1.800898532713703,2.0640578749962377,-1.1392074011171371
2025-10,EFA,0.13696507198161656,0.37982726283900986,2.797847285335806,0.9540452537530635,-1.392406173429208
2025-10,EEM,0.23299912167996034,0.9245430457257531,-2.1156957347103145,0.05302365322153818,1.58868248512876
2025-10,TLT,-2.8102520310824275e-16,0.9999999999999987,9.961649560796815e-16,-1.6696713456276768e-16,-6.260183343931303e-16
2025-10,IEF,0.06810283328667559,0.1739733812266302,1.358756877954375,-0.4169085887391165,-0.6903243945471793
2025-10,TIP,-3.608224830031759e-16,6.59845442174678e-16,1.9999999999999993,1.0755285551056204e-16,-0.9999999999999998
2025-10,LQD,0.06510941538524104,0.47685806778095197,0.7520456742490842,0.11182725435232496,-0.327559890926835
2025-10,HYG,0.06810283328667588,0.17397338122662986,1.3587568779543755,0.5830914112608834,-0.6903243945471793
2025-10,DBC,-4.163336342344337e-17,-3.7990444123892075e-16,3.9898639947466563e-17,6.765421556309548e-17,1.0000000000000007
2025-10,GLD,-0.38382160580191127,0.2587225715476229,1.7635810888177037,-0.40267074609896036,-0.5815381350980435
2025-10,SHY,-0.005396142785192185,-0.01752789643347573,0.6126093656809596,-0.15566289001000405,-0.3112184313138913
2025-11,SPY,0.9999999999999998,4.718447854656915e-16,6.938893903907228e-17,-1.942890293094024e-16,-3.469446951953614e-17
2025-11,QQQ,1.5252028426790443,-0.22852341368633858,-1.1924333205429085,-0.908985019046262,0.44014756445842845
2025-11,IWM,0.7566489479769691,0.3914495409799619,1.7172155324976408,1.9206441085424,-1.0751993949449474
2025-11,EFA,0.14162138165750604,0.3851550006341512,2.715519133087771,0.923050814246408,-1.3478169729420457
2025-11,EEM,0.22209124298085742,0.8166325278587715,-1.1125752050635482,0.3197238874875189,1.0639137515716857
2025-11,TLT,2.220446049250313e-16,1.0000000000000007,4.0592529337857286e-16,1.0928757898653885e-16,-1.2663481374630692e-16
2025-11,IEF,0.06072141114551416,0.17124506201628728,1.4407226703023506,-0.379403281507173,-0.7358272090644379
2025-11,TIP,4.718447854656915e-16,-7.632783294297951e-17,1.9999999999999998,-9.402201239794294e-16,-0.9999999999999999
2025-11,LQD,0.04187150164991521,0.46891822263407235,1.0045739227515502,0.2285793509895201,-0.4679501271404675
2025-11,HYG,0.06072141114551349,0.17124506201628742,1.4407226703023526,0.6205967184928268,-0.7358272090644385
2025-11,DBC,2.7755575615628914e-17,2.211772431870429e-16,-8.959846753420209e-16,1.1188966420050406e-16,1.0000000000000007
2025-11,GLD,-0.3900194738494091,0.16969699477970318,2.5688365192164175,-0.19477115514776117,-1.0017622498910437
2025-11,SHY,-0.010358069414706211,-0.03482612522885781,0.7990090527199225,-0.09899881373785956,-0.4099173079090346
2025-12,SPY,0.9999999999999998,-4.163336342344337e-17,-4.163336342344337e-17,3.3306690738754696e-16,-3.5388358909926865e-16
2025-12,QQQ,1.5224876635993503,-0.2311561360814774,-1.05308146707827,-0.8355758370234948,0.36025111594077414
2025-12,IWM,0.7339924746188737,0.5547990781537764,0.970657028274946,1.8537290237009625,-0.6497726500400092
2025-12,EFA,0.17756642621270857,0.16429829270045931,3.505327509273951,0.888781407443942,-1.7970502731647355
2025-12,EEM,0.2627249295307894,0.5357999286368342,0.10137946269815645,0.395260227617787,0.3724068984519497
2025-12,TLT,1.2836953722228372e-16,0.9999999999999993,-3.369700352084948e-16,-2.0426368929626904e-16,1.97758476261356e-16
2025-12,IEF,0.0636711275283294,0.15823648800083587,1.452831643640569,-0.40097087603341147,-0.7425465234921548
2025-12,TIP,-6.661338147750939e-16,4.445228907190568e-16,1.9999999999999996,4.926614671774132e-16,-0.9999999999999992
2025-12,LQD,0.051981586805325775,0.41118768364490943,1.1815015208306834,0.20284924889476807,-0.5684401306074971
2025-12,HYG,0.0636711275283296,0.15823648800083578,1.4528316436405682,0.5990291239665875,-0.7425465234921541
2025-12,DBC,-2.8449465006019636e-16,4.7704895589362195e-17,-3.4998046127832083e-16,0.0,1.0000000000000002
2025-12,GLD,-0.3701178882876279,0.0651010690406977,2.823914251585091,-0.27858764554954807,-1.1462660888970513
2025-12,SHY,-0.01043425149624581,-0.033742956909178,0.7909978171638993,-0.10118138909389836,-0.40534040018202616
2026-01,SPY,0.9999999999999999,1.2836953722228372e-16,-8.326672684688674e-17,0.0,-1.249000902703301e-16
2026-01,QQQ,1.4549740526094004,-0.11357297323462162,-1.7244414742528122,-0.8900326865680257,0.6983829506193212
2026-01,IWM,0.7628406600313453,0.5099551036022998,1.212922187827946,1.857913972486019,-0.7711325615222006
2026-01,EFA,0.21213055184654672,0.0828762384358942,4.024390028549224,0.991689113368029,-2.0610618081409657
2026-01,EEM,0.27427223544917817,0.49651615799465265,0.37461021629011165,0.47234972901326133,0.23245888124433
2026-01,TLT,-2.6020852139652106e-16,0.9999999999999997,-8.916478666520788e-16,4.735795089416683e-16,4.79217360238593e-16
2026-01,IEF,0.059058014781914664,0.16162553728095125,1.445337185139569,-0.3882709442248024,-0.7393376070218828
2026-01,TIP,-4.163336342344337e-16,9.410874857174178e-17,2.0000000000000013,8.430756093247282e-16,-1.0000000000000002
2026-01,LQD,0.0670881904745873,0.3838464804503401,1.3402424523008927,0.2186796546036032,-0.6485159020430079
2026-01,HYG,0.059058014781914525,0.1616255372809513,1.4453371851395707,0.6117290557751976,-0.7393376070218833
2026-01,DBC,-4.579669976578771e-16,2.1120258320017626e-16,8.569533971325427e-16,-7.806255641895632e-17,1.0000000000000002
2026-01,GLD,-0.3544471463843175,0.03288331898558695,3.0204371810245503,-0.2485368483392635,-1.245845042772218
2026-01,SHY,-0.00834880015382699,-0.039579593363570635,0.829949660105247,-0.09170612647403856,-0.4252270403315076
2026-02,SPY,1.0000000000000002,-6.938893903907228e-17,-1.6653345369377348e-16,3.3306690738754696e-16,0.0
2026-02,QQQ,1.4860501523675504,-0.23654936700461526,-1.4969534708245267,-1.0275870202753263,0.6019642034171444
2026-02,IWM,0.7312318409296827,0.5296394416192872,1.1556660555495826,1.8351314876173614,-0.6276602912965175
2026-02,EFA,0.21686326922413834,0.013085088868002519,4.1433955645515645,0.8919206545811948,-2.053750881561259
2026-02,EEM,0.2767033844179131,0.44231251664864596,0.46606253334170866,0.3927707063379894,0.24411974939930425
2026-02,TLT,3.0531133177191805e-16,0.9999999999999994,1.2195106036116954e-15,5.0133508455729725e-16,-2.5847379792054426e-16
2026-02,IEF,0.06605160013030958,0.14392392080690922,1.4800548837596408,-0.40383157455925467,-0.7653325622433823
2026-02,TIP,-4.163336342344337e-16,1.1275702593849246e-16,2.0000000000000013,5.759281940243e-16,-1.0000000000000002
2026-02,LQD,0.07487284288822665,0.36655080325058276,1.3749085525342997,0.20507622945649562,-0.6784885640004814
2026-02,HYG,0.0660516001303097,0.14392392080690897,1.4800548837596397,0.5961684254407452,-0.765332562243382
2026-02,DBC,-1.1102230246251565e-16,-7.45931094670027e-17,-9.020562075079397e-17,-1.0755285551056204e-16,1.0000000000000002
2026-02,GLD,-0.39407758868229836,0.0473931814487623,2.965452433869541,-0.2927992435377765,-1.0615820123882806
2026-02,SHY,-0.007379788697453385,-0.04114003524188889,0.8332859703513035,-0.09248490276865749,-0.4292131583624765
2026-03,SPY,1.0000000000000004,-1.942890293094024e-16,2.220446049250313e-16,-1.1102230246251565e-16,-2.220446049250313e-16
2026-03,QQQ,1.520094908871407,-0.29650514229461683,-1.127979179233421,-0.9779462511663158,0.41759860945895244
2026-03,IWM,0.7650507625781628,0.6208670788681813,0.25213991533324703,1.4257506675948084,-0.09136898427153672
2026-03,EFA,0.19749202725066006,0.1425010177249604,3.1307367227198943,0.5737668633164079,-1.4941423301805545
2026-03,EEM,0.2025272749415945,0.5564520573479741,-0.19894974442809962,0.33478025284585966,0.567129627907208
2026-03,TLT,1.0408340855860843e-16,1.0000000000000004,1.6740081543176188e-16,2.5934115965853266e-16,-1.4051260155412137e-16
2026-03,IEF,0.04306577765601405,0.15064259176588748,1.5153049776211382,-0.33464472438641724,-0.8019387617654137
2026-03,TIP,3.0531133177191805e-16,-9.020562075079397e-17,1.9999999999999996,6.904199434387692e-16,-0.9999999999999997
2026-03,LQD,0.0421006415945957,0.3620711207131523,1.5435831320758826,0.3464871834880153,-0.7977583085736976
2026-03,HYG,0.04306577765601355,0.1506425917658877,1.5153049776211391,0.6653552756135832,-0.8019387617654139
2026-03,DBC,-4.440892098500626e-16,1.7867651802561113e-16,-8.049116928532385e-16,-1.97758476261356e-16,1.0000000000000002
2026-03,GLD,-0.49707452897399,0.13451461084230903,2.6431658058584064,-0.15622349497600607,-0.9535745920924665
2026-03,SHY,-0.02142369302835718,-0.042812807972504204,0.9034885580129225,-0.03263702884462113,-0.47914587567662387
2026-04,SPY,0.9999999999999999,3.191891195797325e-16,1.6653345369377348e-16,-1.942890293094024e-16,-1.1102230246251565e-16
2026-04,QQQ,1.3657784501436245,0.005163450506871503,-2.7295583396581375,-0.6787841600099541,1.2887454827731193
2026-04,IWM,0.8825808185154387,0.3157886524022758,2.061543341959299,1.0685152671563176,-0.9766393315640018
2026-04,EFA,0.35832526470180204,-0.11532401746274187,4.357026898420684,0.35916909277359255,-2.235466784160331
2026-04,EEM,0.5050823231758691,0.14054037092311886,1.5669957515921376,0.049787217237725986,-0.6239569150821755
2026-04,TLT,5.551115123125783e-16,0.9999999999999992,3.0184188481996443e-16,3.365363543395006e-16,-4.0592529337857286e-16
2026-04,IEF,0.03286958641892716,0.16319988006319025,1.4672133743624647,-0.3275467311767175,-0.7660950483481713
2026-04,TIP,5.551115123125783e-17,-4.909267437014364e-16,2.000000000000001,-3.469446951953614e-16,-1.0000000000000002
2026-04,LQD,0.02543414774943112,0.3901623634253488,1.4057531101366543,0.3710851252956911,-0.716892417686994
2026-04,HYG,0.03286958641892715,0.16319988006318964,1.467213374362465,0.6724532688232818,-0.7660950483481712
2026-04,DBC,-3.3306690738754696e-16,-3.469446951953614e-18,5.967448757360216e-16,1.1102230246251565e-16,0.9999999999999994
2026-04,GLD,-0.11793527987405578,-0.34688499798789707,4.544648293309885,-0.44500493294280263,-2.3289925038449217
2026-04,SHY,-0.026860300739682347,-0.0297815603498251,0.8282511547422889,-0.017968950455199362,-0.4413782832648802
2026-05,SPY,1.0000000000000002,2.7755575615628914e-17,4.440892098500626e-16,5.551115123125783e-17,1.1102230246251565e-16
2026-05,QQQ,1.5680118782078771,-0.16328087301380845,-2.777538406161196,-1.1337904559208554,1.3598348931087427
2026-05,IWM,0.9412041644592295,0.29284711816597686,1.7913967091600007,0.8769821555956683,-0.8317107039235675
2026-05,EFA,0.2704914737803279,-0.07490711996163787,4.7019528441597,0.632213960211732,-2.4235824406461153
2026-05,EEM,0.7351073508507906,-0.07909843317709332,1.7900332805880776,-0.40313722953865777,-0.67778912976029
2026-05,TLT,5.551115123125783e-17,0.9999999999999993,9.332812300755222e-16,-4.0939474033052647e-16,-2.0122792321330962e-16
2026-05,IEF,0.007156262689436304,0.1860406470639575,1.4592224560897458,-0.27297375247309313,-0.7682969783510815
2026-05,TIP,-1.762479051592436e-15,2.3765711620882257e-15,2.000000000000001,7.365635878997523e-15,-1.0000000000000007
2026-05,LQD,-0.023195546641093842,0.4326159764388632,1.3979991767766822,0.47600757556471834,-0.7246270445948653
2026-05,HYG,0.007156262689436255,0.1860406470639579,1.459222456089745,0.7270262475269069,-0.7682969783510811
2026-05,DBC,6.661338147750939e-16,-4.510281037539698e-16,7.077671781985373e-16,-1.429412144204889e-15,1.0000000000000002
2026-05,GLD,-0.2469257613748313,-0.1611379540663488,3.8001312590637597,-0.33518742931569856,-1.998263819890698
2026-05,SHY,-0.028134151927431066,-0.02734125052786716,0.8149006908702917,-0.018280387505970865,-0.43520207976340886
2026-06,SPY,1.0,-2.220446049250313e-16,-6.661338147750939e-16,2.7755575615628914e-16,-5.551115123125783e-16
2026-06,QQQ,1.5295011386010886,-0.18164010612967119,-1.9265501489386918,-0.8850879579402493,0.9602172866951789
2026-06,IWM,0.9062269524709259,0.2886890475319978,2.240977984319943,1.0196337081612823,-1.0378978232676763
2026-06,EFA,0.31077584331776487,-0.06974176749552187,4.174433503001074,0.46541488535415876,-2.18139633742919
2026-06,EEM,0.8330538810849151,-0.08915160842549433,1.091542354321216,-0.6583258353511896,-0.37214730409527536
2026-06,TLT,-1.5265566588595902e-16,1.0,-9.410874857174178e-16,-9.540979117872439e-17,-2.42861286636753e-17
2026-06,IEF,0.0036193698914085484,0.18844706278105136,1.4316610969156471,-0.2773466543954533,-0.7537414886510366
2026-06,TIP,-2.7755575615628914e-16,9.770829978439366e-16,2.0000000000000004,3.3306690738754696e-16,-1.0000000000000004
2026-06,LQD,-0.02019466148327778,0.4320246904741028,1.3839163266183847,0.4700728062172547,-0.7188106793839252
2026-06,HYG,0.0036193698914085415,0.1884470627810507,1.4316610969156476,0.7226533456045466,-0.7537414886510367
2026-06,DBC,-1.1102230246251565e-16,-2.706168622523819e-16,-1.1102230246251565e-16,-1.1102230246251565e-16,0.9999999999999994
2026-06,GLD,-0.26514682584978067,-0.14550934639287333,3.574669557060966,-0.3792033784012318,-1.88280607939294
2026-06,SHY,-0.025134184521078545,-0.02556946287353239,0.7397847118675567,-0.039925798728801094,-0.3997935577916814
