date,value
2007-01-03,0.0
2007-01-04,0.0
2007-01-05,-0.0006236967810052674
2007-01-08,-0.001248127558436174
2007-01-09,-0.0008742564699617539
2007-01-10,-0.0011231479852233939
2007-01-11,-0.0018721579741808325
2007-01-12,-0.002495788028238355
2007-01-16,-0.001497219254541604
2007-01-17,-0.0018721579741809435
2007-01-18,-0.0014972192545417151
2007-01-19,-0.0016217984660680251
2007-01-22,-0.001248127558436618
2007-01-23,-0.0017469114931766283
2007-01-24,-0.001248127558436618
2007-01-25,-0.0019971375473940567
2007-01-26,-0.0018721579741810546
2007-01-29,-0.0017469114931766283
2007-01-30,-0.001497219254541604
2007-01-31,-0.00037440490405726834
2007-02-01,-0.0004992510233748915
2007-02-02,-0.00012404539594434993
2007-02-05,-0.0003748052657441825
2007-02-06,0.0
2007-02-07,0.0
2007-02-08,0.0
2007-02-09,-0.0010012066575414424
2007-02-12,-0.0010012066575414424
2007-02-13,-0.0011268487998079557
2007-02-14,0.0
2007-02-15,0.0
2007-02-16,0.0
2007-02-20,-0.00012434306797703965
2007-02-21,0.0
2007-02-22,-0.0006243287087328575
2007-02-23,0.0
2007-02-26,0.0
2007-02-27,0.0
2007-02-28,-0.0007443224060313947
2007-03-01,0.0
2007-03-02,0.0
2007-03-05,0.0
2007-03-06,-0.0008715909329697347
2007-03-07,0.0
2007-03-08,0.0
2007-03-09,-0.0017414461541835902
2007-03-12,-0.0008698971835178204
2007-03-13,0.0
2007-03-14,0.0
2007-03-15,-0.00024916749403391947
2007-03-16,-0.0003726288649515963
2007-03-19,-0.0012433946516006156
2007-03-20,-0.00037262886495170733
2007-03-21,0.0
2007-03-22,-0.0009936514842424637
2007-03-23,-0.0016144116589494883
2007-03-26,-0.0006204964142758618
2007-03-27,-0.0004964630715285079
2007-03-28,0.0
2007-03-29,-0.0004964630715285079
2007-03-30,-0.0004964630715285079
2007-04-02,-0.0003105119675689272
2007-04-03,-0.0003105119675689272
2007-04-04,0.0
2007-04-05,-0.0003735655104175617
2007-04-09,-0.002617199834146766
2007-04-10,-0.001370992674371796
2007-04-11,-0.001370992674371796
2007-04-12,-0.0014953826722821084
2007-04-13,-0.001994326972326377
2007-04-16,-0.002118914728579946
2007-04-17,-0.00049821918611892
2007-04-18,0.0
2007-04-19,0.0
2007-04-20,-0.00024968269353820016
2007-04-23,0.0
2007-04-24,0.0
2007-04-25,-0.00037279518581190274
2007-04-26,-0.0011190432765355585
2007-04-27,-0.0007451957401638509
2007-04-30,0.0
2007-05-01,-0.0004233737845926733
2007-05-02,0.0
2007-05-03,-0.0007495456656274602
2007-05-04,-0.0002499143221359468
2007-05-07,-0.0002499143221359468
2007-05-08,0.0
2007-05-09,-0.0007483067759274098
2007-05-10,0.0
2007-05-11,-0.00037400811260346334
2007-05-14,-0.0011232734420711932
2007-05-15,-0.0008729266512830236
2007-05-16,0.0
2007-05-17,-0.0006239482130871998
2007-05-18,-0.0016219892707465267
2007-05-21,-0.0013726597751461123
2007-05-22,-0.0011230673430884242
2007-05-23,-0.0013726597751461123
2007-05-24,-0.0009977781212022752
2007-05-25,-0.00037409284457234904
2007-05-29,-0.0013726597751461123
2007-05-30,-0.0006239482130873109
2007-05-31,-0.0012480936285172994
2007-06-01,-0.0017607539860674537
2007-06-04,-0.00138554366155208
2007-06-05,-0.0022621738100697675
2007-06-06,-0.0010094130594361372
2007-06-07,-0.0021360957788117974
2007-06-08,-0.0017607539860675647
2007-06-11,-0.0016364507758962477
2007-06-12,-0.002511306103327393
2007-06-13,-0.0022621738100699895
2007-06-14,-0.0022621738100699895
2007-06-15,-0.0008840581034358364
2007-06-18,-0.0008840581034358364
2007-06-19,0.0
2007-06-20,-0.0010014442391670375
2007-06-21,-0.0006260996807436747
2007-06-22,0.0
2007-06-25,0.0
2007-06-26,-0.0006239688629308127
2007-06-27,-0.000749011803411026
2007-06-28,-0.0009981796973933532
2007-06-29,0.0
2007-07-02,0.0
2007-07-03,-0.00037621245379093615
2007-07-05,-0.001752494101346147
2007-07-06,-0.0018775927613764454
2007-07-09,-0.0011267389515657866
2007-07-10,0.0
2007-07-11,-0.0004996924265231462
2007-07-12,-0.0011256325796060729
2007-07-13,-0.0006250897797950294
2007-07-16,0.0
2007-07-17,-0.0006252470876838556
2007-07-18,0.0
2007-07-19,-0.00012491404809389373
2007-07-20,0.0
2007-07-23,-0.0007479061725775837
2007-07-24,0.0
2007-07-25,0.0
2007-07-26,0.0
2007-07-27,0.0
2007-07-30,-0.0012409174138549028
2007-07-31,0.0
2007-08-01,-0.0009709803025444996
2007-08-02,-0.00047292849528890457
2007-08-03,0.0
2007-08-06,-0.0012446946445671125
2007-08-07,-0.00211368742343343
2007-08-08,-0.00285926029297745
2007-08-09,0.0
2007-08-10,-0.0003738230324356051
2007-08-13,0.0
2007-08-14,0.0
2007-08-15,0.0
2007-08-16,0.0
2007-08-17,0.0
2007-08-20,0.0
2007-08-21,0.0
2007-08-22,-0.0013560552171966167
2007-08-23,-0.0019719418026035163
2007-08-24,-0.003820950356227093
2007-08-27,-0.0024643170830008776
2007-08-28,0.0
2007-08-29,-0.0012327131171208094
2007-08-30,-0.000370488250725276
2007-08-31,-0.000370488250725276
2007-09-04,-0.000419681178452036
2007-09-05,0.0
2007-09-06,-0.0012339432304090403
2007-09-07,0.0
2007-09-10,0.0
2007-09-11,-0.0014774655189869756
2007-09-12,-0.0006158875991070234
2007-09-13,-0.002092202643126706
2007-09-14,-0.0022158787021006043
2007-09-17,-0.002338787777762863
2007-09-18,-0.0009850622330256353
2007-09-19,-0.0009850622330256353
2007-09-20,-0.003077137045600531
2007-09-21,-0.0017236032466911855
2007-09-24,-0.0006158875991066903
2007-09-25,0.0
2007-09-26,-0.0006150329910086239
2007-09-27,0.0
2007-09-28,-0.0011052524124505192
2007-10-01,-0.000895728006048313
2007-10-02,-0.00027928078051076
2007-10-03,-0.00040264681084145604
2007-10-04,0.0
2007-10-05,-0.0011103212203514845
2007-10-08,-0.0001229081366973528
2007-10-09,-0.0023443801754152727
2007-10-10,-0.0020969047059905543
2007-10-11,-0.0018499397584211819
2007-10-12,-0.002960324794004432
2007-10-15,-0.002960324794004432
2007-10-16,-0.001726712545564002
2007-10-17,0.0
2007-10-18,0.0
2007-10-19,0.0
2007-10-22,-0.0008591157523802906
2007-10-23,-0.0007363214053417444
2007-10-24,0.0
2007-10-25,-0.0006130283562731931
2007-10-26,-0.0004908287480988038
2007-10-29,-0.0004908287480988038
2007-10-30,-0.0006130283562733041
2007-10-31,-0.00220746041931863
2007-11-01,0.0
2007-11-02,0.0
2007-11-05,-0.00012281010278947235
2007-11-06,-0.0007380633960943905
2007-11-07,0.0
2007-11-08,0.0
2007-11-09,0.0
2007-11-12,0.0
2007-11-13,-0.0030515838634223025
2007-11-14,-0.00256364998943881
2007-11-15,0.0
2007-11-16,0.0
2007-11-19,0.0
2007-11-20,-0.0003657506986101122
2007-11-21,0.0
2007-11-23,-0.0010906330632313166
2007-11-26,0.0
2007-11-27,-0.003025234465806159
2007-11-28,-0.0038723375379549063
2007-11-29,-0.0020577581843178594
2007-11-30,-0.0015735834568041396
2007-12-03,0.0
2007-12-04,-0.0001210387543404412
2007-12-05,0.0
2007-12-06,-0.0020620185798516655
2007-12-07,-0.003154529511815163
2007-12-10,-0.003882143163360219
2007-12-11,-0.00024326485361214623
2007-12-12,-0.0027902553483371006
2007-12-13,-0.0042462303917558675
2007-12-14,-0.006673021628637921
2007-12-17,-0.0037598876196132114
2007-12-18,-0.004367738195173998
2007-12-19,-0.0018203738302845496
2007-12-20,-0.0010921370617990034
2007-12-21,-0.0026696199086359007
2007-12-24,-0.003518055934964348
2007-12-26,-0.004488809816733719
2007-12-27,-0.0023095829403539936
2007-12-28,-0.001092635555351329
2007-12-31,0.0
2008-01-02,0.0
2008-01-03,0.0
2008-01-04,0.0
2008-01-07,-0.0006052924350840039
2008-01-08,0.0
2008-01-09,-0.00048402165018435195
2008-01-10,-0.00048402165018435195
2008-01-11,0.0
2008-01-14,0.0
2008-01-15,0.0
2008-01-16,0.0
2008-01-17,0.0
2008-01-18,0.0
2008-01-22,0.0
2008-01-23,-0.00047734693586320986
2008-01-24,-0.0035887988710261443
2008-01-25,-0.0009567149711469103
2008-01-28,-0.0014355930429347241
2008-01-29,-0.002033409753348092
2008-01-30,-0.0013157969681916182
2008-01-31,-0.0003582858063638783
2008-02-01,0.0
2008-02-04,0.0
2008-02-05,0.0
2008-02-06,0.0
2008-02-07,-0.0013151852538125786
2008-02-08,0.0
2008-02-11,0.0
2008-02-12,0.0
2008-02-13,0.0
2008-02-14,-0.0007163823156186577
2008-02-15,-0.0017901026627776817
2008-02-19,-0.00250660685357762
2008-02-20,-0.0036992773776750587
2008-02-21,-0.0009544654822675191
2008-02-22,-0.0020289170805143364
2008-02-25,-0.003580753763871347
2008-02-26,-0.002148111007815201
2008-02-27,-0.0009544654822675191
2008-02-28,0.0
2008-02-29,0.0
2008-03-03,0.0
2008-03-04,-0.00023764296021988596
2008-03-05,-0.0008322051508186101
2008-03-06,0.0
2008-03-07,-0.0004756614256373748
2008-03-10,0.0
2008-03-11,-0.004984135778649423
2008-03-12,-0.0017800268948245934
2008-03-13,-0.002254741048871578
2008-03-14,0.0
2008-03-17,0.0
2008-03-18,-0.0035500028066957068
2008-03-19,-0.0024853275534495456
2008-03-20,-0.0036689029992091893
2008-03-24,-0.007810211175062642
2008-03-25,-0.007100126201821988
2008-03-26,-0.004968966868871383
2008-03-27,-0.003905678382576272
2008-03-28,-0.0034320673216264863
2008-03-31,-0.003195412526689756
2008-04-01,-0.006799981598205163
2008-04-02,-0.007630052059833914
2008-04-03,-0.008341162034734007
2008-04-04,-0.006562241507393707
2008-04-07,-0.008460001933032313
2008-04-08,-0.007867611267999841
2008-04-09,-0.0059693684886389375
2008-04-10,-0.0063255867124569765
2008-04-11,-0.0046656869660604006
2008-04-14,-0.005258559984815059
2008-04-15,-0.006562241507393485
2008-04-16,-0.00869725967012136
2008-04-17,-0.010475336078447972
2008-04-18,-0.011069475275723328
2008-04-21,-0.012017179751344864
2008-04-22,-0.011661926234971087
2008-04-23,-0.011661926234971087
2008-04-24,-0.01438903359165511
2008-04-25,-0.014270856929724851
2008-04-28,-0.01320250372934706
2008-04-29,-0.013440484997019553
2008-04-30,-0.011542784865596345
2008-05-01,-0.013302170067189145
2008-05-02,-0.014607600122010456
2008-05-05,-0.013539005744771626
2008-05-06,-0.012944625370635232
2008-05-07,-0.01175694991823728
2008-05-08,-0.010925613278087831
2008-05-09,-0.010569395054269792
2008-05-12,-0.012469446660088646
2008-05-13,-0.014133325824692955
2008-05-14,-0.014846003449190182
2008-05-15,-0.014014124161103148
2008-05-16,-0.013776504658722044
2008-05-19,-0.012707729398837353
2008-05-20,-0.011281288853968174
2008-05-21,-0.012351571469234712
2008-05-22,-0.015083683245786239
2008-05-23,-0.013182847815168874
2008-05-27,-0.014251261309761953
2008-05-28,-0.016033377430511697
2008-05-29,-0.01639074124441986
2008-05-30,-0.014964602170626895
2008-06-02,-0.013023007850486823
2008-06-03,-0.0115925878874098
2008-06-04,-0.011950072289748426
2008-06-05,-0.013261350883450929
2008-06-06,-0.011950072289748426
2008-06-09,-0.01695425098033776
2008-06-10,-0.01921727376208504
2008-06-11,-0.017549415179272776
2008-06-12,-0.02231513024846732
2008-06-13,-0.021243400572034332
2008-06-16,-0.02064630695821057
2008-06-17,-0.018740768578802025
2008-06-18,-0.017788662625465745
2008-06-19,-0.019694080416443605
2008-06-20,-0.017907321641117968
2008-06-23,-0.018980016024995217
2008-06-24,-0.01719199107114877
2008-06-25,-0.01647720314911716
2008-06-26,-0.013618835285789221
2008-06-27,-0.0131429330446593
2008-06-30,-0.012546442372988298
2008-07-01,-0.012797025131652484
2008-07-02,-0.012678064644923714
2008-07-03,-0.011005261936459232
2008-07-07,-0.010408228616850868
2008-07-08,-0.010288966659045884
2008-07-09,-0.008616887481164848
2008-07-10,-0.009811617356749625
2008-07-11,-0.011842627998135957
2008-07-14,-0.009571947851049312
2008-07-15,-0.008138573471423993
2008-07-16,-0.009094477960322367
2008-07-17,-0.010527792045732398
2008-07-18,-0.012319012592988066
2008-07-21,-0.011842627998135957
2008-07-22,-0.012678064644923825
2008-07-23,-0.013155413947220196
2008-07-24,-0.010408228616850979
2008-07-25,-0.011723124863469825
2008-07-28,-0.009691752456791769
2008-07-29,-0.010527792045732287
2008-07-30,-0.010288966659045773
2008-07-31,-0.008258860430888526
2008-08-01,-0.008066582178390846
2008-08-04,-0.008186808843640203
2008-08-05,-0.00866669050297808
2008-08-06,-0.008546825603020447
2008-08-07,-0.006388714755844016
2008-08-08,-0.007227769055548117
2008-08-11,-0.008546825603020558
2008-08-12,-0.006748610926793686
2008-08-13,-0.006868053767244531
2008-08-14,-0.0065088811268781965
2008-08-15,-0.005789329961840339
2008-08-18,-0.004950818310073601
2008-08-19,-0.004232834794632656
2008-08-20,-0.0029140194240213635
2008-08-21,-0.003753073723725353
2008-08-22,-0.005550383986723362
2008-08-25,-0.003872395975745624
2008-08-26,-0.004232834794632656
2008-08-27,-0.003633027941121858
2008-08-28,-0.004112427246737438
2008-08-29,-0.003633027941121969
2008-09-02,-0.00237155236923281
2008-09-03,-0.0020103297255473773
2008-09-04,-0.0014105831662519774
2008-09-05,-0.0017702381603403872
2008-09-08,-0.0022514462924142498
2008-09-09,-0.0006889819978946887
2008-09-10,-0.0004485286673959754
2008-09-11,-0.0008090277804982948
2008-09-12,-0.0006889819978946887
2008-09-15,0.0
2008-09-16,-0.0017915706672001486
2008-09-17,0.0
2008-09-18,-0.0032148578867474686
2008-09-19,-0.00880921594585271
2008-09-22,-0.008094637158777895
2008-09-23,-0.007382029541139978
2008-09-24,-0.005237815320657924
2008-09-25,-0.007024471351770312
2008-09-26,-0.007024471351770312
2008-09-29,-0.0013096330273861811
2008-09-30,-0.005237815320657924
2008-10-01,-0.0021330442603403332
2008-10-02,0.0
2008-10-03,0.0
2008-10-06,0.0
2008-10-07,0.0
2008-10-08,-0.004280078494553474
2008-10-09,-0.0036858064003086888
2008-10-10,-0.002142208557351921
2008-10-13,-0.006538300566053312
2008-10-14,-0.006300033056719556
2008-10-15,-0.002972311401667871
2008-10-16,-0.003566642929065389
2008-10-17,-0.0028529101978137517
2008-10-20,-0.003566642929065611
2008-10-21,-0.0015457374364556964
2008-10-22,-0.00012005496853451092
2008-10-23,-0.0007141487633210986
2008-10-24,0.0
2008-10-27,-0.002493761140184403
2008-10-28,-0.0013061879196754056
2008-10-29,-0.000712876719036637
2008-10-30,0.0
2008-10-31,0.0
2008-11-03,0.0
2008-11-04,-0.00035698364822822626
2008-11-05,0.0
2008-11-06,0.0
2008-11-07,-0.0017822105351732453
2008-11-10,0.0
2008-11-11,0.0
2008-11-12,0.0
2008-11-13,-0.0024858085204541025
2008-11-14,-0.0027230800581529158
2008-11-17,-0.0009476710123995646
2008-11-18,0.0
2008-11-19,0.0
2008-11-20,0.0
2008-11-21,-0.0016521644906155597
2008-11-24,-0.004128648353629472
2008-11-25,-0.0033023310586005605
2008-11-26,-0.00023481467152175473
2008-11-28,0.0
2008-12-01,0.0
2008-12-02,-0.00011822868101130091
2008-12-03,0.0
2008-12-04,0.0
2008-12-05,-0.0011794131760313187
2008-12-08,-0.002595763604117951
2008-12-09,0.0
2008-12-10,-0.0012976205604752211
2008-12-11,0.0
2008-12-12,0.0
2008-12-15,0.0
2008-12-16,0.0
2008-12-17,-0.002116201504153592
2008-12-18,-0.0016465185407379401
2008-12-19,-0.0025872861575868544
2008-12-22,-0.0044697558512964974
2008-12-23,-0.004234505543333489
2008-12-24,-0.003999255235370702
2008-12-26,-0.0028230036955558813
2008-12-29,-0.0006256209778798816
2008-12-30,0.0
2008-12-31,-0.00047221917321937923
2009-01-02,-0.005785035182897302
2009-01-05,-0.003777870156075225
2009-01-06,-0.0033056509828558456
2009-01-07,-0.004013512661405816
2009-01-08,-0.003777870156075225
2009-01-09,-0.0030691910852866933
2009-01-12,-0.0028335485799562132
2009-01-13,-0.002714793164732776
2009-01-14,-0.0015336613800852605
2009-01-15,-0.002597088682387283
2009-01-16,-0.0021252198201272554
2009-01-20,-0.001652066484349679
2009-01-21,-0.003187479419231476
2009-01-22,-0.002714793164732887
2009-01-23,-0.0029513698326216753
2009-01-26,-0.004249972558975079
2009-01-27,-0.003187479419231476
2009-01-28,-0.0035417605694658683
2009-01-29,-0.005431104343622706
2009-01-30,-0.004839545903580711
2009-02-02,-0.0039177609991805085
2009-02-03,-0.004981888923401345
2009-02-04,-0.006637692057983702
2009-02-05,-0.006401348930734518
2009-02-06,-0.0069925570598170506
2009-02-09,-0.0073471885210107946
2009-02-10,-0.005100994649584245
2009-02-11,-0.005337221006513904
2009-02-12,-0.0041545712077091235
2009-02-13,-0.006045783306982688
2009-02-17,-0.003444957974362284
2009-02-18,-0.005100994649584245
2009-02-19,-0.005455275799818637
2009-02-20,-0.00462690715124825
2009-02-23,-0.004745545796152051
2009-02-24,-0.005455275799818637
2009-02-25,-0.0073471885210107946
2009-02-26,-0.006874852577471557
2009-02-27,-0.006283177367109705
2009-03-02,-0.004043289092951596
2009-03-03,-0.0048745769995166555
2009-03-04,-0.005939872626935294
2009-03-05,-0.0047555880436535025
2009-03-06,-0.005466602520837749
2009-03-09,-0.006413259503352475
2009-03-10,-0.007005752105952778
2009-03-11,-0.00653178137793653
2009-03-12,-0.006176449294824082
2009-03-13,-0.00534738002433488
2009-03-16,-0.006649252319642418
2009-03-17,-0.006887230231368724
2009-03-18,-0.003096515340116901
2009-03-19,-0.004281383774997538
2009-03-20,-0.00309651534011679
2009-03-23,-0.00392686908412343
2009-03-24,-0.005229208460710066
2009-03-25,-0.005466602520837527
2009-03-26,-0.004163328981692471
2009-03-27,-0.003689007942716871
2009-03-30,-0.002741767108603188
2009-03-31,-0.001321256168391849
2009-04-01,-0.0015453384120635016
2009-04-02,-0.0032069800626352007
2009-04-03,-0.005460764004847962
2009-04-06,-0.004748815365105297
2009-04-07,-0.004392899430393782
2009-04-08,-0.004392899430393782
2009-04-09,-0.005579752960710893
2009-04-13,-0.0036809507906513383
2009-04-14,-0.002850947357603939
2009-04-15,-0.0023760424670293823
2009-04-16,-0.003800290057473843
2009-04-17,-0.004868504942887042
2009-04-20,-0.0039185783914180705
2009-04-21,-0.003800290057473621
2009-04-22,-0.003800290057473621
2009-04-23,-0.004512238697216064
2009-04-24,-0.004512238697216064
2009-04-27,-0.0033255019372187
2009-04-28,-0.004275078177728209
2009-04-29,-0.003800290057473399
2009-04-30,-0.0029691189212281976
2009-05-01,-0.0037185508336223805
2009-05-04,-0.003955828123429983
2009-05-05,-0.004194039575795894
2009-05-06,-0.003599912188718579
2009-05-07,-0.005026028104279545
2009-05-08,-0.004312444680059868
2009-05-11,-0.002648817934051695
2009-05-12,-0.0027671062679961445
2009-05-13,-0.00229208460710173
2009-05-14,-0.0019357015911111164
2009-05-15,-0.002053873154735819
2009-05-18,-0.0030047338687629876
2009-05-19,-0.0024104897113659263
2009-05-20,-0.0011031292110283974
2009-05-21,-0.0024104897113659263
2009-05-22,-0.002173095651238466
2009-05-26,-0.003479872299977038
2009-05-27,-0.0037185508336220474
2009-05-28,-0.0038375397894852004
2009-05-29,-0.0024104897113659263
2009-06-01,-0.003232552762667651
2009-06-02,-0.0035896364005769676
2009-06-03,-0.0018032840484724089
2009-06-04,-0.002755779546976589
2009-06-05,-0.009305076472881146
2009-06-08,-0.011924001205068424
2009-06-09,-0.009661809799831111
2009-06-10,-0.009779981363455703
2009-06-11,-0.00966180979983089
2009-06-12,-0.008590091804823952
2009-06-15,-0.007875807758685682
2009-06-16,-0.006804440074638096
2009-06-17,-0.005732488538991554
2009-06-18,-0.007399618394593466
2009-06-19,-0.006804440074638207
2009-06-22,-0.005495094478864315
2009-06-23,-0.005495094478864315
2009-06-24,-0.005613382812808876
2009-06-25,-0.0037089756673993612
2009-06-26,-0.00323255276266754
2009-06-29,-0.00323255276266754
2009-06-30,-0.0033516584888505507
2009-07-01,-0.002374174141911878
2009-07-02,-0.0013004710514685769
2009-07-06,-0.0009436209541988649
2009-07-07,-0.0010622595991026662
2009-07-08,0.0
2009-07-09,-0.00047630763427419787
2009-07-10,0.0
2009-07-13,-0.0005955385587592676
2009-07-14,-0.0013094848818948623
2009-07-15,-0.0036918724327241748
2009-07-16,-0.002143005548366106
2009-07-17,-0.0025004453415176098
2009-07-20,-0.0026193197374776434
2009-07-21,-0.0014284759357506838
2009-07-22,-0.0019054900722379475
2009-07-23,-0.0036918724327240637
2009-07-24,-0.0030958672423809785
2009-07-27,-0.0038105135128920775
2009-07-28,-0.004406285387443365
2009-07-29,-0.005000657367243311
2009-07-30,-0.004883299523930518
2009-07-31,-0.0032152082699246076
2009-08-03,-0.00462291910019863
2009-08-04,-0.005458072977213013
2009-08-05,-0.005814929480884801
2009-08-06,-0.005814929480884801
2009-08-07,-0.0074852372349135665
2009-08-10,-0.005934620482116348
2009-08-11,-0.004861017865806394
2009-08-12,-0.00450346141475888
2009-08-13,-0.002833503634418144
2009-08-14,-0.002118157416531208
2009-08-17,-0.001043971510741648
2009-08-18,-0.0012833535132048546
2009-08-19,-0.0008063393767177018
2009-08-20,-0.001043971510741648
2009-08-21,-0.0025944716056428563
2009-08-24,-0.001402344567060898
2009-08-25,-0.001402344567060898
2009-08-26,-0.0008063393767179239
2009-08-27,-0.0009247471410941399
2009-08-28,0.0
2009-08-31,0.0
2009-09-01,0.0
2009-09-02,0.0
2009-09-03,-0.0009526908543190382
2009-09-04,-0.0014292107882903915
2009-09-08,-0.0013097317911741069
2009-09-09,-0.0011916488485517185
2009-09-10,-0.0005962316068365281
2009-09-11,-0.0009526908543190382
2009-09-14,-0.001548457109657675
2009-09-15,-0.0010720535135608777
2009-09-16,-0.0023819016426093187
2009-09-17,-0.0009526908543190382
2009-09-18,-0.001905963398010746
2009-09-21,-0.001548457109657675
2009-09-22,-0.0017867170766433516
2009-09-23,-0.00023860898060923397
2009-09-24,-1.1102230246251565e-16
2009-09-25,-0.00035738995047851496
2009-09-28,-0.00047582190672434965
2009-09-29,-0.0005962316068367501
2009-09-30,0.0
2009-10-01,0.0
2009-10-02,0.0
2009-10-05,0.0
2009-10-06,-0.0005957197362761457
2009-10-07,0.0
2009-10-08,-0.000952471686073264
2009-10-09,-0.0023787423358694326
2009-10-12,-0.001188732937638326
2009-10-13,-0.00059506272005172
2009-10-14,-0.0019033187859375245
2009-10-15,-0.0024976852547565764
2009-10-16,-0.0019033187859375245
2009-10-19,-0.0019033187859375245
2009-10-20,-0.0014278952360056163
2009-10-21,-0.0019033187859376355
2009-10-22,-0.0017840277414342687
2009-10-23,-0.003449228605853283
2009-10-26,-0.00451948279209291
2009-10-27,-0.0024976852547567985
2009-10-28,-0.0010706023118560726
2009-10-29,-0.0019033187859377465
2009-10-30,-0.0007133093877064178
2009-11-02,-0.0005949466781797197
2009-11-03,-0.0007129612620900838
2009-11-04,-0.0008328325159538963
2009-11-05,0.0
2009-11-06,0.0
2009-11-09,0.0
2009-11-10,-0.0002379191673107517
2009-11-11,0.0
2009-11-12,-0.00011943965540206491
2009-11-13,0.0
2009-11-16,0.0
2009-11-17,0.0
2009-11-18,0.0
2009-11-19,0.0
2009-11-20,0.0
2009-11-23,-0.00011844549084150113
2009-11-24,0.0
2009-11-25,0.0
2009-11-27,0.0
2009-11-30,0.0
2009-12-01,0.0
2009-12-02,-0.0008360105906985993
2009-12-03,-0.0014324355952167744
2009-12-04,-0.003939082479530898
2009-12-07,-0.0017904290867060135
2009-12-08,-0.0008360105906987103
2009-12-09,-0.0015513051297860736
2009-12-10,-0.0019091832139600529
2009-12-11,-0.0029839715396330346
2009-12-14,-0.004058759865306127
2009-12-15,-0.004297075971020026
2009-12-16,-0.003580973580726843
2009-12-17,-0.0016707517009310058
2009-12-18,-0.0023876619424301193
2009-12-21,-0.00393908247953112
2009-12-22,-0.005132740339773401
2009-12-23,-0.005132740339773401
2009-12-24,-0.0063263982000155705
2009-12-28,-0.0077590646098624205
2009-12-29,-0.007101473728332808
2009-12-30,-0.007460390478342793
2009-12-31,-0.008655664040996713
2010-01-04,-0.007340597685252637
2010-01-05,-0.006146709010380169
2010-01-06,-0.006026223773399453
2010-01-07,-0.006265347730319282
2010-01-08,-0.005310121383106159
2010-01-11,-0.0048310656180607925
2010-01-12,-0.003994824212732007
2010-01-13,-0.0048310656180607925
2010-01-14,-0.003875723863532521
2010-01-15,-0.0030392516435736594
2010-01-19,-0.00280093553785965
2010-01-20,-0.00280093553785965
2010-01-21,-0.001964347910585529
2010-01-22,-0.0011276448759962587
2010-01-25,-0.001964347910585418
2010-01-26,-0.0018447859321254478
2010-01-27,-0.002202664016299316
2010-01-28,-0.001724531509774807
2010-01-29,-0.0007689589406164599
2010-02-01,-0.0011989665967376828
2010-02-02,-0.0010800970621684947
2010-02-03,-0.0017983921914489498
2010-02-04,-0.00036191734020318833
2010-02-05,0.0
2010-02-08,-0.0007174386701747082
2010-02-09,-0.0016737161778499487
2010-02-10,-0.0027480298677647896
2010-02-11,-0.0023898868812235463
2010-02-12,-0.001553835680263016
2010-02-16,-0.0014346468009314162
2010-02-17,-0.002271159080728835
2010-02-18,-0.0028677950956428333
2010-02-19,-0.0032265144307301874
2010-02-22,-0.0028677950956427223
2010-02-23,-0.0020323202432281917
2010-02-24,-0.001553835680262905
2010-02-25,-0.0007174386701747082
2010-02-26,-0.0003592956836335759
2010-03-01,-0.0005392316997232527
2010-03-02,-0.0005392316997232527
2010-03-03,-0.0006578442305089638
2010-03-04,-0.0010167941050146512
2010-03-05,-0.00185330638481207
2010-03-08,-0.002332597835741801
2010-03-09,-0.001614698086730093
2010-03-10,-0.001853306384811959
2010-03-11,-0.003049921236207398
2010-03-12,-0.002929925468911132
2010-03-15,-0.002572013021788111
2010-03-16,-0.00233259783574169
2010-03-17,-0.0020929521102768245
2010-03-18,-0.0026903950131553778
2010-03-19,-0.0034081794924579745
2010-03-22,-0.003049921236207398
2010-03-23,-0.0034081794924580855
2010-03-24,-0.004963744218359323
2010-03-25,-0.004604448534725747
2010-03-26,-0.004005622395336639
2010-03-29,-0.0035274836414991295
2010-03-30,-0.0037674751760916614
2010-03-31,-0.003049921236207731
2010-04-01,-0.003408525301585863
2010-04-05,-0.006160820148591761
2010-04-06,-0.005443612017835275
2010-04-07,-0.0038877014828062606
2010-04-08,-0.004126886129434237
2010-04-09,-0.0038877014828062606
2010-04-12,-0.003408525301585752
2010-04-13,-0.0036482862967598395
2010-04-14,-0.0036482862967598395
2010-04-15,-0.0029308476265850203
2010-04-16,-0.0013738996641732282
2010-04-19,-0.002331790947777579
2010-04-20,-0.00221110356222598
2010-04-21,-0.002092491031440269
2010-04-22,-0.0028107365895797543
2010-04-23,-0.003169340654957997
2010-04-26,-0.003169340654957997
2010-04-27,-0.0012542497060046287
2010-04-28,-0.0014948175891432713
2010-04-29,-0.0012542497060046287
2010-04-30,-5.775012431841198e-05
2010-05-03,-0.0010403091256955266
2010-05-04,-0.00044067609834175236
2010-05-05,0.0
2010-05-06,0.0
2010-05-07,-0.0003584387973510905
2010-05-10,-0.0016725611595536094
2010-05-11,-0.0010753163920531605
2010-05-12,-0.0013136626779480798
2010-05-13,-0.0007166477525750725
2010-05-14,0.0
2010-05-17,-0.000357880374235342
2010-05-18,0.0
2010-05-19,-0.00047652648004392617
2010-05-20,0.0
2010-05-21,-0.0007153106176431834
2010-05-24,-0.0008338982685398566
2010-05-25,-0.0009527152959375451
2010-05-26,-0.0017874163822302336
2010-05-27,-0.0025034151293759077
2010-05-28,-0.0013952673741746136
2010-06-01,-0.012629365062831854
2010-06-02,0.0
2010-06-03,0.0
2010-06-04,-0.02329449793284366
2010-06-07,-0.03158382469245802
2010-06-08,-0.026372249618024757
2010-06-09,-0.027979902263311818
2010-06-10,-0.00957852345729937
2010-06-11,-0.004798425716486587
2010-06-14,-0.0034404401898300296
2010-06-15,0.0
2010-06-16,-2.8426095595723844e-05
2010-06-17,0.0
2010-06-18,0.0
2010-06-21,-0.0012930664004549008
2010-06-22,-0.00928484329999546
2010-06-23,-0.011533462885176538
2010-06-24,-0.020139791512614913
2010-06-25,-0.013092093424866058
2010-06-28,-0.016948175821977163
2010-06-29,-0.03945045879398046
2010-06-30,-0.044205970914502624
2010-07-01,-0.0480542107059887
2010-07-02,-0.05013733398097242
2010-07-06,-0.0469061767329757
2010-07-07,-0.026032920886103206
2010-07-08,-0.019721552938222087
2010-07-09,-0.014123867013923208
2010-07-12,-0.018187642186743402
2010-07-13,-0.005034105547816692
2010-07-14,-0.004536491672339493
2010-07-15,-0.003532436037350317
2010-07-16,-0.023074134648165545
2010-07-19,-0.01947093029571434
2010-07-20,-0.009463465605148769
2010-07-21,-0.017509373774643122
2010-07-22,0.0
2010-07-23,0.0
2010-07-26,0.0
2010-07-27,-0.0034166844913318117
2010-07-28,-0.007123814481562074
2010-07-29,-0.005563618608550702
2010-07-30,-0.00239100948339932
2010-08-02,0.0
2010-08-03,0.0
2010-08-04,0.0
2010-08-05,0.0
2010-08-06,0.0
2010-08-09,0.0
2010-08-10,-0.0029975736157835664
2010-08-11,-0.011865807843848164
2010-08-12,-0.014107064287912197
2010-08-13,-0.012243459102586285
2010-08-16,-0.005199858381892852
2010-08-17,-0.0016814932940075744
2010-08-18,-0.0013006125108639965
2010-08-19,-0.0031812456134158174
2010-08-20,-0.005619588117942609
2010-08-23,-0.00801565758902889
2010-08-24,-0.008804349580452286
2010-08-25,-0.007669791822613181
2010-08-26,-0.0049897185017240275
2010-08-27,-0.004860103524657267
2010-08-30,-0.003598134635405148
2010-08-31,-0.0025633184078311944
2010-09-01,0.0
2010-09-02,0.0
2010-09-03,-0.00017149267131122414
2010-09-07,0.0
2010-09-08,-1.942000383814424e-05
2010-09-09,-0.005539774725213387
2010-09-10,-0.004041717969944014
2010-09-13,0.0
2010-09-14,0.0
2010-09-15,-0.0032911653706738653
2010-09-16,-0.007047023075908654
2010-09-17,-0.005359292160353246
2010-09-20,0.0
2010-09-21,0.0
2010-09-22,0.0
2010-09-23,-0.0008534815140119889
2010-09-24,0.0
2010-09-27,0.0
2010-09-28,0.0
2010-09-29,0.0
2010-09-30,0.0
2010-10-01,0.0
2010-10-04,-0.0027641753746380227
2010-10-05,0.0
2010-10-06,0.0
2010-10-07,-0.005305492767763709
2010-10-08,0.0
2010-10-11,-0.0005115603521113066
2010-10-12,-0.0021952203973539808
2010-10-13,0.0
2010-10-14,-0.00402077978130333
2010-10-15,-0.010071718351886583
2010-10-18,-0.004450345193926286
2010-10-19,-0.016442884964264937
2010-10-20,-0.006588662555113811
2010-10-21,-0.014158349308952545
2010-10-22,-0.009680214861314429
2010-10-25,-0.005670744522899063
2010-10-26,-0.009399715488975113
2010-10-27,-0.015323363552457558
2010-10-28,-0.010906408946984802
2010-10-29,-0.008002829721819205
2010-11-01,-0.008251012688915038
2010-11-02,0.0
2010-11-03,-0.0019392972381708784
2010-11-04,0.0
2010-11-05,-0.0034566561752533698
2010-11-08,-0.002158836583382673
2010-11-09,-0.013461788500599425
2010-11-10,-0.008714506099753883
2010-11-11,-0.01288824370737518
2010-11-12,-0.030271697269810605
2010-11-15,-0.03724104924437688
2010-11-16,-0.04385753508174828
2010-11-17,-0.04609798142257204
2010-11-18,-0.033127747814738706
2010-11-19,-0.03439578913238728
2010-11-22,-0.03232519566698766
2010-11-23,-0.03725527158033248
2010-11-24,-0.03396659260917656
2010-11-26,-0.03356146073369548
2010-11-29,-0.03127160429816933
2010-11-30,-0.033829504282636536
2010-12-01,-0.017442686488245207
2010-12-02,-0.009373776686159241
2010-12-03,-0.0038980886454037522
2010-12-06,-0.002679677354391452
2010-12-07,-0.006082678901587091
2010-12-08,-0.005698752123545647
2010-12-09,-0.004990479943160486
2010-12-10,-0.002932132586565994
2010-12-13,-0.00018541543735051125
2010-12-14,-0.0014950409963632172
2010-12-15,-0.0071225230862010935
2010-12-16,-0.003357323364818865
2010-12-17,0.0
2010-12-20,0.0
2010-12-21,0.0
2010-12-22,0.0
2010-12-23,-0.0003914215389652087
2010-12-27,0.0
2010-12-28,0.0
2010-12-29,0.0
2010-12-30,-0.0036010165457892596
2010-12-31,0.0
2011-01-03,0.0
2011-01-04,-0.004520189460093804
2011-01-05,-0.000404906376395453
2011-01-06,-0.004422792962261335
2011-01-07,-0.006489369468084205
2011-01-10,-0.002860435842976128
2011-01-11,0.0
2011-01-12,0.0
2011-01-13,0.0
2011-01-14,0.0
2011-01-18,0.0
2011-01-19,-0.0073771750221017784
2011-01-20,-0.01459709643700291
2011-01-21,-0.013481043662270764
2011-01-24,-0.010267669202292606
2011-01-25,-0.012116220007926115
2011-01-26,-0.0036855660233559018
2011-01-27,-0.003388931071692358
2011-01-28,-0.012836850838079283
2011-01-31,-0.00589232004593665
2011-02-01,0.0
2011-02-02,0.0
2011-02-03,-0.0011380606355240186
2011-02-04,-0.0013457072546408932
2011-02-07,0.0
2011-02-08,0.0
2011-02-09,-0.0004881906290523652
2011-02-10,-0.00230515460045011
2011-02-11,0.0
2011-02-14,0.0
2011-02-15,-0.004521717323920593
2011-02-16,0.0
2011-02-17,0.0
2011-02-18,0.0
2011-02-22,-0.013909780818914919
2011-02-23,-0.013038825788069586
2011-02-24,-0.012983005104228562
2011-02-25,0.0
2011-02-28,0.0
2011-03-01,-0.005308361949219242
2011-03-02,-0.0027096638513077753
2011-03-03,0.0
2011-03-04,-0.0015080445048540891
2011-03-07,-0.009330788329299677
2011-03-08,-0.00721262100860709
2011-03-09,-0.0075488397381127115
2011-03-10,-0.02207059145850454
2011-03-11,-0.02160583628252155
2011-03-14,-0.02502433188684061
2011-03-15,-0.04055185018097773
2011-03-16,-0.048861091735797446
2011-03-17,-0.034678521620771785
2011-03-18,-0.029342119625947016
2011-03-21,-0.0176985926781541
2011-03-22,-0.017581788133937515
2011-03-23,-0.01564451507677156
2011-03-24,-0.009299315829011223
2011-03-25,-0.008043916541045859
2011-03-28,-0.012611273313363425
2011-03-29,-0.0075279159844448
2011-03-30,-0.002498529045299569
2011-03-31,0.0
2011-04-01,0.0
2011-04-04,0.0
2011-04-05,0.0
2011-04-06,0.0
2011-04-07,-0.0013904836381084529
2011-04-08,0.0
2011-04-11,-0.006914321965390657
2011-04-12,-0.016368253731365967
2011-04-13,-0.01209813744554844
2011-04-14,-0.011148065037417498
2011-04-15,-0.007196968778223067
2011-04-18,-0.01583285649310584
2011-04-19,-0.012968225189525784
2011-04-20,0.0
2011-04-21,0.0
2011-04-25,-0.0004844386012051727
2011-04-26,0.0
2011-04-27,0.0
2011-04-28,0.0
2011-04-29,0.0
2011-05-02,-0.004093960244017314
2011-05-03,-0.010413678068689425
2011-05-04,-0.018035895083894138
2011-05-05,-0.03830964200229281
2011-05-06,-0.03672834672573433
2011-05-09,-0.024392409129977977
2011-05-10,-0.01707304586948999
2011-05-11,-0.03175319815212696
2011-05-12,-0.028658394778033114
2011-05-13,-0.03440625454178403
2011-05-16,-0.04232524694357698
2011-05-17,-0.04132524650572755
2011-05-18,-0.0319439178676626
2011-05-19,-0.03209640794683433
2011-05-20,-0.034321082400885605
2011-05-23,-0.04680853278219055
2011-05-24,-0.04472828222777847
2011-05-25,-0.037104500501380255
2011-05-26,-0.03136866968646712
2011-05-27,-0.026788005790069014
2011-05-31,-0.017794174937445395
2011-06-01,-0.02397881642527888
2011-06-02,-0.026058330810176944
2011-06-03,-0.02522885126230856
2011-06-06,-0.0328645880368148
2011-06-07,-0.028316907236162536
2011-06-08,-0.027613725778261045
2011-06-09,-0.025393522977279592
2011-06-10,-0.03168564643732774
2011-06-13,-0.03515774941686245
2011-06-14,-0.03208532103253803
2011-06-15,-0.03983642608546911
2011-06-16,-0.041090960106856755
2011-06-17,-0.04088326568040268
2011-06-20,-0.04079669897467508
2011-06-21,-0.03622524726240739
2011-06-22,-0.0372160490894321
2011-06-23,-0.04168345498301873
2011-06-24,-0.04773244114389108
2011-06-27,-0.049030529842885806
2011-06-28,-0.044003039828984125
2011-06-29,-0.038014913026849895
2011-06-30,-0.03875410005381663
2011-07-01,-0.03627487138459795
2011-07-05,-0.030888587819008384
2011-07-06,-0.029392219825669752
2011-07-07,-0.022456087925640467
2011-07-08,-0.01998241711793347
2011-07-11,-0.02332294338844132
2011-07-12,-0.021266929418369718
2011-07-13,-0.013682594859563024
2011-07-14,-0.02130814280875215
2011-07-15,-0.016784401870313714
2011-07-18,-0.023106805935995345
2011-07-19,-0.01310243860416771
2011-07-20,-0.013711201564255093
2011-07-21,-0.013920883640032744
2011-07-22,-0.008864071993896161
2011-07-25,-0.014598257519710778
2011-07-26,-0.010331161679652534
2011-07-27,-0.018769077569018133
2011-07-28,-0.01881964241978784
2011-07-29,-0.014927692889272426
2011-08-01,-0.012311166060226753
2011-08-02,-0.0017508506868547657
2011-08-03,-0.002642495726540517
2011-08-04,-0.0011955812335544547
2011-08-05,-0.010868956189990064
2011-08-08,-0.0104267731961466
2011-08-09,0.0
2011-08-10,0.0
2011-08-11,-0.013517082033538297
2011-08-12,-0.004294464134711573
2011-08-15,-0.0034655913252177317
2011-08-16,0.0
2011-08-17,0.0
2011-08-18,-0.00011123759854581028
2011-08-19,0.0
2011-08-22,0.0
2011-08-23,-0.0027947433004181788
2011-08-24,-0.01778083046945611
2011-08-25,-0.014512587035692914
2011-08-26,-0.0060463686733549515
2011-08-29,-0.009337624890369156
2011-08-30,0.0
2011-08-31,-0.003928882133519607
2011-09-01,0.0
2011-09-02,0.0
2011-09-06,-0.00011889289448063778
2011-09-07,-0.004817660579909511
2011-09-08,-0.0025309778659238225
2011-09-09,-0.00428385877561499
2011-09-12,-0.0068307537351395275
2011-09-13,-0.010644104622406059
2011-09-14,-0.0069830995305256716
2011-09-15,-0.011347408275839688
2011-09-16,-0.008491193496049987
2011-09-19,-0.006556113782386963
2011-09-20,-0.0039046287425186232
2011-09-21,0.0
2011-09-22,0.0
2011-09-23,-0.011920442667636588
2011-09-26,-0.016241650302097344
2011-09-27,-0.016632688671103235
2011-09-28,-0.0236931139179698
2011-09-29,-0.017237892757132278
2011-09-30,-0.015261474623540994
2011-10-03,-0.0070750190086581455
2011-10-04,-0.012181156164368101
2011-10-05,-0.010757604816015842
2011-10-06,-0.012058910523083832
2011-10-07,-0.017082548520296892
2011-10-10,-0.014740116617719234
2011-10-11,-0.014840518269772729
2011-10-12,-0.01802982886802218
2011-10-13,-0.014048312288360787
2011-10-14,-0.014764679885062582
2011-10-17,-0.012736687610036768
2011-10-18,-0.01286524137402667
2011-10-19,-0.017912815360834555
2011-10-20,-0.021116087142144413
2011-10-21,-0.021093698452407827
2011-10-24,-0.0161110188325978
2011-10-25,-0.00588796962168836
2011-10-26,-0.011746175774562828
2011-10-27,-0.014809948073150614
2011-10-28,-0.011440912711747742
2011-10-31,-0.004278279680927866
2011-11-01,0.0
2011-11-02,-0.0026227367928848278
2011-11-03,-0.003929304151015112
2011-11-04,-0.003433272359730677
2011-11-07,0.0
2011-11-08,-0.003831764341623467
2011-11-09,-0.003324148885334499
2011-11-10,-0.008781678124949233
2011-11-11,-0.00817855181424798
2011-11-14,-0.0048516678451761
2011-11-15,-0.004651170949615535
2011-11-16,-0.0032502277076074115
2011-11-17,-0.005495495414614249
2011-11-18,-0.005954539026557848
2011-11-21,-0.007056286295101799
2011-11-22,-0.0021348435686195932
2011-11-23,-0.0033313997780193283
2011-11-25,-0.011293470834991215
2011-11-28,-0.0060209876209234015
2011-11-29,-0.006649714629299752
2011-11-30,-0.006515433129438475
2011-12-01,-0.009497900450562202
2011-12-02,-0.0019914369050452185
2011-12-05,-0.0022303064726180155
2011-12-06,-0.0055667851058400775
2011-12-07,-0.004380087860135662
2011-12-08,-0.004698419858157332
2011-12-09,-0.01011366395766189
2011-12-12,-0.01048388671154965
2011-12-13,-0.006942123548104195
2011-12-14,-0.007312944376657637
2011-12-15,-0.009076230811921104
2011-12-16,-0.002760483670350533
2011-12-19,0.0
2011-12-20,-0.0026339477138981326
2011-12-21,-0.007270769509221342
2011-12-22,-0.004409481729379938
2011-12-23,-0.007485324571967045
2011-12-27,-0.005081078694564756
2011-12-28,-0.0014085082389455605
2011-12-29,0.0
2011-12-30,0.0
2012-01-03,0.0
2012-01-04,-0.0014507280378502907
2012-01-05,-0.005006951804506166
2012-01-06,-0.004481645191686923
2012-01-09,-0.003383341104356452
2012-01-10,0.0
2012-01-11,0.0
2012-01-12,-0.001978700872464212
2012-01-13,-0.003050350411063385
2012-01-17,0.0
2012-01-18,0.0
2012-01-19,0.0
2012-01-20,-0.002816132196998944
2012-01-23,-0.000984567623257826
2012-01-24,0.0
2012-01-25,0.0
2012-01-26,0.0
2012-01-27,0.0
2012-01-30,-0.0031994118311834407
2012-01-31,-0.0011539882653734956
2012-02-01,0.0
2012-02-02,0.0
2012-02-03,0.0
2012-02-06,0.0
2012-02-07,-0.0008191799175703007
2012-02-08,0.0
2012-02-09,-0.00018278230291468578
2012-02-10,-0.0069364438733336975
2012-02-13,-0.0014826428363579058
2012-02-14,-0.002068158887348015
2012-02-15,-0.004348578102517653
2012-02-16,0.0
2012-02-17,-0.00044815800357356217
2012-02-21,0.0
2012-02-22,0.0
2012-02-23,0.0
2012-02-24,0.0
2012-02-27,-0.0007742765424521014
2012-02-28,0.0
2012-02-29,-0.005312791994304011
2012-03-01,0.0
2012-03-02,-0.006655814997634124
2012-03-05,-0.01072312401763742
2012-03-06,-0.024802139769855236
2012-03-07,-0.019512654197574975
2012-03-08,-0.01079941748953317
2012-03-09,-0.006611864964834235
2012-03-12,-0.007641623621136739
2012-03-13,0.0
2012-03-14,-0.006702559965124588
2012-03-15,-0.003602180967423707
2012-03-16,-0.0004220107659653749
2012-03-19,0.0
2012-03-20,-0.0058487599939718304
2012-03-21,-0.006578741201688332
2012-03-22,-0.011452445814125634
2012-03-23,-0.00581706024025741
2012-03-26,0.0
2012-03-27,-0.0020380743385703948
2012-03-28,-0.007637378497371672
2012-03-29,-0.012005573537936298
2012-03-30,-0.01070985428175053
2012-04-02,-0.0014645311769309055
2012-04-03,-0.007554688060539494
2012-04-04,-0.01839140210344592
2012-04-05,-0.018121379173599683
2012-04-09,-0.02387963033885765
2012-04-10,-0.036931522922464155
2012-04-11,-0.031149191765578954
2012-04-12,-0.020346441345565847
2012-04-13,-0.028792947290030013
2012-04-16,-0.03128213843564853
2012-04-17,-0.02225986092387533
2012-04-18,-0.02724083692545365
2012-04-19,-0.03044074734440616
2012-04-20,-0.027307530183481643
2012-04-23,-0.03354507612624791
2012-04-24,-0.031538009868028793
2012-04-25,-0.021801195406997764
2012-04-26,-0.016885814071403882
2012-04-27,-0.013336497566241556
2012-04-30,-0.01597026938757673
2012-05-01,-0.014891658969128807
2012-05-02,-0.017414910635053737
2012-05-03,-0.026014299228176996
2012-05-04,-0.03956963969268179
2012-05-07,-0.0389361490450727
2012-05-08,-0.04109929862262818
2012-05-09,-0.04627142620121061
2012-05-10,-0.04537274196103458
2012-05-11,-0.04771693510857411
2012-05-14,-0.0569233206635944
2012-05-15,-0.05853542171652426
2012-05-16,-0.06263360292578335
2012-05-17,-0.07253201089587913
2012-05-18,-0.07712985661525273
2012-05-21,-0.06255351020171396
2012-05-22,-0.06840391017801617
2012-05-23,-0.06958533804509526
2012-05-24,-0.06973952038054954
2012-05-25,-0.06966508210742661
2012-05-29,-0.06368713482719723
2012-05-30,-0.07489524982957374
2012-05-31,-0.07819023911557788
2012-06-01,-0.09544275213368514
2012-06-04,-0.09424302751015667
2012-06-05,-0.09116000139722347
2012-06-06,-0.0759761987028279
2012-06-07,-0.07882655231437075
2012-06-08,-0.07286752736126145
2012-06-11,-0.08611609751475147
2012-06-12,-0.07920925849671512
2012-06-13,-0.08489248705649433
2012-06-14,-0.07685114027513573
2012-06-15,-0.07109152279978359
2012-06-18,-0.06925637728914757
2012-06-19,-0.06089989635495974
2012-06-20,-0.06488126247322223
2012-06-21,-0.08205379082161135
2012-06-22,-0.07514930692008692
2012-06-25,-0.07926027189666185
2012-06-26,-0.07573509362500941
2012-06-27,-0.06809682639082548
2012-06-28,-0.07240788191429437
2012-06-29,-0.0483473550212421
2012-07-02,-0.04453797326922038
2012-07-03,-0.03899155220428174
2012-07-05,-0.03697484452480582
2012-07-06,-0.04090636498244671
2012-07-09,-0.03516711747079371
2012-07-10,-0.03923196426229658
2012-07-11,-0.036711104468390876
2012-07-12,-0.03503104713437033
2012-07-13,-0.03061025194737954
2012-07-16,-0.027303902510072864
2012-07-17,-0.028109203617119993
2012-07-18,-0.0243551420465713
2012-07-19,-0.0221460564143815
2012-07-20,-0.020873042195326708
2012-07-23,-0.026110474718044507
2012-07-24,-0.027376934248379947
2012-07-25,-0.025118399734424424
2012-07-26,-0.02452433147715738
2012-07-27,-0.023982904261247273
2012-07-30,-0.02074260413554241
2012-07-31,-0.02387205780600765
2012-08-01,-0.02594300216836387
2012-08-02,-0.027234583470805207
2012-08-03,-0.02463900007106057
2012-08-06,-0.02235059265556605
2012-08-07,-0.023874287475124323
2012-08-08,-0.02495769587884855
2012-08-09,-0.023033071326112542
2012-08-10,-0.0225536797481809
2012-08-13,-0.024952517720021605
2012-08-14,-0.029012411991675813
2012-08-15,-0.031380273521016244
2012-08-16,-0.03140448648475269
2012-08-17,-0.02900061454356795
2012-08-20,-0.02733637169462233
2012-08-21,-0.024052712937388976
2012-08-22,-0.017680017378518986
2012-08-23,-0.018627220605645145
2012-08-24,-0.018953529191523488
2012-08-27,-0.017919088299695685
2012-08-28,-0.016892265751587532
2012-08-29,-0.01759207495136217
2012-08-30,-0.017277820790268406
2012-08-31,-0.00929082276522497
2012-09-04,-0.009294200572239952
2012-09-05,-0.012191158186574458
2012-09-06,-0.013181897198116688
2012-09-07,-0.010058091897682586
2012-09-10,-0.010438179363797095
2012-09-11,-0.010586671860696506
2012-09-12,-0.012177270408578633
2012-09-13,-0.007726484482296625
2012-09-14,-0.012149040375593945
2012-09-17,-0.01654124818914182
2012-09-18,-0.01707602273179587
2012-09-19,-0.01881803606371979
2012-09-20,-0.017448266724679473
2012-09-21,-0.015033470011706962
2012-09-24,-0.016034407175572807
2012-09-25,-0.015583374789622018
2012-09-26,-0.015720282467597935
2012-09-27,-0.01157103209999888
2012-09-28,-0.012024132783458152
2012-10-01,-0.010020792153936475
2012-10-02,-0.011504514870376181
2012-10-03,-0.01449097313784653
2012-10-04,-0.013977988857101553
2012-10-05,-0.020174785248266436
2012-10-08,-0.017698207328576188
2012-10-09,-0.017713097372520914
2012-10-10,-0.015885977343469082
2012-10-11,-0.01056915938627423
2012-10-12,-0.012642171008147907
2012-10-15,-0.013547605163321763
2012-10-16,-0.017819181136010553
2012-10-17,-0.021341925041874488
2012-10-18,-0.023958482920052537
2012-10-19,-0.023318315203072038
2012-10-22,-0.026962724639709612
2012-10-23,-0.025095171524922244
2012-10-24,-0.029654227966431468
2012-10-25,-0.03114690454893987
2012-10-26,-0.02494475159567744
2012-10-31,-0.022426715822609244
2012-11-01,-0.024638396197522616
2012-11-02,-0.02883468739904682
2012-11-05,-0.02490525720285086
2012-11-06,-0.024857124103110584
2012-11-07,-0.02282521400455695
2012-11-08,-0.017928559607889194
2012-11-09,-0.01605100565139672
2012-11-12,-0.016264935307670925
2012-11-13,-0.015638016386745668
2012-11-14,-0.015663292564662257
2012-11-15,-0.017387431323902414
2012-11-16,-0.01631592046759167
2012-11-19,-0.012846962506218085
2012-11-20,-0.01823581518531825
2012-11-21,-0.017635669192716974
2012-11-23,-0.016297752698094747
2012-11-26,-0.014815334588276552
2012-11-27,-0.013722457418628764
2012-11-28,-0.014162856130274681
2012-11-29,-0.012143548367231305
2012-11-30,-0.013320440771657172
2012-12-03,-0.01241349603086972
2012-12-04,-0.012844742793180819
2012-12-05,-0.01319624158841004
2012-12-06,-0.0132161591696065
2012-12-07,-0.015267432838768524
2012-12-10,-0.013777575364229078
2012-12-11,-0.012172592640033786
2012-12-12,-0.013639093200249364
2012-12-13,-0.01804919196187038
2012-12-14,-0.016126844252021932
2012-12-17,-0.014275083634306185
2012-12-18,-0.01108456257925483
2012-12-19,-0.010266562967995219
2012-12-20,-0.008689154364778351
2012-12-21,-0.009881796416974953
2012-12-24,-0.012865583745286013
2012-12-26,-0.011641449734003384
2012-12-27,-0.010600403997475416
2012-12-28,-0.013892924982220167
2012-12-31,-0.008537494060052553
2013-01-02,0.0
2013-01-03,-0.0056418554544418464
2013-01-04,-0.0042252539956212365
2013-01-07,-0.004934756432345311
2013-01-08,-0.004870109954329349
2013-01-09,-0.0031008022106358
2013-01-10,0.0
2013-01-11,0.0
2013-01-14,0.0
2013-01-15,-0.00022504812303603128
2013-01-16,-0.0004782211495499844
2013-01-17,0.0
2013-01-18,0.0
2013-01-22,0.0
2013-01-23,0.0
2013-01-24,-0.0005781530258426315
2013-01-25,0.0
2013-01-28,-0.000698939230417972
2013-01-29,0.0
2013-01-30,-0.0014112715485593563
2013-01-31,-0.0012042698900304183
2013-02-01,0.0
2013-02-04,-0.00733093471867774
2013-02-05,-0.0024536034496034365
2013-02-06,-0.0017610037839553838
2013-02-07,-0.004924019003085922
2013-02-08,-0.0003079468264001184
2013-02-11,-0.0015572378292810773
2013-02-12,0.0
2013-02-13,0.0
2013-02-14,0.0
2013-02-15,-0.0019096812840533328
2013-02-19,0.0
2013-02-20,-0.009522448186066401
2013-02-21,-0.016553575091669326
2013-02-22,-0.010362439338314156
2013-02-25,-0.020555869228063517
2013-02-26,-0.017748262466823483
2013-02-27,-0.013340961783678829
2013-02-28,-0.014718243819065502
2013-03-01,-0.014619977965002584
2013-03-04,-0.013596190706745559
2013-03-05,-0.006106483135790208
2013-03-06,-0.00717603276151757
2013-03-07,-0.0045627363269808985
2013-03-08,-0.002064062383677734
2013-03-11,-0.0005247222268329743
2013-03-12,-0.0011295323519605605
2013-03-13,-0.0018622790094730002
2013-03-14,0.0
2013-03-15,0.0
2013-03-18,-0.004566687273154013
2013-03-19,-0.0075153837170697235
2013-03-20,-0.0025567387303803146
2013-03-21,-0.007739645254022154
2013-03-22,-0.0035474450560492032
2013-03-25,-0.006665221922002362
2013-03-26,-0.0008850421993454871
2013-03-27,0.0
2013-03-28,-0.0007478299732134319
2013-04-01,-0.00531939331370157
2013-04-02,-0.00416358887004209
2013-04-03,-0.012250707634816171
2013-04-04,-0.007741544203948569
2013-04-05,-0.008415794965327517
2013-04-08,-0.004936279425968748
2013-04-09,-0.0022801681893305226
2013-04-10,0.0
2013-04-11,0.0
2013-04-12,-0.0028704391253361328
2013-04-15,-0.023204606919377757
2013-04-16,-0.012662222949997082
2013-04-17,-0.025099378220231228
2013-04-18,-0.025686570927262675
2013-04-19,-0.02135495666929743
2013-04-22,-0.018152004437435698
2013-04-23,-0.012110862088476004
2013-04-24,-0.006920353017634495
2013-04-25,-0.0014200436791864668
2013-04-26,-0.002875177005435825
2013-04-29,0.0
2013-04-30,0.0
2013-05-01,-0.009162288408798291
2013-05-02,-0.0013518031759705007
2013-05-03,0.0
2013-05-06,0.0
2013-05-07,0.0
2013-05-08,0.0
2013-05-09,-0.00380834092107718
2013-05-10,-0.004140597806694735
2013-05-13,-0.0060450780102792034
2013-05-14,-0.0031369199920099344
2013-05-15,-0.000527851942146329
2013-05-16,-0.0025406296688306185
2013-05-17,0.0
2013-05-20,0.0
2013-05-21,0.0
2013-05-22,-0.008656340918975047
2013-05-23,-0.011353303789712
2013-05-24,-0.014315603452726977
2013-05-28,-0.011538710560899501
2013-05-29,-0.01697453737126542
2013-05-30,-0.014400487171452592
2013-05-31,-0.027231712309230827
2013-06-03,-0.020972540477036006
2013-06-04,-0.022718222192319115
2013-06-05,-0.03265236388615533
2013-06-06,-0.026710752534134685
2013-06-07,-0.021067771330935403
2013-06-10,-0.021408005556911247
2013-06-11,-0.029079726719098198
2013-06-12,-0.03338247354684898
2013-06-13,-0.020953707887406248
2013-06-14,-0.024820110877873836
2013-06-17,-0.019247001718513235
2013-06-18,-0.013767583499216252
2013-06-19,-0.024329825883239065
2013-06-20,-0.04990338537927397
2013-06-21,-0.05139277393660302
2013-06-24,-0.0605512196877962
2013-06-25,-0.054149349551378845
2013-06-26,-0.04996126236140841
2013-06-27,-0.04346491754999127
2013-06-28,-0.046659789735546076
2013-07-01,-0.03945363011475134
2013-07-02,-0.03984963212560266
2013-07-03,-0.03734079886704722
2013-07-05,-0.0362220607620124
2013-07-08,-0.030274635161868346
2013-07-09,-0.024759227527026972
2013-07-10,-0.02344072718903545
2013-07-11,-0.01143794592406866
2013-07-12,-0.011229992440582759
2013-07-15,-0.007884748536888586
2013-07-16,-0.009303646709533542
2013-07-17,-0.007065517579700198
2013-07-18,-0.0032857062472780862
2013-07-19,-0.0012224139617109664
2013-07-22,0.0
2013-07-23,-0.0005089868858785263
2013-07-24,-0.006645845934889372
2013-07-25,-0.004809148663997398
2013-07-26,-0.007008057123912614
2013-07-29,-0.01113683118955111
2013-07-30,-0.01178177167419403
2013-07-31,-0.008813187145788715
2013-08-01,-0.004265475505467853
2013-08-02,-0.002144016456125497
2013-08-05,-0.004603617694477813
2013-08-06,-0.009694985102440157
2013-08-07,-0.01347892365463943
2013-08-08,-0.009190241865470239
2013-08-09,-0.007984910351944041
2013-08-12,-0.005392374776582054
2013-08-13,-0.0054846993698732804
2013-08-14,-0.00540136251376544
2013-08-15,-0.012143813230446665
2013-08-16,-0.013975568057929433
2013-08-19,-0.01967702431336571
2013-08-20,-0.015166428154303246
2013-08-21,-0.020556100101979724
2013-08-22,-0.013507304155780386
2013-08-23,-0.008008105684612521
2013-08-26,-0.007887890656317564
2013-08-27,-0.014784364337595446
2013-08-28,-0.013684028213210686
2013-08-29,-0.013299562685469501
2013-08-30,-0.018981072090698103
2013-09-03,-0.01582897735270894
2013-09-04,-0.01349410950800256
2013-09-05,-0.015356312541209727
2013-09-06,-0.012086051162472966
2013-09-09,-0.007243063286621609
2013-09-10,-0.005296609224858861
2013-09-11,-0.002851802123040925
2013-09-12,-0.004283072225800599
2013-09-13,-0.0028956585176376226
2013-09-16,-0.003579373515918638
2013-09-17,-0.0021066975068665394
2013-09-18,0.0
2013-09-19,-0.0027924839253163913
2013-09-20,-0.0077170000448104625
2013-09-23,-0.010075952567024649
2013-09-24,-0.009570993026205343
2013-09-25,-0.010173588862921856
2013-09-26,-0.006648895925613463
2013-09-27,-0.01002266534366647
2013-09-30,-0.013337856655567193
2013-10-01,-0.010199878983841337
2013-10-02,-0.008622895536973596
2013-10-03,-0.013695450927358577
2013-10-04,-0.009506997682079077
2013-10-07,-0.012743415622869847
2013-10-08,-0.018369819245974806
2013-10-09,-0.02109404862117381
2013-10-10,-0.00636756381979775
2013-10-11,-0.0027531553823225696
2013-10-14,-0.00119764471039141
2013-10-15,-0.006147369302378358
2013-10-16,0.0
2013-10-17,0.0
2013-10-18,0.0
2013-10-21,-0.0014333241468086344
2013-10-22,0.0
2013-10-23,-0.0058156550897781045
2013-10-24,-0.0037500994815081734
2013-10-25,-0.0014752537628063278
2013-10-28,-0.0006156341838696733
2013-10-29,0.0
2013-10-30,-0.004401178569273467
2013-10-31,-0.00849818371053146
2013-11-01,-0.013233109644403385
2013-11-04,-0.010874678248347425
2013-11-05,-0.014576281868530439
2013-11-06,-0.013370637637368565
2013-11-07,-0.021012746400920324
2013-11-08,-0.014899305409174723
2013-11-11,-0.014319846333274544
2013-11-12,-0.01627181188026705
2013-11-13,-0.010269519849569031
2013-11-14,-0.006990463024706517
2013-11-15,-0.005107838399826314
2013-11-18,-0.009086311216237819
2013-11-19,-0.012036346128434516
2013-11-20,-0.014372760264891982
2013-11-21,-0.004725017666082465
2013-11-22,-0.0006496131164004382
2013-11-25,-0.0005012528315063713
2013-11-26,0.0
2013-11-27,0.0
2013-11-29,-5.510016809739948e-05
2013-12-02,-0.003295827505567561
2013-12-03,-0.0035371050856835007
2013-12-04,-0.0046215112154661675
2013-12-05,-0.006573319503720421
2013-12-06,-0.00013795616082090678
2013-12-09,0.0
2013-12-10,-0.0008979997321661992
2013-12-11,-0.008072918667344053
2013-12-12,-0.011946083469745683
2013-12-13,-0.011941042651737899
2013-12-16,-0.00763585650041787
2013-12-17,-0.009702547172174336
2013-12-18,-0.0019859208613579593
2013-12-19,-0.00305969088317537
2013-12-20,0.0
2013-12-23,0.0
2013-12-24,0.0
2013-12-26,0.0
2013-12-27,0.0
2013-12-30,-0.000995076551241758
2013-12-31,-2.0535251171738267e-05
2014-01-02,-0.007895107741390461
2014-01-03,-0.009594102594508769
2014-01-06,-0.010457843616069384
2014-01-07,-0.007265744764370474
2014-01-08,-0.009829453922405418
2014-01-09,-0.011178533639880306
2014-01-10,-0.006552833889351906
2014-01-13,-0.012799941244309165
2014-01-14,-0.007319533127591371
2014-01-15,-0.003502769746915657
2014-01-16,-0.0038133147034987713
2014-01-17,-0.005144272885944323
2014-01-21,-0.0023861178654375204
2014-01-22,-0.0007697535649354714
2014-01-23,-0.0036025579363531124
2014-01-24,-0.014378619089187472
2014-01-27,-0.020069357339503435
2014-01-28,-0.01510885072364443
2014-01-29,-0.02008708739605125
2014-01-30,-0.015431974264765946
2014-01-31,-0.018080477329061928
2014-02-03,-0.029029785260100693
2014-02-04,-0.02423579958944988
2014-02-05,-0.02526600322863337
2014-02-06,-0.018018227544242205
2014-02-07,-0.007968615416730551
2014-02-10,-0.007752744426943736
2014-02-11,-0.0013686081183409415
2014-02-12,-0.0009546064216570116
2014-02-13,0.0
2014-02-14,0.0
2014-02-18,0.0
2014-02-19,-0.0034490197668279876
2014-02-20,0.0
2014-02-21,-0.0005464344500739626
2014-02-24,0.0
2014-02-25,-0.0005887867890349563
2014-02-26,-0.00036748253975960044
2014-02-27,0.0
2014-02-28,0.0
2014-03-03,0.0
2014-03-04,-0.0016026799171491302
2014-03-05,-0.0032810445746296324
2014-03-06,-0.0033321023799388616
2014-03-07,-0.007122265315564147
2014-03-10,-0.009082693426494592
2014-03-11,-0.009529262195959176
2014-03-12,-0.007807553142687551
2014-03-13,-0.008414453415451772
2014-03-14,-0.007837167224227226
2014-03-17,-0.01068547127981645
2014-03-18,-0.005971059470816553
2014-03-19,-0.010653089715272901
2014-03-20,-0.010593129520091504
2014-03-21,-0.008839877511219618
2014-03-24,-0.00822578580734823
2014-03-25,-0.0060541941355085616
2014-03-26,-0.0058451607625870095
2014-03-27,-0.002972772834654358
2014-03-28,-0.0031978569359507603
2014-03-31,-0.0020052984150247255
2014-04-01,-0.0057886605054915385
2014-04-02,-0.007829122419284573
2014-04-03,-0.004857689179750602
2014-04-04,-0.004044819906546149
2014-04-07,-0.005194335717147891
2014-04-08,0.0
2014-04-09,0.0
2014-04-10,-0.002119929015430677
2014-04-11,-0.0034598263011109687
2014-04-14,0.0
2014-04-15,0.0
2014-04-16,0.0
2014-04-17,-0.0029160079953519658
2014-04-21,-0.0031157132380870145
2014-04-22,-0.001090490285788448
2014-04-23,-0.0002276758884135477
2014-04-24,0.0
2014-04-25,-0.002733234024243414
2014-04-28,-0.0045062439005731925
2014-04-29,-0.002807809069978795
2014-04-30,-0.00255478056946834
2014-05-01,-0.0031859019698732283
2014-05-02,-0.002124678100857813
2014-05-05,-0.0021851990160028922
2014-05-06,-0.00644759641509185
2014-05-07,-0.004577001176423012
2014-05-08,-0.006657760576017302
2014-05-09,-0.0066805983978160954
2014-05-12,-0.00043553538499496725
2014-05-13,0.0
2014-05-14,-0.0005012683884539904
2014-05-15,-0.005178622117875786
2014-05-16,-0.002705262288700272
2014-05-19,-0.0009025940719752379
2014-05-20,-0.003387078512347652
2014-05-21,0.0
2014-05-22,0.0
2014-05-23,0.0
2014-05-27,0.0
2014-05-28,0.0
2014-05-29,0.0
2014-05-30,-0.001563825136148278
2014-06-02,-0.0028051691893393738
2014-06-03,-0.0039000145405477804
2014-06-04,-0.003318533434437665
2014-06-05,0.0
2014-06-06,0.0
2014-06-09,0.0
2014-06-10,-0.000731173269274521
2014-06-11,-0.002481543021736865
2014-06-12,-0.0023076497167004995
2014-06-13,-0.0007252881972470426
2014-06-16,0.0
2014-06-17,0.0
2014-06-18,0.0
2014-06-19,0.0
2014-06-20,0.0
2014-06-23,-0.0011919255260574024
2014-06-24,-0.002729955872521561
2014-06-25,0.0
2014-06-26,-0.001129152592481475
2014-06-27,-0.00028323681819442115
2014-06-30,-0.001623900577941484
2014-07-01,0.0
2014-07-02,-0.00025408428854745146
2014-07-03,0.0
2014-07-07,-0.0035048044584072846
2014-07-08,-0.00745631210396458
2014-07-09,-0.006755429119960854
2014-07-10,-0.00883610411244573
2014-07-11,-0.009051632446324676
2014-07-14,-0.0058786249555278225
2014-07-15,-0.00969315324324449
2014-07-16,-0.007722568033798005
2014-07-17,-0.013728947207755637
2014-07-18,-0.009024935879917262
2014-07-21,-0.008877382601054196
2014-07-22,-0.007173067072456352
2014-07-23,-0.0045858967389273975
2014-07-24,-0.004954776791911031
2014-07-25,-0.006046326261271995
2014-07-28,-0.007080442094072326
2014-07-29,-0.009592441497310422
2014-07-30,-0.0114783260898782
2014-07-31,-0.023890401081212542
2014-08-01,-0.02693683648439471
2014-08-04,-0.02068322394869404
2014-08-05,-0.02636256996526265
2014-08-06,-0.02435156315160547
2014-08-07,-0.025666594628711237
2014-08-08,-0.021352098646369444
2014-08-11,-0.018246623974694565
2014-08-12,-0.020512581187518752
2014-08-13,-0.01619587421342472
2014-08-14,-0.016006357428005602
2014-08-15,-0.013716418957018472
2014-08-18,-0.011548601123009816
2014-08-19,-0.00873824880599594
2014-08-20,-0.007080117322426305
2014-08-21,-0.005051234135885818
2014-08-22,-0.006116934717921296
2014-08-25,-0.002952468558367616
2014-08-26,-0.002441482409137219
2014-08-27,-0.0020793861121447543
2014-08-28,-0.0023567995485674897
2014-08-29,-0.00025483855246954956
2014-09-02,-0.003479240053546939
2014-09-03,-0.0040350010736995845
2014-09-04,-0.00666783104930746
2014-09-05,-0.005167628067160757
2014-09-08,-0.007094387192089657
2014-09-09,-0.013331333474428386
2014-09-10,-0.012577454296564317
2014-09-11,-0.013522508187165272
2014-09-12,-0.018473678868114685
2014-09-15,-0.020170250942751156
2014-09-16,-0.014051210952398363
2014-09-17,-0.013696003587931771
2014-09-18,-0.012914373739919771
2014-09-19,-0.013295552247806541
2014-09-22,-0.019387044125845354
2014-09-23,-0.02262180626457655
2014-09-24,-0.018510861142618573
2014-09-25,-0.02841056310555623
2014-09-26,-0.02499094330474083
2014-09-29,-0.02471418106606116
2014-09-30,-0.02789208469220472
2014-10-01,-0.034457795114882894
2014-10-02,-0.03499423171841798
2014-10-03,-0.03149564652729031
2014-10-06,-0.029032871612111766
2014-10-07,-0.037273158856077626
2014-10-08,-0.028813499924388086
2014-10-09,-0.042470007239558516
2014-10-10,-0.052054125811130225
2014-10-13,-0.060171917201699454
2014-10-14,-0.06205768285767721
2014-10-15,-0.06743241598126148
2014-10-16,-0.06532308805308162
2014-10-17,-0.05743439088823421
2014-10-20,-0.052217869024615116
2014-10-21,-0.039032119072899274
2014-10-22,-0.04593224589563516
2014-10-23,-0.03794095164938538
2014-10-24,-0.035138856629347015
2014-10-27,-0.03695015833942494
2014-10-28,-0.029195752578729528
2014-10-29,-0.02778105653005991
2014-10-30,-0.027503127016703877
2014-10-31,-0.02212770045298429
2014-11-03,-0.023033701690247765
2014-11-04,-0.02854576686323662
2014-11-05,-0.02617864807282222
2014-11-06,-0.023821972255487545
2014-11-07,-0.02214752333585135
2014-11-10,-0.022947219180984746
2014-11-11,-0.02046319736061808
2014-11-12,-0.022020894398605884
2014-11-13,-0.026126449975939603
2014-11-14,-0.024252910317397958
2014-11-17,-0.025570582001388953
2014-11-18,-0.02429312834047237
2014-11-19,-0.02683994556624203
2014-11-20,-0.02357757316527409
2014-11-21,-0.01781866297069734
2014-11-24,-0.01774217838112102
2014-11-25,-0.01818324035592911
2014-11-26,-0.01653824259156611
2014-11-28,-0.029346936942681867
2014-12-01,-0.028576436114378767
2014-12-02,-0.034835758468850564
2014-12-03,-0.03456326704254198
2014-12-04,-0.033480014944768266
2014-12-05,-0.03579194807504971
2014-12-08,-0.03968753034853856
2014-12-09,-0.03633410504973944
2014-12-10,-0.04368816575401269
2014-12-11,-0.044820249362712006
2014-12-12,-0.048506390200762084
2014-12-15,-0.05528025058749142
2014-12-16,-0.05637657112851724
2014-12-17,-0.05028400928324128
2014-12-18,-0.04917813748602218
2014-12-19,-0.03959245625481467
2014-12-22,-0.043707323018244204
2014-12-23,-0.0456023373350789
2014-12-24,-0.04723281106459831
2014-12-26,-0.04613722218700156
2014-12-29,-0.046470935566297666
2014-12-30,-0.04757367298431947
2014-12-31,-0.05167047189534235
2015-01-02,-0.051745706651507906
2015-01-05,-0.055178384878653564
2015-01-06,-0.05486686514396821
2015-01-07,-0.053954355768595974
2015-01-08,-0.05246292383555373
2015-01-09,-0.05032546363165169
2015-01-12,-0.056113958027265265
2015-01-13,-0.057436943594926015
2015-01-14,-0.05351764598573294
2015-01-15,-0.054998506755022714
2015-01-16,-0.05112065910742869
2015-01-20,-0.05063236521684045
2015-01-21,-0.05070265489236392
2015-01-22,-0.04910410133844101
2015-01-23,-0.04709814923264222
2015-01-26,-0.04820772038344723
2015-01-27,-0.04950149197692666
2015-01-28,-0.050512126252631795
2015-01-29,-0.0516484987975655
2015-01-30,-0.04237429520567959
2015-02-02,-0.040002159960533024
2015-02-03,-0.041308960408049766
2015-02-04,-0.04549482179955011
2015-02-05,-0.04585384668923542
2015-02-06,-0.05311790500245028
2015-02-09,-0.05214685958634102
2015-02-10,-0.05660652679566347
2015-02-11,-0.05749874664491039
2015-02-12,-0.0547621369009329
2015-02-13,-0.0558577730368881
2015-02-17,-0.06157482838070205
2015-02-18,-0.0610218515057841
2015-02-19,-0.06432109166952449
2015-02-20,-0.06362079907619367
2015-02-23,-0.060524467589981534
2015-02-24,-0.054983158545512945
2015-02-25,-0.05028751818191146
2015-02-26,-0.05731171162558668
2015-02-27,-0.052137764818274146
2015-03-02,-0.06154364451748073
2015-03-03,-0.062357591264141865
2015-03-04,-0.0640695797481774
2015-03-05,-0.06485373618849732
2015-03-06,-0.07683379933978429
2015-03-09,-0.07366224312543646
2015-03-10,-0.07245943214805495
2015-03-11,-0.06907311351599965
2015-03-12,-0.06944131668004117
2015-03-13,-0.07472305718835115
2015-03-16,-0.07070083666721816
2015-03-17,-0.06931756224315755
2015-03-18,-0.055134435958783756
2015-03-19,-0.06117066325058362
2015-03-20,-0.055476390035453904
2015-03-23,-0.05358374785584552
2015-03-24,-0.05154439054267512
2015-03-25,-0.05581986903375402
2015-03-26,-0.05973314601477275
2015-03-27,-0.05842970588021035
2015-03-30,-0.058307836448078576
2015-03-31,-0.0599205945641379
2015-04-01,-0.051804985538102644
2015-04-02,-0.05656116632208019
2015-04-06,-0.055192809735796766
2015-04-07,-0.05129224942034083
2015-04-08,-0.054403315806121566
2015-04-09,-0.05899620927712257
2015-04-10,-0.05635413828172897
2015-04-13,-0.05660353383830852
2015-04-14,-0.05309662549659577
2015-04-15,-0.049091110854914244
2015-04-16,-0.0488188468082591
2015-04-17,-0.04626979627184136
2015-04-20,-0.049341860418276595
2015-04-21,-0.052146559223008926
2015-04-22,-0.057255759336659384
2015-04-23,-0.05294419195635525
2015-04-24,-0.04963955405988285
2015-04-27,-0.04997653508423694
2015-04-28,-0.05513566174938045
2015-04-29,-0.05888064148449279
2015-04-30,-0.057852842248965364
2015-05-01,-0.06230893029455875
2015-05-04,-0.06567214134997879
2015-05-05,-0.06597690365369624
2015-05-06,-0.07281775389801204
2015-05-07,-0.07041615847886573
2015-05-08,-0.06662556595635627
2015-05-11,-0.07731793607663673
2015-05-12,-0.07482948301663084
2015-05-13,-0.07726631141501639
2015-05-14,-0.07362437767784469
2015-05-15,-0.06622680686613636
2015-05-18,-0.0729578247789181
2015-05-19,-0.08033722653281139
2015-05-20,-0.07988960287670266
2015-05-21,-0.07210539040750952
2015-05-22,-0.07430293535354882
2015-05-26,-0.07218783514404892
2015-05-27,-0.0727789250006029
2015-05-28,-0.07263810640517876
2015-05-29,-0.06990789217962445
2015-06-01,-0.07423505819597931
2015-06-02,-0.07782314695928505
2015-06-03,-0.08643134195436897
2015-06-04,-0.08379710341257607
2015-06-05,-0.08823229852648351
2015-06-08,-0.08885785714682626
2015-06-09,-0.08935233480529547
2015-06-10,-0.09108400937095806
2015-06-11,-0.08467865925466378
2015-06-12,-0.08724705758387774
2015-06-15,-0.08771991864379669
2015-06-16,-0.08360625389993137
2015-06-17,-0.08528308758007619
2015-06-18,-0.0858853701020097
2015-06-19,-0.08289591406823371
2015-06-22,-0.08949624462916994
2015-06-23,-0.08973597813932499
2015-06-24,-0.08813191573862877
2015-06-25,-0.089653208025258
2015-06-26,-0.09369476621864281
2015-06-29,-0.08611596361623286
2015-06-30,-0.08452041190005888
2015-07-01,-0.09124064928761877
2015-07-02,-0.08958148431661395
2015-07-06,-0.08895161971088561
2015-07-07,-0.08642121737054287
2015-07-08,-0.08519947203055822
2015-07-09,-0.0903454583530019
2015-07-10,-0.09440716165788843
2015-07-13,-0.09457162077967751
2015-07-14,-0.09340654278408766
2015-07-15,-0.09153900756815703
2015-07-16,-0.08928398533544424
2015-07-17,-0.0877846961361266
2015-07-20,-0.09232471295976552
2015-07-21,-0.08963837523846407
2015-07-22,-0.09103391707329012
2015-07-23,-0.0883531930438266
2015-07-24,-0.08960295054491474
2015-07-27,-0.09158476256401549
2015-07-28,-0.09200169901684163
2015-07-29,-0.0923512134326816
2015-07-30,-0.09012679606458196
2015-07-31,-0.08947604526933828
2015-08-03,-0.0889311692300786
2015-08-04,-0.09144537464540148
2015-08-05,-0.09457510032107619
2015-08-06,-0.09262381078989612
2015-08-07,-0.08897104324663163
2015-08-10,-0.08881750860893811
2015-08-11,-0.08617436875118367
2015-08-12,-0.08846853863913862
2015-08-13,-0.09099379428314347
2015-08-14,-0.09136697564964669
2015-08-17,-0.08969571086477657
2015-08-18,-0.09386726744697982
2015-08-19,-0.09229242657048675
2015-08-20,-0.09033294047328144
2015-08-21,-0.09464389578281451
2015-08-24,-0.10179460079939473
2015-08-25,-0.10699919732297059
2015-08-26,-0.1113187593913969
2015-08-27,-0.10303769822806563
2015-08-28,-0.09745816746352065
2015-08-31,-0.09675768970384024
2015-09-01,-0.10165169722007938
2015-09-02,-0.10115000810815455
2015-09-03,-0.09828650689663021
2015-09-04,-0.09800230054478243
2015-09-08,-0.10000581782806017
2015-09-09,-0.10140475335284227
2015-09-10,-0.10143569868682467
2015-09-11,-0.09910597633073948
2015-09-14,-0.10104985405671829
2015-09-15,-0.10695344091789183
2015-09-16,-0.10502661485136733
2015-09-17,-0.1008924915385595
2015-09-18,-0.09914270436326111
2015-09-21,-0.10294394029185427
2015-09-22,-0.10021228121193737
2015-09-23,-0.10182318697637727
2015-09-24,-0.09889098529705509
2015-09-25,-0.10175594822448497
2015-09-28,-0.10069458175968915
2015-09-29,-0.09860463192094482
2015-09-30,-0.09668086613950277
2015-10-01,-0.09649355022643735
2015-10-02,-0.09149098694449354
2015-10-05,-0.0925935425649238
2015-10-06,-0.08755299822399765
2015-10-07,-0.08811924735633181
2015-10-08,-0.08995425653130351
2015-10-09,-0.0879740642531679
2015-10-12,-0.08798328425241009
2015-10-13,-0.08903208833104959
2015-10-14,-0.08510791548286101
2015-10-15,-0.08634926264099729
2015-10-16,-0.08577974943226674
2015-10-19,-0.08942922564046396
2015-10-20,-0.09171765076725447
2015-10-21,-0.08999640552907273
2015-10-22,-0.08734188594661163
2015-10-23,-0.08992867694243789
2015-10-26,-0.08805399186154261
2015-10-27,-0.08789896032712985
2015-10-28,-0.08626878983524822
2015-10-29,-0.09351447248186251
2015-10-30,-0.08940243052848273
2015-11-02,-0.09166761300499959
2015-11-03,-0.09186865441026915
2015-11-04,-0.09522170915196604
2015-11-05,-0.09773915594525229
2015-11-06,-0.10495596189084166
2015-11-09,-0.1089717497105217
2015-11-10,-0.10824926779870836
2015-11-11,-0.11100231323285936
2015-11-12,-0.11271841507326374
2015-11-13,-0.11297613081477031
2015-11-16,-0.11126805215556645
2015-11-17,-0.11382396202554856
2015-11-18,-0.1112995970401337
2015-11-19,-0.10874093176167454
2015-11-20,-0.10983468747715364
2015-11-23,-0.10813600418176972
2015-11-24,-0.10514859752978523
2015-11-25,-0.10471162655170196
2015-11-27,-0.10783546732705374
2015-11-30,-0.10765780032027639
2015-12-01,-0.09985907811254391
2015-12-02,-0.10496444511812097
2015-12-03,-0.11370763570329856
2015-12-04,-0.1080284532693011
2015-12-07,-0.1103336204279457
2015-12-08,-0.11148680389479981
2015-12-09,-0.11228688469915094
2015-12-10,-0.11270786034325464
2015-12-11,-0.10991459979058538
2015-12-14,-0.11644196621853586
2015-12-15,-0.1180751926947955
2015-12-16,-0.11798887314271622
2015-12-17,-0.11810888160895205
2015-12-18,-0.1158053711733803
2015-12-21,-0.11538410507646435
2015-12-22,-0.11820501638873737
2015-12-23,-0.11707523564703315
2015-12-24,-0.1145565309971005
2015-12-28,-0.11661117959372302
2015-12-29,-0.1192344020248226
2015-12-30,-0.12183110652251294
2015-12-31,-0.12035606675896482
2016-01-04,-0.11807314959407511
2016-01-05,-0.11995648654415603
2016-01-06,-0.11621791953293881
2016-01-07,-0.11604548958735161
2016-01-08,-0.11519670837936202
2016-01-11,-0.12069177421708865
2016-01-12,-0.11639689617391302
2016-01-13,-0.11397039284310095
2016-01-14,-0.11700295468224264
2016-01-15,-0.11362871419952814
2016-01-19,-0.11542022112538153
2016-01-20,-0.11219204275916395
2016-01-21,-0.11342668732856986
2016-01-22,-0.11228556414647928
2016-01-25,-0.11216038997599675
2016-01-26,-0.10947893766290573
2016-01-27,-0.10908902137182752
2016-01-28,-0.10810821753874256
2016-01-29,-0.10324985825933641
2016-02-01,-0.10584501049834139
2016-02-02,-0.10261228017321067
2016-02-03,-0.10140700379767786
2016-02-04,-0.09883955781041853
2016-02-05,-0.09917024718011958
2016-02-08,-0.09187732421345318
2016-02-09,-0.09495851330348104
2016-02-10,-0.09126299069781896
2016-02-11,-0.08459517315054355
2016-02-12,-0.08825901761447785
2016-02-16,-0.09493832562681903
2016-02-17,-0.09295174711174081
2016-02-18,-0.08682507910236625
2016-02-19,-0.0883445028440637
2016-02-22,-0.08713691140889335
2016-02-23,-0.08665397719147205
2016-02-24,-0.08512996822060215
2016-02-25,-0.08237637932004893
2016-02-26,-0.08671613400797273
2016-02-29,-0.08315473519818206
2016-03-01,-0.08856999107500951
2016-03-02,-0.08539075403843388
2016-03-03,-0.08115374096469397
2016-03-04,-0.08095354960946666
2016-03-07,-0.07837704385714883
2016-03-08,-0.0768291820938366
2016-03-09,-0.07753978616339252
2016-03-10,-0.07709834542963989
2016-03-11,-0.0800594035046851
2016-03-14,-0.08096608716514209
2016-03-15,-0.08167931164622433
2016-03-16,-0.07530885662314735
2016-03-17,-0.07213454641980077
2016-03-18,-0.07116077969933565
2016-03-21,-0.07397807144450352
2016-03-22,-0.0732996465683452
2016-03-23,-0.07389345715923046
2016-03-24,-0.07487451103179066
2016-03-28,-0.07372290528808567
2016-03-29,-0.06737177569020913
2016-03-30,-0.07229128204491808
2016-03-31,-0.06940275368621307
2016-04-01,-0.0704013897376301
2016-04-04,-0.07252017338994665
2016-04-05,-0.06872190194139316
2016-04-06,-0.06936614933915597
2016-04-07,-0.06530068297727143
2016-04-08,-0.06430820405236715
2016-04-11,-0.06316582325284315
2016-04-12,-0.062435492594461905
2016-04-13,-0.059998625481187284
2016-04-14,-0.06353756883017947
2016-04-15,-0.06015658803643964
2016-04-18,-0.06041482985733804
2016-04-19,-0.05721482440512482
2016-04-20,-0.05891490811449418
2016-04-21,-0.06174213061255851
2016-04-22,-0.0636857472967789
2016-04-25,-0.06551200769711929
2016-04-26,-0.06502395511870385
2016-04-27,-0.059075730210291
2016-04-28,-0.0563002893354283
2016-04-29,-0.05320468340363771
2016-05-02,-0.058463898669496195
2016-05-03,-0.05669594232584918
2016-05-04,-0.05573681709882572
2016-05-05,-0.05463127591090633
2016-05-06,-0.05482418842660608
2016-05-09,-0.05800537779268433
2016-05-10,-0.05319017852200214
2016-05-11,-0.04795981444268038
2016-05-12,-0.050111096916707676
2016-05-13,-0.04709816052629068
2016-05-16,-0.04832503175123515
2016-05-17,-0.04722365240884474
2016-05-18,-0.05565303885411366
2016-05-19,-0.054507675834351677
2016-05-20,-0.053144407286506046
2016-05-23,-0.05344890260806012
2016-05-24,-0.055372802160908674
2016-05-25,-0.05423933810262915
2016-05-26,-0.05219875746312941
2016-05-27,-0.052469373266431196
2016-05-31,-0.052116700555039586
2016-06-01,-0.04927205167609683
2016-06-02,-0.04602286104281317
2016-06-03,-0.037380417203118244
2016-06-06,-0.03824956992198347
2016-06-07,-0.03566759918263307
2016-06-08,-0.0298010072287741
2016-06-09,-0.02739385172682507
2016-06-10,-0.02762235857230433
2016-06-13,-0.0264255226363298
2016-06-14,-0.02804606032528245
2016-06-15,-0.02632767510563694
2016-06-16,-0.027395843402924114
2016-06-17,-0.02614227005565506
2016-06-20,-0.02867431154839417
2016-06-21,-0.032526504697877545
2016-06-22,-0.03252562024217953
2016-06-23,-0.034976560302585114
2016-06-24,-0.027308003049434704
2016-06-27,-0.019195445366587238
2016-06-28,-0.014506990409920872
2016-06-29,-0.013759727015011158
2016-06-30,-0.011512952331840465
2016-07-01,-0.0033613853744904887
2016-07-05,-0.0035032030374073653
2016-07-06,-0.0016288955762904234
2016-07-07,-0.006615743841343225
2016-07-08,-0.00023352752980421165
2016-07-11,-0.004591211866876388
2016-07-12,-0.007895408515836255
2016-07-13,-0.0051992608591511225
2016-07-14,-0.009897592705209401
2016-07-15,-0.014303648506820088
2016-07-18,-0.015111556947598581
2016-07-19,-0.013903364010524943
2016-07-20,-0.01687002764238199
2016-07-21,-0.01692179675978256
2016-07-22,-0.016557783583364794
2016-07-25,-0.019152890605374062
2016-07-26,-0.019521958495415825
2016-07-27,-0.015911888892600645
2016-07-28,-0.017258490966227558
2016-07-29,-0.012328531738832083
2016-08-01,-0.019560172532105402
2016-08-02,-0.024756658523854114
2016-08-03,-0.018943245287655786
2016-08-04,-0.015070706690453073
2016-08-05,-0.012948076894353955
2016-08-08,-0.01089200647657984
2016-08-09,-0.008646364550767616
2016-08-10,-0.011861330676766091
2016-08-11,-0.008280520825635462
2016-08-12,-0.004725763781106673
2016-08-15,-0.0009688055651491112
2016-08-16,-0.0018367265560029766
2016-08-17,0.0
2016-08-18,0.0
2016-08-19,-0.002759913866173691
2016-08-22,-0.003294174234160896
2016-08-23,-0.0006565808572310816
2016-08-24,-0.0062129733850903035
2016-08-25,-0.0058451773202329305
2016-08-26,-0.00864141694766607
2016-08-29,-0.004529319115457842
2016-08-30,-0.007765876594124976
2016-08-31,-0.013752812614691745
2016-09-01,-0.015548989742751429
2016-09-02,-0.010777661498275082
2016-09-06,-0.006047567267315812
2016-09-07,-0.0044704104082020635
2016-09-08,-0.0034159285908662573
2016-09-09,-0.02061651583688562
2016-09-12,-0.014444602638352233
2016-09-13,-0.026039030283475317
2016-09-14,-0.027468191129802255
2016-09-15,-0.022258464078095286
2016-09-16,-0.022451188006205824
2016-09-19,-0.022582909093897596
2016-09-20,-0.021620527985241278
2016-09-21,-0.011329083931816752
2016-09-22,-0.005693457436991123
2016-09-23,-0.010836916072215375
2016-09-26,-0.012446234506854226
2016-09-27,-0.011263236648535568
2016-09-28,-0.0032705836675145372
2016-09-29,-0.005953576369408076
2016-09-30,-0.0027540273978680085
2016-10-03,-0.0022836684423863662
2016-10-04,-0.007622557428322407
2016-10-05,-0.0046150665515707345
2016-10-06,-0.004740780147580392
2016-10-07,-0.006076426242811683
2016-10-10,-0.0014010944669999859
2016-10-11,-0.00919117761021404
2016-10-12,-0.010294346038372537
2016-10-13,-0.010164794069683514
2016-10-14,-0.011139009827243807
2016-10-17,-0.011558092257094588
2016-10-18,-0.007374680029495484
2016-10-19,-0.0039721524056092194
2016-10-20,-0.006719357756818645
2016-10-21,-0.0054302084941990625
2016-10-24,-0.004110497677198954
2016-10-25,-0.006051156045653983
2016-10-26,-0.010261376006875378
2016-10-27,-0.012016430211161055
2016-10-28,-0.015720555896142185
2016-10-31,-0.018616602961386675
2016-11-01,-0.022019626002057868
2016-11-02,-0.02912470221142638
2016-11-03,-0.03267886478651749
2016-11-04,-0.03334842491984802
2016-11-07,-0.020341771708104917
2016-11-08,-0.01937791350107454
2016-11-09,-0.01431484452550058
2016-11-10,-0.016298578091679894
2016-11-11,-0.020764492322152717
2016-11-14,-0.018846955426412904
2016-11-15,-0.007806493945711868
2016-11-16,-0.01160118761846285
2016-11-17,-0.00983346755812664
2016-11-18,-0.008071806292111017
2016-11-21,0.0
2016-11-22,0.0
2016-11-23,0.0
2016-11-25,0.0
2016-11-28,-0.001928636587959609
2016-11-29,-0.00644496673538264
2016-11-30,-0.0010653090023994283
2016-12-01,0.0
2016-12-02,0.0
2016-12-05,0.0
2016-12-06,0.0
2016-12-07,0.0
2016-12-08,0.0
2016-12-09,0.0
2016-12-12,-0.0008030565820409397
2016-12-13,0.0
2016-12-14,-0.00887262881036277
2016-12-15,-0.0064029339963399545
2016-12-16,-0.006273098762799245
2016-12-19,-0.004960962197663288
2016-12-20,-0.0010916430932768062
2016-12-21,-0.004096815989959257
2016-12-22,-0.006275695709624829
2016-12-23,-0.004081500509961811
2016-12-27,0.0
2016-12-28,-0.004293453796470836
2016-12-29,-0.0034672258239477616
2016-12-30,-0.004933161176518097
2017-01-03,-0.003960587853799824
2017-01-04,0.0
2017-01-05,-0.00023609759131115737
2017-01-06,-0.0006861017965192895
2017-01-09,-0.006434200160663872
2017-01-10,-0.005899688198698905
2017-01-11,-0.0015474042297243251
2017-01-12,-0.00012854766726833056
2017-01-13,0.0
2017-01-17,-0.003245743926808986
2017-01-18,-0.004997856636478559
2017-01-19,-0.00931008310289183
2017-01-20,-0.004014617830027767
2017-01-23,-0.004967344544803298
2017-01-24,0.0
2017-01-25,0.0
2017-01-26,0.0
2017-01-27,-0.002974841075622736
2017-01-30,-0.009472114704817569
2017-01-31,-0.006499278889512516
2017-02-01,-0.0038407608951677163
2017-02-02,-0.004035687627860884
2017-02-03,0.0
2017-02-06,-0.0030255807917612954
2017-02-07,-0.00465232286611017
2017-02-08,-0.002867541147222319
2017-02-09,0.0
2017-02-10,0.0
2017-02-13,-0.00041688178811194465
2017-02-14,0.0
2017-02-15,0.0
2017-02-16,-0.001923207601236876
2017-02-17,-0.0014477487550377255
2017-02-21,0.0
2017-02-22,-0.0021760739118297234
2017-02-23,-0.0019442823394936193
2017-02-24,-0.0013002306094523908
2017-02-27,0.0
2017-02-28,-0.0029905221669218607
2017-03-01,0.0
2017-03-02,-0.008547753626140908
2017-03-03,-0.0070821078264190485
2017-03-06,-0.010069887389786314
2017-03-07,-0.014250150572420295
2017-03-08,-0.02214864387052584
2017-03-09,-0.02524708980137902
2017-03-10,-0.025028451762135306
2017-03-13,-0.0250519397510085
2017-03-14,-0.028137290060656017
2017-03-15,-0.018193769954184424
2017-03-16,-0.019384309885440154
2017-03-17,-0.017963358240331573
2017-03-20,-0.019051424906791237
2017-03-21,-0.03003963281835509
2017-03-22,-0.028771529242151428
2017-03-23,-0.028575931932350418
2017-03-24,-0.02744225846880033
2017-03-27,-0.027373757645302366
2017-03-28,-0.022236597202766162
2017-03-29,-0.01848813028743601
2017-03-30,-0.015199717013652858
2017-03-31,-0.014961778055841868
2017-04-03,-0.01786226626334997
2017-04-04,-0.015904753049050924
2017-04-05,-0.018561328221133766
2017-04-06,-0.015127159054113992
2017-04-07,-0.015400645930551904
2017-04-10,-0.012582683454127386
2017-04-11,-0.010317490738229296
2017-04-12,-0.013973439842723478
2017-04-13,-0.017004613105845556
2017-04-17,-0.013221544957741083
2017-04-18,-0.01407218807041366
2017-04-19,-0.01837769120595334
2017-04-20,-0.014183959336201646
2017-04-21,-0.017876610921918057
2017-04-24,-0.012606951437741487
2017-04-25,-0.008272511005576688
2017-04-26,-0.008310415540113136
2017-04-27,-0.009070819581444844
2017-04-28,-0.012987270589748023
2017-05-01,-0.010667478634302507
2017-05-02,-0.01353155555038743
2017-05-03,-0.01638217344073012
2017-05-04,-0.022282013099363285
2017-05-05,-0.016520622822222997
2017-05-08,-0.018534430345632735
2017-05-09,-0.0199145880530589
2017-05-10,-0.014304767915855443
2017-05-11,-0.015258624699976187
2017-05-12,-0.01585178163108958
2017-05-15,-0.011399086807777348
2017-05-16,-0.010773438776235045
2017-05-17,-0.019780653686712557
2017-05-18,-0.018148618860520216
2017-05-19,-0.01076099712211187
2017-05-22,-0.006148591158078642
2017-05-23,-0.0060383338182316
2017-05-24,-0.005105890280802772
2017-05-25,-0.008175702728541179
2017-05-26,-0.0063855500875108495
2017-05-30,-0.009554039527970848
2017-05-31,-0.012197418647593716
2017-06-01,-0.007115383881007853
2017-06-02,-0.004769699798763183
2017-06-05,-0.008074167192373638
2017-06-06,-0.0072509398675866255
2017-06-07,-0.009992906617131814
2017-06-08,-0.007019511454039562
2017-06-09,-0.0058672522414670025
2017-06-12,-0.008477284694232257
2017-06-13,-0.00458457166879922
2017-06-14,-0.009502936438525955
2017-06-15,-0.010820116800757118
2017-06-16,-0.010421226164869402
2017-06-19,-0.007655935246943524
2017-06-20,-0.014093771283746226
2017-06-21,-0.017152475453514282
2017-06-22,-0.015836050049743977
2017-06-23,-0.012652160983413596
2017-06-26,-0.011578605282967058
2017-06-27,-0.014524226324023393
2017-06-28,-0.00659004370220162
2017-06-29,-0.010541975672069492
2017-06-30,-0.0058486995054655155
2017-07-03,-0.001374822474264903
2017-07-05,-0.005096161367873164
2017-07-06,-0.011198329770812032
2017-07-07,-0.0098163904700318
2017-07-10,-0.009107257829288118
2017-07-11,-0.006143656329072433
2017-07-12,-0.0024233798839602416
2017-07-13,-0.0021599690527882576
2017-07-14,0.0
2017-07-17,-0.00017896747964563087
2017-07-18,0.0
2017-07-19,0.0
2017-07-20,0.0
2017-07-21,-0.004391849398375558
2017-07-24,-0.00380580034159117
2017-07-25,0.0
2017-07-26,0.0
2017-07-27,-0.0005499561749993109
2017-07-28,0.0
2017-07-31,0.0
2017-08-01,-0.0010144490796253347
2017-08-02,-0.002852597348150132
2017-08-03,-0.005974308894403535
2017-08-04,-0.004387985371994141
2017-08-07,-0.002797848460024732
2017-08-08,-0.004687898957400405
2017-08-09,-0.004960909499660104
2017-08-10,-0.017165134620913958
2017-08-11,-0.015145021028358796
2017-08-14,-0.01080285230570055
2017-08-15,-0.014050239663219166
2017-08-16,-0.01370323411134411
2017-08-17,-0.021891355781907595
2017-08-18,-0.018190019796064938
2017-08-21,-0.02075393570823092
2017-08-22,-0.014458919064406661
2017-08-23,-0.013280856022093723
2017-08-24,-0.013770662598861616
2017-08-25,-0.012585201317701022
2017-08-28,-0.011380082081509757
2017-08-29,-0.010694057898628317
2017-08-30,-0.009292177399555235
2017-08-31,0.0
2017-09-01,0.0
2017-09-05,-0.002967771435760991
2017-09-06,0.0
2017-09-07,-2.968189724594783e-05
2017-09-08,-0.003369899826293543
2017-09-11,0.0
2017-09-12,0.0
2017-09-13,0.0
2017-09-14,0.0
2017-09-15,0.0
2017-09-18,0.0
2017-09-19,-0.00017073539050393993
2017-09-20,0.0
2017-09-21,-0.0022081098503665686
2017-09-22,0.0
2017-09-25,0.0
2017-09-26,-0.0012367400506229087
2017-09-27,0.0
2017-09-28,0.0
2017-09-29,0.0
2017-10-02,0.0
2017-10-03,0.0
2017-10-04,-5.560407713567361e-05
2017-10-05,0.0
2017-10-06,-0.004824682690398263
2017-10-09,-0.0059148973660217985
2017-10-10,-0.0013413196813065742
2017-10-11,-0.00046494260665108644
2017-10-12,-0.0012815241343053785
2017-10-13,0.0
2017-10-16,0.0
2017-10-17,-0.0006935033849345684
2017-10-18,0.0
2017-10-19,-0.0011666432500908597
2017-10-20,0.0
2017-10-23,-0.0028171702813428734
2017-10-24,0.0
2017-10-25,-0.0028616060949343547
2017-10-26,-0.0010788739677932702
2017-10-27,0.0
2017-10-30,-0.0022762620882073037
2017-10-31,0.0
2017-11-01,-0.0006794297206463851
2017-11-02,0.0
2017-11-03,0.0
2017-11-06,0.0
2017-11-07,-0.004267953359123333
2017-11-08,-0.0040973808334773265
2017-11-09,-0.006238175441313665
2017-11-10,-0.007883237988707603
2017-11-13,-0.008346911977575311
2017-11-14,-0.012700089588655872
2017-11-15,-0.014750854314723227
2017-11-16,-0.009304818002706994
2017-11-17,-0.0054452896586935084
2017-11-20,-0.005315513085487611
2017-11-21,0.0
2017-11-22,0.0
2017-11-24,0.0
2017-11-27,-0.0015908471627965604
2017-11-28,0.0
2017-11-29,-0.002482429972852751
2017-11-30,-0.0007984104118569091
2017-12-01,0.0
2017-12-04,-0.004520101937718901
2017-12-05,-0.007268315453517582
2017-12-06,-0.011369818405484677
2017-12-07,-0.008539792553275527
2017-12-08,-0.0055918134703365485
2017-12-11,-0.0038734471017430883
2017-12-12,-0.0061795748619981605
2017-12-13,-0.005045754070412856
2017-12-14,-0.007801034643184379
2017-12-15,-0.0019662512338197713
2017-12-18,0.0
2017-12-19,-0.0023873457802154885
2017-12-20,-0.001526233580482983
2017-12-21,0.0
2017-12-22,0.0
2017-12-26,0.0
2017-12-27,0.0
2017-12-28,0.0
2017-12-29,-0.0020303941096158074
2018-01-02,0.0
2018-01-03,0.0
2018-01-04,0.0
2018-01-05,0.0
2018-01-08,0.0
2018-01-09,0.0
2018-01-10,0.0
2018-01-11,0.0
2018-01-12,0.0
2018-01-16,-0.004664632941887015
2018-01-17,0.0
2018-01-18,-0.0025633893594331214
2018-01-19,0.0
2018-01-22,0.0
2018-01-23,0.0
2018-01-24,0.0
2018-01-25,-0.0006090041686125369
2018-01-26,0.0
2018-01-29,-0.004619903122757396
2018-01-30,-0.012036269862431892
2018-01-31,-0.012155844083546308
2018-02-01,-0.011195385137117042
2018-02-02,-0.026735925524036364
2018-02-05,-0.04912494557829272
2018-02-06,-0.041793601995734675
2018-02-07,-0.0470481708179582
2018-02-08,-0.06757024519387278
2018-02-09,-0.06499685923750376
2018-02-12,-0.05679042329127637
2018-02-13,-0.055103326357000215
2018-02-14,-0.04438734077545026
2018-02-15,-0.03668339289037448
2018-02-16,-0.03503085566235109
2018-02-20,-0.03810405999220545
2018-02-21,-0.04053786459622455
2018-02-22,-0.0383017239626966
2018-02-23,-0.027951484963112616
2018-02-26,-0.02147343756643172
2018-02-27,-0.03137498164470498
2018-02-28,-0.039590701829887776
2018-03-01,-0.0444057589967789
2018-03-02,-0.03951969629528573
2018-03-05,-0.033177096375102355
2018-03-06,-0.02898818826644689
2018-03-07,-0.02953521033291795
2018-03-08,-0.029303343794017667
2018-03-09,-0.01887957377166738
2018-03-12,-0.018376012564772393
2018-03-13,-0.0226225996832099
2018-03-14,-0.024179247210345922
2018-03-15,-0.025584847667582622
2018-03-16,-0.0236580135022747
2018-03-19,-0.03251116450519331
2018-03-20,-0.03087325214261316
2018-03-21,-0.026380303208002776
2018-03-22,-0.039968506073750354
2018-03-23,-0.0495360380338693
2018-03-26,-0.03567077687279008
2018-03-27,-0.046092338689204815
2018-03-28,-0.048255256040315775
2018-03-29,-0.039260775561612005
2018-04-02,-0.054240646107078794
2018-04-03,-0.04710609754472561
2018-04-04,-0.041933744775180526
2018-04-05,-0.0373474757447988
2018-04-06,-0.04882332620113117
2018-04-09,-0.0438682388606888
2018-04-10,-0.031121332074377284
2018-04-11,-0.030383619487355573
2018-04-12,-0.027524488867838093
2018-04-13,-0.02927415918928622
2018-04-16,-0.025792615131517982
2018-04-17,-0.01920461662350703
2018-04-18,-0.014997168511596826
2018-04-19,-0.02016424269892958
2018-04-20,-0.02564328205316113
2018-04-23,-0.026613630671483923
2018-04-24,-0.03397068459758423
2018-04-25,-0.033928269749887274
2018-04-26,-0.027205797255143938
2018-04-27,-0.026894242908349297
2018-04-30,-0.030122536184792326
2018-05-01,-0.02963790481037365
2018-05-02,-0.03038829581243907
2018-05-03,-0.030130077536834277
2018-05-04,-0.023505203359973637
2018-05-07,-0.02114840268033069
2018-05-08,-0.020063824527980723
2018-05-09,-0.01573674857091989
2018-05-10,-0.010987731368366171
2018-05-11,-0.011090408644656935
2018-05-14,-0.010693754809282696
2018-05-15,-0.01380313390939536
2018-05-16,-0.010191316497569658
2018-05-17,-0.009792828896439731
2018-05-18,-0.009477489272271988
2018-05-21,-0.005249585093589637
2018-05-22,-0.006973768362341315
2018-05-23,-0.003999819232235913
2018-05-24,-0.004717177093170655
2018-05-25,-0.007207192646974447
2018-05-29,-0.009304203850010517
2018-05-30,-0.0024382670206836154
2018-05-31,-0.00591571123430179
2018-06-01,-0.003268095914312208
2018-06-04,-0.0037378459127851427
2018-06-05,-0.001110437214116855
2018-06-06,0.0
2018-06-07,0.0
2018-06-08,0.0
2018-06-11,0.0
2018-06-12,0.0
2018-06-13,-0.0010638426217962627
2018-06-14,-0.0001530483634166746
2018-06-15,-0.005925451587368236
2018-06-18,-0.00337707139340071
2018-06-19,-0.006199273527656701
2018-06-20,-0.004674951370341018
2018-06-21,-0.010255467414514996
2018-06-22,-0.006273942611791483
2018-06-25,-0.017117070395258893
2018-06-26,-0.012501891700560486
2018-06-27,-0.017081256618857177
2018-06-28,-0.014882071419327514
2018-06-29,-0.012566869068378339
2018-07-02,-0.014378357596372404
2018-07-03,-0.01401218380497371
2018-07-05,-0.006782057136155761
2018-07-06,-0.0006117245867058863
2018-07-09,0.0
2018-07-10,-0.0009551551978063122
2018-07-11,-0.012047498543405588
2018-07-12,-0.006627674620956703
2018-07-13,-0.006528586137199532
2018-07-16,-0.012446537843008199
2018-07-17,-0.010069800267894724
2018-07-18,-0.007425095711432683
2018-07-19,-0.006321969528100602
2018-07-20,-0.00706568055886192
2018-07-23,-0.006677425907605672
2018-07-24,-0.0064928620478356125
2018-07-25,-0.0002515217773019218
2018-07-26,-6.845852368042582e-05
2018-07-27,-0.007510494039893012
2018-07-30,-0.00995456845941689
2018-07-31,-0.006654965630134568
2018-08-01,-0.012747362504737958
2018-08-02,-0.009198388114101341
2018-08-03,-0.006658382727027012
2018-08-06,-0.0046983682631343004
2018-08-07,-0.003778232547250182
2018-08-08,-0.006676762944608283
2018-08-09,-0.005283033456492281
2018-08-10,-0.00437589400547278
2018-08-13,-0.007620852237834597
2018-08-14,-0.005418768345077707
2018-08-15,-0.011791851694905486
2018-08-16,-0.007584189848709011
2018-08-17,-0.00500827722608721
2018-08-20,-0.001828010400895308
2018-08-21,-0.00047297058103579204
2018-08-22,0.0
2018-08-23,-0.0007431543245424166
2018-08-24,0.0
2018-08-27,0.0
2018-08-28,-0.00281238813914253
2018-08-29,0.0
2018-08-30,-0.00034513451901652115
2018-08-31,-0.0001281121878312641
2018-09-04,-0.004271501824076207
2018-09-05,-0.006640618911429419
2018-09-06,-0.007710118531293664
2018-09-07,-0.010453961157126601
2018-09-10,-0.00785217089825374
2018-09-11,-0.007374319593777101
2018-09-12,-0.004860992392505259
2018-09-13,-0.006217440815720066
2018-09-14,-0.008708494630408792
2018-09-17,-0.010860484563736561
2018-09-18,-0.010967443886716999
2018-09-19,-0.011646960553601593
2018-09-20,-0.008218621512782298
2018-09-21,-0.008386656207701515
2018-09-24,-0.0065334392318706636
2018-09-25,-0.0062898529564973105
2018-09-26,-0.00630958123297598
2018-09-27,-0.004532590410096016
2018-09-28,-0.0025348600757657547
2018-10-01,-0.0027584024686887476
2018-10-02,-0.0002455556175962048
2018-10-03,-0.005676368869119153
2018-10-04,-0.011909500244998372
2018-10-05,-0.01668442234267664
2018-10-08,-0.01859224849524921
2018-10-09,-0.013501541465414157
2018-10-10,-0.0206527245714474
2018-10-11,-0.019799136475198598
2018-10-12,-0.019293768345172158
2018-10-15,-0.01905989035672284
2018-10-16,-0.015067994805784357
2018-10-17,-0.01983784568551783
2018-10-18,-0.023132896572793604
2018-10-19,-0.023827446178121936
2018-10-22,-0.02444961465785811
2018-10-23,-0.027400600500686267
2018-10-24,-0.02797671264113699
2018-10-25,-0.027467020237458173
2018-10-26,-0.02440297346938458
2018-10-29,-0.0275484508694559
2018-10-30,-0.029172158801217707
2018-10-31,-0.033628962055615275
2018-11-01,-0.03283371902986365
2018-11-02,-0.03861479001619417
2018-11-05,-0.03700693765378393
2018-11-06,-0.037612401555002783
2018-11-07,-0.03593714648606394
2018-11-08,-0.037674171896130426
2018-11-09,-0.037918781505727917
2018-11-12,-0.03732931385677907
2018-11-13,-0.04303048662600906
2018-11-14,-0.041551105244679754
2018-11-15,-0.04099901782625659
2018-11-16,-0.03708183311660396
2018-11-19,-0.037437466402166164
2018-11-20,-0.04494013046204348
2018-11-21,-0.04257697431106311
2018-11-23,-0.04804144338860494
2018-11-26,-0.04679868775614571
2018-11-27,-0.04739668186040735
2018-11-28,-0.0474758374268891
2018-11-29,-0.04500251011008671
2018-11-30,-0.044003154245565
2018-12-03,-0.035917835946064125
2018-12-04,-0.031957229534635756
2018-12-06,-0.03204911695590473
2018-12-07,-0.030303992305362182
2018-12-10,-0.03170223435243136
2018-12-11,-0.030957022575198834
2018-12-12,-0.03294926039376045
2018-12-13,-0.03091868048946722
2018-12-14,-0.03388432395636487
2018-12-17,-0.03514077531265636
2018-12-18,-0.036757436966150525
2018-12-19,-0.03232394990974896
2018-12-20,-0.03697710887257588
2018-12-21,-0.040123457027914755
2018-12-24,-0.042225445404318385
2018-12-26,-0.03846262669372058
2018-12-27,-0.03925819203940284
2018-12-28,-0.03698683722587981
2018-12-31,-0.033945698768364285
2019-01-02,-0.03097593804991905
2019-01-03,-0.0261061253634427
2019-01-04,-0.02567812920259238
2019-01-07,-0.024686065791229672
2019-01-08,-0.022839163091580295
2019-01-09,-0.018503360339109598
2019-01-10,-0.021106389938535863
2019-01-11,-0.01986971191159359
2019-01-14,-0.02369974252325513
2019-01-15,-0.02248456243367203
2019-01-16,-0.020723587790858256
2019-01-17,-0.019896688191644585
2019-01-18,-0.018926252160133994
2019-01-22,-0.018597643464764113
2019-01-23,-0.01887465733033078
2019-01-24,-0.015261650388333603
2019-01-25,-0.015340344387332117
2019-01-28,-0.018943298575168854
2019-01-29,-0.014857501438448883
2019-01-30,-0.011707017643308837
2019-01-31,-0.007998639344205638
2019-02-01,-0.009324162372755684
2019-02-04,-0.0103441166465702
2019-02-05,-0.008838573809894168
2019-02-06,-0.008549497244054738
2019-02-07,-0.008300728702779758
2019-02-08,-0.006053887191174945
2019-02-11,-0.008562812249215512
2019-02-12,-0.007388519249942216
2019-02-13,-0.008009774453624052
2019-02-14,-0.004740834124480231
2019-02-15,0.0
2019-02-19,0.0
2019-02-20,-0.0002683168227975985
2019-02-21,-0.0037274940674821844
2019-02-22,0.0
2019-02-25,-0.003969880528236436
2019-02-26,-0.001212585090319851
2019-02-27,-0.004845983984676949
2019-02-28,-0.007155483032250554
2019-03-01,-0.012506225386633263
2019-03-04,-0.009214253800368777
2019-03-05,-0.007636341714500339
2019-03-06,-0.008128172625291086
2019-03-07,-0.006383852326126593
2019-03-08,-0.00484370573935311
2019-03-11,-0.004282643972394196
2019-03-12,0.0
2019-03-13,0.0
2019-03-14,-0.0038493940124560977
2019-03-15,-0.0005870106175439593
2019-03-18,0.0
2019-03-19,-0.0005382610865568571
2019-03-20,0.0
2019-03-21,0.0
2019-03-22,0.0
2019-03-25,0.0
2019-03-26,0.0
2019-03-27,0.0
2019-03-28,0.0
2019-03-29,-0.0001308279750443786
2019-04-01,-0.003203543979601653
2019-04-02,-0.0018127649805593782
2019-04-03,-0.0047872634743483244
2019-04-04,-0.003081835433777269
2019-04-05,-0.0012219606264496363
2019-04-08,-0.0020332428273129866
2019-04-09,-0.0017604829003203815
2019-04-10,0.0
2019-04-11,-0.003509012046165716
2019-04-12,-0.005446495508782956
2019-04-15,-0.005111802511029162
2019-04-16,-0.008418257290695452
2019-04-17,-0.009479109070552938
2019-04-18,-0.006788501812380665
2019-04-22,-0.007749921006831251
2019-04-23,-0.00513641383200758
2019-04-24,-0.0023159150253705407
2019-04-25,-0.003749556465571513
2019-04-26,-0.0036180925573801037
2019-04-29,-0.005967165706647903
2019-04-30,-0.003463323355094805
2019-05-01,-0.003441165868596885
2019-05-02,-0.007839252297234589
2019-05-03,-0.0050073746820505916
2019-05-06,-0.0031537472157686652
2019-05-07,-0.0037300133074140707
2019-05-08,-0.005807562330395921
2019-05-09,-0.005103980374709494
2019-05-10,-0.004860836890866582
2019-05-13,-0.004418049956058101
2019-05-14,-0.002142351006092169
2019-05-15,0.0
2019-05-16,-1.842949007924144e-05
2019-05-17,-0.0015373466636626754
2019-05-20,-0.0024823287761923662
2019-05-21,-0.0021943804363091512
2019-05-22,-0.0026907550371511046
2019-05-23,-0.0026109872916263432
2019-05-24,0.0
2019-05-28,0.0
2019-05-29,-0.0001251246276130491
2019-05-30,0.0
2019-05-31,-0.00020207330623644992
2019-06-03,0.0
2019-06-04,-0.0014323441094150624
2019-06-05,-0.006734687713588761
2019-06-06,-0.002178445692940456
2019-06-07,0.0
2019-06-10,-0.004370465354652686
2019-06-11,-0.003028983204366398
2019-06-12,-0.004740675004316297
2019-06-13,-1.6544712106325576e-05
2019-06-14,0.0
2019-06-17,0.0
2019-06-18,0.0
2019-06-19,0.0
2019-06-20,0.0
2019-06-21,-0.004610285084191923
2019-06-24,-0.0010220615414902046
2019-06-25,-0.0002575571289127332
2019-06-26,-0.0024738051757947632
2019-06-27,0.0
2019-06-28,-0.0011795756846904037
2019-07-01,-0.001452269524338634
2019-07-02,-0.000520209218877854
2019-07-03,0.0
2019-07-05,-0.00671828180818812
2019-07-08,-0.007158381515337431
2019-07-09,-0.00716740911019631
2019-07-10,-0.0044878433641358795
2019-07-11,-0.010336852839451516
2019-07-12,-0.009015624760692398
2019-07-15,-0.008258368903682922
2019-07-16,-0.011799744187376726
2019-07-17,-0.00851528033983695
2019-07-18,-0.008654232179690524
2019-07-19,-0.009410132405282101
2019-07-22,-0.008553789489726737
2019-07-23,-0.009036202556239714
2019-07-24,-0.00737151425038618
2019-07-25,-0.01071574226980454
2019-07-26,-0.009059835789006487
2019-07-29,-0.00847814505121891
2019-07-30,-0.006829961692253805
2019-07-31,-0.005443400304589896
2019-08-01,-0.00010267494341620331
2019-08-02,0.0
2019-08-05,0.0
2019-08-06,0.0
2019-08-07,-0.001507179423846594
2019-08-08,0.0
2019-08-09,-0.00048295314426516356
2019-08-12,0.0
2019-08-13,0.0
2019-08-14,0.0
2019-08-15,0.0
2019-08-16,-0.0021275648417972137
2019-08-19,-0.007095992842504284
2019-08-20,-0.0018634144986278134
2019-08-21,-0.003308240894439707
2019-08-22,-0.007299911053633812
2019-08-23,-0.0022485529178388752
2019-08-26,-0.0033379145036358526
2019-08-27,0.0
2019-08-28,0.0
2019-08-29,-0.001026382825885297
2019-08-30,-0.0034622349638306904
2019-09-03,-0.003399945104653024
2019-09-04,0.0
2019-09-05,-0.009169281201106938
2019-09-06,-0.006005496399624666
2019-09-09,-0.012620381524794388
2019-09-10,-0.020933711385452414
2019-09-11,-0.02211058669429189
2019-09-12,-0.025031209806209875
2019-09-13,-0.03492430377414746
2019-09-16,-0.022572242758341243
2019-09-17,-0.02275391445618069
2019-09-18,-0.02222719843443921
2019-09-19,-0.019657085663616236
2019-09-20,-0.012922263526153
2019-09-23,-0.01232416436473871
2019-09-24,-0.009137864228557335
2019-09-25,-0.017225707848737448
2019-09-26,-0.01462352824406421
2019-09-27,-0.014716541849956521
2019-09-30,-0.015302277684941079
2019-10-01,-0.014212301419682327
2019-10-02,-0.014647905381832915
2019-10-03,-0.009862976394962586
2019-10-04,-0.00461552923158659
2019-10-07,-0.009671582730035877
2019-10-08,-0.009031275336290778
2019-10-09,-0.00998858587677487
2019-10-10,-0.015554572066632355
2019-10-11,-0.01825172353171023
2019-10-14,-0.015683006078373696
2019-10-15,-0.020732927703488113
2019-10-16,-0.01946754491440883
2019-10-17,-0.019174347382614254
2019-10-18,-0.01935984077647579
2019-10-21,-0.022594171154290077
2019-10-22,-0.020000372742129735
2019-10-23,-0.017261990308808373
2019-10-24,-0.016110305040549888
2019-10-25,-0.01681741424269889
2019-10-28,-0.021473575413101464
2019-10-29,-0.022149513852020464
2019-10-30,-0.01687364102187272
2019-10-31,-0.011243041312365532
2019-11-01,-0.008490751468503754
2019-11-04,-0.012756241957761594
2019-11-05,-0.01852878627253851
2019-11-06,-0.01705058274547211
2019-11-07,-0.02575770818597911
2019-11-08,-0.027291602356127376
2019-11-11,-0.028329399864979732
2019-11-12,-0.026182342831147953
2019-11-13,-0.022952120146021993
2019-11-14,-0.018626879119692408
2019-11-15,-0.01796678557917164
2019-11-18,-0.01853769444263842
2019-11-19,-0.016834152204268316
2019-11-20,-0.011022412552378236
2019-11-21,-0.012714654183503593
2019-11-22,-0.012019418375336932
2019-11-25,-0.010213869382758145
2019-11-26,-0.006263000513422434
2019-11-27,-0.008363703377067933
2019-11-29,-0.01281978702789155
2019-12-02,-0.018822710280301913
2019-12-03,-0.016558560484790763
2019-12-04,-0.012299412209913707
2019-12-05,-0.012428041487131836
2019-12-06,-0.00801294390767604
2019-12-09,-0.009208055265097714
2019-12-10,-0.00827959092703301
2019-12-11,-0.006397894726694386
2019-12-12,-0.004349056715055033
2019-12-13,-0.0006339329233947533
2019-12-16,0.0
2019-12-17,0.0
2019-12-18,-0.0007470919277564603
2019-12-19,0.0
2019-12-20,0.0
2019-12-23,0.0
2019-12-24,0.0
2019-12-26,0.0
2019-12-27,0.0
2019-12-30,-0.0024387495718911634
2019-12-31,-0.004617116069893901
2020-01-02,0.0
2020-01-03,0.0
2020-01-06,0.0
2020-01-07,-0.0023157820662041972
2020-01-08,-0.0040293233607352485
2020-01-09,-0.0018080748206539266
2020-01-10,-0.002109499600256748
2020-01-13,-0.0014615679901424095
2020-01-14,0.0
2020-01-15,0.0
2020-01-16,0.0
2020-01-17,0.0
2020-01-21,-0.0020377610622660525
2020-01-22,-0.0038327999763402287
2020-01-23,-0.005095301478633019
2020-01-24,-0.01099764755282906
2020-01-27,-0.020515808929846835
2020-01-28,-0.015546297367578843
2020-01-29,-0.015966848888221086
2020-01-30,-0.01692286188940162
2020-01-31,-0.025612010571951394
2020-02-03,-0.02629379554805311
2020-02-04,-0.01984727017821908
2020-02-05,-0.01213218361368984
2020-02-06,-0.010386115611142777
2020-02-07,-0.013938063446108817
2020-02-10,-0.012580877326190287
2020-02-11,-0.010268679499664812
2020-02-12,-0.005388109883307957
2020-02-13,-0.00618005307839653
2020-02-14,-0.006012921381560954
2020-02-18,-0.00571292082794006
2020-02-19,-0.0021945065382352746
2020-02-20,-0.003141501739585384
2020-02-21,-0.006815745183493149
2020-02-24,-0.026045653492520637
2020-02-25,-0.041362022186869685
2020-02-26,-0.04578594790355617
2020-02-27,-0.06636217856755655
2020-02-28,-0.0695482281008214
2020-03-02,-0.04812140389903308
2020-03-03,-0.05745379594923228
2020-03-04,-0.03744371479051678
2020-03-05,-0.05708689982722659
2020-03-06,-0.0716157955814325
2020-03-09,-0.13513813547520648
2020-03-10,-0.11101383625333616
2020-03-11,-0.14697914518084754
2020-03-12,-0.21276592953324114
2020-03-13,-0.17178797911546617
2020-03-16,-0.24001959601247547
2020-03-17,-0.2238416301439199
2020-03-18,-0.2625653713469679
2020-03-19,-0.25784478197974725
2020-03-20,-0.2701723475623653
2020-03-23,-0.2684469270575467
2020-03-24,-0.22423994254459423
2020-03-25,-0.2072608662409431
2020-03-26,-0.1808804972484339
2020-03-27,-0.19662422329376017
2020-03-30,-0.18306844308791037
2020-03-31,-0.191229263559753
2020-04-01,-0.19470148659083264
2020-04-02,-0.1929344577827542
2020-04-03,-0.19400183504816781
2020-04-06,-0.19007794050576632
2020-04-07,-0.1900174509515904
2020-04-08,-0.18766296023138662
2020-04-09,-0.18493748699630352
2020-04-13,-0.18551368829731385
2020-04-14,-0.18415093218868062
2020-04-15,-0.18587884486054684
2020-04-16,-0.185727626977353
2020-04-17,-0.18399644706169993
2020-04-20,-0.18534066540082006
2020-04-21,-0.1878157074222614
2020-04-22,-0.18663562986109972
2020-04-23,-0.18662792236810155
2020-04-24,-0.1860468652449594
2020-04-27,-0.18538663758380358
2020-04-28,-0.18477216755136572
2020-04-29,-0.18230845328868783
2020-04-30,-0.18241119167031328
2020-05-01,-0.18099629374383064
2020-05-04,-0.18215595792155936
2020-05-05,-0.18373548176071075
2020-05-06,-0.1886547934374212
2020-05-07,-0.18310662547696555
2020-05-08,-0.18665374811265056
2020-05-11,-0.18934667783592707
2020-05-12,-0.18638016864221774
2020-05-13,-0.18447087609977397
2020-05-14,-0.18160792547944715
2020-05-15,-0.18193963990929862
2020-05-18,-0.1880075629729525
2020-05-19,-0.18670098663450396
2020-05-20,-0.18537507462541059
2020-05-21,-0.18497723897954088
2020-05-22,-0.18329764948550675
2020-05-26,-0.18681194331946638
2020-05-27,-0.1873566227138065
2020-05-28,-0.18804156145297146
2020-05-29,-0.1857539736731556
2020-06-01,-0.18744670561322574
2020-06-02,-0.18838776092622822
2020-06-03,-0.1928511104726599
2020-06-04,-0.19727055900199586
2020-06-05,-0.199487432468892
2020-06-08,-0.19829430823981553
2020-06-09,-0.19470926496143104
2020-06-10,-0.18940804706365022
2020-06-11,-0.1848703380508313
2020-06-12,-0.18743922328996288
2020-06-15,-0.18724477631197178
2020-06-16,-0.19167781368626569
2020-06-17,-0.19021841338497902
2020-06-18,-0.18700193014186117
2020-06-19,-0.18660238445821276
2020-06-22,-0.18651506522951944
2020-06-23,-0.18839520742695792
2020-06-24,-0.18564400923590985
2020-06-25,-0.18456248725885893
2020-06-26,-0.18136079413445383
2020-06-29,-0.1817758577876255
2020-06-30,-0.18344538187609305
2020-07-01,-0.1836472477341764
2020-07-02,-0.18228021249449433
2020-07-06,-0.18245602192945853
2020-07-07,-0.1787541218594657
2020-07-08,-0.1791178582889864
2020-07-09,-0.17512387868415913
2020-07-10,-0.17608286061757739
2020-07-13,-0.1758532538658747
2020-07-14,-0.1742941751644781
2020-07-15,-0.17448020213725546
2020-07-16,-0.17364688229895342
2020-07-17,-0.1737651853675427
2020-07-20,-0.1727741600475451
2020-07-21,-0.17167718444591828
2020-07-22,-0.17033800114322206
2020-07-23,-0.16735232143695622
2020-07-24,-0.16766921880954755
2020-07-27,-0.16798601786731093
2020-07-28,-0.16624865144335899
2020-07-29,-0.16561126095601353
2020-07-30,-0.16474125386665883
2020-07-31,-0.16590424238457013
2020-08-03,-0.1646305944630495
2020-08-04,-0.16032117395659418
2020-08-05,-0.16223926675324618
2020-08-06,-0.15954060867828368
2020-08-07,-0.16354829102043333
2020-08-10,-0.16423919089416505
2020-08-11,-0.16964385702505103
2020-08-12,-0.16964075454866245
2020-08-13,-0.17312325431017628
2020-08-14,-0.17483645889779198
2020-08-17,-0.17146158852274684
2020-08-18,-0.16892541226168023
2020-08-19,-0.17171090637323927
2020-08-20,-0.16903822244730915
2020-08-21,-0.16858568562967224
2020-08-24,-0.1674199678892454
2020-08-25,-0.16913168577265747
2020-08-26,-0.16954012641685523
2020-08-27,-0.17639162148979093
2020-08-28,-0.1749998939286972
2020-08-31,-0.17414368845890427
2020-09-01,-0.16972998416544882
2020-09-02,-0.16443540387372413
2020-09-03,-0.17895369271136374
2020-09-04,-0.18350011707867298
2020-09-08,-0.19547213292385268
2020-09-09,-0.18525290665681526
2020-09-10,-0.19314716709168
2020-09-11,-0.18947551347357217
2020-09-14,-0.1852570738719116
2020-09-15,-0.18181254903551014
2020-09-16,-0.1806388767594208
2020-09-17,-0.1807822699981836
2020-09-18,-0.1851329226268391
2020-09-21,-0.1966480264921725
2020-09-22,-0.19490962394560674
2020-09-23,-0.20434961521448125
2020-09-24,-0.20312903496555867
2020-09-25,-0.19922423468172235
2020-09-28,-0.19081209795288656
2020-09-29,-0.19344217412628928
2020-09-30,-0.1918150859733565
2020-10-01,-0.19058476544303182
2020-10-02,-0.19290554336314913
2020-10-05,-0.18749914251841993
2020-10-06,-0.18998896483981242
2020-10-07,-0.18645250957318327
2020-10-08,-0.183481857237364
2020-10-09,-0.18107501145794846
2020-10-12,-0.17838901534098317
2020-10-13,-0.18050576480503355
2020-10-14,-0.1813703771961026
2020-10-15,-0.1827288181704183
2020-10-16,-0.18282769217434158
2020-10-19,-0.18546564735069393
2020-10-20,-0.18365133109651655
2020-10-21,-0.18499157132005128
2020-10-22,-0.18432413914865564
2020-10-23,-0.1831232007787551
2020-10-26,-0.18877851937506807
2020-10-27,-0.18933802072824613
2020-10-28,-0.19938697166392072
2020-10-29,-0.19813045195329215
2020-10-30,-0.20055919210905115
2020-11-02,-0.19633962779478453
2020-11-03,-0.1913006641042736
2020-11-04,-0.18461105417454515
2020-11-05,-0.1789354163501904
2020-11-06,-0.1790957810668381
2020-11-09,-0.174250817597842
2020-11-10,-0.17346613290044355
2020-11-11,-0.17157141423209854
2020-11-12,-0.1747867331773877
2020-11-13,-0.1710975320856708
2020-11-16,-0.16719300630735
2020-11-17,-0.1676427569726886
2020-11-18,-0.16964259533721016
2020-11-19,-0.16802710893294381
2020-11-20,-0.16776324058223102
2020-11-23,-0.16686507752446877
2020-11-24,-0.16180403137664012
2020-11-25,-0.16200283182587483
2020-11-27,-0.16029876661878661
2020-11-30,-0.16498611820007392
2020-12-01,-0.15633013934191642
2020-12-02,-0.1552245529794527
2020-12-03,-0.1531260338349687
2020-12-04,-0.14802821898310192
2020-12-07,-0.14973833130159264
2020-12-08,-0.1481950104947407
2020-12-09,-0.15127811543618386
2020-12-10,-0.14754426268691867
2020-12-11,-0.14947612733650195
2020-12-14,-0.15071203870568484
2020-12-15,-0.14352901746482616
2020-12-16,-0.14132885528385608
2020-12-17,-0.13662252636706285
2020-12-18,-0.1383471743248761
2020-12-21,-0.14463259108985937
2020-12-22,-0.1474752541294313
2020-12-23,-0.1426032384948447
2020-12-24,-0.14176933204715025
2020-12-28,-0.13847639169071047
2020-12-29,-0.1355219872294906
2020-12-30,-0.13239471330017472
2020-12-31,-0.13246299994002186
2021-01-04,-0.13452857389045247
2021-01-05,-0.1245733192229237
2021-01-06,-0.12191064435760146
2021-01-07,-0.11559121994832444
2021-01-08,-0.10878958096944147
2021-01-11,-0.11605422131944187
2021-01-12,-0.11088807102075282
2021-01-13,-0.11023417696354632
2021-01-14,-0.10670172186422155
2021-01-15,-0.11537201186652934
2021-01-19,-0.10847929393029798
2021-01-20,-0.10073805643800104
2021-01-21,-0.10054514712024853
2021-01-22,-0.10498255468640982
2021-01-25,-0.10185324958636754
2021-01-26,-0.10334058458451745
2021-01-27,-0.11829660274637244
2021-01-28,-0.11468003869125509
2021-01-29,-0.1270970166787504
2021-02-01,-0.11419195478976851
2021-02-02,-0.10589222303004475
2021-02-03,-0.10379325714924503
2021-02-04,-0.09945450738197681
2021-02-05,-0.0950172090848902
2021-02-08,-0.08875515031866155
2021-02-09,-0.08591552152729254
2021-02-10,-0.08651078783578503
2021-02-11,-0.08348200389776061
2021-02-12,-0.07982586253737889
2021-02-16,-0.07783620041522898
2021-02-17,-0.07886273046115677
2021-02-18,-0.0841409454277059
2021-02-19,-0.08248628383854217
2021-02-22,-0.08790858001843571
2021-02-23,-0.08640586413053863
2021-02-24,-0.08173019798293668
2021-02-25,-0.09838044307620808
2021-02-26,-0.10594739668329534
2021-03-01,-0.09194993285093411
2021-03-02,-0.0952851603123428
2021-03-03,-0.1005111107608817
2021-03-04,-0.10785823895568691
2021-03-05,-0.09828259090377012
2021-03-08,-0.10509812101720162
2021-03-09,-0.0957403150877375
2021-03-10,-0.09178932236291248
2021-03-11,-0.08273984493471165
2021-03-12,-0.08460114798234275
2021-03-15,-0.08291686117460828
2021-03-16,-0.08388852236708988
2021-03-17,-0.08117594030101671
2021-03-18,-0.09562727290868933
2021-03-19,-0.09134318589021984
2021-03-22,-0.08929457944784536
2021-03-23,-0.09958173628250733
2021-03-24,-0.10185963926415198
2021-03-25,-0.09966696161771593
2021-03-26,-0.08764702690056547
2021-03-29,-0.09031809900230714
2021-03-30,-0.09220460563731347
2021-03-31,-0.09018386365510012
2021-04-01,-0.08265853182851224
2021-04-05,-0.07815967485972264
2021-04-06,-0.07946153894048502
2021-04-07,-0.07953164888944686
2021-04-08,-0.07614664254076142
2021-04-09,-0.07491009855961539
2021-04-12,-0.07639641356147331
2021-04-13,-0.0732142521412118
2021-04-14,-0.07122970124847505
2021-04-15,-0.06543271496153025
2021-04-16,-0.06386491983543652
2021-04-19,-0.06598924956337138
2021-04-20,-0.07227742943475823
2021-04-21,-0.06708295508315654
2021-04-22,-0.0693006361216113
2021-04-23,-0.0629485642773775
2021-04-26,-0.06148110981610433
2021-04-27,-0.06179567022037691
2021-04-28,-0.06054266718597845
2021-04-29,-0.058590740655605655
2021-04-30,-0.06434294496429083
2021-05-03,-0.05960530563191124
2021-05-04,-0.063819038907311
2021-05-05,-0.05998229084567497
2021-05-06,-0.05547374506360958
2021-05-07,-0.04884977476194641
2021-05-10,-0.056000253147644896
2021-05-11,-0.06046282991769836
2021-05-12,-0.07311168273277435
2021-05-13,-0.06969096559988319
2021-05-14,-0.05867527901285963
2021-05-17,-0.05860788387876181
2021-05-18,-0.06134821983565575
2021-05-19,-0.0674477893484613
2021-05-20,-0.06152488508314646
2021-05-21,-0.06014822080467719
2021-05-24,-0.053950393641192584
2021-05-25,-0.054993895968242
2021-05-26,-0.05297950928800299
2021-05-27,-0.0501430717545972
2021-05-28,-0.04954695895040284
2021-06-01,-0.044784707777621335
2021-06-02,-0.042576783514429395
2021-06-03,-0.04720950889527009
2021-06-04,-0.04039728491965533
2021-06-07,-0.038484097489662306
2021-06-08,-0.03608504359593956
2021-06-09,-0.03795162132535568
2021-06-10,-0.03571646467872025
2021-06-11,-0.03423213413738457
2021-06-14,-0.034592826449520886
2021-06-15,-0.03570008272341263
2021-06-16,-0.04026764417203188
2021-06-17,-0.04553878788797894
2021-06-18,-0.05408588605424214
2021-06-21,-0.044293534781563615
2021-06-22,-0.042246364439485484
2021-06-23,-0.04306881082803349
2021-06-24,-0.0369654530762602
2021-06-25,-0.03583169764055061
2021-06-28,-0.03734437939829627
2021-06-29,-0.03678802535404058
2021-06-30,-0.037246862132098935
2021-07-01,-0.03393505393860574
2021-07-02,-0.030809776296046754
2021-07-06,-0.037624740359903375
2021-07-07,-0.037752804036702226
2021-07-08,-0.043070482395321186
2021-07-09,-0.03298065573971676
2021-07-12,-0.03100188014664318
2021-07-13,-0.03472846294812271
2021-07-14,-0.035989139058894115
2021-07-15,-0.03996093130299039
2021-07-16,-0.045104128630613416
2021-07-19,-0.05963882519611008
2021-07-20,-0.0491493109613752
2021-07-21,-0.039622797947693855
2021-07-22,-0.03944360083348497
2021-07-23,-0.034488307341646096
2021-07-26,-0.033144087448809034
2021-07-27,-0.03730823386847171
2021-07-28,-0.03354655097175818
2021-07-29,-0.027846606982418254
2021-07-30,-0.03189667390219364
2021-08-02,-0.033355583282866585
2021-08-03,-0.029751104177365817
2021-08-04,-0.03522180180989398
2021-08-05,-0.02893420084838816
2021-08-06,-0.031113219832839212
2021-08-09,-0.03449980438004674
2021-08-10,-0.031349942548092646
2021-08-11,-0.02708932546197651
2021-08-12,-0.026891600317907494
2021-08-13,-0.025368702177307245
2021-08-16,-0.02670811027651554
2021-08-17,-0.033536398255809674
2021-08-18,-0.03997611633933451
2021-08-19,-0.04448093172342693
2021-08-20,-0.043722035926337166
2021-08-23,-0.032132673400307454
2021-08-24,-0.027426397070997033
2021-08-25,-0.025266839741742597
2021-08-26,-0.029907036149326105
2021-08-27,-0.021182917359473752
2021-08-30,-0.019356455979998244
2021-08-31,-0.02078447503457781
2021-09-01,-0.018110672702186803
2021-09-02,-0.014147844874721649
2021-09-03,-0.013511552416667572
2021-09-07,-0.01693686581319076
2021-09-08,-0.019050893104988864
2021-09-09,-0.02109698556920292
2021-09-10,-0.0232611610711958
2021-09-13,-0.01877684168295557
2021-09-14,-0.022292565378824847
2021-09-15,-0.01638211418457003
2021-09-16,-0.018582295506845536
2021-09-17,-0.02538655040379212
2021-09-20,-0.03847676941042433
2021-09-21,-0.03584383381429923
2021-09-22,-0.02861171700409959
2021-09-23,-0.019971875627829427
2021-09-24,-0.02228540500710785
2021-09-27,-0.020091559114600477
2021-09-28,-0.034777654595919194
2021-09-29,-0.03486839584527812
2021-09-30,-0.03886424357817808
2021-10-01,-0.03173352921796191
2021-10-04,-0.03293129266719419
2021-10-05,-0.030754286517677865
2021-10-06,-0.03352879797057373
2021-10-07,-0.03143681871061488
2021-10-08,-0.03330965341996672
2021-10-11,-0.03462604067896047
2021-10-12,-0.030395489303815193
2021-10-13,-0.0245531060082933
2021-10-14,-0.017003580552513275
2021-10-15,-0.015286924123916301
2021-10-18,-0.016116435039599364
2021-10-19,-0.017093895831192363
2021-10-20,-0.015352728559389517
2021-10-21,-0.01977638110623281
2021-10-22,-0.015778634424601035
2021-10-25,-0.01428355955106364
2021-10-26,-0.01163487311722522
2021-10-27,-0.012147121687167473
2021-10-28,-0.009049692071960824
2021-10-29,-0.010636466410960943
2021-11-01,-0.009071718969635212
2021-11-02,-0.006683576263279312
2021-11-03,-0.012805809082850228
2021-11-04,-0.010141640307270605
2021-11-05,-0.001569204712488892
2021-11-08,-0.001251957495175371
2021-11-09,0.0
2021-11-10,-0.011874002970590047
2021-11-11,-0.010600491266323897
2021-11-12,-0.010294181181291107
2021-11-15,-0.01449690830071182
2021-11-16,-0.015446344857998007
2021-11-17,-0.01557219464343873
2021-11-18,-0.013705902096033173
2021-11-19,-0.015614809615393965
2021-11-22,-0.01983456154188301
2021-11-23,-0.020531340367505924
2021-11-24,-0.01767411009818476
2021-11-26,-0.029666562389229156
2021-11-29,-0.029226619251073505
2021-11-30,-0.03426203836832664
2021-12-01,-0.036798504659994236
2021-12-02,-0.030161212084895417
2021-12-03,-0.0280739271379703
2021-12-06,-0.025178539998677363
2021-12-07,-0.018450196330966673
2021-12-08,-0.019856786262428705
2021-12-09,-0.024467700359711575
2021-12-10,-0.021303290637256
2021-12-13,-0.020536267618874393
2021-12-14,-0.02525749686395462
2021-12-15,-0.022838531267169504
2021-12-16,-0.022706516416793665
2021-12-17,-0.024271507232300205
2021-12-20,-0.03002779495516983
2021-12-21,-0.022145440551227358
2021-12-22,-0.015557914448297683
2021-12-23,-0.015035090071975121
2021-12-27,-0.008793333704699813
2021-12-28,-0.010681759288727943
2021-12-29,-0.013362038090442452
2021-12-30,-0.01215977346720698
2021-12-31,-0.01344156378454242
2022-01-03,-0.01903950944820354
2022-01-04,-0.017375372037764958
2022-01-05,-0.02577056456041693
2022-01-06,-0.023903363036820835
2022-01-07,-0.026586068193265366
2022-01-10,-0.02820381015573592
2022-01-11,-0.01862986737751937
2022-01-12,-0.016551781364862905
2022-01-13,-0.019061024196698972
2022-01-14,-0.02147210025372892
2022-01-18,-0.030237843381100582
2022-01-19,-0.02872503605403276
2022-01-20,-0.0301254582775623
2022-01-21,-0.03035781815502292
2022-01-24,-0.033185749665205155
2022-01-25,-0.03468041719412973
2022-01-26,-0.0402493985562955
2022-01-27,-0.03659070483547411
2022-01-28,-0.032289592196214634
2022-01-31,-0.027683211454789025
2022-02-01,-0.027312358717948237
2022-02-02,-0.02480494781799547
2022-02-03,-0.030221265901440586
2022-02-04,-0.035631038912974033
2022-02-07,-0.03478768006593014
2022-02-08,-0.03846506271543115
2022-02-09,-0.034194102785304326
2022-02-10,-0.04489173328819107
2022-02-11,-0.03676314040989059
2022-02-14,-0.04236920523829013
2022-02-15,-0.04748352729062799
2022-02-16,-0.044313434939761254
2022-02-17,-0.0415630409370471
2022-02-18,-0.03731123210947451
2022-02-22,-0.03556389041107644
2022-02-23,-0.0412204978641727
2022-02-24,-0.03917373866624618
2022-02-25,-0.03882612066118818
2022-02-28,-0.027291267829935628
2022-03-01,-0.015389306744126752
2022-03-02,-0.023223585694109206
2022-03-03,-0.017728705097170172
2022-03-04,-0.003606004523400208
2022-03-07,-0.005681813022496263
2022-03-08,-0.007669710560197829
2022-03-09,-0.024379545155700844
2022-03-10,-0.033263298523764306
2022-03-11,-0.030183378762133284
2022-03-14,-0.04675766361671907
2022-03-15,-0.05006246991676522
2022-03-16,-0.04632389751519783
2022-03-17,-0.03938924199656313
2022-03-18,-0.03325433211389095
2022-03-21,-0.03776674915706102
2022-03-22,-0.04259275706293841
2022-03-23,-0.03061361653393968
2022-03-24,-0.0349466072741641
2022-03-25,-0.04048433899640713
2022-03-28,-0.044595732242780683
2022-03-29,-0.03895470469604845
2022-03-30,-0.03292292593723234
2022-03-31,-0.03640000896774087
2022-04-01,-0.03434578846109837
2022-04-04,-0.03274830665369155
2022-04-05,-0.046203266306647395
2022-04-06,-0.0518240348354615
2022-04-07,-0.05454062660762338
2022-04-08,-0.057807379238335566
2022-04-11,-0.066516162413779
2022-04-12,-0.061954562462794294
2022-04-13,-0.056462033039356596
2022-04-14,-0.06521335854808508
2022-04-18,-0.06643666557908856
2022-04-19,-0.07420660628479392
2022-04-20,-0.06566916855696447
2022-04-21,-0.07132015800182212
2022-04-22,-0.07728011371962251
2022-04-25,-0.07349631212401608
2022-04-26,-0.0690723849217606
2022-04-27,-0.07318357807372378
2022-04-28,-0.07038262487715652
2022-04-29,-0.07831779092147517
2022-05-02,-0.08174085490629812
2022-05-03,-0.0814763436982684
2022-05-04,-0.0701886051334657
2022-05-05,-0.0847722111316851
2022-05-06,-0.09083627424196128
2022-05-09,-0.09728039262966892
2022-05-10,-0.09489186247618608
2022-05-11,-0.08427500494121909
2022-05-12,-0.08348952117304909
2022-05-13,-0.08487956052636114
2022-05-16,-0.08178305233966343
2022-05-17,-0.08779351777600264
2022-05-18,-0.08663799419205931
2022-05-19,-0.08293083743450125
2022-05-20,-0.07808215892020964
2022-05-23,-0.0816775286525222
2022-05-24,-0.07401456478495227
2022-05-25,-0.06983606065545178
2022-05-26,-0.06787040460412552
2022-05-27,-0.06271426891337861
2022-05-31,-0.07298783798781483
2022-06-01,-0.07424604034780069
2022-06-02,-0.06820844861495812
2022-06-03,-0.06875313648451253
2022-06-06,-0.07507948213956761
2022-06-07,-0.0689838517769048
2022-06-08,-0.07157168807222736
2022-06-09,-0.07256182903703656
2022-06-10,-0.08057522312546916
2022-06-13,-0.09952772102993845
2022-06-14,-0.10688230014982736
2022-06-15,-0.09703173664063502
2022-06-16,-0.09512569025307904
2022-06-17,-0.10041927725785571
2022-06-21,-0.10576101767212376
2022-06-22,-0.09870102851114115
2022-06-23,-0.09850811705652229
2022-06-24,-0.0992840542673662
2022-06-27,-0.10385993175809538
2022-06-28,-0.1013760316401825
2022-06-29,-0.09842257458638304
2022-06-30,-0.10073588220878893
2022-07-01,-0.0934277136078947
2022-07-05,-0.10166090609548939
2022-07-06,-0.11100978001381023
2022-07-07,-0.10722538464504072
2022-07-08,-0.10890404827305078
2022-07-11,-0.10332611743848352
2022-07-12,-0.10850647147876102
2022-07-13,-0.10322453513401086
2022-07-14,-0.10881227053926823
2022-07-15,-0.10283994932587848
2022-07-18,-0.1044675699023313
2022-07-19,-0.10455727036749918
2022-07-20,-0.10396577700366205
2022-07-21,-0.09768477716447999
2022-07-22,-0.09224740837526202
2022-07-25,-0.09366853545533171
2022-07-26,-0.09379856168044887
2022-07-27,-0.08947944765305438
2022-07-28,-0.08404606099060596
2022-07-29,-0.08320670186965318
2022-08-01,-0.07816684389581585
2022-08-02,-0.08969290674527053
2022-08-03,-0.08371880497750128
2022-08-04,-0.0846519303177502
2022-08-05,-0.09663976035900468
2022-08-08,-0.08844047802828658
2022-08-09,-0.08953193302969442
2022-08-10,-0.08675681911017563
2022-08-11,-0.09281861580612227
2022-08-12,-0.08796279883620772
2022-08-15,-0.08995905243930213
2022-08-16,-0.0911318224840284
2022-08-17,-0.09607432078806732
2022-08-18,-0.0924106343959662
2022-08-19,-0.10061969357849243
2022-08-22,-0.10269910040285946
2022-08-23,-0.10182453867272145
2022-08-24,-0.10310671045384345
2022-08-25,-0.09844144421980727
2022-08-26,-0.09795606739980467
2022-08-29,-0.09993174083086476
2022-08-30,-0.10410074011872894
2022-08-31,-0.11253067529076499
2022-09-01,-0.12332157890986173
2022-09-02,-0.12041833779257394
2022-09-06,-0.13210757674220996
2022-09-07,-0.12762933158853185
2022-09-08,-0.13095731874226202
2022-09-09,-0.1246670889665511
2022-09-12,-0.12459689907141136
2022-09-13,-0.12911352416025523
2022-09-14,-0.12672412116165033
2022-09-15,-0.13282426528248392
2022-09-16,-0.13656900676416484
2022-09-19,-0.1352921916831491
2022-09-20,-0.14096464302849887
2022-09-21,-0.13739234747606177
2022-09-22,-0.14802565715290195
2022-09-23,-0.15386739559259854
2022-09-26,-0.1671126888621166
2022-09-27,-0.1756684413406686
2022-09-28,-0.1566709043337936
2022-09-29,-0.16173643035019347
2022-09-30,-0.16843159463941992
2022-10-03,-0.15909056421410028
2022-10-04,-0.15605627542292788
2022-10-05,-0.15904970864177825
2022-10-06,-0.16152570892610152
2022-10-07,-0.16595313459450567
2022-10-10,-0.17272757451736487
2022-10-11,-0.17282191963451843
2022-10-12,-0.17090153575096256
2022-10-13,-0.17343719030085047
2022-10-14,-0.1789522563185878
2022-10-17,-0.1786079939685884
2022-10-18,-0.17792035033617004
2022-10-19,-0.1857354735360861
2022-10-20,-0.1916806612895544
2022-10-21,-0.19484459867524628
2022-10-24,-0.19814627656486195
2022-10-25,-0.18732573720648638
2022-10-26,-0.18086159789724554
2022-10-27,-0.1768538073848379
2022-10-28,-0.1801597597965704
2022-10-31,-0.18401183315445102
2022-11-01,-0.18029784191881026
2022-11-02,-0.18213183815141776
2022-11-03,-0.1851095546416306
2022-11-04,-0.18636578649195024
2022-11-07,-0.1902069394221797
2022-11-08,-0.18711731725621206
2022-11-09,-0.1880592636898346
2022-11-10,-0.17035137968053038
2022-11-11,-0.16944267523088274
2022-11-14,-0.17222375474824636
2022-11-15,-0.1649388147107298
2022-11-16,-0.1590444192153606
2022-11-17,-0.1644884639848072
2022-11-18,-0.16754164770794167
2022-11-21,-0.16702325112777028
2022-11-22,-0.16077415298535247
2022-11-23,-0.15549672370754697
2022-11-25,-0.15725153662002533
2022-11-28,-0.15761207500899788
2022-11-29,-0.16066488457418127
2022-11-30,-0.1536166991265493
2022-12-01,-0.1428980430688932
2022-12-02,-0.13966118392291327
2022-12-05,-0.14812452866623183
2022-12-06,-0.1452997837450385
2022-12-07,-0.1373229630906564
2022-12-08,-0.13834815871669814
2022-12-09,-0.147151923815522
2022-12-12,-0.14546821970727164
2022-12-13,-0.1392489367100611
2022-12-14,-0.13745165786515712
2022-12-15,-0.13841384840579762
2022-12-16,-0.1427992279118342
2022-12-19,-0.1494887691064133
2022-12-20,-0.15522028036446267
2022-12-21,-0.15229836520097806
2022-12-22,-0.1543434421001919
2022-12-23,-0.1578141099844399
2022-12-27,-0.16441083400121637
2022-12-28,-0.16776932260498734
2022-12-29,-0.16283914477996742
2022-12-30,-0.16667800128222943
2023-01-03,-0.16096373145499387
2023-01-04,-0.15561634853873996
2023-01-05,-0.1556458882991656
2023-01-06,-0.14585820575037955
2023-01-09,-0.14263579120744696
2023-01-10,-0.14813294989988146
2023-01-11,-0.14085467284312103
2023-01-12,-0.13228546514788297
2023-01-13,-0.13536932456079398
2023-01-17,-0.1372113867238679
2023-01-18,-0.12868940842252308
2023-01-19,-0.13027951984894592
2023-01-20,-0.1349493481528493
2023-01-23,-0.13637776446255712
2023-01-24,-0.13160123166870208
2023-01-25,-0.13060866457294562
2023-01-26,-0.13175432772615392
2023-01-27,-0.13336648658931372
2023-01-30,-0.13680750680200837
2023-01-31,-0.13217631533330831
2023-02-01,-0.12725996055063038
2023-02-02,-0.1272362764472672
2023-02-03,-0.13858211582474822
2023-02-06,-0.14381133724032524
2023-02-07,-0.14368774871379497
2023-02-08,-0.14221397130214442
2023-02-09,-0.14658852136940337
2023-02-10,-0.1503781557064745
2023-02-13,-0.14642617012644743
2023-02-14,-0.14767658995467037
2023-02-15,-0.15248975858026903
2023-02-16,-0.15814049003029684
2023-02-17,-0.15679460439746706
2023-02-21,-0.1661642609218602
2023-02-22,-0.16480787330817326
2023-02-23,-0.15973683977634134
2023-02-24,-0.16757968278656843
2023-02-27,-0.16537104974433514
2023-02-28,-0.16447754538221693
2023-03-01,-0.16763979174641686
2023-03-02,-0.17056477836352524
2023-03-03,-0.16063093519269855
2023-03-06,-0.16372477561009147
2023-03-07,-0.164589166389138
2023-03-08,-0.16453439100235145
2023-03-09,-0.16377969235211753
2023-03-10,-0.1494761180656763
2023-03-13,-0.1445871212221872
2023-03-14,-0.15211097222139314
2023-03-15,-0.1448529844176032
2023-03-16,-0.1483577621782356
2023-03-17,-0.14139164760208867
2023-03-20,-0.14436066054385377
2023-03-21,-0.14821969809179025
2023-03-22,-0.14102331045150762
2023-03-23,-0.13889928937738083
2023-03-24,-0.13722210482334507
2023-03-27,-0.14649054617027712
2023-03-28,-0.1456910737622903
2023-03-29,-0.1464149936839767
2023-03-30,-0.14378672133113135
2023-03-31,-0.13748371725421316
2023-04-03,-0.13313174916518422
2023-04-04,-0.13046819901609208
2023-04-05,-0.1269897842794182
2023-04-06,-0.12596743318982562
2023-04-10,-0.13296401419684656
2023-04-11,-0.13146005551476103
2023-04-12,-0.1309231200865114
2023-04-13,-0.13186500659284706
2023-04-14,-0.13624537067894849
2023-04-17,-0.1412408415916253
2023-04-18,-0.13963792713000478
2023-04-19,-0.1426444072511811
2023-04-20,-0.13982586369287098
2023-04-21,-0.14263078378024863
2023-04-24,-0.13813433586356216
2023-04-25,-0.13500677337805744
2023-04-26,-0.14004995305565127
2023-04-27,-0.14241421425456346
2023-04-28,-0.1352642493079972
2023-05-01,-0.1410840844253396
2023-05-02,-0.1461900598239646
2023-05-03,-0.14666984624786683
2023-05-04,-0.1495460523981682
2023-05-05,-0.13957479843971932
2023-05-08,-0.14150683389985808
2023-05-09,-0.14335733148522622
2023-05-10,-0.14017545032529233
2023-05-11,-0.14300518234293202
2023-05-12,-0.14707001282679766
2023-05-15,-0.1429132027618114
2023-05-16,-0.1497490255701147
2023-05-17,-0.14305822941527646
2023-05-18,-0.14383937113060274
2023-05-19,-0.14564442844299086
2023-05-22,-0.14293077863982062
2023-05-23,-0.1462036986480103
2023-05-24,-0.15144481836499268
2023-05-25,-0.15493200612395364
2023-05-26,-0.14651126567050943
2023-05-30,-0.14912556136983846
2023-05-31,-0.15338701277099664
2023-06-01,-0.14841392993965685
2023-06-02,-0.14441643836005114
2023-06-05,-0.14622441338357595
2023-06-06,-0.14282550273774997
2023-06-07,-0.14338223051373555
2023-06-08,-0.14061402433040393
2023-06-09,-0.14269077966368615
2023-06-12,-0.14202825800751218
2023-06-13,-0.14074706577140594
2023-06-14,-0.14089812674318192
2023-06-15,-0.13520410814350936
2023-06-16,-0.1366305841258899
2023-06-20,-0.1384334802480679
2023-06-21,-0.13798246995114627
2023-06-22,-0.14173581080474196
2023-06-23,-0.14424076790723428
2023-06-26,-0.1435386690254884
2023-06-27,-0.14292189284760415
2023-06-28,-0.1414841055498237
2023-06-29,-0.14317805103281445
2023-06-30,-0.1400445527734332
2023-07-03,-0.13955184293848133
2023-07-05,-0.14302705747593436
2023-07-06,-0.15159577475766672
2023-07-07,-0.14771083634185023
2023-07-10,-0.1429259071692882
2023-07-11,-0.1368026338004502
2023-07-12,-0.12777970139774397
2023-07-13,-0.11968663173411953
2023-07-14,-0.1249276899539411
2023-07-17,-0.12327330681840831
2023-07-18,-0.11843529330450475
2023-07-19,-0.11633574200450258
2023-07-20,-0.12086504951639887
2023-07-21,-0.1202858157992841
2023-07-24,-0.11699035893945853
2023-07-25,-0.1158049646493402
2023-07-26,-0.11338153507364412
2023-07-27,-0.12024067015164996
2023-07-28,-0.11241062447745065
2023-07-31,-0.10939136184471399
2023-08-01,-0.11428124835258702
2023-08-02,-0.1256744690442062
2023-08-03,-0.12607849613535305
2023-08-04,-0.1253640575691315
2023-08-07,-0.12278025328955211
2023-08-08,-0.12566099545462261
2023-08-09,-0.1273770229745732
2023-08-10,-0.12917661428511062
2023-08-11,-0.13129472357955763
2023-08-14,-0.13177018698203846
2023-08-15,-0.14031593373296636
2023-08-16,-0.1464025792893059
2023-08-17,-0.15064623233835017
2023-08-18,-0.14841990318705678
2023-08-21,-0.14743550392798033
2023-08-22,-0.14844784589349047
2023-08-23,-0.14072560854173088
2023-08-24,-0.14827938260953766
2023-08-25,-0.14361657555130825
2023-08-28,-0.13926275883065464
2023-08-29,-0.13025571633442534
2023-08-30,-0.12872062548413332
2023-08-31,-0.12905681016200465
2023-09-01,-0.12482882468439838
2023-09-05,-0.1293541502376172
2023-09-06,-0.13209667435887307
2023-09-07,-0.1352278625908211
2023-09-08,-0.13480602546315135
2023-09-11,-0.1301009543843732
2023-09-12,-0.1319519696351753
2023-09-13,-0.13183909092375323
2023-09-14,-0.12490737460841106
2023-09-15,-0.13124458588891763
2023-09-18,-0.13220319820697102
2023-09-19,-0.13372146844899702
2023-09-20,-0.14021335697052795
2023-09-21,-0.15005610852876516
2023-09-22,-0.14983301019964534
2023-09-25,-0.15002031652280834
2023-09-26,-0.15751037434216386
2023-09-27,-0.15535638501968208
2023-09-28,-0.15149569518718786
2023-09-29,-0.1553796198188142
2023-10-02,-0.1583305699966907
2023-10-03,-0.16345659564631365
2023-10-04,-0.16348218789035907
2023-10-05,-0.16354595258966453
2023-10-06,-0.1608712492988662
2023-10-09,-0.15518948299063473
2023-10-10,-0.15388021278903552
2023-10-11,-0.1534085111598278
2023-10-12,-0.15731472351773745
2023-10-13,-0.15550778557410416
2023-10-16,-0.15355477508459736
2023-10-17,-0.15411205416815854
2023-10-18,-0.15722165177440006
2023-10-19,-0.15846470422392445
2023-10-20,-0.16124400520507676
2023-10-23,-0.16201026876608893
2023-10-24,-0.1610517312537315
2023-10-25,-0.16529829260268314
2023-10-26,-0.16684448662616713
2023-10-27,-0.16612668251618523
2023-10-30,-0.16579128476378668
2023-10-31,-0.16500363266193396
2023-11-01,-0.16074859399014174
2023-11-02,-0.1543273650664374
2023-11-03,-0.1494240086699571
2023-11-06,-0.15086920437314266
2023-11-07,-0.15184479989130362
2023-11-08,-0.15350982775410904
2023-11-09,-0.1572080933843203
2023-11-10,-0.15320088792342113
2023-11-13,-0.1518917471671255
2023-11-14,-0.1419044542799729
2023-11-15,-0.14347696224283313
2023-11-16,-0.14546417759402885
2023-11-17,-0.14298976704463306
2023-11-20,-0.13983937450598072
2023-11-21,-0.14047793032695277
2023-11-22,-0.1401578871986684
2023-11-24,-0.14072470705431162
2023-11-27,-0.14085509900990678
2023-11-28,-0.13857913346878004
2023-11-29,-0.13637679588019536
2023-11-30,-0.13837774052240803
2023-12-01,-0.13147161741464042
2023-12-04,-0.13398541286829257
2023-12-05,-0.13700902105817947
2023-12-06,-0.14227539258030553
2023-12-07,-0.13795611625812298
2023-12-08,-0.1355481031800787
2023-12-11,-0.1344214429897227
2023-12-12,-0.13544398108512667
2023-12-13,-0.12156335732336065
2023-12-14,-0.11221121013045854
2023-12-15,-0.1139749572693608
2023-12-18,-0.11110250630695007
2023-12-19,-0.1043169594777491
2023-12-20,-0.11357962857968085
2023-12-21,-0.10669431138521346
2023-12-22,-0.10500347927859721
2023-12-26,-0.0993822436999745
2023-12-27,-0.09797463967526399
2023-12-28,-0.10064691097952605
2023-12-29,-0.10548074740352065
2024-01-02,-0.11210971045588569
2024-01-03,-0.1172596865123523
2024-01-04,-0.12030291044608143
2024-01-05,-0.11954122530957256
2024-01-08,-0.11383729915001839
2024-01-09,-0.11458761982228349
2024-01-10,-0.1139830900604295
2024-01-11,-0.11305381016637972
2024-01-12,-0.11164240724663166
2024-01-16,-0.11820548424354194
2024-01-17,-0.12262867643869158
2024-01-18,-0.11647161009260965
2024-01-19,-0.11026927345079907
2024-01-22,-0.10517564565499304
2024-01-23,-0.10357291764129983
2024-01-24,-0.10229159927078524
2024-01-25,-0.09735551884094629
2024-01-26,-0.09730231095603825
2024-01-29,-0.09248630794356805
2024-01-30,-0.0936627145068527
2024-01-31,-0.10541966104352474
2024-02-01,-0.10066730122254586
2024-02-02,-0.10119876194145427
2024-02-05,-0.10419444000246281
2024-02-06,-0.1005583934961718
2024-02-07,-0.09702533201036223
2024-02-08,-0.09333574227902652
2024-02-09,-0.08773485562571315
2024-02-12,-0.08519407292352876
2024-02-13,-0.09999277512060123
2024-02-14,-0.09431366621265946
2024-02-15,-0.08686503369283072
2024-02-16,-0.09080661174806104
2024-02-20,-0.09588790517534762
2024-02-21,-0.09618959288897988
2024-02-22,-0.08599803262717931
2024-02-23,-0.08860803125694527
2024-02-26,-0.08672242690218424
2024-02-27,-0.0820003836875387
2024-02-28,-0.08519420741871286
2024-02-29,-0.0821470291328027
2024-03-01,-0.07408769548912952
2024-03-04,-0.07367530135330635
2024-03-05,-0.08080007028857139
2024-03-06,-0.07529633757805809
2024-03-07,-0.06885299311201065
2024-03-08,-0.07245426525669896
2024-03-11,-0.07247121174741666
2024-03-12,-0.06959799472416062
2024-03-13,-0.06698818117459115
2024-03-14,-0.07069546912016711
2024-03-15,-0.07292267105680161
2024-03-18,-0.0690235280299124
2024-03-19,-0.06659592548995374
2024-03-20,-0.059550946903318414
2024-03-21,-0.05672016455018214
2024-03-22,-0.06083479217280052
2024-03-25,-0.05984589803830698
2024-03-26,-0.06262851800318814
2024-03-27,-0.05629780101562931
2024-03-28,-0.052974517030536905
2024-04-01,-0.0533780239101701
2024-04-02,-0.05581515132789594
2024-04-03,-0.05087792901327204
2024-04-04,-0.05688374742825564
2024-04-05,-0.05049748673059484
2024-04-08,-0.049127569655100234
2024-04-09,-0.04846263972310538
2024-04-10,-0.056425024025978376
2024-04-11,-0.05087001820357118
2024-04-12,-0.05938298064680747
2024-04-15,-0.06580130763927616
2024-04-16,-0.06757949370504579
2024-04-17,-0.07584247348837303
2024-04-18,-0.07710562556008604
2024-04-19,-0.08014358846969993
2024-04-22,-0.07607543052389854
2024-04-23,-0.067789496132165
2024-04-24,-0.06872078454259467
2024-04-25,-0.06970053968979806
2024-04-26,-0.06334493971563071
2024-04-29,-0.0607554849626859
2024-04-30,-0.07479889320092137
2024-05-01,-0.07852087397123675
2024-05-02,-0.07070732615987296
2024-05-03,-0.063060429040943
2024-05-06,-0.05404065749204223
2024-05-07,-0.053996831438195336
2024-05-08,-0.05649636979796713
2024-05-09,-0.05127422765172185
2024-05-10,-0.05183453765234214
2024-05-13,-0.05026499044932298
2024-05-14,-0.04705730339451086
2024-05-15,-0.03792825557915813
2024-05-16,-0.03957893557718395
2024-05-17,-0.035686496388811384
2024-05-20,-0.03180654741754807
2024-05-21,-0.03225810215010605
2024-05-22,-0.039067721321512705
2024-05-23,-0.04679315916947113
2024-05-24,-0.040387298182531284
2024-05-28,-0.03538725034397716
2024-05-29,-0.04377162611907748
2024-05-30,-0.047909904623915645
2024-05-31,-0.046365223122138755
2024-06-03,-0.04475732368087593
2024-06-04,-0.04765038279090006
2024-06-05,-0.03994229291996787
2024-06-06,-0.03675218949460768
2024-06-07,-0.04918259899754207
2024-06-10,-0.045045069642008495
2024-06-11,-0.0432790878932936
2024-06-12,-0.03718911185699836
2024-06-13,-0.03576773473628059
2024-06-14,-0.03521385634966934
2024-06-17,-0.03435660543359831
2024-06-18,-0.02894370382825917
2024-06-20,-0.02934526114277658
2024-06-21,-0.03305259769009561
2024-06-24,-0.030609628180599202
2024-06-25,-0.03248060281900578
2024-06-26,-0.03585353937125124
2024-06-27,-0.03178142501274006
2024-06-28,-0.03603554456552738
2024-07-01,-0.036187957053356756
2024-07-02,-0.032709926727047645
2024-07-03,-0.025072814962615264
2024-07-05,-0.019536569380946056
2024-07-08,-0.02307685416195937
2024-07-09,-0.025028645398013527
2024-07-10,-0.021308378796680794
2024-07-11,-0.01514409547728146
2024-07-12,-0.012930659463287197
2024-07-15,-0.01627639113822965
2024-07-16,-0.008952771105269486
2024-07-17,-0.013553866363791522
2024-07-18,-0.0204048465270239
2024-07-19,-0.028730185788253038
2024-07-22,-0.02543187111482592
2024-07-23,-0.027908157006662493
2024-07-24,-0.036127211671507675
2024-07-25,-0.036432176614832223
2024-07-26,-0.03211806756463487
2024-07-29,-0.03312056617770065
2024-07-30,-0.03289879680571073
2024-07-31,-0.0187443141355621
2024-08-01,-0.02582895845754507
2024-08-02,-0.029965519643377236
2024-08-05,-0.03958144326982449
2024-08-06,-0.04378891313833577
2024-08-07,-0.044270462562069124
2024-08-08,-0.034624591095026025
2024-08-09,-0.030060757418515438
2024-08-12,-0.02398902654330337
2024-08-13,-0.019566996323658437
2024-08-14,-0.02103247456195878
2024-08-15,-0.015748994833347907
2024-08-16,-0.011946276661562116
2024-08-19,-0.00930280931373495
2024-08-20,-0.009450200539385611
2024-08-21,-0.008532982407776113
2024-08-22,-0.015289817091566515
2024-08-23,-0.0037300641400228596
2024-08-26,-0.0032930964342565705
2024-08-27,-0.00392025721904754
2024-08-28,-0.009651126670376375
2024-08-29,-0.007051588580706869
2024-08-30,-0.010258671330160563
2024-09-03,-0.020288163567099837
2024-09-04,-0.02005762938694522
2024-09-05,-0.017642442999742936
2024-09-06,-0.027759068115990826
2024-09-09,-0.02266650697268824
2024-09-10,-0.023767561114631408
2024-09-11,-0.01877540152349766
2024-09-12,-0.010263523697295773
2024-09-13,-0.0057206203913150455
2024-09-16,-0.0018344504926137706
2024-09-17,-0.0013840660952574302
2024-09-18,-0.006623451691599835
2024-09-19,0.0
2024-09-20,-0.00013262410135750358
2024-09-23,0.0
2024-09-24,0.0
2024-09-25,-0.005692866368725236
2024-09-26,-0.0005372798021083813
2024-09-27,0.0
2024-09-30,-0.0038134368199083113
2024-10-01,0.0
2024-10-02,0.0
2024-10-03,-0.001326128267459592
2024-10-04,-0.00021842654913706294
2024-10-07,-2.6569487710514927e-05
2024-10-08,-0.0067737969591237235
2024-10-09,-0.009761982558382565
2024-10-10,-0.00532659674935565
2024-10-11,-0.0017696624108270997
2024-10-14,-0.004249893453957765
2024-10-15,-0.010978987730542622
2024-10-16,-0.008251212232881056
2024-10-17,-0.009920007497553174
2024-10-18,-0.00730925923635295
2024-10-21,-0.01178441907323835
2024-10-22,-0.0075390279569992336
2024-10-23,-0.014113967068098754
2024-10-24,-0.011519255209720969
2024-10-25,-0.010841046357115247
2024-10-28,-0.015180016037868449
2024-10-29,-0.013930611533850334
2024-10-30,-0.012869262891909594
2024-10-31,-0.018270345149668632
2024-11-01,-0.0217572696361662
2024-11-04,-0.015405183020313462
2024-11-05,-0.008257375590961513
2024-11-06,-0.01408346444535269
2024-11-07,-0.0019891270923190207
2024-11-08,-0.007627970284740715
2024-11-11,-0.01530015820511188
2024-11-12,-0.023776639412803058
2024-11-13,-0.027836251086475583
2024-11-14,-0.030003710316170107
2024-11-15,-0.035024798234585264
2024-11-18,-0.024977713539033664
2024-11-19,-0.02165430447498451
2024-11-20,-0.021939354375218212
2024-11-21,-0.019005698472076782
2024-11-22,-0.016459404844388903
2024-11-25,-0.017647002113515997
2024-11-26,-0.018018037966313294
2024-11-27,-0.018263641845340572
2024-11-29,-0.013405915048379957
2024-12-02,-0.013989110322269571
2024-12-03,-0.011965785594495792
2024-12-04,-0.009093592821668328
2024-12-05,-0.009673810970849184
2024-12-06,-0.00984480044240632
2024-12-09,-0.006695770384299582
2024-12-10,-0.008450128787351407
2024-12-11,-0.0031816813313284564
2024-12-12,-0.009660944482018818
2024-12-13,-0.012389048874119846
2024-12-16,-0.012088402020895894
2024-12-17,-0.01505380707976156
2024-12-18,-0.03215608954533378
2024-12-19,-0.03420386037510936
2024-12-20,-0.028236739037435066
2024-12-23,-0.027813560966474138
2024-12-24,-0.022972404080958575
2024-12-26,-0.02279464423599964
2024-12-27,-0.02677106834381704
2024-12-30,-0.02716982446917282
2024-12-31,-0.027670780420312124
2025-01-02,-0.02469183798672836
2025-01-03,-0.022596909658729847
2025-01-06,-0.020505947145207593
2025-01-07,-0.024539125124065864
2025-01-08,-0.024631615751023794
2025-01-10,-0.0260739415647947
2025-01-13,-0.026953303700181896
2025-01-14,-0.024508177736719094
2025-01-15,-0.01062533786755504
2025-01-16,-0.011032640640934455
2025-01-17,-0.00836426698081938
2025-01-21,-0.002499536248771639
2025-01-22,-0.0015286828035646627
2025-01-23,-0.0018341423058191308
2025-01-24,-0.0001243019301415682
2025-01-27,-0.00917449030227635
2025-01-28,-0.00506631982088579
2025-01-29,-0.00609275867718817
2025-01-30,0.0
2025-01-31,-0.003904887963963266
2025-02-03,-0.003923950027294065
2025-02-04,0.0
2025-02-05,0.0
2025-02-06,0.0
2025-02-07,-0.003671439707758739
2025-02-10,0.0
2025-02-11,-0.00035819291774907835
2025-02-12,-0.004503409337267561
2025-02-13,0.0
2025-02-14,0.0
2025-02-18,0.0
2025-02-19,0.0
2025-02-20,0.0
2025-02-21,-0.006087851458711158
2025-02-24,-0.009602009060238337
2025-02-25,-0.011762951024119395
2025-02-26,-0.010712997007720437
2025-02-27,-0.02035092862101051
2025-02-28,-0.019311279247352098
2025-03-03,-0.02408972310123314
2025-03-04,-0.024872918447025993
2025-03-05,-0.01965980924868327
2025-03-06,-0.027522868681532975
2025-03-07,-0.02401992029612665
2025-03-10,-0.03494360434711308
2025-03-11,-0.03430337190710542
2025-03-12,-0.03237804293358948
2025-03-13,-0.034501662853282045
2025-03-14,-0.026388640524103724
2025-03-17,-0.019654354368369376
2025-03-18,-0.02240669075695012
2025-03-19,-0.016199875403261732
2025-03-20,-0.018066779123476984
2025-03-21,-0.02123773730087375
2025-03-24,-0.017398811616350263
2025-03-25,-0.016162647753448556
2025-03-26,-0.021902392397826764
2025-03-27,-0.02073238663953869
2025-03-28,-0.026147953924536615
2025-03-31,-0.020624161428859367
2025-04-01,-0.018030485963726695
2025-04-02,-0.014634620252970243
2025-04-03,-0.03618043344879096
2025-04-04,-0.06497209585690877
2025-04-07,-0.08069025853852141
2025-04-08,-0.09253889353510913
2025-04-09,-0.05029978223857867
2025-04-10,-0.06636487328404417
2025-04-11,-0.05407672475020575
2025-04-14,-0.0493025710564956
2025-04-15,-0.048363965675189524
2025-04-16,-0.047946692777900424
2025-04-17,-0.045526086864887794
2025-04-21,-0.051978132826883905
2025-04-22,-0.043967734466803354
2025-04-23,-0.04096460291965043
2025-04-24,-0.02885768830915525
2025-04-25,-0.026966303422086724
2025-04-28,-0.024928997974782874
2025-04-29,-0.025256971357097924
2025-04-30,-0.03064010154812835
2025-05-01,-0.03187846916668513
2025-05-02,-0.028965605004817596
2025-05-05,-0.028770258166980756
2025-05-06,-0.02607831966202745
2025-05-07,-0.027912930539159442
2025-05-08,-0.028881771322010308
2025-05-09,-0.026837516536761252
2025-05-12,-0.023126536477637183
2025-05-13,-0.020125604168031108
2025-05-14,-0.02280393224140187
2025-05-15,-0.019955126423947922
2025-05-16,-0.019979085222933568
2025-05-19,-0.019311681277036863
2025-05-20,-0.017974060025424565
2025-05-21,-0.02348404559092898
2025-05-22,-0.023388117781161344
2025-05-23,-0.021365124788813583
2025-05-27,-0.018111549435343766
2025-05-28,-0.02095779313769519
2025-05-29,-0.018642209598249138
2025-05-30,-0.020346844775872452
2025-06-02,-0.02046694772193869
2025-06-03,-0.020238855287566637
2025-06-04,-0.01332956712088118
2025-06-05,-0.013496785945713019
2025-06-06,-0.017254540608722113
2025-06-09,-0.014911303344272375
2025-06-10,-0.012596776460541359
2025-06-11,-0.00962274587601275
2025-06-12,-0.0053458588171554355
2025-06-13,-0.009669048932721136
2025-06-16,-0.01086598090909463
2025-06-17,-0.008660844877168228
2025-06-18,-0.007951062161420608
2025-06-20,-0.008637188271749308
2025-06-23,-0.00653610058372911
2025-06-24,-0.0015641076037914425
2025-06-25,-0.0014759549415352957
2025-06-26,0.0
2025-06-27,-0.003144042916085832
2025-06-30,0.0
2025-07-01,0.0
2025-07-02,0.0
2025-07-03,-0.0004958008633865196
2025-07-07,-0.00541136339649706
2025-07-08,-0.0048264395163003515
2025-07-09,-0.0013744689609597183
2025-07-10,-0.001007209021478439
2025-07-11,-0.0033190398406865995
2025-07-14,-0.00394373543095794
2025-07-15,-0.006835688967468334
2025-07-16,-0.004230144965001514
2025-07-17,-0.0017596050934767238
2025-07-18,-0.0013150521663390924
2025-07-21,0.0
2025-07-22,0.0
2025-07-23,0.0
2025-07-24,-0.002175771192102993
2025-07-25,-0.002110045616440126
2025-07-28,-0.0034403313847386485
2025-07-29,0.0
2025-07-30,-0.0036605726676421924
2025-07-31,-0.0059530249548805925
2025-08-01,-0.008297589970247654
2025-08-04,-0.0024129599995164064
2025-08-05,-0.003302767996033684
2025-08-06,-0.0028374614888804217
2025-08-07,-0.0008790346553495532
2025-08-08,-0.0007002602696625226
2025-08-11,-0.001878806451568793
2025-08-12,0.0
2025-08-13,0.0
2025-08-14,-0.004112042530868276
2025-08-15,-0.006021350416618443
2025-08-18,-0.005500583514686963
2025-08-19,-0.008684303698447637
2025-08-20,-0.006463110233541847
2025-08-21,-0.007561546420663867
2025-08-22,0.0
2025-08-25,-0.0026961532564978574
2025-08-26,-0.0024128253266901822
2025-08-27,-0.002012398854270736
2025-08-28,0.0
2025-08-29,-0.0024567243474842293
2025-09-02,-0.0010265032052858558
2025-09-03,0.0
2025-09-04,0.0
2025-09-05,0.0
2025-09-08,0.0
2025-09-09,0.0
2025-09-10,0.0
2025-09-11,0.0
2025-09-12,-0.00026779213331529217
2025-09-15,0.0
2025-09-16,0.0
2025-09-17,-0.002509169266530664
2025-09-18,-0.003157015908140548
2025-09-19,-0.004726185773704761
2025-09-22,-0.0028304011843468535
2025-09-23,-8.930935570572451e-05
2025-09-24,-0.0018796550488351382
2025-09-25,-0.002968534281208135
2025-09-26,-0.0016722305406982052
2025-09-29,0.0
2025-09-30,0.0
2025-10-01,0.0
2025-10-02,0.0
2025-10-03,0.0
2025-10-06,0.0
2025-10-07,-0.00047512234601110315
2025-10-08,0.0
2025-10-09,-0.005452200490809411
2025-10-10,-0.018930077805835
2025-10-13,-0.006198258902026965
2025-10-14,-0.008503359407423416
2025-10-15,-0.003347915539632207
2025-10-16,-0.002558303379388782
2025-10-17,-0.0033112882333307114
2025-10-20,0.0
2025-10-21,-0.005379253976570353
2025-10-22,-0.003764752917626013
2025-10-23,0.0
2025-10-24,0.0
2025-10-27,0.0
2025-10-28,-0.001651499403473533
2025-10-29,-0.0025523404665680482
2025-10-30,-0.007176438278954311
2025-10-31,-0.006177636631083283
2025-11-03,-0.0043298693804473265
2025-11-04,-0.011737361061895824
2025-11-05,-0.01077801530961675
2025-11-06,-0.012377632503805192
2025-11-07,-0.012124358200552687
2025-11-10,-0.0030836792783909273
2025-11-11,0.0
2025-11-12,-0.0016849797006146527
2025-11-13,-0.010710819535906468
2025-11-14,-0.01182466318018005
2025-11-17,-0.016474399323294864
2025-11-18,-0.01611449171743018
2025-11-19,-0.018343084553882782
2025-11-20,-0.024929955104375234
2025-11-21,-0.02226692565235877
2025-11-24,-0.01451733916945308
2025-11-25,-0.011649809560294377
2025-11-26,-0.005595824473587641
2025-11-28,-0.001999633613631313
2025-12-01,-0.005076864561875838
2025-12-02,-0.005051210251492244
2025-12-03,-0.0023151470160197585
2025-12-04,-0.002698424592255444
2025-12-05,-0.0005875726811216397
2025-12-08,-0.0049690404019676615
2025-12-09,-0.005791779687695731
2025-12-10,0.0
2025-12-11,-0.001072399056596507
2025-12-12,-0.009452139781502611
2025-12-15,-0.011291681143403176
2025-12-16,-0.013528770296363679
2025-12-17,-0.014772162335294992
2025-12-18,-0.010995993383740021
2025-12-19,-0.007013469643508019
2025-12-22,-0.002315749132867584
2025-12-23,0.0
2025-12-24,0.0
2025-12-26,0.0
2025-12-29,-0.003084877069181924
2025-12-30,-0.0016911041671228144
2025-12-31,-0.008065282233043924
2026-01-02,-0.0019702252738242887
2026-01-05,0.0
2026-01-06,0.0
2026-01-07,-0.0026349534044323164
2026-01-08,-0.001107864917806789
2026-01-09,0.0
2026-01-12,0.0
2026-01-13,0.0
2026-01-14,0.0
2026-01-15,-0.0003381278104018781
2026-01-16,-0.0031497416146659685
2026-01-20,-0.00827536552862651
2026-01-21,0.0
2026-01-22,0.0
2026-01-23,0.0
2026-01-26,0.0
2026-01-27,0.0
2026-01-28,0.0
2026-01-29,0.0
2026-01-30,-0.01554330226320344
2026-02-02,-0.02349230708084671
2026-02-03,-0.01743720890452427
2026-02-04,-0.022236350383872172
2026-02-05,-0.026461495498781074
2026-02-06,-0.015562337663728387
2026-02-09,-0.010746827013099147
2026-02-10,-0.009313402725060094
2026-02-11,-0.005125626043965603
2026-02-12,-0.012188071939375988
2026-02-13,-0.008562387593219478
2026-02-17,-0.011924076043835607
2026-02-18,-0.00455553353110516
2026-02-19,-0.002917929759833182
2026-02-20,0.0
2026-02-23,-0.0014612084823120153
2026-02-24,0.0
2026-02-25,0.0
2026-02-26,-0.0020742738306870345
2026-02-27,0.0
2026-03-02,0.0
2026-03-03,-0.010211878900429072
2026-03-04,-0.004727106950940363
2026-03-05,-0.007853628622848663
2026-03-06,-0.003461139797664714
2026-03-09,0.0
2026-03-10,0.0
2026-03-11,0.0
2026-03-12,-0.003099876265911128
2026-03-13,-0.007310953995649405
2026-03-16,-0.0017970603764818627
2026-03-17,0.0
2026-03-18,-0.0034841026373262363
2026-03-19,-0.0050430504576330915
2026-03-20,-0.019351312768265738
2026-03-23,-0.0197706384065367
2026-03-24,-0.019940385515954784
2026-03-25,-0.013770939837845608
2026-03-26,-0.023616848939626567
2026-03-27,-0.02320917950721768
2026-03-30,-0.02055137655519146
2026-03-31,-0.011067423909974061
2026-04-01,-0.010343803560500575
2026-04-02,-0.004640398949846136
2026-04-06,-0.0014111247964538887
2026-04-07,-0.0014462722699184472
2026-04-08,0.0
2026-04-09,0.0
2026-04-10,-0.0020379416622008373
2026-04-13,0.0
2026-04-14,0.0
2026-04-15,0.0
2026-04-16,0.0
2026-04-17,0.0
2026-04-20,0.0
2026-04-21,-0.0009091889418482157
2026-04-22,0.0
2026-04-23,-0.0013704400824398055
2026-04-24,0.0
2026-04-27,0.0
2026-04-28,-0.0011397852205285997
2026-04-29,0.0
2026-04-30,0.0
2026-05-01,0.0
2026-05-04,0.0
2026-05-05,0.0
2026-05-06,-0.00046321127296644615
2026-05-07,-0.0038377532900372158
2026-05-08,0.0
2026-05-11,0.0
2026-05-12,-0.00030913250687192306
2026-05-13,-0.0006058462599313197
2026-05-14,-0.0010750870632039167
2026-05-15,-0.011024074299177955
2026-05-18,-0.010418285019287987
2026-05-19,-0.012731177181908193
2026-05-20,-0.010721388270240606
2026-05-21,-0.009983242809416093
2026-05-22,-0.009249597127641063
2026-05-26,-0.006221493858460381
2026-05-27,-0.01064064678169907
2026-05-28,-0.005320212348995823
2026-05-29,-0.007019126522229691
2026-06-01,-0.0016040462832971336
2026-06-02,0.0
2026-06-03,-0.0011279351334095855
2026-06-04,-0.003735662114723315
2026-06-05,-0.019530688101218607
2026-06-08,-0.016672205783124228
