date,value
2007-01-03,0.0
2007-01-04,0.0
2007-01-05,-0.0006236967810052674
2007-01-08,-0.001248127558436174
2007-01-09,-0.0008742564699617539
2007-01-10,-0.0011231479852233939
2007-01-11,-0.0018721579741808325
2007-01-12,-0.002495788028238355
2007-01-16,-0.001497219254541604
2007-01-17,-0.0018721579741809435
2007-01-18,-0.0014972192545417151
2007-01-19,-0.0016217984660680251
2007-01-22,-0.001248127558436618
2007-01-23,-0.0017469114931766283
2007-01-24,-0.001248127558436618
2007-01-25,-0.0019971375473940567
2007-01-26,-0.0018721579741810546
2007-01-29,-0.0017469114931766283
2007-01-30,-0.001497219254541604
2007-01-31,-0.0013740304991531893
2007-02-01,0.0
2007-02-02,0.0
2007-02-05,-0.00038703257839201033
2007-02-06,0.0
2007-02-07,0.0
2007-02-08,0.0
2007-02-09,-0.005006825275077453
2007-02-12,-0.009923781749725857
2007-02-13,-0.00315260520142413
2007-02-14,0.0
2007-02-15,0.0
2007-02-16,0.0
2007-02-20,0.0
2007-02-21,0.0
2007-02-22,0.0
2007-02-23,-0.0013861446391207899
2007-02-26,-0.0019422818477560222
2007-02-27,-0.036640239422525256
2007-02-28,-0.02806504101967533
2007-03-01,-0.03239327687815807
2007-03-02,-0.046622838074752426
2007-03-05,-0.057014437391936235
2007-03-06,-0.041662101496741544
2007-03-07,-0.04167865813822724
2007-03-08,-0.036035431969948295
2007-03-09,-0.03655847918520183
2007-03-12,-0.0351090104940629
2007-03-13,-0.05085766495274202
2007-03-14,-0.043571953090776105
2007-03-15,-0.04297473459378387
2007-03-16,-0.04384343320738793
2007-03-19,-0.035412017598414725
2007-03-20,-0.03012055208290909
2007-03-21,-0.017198864362515387
2007-03-22,-0.016652103097583915
2007-03-23,-0.017413547629121173
2007-03-26,-0.015904149667791745
2007-03-27,-0.01871471730245422
2007-03-28,-0.02286374737976371
2007-03-29,-0.02078949443694289
2007-03-30,-0.021836388605514512
2007-04-02,-0.021611571401409235
2007-04-03,-0.014220025427103544
2007-04-04,-0.010480509252929315
2007-04-05,-0.00838229802492263
2007-04-09,-0.009693085335753415
2007-04-10,-0.005480603031001174
2007-04-11,-0.010191156929967637
2007-04-12,-0.005567962547074368
2007-04-13,-0.0009933520341743884
2007-04-16,0.0
2007-04-17,-0.0007328551419958362
2007-04-18,-0.0012168118634362513
2007-04-19,-0.002578420836935935
2007-04-20,0.0
2007-04-23,-0.0010914709203885264
2007-04-24,-0.001460033270542227
2007-04-25,0.0
2007-04-26,0.0
2007-04-27,0.0
2007-04-30,-0.010335491025474708
2007-05-01,-0.009397924873300822
2007-05-02,-0.004087491501316931
2007-05-03,0.0
2007-05-04,0.0
2007-05-07,-0.0007572487635976177
2007-05-08,-0.002414520487416083
2007-05-09,-0.001848898630483542
2007-05-10,-0.0122605663151234
2007-05-11,-0.0032426131456072538
2007-05-14,-0.007295185936840642
2007-05-15,-0.008630317273523924
2007-05-16,-0.00562236543090322
2007-05-17,-0.00842527195367404
2007-05-18,-0.0014482305416050334
2007-05-21,0.0
2007-05-22,-0.001328186610394133
2007-05-23,-0.0016930460938106018
2007-05-24,-0.011402548624041109
2007-05-25,-0.006116444458909354
2007-05-29,-0.0043099153759807995
2007-05-30,0.0
2007-05-31,0.0
2007-06-01,0.0
2007-06-04,0.0
2007-06-05,-0.0027704085137421064
2007-06-06,-0.010427230276240596
2007-06-07,-0.02449913051439845
2007-06-08,-0.019287628858250194
2007-06-11,-0.01662664524692381
2007-06-12,-0.025672997299394762
2007-06-13,-0.014414848245645762
2007-06-14,-0.008448378516043076
2007-06-15,-0.0019122495896912728
2007-06-18,-0.002353453092375002
2007-06-19,-0.0011703973775689658
2007-06-20,-0.012449010090377244
2007-06-21,-0.008066992580141541
2007-06-22,-0.014074530157031528
2007-06-25,-0.0188063732855982
2007-06-26,-0.02662301856533511
2007-06-27,-0.016146789826850916
2007-06-28,-0.01620577531591405
2007-06-29,-0.017020626859840626
2007-07-02,-0.007701736221074618
2007-07-03,-0.005074455215631324
2007-07-05,-0.003682005386585474
2007-07-06,0.0
2007-07-09,0.0
2007-07-10,-0.008312419394807868
2007-07-11,-0.004383029136151406
2007-07-12,0.0
2007-07-13,0.0
2007-07-16,-0.003030014894112254
2007-07-17,-0.0021816272461337993
2007-07-18,-0.0018047862660650615
2007-07-19,0.0
2007-07-20,-0.006297554950393414
2007-07-23,-0.006538588209619833
2007-07-24,-0.020319466861681623
2007-07-25,-0.020777509825843143
2007-07-26,-0.038745192003151074
2007-07-27,-0.05378466368762669
2007-07-30,-0.043575353788335436
2007-07-31,-0.05181925298207113
2007-08-01,-0.04809056082815899
2007-08-02,-0.041925397717724744
2007-08-03,-0.05921627489457393
2007-08-06,-0.0519931549900331
2007-08-07,-0.043782348179040365
2007-08-08,-0.03131188696537657
2007-08-09,-0.05193977267857719
2007-08-10,-0.05277273768527213
2007-08-13,-0.05147912055424453
2007-08-14,-0.06261449409908859
2007-08-15,-0.07174645352927078
2007-08-16,-0.07178438211929283
2007-08-17,-0.05817473152670416
2007-08-20,-0.057807332605572914
2007-08-21,-0.05547384753193507
2007-08-22,-0.045852215262219054
2007-08-23,-0.047752762021268214
2007-08-24,-0.036564178430851135
2007-08-27,-0.04242662607287462
2007-08-28,-0.05988159633786361
2007-08-29,-0.04238012066806485
2007-08-30,-0.04324979949303853
2007-08-31,-0.03542742698614887
2007-09-04,-0.03427482286047845
2007-09-05,-0.028620420116678758
2007-09-06,-0.0285308496781278
2007-09-07,-0.018299929644680635
2007-09-10,-0.013912990589591723
2007-09-11,-0.013717131347315448
2007-09-12,-0.015908860049062223
2007-09-13,-0.022162808191153127
2007-09-14,-0.021362298056445184
2007-09-17,-0.017692005513006426
2007-09-18,-0.019956768850603934
2007-09-19,-0.025300407963010363
2007-09-20,-0.03489629948464201
2007-09-21,-0.030264225408702328
2007-09-24,-0.028578453687252092
2007-09-25,-0.029853300985102638
2007-09-26,-0.029950287377573992
2007-09-27,-0.024796295459286855
2007-09-28,-0.02302742991235085
2007-10-01,-0.01834305879414133
2007-10-02,-0.01946314593628773
2007-10-03,-0.021804038883698418
2007-10-04,-0.018568693581168194
2007-10-05,-0.019220156175559056
2007-10-08,-0.020090701667878186
2007-10-09,-0.01898654259092447
2007-10-10,-0.018269922586192866
2007-10-11,-0.01946946750958556
2007-10-12,-0.018587505193064846
2007-10-15,-0.019313709572279625
2007-10-16,-0.01992985564976424
2007-10-17,-0.015068164555936514
2007-10-18,-0.010693031275423093
2007-10-19,-0.010785136362209125
2007-10-22,-0.011183543747037228
2007-10-23,-0.007918442451800622
2007-10-24,-0.005042169616916725
2007-10-25,-0.006078277635656049
2007-10-26,-0.0018082228648843568
2007-10-29,0.0
2007-10-30,-0.0019077343200691876
2007-10-31,-0.0016032565769000806
2007-11-01,-0.004263815095556178
2007-11-02,0.0
2007-11-05,-0.0026719993669421793
2007-11-06,0.0
2007-11-07,-0.004956245547585891
2007-11-08,-0.00884102669522846
2007-11-09,-0.011639274938982203
2007-11-12,-0.02164225429036193
2007-11-13,-0.01231299507776018
2007-11-14,-0.011495866668840726
2007-11-15,-0.01542436872390085
2007-11-16,-0.01420905551349283
2007-11-19,-0.01571666094909341
2007-11-20,-0.010675627299929435
2007-11-21,-0.012793989670370709
2007-11-23,-0.004749334734876487
2007-11-26,-0.002852358601820315
2007-11-27,-0.005304158509892076
2007-11-28,0.0
2007-11-29,0.0
2007-11-30,-0.001771866004645739
2007-12-03,0.0
2007-12-04,0.0
2007-12-05,-0.007707955041310277
2007-12-06,-0.011831805416687935
2007-12-07,-0.020007575266419275
2007-12-10,-0.02070767347376601
2007-12-11,-0.010298558034024241
2007-12-12,-0.01423582020217673
2007-12-13,-0.024748357352195938
2007-12-14,-0.027801605335292412
2007-12-17,-0.022741373030913947
2007-12-18,-0.01740970192614566
2007-12-19,-0.00922646035917074
2007-12-20,-0.0115419886194148
2007-12-21,-0.01737424000310761
2007-12-24,-0.020211613280219476
2007-12-26,-0.022856312727401962
2007-12-27,-0.0160297466182171
2007-12-28,-0.004363418403970587
2007-12-31,-0.0012363198343019466
2008-01-02,0.0
2008-01-03,0.0
2008-01-04,0.0
2008-01-07,0.0
2008-01-08,0.0
2008-01-09,-9.80349573720396e-06
2008-01-10,-0.003822757122863951
2008-01-11,0.0
2008-01-14,0.0
2008-01-15,0.0
2008-01-16,-0.005796136693221765
2008-01-17,0.0
2008-01-18,-0.0017295433392980897
2008-01-22,0.0
2008-01-23,-0.002732123209995607
2008-01-24,-0.010732662955330152
2008-01-25,-0.00017979956478897385
2008-01-28,-0.00044640010865637514
2008-01-29,-0.005575637301780678
2008-01-30,-0.007012562502062503
2008-01-31,-0.0034874651252038147
2008-02-01,-0.0031729165393489245
2008-02-04,-0.009574672661376238
2008-02-05,-0.006455278004087184
2008-02-06,-0.006049720278196946
2008-02-07,-0.017165658149982055
2008-02-08,-0.007880396374245424
2008-02-11,-0.004876147165235656
2008-02-12,-0.011282329165845373
2008-02-13,-0.01680369230864054
2008-02-14,-0.02431562501264406
2008-02-15,-0.02149382446368653
2008-02-19,-0.023814820220319444
2008-02-20,-0.018513698049789085
2008-02-21,-0.010884126905708835
2008-02-22,-0.014063349901313749
2008-02-25,-0.02149013472243755
2008-02-26,-0.018989747680161262
2008-02-27,-0.01616387295104249
2008-02-28,-0.0031810144291845033
2008-02-29,0.0
2008-03-03,-0.00013687402676676452
2008-03-04,-0.008663929434235773
2008-03-05,-0.011198958864842234
2008-03-06,-0.008241356388010379
2008-03-07,-0.007510494682307134
2008-03-10,0.0
2008-03-11,-0.007119881836955555
2008-03-12,0.0
2008-03-13,-0.002850732319231608
2008-03-14,0.0
2008-03-17,0.0
2008-03-18,-0.008018949875523096
2008-03-19,-0.0036587216261729782
2008-03-20,-0.007213881857347171
2008-03-24,-0.020533217325832798
2008-03-25,-0.013427672725338513
2008-03-26,-0.013068699512317594
2008-03-27,-0.016894000879652427
2008-03-28,-0.0140454615131137
2008-03-31,-0.014366546206383668
2008-04-01,-0.030079745004642278
2008-04-02,-0.026038441142233304
2008-04-03,-0.02491987614049973
2008-04-04,-0.017436417879400534
2008-04-07,-0.020158181322645907
2008-04-08,-0.02290158571000178
2008-04-09,-0.01344870719324609
2008-04-10,-0.016802010764965458
2008-04-11,-0.013272413506157044
2008-04-14,-0.016892015758682377
2008-04-15,-0.02279447942023649
2008-04-16,-0.02649139866322814
2008-04-17,-0.029188982168646183
2008-04-18,-0.03294882411295563
2008-04-21,-0.031917322556482164
2008-04-22,-0.030146503837957472
2008-04-23,-0.033530197619771496
2008-04-24,-0.04276064740092711
2008-04-25,-0.04550353826848319
2008-04-28,-0.04291848420489086
2008-04-29,-0.04396257280694704
2008-04-30,-0.038458559673280046
2008-05-01,-0.043142190028805816
2008-05-02,-0.049691483984529494
2008-05-05,-0.046338315794851814
2008-05-06,-0.04950331818162901
2008-05-07,-0.047885540886624556
2008-05-08,-0.04002054720620074
2008-05-09,-0.03780792198306282
2008-05-12,-0.03985559613185241
2008-05-13,-0.04947070146726251
2008-05-14,-0.04978475717723185
2008-05-15,-0.04144850692123714
2008-05-16,-0.040126452453151495
2008-05-19,-0.03839452219311712
2008-05-20,-0.032759190798878346
2008-05-21,-0.0317009870252849
2008-05-22,-0.04036974450008668
2008-05-23,-0.03674471397338741
2008-05-27,-0.04396107523300574
2008-05-28,-0.050187517109401836
2008-05-29,-0.058631243201797134
2008-05-30,-0.05332146506669455
2008-06-02,-0.04916362474894731
2008-06-03,-0.046378623875616976
2008-06-04,-0.05149810994466919
2008-06-05,-0.05581649533318056
2008-06-06,-0.043794610372158815
2008-06-09,-0.047956461740039424
2008-06-10,-0.056447822642203827
2008-06-11,-0.05451933625145733
2008-06-12,-0.06384492496780136
2008-06-13,-0.06475607237429404
2008-06-16,-0.06262000377012955
2008-06-17,-0.06031344251790938
2008-06-18,-0.05367175954326042
2008-06-19,-0.05759918224347016
2008-06-20,-0.05293128537471459
2008-06-23,-0.055264834103120886
2008-06-24,-0.05029932237099333
2008-06-25,-0.050115482869868444
2008-06-26,-0.04028812547732663
2008-06-27,-0.032609266498610734
2008-06-30,-0.032373405674026356
2008-07-01,-0.0320977206848172
2008-07-02,-0.028422355427000667
2008-07-03,-0.030776414917130124
2008-07-07,-0.028876901243575892
2008-07-08,-0.02600879307086046
2008-07-09,-0.021644934523744053
2008-07-10,-0.018530590077305842
2008-07-11,-0.024843330847679757
2008-07-14,-0.01819509418890486
2008-07-15,-0.016837011703027094
2008-07-16,-0.02987275829099878
2008-07-17,-0.03382904585805857
2008-07-18,-0.0366238918347187
2008-07-21,-0.0328668740993725
2008-07-22,-0.03911768910468438
2008-07-23,-0.0442920550964121
2008-07-24,-0.036432527155576544
2008-07-25,-0.041788480571919306
2008-07-28,-0.03570435736875033
2008-07-29,-0.04007437356564714
2008-07-30,-0.04084531679797965
2008-07-31,-0.03345541906214322
2008-08-01,-0.033164937989265564
2008-08-04,-0.03666082929616021
2008-08-05,-0.04456717332214355
2008-08-06,-0.04529026129546765
2008-08-07,-0.03665833631698845
2008-08-08,-0.03849436616011226
2008-08-11,-0.04963108361234181
2008-08-12,-0.04480755093550326
2008-08-13,-0.044981768312337356
2008-08-14,-0.04531508889553937
2008-08-15,-0.04370143719179165
2008-08-18,-0.03911615691485126
2008-08-19,-0.03804686804100044
2008-08-20,-0.03660805295414116
2008-08-21,-0.033988582473095996
2008-08-22,-0.037382579773449165
2008-08-25,-0.031480534601590726
2008-08-26,-0.030542326320333157
2008-08-27,-0.029127912458952077
2008-08-28,-0.028036056824243705
2008-08-29,-0.03104713063431197
2008-09-02,-0.029951957778480476
2008-09-03,-0.028023148587617452
2008-09-04,-0.024134027311325523
2008-09-05,-0.023855397658644306
2008-09-08,-0.022281244588188143
2008-09-09,-0.02098684371188031
2008-09-10,-0.0286615814699539
2008-09-11,-0.03161014170497067
2008-09-12,-0.03351070895508823
2008-09-15,-0.009878527603077836
2008-09-16,-0.012414375231604602
2008-09-17,0.0
2008-09-18,-0.014668566391428772
2008-09-19,-0.028287546681128428
2008-09-22,-0.023320959068905744
2008-09-23,-0.026312677036761656
2008-09-24,-0.02611168902970684
2008-09-25,-0.028434245563048077
2008-09-26,-0.025108748597629238
2008-09-29,-0.003156582468449076
2008-09-30,-0.02550865309295902
2008-10-01,-0.016497319744897543
2008-10-02,-0.016132676456677375
2008-10-03,-0.01044454172258591
2008-10-06,0.0
2008-10-07,0.0
2008-10-08,-0.00750187903254429
2008-10-09,-0.013010264784215742
2008-10-10,-0.027476867928689752
2008-10-13,-0.0372367627243545
2008-10-14,-0.04082468984552945
2008-10-15,-0.03261020773297518
2008-10-16,-0.04045812101394752
2008-10-17,-0.04478877882465482
2008-10-20,-0.03933490986232868
2008-10-21,-0.037757102223828
2008-10-22,-0.03338880580339776
2008-10-23,-0.03164224055285281
2008-10-24,-0.034612679162555615
2008-10-27,-0.03491657584255148
2008-10-28,-0.04041794241877439
2008-10-29,-0.04181075438185278
2008-10-30,-0.04939613173306634
2008-10-31,-0.057484259056934994
2008-11-03,-0.055995382653705295
2008-11-04,-0.038616426775560875
2008-11-05,-0.03579451537417333
2008-11-06,-0.04047051299550286
2008-11-07,-0.04404726478905974
2008-11-10,-0.039528762434897224
2008-11-11,-0.03951269772202948
2008-11-12,-0.03810150178478855
2008-11-13,-0.04728241051191162
2008-11-14,-0.03473451349681178
2008-11-17,-0.0324557361636556
2008-11-18,-0.024997774127232475
2008-11-19,-0.01125859038357846
2008-11-20,0.0
2008-11-21,-0.0007083561050522658
2008-11-24,-0.007560464824189039
2008-11-25,0.0
2008-11-26,0.0
2008-11-28,0.0
2008-12-01,0.0
2008-12-02,0.0
2008-12-03,0.0
2008-12-04,0.0
2008-12-05,-0.011400688711213691
2008-12-08,-0.011483755528006179
2008-12-09,0.0
2008-12-10,0.0
2008-12-11,0.0
2008-12-12,0.0
2008-12-15,0.0
2008-12-16,0.0
2008-12-17,0.0
2008-12-18,0.0
2008-12-19,-0.0019355221398279499
2008-12-22,-0.005482450351971702
2008-12-23,-0.007082714730033857
2008-12-24,-0.007302346945946225
2008-12-26,-0.0018550750980748099
2008-12-29,-0.0005656572962440265
2008-12-30,0.0
2008-12-31,-0.011605234989155444
2009-01-02,-0.02768440724753496
2009-01-05,-0.041186091641413736
2009-01-06,-0.04477707629426042
2009-01-07,-0.04610479831924885
2009-01-08,-0.04359918175698796
2009-01-09,-0.04238485623663413
2009-01-12,-0.04033446868917978
2009-01-13,-0.039530390919899405
2009-01-14,-0.03226580919706079
2009-01-15,-0.031144671211392305
2009-01-16,-0.03693982126547746
2009-01-20,-0.03498241819617676
2009-01-21,-0.051594531843260016
2009-01-22,-0.06075769690372179
2009-01-23,-0.05924232971732679
2009-01-26,-0.06326686877006082
2009-01-27,-0.05228772157999351
2009-01-28,-0.06565894347334511
2009-01-29,-0.07626491576848093
2009-01-30,-0.07553119374694517
2009-02-02,-0.06830177876750143
2009-02-03,-0.08088673161383209
2009-02-04,-0.08305119903066638
2009-02-05,-0.0811215358255366
2009-02-06,-0.08446253080874433
2009-02-09,-0.0849890146057396
2009-02-10,-0.07056809300420375
2009-02-11,-0.061204825007179164
2009-02-12,-0.06412082309649636
2009-02-13,-0.07815785749289861
2009-02-17,-0.05793335182160453
2009-02-18,-0.06209801658224445
2009-02-19,-0.07176877468147935
2009-02-20,-0.06488675620556983
2009-02-23,-0.060869154733720454
2009-02-24,-0.06527715949702395
2009-02-25,-0.07419672705745406
2009-02-26,-0.07917651544192406
2009-02-27,-0.08209125063351208
2009-03-02,-0.07439418808524334
2009-03-03,-0.07860713895773874
2009-03-04,-0.08304013211211059
2009-03-05,-0.06529468057662013
2009-03-06,-0.06900268349001226
2009-03-09,-0.07341811385649655
2009-03-10,-0.0859328931695843
2009-03-11,-0.07854494214410479
2009-03-12,-0.07372737499485216
2009-03-13,-0.0756283674999374
2009-03-16,-0.0842887009000467
2009-03-17,-0.08784661119753956
2009-03-18,-0.060445060669726436
2009-03-19,-0.059540716234529834
2009-03-20,-0.06250298362675277
2009-03-23,-0.06875460230209329
2009-03-24,-0.06658584767627451
2009-03-25,-0.07253325097998997
2009-03-26,-0.06691034904639026
2009-03-27,-0.06523017808567932
2009-03-30,-0.06325145389432918
2009-03-31,-0.05923587089174309
2009-04-01,-0.05402180154809644
2009-04-02,-0.06349243379546776
2009-04-03,-0.07654669913493617
2009-04-06,-0.08128121579197634
2009-04-07,-0.07793298228382606
2009-04-08,-0.07325967215254137
2009-04-09,-0.08040221174808404
2009-04-13,-0.0731547083135381
2009-04-14,-0.07019255723461948
2009-04-15,-0.07046881294153617
2009-04-16,-0.07683119423633389
2009-04-17,-0.08411254769567034
2009-04-20,-0.07416610723570127
2009-04-21,-0.07922510354415102
2009-04-22,-0.08175395138290975
2009-04-23,-0.08041492009467677
2009-04-24,-0.08447341580897527
2009-04-27,-0.08230885003237565
2009-04-28,-0.0916943534446637
2009-04-29,-0.0958317002444462
2009-04-30,-0.09881750596275196
2009-05-01,-0.10282404144130342
2009-05-04,-0.09940109238141137
2009-05-05,-0.10042493305084677
2009-05-06,-0.0997379029598231
2009-05-07,-0.11186744824259232
2009-05-08,-0.10992209314032053
2009-05-11,-0.10216688941690089
2009-05-12,-0.09975165595386326
2009-05-13,-0.09380646104075385
2009-05-14,-0.09220006918232326
2009-05-15,-0.09233201619045417
2009-05-18,-0.10145965247120592
2009-05-19,-0.10315259616179617
2009-05-20,-0.09658584409223303
2009-05-21,-0.10778549476581134
2009-05-22,-0.1131961961028849
2009-05-26,-0.12131326133413645
2009-05-27,-0.13115555271166002
2009-05-28,-0.12357305332983759
2009-05-29,-0.10872488134689928
2009-06-01,-0.12464488484210035
2009-06-02,-0.12154240590891163
2009-06-03,-0.11711571975111568
2009-06-04,-0.12712169825356978
2009-06-05,-0.13497917944960058
2009-06-08,-0.13770890795325974
2009-06-09,-0.13620134733951728
2009-06-10,-0.1436204808654329
2009-06-11,-0.13793661155620962
2009-06-12,-0.13388618459612767
2009-06-15,-0.12982477468009412
2009-06-16,-0.12111455244220803
2009-06-17,-0.12346869897984558
2009-06-18,-0.1328566842158817
2009-06-19,-0.12622233897344814
2009-06-22,-0.1216828082862832
2009-06-23,-0.1161085676682937
2009-06-24,-0.12066912596538315
2009-06-25,-0.10978401289901674
2009-06-26,-0.10871778235564256
2009-06-29,-0.10779479193474195
2009-06-30,-0.11005724605580913
2009-07-01,-0.10873479012181941
2009-07-02,-0.11462081524784151
2009-07-06,-0.11650473471146361
2009-07-07,-0.12097167616765081
2009-07-08,-0.11724819055121571
2009-07-09,-0.11726668320287215
2009-07-10,-0.11604143530749145
2009-07-13,-0.11259121367257008
2009-07-14,-0.11369445171286796
2009-07-15,-0.11049848558887532
2009-07-16,-0.1072463245635723
2009-07-17,-0.10801958408336754
2009-07-20,-0.10336421598106804
2009-07-21,-0.09793154740431698
2009-07-22,-0.0987033098643385
2009-07-23,-0.09717051620743677
2009-07-24,-0.09554862488514237
2009-07-27,-0.09636856713221909
2009-07-28,-0.09680415388523356
2009-07-29,-0.09582953394983496
2009-07-30,-0.09096001303746959
2009-07-31,-0.08485876240790036
2009-08-03,-0.08153284691263729
2009-08-04,-0.08233101488926631
2009-08-05,-0.08658314543322332
2009-08-06,-0.09049819737120524
2009-08-07,-0.08648998192018231
2009-08-10,-0.08575186599494122
2009-08-11,-0.08805984504221753
2009-08-12,-0.0864456650568668
2009-08-13,-0.08224108622881066
2009-08-14,-0.08669600094185403
2009-08-17,-0.09986580281234869
2009-08-18,-0.09372153015987139
2009-08-19,-0.088031654587167
2009-08-20,-0.08312411840062262
2009-08-21,-0.07637566045825794
2009-08-24,-0.07556855980156285
2009-08-25,-0.07328414421753982
2009-08-26,-0.07119066163004983
2009-08-27,-0.07206184025186113
2009-08-28,-0.069031730070227
2009-08-31,-0.07252326680237453
2009-09-01,-0.08807341881996444
2009-09-02,-0.08815968218976222
2009-09-03,-0.08143993669761707
2009-09-04,-0.0706603273220271
2009-09-08,-0.06162029063323671
2009-09-09,-0.05591020325464735
2009-09-10,-0.04640072138117579
2009-09-11,-0.045516987688900445
2009-09-14,-0.042837923333542305
2009-09-15,-0.035830811645966354
2009-09-16,-0.021446311861840317
2009-09-17,-0.02265582831269297
2009-09-18,-0.02331154677461389
2009-09-21,-0.026364011617249217
2009-09-22,-0.020224766036270103
2009-09-23,-0.028117295861460945
2009-09-24,-0.038850352981825265
2009-09-25,-0.04483500448620081
2009-09-28,-0.030516489068432073
2009-09-29,-0.03313998085999459
2009-09-30,-0.03200497227530774
2009-10-01,-0.054580887785876
2009-10-02,-0.05819577146696808
2009-10-05,-0.04353072008727976
2009-10-06,-0.03179756599488415
2009-10-07,-0.02930055636181983
2009-10-08,-0.020779373005211377
2009-10-09,-0.015846926641046033
2009-10-12,-0.011396907452769445
2009-10-13,-0.010929972747533157
2009-10-14,0.0
2009-10-15,0.0
2009-10-16,-0.00485798311912522
2009-10-19,0.0
2009-10-20,-0.005086757946106912
2009-10-21,-0.008002729281103571
2009-10-22,0.0
2009-10-23,-0.008912050884668177
2009-10-26,-0.01795596777628572
2009-10-27,-0.02577404851814613
2009-10-28,-0.0466410831191818
2009-10-29,-0.027381788648629057
2009-10-30,-0.0502680735510137
2009-11-02,-0.04568172254698444
2009-11-03,-0.04046127532962396
2009-11-04,-0.04065624864102113
2009-11-05,-0.030152828652966424
2009-11-06,-0.029311787425917224
2009-11-09,-0.01741855264342196
2009-11-10,-0.01797220346287698
2009-11-11,-0.013641498928697038
2009-11-12,-0.020482854882244106
2009-11-13,-0.016313637577247464
2009-11-16,-0.005263443691922665
2009-11-17,-0.00395856915448356
2009-11-18,-0.005022574961190185
2009-11-19,-0.013460865916420373
2009-11-20,-0.014738976662273418
2009-11-23,-0.006816500799335268
2009-11-24,-0.007591973748477754
2009-11-25,-0.0032591161035652183
2009-11-27,-0.014143605163211781
2009-11-30,-0.01095973857683441
2009-12-01,-0.0030971252903265745
2009-12-02,-0.0014044753824760114
2009-12-03,-0.005534240536135271
2009-12-04,-0.0048197223393036115
2009-12-07,-0.005927490758790288
2009-12-08,-0.011824780126570955
2009-12-09,-0.011025828294045525
2009-12-10,-0.00957300233419256
2009-12-11,-0.00899238742396502
2009-12-14,-0.0033566188803978436
2009-12-15,-0.006006614219371986
2009-12-16,-0.0023825313974156215
2009-12-17,-0.011184361480227611
2009-12-18,-0.00563488148311142
2009-12-21,-0.0025027390135416994
2009-12-22,-8.573870768513459e-05
2009-12-23,0.0
2009-12-24,0.0
2009-12-28,0.0
2009-12-29,-0.0019394497337011929
2009-12-30,-0.0019225441197993076
2009-12-31,-0.0072250194688793234
2010-01-04,0.0
2010-01-05,0.0
2010-01-06,0.0
2010-01-07,0.0
2010-01-08,0.0
2010-01-11,-7.689250636211398e-06
2010-01-12,-0.012146928720120131
2010-01-13,-0.0036149390083632937
2010-01-14,-0.0019159991184450886
2010-01-15,-0.012916207095340138
2010-01-19,-0.00141265412231395
2010-01-20,-0.01433821388127321
2010-01-21,-0.029435635754439415
2010-01-22,-0.047421518871325063
2010-01-25,-0.04403917217328246
2010-01-26,-0.047543823543070074
2010-01-27,-0.04520186632526413
2010-01-28,-0.057185736114316765
2010-01-29,-0.06762887399141493
2010-02-01,-0.05404101624151414
2010-02-02,-0.043762799458844315
2010-02-03,-0.04639240707041159
2010-02-04,-0.07531411212213723
2010-02-05,-0.07399208937908552
2010-02-08,-0.07997838735102669
2010-02-09,-0.06909163954906639
2010-02-10,-0.07093035605884623
2010-02-11,-0.059248780360566355
2010-02-12,-0.058773404810256724
2010-02-16,-0.042735914399599007
2010-02-17,-0.03916936020934603
2010-02-18,-0.032394459712249746
2010-02-19,-0.03082270758124861
2010-02-22,-0.0314702277572696
2010-02-23,-0.043133750862676457
2010-02-24,-0.036214394056381494
2010-02-25,-0.0374365078160509
2010-02-26,-0.03405321588892085
2010-03-01,-0.0277276884620129
2010-03-02,-0.02356348751070214
2010-03-03,-0.02145821647707935
2010-03-04,-0.02113319517707013
2010-03-05,-0.012235075558452047
2010-03-08,-0.01252497488449189
2010-03-09,-0.011298801321386498
2010-03-10,-0.008742698979140595
2010-03-11,-0.007308502724456156
2010-03-12,-0.008112826894568603
2010-03-15,-0.009347247836892114
2010-03-16,-0.002877307504715154
2010-03-17,-0.00016123636964227028
2010-03-18,0.0
2010-03-19,-0.006322536378367993
2010-03-22,-0.0020521391446418624
2010-03-23,0.0
2010-03-24,-0.005800867732377979
2010-03-25,-0.006915417530622858
2010-03-26,-0.005476964453426825
2010-03-29,-0.0006282104466369676
2010-03-30,-0.00014390341528280892
2010-03-31,-0.0021043967588917356
2010-04-01,0.0
2010-04-05,0.0
2010-04-06,0.0
2010-04-07,-0.0010335748756707952
2010-04-08,0.0
2010-04-09,0.0
2010-04-12,0.0
2010-04-13,0.0
2010-04-14,0.0
2010-04-15,0.0
2010-04-16,-0.010757488429390283
2010-04-19,-0.011802590220011733
2010-04-20,-0.005545473960069325
2010-04-21,-0.0034098932762588463
2010-04-22,-0.0011020989181302898
2010-04-23,0.0
2010-04-26,-0.002423172559473996
2010-04-27,-0.014838988420047938
2010-04-28,-0.012547449691118207
2010-04-29,-0.003188016208204192
2010-04-30,-0.012348955911004822
2010-05-03,-0.0009807743375305211
2010-05-04,-0.024361564802815816
2010-05-05,-0.03289783099660526
2010-05-06,-0.05748670513865295
2010-05-07,-0.07184427656892767
2010-05-10,-0.03709346457041085
2010-05-11,-0.03503676878705142
2010-05-12,-0.019675339730832464
2010-05-13,-0.0305880349966563
2010-05-14,-0.04644899181330253
2010-05-17,-0.049021225425576964
2010-05-18,-0.059143114530906704
2010-05-19,-0.06784998550364818
2010-05-20,-0.09951377452659982
2010-05-21,-0.0886628006036444
2010-05-24,-0.09397778915746546
2010-05-25,-0.093934581927552
2010-05-26,-0.09678403325618856
2010-05-27,-0.06949972805165916
2010-05-28,-0.07736263843222047
2010-06-01,-0.08459402817824613
2010-06-02,-0.07457416412884266
2010-06-03,-0.07250369294365622
2010-06-04,-0.08709456462231058
2010-06-07,-0.0926701922381653
2010-06-08,-0.09071587986630181
2010-06-09,-0.0922920314616954
2010-06-10,-0.08116326821166242
2010-06-11,-0.07717695085276866
2010-06-14,-0.07685966901237629
2010-06-15,-0.0660469929776818
2010-06-16,-0.06608191319861667
2010-06-17,-0.06398814245994122
2010-06-18,-0.06305897334531552
2010-06-21,-0.0663677660070503
2010-06-22,-0.07175097715587453
2010-06-23,-0.07383088545443894
2010-06-24,-0.07975740638394557
2010-06-25,-0.07564697498677053
2010-06-28,-0.07798403911343732
2010-06-29,-0.09241433390256648
2010-06-30,-0.0964297402066383
2010-07-01,-0.10052401282545942
2010-07-02,-0.10200821998160259
2010-07-06,-0.10183544326057259
2010-07-07,-0.08862908302661265
2010-07-08,-0.08478722651261417
2010-07-09,-0.08107151452227723
2010-07-12,-0.08250115521088908
2010-07-13,-0.0748840091012708
2010-07-14,-0.07436932480098035
2010-07-15,-0.07430349300868988
2010-07-16,-0.08588377666520253
2010-07-19,-0.08411569713578049
2010-07-20,-0.07837411848357845
2010-07-21,-0.08367627211546402
2010-07-22,-0.07288407584358592
2010-07-23,-0.06931761775355327
2010-07-26,-0.06533330078629085
2010-07-27,-0.06741833008063669
2010-07-28,-0.06997639516432308
2010-07-29,-0.07032225176092932
2010-07-30,-0.06926157687891044
2010-08-02,-0.06977906337580608
2010-08-03,-0.06778609167724592
2010-08-04,-0.06884574539016941
2010-08-05,-0.06659578033377711
2010-08-06,-0.06269037966153634
2010-08-09,-0.06313055648700938
2010-08-10,-0.06236457259832218
2010-08-11,-0.0626919506700161
2010-08-12,-0.06391589759246785
2010-08-13,-0.060930356028296884
2010-08-16,-0.052722957939067006
2010-08-17,-0.05309987772338287
2010-08-18,-0.051870061135577905
2010-08-19,-0.04981186305564944
2010-08-20,-0.051352887037431016
2010-08-23,-0.052082277256742526
2010-08-24,-0.04877529821653781
2010-08-25,-0.049078134344003654
2010-08-26,-0.047603518585213056
2010-08-27,-0.054386394717197306
2010-08-30,-0.050241998468311455
2010-08-31,-0.04625940643346427
2010-09-01,-0.0445181460176679
2010-09-02,-0.044308236618103125
2010-09-03,-0.04484989759196201
2010-09-07,-0.04015815365281006
2010-09-08,-0.04014678469898947
2010-09-09,-0.04658636552879136
2010-09-10,-0.04672585149186648
2010-09-13,-0.04125473036196725
2010-09-14,-0.03478747031108631
2010-09-15,-0.037762339637669395
2010-09-16,-0.0396516839409502
2010-09-17,-0.03792823966717973
2010-09-20,-0.030919266240284626
2010-09-21,-0.02476155011107317
2010-09-22,-0.02328617928967225
2010-09-23,-0.023805818747367757
2010-09-24,-0.021601836758932125
2010-09-27,-0.0172460133187875
2010-09-28,-0.01292530740326403
2010-09-29,-0.014838137212475289
2010-09-30,-0.016299299285110647
2010-10-01,-0.015504032045429383
2010-10-04,-0.0172174818120705
2010-10-05,-0.009354395549024841
2010-10-06,-0.004897118204169937
2010-10-07,-0.008195855249376605
2010-10-08,-0.005939085016988255
2010-10-11,-0.004739532782864209
2010-10-12,-0.006923726314755907
2010-10-13,-0.0025578105792610772
2010-10-14,-0.007687801231292091
2010-10-15,-0.010213833425237184
2010-10-18,-0.005972719633246415
2010-10-19,-0.011910761284673721
2010-10-20,-0.007455959371402199
2010-10-21,-0.012952800648474483
2010-10-22,-0.009911532229467168
2010-10-25,-0.006893051921233906
2010-10-26,-0.011809895148543803
2010-10-27,-0.0169764051838055
2010-10-28,-0.012834838432771889
2010-10-29,-0.008140232830948224
2010-11-01,-0.010138802705027428
2010-11-02,-0.0030078971145206523
2010-11-03,-0.007194608174985184
2010-11-04,0.0
2010-11-05,-0.00407429760867839
2010-11-08,-0.001653275544379218
2010-11-09,-0.01332685263395339
2010-11-10,-0.009099728757640757
2010-11-11,-0.010520445581087112
2010-11-12,-0.021733057904190334
2010-11-15,-0.03145447533882617
2010-11-16,-0.03015410351172909
2010-11-17,-0.03226438908843343
2010-11-18,-0.025414816006350538
2010-11-19,-0.02284104678518528
2010-11-22,-0.018589298442739266
2010-11-23,-0.020289053525303635
2010-11-24,-0.022317912965239328
2010-11-26,-0.02209566204741309
2010-11-29,-0.018635508979019666
2010-11-30,-0.017723695360574054
2010-12-01,0.0
2010-12-02,0.0
2010-12-03,0.0
2010-12-06,0.0
2010-12-07,-0.0008674424977845874
2010-12-08,0.0
2010-12-09,0.0
2010-12-10,0.0
2010-12-13,-0.00028395366918687603
2010-12-14,0.0
2010-12-15,-0.004691596950503252
2010-12-16,-0.0003798525978565559
2010-12-17,0.0
2010-12-20,0.0
2010-12-21,0.0
2010-12-22,0.0
2010-12-23,-0.001020194614202774
2010-12-27,-0.00015425902194265984
2010-12-28,0.0
2010-12-29,0.0
2010-12-30,-0.002904001940352896
2010-12-31,-0.0012505291656617068
2011-01-03,0.0
2011-01-04,-0.005799827306409044
2011-01-05,0.0
2011-01-06,-0.0023614883515925555
2011-01-07,-0.005014127653362399
2011-01-10,-0.0023496026356257804
2011-01-11,0.0
2011-01-12,0.0
2011-01-13,-0.0017634421791783428
2011-01-14,0.0
2011-01-18,0.0
2011-01-19,-0.009754859647121639
2011-01-20,-0.016220837424540724
2011-01-21,-0.016668411955094165
2011-01-24,-0.01210902092701549
2011-01-25,-0.012706056405186295
2011-01-26,-0.004752831430241522
2011-01-27,-0.005407538377532051
2011-01-28,-0.017692275482323994
2011-01-31,-0.011371356049245551
2011-02-01,0.0
2011-02-02,-0.0007329565602658406
2011-02-03,0.0
2011-02-04,0.0
2011-02-07,0.0
2011-02-08,0.0
2011-02-09,-0.0019320603188851537
2011-02-10,-0.001540160544608593
2011-02-11,0.0
2011-02-14,0.0
2011-02-15,-0.002943212291097508
2011-02-16,0.0
2011-02-17,0.0
2011-02-18,0.0
2011-02-22,-0.016977279333254436
2011-02-23,-0.020081063567364055
2011-02-24,-0.01986692197858264
2011-02-25,-0.006964489899349502
2011-02-28,-0.0033682392777629744
2011-03-01,-0.01231914508474663
2011-03-02,-0.009511063305442158
2011-03-03,0.0
2011-03-04,-0.003102227411989955
2011-03-07,-0.011145336748894619
2011-03-08,-0.006096705505391431
2011-03-09,-0.00839056444094044
2011-03-10,-0.025029097070903727
2011-03-11,-0.02132780261581768
2011-03-14,-0.0245546770087135
2011-03-15,-0.0384283051426999
2011-03-16,-0.05078794791982888
2011-03-17,-0.0398469910856768
2011-03-18,-0.035158922069428056
2011-03-21,-0.021268696070493753
2011-03-22,-0.022874875581685328
2011-03-23,-0.0193651797105181
2011-03-24,-0.011953555770779833
2011-03-25,-0.008795808817499418
2011-03-28,-0.012868391453197403
2011-03-29,-0.006856781237533416
2011-03-30,-0.0012438175443593158
2011-03-31,0.0
2011-04-01,0.0
2011-04-04,0.0
2011-04-05,0.0
2011-04-06,0.0
2011-04-07,-0.0015439336804311532
2011-04-08,-0.0020871618469263664
2011-04-11,-0.007792049812731738
2011-04-12,-0.0167564583514892
2011-04-13,-0.013468367829915784
2011-04-14,-0.011682320248516564
2011-04-15,-0.007698285221887535
2011-04-18,-0.015800868409069357
2011-04-19,-0.012185408727763636
2011-04-20,0.0
2011-04-21,0.0
2011-04-25,-0.0003508983978575131
2011-04-26,0.0
2011-04-27,0.0
2011-04-28,0.0
2011-04-29,0.0
2011-05-02,-0.00500533692171834
2011-05-03,-0.010459342013658612
2011-05-04,-0.018013641862237306
2011-05-05,-0.032683454187109384
2011-05-06,-0.028361544761165813
2011-05-09,-0.019530311506055442
2011-05-10,-0.01122750142141693
2011-05-11,-0.023277513692980034
2011-05-12,-0.018965614197895775
2011-05-13,-0.02685893553058627
2011-05-16,-0.035773830696275155
2011-05-17,-0.03575938117981581
2011-05-18,-0.026279754565679547
2011-05-19,-0.025354648204642283
2011-05-20,-0.02854391908289089
2011-05-23,-0.03976108324643601
2011-05-24,-0.04027839947555589
2011-05-25,-0.03486721607394172
2011-05-26,-0.030175881751590472
2011-05-27,-0.025076691543192475
2011-05-31,-0.016100538580788748
2011-06-01,-0.01738386471117681
2011-06-02,-0.023700695029916452
2011-06-03,-0.024199884196639765
2011-06-06,-0.028765726987172502
2011-06-07,-0.02757066458463997
2011-06-08,-0.027343156208046615
2011-06-09,-0.026815860042744055
2011-06-10,-0.029722583514079193
2011-06-13,-0.032681533230785376
2011-06-14,-0.033373648437428516
2011-06-15,-0.03158787530941087
2011-06-16,-0.03003330887541833
2011-06-17,-0.03007304336649841
2011-06-20,-0.02848700086759337
2011-06-21,-0.024355485024323387
2011-06-22,-0.02596594156589782
2011-06-23,-0.02523967380569314
2011-06-24,-0.031394464781693054
2011-06-27,-0.03280840318454592
2011-06-28,-0.032240989906733186
2011-06-29,-0.032020021125734655
2011-06-30,-0.031104043805932236
2011-07-01,-0.028750451735167326
2011-07-05,-0.02382762036604469
2011-07-06,-0.02037743240662171
2011-07-07,-0.01833906510775951
2011-07-08,-0.013209846243626977
2011-07-11,-0.01196893790319542
2011-07-12,-0.011304863855054359
2011-07-13,-0.00786583611215097
2011-07-14,-0.014710624801814176
2011-07-15,-0.010379781376836261
2011-07-18,-0.013737308470557541
2011-07-19,-0.004221230561777034
2011-07-20,-0.007406302002919585
2011-07-21,-0.008185363908864707
2011-07-22,-0.003146262727500737
2011-07-25,-0.006696077614650964
2011-07-26,-0.0041828717737701915
2011-07-27,-0.011742183588501431
2011-07-28,-0.010650141236984267
2011-07-29,-0.004314278636450952
2011-08-01,0.0
2011-08-02,0.0
2011-08-03,0.0
2011-08-04,0.0
2011-08-05,-0.014876735323385737
2011-08-08,0.0
2011-08-09,0.0
2011-08-10,0.0
2011-08-11,-0.029701935935364188
2011-08-12,-0.02001339704357774
2011-08-15,-0.023859268570810777
2011-08-16,-0.013658617922885252
2011-08-17,-0.0036991616386030657
2011-08-18,0.0
2011-08-19,0.0
2011-08-22,0.0
2011-08-23,-0.012911723394262387
2011-08-24,-0.033203485773443564
2011-08-25,-0.02632323039588258
2011-08-26,-0.01687296672359151
2011-08-29,-0.02761673995792069
2011-08-30,-0.01449640777557748
2011-08-31,-0.023416290283883145
2011-09-01,-0.012015141444847721
2011-09-02,0.0
2011-09-06,0.0
2011-09-07,-0.013266020991398508
2011-09-08,-0.005280319370211228
2011-09-09,0.0
2011-09-12,-0.0027329243328473307
2011-09-13,-0.008741533450087324
2011-09-14,-0.00558680794728994
2011-09-15,-0.015890536542312095
2011-09-16,-0.011200247642901173
2011-09-19,-0.0021850709858115547
2011-09-20,0.0
2011-09-21,0.0
2011-09-22,0.0
2011-09-23,-0.016075912844903284
2011-09-26,-0.025692973686740173
2011-09-27,-0.032143998725458256
2011-09-28,-0.03506295857935904
2011-09-29,-0.031066987370659493
2011-09-30,-0.018279788464172442
2011-10-03,-0.0022179151924738294
2011-10-04,-0.011120259114448916
2011-10-05,-0.014352602754942212
2011-10-06,-0.023743724358483598
2011-10-07,-0.02902991404305122
2011-10-10,-0.035730854767365816
2011-10-11,-0.036893713891664404
2011-10-12,-0.0434117368912893
2011-10-13,-0.038615660176558375
2011-10-14,-0.045422528705974186
2011-10-17,-0.03681131189257991
2011-10-18,-0.040167278695648734
2011-10-19,-0.040899789920390006
2011-10-20,-0.0455456220141196
2011-10-21,-0.04967213657564329
2011-10-24,-0.04828313116430083
2011-10-25,-0.03286298993392456
2011-10-26,-0.04143227399589955
2011-10-27,-0.05800617309286715
2011-10-28,-0.05200483959187241
2011-10-31,-0.03284375893388147
2011-11-01,-0.015336023576191127
2011-11-02,-0.02057525426562179
2011-11-03,-0.026466242379142302
2011-11-04,-0.025624155613917954
2011-11-07,-0.02063874134784538
2011-11-08,-0.028085883096127806
2011-11-09,-0.01749461914527184
2011-11-10,-0.025697464233038758
2011-11-11,-0.028252920290141592
2011-11-14,-0.01995261220633615
2011-11-15,-0.02083142324375431
2011-11-16,-0.016844587935691546
2011-11-17,-0.014888666078263113
2011-11-18,-0.01573650668590043
2011-11-21,-0.01441434858202617
2011-11-22,-0.007773771470576785
2011-11-23,-0.0027615939099837616
2011-11-25,-0.011586184696028012
2011-11-28,-0.010125461179438355
2011-11-29,-0.014100919492424091
2011-11-30,-0.02088731138187483
2011-12-01,-0.023469613791777588
2011-12-02,-0.016152429726687734
2011-12-05,-0.018736194219206026
2011-12-06,-0.023040813331346666
2011-12-07,-0.019526133660796807
2011-12-08,-0.014891334374301568
2011-12-09,-0.02542746224175041
2011-12-12,-0.022497542208002486
2011-12-13,-0.019588451006255947
2011-12-14,-0.013997221982276375
2011-12-15,-0.016266970341243026
2011-12-16,-0.007794808595554037
2011-12-19,-0.0015645350825779225
2011-12-20,-0.013602413451636708
2011-12-21,-0.020517931490479202
2011-12-22,-0.019142534569625447
2011-12-23,-0.024826926449991515
2011-12-27,-0.023618887181418247
2011-12-28,-0.016557610758322072
2011-12-29,-0.015910686006148866
2011-12-30,-0.013075452714206515
2012-01-03,-0.005453491250166698
2012-01-04,-0.00591850955063189
2012-01-05,-0.005124879389191039
2012-01-06,-0.004480458896489403
2012-01-09,-0.005028890877624037
2012-01-10,0.0
2012-01-11,0.0
2012-01-12,0.0
2012-01-13,-0.0007251339641274335
2012-01-17,0.0
2012-01-18,0.0
2012-01-19,0.0
2012-01-20,-0.0008448834406492578
2012-01-23,-0.0012458315388409469
2012-01-24,-0.0011900598631469084
2012-01-25,0.0
2012-01-26,0.0
2012-01-27,0.0
2012-01-30,-0.0003522609495661966
2012-01-31,0.0
2012-02-01,0.0
2012-02-02,0.0
2012-02-03,0.0
2012-02-06,0.0
2012-02-07,0.0
2012-02-08,0.0
2012-02-09,-0.00039973776231116975
2012-02-10,-0.0037473249565379563
2012-02-13,0.0
2012-02-14,0.0
2012-02-15,-0.0027310803864378785
2012-02-16,0.0
2012-02-17,-0.000533929642772546
2012-02-21,0.0
2012-02-22,0.0
2012-02-23,0.0
2012-02-24,0.0
2012-02-27,0.0
2012-02-28,0.0
2012-02-29,-0.007866686203337192
2012-03-01,-0.000597276432767524
2012-03-02,-0.005645582618045597
2012-03-05,-0.010391363709394641
2012-03-06,-0.025054728714984376
2012-03-07,-0.018528566371621147
2012-03-08,-0.008522257326137761
2012-03-09,-0.0032991103478660078
2012-03-12,-0.004395781818378297
2012-03-13,0.0
2012-03-14,-0.0035228324876824813
2012-03-15,0.0
2012-03-16,0.0
2012-03-19,0.0
2012-03-20,-0.004204398646149299
2012-03-21,-0.0052891179165655
2012-03-22,-0.010592859377645425
2012-03-23,-0.006172034069160781
2012-03-26,0.0
2012-03-27,-0.0027821999749945148
2012-03-28,-0.00851936627757266
2012-03-29,-0.011824804419508395
2012-03-30,-0.009826139000432055
2012-04-02,-0.0014664614106244533
2012-04-03,-0.0063571229859091805
2012-04-04,-0.01846179268473258
2012-04-05,-0.017231140911294074
2012-04-09,-0.02528714158187506
2012-04-10,-0.03830852254118311
2012-04-11,-0.031804013989670255
2012-04-12,-0.0199639614880478
2012-04-13,-0.03137204096621071
2012-04-16,-0.03456380894628852
2012-04-17,-0.02280544280828556
2012-04-18,-0.027106694159923395
2012-04-19,-0.032395776829716394
2012-04-20,-0.03092384712677243
2012-04-23,-0.0382203122550685
2012-04-24,-0.03651753896306664
2012-04-25,-0.023083613958044036
2012-04-26,-0.016969947289979248
2012-04-27,-0.013590210663328994
2012-04-30,-0.017027577650037262
2012-05-01,-0.014684120735666828
2012-05-02,-0.01610362555241318
2012-05-03,-0.025033939962464058
2012-05-04,-0.039780954090172904
2012-05-07,-0.0392629346072596
2012-05-08,-0.043649453152060036
2012-05-09,-0.049058562807835826
2012-05-10,-0.04809805415508339
2012-05-11,-0.050703759228215795
2012-05-14,-0.061373041458172795
2012-05-15,-0.06539871786423279
2012-05-16,-0.07012621026260235
2012-05-17,-0.08146832170030627
2012-05-18,-0.08692039300392496
2012-05-21,-0.07087078016927639
2012-05-22,-0.07423159488804854
2012-05-23,-0.07420602756137862
2012-05-24,-0.07456382555751284
2012-05-25,-0.07513944246816895
2012-05-29,-0.06723205863377102
2012-05-30,-0.07782031150369884
2012-05-31,-0.08146110432843034
2012-06-01,-0.09771346829910033
2012-06-04,-0.09631781746989454
2012-06-05,-0.09128839601273964
2012-06-06,-0.07391887017769927
2012-06-07,-0.07724487844404848
2012-06-08,-0.07023420026186089
2012-06-11,-0.08251229769438162
2012-06-12,-0.07311746325894553
2012-06-13,-0.0786623278022246
2012-06-14,-0.07084179497390841
2012-06-15,-0.06327079206166553
2012-06-18,-0.06055641642277343
2012-06-19,-0.05198576254505338
2012-06-20,-0.054491174783469765
2012-06-21,-0.07527212998458643
2012-06-22,-0.06733154256315244
2012-06-25,-0.07684710164398045
2012-06-26,-0.07370321940510016
2012-06-27,-0.06618642264692798
2012-06-28,-0.07154128182100083
2012-06-29,-0.046750418997102416
2012-07-02,-0.04282226461962091
2012-07-03,-0.04234437745505881
2012-07-05,-0.0421478826624907
2012-07-06,-0.042400358510124914
2012-07-09,-0.03983569506008866
2012-07-10,-0.042196491101448186
2012-07-11,-0.04184980654116077
2012-07-12,-0.04113160407466687
2012-07-13,-0.037754918961921846
2012-07-16,-0.0365717181052283
2012-07-17,-0.03822850393791455
2012-07-18,-0.03628661523940502
2012-07-19,-0.03587169908236343
2012-07-20,-0.033987350668547855
2012-07-23,-0.03478209679866229
2012-07-24,-0.03387668201857552
2012-07-25,-0.0321637889988059
2012-07-26,-0.03129478469636093
2012-07-27,-0.0330289332091277
2012-07-30,-0.030603882800084747
2012-07-31,-0.03127772016768027
2012-08-01,-0.034552245765991585
2012-08-02,-0.0347335122427912
2012-08-03,-0.03427691562193724
2012-08-06,-0.03262999200788519
2012-08-07,-0.03548610866633195
2012-08-08,-0.036815680745631796
2012-08-09,-0.0364138833160399
2012-08-10,-0.03417421049465075
2012-08-13,-0.03542654019891123
2012-08-14,-0.040251237260573114
2012-08-15,-0.04393880652223747
2012-08-16,-0.04381899613791074
2012-08-17,-0.04175761677388712
2012-08-20,-0.040653591210110473
2012-08-21,-0.039057816514979415
2012-08-22,-0.03191130995186975
2012-08-23,-0.03143196120615499
2012-08-24,-0.030324194311537322
2012-08-27,-0.02869777724875744
2012-08-28,-0.02797568201664491
2012-08-29,-0.029781348052914658
2012-08-30,-0.030036043533462897
2012-08-31,-0.02151507848837586
2012-09-04,-0.02226382828180118
2012-09-05,-0.023906298552356264
2012-09-06,-0.022700499234341698
2012-09-07,-0.019783808131309977
2012-09-10,-0.022497717210168244
2012-09-11,-0.023446859473229886
2012-09-12,-0.026507533039035303
2012-09-13,-0.019634179010599717
2012-09-14,-0.02587165834148697
2012-09-17,-0.024356849464693964
2012-09-18,-0.02157203555976983
2012-09-19,-0.019204101622417702
2012-09-20,-0.018825895792513814
2012-09-21,-0.017744502610676394
2012-09-24,-0.017025466518394095
2012-09-25,-0.01760698437087571
2012-09-26,-0.016859329160954784
2012-09-27,-0.013608406777229853
2012-09-28,-0.015831387532670105
2012-10-01,-0.01338447113589536
2012-10-02,-0.014348317046682713
2012-10-03,-0.013689117886493962
2012-10-04,-0.019171138059945192
2012-10-05,-0.02690884545885408
2012-10-08,-0.022895426375321826
2012-10-09,-0.025088103754632773
2012-10-10,-0.021551717604149423
2012-10-11,-0.017883059214529817
2012-10-12,-0.01778364253663045
2012-10-15,-0.020229860932149624
2012-10-16,-0.026546152929398326
2012-10-17,-0.03212442571043239
2012-10-18,-0.035846226239669265
2012-10-19,-0.030501523148943388
2012-10-22,-0.03363116014768597
2012-10-23,-0.02804966188465552
2012-10-24,-0.03340309275171538
2012-10-25,-0.0355342691552496
2012-10-26,-0.027650693033615892
2012-10-31,-0.023208651971954652
2012-11-01,-0.02799727015255149
2012-11-02,-0.03117912756419694
2012-11-05,-0.027570485766757136
2012-11-06,-0.030111547814938522
2012-11-07,-0.019872957170590344
2012-11-08,-0.010917606729503149
2012-11-09,-0.010549588453656833
2012-11-12,-0.009975648104761814
2012-11-13,-0.008490146707102575
2012-11-14,-0.007928058357984713
2012-11-15,-0.009857553616427372
2012-11-16,-0.01027362694623457
2012-11-19,-0.011511819286047165
2012-11-20,-0.01745298437972509
2012-11-21,-0.017932391955288396
2012-11-23,-0.016692777408052195
2012-11-26,-0.014355791678947627
2012-11-27,-0.012656603403198852
2012-11-28,-0.01485510652872346
2012-11-29,-0.013975999854766608
2012-11-30,-0.01694702933134229
2012-12-03,-0.01710526581691285
2012-12-04,-0.01756972740663687
2012-12-05,-0.018405084242479552
2012-12-06,-0.015741004548156523
2012-12-07,-0.017491722059040038
2012-12-10,-0.015623200488047884
2012-12-11,-0.013586033748522075
2012-12-12,-0.015284995160571246
2012-12-13,-0.01960997988716584
2012-12-14,-0.02099484949639241
2012-12-17,-0.017896144373639955
2012-12-18,-0.016087230253666873
2012-12-19,-0.017938850583250954
2012-12-20,-0.016853607610326615
2012-12-21,-0.01896643151026789
2012-12-24,-0.020912568315408553
2012-12-26,-0.021920900905290863
2012-12-27,-0.02088009881002162
2012-12-28,-0.024676325886967887
2012-12-31,-0.019386353848500626
2013-01-02,0.0
2013-01-03,-0.004518101626877713
2013-01-04,-0.0033775615713146356
2013-01-07,-0.0051979227890474045
2013-01-08,-0.005807436116145204
2013-01-09,-0.003451027725545508
2013-01-10,0.0
2013-01-11,-0.0007995781644539735
2013-01-14,-0.0010305917810884413
2013-01-15,-0.0009056965785958493
2013-01-16,-0.000592785818606556
2013-01-17,0.0
2013-01-18,0.0
2013-01-22,0.0
2013-01-23,0.0
2013-01-24,-0.0031155405744778264
2013-01-25,0.0
2013-01-28,-0.00018392858720173155
2013-01-29,0.0
2013-01-30,-0.0024232428598724987
2013-01-31,-0.003656537658557335
2013-02-01,0.0
2013-02-04,-0.00965795566191996
2013-02-05,-0.001325483368945446
2013-02-06,-0.0011149705283395317
2013-02-07,-0.0028122711172645642
2013-02-08,0.0
2013-02-11,-0.001694026283319161
2013-02-12,-0.0006422039327320661
2013-02-13,0.0
2013-02-14,0.0
2013-02-15,-0.002999313186026642
2013-02-19,0.0
2013-02-20,-0.01396088697858855
2013-02-21,-0.019861474824299452
2013-02-22,-0.012301971771549125
2013-02-25,-0.02447899794971886
2013-02-26,-0.019340019244735163
2013-02-27,-0.012941665838896776
2013-02-28,-0.015235396356979347
2013-03-01,-0.013461516621956271
2013-03-04,-0.010800073750798722
2013-03-05,-0.0018755176261735507
2013-03-06,-0.0015637784197261029
2013-03-07,0.0
2013-03-08,0.0
2013-03-11,0.0
2013-03-12,-0.0008517792102131772
2013-03-13,-0.0008934491466875416
2013-03-14,0.0
2013-03-15,-0.0006802400629214445
2013-03-18,-0.0035375988264230163
2013-03-19,-0.005812900715431613
2013-03-20,-2.737006037789591e-05
2013-03-21,-0.006656155010678844
2013-03-22,-0.0018080711795740445
2013-03-25,-0.004182866803625562
2013-03-26,0.0
2013-03-27,0.0
2013-03-28,0.0
2013-04-01,-0.004443920958677405
2013-04-02,-0.004074461517273309
2013-04-03,-0.014562206125952382
2013-04-04,-0.012269346038996876
2013-04-05,-0.014080997305467413
2013-04-08,-0.00949314805538437
2013-04-09,-0.005679321061338283
2013-04-10,0.0
2013-04-11,0.0
2013-04-12,-0.0075091278195312805
2013-04-15,-0.037398887022049965
2013-04-16,-0.024599348870456783
2013-04-17,-0.03747825250925518
2013-04-18,-0.041141396330320434
2013-04-19,-0.03338205347896961
2013-04-22,-0.027217498101078763
2013-04-23,-0.020470979467632433
2013-04-24,-0.01726354028071686
2013-04-25,-0.009980212108051001
2013-04-26,-0.01318384646321702
2013-04-29,-0.00550491292991806
2013-04-30,-0.0024957794978276437
2013-05-01,-0.013247635624707987
2013-05-02,-0.002730604003861048
2013-05-03,0.0
2013-05-06,0.0
2013-05-07,0.0
2013-05-08,0.0
2013-05-09,-0.0032606332059983423
2013-05-10,-0.0016093232741822838
2013-05-13,-0.002892403812477573
2013-05-14,0.0
2013-05-15,0.0
2013-05-16,-0.0025168891378977154
2013-05-17,0.0
2013-05-20,0.0
2013-05-21,-0.0012894702166169614
2013-05-22,-0.0095988791768159
2013-05-23,-0.008687365079840137
2013-05-24,-0.010311664340757032
2013-05-28,-0.004672178292839946
2013-05-29,-0.009306932132094214
2013-05-30,-0.004403049761243505
2013-05-31,-0.01740733673413908
2013-06-03,-0.010733116513302221
2013-06-04,-0.015550145896885637
2013-06-05,-0.025917320749793693
2013-06-06,-0.018474499528435162
2013-06-07,-0.012335412856238848
2013-06-10,-0.011439034462771502
2013-06-11,-0.020567832985142864
2013-06-12,-0.026204107797545895
2013-06-13,-0.014590580733647385
2013-06-14,-0.018155786344410396
2013-06-17,-0.012904442052238396
2013-06-18,-0.007581933841119937
2013-06-19,-0.01890747848487817
2013-06-20,-0.04537915464973863
2013-06-21,-0.04499872534190852
2013-06-24,-0.05544609469119954
2013-06-25,-0.04845329350366423
2013-06-26,-0.04624986210128357
2013-06-27,-0.04272766627691982
2013-06-28,-0.043422269313470485
2013-07-01,-0.03717235198967417
2013-07-02,-0.03797183581067798
2013-07-03,-0.03586184478612986
2013-07-05,-0.033296299498966175
2013-07-08,-0.0288763250069769
2013-07-09,-0.024026208992678155
2013-07-10,-0.022080819668036544
2013-07-11,-0.01093969937795114
2013-07-12,-0.009957168502393143
2013-07-15,-0.007400718005246998
2013-07-16,-0.008771568686761322
2013-07-17,-0.007657692857043763
2013-07-18,-0.004727990521531944
2013-07-19,-0.0048446972574966995
2013-07-22,-0.001450743993753556
2013-07-23,-0.002771199005774827
2013-07-24,-0.006797260855895937
2013-07-25,-0.003622417842472969
2013-07-26,-0.0033315227674211023
2013-07-29,-0.0055894701830332405
2013-07-30,-0.005029681373740713
2013-07-31,-0.003985723921035356
2013-08-01,0.0
2013-08-02,0.0
2013-08-05,-0.001402760212255938
2013-08-06,-0.008372826603523342
2013-08-07,-0.01174329006594843
2013-08-08,-0.00599859396660074
2013-08-09,-0.0072502429767421495
2013-08-12,-0.003518503120914951
2013-08-13,-0.0026805479918867725
2013-08-14,-0.004215131462558586
2013-08-15,-0.012717208185371365
2013-08-16,-0.014193998015891607
2013-08-19,-0.019425838221629355
2013-08-20,-0.013714416947445018
2013-08-21,-0.01817075302146176
2013-08-22,-0.009916845692578669
2013-08-23,-0.0042865662386113446
2013-08-26,-0.004486082905874156
2013-08-27,-0.01638662797199042
2013-08-28,-0.01362648105537656
2013-08-29,-0.011439954067445579
2013-08-30,-0.017415182724269007
2013-09-03,-0.012431263227555722
2013-09-04,-0.007909197204715057
2013-09-05,-0.009438867449874322
2013-09-06,-0.006281693133520783
2013-09-09,0.0
2013-09-10,0.0
2013-09-11,0.0
2013-09-12,-0.004843816186623218
2013-09-13,-0.0033775832403741823
2013-09-16,-0.0033364635129196074
2013-09-17,0.0
2013-09-18,0.0
2013-09-19,-0.0011297982751674596
2013-09-20,-0.008713023514889007
2013-09-23,-0.011760028589971938
2013-09-24,-0.012249223382063135
2013-09-25,-0.013346665449044393
2013-09-26,-0.009721224734089096
2013-09-27,-0.011918891656181319
2013-09-30,-0.015499891819271139
2013-10-01,-0.012037781974782225
2013-10-02,-0.010076657032237368
2013-10-03,-0.01709873463962608
2013-10-04,-0.01183549741887091
2013-10-07,-0.016903377421463306
2013-10-08,-0.026978728102966976
2013-10-09,-0.029532925257217735
2013-10-10,-0.014326571948634403
2013-10-11,-0.010070956347770221
2013-10-14,-0.006244992824832374
2013-10-15,-0.01064667519095197
2013-10-16,-0.0005952930187571592
2013-10-17,0.0
2013-10-18,0.0
2013-10-21,-0.0001908922349114217
2013-10-22,0.0
2013-10-23,-0.005335383690369122
2013-10-24,-0.0015017427799340899
2013-10-25,0.0
2013-10-28,0.0
2013-10-29,0.0
2013-10-30,-0.004205912464585682
2013-10-31,-0.008740318573636552
2013-11-01,-0.010518959714595932
2013-11-04,-0.007673698023800246
2013-11-05,-0.009809302448058888
2013-11-06,-0.00785711163664049
2013-11-07,-0.019940311825574986
2013-11-08,-0.011075035254246801
2013-11-11,-0.011391833108934324
2013-11-12,-0.013595912187940318
2013-11-13,-0.005889295548422324
2013-11-14,-0.0018118182859987453
2013-11-15,0.0
2013-11-18,-0.006336145459140741
2013-11-19,-0.008747121725475315
2013-11-20,-0.012663803890843761
2013-11-21,-0.003752992213006179
2013-11-22,0.0
2013-11-25,0.0
2013-11-26,0.0
2013-11-27,0.0
2013-11-29,0.0
2013-12-02,-0.00566876269918648
2013-12-03,-0.0072413668186950275
2013-12-04,-0.005873246217396932
2013-12-05,-0.009118310540876973
2013-12-06,-0.0018091436447923437
2013-12-09,0.0
2013-12-10,-0.000687662200583028
2013-12-11,-0.010736314001333458
2013-12-12,-0.015272679897718522
2013-12-13,-0.014402109610069158
2013-12-16,-0.008751446218107972
2013-12-17,-0.011781033775564054
2013-12-18,-0.0020424402280226905
2013-12-19,-0.006354904916179738
2013-12-20,0.0
2013-12-23,0.0
2013-12-24,0.0
2013-12-26,0.0
2013-12-27,-2.5256969450215827e-05
2013-12-30,-0.0024416668769393635
2013-12-31,0.0
2014-01-02,-0.00619934991489457
2014-01-03,-0.006507743274627886
2014-01-06,-0.008950645169336191
2014-01-07,-0.00438453866809474
2014-01-08,-0.00528026212540178
2014-01-09,-0.006037366424669344
2014-01-10,-0.0011807160748922296
2014-01-13,-0.010348429085266786
2014-01-14,-0.0017516291386894256
2014-01-15,0.0
2014-01-16,-0.00034609257974926866
2014-01-17,-0.0023920796610650275
2014-01-21,0.0
2014-01-22,0.0
2014-01-23,-0.002580804950277571
2014-01-24,-0.017979990078630048
2014-01-27,-0.02549338363401976
2014-01-28,-0.02114176131726464
2014-01-29,-0.02779052360097345
2014-01-30,-0.020779850900617514
2014-01-31,-0.024288116252652703
2014-02-03,-0.04032542587587429
2014-02-04,-0.034888423805514934
2014-02-05,-0.03646485218784912
2014-02-06,-0.027729241177919084
2014-02-07,-0.016035415880401915
2014-02-10,-0.013761922815221594
2014-02-11,-0.004589288941804548
2014-02-12,-0.0033580233815797556
2014-02-13,0.0
2014-02-14,0.0
2014-02-18,0.0
2014-02-19,-0.006101778792241941
2014-02-20,0.0
2014-02-21,-0.00039445438242113884
2014-02-24,0.0
2014-02-25,-0.00036822762125199304
2014-02-26,-0.0005496471861773378
2014-02-27,0.0
2014-02-28,-0.0005347479152023604
2014-03-03,0.0
2014-03-04,-0.003150981849769252
2014-03-05,-0.0016678760906780887
2014-03-06,-0.0031886882736269495
2014-03-07,-0.007337745385169292
2014-03-10,-0.006730149489473813
2014-03-11,-0.006445736310645045
2014-03-12,-0.001290388390142727
2014-03-13,0.0
2014-03-14,-0.0001932415432126522
2014-03-17,-0.0018514462534795495
2014-03-18,0.0
2014-03-19,-0.008477754117715675
2014-03-20,-0.007699761592080856
2014-03-21,-0.005882114913900227
2014-03-24,-0.0084343364772822
2014-03-25,-0.007933855010504698
2014-03-26,-0.008963751766299155
2014-03-27,-0.009481750389288113
2014-03-28,-0.010441314804640722
2014-03-31,-0.009779592367154422
2014-04-01,-0.009574179224482782
2014-04-02,-0.009854525926540791
2014-04-03,-0.010134832929046045
2014-04-04,-0.010179353101344879
2014-04-07,-0.012124986981798758
2014-04-08,-0.008126471318578354
2014-04-09,-0.0052579240579968545
2014-04-10,-0.008496877827042004
2014-04-11,-0.009126732629412548
2014-04-14,-0.0066801703544762114
2014-04-15,-0.00594998264036628
2014-04-16,-0.002519316612110911
2014-04-17,-0.007046854101212308
2014-04-21,-0.006468195362288931
2014-04-22,-0.004616836855896644
2014-04-23,-0.004005950625120991
2014-04-24,-0.0012944830887610115
2014-04-25,-0.0028367035905391136
2014-04-28,-0.004039135262596361
2014-04-29,-0.0025139071884607844
2014-04-30,-0.0013867234196041078
2014-05-01,-0.0020059383173590684
2014-05-02,-0.001234367309738471
2014-05-05,0.0
2014-05-06,-0.008171064136585193
2014-05-07,-0.0076159792005476845
2014-05-08,-0.009992234364016639
2014-05-09,-0.007832390107083587
2014-05-12,0.0
2014-05-13,-0.0006710904382154492
2014-05-14,-0.004324790189422445
2014-05-15,-0.011478668668659209
2014-05-16,-0.007947646678475362
2014-05-19,-0.0035561151482282893
2014-05-20,-0.0086062717336155
2014-05-21,-0.003087367835624133
2014-05-22,0.0
2014-05-23,0.0
2014-05-27,0.0
2014-05-28,-0.00211395739679765
2014-05-29,0.0
2014-05-30,-0.0011679441174009542
2014-06-02,-0.0028137519924138488
2014-06-03,-0.003249747078264975
2014-06-04,-0.0016895293445712278
2014-06-05,0.0
2014-06-06,0.0
2014-06-09,0.0
2014-06-10,0.0
2014-06-11,-0.002234050092379869
2014-06-12,-0.005059613453608391
2014-06-13,-0.002780678098802114
2014-06-16,-0.0017837714437474173
2014-06-17,0.0
2014-06-18,0.0
2014-06-19,0.0
2014-06-20,0.0
2014-06-23,-0.0004611126015521272
2014-06-24,-0.0041955634640976625
2014-06-25,0.0
2014-06-26,-0.0011167143096830756
2014-06-27,0.0
2014-06-30,0.0
2014-07-01,0.0
2014-07-02,-1.1368713317749801e-05
2014-07-03,0.0
2014-07-07,-0.0053703073944264546
2014-07-08,-0.012023685954106078
2014-07-09,-0.008969762118071878
2014-07-10,-0.012159168375940221
2014-07-11,-0.011125893298889022
2014-07-14,-0.009436616468182613
2014-07-15,-0.014246712471264855
2014-07-16,-0.012239987711746059
2014-07-17,-0.019854141953027593
2014-07-18,-0.011933008262997147
2014-07-21,-0.012963487808028362
2014-07-22,-0.009709163465702386
2014-07-23,-0.007120708462501346
2014-07-24,-0.008566603105652493
2014-07-25,-0.010949043421407234
2014-07-28,-0.012144129651667335
2014-07-29,-0.014314508953762961
2014-07-30,-0.014025603481180648
2014-07-31,-0.030649988932074934
2014-08-01,-0.033065070662191
2014-08-04,-0.026992735683430746
2014-08-05,-0.03289584831457437
2014-08-06,-0.03022753541730505
2014-08-07,-0.03273648762229164
2014-08-08,-0.026161222754635616
2014-08-11,-0.022194351304890225
2014-08-12,-0.024378158610335987
2014-08-13,-0.018490089886602945
2014-08-14,-0.016526749768098647
2014-08-15,-0.015980318974965435
2014-08-18,-0.010384908931127756
2014-08-19,-0.007005192496231993
2014-08-20,-0.0067212518843708935
2014-08-21,-0.005812546799777385
2014-08-22,-0.006189743084474064
2014-08-25,-0.0030170910088525016
2014-08-26,-0.0006239144257055296
2014-08-27,-0.0010546805548327098
2014-08-28,-0.0017567481488351966
2014-08-29,0.0
2014-09-02,-0.0018748462826931878
2014-09-03,-0.0036289557637682046
2014-09-04,-0.0061694666980248725
2014-09-05,-0.0029343165696037454
2014-09-08,-0.004894360489562266
2014-09-09,-0.011673011076693718
2014-09-10,-0.009010520686484558
2014-09-11,-0.008951522677034807
2014-09-12,-0.015375021281776813
2014-09-15,-0.01898838781720713
2014-09-16,-0.013011710172305957
2014-09-17,-0.013022210817284052
2014-09-18,-0.009503409623214831
2014-09-19,-0.012540983430691988
2014-09-22,-0.02034305663759106
2014-09-23,-0.0240794727467204
2014-09-24,-0.018322061318898797
2014-09-25,-0.03107359863444714
2014-09-26,-0.02551117220096366
2014-09-29,-0.026152994764115034
2014-09-30,-0.030727264496320572
2014-10-01,-0.04024589374601095
2014-10-02,-0.03902799316342653
2014-10-03,-0.03468720994859076
2014-10-06,-0.034209853143553515
2014-10-07,-0.04502176454411344
2014-10-08,-0.031716229325091105
2014-10-09,-0.04751103571775861
2014-10-10,-0.05896214694594715
2014-10-13,-0.06761104547468999
2014-10-14,-0.06648849198022588
2014-10-15,-0.06933697565692976
2014-10-16,-0.06757745572625573
2014-10-17,-0.060734712609838204
2014-10-20,-0.05244334305777909
2014-10-21,-0.03683982129506569
2014-10-22,-0.04455304874519106
2014-10-23,-0.03482228109275598
2014-10-24,-0.030869090412749656
2014-10-27,-0.03217317497687411
2014-10-28,-0.02025451369626674
2014-10-29,-0.022177050679115462
2014-10-30,-0.020214009547465106
2014-10-31,-0.013625141099481097
2014-11-03,-0.01422983002299738
2014-11-04,-0.018446228033553003
2014-11-05,-0.017866754669095153
2014-11-06,-0.014809036531453157
2014-11-07,-0.011115913915323627
2014-11-10,-0.01168769468863895
2014-11-11,-0.00848924965503961
2014-11-12,-0.008959015204373921
2014-11-13,-0.011052087541600253
2014-11-14,-0.0075715530371999185
2014-11-17,-0.009971843450395035
2014-11-18,-0.0054620341288162955
2014-11-19,-0.01022821952319064
2014-11-20,-0.005201467044234964
2014-11-21,-0.0007076264525397447
2014-11-24,0.0
2014-11-25,0.0
2014-11-26,0.0
2014-11-28,-0.01081984691736515
2014-12-01,-0.009327774691251789
2014-12-02,-0.012829856934531536
2014-12-03,-0.009366148337014102
2014-12-04,-0.007381755885929708
2014-12-05,-0.011652754229648177
2014-12-08,-0.008261536584258877
2014-12-09,-0.002943394933593635
2014-12-10,-0.005190878653027808
2014-12-11,-0.0034136953936595438
2014-12-12,-0.0029685038279090303
2014-12-15,-0.010524976436680822
2014-12-16,-0.008850272483342358
2014-12-17,-0.007734919204568258
2014-12-18,-0.004884840057333917
2014-12-19,-8.47713559181118e-05
2014-12-22,-0.001455389040169508
2014-12-23,-0.00799890161564154
2014-12-24,-0.006310781396008713
2014-12-26,-0.0010911231756454143
2014-12-29,0.0
2014-12-30,0.0
2014-12-31,-0.004450946067298234
2015-01-02,-0.00031162851027888294
2015-01-05,0.0
2015-01-06,0.0
2015-01-07,0.0
2015-01-08,0.0
2015-01-09,0.0
2015-01-12,0.0
2015-01-13,-0.0008544459727548581
2015-01-14,0.0
2015-01-15,0.0
2015-01-16,0.0
2015-01-20,0.0
2015-01-21,-0.0022836464791934352
2015-01-22,0.0
2015-01-23,0.0
2015-01-26,-0.0024208650197770076
2015-01-27,-0.005200610919329107
2015-01-28,-0.0037698078781999156
2015-01-29,-0.006572164906055611
2015-01-30,-0.0005584241496616738
2015-02-02,-0.0038674154287950957
2015-02-03,-0.017252289775501195
2015-02-04,-0.015428815599435763
2015-02-05,-0.020989628609262234
2015-02-06,-0.035670028478377636
2015-02-09,-0.035848398199520126
2015-02-10,-0.04078688461553481
2015-02-11,-0.04176091392141479
2015-02-12,-0.04271600558813837
2015-02-13,-0.04715744807434097
2015-02-17,-0.057756275163602044
2015-02-18,-0.053539805378465366
2015-02-19,-0.057525856598945935
2015-02-20,-0.05723597803918634
2015-02-23,-0.05104035859036404
2015-02-24,-0.0439542878307958
2015-02-25,-0.041327464507185496
2015-02-26,-0.04832105425897437
2015-02-27,-0.04371649117896048
2015-03-02,-0.05422110042630801
2015-03-03,-0.056565070745859924
2015-03-04,-0.05666116791417708
2015-03-05,-0.057150548251269084
2015-03-06,-0.07294621321767814
2015-03-09,-0.06781662844479297
2015-03-10,-0.06196123220530236
2015-03-11,-0.05931325493179607
2015-03-12,-0.05939716868586953
2015-03-13,-0.06082785948133562
2015-03-16,-0.056015952045947115
2015-03-17,-0.05281125602607606
2015-03-18,-0.038745191210121654
2015-03-19,-0.04236972516127768
2015-03-20,-0.03738116678155978
2015-03-23,-0.036630511194979065
2015-03-24,-0.031301124085129306
2015-03-25,-0.03586004330165604
2015-03-26,-0.043104288403665536
2015-03-27,-0.037253001998032054
2015-03-30,-0.04108498854613862
2015-03-31,-0.03953291822639937
2015-04-01,-0.03019129378077623
2015-04-02,-0.03592638209059229
2015-04-06,-0.0361498514620644
2015-04-07,-0.03313403031217099
2015-04-08,-0.03402296282469375
2015-04-09,-0.041692456806956546
2015-04-10,-0.039530305043749325
2015-04-13,-0.039387544461388035
2015-04-14,-0.03642197204573416
2015-04-15,-0.035403432723447925
2015-04-16,-0.03781945266610398
2015-04-17,-0.03172147776673617
2015-04-20,-0.03713358747987716
2015-04-21,-0.03875673119278966
2015-04-22,-0.04881085121474382
2015-04-23,-0.04513247359596828
2015-04-24,-0.043575359068310116
2015-04-27,-0.04107306374032582
2015-04-28,-0.04695011696475415
2015-04-29,-0.05407969672503532
2015-04-30,-0.05592347291443833
2015-05-01,-0.0634776917818497
2015-05-04,-0.06666934473527608
2015-05-05,-0.0672853173222786
2015-05-06,-0.07573358268723418
2015-05-07,-0.0703512364049782
2015-05-08,-0.06745126099403886
2015-05-11,-0.08062471828139484
2015-05-12,-0.07818325458432074
2015-05-13,-0.07927050350312337
2015-05-14,-0.07649354757594717
2015-05-15,-0.06609175897890696
2015-05-18,-0.07481191217789951
2015-05-19,-0.08153571123503933
2015-05-20,-0.08006290784751569
2015-05-21,-0.07331823355112599
2015-05-22,-0.07387388625273883
2015-05-26,-0.06731828136982332
2015-05-27,-0.06649797982640682
2015-05-28,-0.06707996018127427
2015-05-29,-0.06589235242991143
2015-06-01,-0.0716507468371802
2015-06-02,-0.07854977115750106
2015-06-03,-0.08821877977603876
2015-06-04,-0.08271251637637034
2015-06-05,-0.09025930459313425
2015-06-08,-0.08990310032637616
2015-06-09,-0.09364660048886486
2015-06-10,-0.09696149455958314
2015-06-11,-0.08721689699760438
2015-06-12,-0.08741634481346539
2015-06-15,-0.08554040671213914
2015-06-16,-0.0818745425725107
2015-06-17,-0.08419442356429163
2015-06-18,-0.08458528913361885
2015-06-19,-0.07828194744378647
2015-06-22,-0.0905606108768714
2015-06-23,-0.09464275656231214
2015-06-24,-0.09075486149248135
2015-06-25,-0.0929667340099406
2015-06-26,-0.09857381626527884
2015-06-29,-0.08438146534648161
2015-06-30,-0.08871850326551378
2015-07-01,-0.0960347637834269
2015-07-02,-0.09395456660115564
2015-07-06,-0.08439925748046728
2015-07-07,-0.08152985021646142
2015-07-08,-0.07649152220528754
2015-07-09,-0.08605048645552837
2015-07-10,-0.09412461880215262
2015-07-13,-0.09666886787504325
2015-07-14,-0.09486072937770273
2015-07-15,-0.09034294660181696
2015-07-16,-0.0881624967497121
2015-07-17,-0.08743699953799922
2015-07-20,-0.09341992640825336
2015-07-21,-0.09099287982427129
2015-07-22,-0.08891887822277833
2015-07-23,-0.08347769201214827
2015-07-24,-0.08086261501378478
2015-07-27,-0.07843129150366057
2015-07-28,-0.08192873620639884
2015-07-29,-0.08362385780160597
2015-07-30,-0.0814278304657936
2015-07-31,-0.07600509206518813
2015-08-03,-0.0719745875208776
2015-08-04,-0.07641667384297735
2015-08-05,-0.08091723120831629
2015-08-06,-0.07579777676461641
2015-08-07,-0.06914688198347152
2015-08-10,-0.07386957874446465
2015-08-11,-0.06483248407009667
2015-08-12,-0.06524674846028078
2015-08-13,-0.06849038882831104
2015-08-14,-0.06782716495649344
2015-08-17,-0.06506665264324452
2015-08-18,-0.0687937672607366
2015-08-19,-0.061222166185167404
2015-08-20,-0.053916949213242304
2015-08-21,-0.05064731543299972
2015-08-24,-0.05108744574551194
2015-08-25,-0.061076911349956964
2015-08-26,-0.07268309549641849
2015-08-27,-0.0724797996985651
2015-08-28,-0.0700176792921926
2015-08-31,-0.07352079598272299
2015-09-01,-0.06894173132157844
2015-09-02,-0.07388843924334698
2015-09-03,-0.07228776169677331
2015-09-04,-0.06819361393309253
2015-09-08,-0.07541372891766984
2015-09-09,-0.07515634686613304
2015-09-10,-0.07811118642135306
2015-09-11,-0.075127363651873
2015-09-14,-0.07421342377924534
2015-09-15,-0.08463460365697739
2015-09-16,-0.08444196327331421
2015-09-17,-0.0757938242769104
2015-09-18,-0.06722425244674746
2015-09-21,-0.07634605416513629
2015-09-22,-0.07028174429317258
2015-09-23,-0.07006930838920089
2015-09-24,-0.06386145810022559
2015-09-25,-0.06904522768121113
2015-09-28,-0.062216578604697426
2015-09-29,-0.06071933500365223
2015-09-30,-0.06356985479481492
2015-10-01,-0.061760564920516514
2015-10-02,-0.05489251842006937
2015-10-05,-0.062357696161197795
2015-10-06,-0.05866589878558093
2015-10-07,-0.06090103682420167
2015-10-08,-0.06580303058747583
2015-10-09,-0.06234823877203699
2015-10-12,-0.057828521037082026
2015-10-13,-0.05613930030232339
2015-10-14,-0.048464367214050785
2015-10-15,-0.05210942298540744
2015-10-16,-0.0532399605819317
2015-10-19,-0.05506160389465897
2015-10-20,-0.05767085776056646
2015-10-21,-0.05385292695033672
2015-10-22,-0.05289207459522127
2015-10-23,-0.05822264173017355
2015-10-26,-0.054877004111352545
2015-10-27,-0.05285382330140953
2015-10-28,-0.05712415124757586
2015-10-29,-0.06677531701933226
2015-10-30,-0.06368172671277927
2015-11-02,-0.0672838544752069
2015-11-03,-0.07342928338892984
2015-11-04,-0.07464633218822281
2015-11-05,-0.07633157386090528
2015-11-06,-0.08614116889337142
2015-11-09,-0.08848419055518342
2015-11-10,-0.08706094458442437
2015-11-11,-0.0885272295503029
2015-11-12,-0.08634869003565182
2015-11-13,-0.08340139049155637
2015-11-16,-0.08327815269406225
2015-11-17,-0.0845183624461402
2015-11-18,-0.0836945426667185
2015-11-19,-0.07896444600440744
2015-11-20,-0.0811647122283532
2015-11-23,-0.08071696963002173
2015-11-24,-0.07961755806646054
2015-11-25,-0.07915511810914444
2015-11-27,-0.08092612963865631
2015-11-30,-0.07833526699666471
2015-12-01,-0.07093555296607301
2015-12-02,-0.0737336732028977
2015-12-03,-0.08602288162294425
2015-12-04,-0.07848698912238083
2015-12-07,-0.0755333547838174
2015-12-08,-0.07498423296589574
2015-12-09,-0.07530048481547291
2015-12-10,-0.07545743997321686
2015-12-11,-0.06612800680827824
2015-12-14,-0.07524429973313684
2015-12-15,-0.07866929828180491
2015-12-16,-0.07860599385893796
2015-12-17,-0.07598536098995046
2015-12-18,-0.0705461482333476
2015-12-21,-0.06903869093574877
2015-12-22,-0.07348496249495762
2015-12-23,-0.07760008933732576
2015-12-24,-0.07374421701028289
2015-12-28,-0.07360276408251754
2015-12-29,-0.08188030474737229
2015-12-30,-0.08322427628623474
2015-12-31,-0.08111856424979447
2016-01-04,-0.07503390066867943
2016-01-05,-0.07646970814071874
2016-01-06,-0.0673931226229203
2016-01-07,-0.06410914663136669
2016-01-08,-0.06215408013602386
2016-01-11,-0.0687180186752091
2016-01-12,-0.06231672585415793
2016-01-13,-0.05646829176439139
2016-01-14,-0.06318882911977064
2016-01-15,-0.05396620953947284
2016-01-19,-0.055746319316759885
2016-01-20,-0.048118400087024615
2016-01-21,-0.0514733864394904
2016-01-22,-0.05433932146464915
2016-01-25,-0.0497826352131161
2016-01-26,-0.04771027282056983
2016-01-27,-0.04707041726222838
2016-01-28,-0.04767659679961955
2016-01-29,-0.04205364355282659
2016-02-01,-0.04252339697605889
2016-02-02,-0.032594741191772414
2016-02-03,-0.03487872184045504
2016-02-04,-0.03041745882858793
2016-02-05,-0.027331069705646027
2016-02-08,-0.013962042427213217
2016-02-09,-0.013821859835737138
2016-02-10,-0.008029320439935872
2016-02-11,0.0
2016-02-12,-0.010436236524276832
2016-02-16,-0.020471201709530096
2016-02-17,-0.022837120030013147
2016-02-18,-0.012610443684167971
2016-02-19,-0.013265353244931055
2016-02-22,-0.01636165519853905
2016-02-23,-0.011852423592920491
2016-02-24,-0.012203876437945183
2016-02-25,-0.009449222002160473
2016-02-26,-0.016166616780389553
2016-02-29,-0.011815374787756405
2016-03-01,-0.02286104421073132
2016-03-02,-0.02035467042855421
2016-03-03,-0.015866570066052632
2016-03-04,-0.019874566596916332
2016-03-07,-0.019878366428551564
2016-03-08,-0.014164523049707056
2016-03-09,-0.019107144988159352
2016-03-10,-0.019449367649387317
2016-03-11,-0.027276047927390912
2016-03-14,-0.027603438022090754
2016-03-15,-0.02707438749225899
2016-03-16,-0.020948293421550357
2016-03-17,-0.019435787352545364
2016-03-18,-0.01845352182359883
2016-03-21,-0.023586991455349704
2016-03-22,-0.02386019013212526
2016-03-23,-0.020991237039769906
2016-03-24,-0.02148944030589639
2016-03-28,-0.020177831953991365
2016-03-29,-0.010897160981171106
2016-03-30,-0.017976981415167015
2016-03-31,-0.013199955197644497
2016-04-01,-0.013092290124926409
2016-04-04,-0.013412145472669779
2016-04-05,-0.005596405506672175
2016-04-06,-0.010350400024571327
2016-04-07,-0.0013690904857339703
2016-04-08,-0.004819863281827819
2016-04-11,-0.0034423364533158196
2016-04-12,-0.007537047251127138
2016-04-13,-0.0074455312217875935
2016-04-14,-0.012252030448213325
2016-04-15,-0.006575828927998129
2016-04-18,-0.00900008510474859
2016-04-19,-0.00852562845024829
2016-04-20,-0.01555621766986992
2016-04-21,-0.01807152260535927
2016-04-22,-0.02136039653914501
2016-04-25,-0.023058175089122446
2016-04-26,-0.02501895141052013
2016-04-27,-0.0187768892494512
2016-04-28,-0.013237286696241468
2016-04-29,-0.009259195225782446
2016-05-02,-0.01501431320074953
2016-05-03,-0.008148784181344126
2016-05-04,-0.006175152856472077
2016-05-05,-0.002628441536372428
2016-05-06,-0.0038075693601554716
2016-05-09,-0.004923859940741182
2016-05-10,-0.00449108231094808
2016-05-11,-0.00022105862771470974
2016-05-12,-0.004216076345628594
2016-05-13,0.0
2016-05-16,-0.0047395728891495015
2016-05-17,-0.0038637461567370135
2016-05-18,-0.015109519673924265
2016-05-19,-0.01319325217814471
2016-05-20,-0.01283950689384794
2016-05-23,-0.012130196351482048
2016-05-24,-0.017186470285851074
2016-05-25,-0.01928281144058641
2016-05-26,-0.01665191942588662
2016-05-27,-0.01907033764030286
2016-05-31,-0.0170961808794734
2016-06-01,-0.01563967587828652
2016-06-02,-0.011904739929741948
2016-06-03,0.0
2016-06-06,-0.0039828034533009316
2016-06-07,-0.002628445068653451
2016-06-08,0.0
2016-06-09,0.0
2016-06-10,0.0
2016-06-13,0.0
2016-06-14,-0.00022306880052469502
2016-06-15,0.0
2016-06-16,0.0
2016-06-17,-0.0017083554249781585
2016-06-20,-0.008565873014006353
2016-06-21,-0.014150259777657603
2016-06-22,-0.012805213259177384
2016-06-23,-0.02008271733749778
2016-06-24,0.0
2016-06-27,0.0
2016-06-28,-0.0006639812611056728
2016-06-29,-0.0045610946789343965
2016-06-30,-0.0015405425998796796
2016-07-01,0.0
2016-07-05,0.0
2016-07-06,0.0
2016-07-07,-0.0009961565130870431
2016-07-08,0.0
2016-07-11,-0.00683895221367925
2016-07-12,-0.018173930388624027
2016-07-13,-0.010944128967258826
2016-07-14,-0.019678634505075232
2016-07-15,-0.025044224034052265
2016-07-18,-0.02520504203289964
2016-07-19,-0.02186427007405123
2016-07-20,-0.026939460799642267
2016-07-21,-0.02318349180325352
2016-07-22,-0.023762752272849852
2016-07-25,-0.025398517369153217
2016-07-26,-0.023915701905440234
2016-07-27,-0.014938924393281261
2016-07-28,-0.01607126706899409
2016-07-29,-0.01046797652632625
2016-08-01,-0.013259646874631992
2016-08-02,-0.01779818944478051
2016-08-03,-0.015898793779908882
2016-08-04,-0.012058654811851977
2016-08-05,-0.012084786520619395
2016-08-08,-0.011297705388181312
2016-08-09,-0.007382795077590432
2016-08-10,-0.007283442770829485
2016-08-11,-0.0075178486818049395
2016-08-12,-0.005749983430366368
2016-08-15,-0.005317601286206286
2016-08-16,-0.008011538754335468
2016-08-17,-0.0056761527036353066
2016-08-18,-0.0032286773320984175
2016-08-19,-0.006337715299892244
2016-08-22,-0.004939161330560715
2016-08-23,-0.0031902942160134673
2016-08-24,-0.007540105563075716
2016-08-25,-0.00838107120084497
2016-08-26,-0.01033588725805945
2016-08-29,-0.004907626712290392
2016-08-30,-0.007456268223297702
2016-08-31,-0.00913610691952671
2016-09-01,-0.007780072080303291
2016-09-02,-0.005724879779547165
2016-09-06,-0.0005279863383658157
2016-09-07,-0.0016680817828541583
2016-09-08,-0.006943579583390758
2016-09-09,-0.022761905491561985
2016-09-12,-0.015979278359749993
2016-09-13,-0.02515835687739021
2016-09-14,-0.0239501089605626
2016-09-15,-0.019256433876507772
2016-09-16,-0.01911322671059057
2016-09-19,-0.01991760201817161
2016-09-20,-0.01905575358199585
2016-09-21,-0.009859633224621911
2016-09-22,-0.004434366833635961
2016-09-23,-0.0071689666871876945
2016-09-26,-0.010196196216255449
2016-09-27,-0.005890181806910588
2016-09-28,-0.0036135974504579726
2016-09-29,-0.007505153863977432
2016-09-30,-0.005587271848309094
2016-10-03,-0.007690158517592249
2016-10-04,-0.015401268056704165
2016-10-05,-0.014265661498548465
2016-10-06,-0.015781496238746362
2016-10-07,-0.015979321240942923
2016-10-10,-0.013724407620877788
2016-10-11,-0.021348676297070934
2016-10-12,-0.020727896130691703
2016-10-13,-0.021399928765667098
2016-10-14,-0.023933968171622855
2016-10-17,-0.023773231356541302
2016-10-18,-0.018714245488562486
2016-10-19,-0.016632593997321976
2016-10-20,-0.017437448705206027
2016-10-21,-0.016347609264462992
2016-10-24,-0.014699210543013708
2016-10-25,-0.015082356185542767
2016-10-26,-0.01953760759469536
2016-10-27,-0.02367227722552645
2016-10-28,-0.026293605194300018
2016-10-31,-0.026079055094284986
2016-11-01,-0.031094737697065833
2016-11-02,-0.037411485377118026
2016-11-03,-0.04132961603601326
2016-11-04,-0.041979463171028075
2016-11-07,-0.02651054560089805
2016-11-08,-0.02407545213592588
2016-11-09,-0.01532902486596932
2016-11-10,-0.018842390377495355
2016-11-11,-0.021129683272330224
2016-11-14,-0.02107917506231083
2016-11-15,-0.010913293304877891
2016-11-16,-0.012301912227453915
2016-11-17,-0.008790488110409278
2016-11-18,-0.009572935944567318
2016-11-21,-0.00026989057420867546
2016-11-22,0.0
2016-11-23,-0.001635640079274303
2016-11-25,-0.00036555907716873115
2016-11-28,-0.0030309635933145618
2016-11-29,-0.004318076494531531
2016-11-30,-0.0065529387701077635
2016-12-01,-0.010811134850461146
2016-12-02,-0.008493909434752145
2016-12-05,-0.0020762369966321748
2016-12-06,0.0
2016-12-07,0.0
2016-12-08,0.0
2016-12-09,0.0
2016-12-12,-0.002006269315752096
2016-12-13,0.0
2016-12-14,-0.008348561251105724
2016-12-15,-0.006933301231675459
2016-12-16,-0.0074269684823072835
2016-12-19,-0.004703721435381558
2016-12-20,-0.0014781880531244962
2016-12-21,-0.003923295561000573
2016-12-22,-0.006529784263071825
2016-12-23,-0.004405483229294349
2016-12-27,0.0
2016-12-28,-0.005784472200082824
2016-12-29,-0.004441515845543087
2016-12-30,-0.00872488844338637
2017-01-03,-0.0035573130840583778
2017-01-04,0.0
2017-01-05,0.0
2017-01-06,0.0
2017-01-09,-0.0021987362717977854
2017-01-10,-0.0003374404429615785
2017-01-11,0.0
2017-01-12,-0.0004928279223589405
2017-01-13,0.0
2017-01-17,-0.0026006578696369242
2017-01-18,-0.0025649030803263084
2017-01-19,-0.005899480880959707
2017-01-20,-0.0018382096366096334
2017-01-23,-0.002566853549506032
2017-01-24,0.0
2017-01-25,0.0
2017-01-26,-0.00128994976236807
2017-01-27,-0.0024955535657842365
2017-01-30,-0.008655469868056431
2017-01-31,-0.006199993841097373
2017-02-01,-0.003638899139485563
2017-02-02,-0.003349308520158245
2017-02-03,0.0
2017-02-06,-0.000861056169301988
2017-02-07,-0.001571862639567101
2017-02-08,0.0
2017-02-09,0.0
2017-02-10,0.0
2017-02-13,0.0
2017-02-14,0.0
2017-02-15,0.0
2017-02-16,-0.000950857577806663
2017-02-17,-5.6240366327120483e-05
2017-02-21,0.0
2017-02-22,-0.0012238842579103126
2017-02-23,-0.0013465057214303577
2017-02-24,-9.984430053566751e-05
2017-02-27,0.0
2017-02-28,-0.003476136729361534
2017-03-01,0.0
2017-03-02,-0.008072679718524545
2017-03-03,-0.007100627117711866
2017-03-06,-0.010705918621484511
2017-03-07,-0.014926581394702265
2017-03-08,-0.019679963142013257
2017-03-09,-0.021281850591556517
2017-03-10,-0.019338644098439883
2017-03-13,-0.018525771752761044
2017-03-14,-0.022240953807313613
2017-03-15,-0.011769006362627676
2017-03-16,-0.012397314984334495
2017-03-17,-0.011897951389144623
2017-03-20,-0.012559183823768083
2017-03-21,-0.024538791336428112
2017-03-22,-0.021969505041431137
2017-03-23,-0.022269483975222548
2017-03-24,-0.021182518404921247
2017-03-27,-0.02062763115671995
2017-03-28,-0.015058439772703047
2017-03-29,-0.011981039963386397
2017-03-30,-0.009287161790752618
2017-03-31,-0.009619539431382274
2017-04-03,-0.011827464541109833
2017-04-04,-0.010231745335922415
2017-04-05,-0.013636116550177269
2017-04-06,-0.011165528073058928
2017-04-07,-0.011244322828346087
2017-04-10,-0.009729393984849954
2017-04-11,-0.008382661666879399
2017-04-12,-0.011976677517518741
2017-04-13,-0.015872649733122857
2017-04-17,-0.010020539286715424
2017-04-18,-0.011258504397118507
2017-04-19,-0.013758023070457925
2017-04-20,-0.007289540885229595
2017-04-21,-0.009555959767238775
2017-04-24,-0.002040239953462919
2017-04-25,0.0
2017-04-26,0.0
2017-04-27,0.0
2017-04-28,-0.002458489802662056
2017-05-01,0.0
2017-05-02,-0.0013550591904000209
2017-05-03,-0.005136934329160736
2017-05-04,-0.008519200146662187
2017-05-05,-0.0037909340105418687
2017-05-08,-0.004639612519104941
2017-05-09,-0.005469183906079422
2017-05-10,-0.0019866074382003385
2017-05-11,-0.003083444080019815
2017-05-12,-0.003684739947575233
2017-05-15,0.0
2017-05-16,0.0
2017-05-17,-0.013011743186767122
2017-05-18,-0.010396872766423537
2017-05-19,-0.0040603364878802894
2017-05-22,0.0
2017-05-23,0.0
2017-05-24,0.0
2017-05-25,0.0
2017-05-26,0.0
2017-05-30,-0.0023823884193791
2017-05-31,-0.003376621492143128
2017-06-01,0.0
2017-06-02,0.0
2017-06-05,-0.001775804735603348
2017-06-06,-0.002067699729556449
2017-06-07,-0.002527410443632694
2017-06-08,-0.0007251424609739932
2017-06-09,-0.005805408045857052
2017-06-12,-0.008156757559225736
2017-06-13,-0.0034838427288397256
2017-06-14,-0.007940757720754532
2017-06-15,-0.01044431447242955
2017-06-16,-0.011218577901972115
2017-06-19,-0.005192570965149135
2017-06-20,-0.011981021977527817
2017-06-21,-0.011543550346452491
2017-06-22,-0.010574032405265332
2017-06-23,-0.007327301548114229
2017-06-26,-0.00845299428497226
2017-06-27,-0.01481719843117324
2017-06-28,-0.00569672918629438
2017-06-29,-0.013303997906248699
2017-06-30,-0.010980265138543999
2017-07-03,-0.011873874700298548
2017-07-05,-0.010863428080691406
2017-07-06,-0.017971560736092074
2017-07-07,-0.01424335425247325
2017-07-10,-0.012536832885080118
2017-07-11,-0.01077707578529008
2017-07-12,-0.0041701998775584
2017-07-13,-0.0031895403772319586
2017-07-14,0.0
2017-07-17,0.0
2017-07-18,0.0
2017-07-19,0.0
2017-07-20,0.0
2017-07-21,-0.0016570231744802433
2017-07-24,-0.00028951576749713936
2017-07-25,0.0
2017-07-26,0.0
2017-07-27,-0.0020795101564203833
2017-07-28,-0.0017573335827425485
2017-07-31,-0.0026261990746012653
2017-08-01,-0.0022139129295412063
2017-08-02,-0.003121490912551872
2017-08-03,-0.006090196518647506
2017-08-04,-0.004920062839720907
2017-08-07,-0.0027268668297255605
2017-08-08,-0.004468757999691153
2017-08-09,-0.004545630552571067
2017-08-10,-0.017870403093500964
2017-08-11,-0.014687871752365855
2017-08-14,-0.007535447832591302
2017-08-15,-0.009870170900580844
2017-08-16,-0.008410700913945912
2017-08-17,-0.0203686716632564
2017-08-18,-0.01931347982526943
2017-08-21,-0.020112670232294017
2017-08-22,-0.0117162556895396
2017-08-23,-0.01264235946944714
2017-08-24,-0.013798391023532641
2017-08-25,-0.012642840954089185
2017-08-28,-0.009742405436202972
2017-08-29,-0.008872301133562743
2017-08-30,-0.004462450855837852
2017-08-31,0.0
2017-09-01,0.0
2017-09-05,-0.004666660941365586
2017-09-06,-0.0021509123384981788
2017-09-07,-0.0011166414614732778
2017-09-08,-0.0046920264001050205
2017-09-11,0.0
2017-09-12,0.0
2017-09-13,0.0
2017-09-14,-0.0007845913663784287
2017-09-15,0.0
2017-09-18,0.0
2017-09-19,0.0
2017-09-20,0.0
2017-09-21,-0.00359268140736535
2017-09-22,-0.00213598233999579
2017-09-25,-0.0019609585952408137
2017-09-26,-0.002637696330734185
2017-09-27,0.0
2017-09-28,0.0
2017-09-29,0.0
2017-10-02,0.0
2017-10-03,0.0
2017-10-04,0.0
2017-10-05,0.0
2017-10-06,-0.00156233933054728
2017-10-09,-0.0020947341749087967
2017-10-10,0.0
2017-10-11,0.0
2017-10-12,-0.0011575809276879179
2017-10-13,0.0
2017-10-16,0.0
2017-10-17,-0.0005942302066798133
2017-10-18,-0.00011695174199055636
2017-10-19,-0.0008365571043558173
2017-10-20,0.0
2017-10-23,-0.0037426259235854298
2017-10-24,-0.0018442492083410311
2017-10-25,-0.0051901397457034815
2017-10-26,-0.005581571051882395
2017-10-27,0.0
2017-10-30,-0.0020175792341513565
2017-10-31,0.0
2017-11-01,-0.00026611372925933185
2017-11-02,0.0
2017-11-03,0.0
2017-11-06,0.0
2017-11-07,-0.0031718072508705175
2017-11-08,-0.0018514217181145876
2017-11-09,-0.004592646806980238
2017-11-10,-0.005604736575456681
2017-11-13,-0.005218452419418762
2017-11-14,-0.00871466261116105
2017-11-15,-0.012217446672266985
2017-11-16,-0.003922552272961344
2017-11-17,-0.002277897348503699
2017-11-20,-0.0027793631194423796
2017-11-21,0.0
2017-11-22,0.0
2017-11-24,0.0
2017-11-27,-0.0007941640808716288
2017-11-28,0.0
2017-11-29,-0.004624977239721884
2017-11-30,-0.0008064258241480271
2017-12-01,-0.0017589200928089799
2017-12-04,-0.006635463300515232
2017-12-05,-0.010003313762313004
2017-12-06,-0.011698719038685024
2017-12-07,-0.009845179530872938
2017-12-08,-0.006351077224169499
2017-12-11,-0.003943212944887753
2017-12-12,-0.004859244582086308
2017-12-13,-0.003147648367479494
2017-12-14,-0.006459513305763109
2017-12-15,0.0
2017-12-18,0.0
2017-12-19,-0.0030919016435931868
2017-12-20,-0.002290649916192211
2017-12-21,-0.0005832917220127687
2017-12-22,-0.0001275979281937234
2017-12-26,0.0
2017-12-27,0.0
2017-12-28,0.0
2017-12-29,-0.0026944607372766383
2018-01-02,0.0
2018-01-03,0.0
2018-01-04,0.0
2018-01-05,0.0
2018-01-08,0.0
2018-01-09,0.0
2018-01-10,-0.0006030879983017767
2018-01-11,0.0
2018-01-12,0.0
2018-01-16,-0.004046760927864268
2018-01-17,0.0
2018-01-18,-0.0019047287718456651
2018-01-19,0.0
2018-01-22,0.0
2018-01-23,0.0
2018-01-24,-0.000235933165502078
2018-01-25,-0.001418787711858438
2018-01-26,0.0
2018-01-29,-0.00534278449133363
2018-01-30,-0.013444305303688231
2018-01-31,-0.012279619444555356
2018-02-01,-0.012766379880219336
2018-02-02,-0.030599440523591093
2018-02-05,-0.05922701549873621
2018-02-06,-0.04704107399238
2018-02-07,-0.053057282254948546
2018-02-08,-0.07930657994449108
2018-02-09,-0.07178703845296286
2018-02-12,-0.06074803050093491
2018-02-13,-0.05824746808246939
2018-02-14,-0.04451243952080919
2018-02-15,-0.03407575919299255
2018-02-16,-0.03407540975963563
2018-02-20,-0.03833858158517878
2018-02-21,-0.04140069371553268
2018-02-22,-0.03979444757005668
2018-02-23,-0.027487833860888045
2018-02-26,-0.019071973828951316
2018-02-27,-0.030173985264282277
2018-02-28,-0.038658278738129326
2018-03-01,-0.045378259855687775
2018-03-02,-0.04021669376993875
2018-03-05,-0.03425973939342597
2018-03-06,-0.03063454986229852
2018-03-07,-0.030858920085993224
2018-03-08,-0.02948512009930948
2018-03-09,-0.019245843247845507
2018-03-12,-0.018725843864221936
2018-03-13,-0.02330023151683691
2018-03-14,-0.02537984799066162
2018-03-15,-0.026809336100444447
2018-03-16,-0.026195279027221297
2018-03-19,-0.034695145524900606
2018-03-20,-0.03355782454445577
2018-03-21,-0.03122381108991501
2018-03-22,-0.04513616328734893
2018-03-23,-0.05543226144332025
2018-03-26,-0.039835651773991176
2018-03-27,-0.051881452649363835
2018-03-28,-0.05568313317198925
2018-03-29,-0.04770637896305063
2018-04-02,-0.05924482653035601
2018-04-03,-0.053529572686170646
2018-04-04,-0.04795684946486112
2018-04-05,-0.044452849635443936
2018-04-06,-0.0550117361863145
2018-04-09,-0.05157749340624629
2018-04-10,-0.04174758675805734
2018-04-11,-0.04247884095603405
2018-04-12,-0.03925413859718285
2018-04-13,-0.040711068967329456
2018-04-16,-0.0369242198283819
2018-04-17,-0.030309539626936832
2018-04-18,-0.028603630814604153
2018-04-19,-0.032469806670567314
2018-04-20,-0.03803375039669177
2018-04-23,-0.03934126190152454
2018-04-24,-0.04597566158189803
2018-04-25,-0.04573415822575877
2018-04-26,-0.03970922616278061
2018-04-27,-0.03926555614234861
2018-04-30,-0.043245649850940815
2018-05-01,-0.041798736985404705
2018-05-02,-0.04366957753879663
2018-05-03,-0.043760943973898736
2018-05-04,-0.03663275636821428
2018-05-07,-0.03390227100995624
2018-05-08,-0.03341426324602259
2018-05-09,-0.028824701070519154
2018-05-10,-0.02379954396833206
2018-05-11,-0.023547681925600528
2018-05-14,-0.02336275120554132
2018-05-15,-0.027917470863760507
2018-05-16,-0.024695551121847292
2018-05-17,-0.02471870052088032
2018-05-18,-0.02570780054008004
2018-05-21,-0.021931118194685406
2018-05-22,-0.023389485714089386
2018-05-23,-0.020753300849982614
2018-05-24,-0.02086750532291448
2018-05-25,-0.02249482967007499
2018-05-29,-0.02589503765077139
2018-05-30,-0.01951715998601944
2018-05-31,-0.022682583739751183
2018-06-01,-0.01620368742585898
2018-06-04,-0.013049146350324947
2018-06-05,-0.010599535955077122
2018-06-06,-0.004840978808253182
2018-06-07,-0.006932964267087449
2018-06-08,-0.005437675042895496
2018-06-11,-0.003906888878628556
2018-06-12,-0.0020336292582237014
2018-06-13,-0.003021818928743758
2018-06-14,0.0
2018-06-15,-0.005240756822405768
2018-06-18,-0.0047054613605915785
2018-06-19,-0.008017565326782994
2018-06-20,-0.005270680961730445
2018-06-21,-0.011710111246097998
2018-06-22,-0.009794932092913045
2018-06-25,-0.02313663581732406
2018-06-26,-0.02029037278044299
2018-06-27,-0.02840761946297199
2018-06-28,-0.024969087746869678
2018-06-29,-0.02281039370984861
2018-07-02,-0.02268998210725648
2018-07-03,-0.024686987786404324
2018-07-05,-0.016552857716000013
2018-07-06,-0.00878531564280638
2018-07-09,-0.0020375125095987157
2018-07-10,-0.0017149382076133701
2018-07-11,-0.01126502034145338
2018-07-12,-0.002750229069224064
2018-07-13,-0.0030172950734276283
2018-07-16,-0.006615424750164189
2018-07-17,-0.004258281176854117
2018-07-18,-0.0025146099195244576
2018-07-19,-0.004363133360828497
2018-07-20,-0.0040133996419190465
2018-07-23,-0.002705312372754509
2018-07-24,-0.0009509956404845088
2018-07-25,0.0
2018-07-26,-0.0038182266907613727
2018-07-27,-0.012041957124917957
2018-07-30,-0.01713707281532484
2018-07-31,-0.013102032520186713
2018-08-01,-0.016608821921370476
2018-08-02,-0.014348861898484722
2018-08-03,-0.010943192897758136
2018-08-06,-0.010130961855953191
2018-08-07,-0.010509352910835323
2018-08-08,-0.009621083976336098
2018-08-09,-0.00748173389833251
2018-08-10,-0.006880308943704172
2018-08-13,-0.010577554523816368
2018-08-14,-0.009298425305294122
2018-08-15,-0.01248581647255853
2018-08-16,-0.010784359239514818
2018-08-17,-0.008270299733827646
2018-08-20,-0.004852447705430807
2018-08-21,-0.0047153311155458955
2018-08-22,-0.00274096074192387
2018-08-23,-0.0042047059757268634
2018-08-24,0.0
2018-08-27,0.0
2018-08-28,-0.0029330802970162217
2018-08-29,0.0
2018-08-30,-0.0007417466511386861
2018-08-31,-0.001291486678779763
2018-09-04,-0.004751808846331751
2018-09-05,-0.006739936019492965
2018-09-06,-0.006579686117297645
2018-09-07,-0.010863768978792376
2018-09-10,-0.00924996734888428
2018-09-11,-0.010404856862214151
2018-09-12,-0.008585683844351988
2018-09-13,-0.006520574883395414
2018-09-14,-0.00934208123330893
2018-09-17,-0.011027041481987743
2018-09-18,-0.012773706653100736
2018-09-19,-0.013893143560002263
2018-09-20,-0.009501334599894218
2018-09-21,-0.011288869359408316
2018-09-24,-0.012545632888860347
2018-09-25,-0.012797061612052851
2018-09-26,-0.01170730163799294
2018-09-27,-0.011461422131036292
2018-09-28,-0.011325404938703154
2018-10-01,-0.015509364615780785
2018-10-02,-0.01040706074432951
2018-10-03,-0.020638509084783485
2018-10-04,-0.02434021288422239
2018-10-05,-0.02830432264213356
2018-10-08,-0.03132574989933279
2018-10-09,-0.02632362197925442
2018-10-10,-0.026996945703122055
2018-10-11,-0.016873096833104673
2018-10-12,-0.01940815545020813
2018-10-15,-0.01841787383116933
2018-10-16,-0.01774579063365722
2018-10-17,-0.021089347938260894
2018-10-18,-0.020550087822315377
2018-10-19,-0.02178472354844374
2018-10-22,-0.022731197760008204
2018-10-23,-0.019752947895792405
2018-10-24,-0.014533012925301847
2018-10-25,-0.0173564481397942
2018-10-26,-0.013031985842991256
2018-10-29,-0.01459012700157536
2018-10-30,-0.018048377107527047
2018-10-31,-0.021799237835017693
2018-11-01,-0.019214898660527058
2018-11-02,-0.02621991833323356
2018-11-05,-0.024650140526131792
2018-11-06,-0.02564160894522105
2018-11-07,-0.02512178886614913
2018-11-08,-0.025834870068733418
2018-11-09,-0.02318032205925913
2018-11-12,-0.02052285522373809
2018-11-13,-0.020528583878988482
2018-11-14,-0.018425862007635407
2018-11-15,-0.018210877769400002
2018-11-16,-0.013702251933924492
2018-11-19,-0.01191002952511755
2018-11-20,-0.011839639325409435
2018-11-21,-0.01179974010642637
2018-11-23,-0.01134015675950828
2018-11-26,-0.01268856340169211
2018-11-27,-0.01280776349714885
2018-11-28,-0.014388079406031151
2018-11-29,-0.01151496257233986
2018-11-30,-0.00956657593739385
2018-12-03,-0.004863579232062598
2018-12-04,0.0
2018-12-06,0.0
2018-12-07,0.0
2018-12-10,0.0
2018-12-11,-0.0010299171790196793
2018-12-12,-0.0034147407194846657
2018-12-13,-0.004516115852586711
2018-12-14,-0.0030789702339650837
2018-12-17,0.0
2018-12-18,0.0
2018-12-19,0.0
2018-12-20,0.0
2018-12-21,-0.0004025104444749239
2018-12-24,0.0
2018-12-26,-0.006599585351371506
2018-12-27,-0.0046037728325110105
2018-12-28,0.0
2018-12-31,0.0
2019-01-02,0.0
2019-01-03,0.0
2019-01-04,-0.008762687795127455
2019-01-07,-0.01035850641552205
2019-01-08,-0.012637658355319936
2019-01-09,-0.012168896999719236
2019-01-10,-0.016002185350612708
2019-01-11,-0.013197059592907956
2019-01-14,-0.014639090206982841
2019-01-15,-0.01669593368892719
2019-01-16,-0.01595890632201069
2019-01-17,-0.01650880236784369
2019-01-18,-0.021050866529553014
2019-01-22,-0.01656984406371209
2019-01-23,-0.017114064385424732
2019-01-24,-0.013535817909548165
2019-01-25,-0.014173568258816993
2019-01-28,-0.014008738552605426
2019-01-29,-0.010150489854611866
2019-01-30,-0.00886615435812721
2019-01-31,-0.0036954683243927144
2019-02-01,-0.008210597922621243
2019-02-04,-0.01139591277309382
2019-02-05,-0.008553081746971114
2019-02-06,-0.009075141109493923
2019-02-07,-0.004850808621673863
2019-02-08,-0.0019854632755271773
2019-02-11,-0.004917837401833269
2019-02-12,-0.0060941170274241285
2019-02-13,-0.009102992101215013
2019-02-14,-0.004368725784939853
2019-02-15,-0.003088239753253341
2019-02-19,0.0
2019-02-20,-0.0016138090533268645
2019-02-21,-0.00811671678681336
2019-02-22,-0.004078068371938026
2019-02-25,-0.005958738974014666
2019-02-26,-0.002686009958320912
2019-02-27,-0.009746951040852436
2019-02-28,-0.012773897017524627
2019-03-01,-0.02030914652617688
2019-03-04,-0.016447623929131683
2019-03-05,-0.015168825607775993
2019-03-06,-0.01288195791621305
2019-03-07,-0.009170755378548612
2019-03-08,-0.00525687456172752
2019-03-11,-0.007536769330401261
2019-03-12,-0.0027631910709146057
2019-03-13,-0.0026398236470184244
2019-03-14,-0.0079298076263844
2019-03-15,-0.0034616124709725415
2019-03-18,-0.004002137133473083
2019-03-19,-0.004767450830321929
2019-03-20,0.0
2019-03-21,0.0
2019-03-22,0.0
2019-03-25,0.0
2019-03-26,-0.001297412159004474
2019-03-27,0.0
2019-03-28,-0.0005473847545102162
2019-03-29,-0.001325012419109206
2019-04-01,-0.010167985429643256
2019-04-02,-0.00830222649296386
2019-04-03,-0.013233569824533498
2019-04-04,-0.01130618324915289
2019-04-05,-0.010790073836919878
2019-04-08,-0.012157597517961416
2019-04-09,-0.009518642731632387
2019-04-10,-0.007272165301287048
2019-04-11,-0.012451495923805234
2019-04-12,-0.016994825906894828
2019-04-15,-0.015810507045802558
2019-04-16,-0.020765062480272878
2019-04-17,-0.020765817807759435
2019-04-18,-0.017731715062840214
2019-04-22,-0.020185872917709347
2019-04-23,-0.01904137611556478
2019-04-24,-0.013992287656184987
2019-04-25,-0.014818829576813575
2019-04-26,-0.011518237576980783
2019-04-29,-0.015582430374845635
2019-04-30,-0.012267042539415463
2019-05-01,-0.01165426099226674
2019-05-02,-0.015110981187369643
2019-05-03,-0.012598273947403649
2019-05-06,-0.010459940518017685
2019-05-07,-0.005644202030526402
2019-05-08,-0.008433537941765934
2019-05-09,-0.005503620441519197
2019-05-10,-0.005958050808172799
2019-05-13,0.0
2019-05-14,-0.0018155524389735778
2019-05-15,0.0
2019-05-16,-0.0031570640253577587
2019-05-17,-0.003063962337036763
2019-05-20,-0.004493566349717204
2019-05-21,-0.005904141725224132
2019-05-22,-0.0026687493030309595
2019-05-23,0.0
2019-05-24,0.0
2019-05-28,0.0
2019-05-29,0.0
2019-05-30,0.0
2019-05-31,0.0
2019-06-03,0.0
2019-06-04,-0.006104518494659428
2019-06-05,-0.008180611863366383
2019-06-06,-0.006388219800076866
2019-06-07,-0.0005385836040395775
2019-06-10,-0.007641186439866332
2019-06-11,-0.007598590175198261
2019-06-12,-0.005721037577523069
2019-06-13,-0.0024930033725188983
2019-06-14,-0.0012811111252000185
2019-06-17,-0.000705976714063139
2019-06-18,0.0
2019-06-19,0.0
2019-06-20,0.0
2019-06-21,-0.005042176518485042
2019-06-24,0.0
2019-06-25,0.0
2019-06-26,-0.005453520479571261
2019-06-27,-0.0015739563844066051
2019-06-28,-0.0013588172567576828
2019-07-01,-0.005720442004303772
2019-07-02,0.0
2019-07-03,0.0
2019-07-05,-0.009529030428123697
2019-07-08,-0.010197755011769782
2019-07-09,-0.010056508549181498
2019-07-10,-0.009765717230474258
2019-07-11,-0.01826051729308109
2019-07-12,-0.016542248341808286
2019-07-15,-0.013439623151814906
2019-07-16,-0.01660835130676863
2019-07-17,-0.008111610483855336
2019-07-18,-0.005190286373578545
2019-07-19,-0.009050669669183553
2019-07-22,-0.008095690414595569
2019-07-23,-0.011814619401094961
2019-07-24,-0.008732921118825954
2019-07-25,-0.012433743323144508
2019-07-26,-0.011166882397888656
2019-07-29,-0.0098179779532106
2019-07-30,-0.00810608960427639
2019-07-31,-0.005852121047782433
2019-08-01,0.0
2019-08-02,0.0
2019-08-05,0.0
2019-08-06,0.0
2019-08-07,0.0
2019-08-08,0.0
2019-08-09,-0.001862263964246158
2019-08-12,0.0
2019-08-13,-0.0034994870125958366
2019-08-14,0.0
2019-08-15,0.0
2019-08-16,-0.005241276899342284
2019-08-19,-0.01472844826609665
2019-08-20,-0.007796467368900273
2019-08-21,-0.012038836515309126
2019-08-22,-0.015982459373717228
2019-08-23,-0.003916058181530624
2019-08-26,-0.0060182981475883635
2019-08-27,0.0
2019-08-28,0.0
2019-08-29,-0.003331593221929996
2019-08-30,-0.003475542101905149
2019-09-03,-0.00015282883557099503
2019-09-04,0.0
2019-09-05,-0.014098309098075634
2019-09-06,-0.012032259897816644
2019-09-09,-0.02216550001384965
2019-09-10,-0.03315434325211852
2019-09-11,-0.03328572244934436
2019-09-12,-0.03641229333534124
2019-09-13,-0.049312860326460206
2019-09-16,-0.04151996675055947
2019-09-17,-0.03820152587743186
2019-09-18,-0.0372706021123238
2019-09-19,-0.035256935102389586
2019-09-20,-0.026270922958727128
2019-09-23,-0.025112670324059283
2019-09-24,-0.01767877792423711
2019-09-25,-0.028680462687059927
2019-09-26,-0.02532072512564909
2019-09-27,-0.02456154046861747
2019-09-30,-0.025492640489150897
2019-10-01,-0.02253365950823849
2019-10-02,-0.018745627547966714
2019-10-03,-0.012457705411424325
2019-10-04,-0.008715979272583052
2019-10-07,-0.014665819540427116
2019-10-08,-0.011571252029847323
2019-10-09,-0.01466544697751615
2019-10-10,-0.02427635742500034
2019-10-11,-0.032326500689636495
2019-10-14,-0.027895777648841102
2019-10-15,-0.03540436520803003
2019-10-16,-0.033504065892638546
2019-10-17,-0.03444059609688943
2019-10-18,-0.034327918763867094
2019-10-21,-0.039240306348872434
2019-10-22,-0.035678564276753866
2019-10-23,-0.03483308124814488
2019-10-24,-0.03471819600936077
2019-10-25,-0.03710568736462205
2019-10-28,-0.04324646388831421
2019-10-29,-0.04311297769734046
2019-10-30,-0.03477766898207246
2019-10-31,-0.0256823603176366
2019-11-01,-0.027444179239387467
2019-11-04,-0.034963248372443356
2019-11-05,-0.04358942347536432
2019-11-06,-0.03959502136179405
2019-11-07,-0.051752139583936096
2019-11-08,-0.05475807625407014
2019-11-11,-0.05452393047098347
2019-11-12,-0.05206324404308471
2019-11-13,-0.04801511771146538
2019-11-14,-0.04165093143643084
2019-11-15,-0.04272795821709141
2019-11-18,-0.04104326618761622
2019-11-19,-0.03693963695840252
2019-11-20,-0.03142951645092762
2019-11-21,-0.0356272483942397
2019-11-22,-0.03540065983850682
2019-11-25,-0.03469712001257341
2019-11-26,-0.03093958719477108
2019-11-27,-0.03368952390747093
2019-11-29,-0.03458539607510125
2019-12-02,-0.04085835045735464
2019-12-03,-0.03881423424097874
2019-12-04,-0.037785497500984144
2019-12-05,-0.03758380374860537
2019-12-06,-0.035409179630629284
2019-12-09,-0.036560772539928066
2019-12-10,-0.036200691334316026
2019-12-11,-0.03198637229718093
2019-12-12,-0.031773034995549065
2019-12-13,-0.02789197619295003
2019-12-16,-0.026028541034297636
2019-12-17,-0.025628635897508634
2019-12-18,-0.02644353852539494
2019-12-19,-0.024004956625028884
2019-12-20,-0.022388675676983216
2019-12-23,-0.021383228186330427
2019-12-24,-0.0196512617928698
2019-12-26,-0.015369244770198076
2019-12-27,-0.015309646213414019
2019-12-30,-0.017834668391251585
2019-12-31,-0.01864634092895201
2020-01-02,-0.010374241301652432
2020-01-03,-0.009700524284103063
2020-01-06,-0.008302186176400994
2020-01-07,-0.009923851942958417
2020-01-08,-0.009241905556209407
2020-01-09,-0.005114535004895782
2020-01-10,-0.003799552555277752
2020-01-13,-0.0019151519782487636
2020-01-14,-0.002039681921747749
2020-01-15,0.0
2020-01-16,0.0
2020-01-17,0.0
2020-01-21,0.0
2020-01-22,0.0
2020-01-23,0.0
2020-01-24,-0.0022737428108766666
2020-01-27,-0.007409450542170126
2020-01-28,-0.0029446992671762207
2020-01-29,-0.0005359614436153404
2020-01-30,0.0
2020-01-31,-0.00539870562393352
2020-02-03,-0.0022138488751282104
2020-02-04,0.0
2020-02-05,0.0
2020-02-06,0.0
2020-02-07,0.0
2020-02-10,0.0
2020-02-11,-0.0007225748380454977
2020-02-12,0.0
2020-02-13,0.0
2020-02-14,0.0
2020-02-18,0.0
2020-02-19,0.0
2020-02-20,0.0
2020-02-21,-0.0024367625255062864
2020-02-24,-0.015471274721673423
2020-02-25,-0.029147814198731248
2020-02-26,-0.029976629854801762
2020-02-27,-0.049944595091499955
2020-02-28,-0.04908222509192284
2020-03-02,-0.016860363905658926
2020-03-03,-0.03314454642788689
2020-03-04,-0.005159357815038956
2020-03-05,-0.027701796251778932
2020-03-06,-0.04372681589482086
2020-03-09,-0.108498191220326
2020-03-10,-0.07615882694734066
2020-03-11,-0.11279551480014038
2020-03-12,-0.18411900479422516
2020-03-13,-0.136727810687726
2020-03-16,-0.21858800267887668
2020-03-17,-0.18603912118045351
2020-03-18,-0.22278176598673638
2020-03-19,-0.2182877657179073
2020-03-20,-0.24042036073928175
2020-03-23,-0.24575478629420533
2020-03-24,-0.19139858607666216
2020-03-25,-0.18432603377547174
2020-03-26,-0.14696331857303635
2020-03-27,-0.16700617295486275
2020-03-30,-0.14786374019100657
2020-03-31,-0.15959385634430234
2020-04-01,-0.1629279152646349
2020-04-02,-0.16101877347746896
2020-04-03,-0.1622884433664299
2020-04-06,-0.1574529738121473
2020-04-07,-0.1575444479166943
2020-04-08,-0.15473986862841016
2020-04-09,-0.15230226658738177
2020-04-13,-0.15251942027692245
2020-04-14,-0.15031491733076796
2020-04-15,-0.15196273884156863
2020-04-16,-0.1514201579886807
2020-04-17,-0.15000775500714136
2020-04-20,-0.1512660867105543
2020-04-21,-0.15393014812418349
2020-04-22,-0.15224772777713502
2020-04-23,-0.15216830294085293
2020-04-24,-0.15138548407485997
2020-04-27,-0.1503541029722113
2020-04-28,-0.15041354713640875
2020-04-29,-0.14776397747225767
2020-04-30,-0.14793060295856675
2020-05-01,-0.14461660379890462
2020-05-04,-0.14633992551212593
2020-05-05,-0.1489213053280909
2020-05-06,-0.15599558885767806
2020-05-07,-0.14797089524779583
2020-05-08,-0.15379947666898197
2020-05-11,-0.15753828272170867
2020-05-12,-0.15284000761197591
2020-05-13,-0.1495951948383174
2020-05-14,-0.14544255782371462
2020-05-15,-0.14634843054316127
2020-05-18,-0.15640206845466442
2020-05-19,-0.1541103734878938
2020-05-20,-0.1528835845144917
2020-05-21,-0.15206257317309668
2020-05-22,-0.1492787728005004
2020-05-26,-0.15518152451187717
2020-05-27,-0.15573447990637967
2020-05-28,-0.15716411639311823
2020-05-29,-0.15367203194904833
2020-06-01,-0.15627714232257672
2020-06-02,-0.15810217627229883
2020-06-03,-0.1648577311700814
2020-06-04,-0.1709158926027151
2020-06-05,-0.17498996842656667
2020-06-08,-0.17323245917974506
2020-06-09,-0.16804108369477744
2020-06-10,-0.16058433171880004
2020-06-11,-0.15291874830166807
2020-06-12,-0.15695968347833644
2020-06-15,-0.15700472306388213
2020-06-16,-0.16329079850489314
2020-06-17,-0.16129764507177546
2020-06-18,-0.15689167769406898
2020-06-19,-0.15629611299098767
2020-06-22,-0.15639707952562376
2020-06-23,-0.15887839785110414
2020-06-24,-0.15444556699448708
2020-06-25,-0.15332323991301633
2020-06-26,-0.14852009481879747
2020-06-29,-0.14945286025905324
2020-06-30,-0.1517027087109467
2020-07-01,-0.15312407509763926
2020-07-02,-0.15224107040546542
2020-07-06,-0.15380228913912197
2020-07-07,-0.14732662369347516
2020-07-08,-0.14879461389052384
2020-07-09,-0.1421423410700705
2020-07-10,-0.14473726865019698
2020-07-13,-0.14315692690642412
2020-07-14,-0.14229797504083808
2020-07-15,-0.14409079020714088
2020-07-16,-0.14271052540951867
2020-07-17,-0.14299661911471961
2020-07-20,-0.1416431128639799
2020-07-21,-0.1403629319869223
2020-07-22,-0.13817879939951638
2020-07-23,-0.13286658259789064
2020-07-24,-0.13241540913395045
2020-07-27,-0.13298345584566929
2020-07-28,-0.12918214609113488
2020-07-29,-0.1290291487753782
2020-07-30,-0.1265603807204959
2020-07-31,-0.12620749610593496
2020-08-03,-0.12814567359054774
2020-08-04,-0.12086142671482691
2020-08-05,-0.12385871032118623
2020-08-06,-0.11966188774474451
2020-08-07,-0.12488144117967148
2020-08-10,-0.12735986450489611
2020-08-11,-0.13983407248423652
2020-08-12,-0.14462175217858453
2020-08-13,-0.1461600622513618
2020-08-14,-0.14809295257856792
2020-08-17,-0.1439919249173901
2020-08-18,-0.139695801385183
2020-08-19,-0.14647206830055148
2020-08-20,-0.14150091929265762
2020-08-21,-0.14007438731401023
2020-08-24,-0.14174705958361555
2020-08-25,-0.14504193885499816
2020-08-26,-0.14508732131663682
2020-08-27,-0.15388416516933434
2020-08-28,-0.15156834430545374
2020-08-31,-0.1491393228483917
2020-09-01,-0.1453098924409294
2020-09-02,-0.1428563827094229
2020-09-03,-0.15531061545965652
2020-09-04,-0.15857349158701184
2020-09-08,-0.16914627591408005
2020-09-09,-0.16172378151857625
2020-09-10,-0.167563219278544
2020-09-11,-0.16801235833064454
2020-09-14,-0.16273316535883076
2020-09-15,-0.1603981305264499
2020-09-16,-0.16078095240867574
2020-09-17,-0.1637387536108209
2020-09-18,-0.1664674539146278
2020-09-21,-0.17232646789276695
2020-09-22,-0.1689862318522033
2020-09-23,-0.17854980505185036
2020-09-24,-0.17746296088305136
2020-09-25,-0.17236544098476225
2020-09-28,-0.16562525391698457
2020-09-29,-0.16722108547261716
2020-09-30,-0.16490613487208616
2020-10-01,-0.16173531304330968
2020-10-02,-0.16571838262027516
2020-10-05,-0.15817007857452792
2020-10-06,-0.16237632829622528
2020-10-07,-0.15676263513487854
2020-10-08,-0.1536260077656738
2020-10-09,-0.14968989701831026
2020-10-12,-0.14449840813982762
2020-10-13,-0.14672088435386366
2020-10-14,-0.14868822881537191
2020-10-15,-0.14843438699888156
2020-10-16,-0.14968189811716825
2020-10-19,-0.1541916493934461
2020-10-20,-0.15249559429185788
2020-10-21,-0.15342044331329208
2020-10-22,-0.15187487579304382
2020-10-23,-0.15109830273962188
2020-10-26,-0.15744657611773316
2020-10-27,-0.15741860536725893
2020-10-28,-0.1698398481649449
2020-10-29,-0.16664346624415283
2020-10-30,-0.17087195545690792
2020-11-02,-0.1667019150833431
2020-11-03,-0.16015595665125248
2020-11-04,-0.15213110258676443
2020-11-05,-0.14402762570571814
2020-11-06,-0.14470238896694
2020-11-09,-0.143437920861741
2020-11-10,-0.14312708624079584
2020-11-11,-0.1404536983742205
2020-11-12,-0.14363628616904067
2020-11-13,-0.1392339094393782
2020-11-16,-0.134419260737499
2020-11-17,-0.13527049430461024
2020-11-18,-0.13890314676621873
2020-11-19,-0.1369352538126828
2020-11-20,-0.13816698821482298
2020-11-23,-0.13670767304512588
2020-11-24,-0.1314065016047885
2020-11-25,-0.13094573953275845
2020-11-27,-0.12990764720046488
2020-11-30,-0.13246382170592852
2020-12-01,-0.12404545810882761
2020-12-02,-0.12186957055636671
2020-12-03,-0.12011022877989508
2020-12-04,-0.11336163088773654
2020-12-07,-0.11155586364373393
2020-12-08,-0.10794219356709367
2020-12-09,-0.11729006205821102
2020-12-10,-0.11416260689716584
2020-12-11,-0.11567541336983045
2020-12-14,-0.11585633693712116
2020-12-15,-0.10441002160341861
2020-12-16,-0.10249080588603487
2020-12-17,-0.09589085339687309
2020-12-18,-0.0981706514090801
2020-12-21,-0.1010741508134404
2020-12-22,-0.10122474839702955
2020-12-23,-0.09876480021492573
2020-12-24,-0.09614076371824043
2020-12-28,-0.09292822142202128
2020-12-29,-0.095483316302581
2020-12-30,-0.09229353250688177
2020-12-31,-0.08978058047073056
2021-01-04,-0.09712770173563334
2021-01-05,-0.08853952129857778
2021-01-06,-0.08508958603938133
2021-01-07,-0.07298799917462584
2021-01-08,-0.07135343689706519
2021-01-11,-0.07770084933622856
2021-01-12,-0.07296464827281679
2021-01-13,-0.07219545624654133
2021-01-14,-0.07076972410492421
2021-01-15,-0.07931132270955188
2021-01-19,-0.0709799685546324
2021-01-20,-0.05980107375516419
2021-01-21,-0.05939439820943804
2021-01-22,-0.06197814500840315
2021-01-25,-0.05817322680961379
2021-01-26,-0.05957978097950045
2021-01-27,-0.0765649438674566
2021-01-28,-0.07319811944430932
2021-01-29,-0.08585617222071984
2021-02-01,-0.06969706886968685
2021-02-02,-0.06025584510594295
2021-02-03,-0.059724417650906525
2021-02-04,-0.052234687240984234
2021-02-05,-0.04675906069635438
2021-02-08,-0.03667618680170093
2021-02-09,-0.03576344601842718
2021-02-10,-0.03714770703089987
2021-02-11,-0.03668107778340379
2021-02-12,-0.03247416747707932
2021-02-16,-0.03444269212914253
2021-02-17,-0.0372642590798975
2021-02-18,-0.04226255794578082
2021-02-19,-0.04034386963612202
2021-02-22,-0.04554573315985855
2021-02-23,-0.0465066746413777
2021-02-24,-0.03638643254403706
2021-02-25,-0.0600840964151943
2021-02-26,-0.06572027669713842
2021-03-01,-0.04708599220260101
2021-03-02,-0.05471649447822213
2021-03-03,-0.0668989928013286
2021-03-04,-0.07773230427745603
2021-03-05,-0.06385076455743566
2021-03-08,-0.07306387351992616
2021-03-09,-0.05609506310190615
2021-03-10,-0.050734512865814874
2021-03-11,-0.03815883171920109
2021-03-12,-0.03913865163274777
2021-03-15,-0.034465470049893865
2021-03-16,-0.03677689949340823
2021-03-17,-0.03287738888250702
2021-03-18,-0.05402951049169691
2021-03-19,-0.05007661184917811
2021-03-22,-0.044899513961843884
2021-03-23,-0.05683057675236103
2021-03-24,-0.06209733573564391
2021-03-25,-0.05954455485136967
2021-03-26,-0.04605820910945835
2021-03-29,-0.05127527900588813
2021-03-30,-0.054091278158487244
2021-03-31,-0.04586322315907665
2021-04-01,-0.03814372846322511
2021-04-05,-0.03289971017243498
2021-04-06,-0.03247225729653558
2021-04-07,-0.033424522618817676
2021-04-08,-0.029052793482838846
2021-04-09,-0.027501050919671366
2021-04-12,-0.028457460873512974
2021-04-13,-0.025242692446361126
2021-04-14,-0.025436142927004246
2021-04-15,-0.01885938294372036
2021-04-16,-0.017684258786774487
2021-04-19,-0.02150169921748557
2021-04-20,-0.026002375995077376
2021-04-21,-0.019738348152768648
2021-04-22,-0.023826913282206763
2021-04-23,-0.0175675962493832
2021-04-26,-0.014728150745435209
2021-04-27,-0.014937890861151382
2021-04-28,-0.014771710918814018
2021-04-29,-0.012895499488509654
2021-04-30,-0.017427214183192374
2021-05-03,-0.015311004462580602
2021-05-04,-0.02037249248339934
2021-05-05,-0.020443696770502173
2021-05-06,-0.015588798591464892
2021-05-07,-0.009551097325943392
2021-05-10,-0.01933785337578353
2021-05-11,-0.02150858165152414
2021-05-12,-0.03564853838956772
2021-05-13,-0.030843661397696565
2021-05-14,-0.019473304853612428
2021-05-17,-0.01922891935316373
2021-05-18,-0.023677943971466497
2021-05-19,-0.02677906825591303
2021-05-20,-0.020433163430724655
2021-05-21,-0.0203871733742903
2021-05-24,-0.013236114451958825
2021-05-25,-0.01424908144985726
2021-05-26,-0.011051732955945748
2021-05-27,-0.009142228780980366
2021-05-28,-0.008500423322855721
2021-06-01,-0.0059867926098756685
2021-06-02,-0.003738249663410631
2021-06-03,-0.011349409432656166
2021-06-04,-0.0018053417738987942
2021-06-07,0.0
2021-06-08,0.0
2021-06-09,-0.0020509680548622677
2021-06-10,0.0
2021-06-11,0.0
2021-06-14,0.0
2021-06-15,-0.0031845104578539507
2021-06-16,-0.008575173696865779
2021-06-17,-0.013389005874066107
2021-06-18,-0.022530970179734267
2021-06-21,-0.010688225534916773
2021-06-22,-0.0065086395745332926
2021-06-23,-0.005876415572093174
2021-06-24,0.0
2021-06-25,0.0
2021-06-28,0.0
2021-06-29,-0.00025515447074209163
2021-06-30,0.0
2021-07-01,0.0
2021-07-02,0.0
2021-07-06,-0.004231127279926583
2021-07-07,-0.004762237394596136
2021-07-08,-0.009606995202125268
2021-07-09,0.0
2021-07-12,0.0
2021-07-13,-0.0033499469560731576
2021-07-14,-0.0045282454081821966
2021-07-15,-0.008533726561035127
2021-07-16,-0.015790722148103287
2021-07-19,-0.029180946355445547
2021-07-20,-0.01573740804378765
2021-07-21,-0.007050224489678514
2021-07-22,-0.006338645486799965
2021-07-23,0.0
2021-07-26,0.0
2021-07-27,-0.006089928941584666
2021-07-28,-0.0022294202011909903
2021-07-29,0.0
2021-07-30,-0.005219012926184097
2021-08-02,-0.008116503417661902
2021-08-03,-0.003893620435790557
2021-08-04,-0.008948048325851499
2021-08-05,-0.0015180713493770925
2021-08-06,-0.004341157573100052
2021-08-09,-0.008487000859721983
2021-08-10,-0.007175018956800949
2021-08-11,-0.003510434236863924
2021-08-12,-0.0022673513402549084
2021-08-13,-0.0012185193009310868
2021-08-16,-0.001433810907868649
2021-08-17,-0.008789499549089141
2021-08-18,-0.017102495722405298
2021-08-19,-0.019060654750577832
2021-08-20,-0.013822748388398143
2021-08-23,0.0
2021-08-24,0.0
2021-08-25,0.0
2021-08-26,-0.005655109542014758
2021-08-27,0.0
2021-08-30,0.0
2021-08-31,-0.00063235341357748
2021-09-01,0.0
2021-09-02,0.0
2021-09-03,0.0
2021-09-07,-0.00535939860406498
2021-09-08,-0.0075109224781025885
2021-09-09,-0.009946102317277994
2021-09-10,-0.014986163941244746
2021-09-13,-0.012059955476217521
2021-09-14,-0.015835434954576844
2021-09-15,-0.008976473384154082
2021-09-16,-0.012260578461466443
2021-09-17,-0.018857123772369255
2021-09-20,-0.03293779382322137
2021-09-21,-0.03188856165441989
2021-09-22,-0.023600386756860714
2021-09-23,-0.014637180713405695
2021-09-24,-0.014421857056603371
2021-09-27,-0.013283923726206459
2021-09-28,-0.03138388074629739
2021-09-29,-0.03160179445038569
2021-09-30,-0.03613829348385522
2021-10-01,-0.03006303978212488
2021-10-04,-0.03481715521725259
2021-10-05,-0.03512303704430508
2021-10-06,-0.03191590256999899
2021-10-07,-0.03345748315951391
2021-10-08,-0.036376575021121904
2021-10-11,-0.0399449123500103
2021-10-12,-0.03507874284318768
2021-10-13,-0.02835339583837082
2021-10-14,-0.021579420817530837
2021-10-15,-0.024255674279772932
2021-10-18,-0.022256716462012882
2021-10-19,-0.023575209489171467
2021-10-20,-0.023351187840470078
2021-10-21,-0.023295637478871756
2021-10-22,-0.020257822735863074
2021-10-25,-0.0172753150902073
2021-10-26,-0.01562996189698873
2021-10-27,-0.010328695029038104
2021-10-28,-0.008697737855906884
2021-10-29,-0.008217562491905528
2021-11-01,-0.008606403021167774
2021-11-02,-0.006020924981383846
2021-11-03,-0.008206108836656623
2021-11-04,-0.0005398731126088352
2021-11-05,0.0
2021-11-08,-0.0008754195716056401
2021-11-09,0.0
2021-11-10,-0.007929201317824153
2021-11-11,-0.007833682505546502
2021-11-12,-0.005602257851643255
2021-11-15,-0.009701670619560732
2021-11-16,-0.010090260707056875
2021-11-17,-0.006454616728795992
2021-11-18,-0.004184587970633813
2021-11-19,-0.0019834553678531597
2021-11-22,-0.011562673823706904
2021-11-23,-0.017421966684816326
2021-11-24,-0.012195188832789472
2021-11-26,-0.009727299154016267
2021-11-29,-0.007743717725569588
2021-11-30,-0.009183203473364987
2021-12-01,-0.010564231020744108
2021-12-02,-0.007887242654676885
2021-12-03,-0.0059031587821559706
2021-12-06,-0.007604563113806084
2021-12-07,-0.002868605268512181
2021-12-08,-0.006727286868548843
2021-12-09,-0.008585212083946359
2021-12-10,-0.005427501730506545
2021-12-13,-0.0035689390856243897
2021-12-14,-0.008363325278878508
2021-12-15,-0.005007340381995684
2021-12-16,-0.006760018599852313
2021-12-17,-0.0064751371959991255
2021-12-20,-0.0121912793765232
2021-12-21,-0.008316335153452314
2021-12-22,-0.002402497722605923
2021-12-23,-0.0026617809062289277
2021-12-27,0.0
2021-12-28,-0.002298982329644539
2021-12-29,-0.005860207830780451
2021-12-30,-0.002835763705554828
2021-12-31,-0.0026873248813018558
2022-01-03,-0.011391073440676247
2022-01-04,-0.012721188808775374
2022-01-05,-0.022290292915679633
2022-01-06,-0.024268463239056848
2022-01-07,-0.027845678442302457
2022-01-10,-0.027090914707121216
2022-01-11,-0.01997589811971323
2022-01-12,-0.019607183190174404
2022-01-13,-0.0224138049174617
2022-01-14,-0.027311924292638623
2022-01-18,-0.03845907448146557
2022-01-19,-0.03704731429137875
2022-01-20,-0.03891596156029553
2022-01-21,-0.041771393724424066
2022-01-24,-0.04181091126231862
2022-01-25,-0.0465990008490863
2022-01-26,-0.0539431614427599
2022-01-27,-0.052600249461513426
2022-01-28,-0.04479170203676264
2022-01-31,-0.03897034073284711
2022-02-01,-0.040622337661464725
2022-02-02,-0.038113206585298265
2022-02-03,-0.042841738886745806
2022-02-04,-0.05109412429256954
2022-02-07,-0.04966645026351868
2022-02-08,-0.05301014239394908
2022-02-09,-0.05142198256477937
2022-02-10,-0.06164788164572654
2022-02-11,-0.04983881796530376
2022-02-14,-0.05634527109439669
2022-02-15,-0.06316589692117536
2022-02-16,-0.058549021847658866
2022-02-17,-0.05212467724103187
2022-02-18,-0.046952236723108776
2022-02-22,-0.045693562850235736
2022-02-23,-0.05229583006344496
2022-02-24,-0.05225699531432049
2022-02-25,-0.05248283230821382
2022-02-28,-0.03871910963793057
2022-03-01,-0.028425536812910046
2022-03-02,-0.04901937657498212
2022-03-03,-0.04278711536934954
2022-03-04,-0.03053630608621094
2022-03-07,-0.03292241254151551
2022-03-08,-0.03508909383658776
2022-03-09,-0.0452187871432681
2022-03-10,-0.0521597032207195
2022-03-11,-0.05184618524259266
2022-03-14,-0.06732558590052262
2022-03-15,-0.07073197428594735
2022-03-16,-0.0662101298635529
2022-03-17,-0.06915743542204189
2022-03-18,-0.06461771846710107
2022-03-21,-0.0768056523048859
2022-03-22,-0.08449651023546434
2022-03-23,-0.07193799814424062
2022-03-24,-0.07552338837145711
2022-03-25,-0.08461621408674203
2022-03-28,-0.08320812593048632
2022-03-29,-0.0788223325081131
2022-03-30,-0.07347258984996596
2022-03-31,-0.07197429979973169
2022-04-01,-0.07307216998077903
2022-04-04,-0.0753656466795597
2022-04-05,-0.08863953903480548
2022-04-06,-0.09234032392379443
2022-04-07,-0.09536551275201421
2022-04-08,-0.10023266722667945
2022-04-11,-0.10701805408381704
2022-04-12,-0.1051290877754999
2022-04-13,-0.10310925656746572
2022-04-14,-0.1139052108209675
2022-04-18,-0.1161174325636285
2022-04-19,-0.1228602569676005
2022-04-20,-0.11248092049953662
2022-04-21,-0.11735845991988292
2022-04-22,-0.12107001898784497
2022-04-25,-0.11786548341429737
2022-04-26,-0.11195668307714657
2022-04-27,-0.11938996285584502
2022-04-28,-0.11850097325279507
2022-04-29,-0.12516696922753534
2022-05-02,-0.13462909003096935
2022-05-03,-0.13170831329865262
2022-05-04,-0.12707818481652555
2022-05-05,-0.140584510389692
2022-05-06,-0.14744640789476826
2022-05-09,-0.14273069189658472
2022-05-10,-0.13908291575133835
2022-05-11,-0.12983404148379707
2022-05-12,-0.13036244071485337
2022-05-13,-0.1377920104465159
2022-05-16,-0.13666225933256526
2022-05-17,-0.14376870463047553
2022-05-18,-0.13390046576007508
2022-05-19,-0.1311105505771516
2022-05-20,-0.1254771211530915
2022-05-23,-0.133130069253244
2022-05-24,-0.12269174197696053
2022-05-25,-0.120861470370067
2022-05-26,-0.12280635940510676
2022-05-27,-0.12144914476297597
2022-05-31,-0.13297942386750583
2022-06-01,-0.13459473766075092
2022-06-02,-0.1332317302533198
2022-06-03,-0.13522238490969996
2022-06-06,-0.14456584849572196
2022-06-07,-0.13910580428812813
2022-06-08,-0.14353819868033257
2022-06-09,-0.14278773400083
2022-06-10,-0.14723864641402007
2022-06-13,-0.16573416527464924
2022-06-14,-0.1730011580435027
2022-06-15,-0.16163650951439612
2022-06-16,-0.1563131595369599
2022-06-17,-0.15559303283521797
2022-06-21,-0.16343612325973367
2022-06-22,-0.1496412368111436
2022-06-23,-0.14552594417099274
2022-06-24,-0.15171683888573284
2022-06-27,-0.15644624008152141
2022-06-28,-0.15455538143099723
2022-06-29,-0.14673527105193118
2022-06-30,-0.1417551405114903
2022-07-01,-0.1349096348465858
2022-07-05,-0.1321643540721379
2022-07-06,-0.14195647173452686
2022-07-07,-0.14679174464794142
2022-07-08,-0.15256606054534738
2022-07-11,-0.1445143876823135
2022-07-12,-0.14181326647604642
2022-07-13,-0.13644666379488424
2022-07-14,-0.1416048582733107
2022-07-15,-0.13864861386535043
2022-07-18,-0.1433933889666591
2022-07-19,-0.14655949140978264
2022-07-20,-0.14626013095481416
2022-07-21,-0.13590700430038904
2022-07-22,-0.12623974232663038
2022-07-25,-0.1311817146350749
2022-07-26,-0.13096028120859926
2022-07-27,-0.13186625402131347
2022-07-28,-0.12552939689683418
2022-07-29,-0.12639644581896492
2022-08-01,-0.11536037490068551
2022-08-02,-0.12789826367562673
2022-08-03,-0.12061611779856896
2022-08-04,-0.11848408840803815
2022-08-05,-0.13257582552982528
2022-08-08,-0.12435656750344015
2022-08-09,-0.12658334833635176
2022-08-10,-0.1289518802584403
2022-08-11,-0.13974770376340417
2022-08-12,-0.13444479119253694
2022-08-15,-0.13458252237415902
2022-08-16,-0.13347966582998338
2022-08-17,-0.1395210911410335
2022-08-18,-0.13836394212356784
2022-08-19,-0.14698946203461627
2022-08-22,-0.14982774902491836
2022-08-23,-0.15199957368486638
2022-08-24,-0.15557343818735714
2022-08-25,-0.1486474942436503
2022-08-26,-0.14667791686866094
2022-08-29,-0.15118596260540473
2022-08-30,-0.15082183860405085
2022-08-31,-0.15577223252467298
2022-09-01,-0.164999818903648
2022-09-02,-0.16082343533112387
2022-09-06,-0.17324941782260606
2022-09-07,-0.16521808949975914
2022-09-08,-0.17038811399251363
2022-09-09,-0.16944396501592396
2022-09-12,-0.17278596026287574
2022-09-13,-0.17440866428842905
2022-09-14,-0.17338814006338898
2022-09-15,-0.17548676493553805
2022-09-16,-0.17804021937611525
2022-09-19,-0.17793873875216526
2022-09-20,-0.183279817704447
2022-09-21,-0.1762484659901663
2022-09-22,-0.18921574886621106
2022-09-23,-0.18855600188233912
2022-09-26,-0.19990670697022084
2022-09-27,-0.21065390507231374
2022-09-28,-0.19251102610701665
2022-09-29,-0.19560239880030983
2022-09-30,-0.2009619420748967
2022-10-03,-0.19130314196614917
2022-10-04,-0.1911432478569448
2022-10-05,-0.19699600446187038
2022-10-06,-0.20040188504930767
2022-10-07,-0.20563394733590123
2022-10-10,-0.21314650356224984
2022-10-11,-0.2110829503951538
2022-10-12,-0.20825909089512484
2022-10-13,-0.2133880013142424
2022-10-14,-0.21808277475999882
2022-10-17,-0.21924580653855896
2022-10-18,-0.21773329942691144
2022-10-19,-0.22715903610769317
2022-10-20,-0.23482761798213359
2022-10-21,-0.23931286627706982
2022-10-24,-0.24257836406594924
2022-10-25,-0.23001180559437884
2022-10-26,-0.22358783955511785
2022-10-27,-0.21823503397398003
2022-10-28,-0.22240926341764622
2022-10-31,-0.22644021882247645
2022-11-01,-0.22291522933485386
2022-11-02,-0.2251887547720992
2022-11-03,-0.2284400770313122
2022-11-04,-0.23301990591205934
2022-11-07,-0.23748653152449783
2022-11-08,-0.2311986934056407
2022-11-09,-0.22934762679484466
2022-11-10,-0.2092357192621177
2022-11-11,-0.21067508818967418
2022-11-14,-0.21207461346300904
2022-11-15,-0.2045204500516492
2022-11-16,-0.19531731160918264
2022-11-17,-0.20110180232725927
2022-11-18,-0.20482883464922408
2022-11-21,-0.2037652453374177
2022-11-22,-0.19734263231242055
2022-11-23,-0.18948943947356855
2022-11-25,-0.19072164818435744
2022-11-28,-0.1899587011023921
2022-11-29,-0.19491228287518747
2022-11-30,-0.18924028671917015
2022-12-01,-0.17410340172604588
2022-12-02,-0.16922117548050286
2022-12-05,-0.17793981826210492
2022-12-06,-0.1715636049776088
2022-12-07,-0.1601219555094252
2022-12-08,-0.16250467885089137
2022-12-09,-0.17379163881199267
2022-12-12,-0.17340794490557387
2022-12-13,-0.16656252560183615
2022-12-14,-0.16447980658272632
2022-12-15,-0.1633515202231839
2022-12-16,-0.16747395295498846
2022-12-19,-0.17583975959212672
2022-12-20,-0.18314782279407316
2022-12-21,-0.1818524502710689
2022-12-22,-0.1826679058421724
2022-12-23,-0.18894435203168825
2022-12-27,-0.19773912177756814
2022-12-28,-0.20055134241400208
2022-12-29,-0.1950894536450748
2022-12-30,-0.1999851401985907
2023-01-03,-0.19099337504339065
2023-01-04,-0.18382113126785238
2023-01-05,-0.1834356239757161
2023-01-06,-0.172408456065832
2023-01-09,-0.1695955741140559
2023-01-10,-0.1770806375629047
2023-01-11,-0.1696016765179844
2023-01-12,-0.1593946719065905
2023-01-13,-0.16382258585382148
2023-01-17,-0.1671027800963616
2023-01-18,-0.15488783114072224
2023-01-19,-0.15694213347682795
2023-01-20,-0.16482304432856432
2023-01-23,-0.16737239564496753
2023-01-24,-0.16053527978507587
2023-01-25,-0.1590385243459449
2023-01-26,-0.1621254146801575
2023-01-27,-0.1634616061816866
2023-01-30,-0.16581468261590193
2023-01-31,-0.16125844826463676
2023-02-01,-0.15372791015524656
2023-02-02,-0.15532117642139598
2023-02-03,-0.16627094771210804
2023-02-06,-0.17108176242528872
2023-02-07,-0.17442096725059208
2023-02-08,-0.1715998590637705
2023-02-09,-0.176929432325159
2023-02-10,-0.18196088428941204
2023-02-13,-0.1788185491807065
2023-02-14,-0.1808450816581958
2023-02-15,-0.1858168824677915
2023-02-16,-0.191740962108236
2023-02-17,-0.18793836439821976
2023-02-21,-0.1978975258028164
2023-02-22,-0.1946784051349577
2023-02-23,-0.19031438342967233
2023-02-24,-0.19725961998581065
2023-02-27,-0.19515694035081732
2023-02-28,-0.19285401287291803
2023-03-01,-0.19843626745072718
2023-03-02,-0.20241678540316044
2023-03-03,-0.19147417551134882
2023-03-06,-0.19500195363191575
2023-03-07,-0.19402694497985074
2023-03-08,-0.1938530284404706
2023-03-09,-0.19060211304878527
2023-03-10,-0.1721918453010869
2023-03-13,-0.1657003329865957
2023-03-14,-0.17489100651231215
2023-03-15,-0.16318893410952007
2023-03-16,-0.16871365074328648
2023-03-17,-0.158163263705263
2023-03-20,-0.16256859247125788
2023-03-21,-0.16935122282106374
2023-03-22,-0.15984647526593854
2023-03-23,-0.1574093139636008
2023-03-24,-0.15622646823780173
2023-03-27,-0.1690765968306358
2023-03-28,-0.16832172603367512
2023-03-29,-0.16975777695190475
2023-03-30,-0.16723814694315664
2023-03-31,-0.16055577121523135
2023-04-03,-0.1568869617283314
2023-04-04,-0.15142375195070146
2023-04-05,-0.14641566103131165
2023-04-06,-0.14613760300871514
2023-04-10,-0.15573169098055106
2023-04-11,-0.1544188978411597
2023-04-12,-0.15353516766835285
2023-04-13,-0.15577705971150124
2023-04-14,-0.1624211000177458
2023-04-17,-0.16890334194835066
2023-04-18,-0.16688620268449839
2023-04-19,-0.16829209344075724
2023-04-20,-0.16312839115885314
2023-04-21,-0.1668275925087902
2023-04-24,-0.16171965983646008
2023-04-25,-0.15300023928237005
2023-04-26,-0.15862139473434078
2023-04-27,-0.16404186550556532
2023-04-28,-0.15674242063304444
2023-05-01,-0.16359850388917474
2023-05-02,-0.16046000599176524
2023-05-03,-0.160645233721739
2023-05-04,-0.16350016000130063
2023-05-05,-0.1595514968696865
2023-05-08,-0.16226317400268897
2023-05-09,-0.16406238696747732
2023-05-10,-0.159052063261648
2023-05-11,-0.1580236152883432
2023-05-12,-0.16115910431222702
2023-05-15,-0.16173099358197618
2023-05-16,-0.1656580646692909
2023-05-17,-0.1626824102454586
2023-05-18,-0.1614981114523667
2023-05-19,-0.16225456484308987
2023-05-22,-0.16191198283589014
2023-05-23,-0.1652582270967532
2023-05-24,-0.1697447480154386
2023-05-25,-0.16741996700172934
2023-05-26,-0.16001186660392674
2023-05-30,-0.15615707179475435
2023-05-31,-0.15660290647272324
2023-06-01,-0.15057460184762894
2023-06-02,-0.14867041085192645
2023-06-05,-0.1491242888701816
2023-06-06,-0.14731262623026498
2023-06-07,-0.1552235219681669
2023-06-08,-0.14785902735861955
2023-06-09,-0.14768094723109926
2023-06-12,-0.14306161024687525
2023-06-13,-0.1429322666385634
2023-06-14,-0.1401997973663729
2023-06-15,-0.13220513262062017
2023-06-16,-0.13507063985064072
2023-06-20,-0.1363675569589471
2023-06-21,-0.13963357788832986
2023-06-22,-0.14092268169760014
2023-06-23,-0.14224293157195556
2023-06-26,-0.14432179305258008
2023-06-27,-0.14006420731563396
2023-06-28,-0.13779646909616783
2023-06-29,-0.14107330168237353
2023-06-30,-0.13268474623083937
2023-07-03,-0.13340537299973765
2023-07-05,-0.13673806387391674
2023-07-06,-0.1440678406307807
2023-07-07,-0.14512424934377977
2023-07-10,-0.14278117929813083
2023-07-11,-0.13826888486245703
2023-07-12,-0.1298177215956684
2023-07-13,-0.12247652083602523
2023-07-14,-0.12599270150295172
2023-07-17,-0.1233369355108268
2023-07-18,-0.11821203400610913
2023-07-19,-0.11535616491351453
2023-07-20,-0.12360743067260271
2023-07-21,-0.12355683263295181
2023-07-24,-0.12368194944054556
2023-07-25,-0.12227511323980789
2023-07-26,-0.12080916796719054
2023-07-27,-0.12953459234089948
2023-07-28,-0.12180530668236278
2023-07-31,-0.12033008559427061
2023-08-01,-0.12403407732094884
2023-08-02,-0.13604289496437227
2023-08-03,-0.13703728201969145
2023-08-04,-0.13850533237613627
2023-08-07,-0.1343273824881196
2023-08-08,-0.13840225397766637
2023-08-09,-0.14312248106895276
2023-08-10,-0.14383562660230131
2023-08-11,-0.1451859162884377
2023-08-14,-0.1425286376806636
2023-08-15,-0.15107000701941986
2023-08-16,-0.1577104992360232
2023-08-17,-0.16355520486170416
2023-08-18,-0.16227728410260245
2023-08-21,-0.15785537149585405
2023-08-22,-0.159051904724817
2023-08-23,-0.15006658694384767
2023-08-24,-0.16000158432021627
2023-08-25,-0.15501437201052193
2023-08-28,-0.1503158763568515
2023-08-29,-0.1388505626624893
2023-08-30,-0.13587465990768766
2023-08-31,-0.135873745028682
2023-09-01,-0.1327281774251825
2023-09-05,-0.13741542908014115
2023-09-06,-0.14184150329890732
2023-09-07,-0.14502709686528903
2023-09-08,-0.1444573877158788
2023-09-11,-0.13934518696417642
2023-09-12,-0.1433070148174318
2023-09-13,-0.14284643809461628
2023-09-14,-0.13618901726485066
2023-09-15,-0.14409948573901943
2023-09-18,-0.14407068097852793
2023-09-19,-0.14583418273802762
2023-09-20,-0.15303708661300697
2023-09-21,-0.16449625065388862
2023-09-22,-0.16493288781019955
2023-09-25,-0.16328991312172936
2023-09-26,-0.17284947099613968
2023-09-27,-0.17186068124886944
2023-09-28,-0.1677902487999522
2023-09-29,-0.171251091628828
2023-10-02,-0.17297361310391213
2023-10-03,-0.17843680529432238
2023-10-04,-0.17626924833361302
2023-10-05,-0.17638791038600488
2023-10-06,-0.17263398598100133
2023-10-09,-0.16776496500611215
2023-10-10,-0.1662796036725357
2023-10-11,-0.16523745578088134
2023-10-12,-0.16871514915126706
2023-10-13,-0.1683463884309757
2023-10-16,-0.16547176104837624
2023-10-17,-0.1659820916380389
2023-10-18,-0.16953700005915162
2023-10-19,-0.17122685830574536
2023-10-20,-0.17449343191408317
2023-10-23,-0.17500003340769799
2023-10-24,-0.17291024969598978
2023-10-25,-0.17824295704472093
2023-10-26,-0.18070073906809103
2023-10-27,-0.18045352156242944
2023-10-30,-0.1785016183964614
2023-10-31,-0.17709169268051295
2023-11-01,-0.1725287974482429
2023-11-02,-0.16550494704416696
2023-11-03,-0.16001569762876455
2023-11-06,-0.16122431707290175
2023-11-07,-0.1609909789008228
2023-11-08,-0.16246617710214684
2023-11-09,-0.16604368705147055
2023-11-10,-0.16113108988892666
2023-11-13,-0.16054999937987569
2023-11-14,-0.15004718355279345
2023-11-15,-0.1508689179631617
2023-11-16,-0.15139393665544298
2023-11-17,-0.14992709238026947
2023-11-20,-0.1468144533498157
2023-11-21,-0.14743351029859952
2023-11-22,-0.14652986525900757
2023-11-24,-0.14654774294286566
2023-11-27,-0.14651458164788966
2023-11-28,-0.14432852456606038
2023-11-29,-0.1427419335398421
2023-11-30,-0.14379331157667896
2023-12-01,-0.1359848620337517
2023-12-04,-0.14045308598314687
2023-12-05,-0.14281449743046137
2023-12-06,-0.1470031835561264
2023-12-07,-0.14098069437538951
2023-12-08,-0.13888287854116632
2023-12-11,-0.13727690328905973
2023-12-12,-0.13582596339547537
2023-12-13,-0.12080448429738899
2023-12-14,-0.11393231642558976
2023-12-15,-0.11555815960408766
2023-12-18,-0.11156151586134921
2023-12-19,-0.10464410375107747
2023-12-20,-0.11578574555941756
2023-12-21,-0.10735160838865576
2023-12-22,-0.10507714121575362
2023-12-26,-0.09917229159571561
2023-12-27,-0.09737984564648572
2023-12-28,-0.09944566220626228
2023-12-29,-0.10431870811444555
2024-01-02,-0.11114432863730528
2024-01-03,-0.11896570079193824
2024-01-04,-0.12185697775703053
2024-01-05,-0.12109377422642742
2024-01-08,-0.11216004157832682
2024-01-09,-0.11265432499446204
2024-01-10,-0.11026803350602876
2024-01-11,-0.10996619251154482
2024-01-12,-0.10859242267890978
2024-01-16,-0.11358479865429982
2024-01-17,-0.11873381182700715
2024-01-18,-0.11123379978098136
2024-01-19,-0.10229713306892974
2024-01-22,-0.09842346041362704
2024-01-23,-0.096409520010458
2024-01-24,-0.09619148753292217
2024-01-25,-0.09138899692127711
2024-01-26,-0.09259835016664231
2024-01-29,-0.08576592521044457
2024-01-30,-0.08777933078426492
2024-01-31,-0.10120121662417847
2024-02-01,-0.0928121111877358
2024-02-02,-0.0894154521901801
2024-02-05,-0.0931000662588295
2024-02-06,-0.09018078421814701
2024-02-07,-0.08542639147808107
2024-02-08,-0.08249873579205591
2024-02-09,-0.07651595479567763
2024-02-12,-0.07526749228449159
2024-02-13,-0.09087423444419929
2024-02-14,-0.0833942307998855
2024-02-15,-0.07582123981350253
2024-02-16,-0.08072005266379034
2024-02-20,-0.08553206474632347
2024-02-21,-0.08640796210569124
2024-02-22,-0.07267522021027661
2024-02-23,-0.07344479994909647
2024-02-26,-0.0735074112162889
2024-02-27,-0.06975066803691232
2024-02-28,-0.07254317607219374
2024-02-29,-0.06829758879582626
2024-03-01,-0.05837176937035249
2024-03-04,-0.05773060713085798
2024-03-05,-0.06599143771084293
2024-03-06,-0.06035416957153672
2024-03-07,-0.05216526503522534
2024-03-08,-0.05645479314894175
2024-03-11,-0.05759203073070651
2024-03-12,-0.05273344707553462
2024-03-13,-0.05213730633994473
2024-03-14,-0.0563694574279322
2024-03-15,-0.06064412853271339
2024-03-18,-0.05646930309330833
2024-03-19,-0.05333710635103994
2024-03-20,-0.044019541645815674
2024-03-21,-0.04063515083043279
2024-03-22,-0.04457786822206189
2024-03-25,-0.044909756546982704
2024-03-26,-0.04695613829152323
2024-03-27,-0.0392786594296477
2024-03-28,-0.03707110160455529
2024-04-01,-0.037557762518053206
2024-04-02,-0.0418799012227441
2024-04-03,-0.038072579159483144
2024-04-04,-0.046949576484807354
2024-04-05,-0.038713374594287475
2024-04-08,-0.036894992752697364
2024-04-09,-0.03502103145519386
2024-04-10,-0.0451830711003709
2024-04-11,-0.03703511951733485
2024-04-12,-0.04853151127633093
2024-04-15,-0.05657113097461797
2024-04-16,-0.05803050344996863
2024-04-17,-0.06581211291694533
2024-04-18,-0.06731426146479946
2024-04-19,-0.0729011706022149
2024-04-22,-0.06827065951755096
2024-04-23,-0.0587335185310186
2024-04-24,-0.05938866797133524
2024-04-25,-0.06151999387356344
2024-04-26,-0.053486068783510476
2024-04-29,-0.05038719771400879
2024-04-30,-0.06591596578576042
2024-05-01,-0.0680569501350422
2024-05-02,-0.05944589910684783
2024-05-03,-0.049748070180122284
2024-05-06,-0.04020958756586834
2024-05-07,-0.039995820234894786
2024-05-08,-0.04191238574590883
2024-05-09,-0.03618745596750095
2024-05-10,-0.03592049952183651
2024-05-13,-0.0356097976258013
2024-05-14,-0.03076771175335946
2024-05-15,-0.01958055303054551
2024-05-16,-0.022103526458096212
2024-05-17,-0.018974935742936627
2024-05-20,-0.01557151108262711
2024-05-21,-0.015115506235895193
2024-05-22,-0.020827111566444012
2024-05-23,-0.02941786075657682
2024-05-24,-0.022626475476986485
2024-05-28,-0.01946905062676374
2024-05-29,-0.02765661968836508
2024-05-30,-0.031306304344607905
2024-05-31,-0.02862051661461651
2024-06-03,-0.02133082940810871
2024-06-04,-0.01813589324020759
2024-06-05,-0.009467123605671923
2024-06-06,-0.008850358227138533
2024-06-07,-0.021374545825621927
2024-06-10,-0.021068783116091283
2024-06-11,-0.015832233238071258
2024-06-12,-0.009454063932655465
2024-06-13,-0.004621155595485926
2024-06-14,0.0
2024-06-17,-0.0014724323502824932
2024-06-18,0.0
2024-06-20,-0.001650872333799791
2024-06-21,-0.004427112448723292
2024-06-24,-0.004429222459920168
2024-06-25,-0.002661969497610328
2024-06-26,-0.008450300815628253
2024-06-27,-0.004694581339735215
2024-06-28,-0.011655270723102351
2024-07-01,-0.016103565820562937
2024-07-02,-0.011010211272213799
2024-07-03,-0.00291918837847005
2024-07-05,0.0
2024-07-08,-0.0008001299744887502
2024-07-09,-0.0016696484415898993
2024-07-10,0.0
2024-07-11,0.0
2024-07-12,0.0
2024-07-15,-0.002203279020878468
2024-07-16,0.0
2024-07-17,-0.006202624120460909
2024-07-18,-0.011663347482960162
2024-07-19,-0.018638416800758728
2024-07-22,-0.015994084043228662
2024-07-23,-0.016281817508815077
2024-07-24,-0.027833281608202642
2024-07-25,-0.029763509322466297
2024-07-26,-0.022115700850816045
2024-07-29,-0.02035466337193581
2024-07-30,-0.019834543553529094
2024-07-31,-0.006936585556525543
2024-08-01,-0.009506056205961677
2024-08-02,-0.00448918190455605
2024-08-05,-0.013654640916805794
2024-08-06,-0.01946756668871885
2024-08-07,-0.02443347648089189
2024-08-08,-0.016776675949949915
2024-08-09,-0.011789362919004565
2024-08-12,-0.007421072334836132
2024-08-13,0.0
2024-08-14,0.0
2024-08-15,0.0
2024-08-16,0.0
2024-08-19,0.0
2024-08-20,0.0
2024-08-21,0.0
2024-08-22,-0.008486310021302845
2024-08-23,-0.0008179567073521854
2024-08-26,-0.0027145191529619472
2024-08-27,-0.002191153565127224
2024-08-28,-0.00595346145513076
2024-08-29,-0.006480114953064553
2024-08-30,-0.007803178543056566
2024-09-03,-0.010071812145028503
2024-09-04,-0.006079945221836192
2024-09-05,-0.003320348749041302
2024-09-06,-0.010012070698200204
2024-09-09,-0.004534871771453286
2024-09-10,0.0
2024-09-11,0.0
2024-09-12,0.0
2024-09-13,0.0
2024-09-16,0.0
2024-09-17,-0.0023393052092740563
2024-09-18,-0.008511512270229504
2024-09-19,-0.0012083872217375502
2024-09-20,-0.0008202854248327007
2024-09-23,-0.00041755043667357494
2024-09-24,0.0
2024-09-25,-0.0035302049074773523
2024-09-26,-0.0008834688107701716
2024-09-27,-0.0006672270854046758
2024-09-30,-0.002678292636498325
2024-10-01,-0.0016953682346406707
2024-10-02,-0.004136324768972743
2024-10-03,-0.008172762663302247
2024-10-04,-0.01078674516324174
2024-10-07,-0.016850760000227227
2024-10-08,-0.013948103893917652
2024-10-09,-0.01484691227070667
2024-10-10,-0.01512011478455011
2024-10-11,-0.013023589014063974
2024-10-14,-0.011035875453794253
2024-10-15,-0.009313463247856313
2024-10-16,-0.006284112071640147
2024-10-17,-0.01035727627772498
2024-10-18,-0.006875251088683365
2024-10-21,-0.013054278020906862
2024-10-22,-0.01141236257371847
2024-10-23,-0.017707395690493843
2024-10-24,-0.013296385268463329
2024-10-25,-0.014314700650969625
2024-10-28,-0.014857133515964849
2024-10-29,-0.01148743784894024
2024-10-30,-0.011667280043736072
2024-10-31,-0.02001313573767083
2024-11-01,-0.023710666963203342
2024-11-04,-0.019304823907881796
2024-11-05,-0.013967899987641363
2024-11-06,-0.019782029258480494
2024-11-07,-0.00954514492275782
2024-11-08,-0.006082889478277842
2024-11-11,-0.011281031130865649
2024-11-12,-0.018398875277828908
2024-11-13,-0.022224410717684218
2024-11-14,-0.023292530356925467
2024-11-15,-0.028839167569426727
2024-11-18,-0.02365843443783211
2024-11-19,-0.019299093800576816
2024-11-20,-0.019585232288772847
2024-11-21,-0.017272023757074373
2024-11-22,-0.014354670289055238
2024-11-25,-0.009186968979623233
2024-11-26,-0.008712811222195027
2024-11-27,-0.007188063519307564
2024-11-29,-0.0002773708178861467
2024-12-02,0.0
2024-12-03,-0.0020128137969344095
2024-12-04,0.0
2024-12-05,-0.0012319354333457655
2024-12-06,0.0
2024-12-09,-0.003354195101445412
2024-12-10,-0.003886864948919988
2024-12-11,-0.002106199779165596
2024-12-12,-0.009812962271747439
2024-12-13,-0.014391900495307919
2024-12-16,-0.010960671094584318
2024-12-17,-0.012167027730354496
2024-12-18,-0.029257801077234302
2024-12-19,-0.03399013002936335
2024-12-20,-0.027215347243663035
2024-12-23,-0.028941000196338273
2024-12-24,-0.02399613788062671
2024-12-26,-0.023027916395415793
2024-12-27,-0.029876758216786148
2024-12-30,-0.030616002447947266
2024-12-31,-0.03283237561461827
2025-01-02,-0.03078006054036586
2025-01-03,-0.029002566597116308
2025-01-06,-0.028197477565781393
2025-01-07,-0.034991405854085555
2025-01-08,-0.03321917119311968
2025-01-10,-0.03948751627054026
2025-01-13,-0.04132942861188982
2025-01-14,-0.04070797437939966
2025-01-15,-0.02756963495023068
2025-01-16,-0.026308759000822857
2025-01-17,-0.022941937246074517
2025-01-21,-0.015434623592208596
2025-01-22,-0.014130854553624395
2025-01-23,-0.015480984745729232
2025-01-24,-0.014122970501428744
2025-01-27,-0.016987026107195602
2025-01-28,-0.012690456386902693
2025-01-29,-0.015127064862319739
2025-01-30,-0.010005848926084249
2025-01-31,-0.012841652206638576
2025-02-03,-0.012088625028981226
2025-02-04,-0.006748573391329504
2025-02-05,0.0
2025-02-06,0.0
2025-02-07,-0.005211402350270067
2025-02-10,-0.000874901537156525
2025-02-11,-0.0036471339633089572
2025-02-12,-0.008960952369586384
2025-02-13,0.0
2025-02-14,0.0
2025-02-18,-0.0008033166539141989
2025-02-19,0.0
2025-02-20,0.0
2025-02-21,-0.0012622651431665188
2025-02-24,-0.0013129908543983992
2025-02-25,0.0
2025-02-26,0.0
2025-02-27,-0.010217898257601443
2025-02-28,-0.0021949370722816886
2025-03-03,-0.003949231987147361
2025-03-04,-0.008989435756986519
2025-03-05,-0.008448918436844921
2025-03-06,-0.016317078312142685
2025-03-07,-0.015464738579335724
2025-03-10,-0.021694554353961615
2025-03-11,-0.024339129192419318
2025-03-12,-0.02367177380526897
2025-03-13,-0.022428176520613796
2025-03-14,-0.01801395885467827
2025-03-17,-0.013709623163852158
2025-03-18,-0.015321849053816283
2025-03-19,-0.009230563976707629
2025-03-20,-0.009850608624699997
2025-03-21,-0.012226060596370103
2025-03-24,-0.010987385599605659
2025-03-25,-0.008951261159814372
2025-03-26,-0.01537730470179044
2025-03-27,-0.01531822934412097
2025-03-28,-0.015610640374913998
2025-03-31,-0.009091324548683222
2025-04-01,-0.005147843254408535
2025-04-02,-0.0032795995900463115
2025-04-03,-0.015772768627903555
2025-04-04,-0.03369171390269032
2025-04-07,-0.04649209458609227
2025-04-08,-0.05593474847348512
2025-04-09,-0.018800442364705683
2025-04-10,-0.03597595821076105
2025-04-11,-0.027950768887782695
2025-04-14,-0.022732352401984013
2025-04-15,-0.020957677395899266
2025-04-16,-0.021138243552989322
2025-04-17,-0.02420388869286616
2025-04-21,-0.03211036880712781
2025-04-22,-0.025064288031563353
2025-04-23,-0.020835003785461548
2025-04-24,-0.008063705862181969
2025-04-25,-0.004474000755180452
2025-04-28,0.0
2025-04-29,0.0
2025-04-30,-0.002734142579243648
2025-05-01,-0.005583870290373882
2025-05-02,-0.00635835989079403
2025-05-05,-0.00601435733383715
2025-05-06,-0.0032789829305758245
2025-05-07,-0.00241216657344967
2025-05-08,-0.007567546576213724
2025-05-09,-0.006361205190633434
2025-05-12,-0.005323209064432954
2025-05-13,-0.0038409773509821
2025-05-14,-0.008162099743070472
2025-05-15,-0.0016194341185749028
2025-05-16,-0.001023277113416543
2025-05-19,-3.867244145372428e-05
2025-05-20,-0.0006842145180476766
2025-05-21,-0.00929274533923552
2025-05-22,-0.00794692946966824
2025-05-23,-0.006076104536598681
2025-05-27,0.0
2025-05-28,-0.0032825906795481696
2025-05-29,0.0
2025-05-30,-0.00010024765591554186
2025-06-02,-0.0021034978463644327
2025-06-03,-0.004235244659578918
2025-06-04,0.0
2025-06-05,-0.0012292700423192082
2025-06-06,-0.010844941023660182
2025-06-09,-0.00923710712572956
2025-06-10,-0.006483250597698831
2025-06-11,-0.00317071086450349
2025-06-12,0.0
2025-06-13,-0.0038237799232189174
2025-06-16,-0.010776692667492038
2025-06-17,-0.004002165997834539
2025-06-18,-0.0036218595623990213
2025-06-20,-0.004211059076424162
2025-06-23,-0.0012874530687995156
2025-06-24,0.0
2025-06-25,0.0
2025-06-26,0.0
2025-06-27,-0.0057535353874808015
2025-06-30,0.0
2025-07-01,0.0
2025-07-02,-0.00014027322744214477
2025-07-03,-0.001597995958710574
2025-07-07,-0.006316028658238215
2025-07-08,-0.008155796828076767
2025-07-09,-0.0023739293864022404
2025-07-10,-0.001721709825413753
2025-07-11,-0.0057422124360513305
2025-07-14,-0.006172387384144273
2025-07-15,-0.00995828257150011
2025-07-16,-0.007626285795475307
2025-07-17,-0.00650208694742016
2025-07-18,-0.0052912874067704285
2025-07-21,0.0
2025-07-22,0.0
2025-07-23,-0.0020407577549926836
2025-07-24,-0.0034359107823573876
2025-07-25,-0.0015188400416670245
2025-07-28,-0.0041536036176780256
2025-07-29,0.0
2025-07-30,-0.004307083649169208
2025-07-31,-0.0043148108051626055
2025-08-01,-0.00018052761058140465
2025-08-04,0.0
2025-08-05,-0.0009881809882997805
2025-08-06,-7.041480242064857e-05
2025-08-07,0.0
2025-08-08,0.0
2025-08-11,-0.0024983299655340074
2025-08-12,-0.0004814330483218221
2025-08-13,0.0
2025-08-14,-0.003619707378317516
2025-08-15,-0.00664448605557566
2025-08-18,-0.007866281562119104
2025-08-19,-0.009115326958172854
2025-08-20,-0.007855727134076451
2025-08-21,-0.011521258926444622
2025-08-22,-0.0022272370922125084
2025-08-25,-0.004915191336626212
2025-08-26,-0.002137008655764161
2025-08-27,-0.0010672329847558615
2025-08-28,0.0
2025-08-29,-0.002761729474987873
2025-09-02,-0.00403998168749109
2025-09-03,0.0
2025-09-04,0.0
2025-09-05,0.0
2025-09-08,0.0
2025-09-09,-0.0015737576426735345
2025-09-10,0.0
2025-09-11,0.0
2025-09-12,-0.000996630214304628
2025-09-15,0.0
2025-09-16,0.0
2025-09-17,-0.002722040511117796
2025-09-18,-0.004757149603813238
2025-09-19,-0.0020347354221644798
2025-09-22,0.0
2025-09-23,0.0
2025-09-24,-0.0038841435656562506
2025-09-25,-0.005128130593800906
2025-09-26,-0.0029847618484514227
2025-09-29,0.0
2025-09-30,0.0
2025-10-01,0.0
2025-10-02,0.0
2025-10-03,-0.0001231966396250117
2025-10-06,0.0
2025-10-07,0.0
2025-10-08,0.0
2025-10-09,-0.0038216971742557337
2025-10-10,-0.005724918194941697
2025-10-13,0.0
2025-10-14,0.0
2025-10-15,0.0
2025-10-16,0.0
2025-10-17,-0.0017539145884913898
2025-10-20,0.0
2025-10-21,-0.008047443035878232
2025-10-22,-0.009816382756955844
2025-10-23,-0.009629175284924352
2025-10-24,-0.007099989075275093
2025-10-27,-0.006317858618162031
2025-10-28,-0.005248968456192382
2025-10-29,-0.009259896337292628
2025-10-30,-0.011750248402440211
2025-10-31,-0.012049342111645989
2025-11-03,-0.011648383463823353
2025-11-04,-0.01776225608096138
2025-11-05,-0.018420591890521254
2025-11-06,-0.019206220016117048
2025-11-07,-0.01881281321953343
2025-11-10,-0.00989813137864115
2025-11-11,-0.007291531517318872
2025-11-12,-0.004413859773890971
2025-11-13,-0.013637069556709958
2025-11-14,-0.017963058914490126
2025-11-17,-0.02150037462245291
2025-11-18,-0.022967833790548675
2025-11-19,-0.022037774048315528
2025-11-20,-0.02586618200267432
2025-11-21,-0.02192174085656262
2025-11-24,-0.012509778262035254
2025-11-25,-0.00889270354001681
2025-11-26,-0.00421057256551205
2025-11-28,-0.001988080189440633
2025-12-01,-0.006776177513756032
2025-12-02,-0.006254172434175698
2025-12-03,-0.004291539561308011
2025-12-04,-0.006171862974774345
2025-12-05,-0.007252048814397116
2025-12-08,-0.009683961053298162
2025-12-09,-0.009052028813442137
2025-12-10,-0.004934280691308968
2025-12-11,-0.0034909357366814664
2025-12-12,-0.009629101030680598
2025-12-15,-0.009895653579452324
2025-12-16,-0.008244148150230335
2025-12-17,-0.011242382761320835
2025-12-18,-0.006817637571314705
2025-12-19,-0.004946059439852157
2025-12-22,-0.0005789385011510939
2025-12-23,0.0
2025-12-24,0.0
2025-12-26,0.0
2025-12-29,-0.006447027371373482
2025-12-30,-0.007585770096922628
2025-12-31,-0.013510381006253458
2026-01-02,-0.013088582450542674
2026-01-05,-0.005244258308665706
2026-01-06,-0.0022178625790140183
2026-01-07,-0.00237737744178812
2026-01-08,-0.0040246311228588905
2026-01-09,0.0
2026-01-12,0.0
2026-01-13,-5.9930425795329256e-05
2026-01-14,0.0
2026-01-15,-0.0005580856743656604
2026-01-16,-0.0037666689713025114
2026-01-20,-0.008324732037390037
2026-01-21,-7.282558940080452e-05
2026-01-22,0.0
2026-01-23,0.0
2026-01-26,0.0
2026-01-27,0.0
2026-01-28,0.0
2026-01-29,-0.0002871675647314609
2026-01-30,-0.018929466580751675
2026-02-02,-0.024307995522508064
2026-02-03,-0.017386738989165096
2026-02-04,-0.020775540457242503
2026-02-05,-0.024581632690450106
2026-02-06,-0.014113418819128531
2026-02-09,-0.008642240311325655
2026-02-10,-0.007312701141577116
2026-02-11,-0.007376898177192448
2026-02-12,-0.01302355797368182
2026-02-13,-0.006706588777687705
2026-02-17,-0.010773732011391757
2026-02-18,-0.007103452741080485
2026-02-19,-0.007157692259069703
2026-02-20,-0.0024767604812201416
2026-02-23,0.0
2026-02-24,0.0
2026-02-25,0.0
2026-02-26,0.0
2026-02-27,0.0
2026-03-02,-0.001705823735791312
2026-03-03,-0.01195432610052738
2026-03-04,-0.009135806538681512
2026-03-05,-0.014011729045629528
2026-03-06,-0.016729103064716422
2026-03-09,-0.01119951848221945
2026-03-10,-0.013167923915118562
2026-03-11,-0.018112266243473618
2026-03-12,-0.02695352734524903
2026-03-13,-0.03186712196263797
2026-03-16,-0.02607769794575643
2026-03-17,-0.02443136884372943
2026-03-18,-0.03557960548708006
2026-03-19,-0.04089609174209008
2026-03-20,-0.05629647493279555
2026-03-23,-0.05415608787943493
2026-03-24,-0.05721994304393785
2026-03-25,-0.04792267424134222
2026-03-26,-0.0627108963730112
2026-03-27,-0.06386993252738193
2026-03-30,-0.06068574965859197
2026-03-31,-0.046534504123574294
2026-04-01,-0.04182158631318189
2026-04-02,-0.04233800156836476
2026-04-06,-0.04242706874730329
2026-04-07,-0.040404935953791465
2026-04-08,-0.030465423466259467
2026-04-09,-0.028210554584264247
2026-04-10,-0.02940836825372284
2026-04-13,-0.025869037350693458
2026-04-14,-0.01646591641645978
2026-04-15,-0.016597940870940353
2026-04-16,-0.017711108667093467
2026-04-17,-0.008583144492989025
2026-04-20,-0.010865905372843598
2026-04-21,-0.01911331584828091
2026-04-22,-0.012802027874755817
2026-04-23,-0.016458427990038715
2026-04-24,-0.011342644113061406
2026-04-27,-0.01380484553481054
2026-04-28,-0.018491140623904223
2026-04-29,-0.022453468868305793
2026-04-30,-0.017151083498681774
2026-05-01,-0.014786718973719526
2026-05-04,-0.021369869566278177
2026-05-05,-0.015578484583574359
2026-05-06,-0.0033336824116000363
2026-05-07,-0.005751913245576334
2026-05-08,0.0
2026-05-11,-0.0012319361160475495
2026-05-12,-0.005386280593108084
2026-05-13,-0.004579736708670956
2026-05-14,-0.0032525455625644906
2026-05-15,-0.016030955546136427
2026-05-18,-0.016519789409610408
2026-05-19,-0.023297620388326168
2026-05-20,-0.013506892966780093
2026-05-21,-0.012047473921075302
2026-05-22,-0.010484769014990847
2026-05-26,-0.005170887434066795
2026-05-27,-0.0066234286248931795
2026-05-28,-0.0013359369642537144
2026-05-29,0.0
2026-06-01,-0.0012309035182340722
2026-06-02,0.0
2026-06-03,-0.004700916521013454
2026-06-04,-0.0023045212287445827
2026-06-05,-0.020263084589951186
2026-06-08,-0.019335896604807168
