time,date,equity,weights,cashAllocation
1167782400000,2007-01-03,100100.07007646633,{'SHY': 1.0},0.0
1167868800000,2007-01-04,100200.11340874172,{'SHY': 1.0},0.0
1167955200000,2007-01-05,100137.61892055233,{'SHY': 1.0},0.0
1168214400000,2007-01-08,100075.05088583783,{'SHY': 1.0},0.0
1168300800000,2007-01-09,100112.51281130323,{'SHY': 1.0},0.0
1168387200000,2007-01-10,100087.57385324754,{'SHY': 1.0},0.0
1168473600000,2007-01-11,100012.52296740972,{'SHY': 1.0},0.0
1168560000000,2007-01-12,99950.03516526805,{'SHY': 1.0},0.0
1168905600000,2007-01-16,100050.0918696389,{'SHY': 1.0},0.0
1168992000000,2007-01-17,100012.5229674097,{'SHY': 1.0},0.0
1169078400000,2007-01-18,100050.09186963888,{'SHY': 1.0},0.0
1169164800000,2007-01-19,100037.60901851558,{'SHY': 1.0},0.0
1169424000000,2007-01-22,100075.05088583779,{'SHY': 1.0},0.0
1169510400000,2007-01-23,100025.07267901038,{'SHY': 1.0},0.0
1169596800000,2007-01-24,100075.05088583779,{'SHY': 1.0},0.0
1169683200000,2007-01-25,99999.99999999997,{'SHY': 1.0},0.0
1169769600000,2007-01-26,100012.52296740969,{'SHY': 1.0},0.0
1170028800000,2007-01-29,100025.07267901038,{'SHY': 1.0},0.0
1170115200000,2007-01-30,100050.0918696389,{'SHY': 1.0},0.0
1170201600000,2007-01-31,100062.4353968995,"{'SPY': 0.35, 'QQQ': 0.2, 'IWM': 0.15, 'HYG': 0.1, 'DBC': 0.1, 'GLD': 0.1}",0.0
1170288000000,2007-02-01,100423.6202100253,"{'SPY': 0.35, 'QQQ': 0.2, 'IWM': 0.15, 'HYG': 0.1, 'DBC': 0.1, 'GLD': 0.1}",0.0
1170374400000,2007-02-02,100540.1896161203,"{'SPY': 0.35, 'QQQ': 0.2, 'IWM': 0.15, 'HYG': 0.1, 'DBC': 0.1, 'GLD': 0.1}",0.0
1170633600000,2007-02-05,100501.27728730116,"{'SPY': 0.35, 'QQQ': 0.2, 'IWM': 0.15, 'HYG': 0.1, 'DBC': 0.1, 'GLD': 0.1}",0.0
1170720000000,2007-02-06,100546.28073432947,"{'SPY': 0.35, 'QQQ': 0.2, 'IWM': 0.15, 'HYG': 0.1, 'DBC': 0.1, 'GLD': 0.1}",0.0
1170806400000,2007-02-07,100799.01658681585,"{'SPY': 0.35, 'QQQ': 0.2, 'IWM': 0.15, 'HYG': 0.1, 'DBC': 0.1, 'GLD': 0.1}",0.0
1170892800000,2007-02-08,101096.6408830951,"{'SPY': 0.35, 'QQQ': 0.2, 'IWM': 0.15, 'HYG': 0.1, 'DBC': 0.1, 'GLD': 0.1}",0.0
1170979200000,2007-02-09,100590.46766629619,"{'SPY': 0.35, 'QQQ': 0.2, 'IWM': 0.15, 'HYG': 0.1, 'DBC': 0.1, 'GLD': 0.1}",0.0
1171238400000,2007-02-12,100093.37988334085,"{'SPY': 0.35, 'QQQ': 0.2, 'IWM': 0.15, 'HYG': 0.1, 'DBC': 0.1, 'GLD': 0.1}",0.0
1171324800000,2007-02-13,100777.92308720054,"{'SPY': 0.35, 'QQQ': 0.2, 'IWM': 0.15, 'HYG': 0.1, 'DBC': 0.1, 'GLD': 0.1}",0.0
1171411200000,2007-02-14,101316.9192701797,"{'SPY': 0.35, 'QQQ': 0.2, 'IWM': 0.15, 'HYG': 0.1, 'DBC': 0.1, 'GLD': 0.1}",0.0
1171497600000,2007-02-15,101498.70882718354,"{'SPY': 0.35, 'QQQ': 0.2, 'IWM': 0.15, 'HYG': 0.1, 'DBC': 0.1, 'GLD': 0.1}",0.0
1171584000000,2007-02-16,101641.62301200458,"{'SPY': 0.35, 'QQQ': 0.2, 'IWM': 0.15, 'HYG': 0.1, 'DBC': 0.1, 'GLD': 0.1}",0.0
1171929600000,2007-02-20,101745.49403125199,"{'SPY': 0.35, 'QQQ': 0.2, 'IWM': 0.15, 'HYG': 0.1, 'DBC': 0.1, 'GLD': 0.1}",0.0
1172016000000,2007-02-21,102358.30266841155,"{'SPY': 0.35, 'QQQ': 0.2, 'IWM': 0.15, 'HYG': 0.1, 'DBC': 0.1, 'GLD': 0.1}",0.0
1172102400000,2007-02-22,102599.99996512552,"{'SPY': 0.35, 'QQQ': 0.2, 'IWM': 0.15, 'HYG': 0.1, 'DBC': 0.1, 'GLD': 0.1}",0.0
1172188800000,2007-02-23,102457.78152520007,"{'SPY': 0.35, 'QQQ': 0.2, 'IWM': 0.15, 'HYG': 0.1, 'DBC': 0.1, 'GLD': 0.1}",0.0
1172448000000,2007-02-26,102400.72184761349,"{'SPY': 0.35, 'QQQ': 0.2, 'IWM': 0.15, 'HYG': 0.1, 'DBC': 0.1, 'GLD': 0.1}",0.0
1172534400000,2007-02-27,98840.71140165224,"{'SPY': 0.35, 'QQQ': 0.2, 'IWM': 0.15, 'HYG': 0.1, 'DBC': 0.1, 'GLD': 0.1}",0.0
1172620800000,2007-02-28,99720.52675748558,"{'SPY': 0.35, 'QQQ': 0.2, 'IWM': 0.15, 'HYG': 0.1, 'DBC': 0.1, 'GLD': 0.1}",0.0
1172707200000,2007-03-01,99276.4497585562,"{'SPY': 0.35, 'QQQ': 0.2, 'IWM': 0.15, 'HYG': 0.1, 'DBC': 0.1, 'GLD': 0.1}",0.0
1172793600000,2007-03-02,97816.49678028187,"{'SPY': 0.35, 'QQQ': 0.2, 'IWM': 0.15, 'HYG': 0.1, 'DBC': 0.1, 'GLD': 0.1}",0.0
1173052800000,2007-03-05,96750.31869070121,"{'SPY': 0.35, 'QQQ': 0.2, 'IWM': 0.15, 'HYG': 0.1, 'DBC': 0.1, 'GLD': 0.1}",0.0
1173139200000,2007-03-06,98325.46835301278,"{'SPY': 0.35, 'QQQ': 0.2, 'IWM': 0.15, 'HYG': 0.1, 'DBC': 0.1, 'GLD': 0.1}",0.0
1173225600000,2007-03-07,98323.76964159693,"{'SPY': 0.35, 'QQQ': 0.2, 'IWM': 0.15, 'HYG': 0.1, 'DBC': 0.1, 'GLD': 0.1}",0.0
1173312000000,2007-03-08,98902.76464626554,"{'SPY': 0.35, 'QQQ': 0.2, 'IWM': 0.15, 'HYG': 0.1, 'DBC': 0.1, 'GLD': 0.1}",0.0
1173398400000,2007-03-09,98849.10000199877,"{'SPY': 0.35, 'QQQ': 0.2, 'IWM': 0.15, 'HYG': 0.1, 'DBC': 0.1, 'GLD': 0.1}",0.0
1173657600000,2007-03-12,98997.81548965907,"{'SPY': 0.35, 'QQQ': 0.2, 'IWM': 0.15, 'HYG': 0.1, 'DBC': 0.1, 'GLD': 0.1}",0.0
1173744000000,2007-03-13,97382.00354274783,"{'SPY': 0.35, 'QQQ': 0.2, 'IWM': 0.15, 'HYG': 0.1, 'DBC': 0.1, 'GLD': 0.1}",0.0
1173830400000,2007-03-14,98129.51757953144,"{'SPY': 0.35, 'QQQ': 0.2, 'IWM': 0.15, 'HYG': 0.1, 'DBC': 0.1, 'GLD': 0.1}",0.0
1173916800000,2007-03-15,98190.79219730201,"{'SPY': 0.35, 'QQQ': 0.2, 'IWM': 0.15, 'HYG': 0.1, 'DBC': 0.1, 'GLD': 0.1}",0.0
1174003200000,2007-03-16,98101.66371957654,"{'SPY': 0.35, 'QQQ': 0.2, 'IWM': 0.15, 'HYG': 0.1, 'DBC': 0.1, 'GLD': 0.1}",0.0
1174262400000,2007-03-19,98966.72696076315,"{'SPY': 0.35, 'QQQ': 0.2, 'IWM': 0.15, 'HYG': 0.1, 'DBC': 0.1, 'GLD': 0.1}",0.0
1174348800000,2007-03-20,99509.63132246949,"{'SPY': 0.35, 'QQQ': 0.2, 'IWM': 0.15, 'HYG': 0.1, 'DBC': 0.1, 'GLD': 0.1}",0.0
1174435200000,2007-03-21,100835.39648213124,"{'SPY': 0.35, 'QQQ': 0.2, 'IWM': 0.15, 'HYG': 0.1, 'DBC': 0.1, 'GLD': 0.1}",0.0
1174521600000,2007-03-22,100891.49418789415,"{'SPY': 0.35, 'QQQ': 0.2, 'IWM': 0.15, 'HYG': 0.1, 'DBC': 0.1, 'GLD': 0.1}",0.0
1174608000000,2007-03-23,100813.36997898498,"{'SPY': 0.35, 'QQQ': 0.2, 'IWM': 0.15, 'HYG': 0.1, 'DBC': 0.1, 'GLD': 0.1}",0.0
1174867200000,2007-03-26,100968.23420976473,"{'SPY': 0.35, 'QQQ': 0.2, 'IWM': 0.15, 'HYG': 0.1, 'DBC': 0.1, 'GLD': 0.1}",0.0
1174953600000,2007-03-27,100679.86997054638,"{'SPY': 0.35, 'QQQ': 0.2, 'IWM': 0.15, 'HYG': 0.1, 'DBC': 0.1, 'GLD': 0.1}",0.0
1175040000000,2007-03-28,100254.17948475912,"{'SPY': 0.35, 'QQQ': 0.2, 'IWM': 0.15, 'HYG': 0.1, 'DBC': 0.1, 'GLD': 0.1}",0.0
1175126400000,2007-03-29,100466.9978366202,"{'SPY': 0.35, 'QQQ': 0.2, 'IWM': 0.15, 'HYG': 0.1, 'DBC': 0.1, 'GLD': 0.1}",0.0
1175212800000,2007-03-30,100359.58649496126,"{'SPY': 0.35, 'QQQ': 0.2, 'IWM': 0.15, 'HYG': 0.1, 'DBC': 0.1, 'GLD': 0.1}",0.0
1175472000000,2007-04-02,100382.65274009462,"{'SPY': 0.35, 'QQQ': 0.2, 'IWM': 0.15, 'HYG': 0.1, 'DBC': 0.1, 'GLD': 0.1}",0.0
1175558400000,2007-04-03,101141.02535680062,"{'SPY': 0.35, 'QQQ': 0.2, 'IWM': 0.15, 'HYG': 0.1, 'DBC': 0.1, 'GLD': 0.1}",0.0
1175644800000,2007-04-04,101524.69971614047,"{'SPY': 0.35, 'QQQ': 0.2, 'IWM': 0.15, 'HYG': 0.1, 'DBC': 0.1, 'GLD': 0.1}",0.0
1175731200000,2007-04-05,101739.97618806078,"{'SPY': 0.35, 'QQQ': 0.2, 'IWM': 0.15, 'HYG': 0.1, 'DBC': 0.1, 'GLD': 0.1}",0.0
1176076800000,2007-04-09,101605.48941001526,"{'SPY': 0.35, 'QQQ': 0.2, 'IWM': 0.15, 'HYG': 0.1, 'DBC': 0.1, 'GLD': 0.1}",0.0
1176163200000,2007-04-10,102037.69009433594,"{'SPY': 0.35, 'QQQ': 0.2, 'IWM': 0.15, 'HYG': 0.1, 'DBC': 0.1, 'GLD': 0.1}",0.0
1176249600000,2007-04-11,101554.38726446625,"{'SPY': 0.35, 'QQQ': 0.2, 'IWM': 0.15, 'HYG': 0.1, 'DBC': 0.1, 'GLD': 0.1}",0.0
1176336000000,2007-04-12,102028.72700798987,"{'SPY': 0.35, 'QQQ': 0.2, 'IWM': 0.15, 'HYG': 0.1, 'DBC': 0.1, 'GLD': 0.1}",0.0
1176422400000,2007-04-13,102498.08204645387,"{'SPY': 0.35, 'QQQ': 0.2, 'IWM': 0.15, 'HYG': 0.1, 'DBC': 0.1, 'GLD': 0.1}",0.0
1176681600000,2007-04-16,103239.55723528803,"{'SPY': 0.35, 'QQQ': 0.2, 'IWM': 0.15, 'HYG': 0.1, 'DBC': 0.1, 'GLD': 0.1}",0.0
1176768000000,2007-04-17,103163.89759491077,"{'SPY': 0.35, 'QQQ': 0.2, 'IWM': 0.15, 'HYG': 0.1, 'DBC': 0.1, 'GLD': 0.1}",0.0
1176854400000,2007-04-18,103113.93411726822,"{'SPY': 0.35, 'QQQ': 0.2, 'IWM': 0.15, 'HYG': 0.1, 'DBC': 0.1, 'GLD': 0.1}",0.0
1176940800000,2007-04-19,102973.36220971652,"{'SPY': 0.35, 'QQQ': 0.2, 'IWM': 0.15, 'HYG': 0.1, 'DBC': 0.1, 'GLD': 0.1}",0.0
1177027200000,2007-04-20,103923.63689035611,"{'SPY': 0.35, 'QQQ': 0.2, 'IWM': 0.15, 'HYG': 0.1, 'DBC': 0.1, 'GLD': 0.1}",0.0
1177286400000,2007-04-23,103810.20726274927,"{'SPY': 0.35, 'QQQ': 0.2, 'IWM': 0.15, 'HYG': 0.1, 'DBC': 0.1, 'GLD': 0.1}",0.0
1177372800000,2007-04-24,103771.90492290044,"{'SPY': 0.35, 'QQQ': 0.2, 'IWM': 0.15, 'HYG': 0.1, 'DBC': 0.1, 'GLD': 0.1}",0.0
1177459200000,2007-04-25,104670.94865543663,"{'SPY': 0.35, 'QQQ': 0.2, 'IWM': 0.15, 'HYG': 0.1, 'DBC': 0.1, 'GLD': 0.1}",0.0
1177545600000,2007-04-26,104697.4540949099,"{'SPY': 0.35, 'QQQ': 0.2, 'IWM': 0.15, 'HYG': 0.1, 'DBC': 0.1, 'GLD': 0.1}",0.0
1177632000000,2007-04-27,104771.79398636769,"{'SPY': 0.35, 'QQQ': 0.2, 'IWM': 0.15, 'HYG': 0.1, 'DBC': 0.1, 'GLD': 0.1}",0.0
1177891200000,2007-04-30,103688.9260498987,"{'SPY': 0.35, 'QQQ': 0.2, 'IWM': 0.15, 'HYG': 0.1, 'DBC': 0.1, 'GLD': 0.1}",0.0
1177977600000,2007-05-01,103787.15653764285,"{'SPY': 0.35, 'QQQ': 0.2, 'IWM': 0.15, 'HYG': 0.1, 'DBC': 0.1, 'GLD': 0.1}",0.0
1178064000000,2007-05-02,104343.54016887068,"{'SPY': 0.35, 'QQQ': 0.2, 'IWM': 0.15, 'HYG': 0.1, 'DBC': 0.1, 'GLD': 0.1}",0.0
1178150400000,2007-05-03,104826.53900215164,"{'SPY': 0.35, 'QQQ': 0.2, 'IWM': 0.15, 'HYG': 0.1, 'DBC': 0.1, 'GLD': 0.1}",0.0
1178236800000,2007-05-04,105184.11107578552,"{'SPY': 0.35, 'QQQ': 0.2, 'IWM': 0.15, 'HYG': 0.1, 'DBC': 0.1, 'GLD': 0.1}",0.0
1178496000000,2007-05-07,105104.46053772327,"{'SPY': 0.35, 'QQQ': 0.2, 'IWM': 0.15, 'HYG': 0.1, 'DBC': 0.1, 'GLD': 0.1}",0.0
1178582400000,2007-05-08,104930.14188464239,"{'SPY': 0.35, 'QQQ': 0.2, 'IWM': 0.15, 'HYG': 0.1, 'DBC': 0.1, 'GLD': 0.1}",0.0
1178668800000,2007-05-09,104989.63631686887,"{'SPY': 0.35, 'QQQ': 0.2, 'IWM': 0.15, 'HYG': 0.1, 'DBC': 0.1, 'GLD': 0.1}",0.0
1178755200000,2007-05-10,103894.49430664355,"{'SPY': 0.35, 'QQQ': 0.2, 'IWM': 0.15, 'HYG': 0.1, 'DBC': 0.1, 'GLD': 0.1}",0.0
1178841600000,2007-05-11,104843.03969450216,"{'SPY': 0.35, 'QQQ': 0.2, 'IWM': 0.15, 'HYG': 0.1, 'DBC': 0.1, 'GLD': 0.1}",0.0
1179100800000,2007-05-14,104416.77342788636,"{'SPY': 0.35, 'QQQ': 0.2, 'IWM': 0.15, 'HYG': 0.1, 'DBC': 0.1, 'GLD': 0.1}",0.0
1179187200000,2007-05-15,104276.33882506791,"{'SPY': 0.35, 'QQQ': 0.2, 'IWM': 0.15, 'HYG': 0.1, 'DBC': 0.1, 'GLD': 0.1}",0.0
1179273600000,2007-05-16,104592.72756579274,"{'SPY': 0.35, 'QQQ': 0.2, 'IWM': 0.15, 'HYG': 0.1, 'DBC': 0.1, 'GLD': 0.1}",0.0
1179360000000,2007-05-17,104297.90633476657,"{'SPY': 0.35, 'QQQ': 0.2, 'IWM': 0.15, 'HYG': 0.1, 'DBC': 0.1, 'GLD': 0.1}",0.0
1179446400000,2007-05-18,105031.780233634,"{'SPY': 0.35, 'QQQ': 0.2, 'IWM': 0.15, 'HYG': 0.1, 'DBC': 0.1, 'GLD': 0.1}",0.0
1179705600000,2007-05-21,105483.21355312223,"{'SPY': 0.35, 'QQQ': 0.2, 'IWM': 0.15, 'HYG': 0.1, 'DBC': 0.1, 'GLD': 0.1}",0.0
1179792000000,2007-05-22,105343.11216125963,"{'SPY': 0.35, 'QQQ': 0.2, 'IWM': 0.15, 'HYG': 0.1, 'DBC': 0.1, 'GLD': 0.1}",0.0
1179878400000,2007-05-23,105304.62561045353,"{'SPY': 0.35, 'QQQ': 0.2, 'IWM': 0.15, 'HYG': 0.1, 'DBC': 0.1, 'GLD': 0.1}",0.0
1179964800000,2007-05-24,104280.43608156264,"{'SPY': 0.35, 'QQQ': 0.2, 'IWM': 0.15, 'HYG': 0.1, 'DBC': 0.1, 'GLD': 0.1}",0.0
1180051200000,2007-05-25,104838.03133607729,"{'SPY': 0.35, 'QQQ': 0.2, 'IWM': 0.15, 'HYG': 0.1, 'DBC': 0.1, 'GLD': 0.1}",0.0
1180396800000,2007-05-29,105028.58982912176,"{'SPY': 0.35, 'QQQ': 0.2, 'IWM': 0.15, 'HYG': 0.1, 'DBC': 0.1, 'GLD': 0.1}",0.0
1180483200000,2007-05-30,105672.51258931434,"{'SPY': 0.35, 'QQQ': 0.2, 'IWM': 0.15, 'HYG': 0.1, 'DBC': 0.1, 'GLD': 0.1}",0.0
1180569600000,2007-05-31,106032.56078100203,"{'SPY': 0.35, 'QQQ': 0.2, 'IWM': 0.15, 'HYG': 0.1, 'DBC': 0.1, 'GLD': 0.1}",0.0
1180656000000,2007-06-01,106534.24629977396,"{'SPY': 0.35, 'QQQ': 0.2, 'IWM': 0.15, 'HYG': 0.1, 'DBC': 0.1, 'GLD': 0.1}",0.0
1180915200000,2007-06-04,106739.43437947838,"{'SPY': 0.35, 'QQQ': 0.2, 'IWM': 0.15, 'HYG': 0.1, 'DBC': 0.1, 'GLD': 0.1}",0.0
1181001600000,2007-06-05,106443.72254172145,"{'SPY': 0.35, 'QQQ': 0.2, 'IWM': 0.15, 'HYG': 0.1, 'DBC': 0.1, 'GLD': 0.1}",0.0
1181088000000,2007-06-06,105626.43771764789,"{'SPY': 0.35, 'QQQ': 0.2, 'IWM': 0.15, 'HYG': 0.1, 'DBC': 0.1, 'GLD': 0.1}",0.0
1181174400000,2007-06-07,104124.41104558247,"{'SPY': 0.35, 'QQQ': 0.2, 'IWM': 0.15, 'HYG': 0.1, 'DBC': 0.1, 'GLD': 0.1}",0.0
1181260800000,2007-06-08,104680.68378462744,"{'SPY': 0.35, 'QQQ': 0.2, 'IWM': 0.15, 'HYG': 0.1, 'DBC': 0.1, 'GLD': 0.1}",0.0
1181520000000,2007-06-11,104964.71567019349,"{'SPY': 0.35, 'QQQ': 0.2, 'IWM': 0.15, 'HYG': 0.1, 'DBC': 0.1, 'GLD': 0.1}",0.0
1181606400000,2007-06-12,103999.11316891511,"{'SPY': 0.35, 'QQQ': 0.2, 'IWM': 0.15, 'HYG': 0.1, 'DBC': 0.1, 'GLD': 0.1}",0.0
1181692800000,2007-06-13,105200.80163107213,"{'SPY': 0.35, 'QQQ': 0.2, 'IWM': 0.15, 'HYG': 0.1, 'DBC': 0.1, 'GLD': 0.1}",0.0
1181779200000,2007-06-14,105837.6592352522,"{'SPY': 0.35, 'QQQ': 0.2, 'IWM': 0.15, 'HYG': 0.1, 'DBC': 0.1, 'GLD': 0.1}",0.0
1181865600000,2007-06-15,106535.32193988234,"{'SPY': 0.35, 'QQQ': 0.2, 'IWM': 0.15, 'HYG': 0.1, 'DBC': 0.1, 'GLD': 0.1}",0.0
1182124800000,2007-06-18,106488.22812755963,"{'SPY': 0.35, 'QQQ': 0.2, 'IWM': 0.15, 'HYG': 0.1, 'DBC': 0.1, 'GLD': 0.1}",0.0
1182211200000,2007-06-19,106614.50682539745,"{'SPY': 0.35, 'QQQ': 0.2, 'IWM': 0.15, 'HYG': 0.1, 'DBC': 0.1, 'GLD': 0.1}",0.0
1182297600000,2007-06-20,105410.6340838471,"{'SPY': 0.35, 'QQQ': 0.2, 'IWM': 0.15, 'HYG': 0.1, 'DBC': 0.1, 'GLD': 0.1}",0.0
1182384000000,2007-06-21,105878.36815433062,"{'SPY': 0.35, 'QQQ': 0.2, 'IWM': 0.15, 'HYG': 0.1, 'DBC': 0.1, 'GLD': 0.1}",0.0
1182470400000,2007-06-22,105237.12699135992,"{'SPY': 0.35, 'QQQ': 0.2, 'IWM': 0.15, 'HYG': 0.1, 'DBC': 0.1, 'GLD': 0.1}",0.0
1182729600000,2007-06-25,104732.0527322443,"{'SPY': 0.35, 'QQQ': 0.2, 'IWM': 0.15, 'HYG': 0.1, 'DBC': 0.1, 'GLD': 0.1}",0.0
1182816000000,2007-06-26,103897.70843634015,"{'SPY': 0.35, 'QQQ': 0.2, 'IWM': 0.15, 'HYG': 0.1, 'DBC': 0.1, 'GLD': 0.1}",0.0
1182902400000,2007-06-27,105015.93516631599,"{'SPY': 0.35, 'QQQ': 0.2, 'IWM': 0.15, 'HYG': 0.1, 'DBC': 0.1, 'GLD': 0.1}",0.0
1182988800000,2007-06-28,105009.6390885768,"{'SPY': 0.35, 'QQQ': 0.2, 'IWM': 0.15, 'HYG': 0.1, 'DBC': 0.1, 'GLD': 0.1}",0.0
1183075200000,2007-06-29,104922.66229567483,"{'SPY': 0.35, 'QQQ': 0.2, 'IWM': 0.15, 'HYG': 0.1, 'DBC': 0.1, 'GLD': 0.1}",0.0
1183334400000,2007-07-02,105917.35541150093,"{'SPY': 0.35, 'QQQ': 0.2, 'IWM': 0.15, 'HYG': 0.1, 'DBC': 0.1, 'GLD': 0.1}",0.0
1183420800000,2007-07-03,106197.7898999779,"{'SPY': 0.35, 'QQQ': 0.2, 'IWM': 0.15, 'HYG': 0.1, 'DBC': 0.1, 'GLD': 0.1}",0.0
1183593600000,2007-07-05,106346.41920713206,"{'SPY': 0.35, 'QQQ': 0.2, 'IWM': 0.15, 'HYG': 0.1, 'DBC': 0.1, 'GLD': 0.1}",0.0
1183680000000,2007-07-06,106874.46855128859,"{'SPY': 0.35, 'QQQ': 0.2, 'IWM': 0.15, 'HYG': 0.1, 'DBC': 0.1, 'GLD': 0.1}",0.0
1183939200000,2007-07-09,106979.19100930933,"{'SPY': 0.35, 'QQQ': 0.2, 'IWM': 0.15, 'HYG': 0.1, 'DBC': 0.1, 'GLD': 0.1}",0.0
1184025600000,2007-07-10,106089.9351071227,"{'SPY': 0.35, 'QQQ': 0.2, 'IWM': 0.15, 'HYG': 0.1, 'DBC': 0.1, 'GLD': 0.1}",0.0
1184112000000,2007-07-11,106510.29809815362,"{'SPY': 0.35, 'QQQ': 0.2, 'IWM': 0.15, 'HYG': 0.1, 'DBC': 0.1, 'GLD': 0.1}",0.0
1184198400000,2007-07-12,107769.12606136831,"{'SPY': 0.35, 'QQQ': 0.2, 'IWM': 0.15, 'HYG': 0.1, 'DBC': 0.1, 'GLD': 0.1}",0.0
1184284800000,2007-07-13,108107.1982793118,"{'SPY': 0.35, 'QQQ': 0.2, 'IWM': 0.15, 'HYG': 0.1, 'DBC': 0.1, 'GLD': 0.1}",0.0
1184544000000,2007-07-16,107779.63185836474,"{'SPY': 0.35, 'QQQ': 0.2, 'IWM': 0.15, 'HYG': 0.1, 'DBC': 0.1, 'GLD': 0.1}",0.0
1184630400000,2007-07-17,107871.34867004245,"{'SPY': 0.35, 'QQQ': 0.2, 'IWM': 0.15, 'HYG': 0.1, 'DBC': 0.1, 'GLD': 0.1}",0.0
1184716800000,2007-07-18,107912.08789259451,"{'SPY': 0.35, 'QQQ': 0.2, 'IWM': 0.15, 'HYG': 0.1, 'DBC': 0.1, 'GLD': 0.1}",0.0
1184803200000,2007-07-19,108281.26055221685,"{'SPY': 0.35, 'QQQ': 0.2, 'IWM': 0.15, 'HYG': 0.1, 'DBC': 0.1, 'GLD': 0.1}",0.0
1184889600000,2007-07-20,107599.3533637914,"{'SPY': 0.35, 'QQQ': 0.2, 'IWM': 0.15, 'HYG': 0.1, 'DBC': 0.1, 'GLD': 0.1}",0.0
1185148800000,2007-07-23,107573.25397864735,"{'SPY': 0.35, 'QQQ': 0.2, 'IWM': 0.15, 'HYG': 0.1, 'DBC': 0.1, 'GLD': 0.1}",0.0
1185235200000,2007-07-24,106081.04306668496,"{'SPY': 0.35, 'QQQ': 0.2, 'IWM': 0.15, 'HYG': 0.1, 'DBC': 0.1, 'GLD': 0.1}",0.0
1185321600000,2007-07-25,106031.44559713847,"{'SPY': 0.35, 'QQQ': 0.2, 'IWM': 0.15, 'HYG': 0.1, 'DBC': 0.1, 'GLD': 0.1}",0.0
1185408000000,2007-07-26,104085.88232177797,"{'SPY': 0.35, 'QQQ': 0.2, 'IWM': 0.15, 'HYG': 0.1, 'DBC': 0.1, 'GLD': 0.1}",0.0
1185494400000,2007-07-27,102457.38936974359,"{'SPY': 0.35, 'QQQ': 0.2, 'IWM': 0.15, 'HYG': 0.1, 'DBC': 0.1, 'GLD': 0.1}",0.0
1185753600000,2007-07-30,103562.86631500706,"{'SPY': 0.35, 'QQQ': 0.2, 'IWM': 0.15, 'HYG': 0.1, 'DBC': 0.1, 'GLD': 0.1}",0.0
1185840000000,2007-07-31,102670.20651844396,"{'SPY': 0.35, 'QQQ': 0.2, 'IWM': 0.15, 'HYG': 0.1, 'DBC': 0.1, 'GLD': 0.1}",0.0
1185926400000,2007-08-01,103073.95400508073,"{'SPY': 0.35, 'QQQ': 0.2, 'IWM': 0.15, 'HYG': 0.1, 'DBC': 0.1, 'GLD': 0.1}",0.0
1186012800000,2007-08-02,103741.52563818857,"{'SPY': 0.35, 'QQQ': 0.2, 'IWM': 0.15, 'HYG': 0.1, 'DBC': 0.1, 'GLD': 0.1}",0.0
1186099200000,2007-08-03,101869.24766142579,"{'SPY': 0.35, 'QQQ': 0.2, 'IWM': 0.15, 'HYG': 0.1, 'DBC': 0.1, 'GLD': 0.1}",0.0
1186358400000,2007-08-06,102651.37618980928,"{'SPY': 0.35, 'QQQ': 0.2, 'IWM': 0.15, 'HYG': 0.1, 'DBC': 0.1, 'GLD': 0.1}",0.0
1186444800000,2007-08-07,103540.4527014543,"{'SPY': 0.35, 'QQQ': 0.2, 'IWM': 0.15, 'HYG': 0.1, 'DBC': 0.1, 'GLD': 0.1}",0.0
1186531200000,2007-08-08,104890.76996133734,"{'SPY': 0.35, 'QQQ': 0.2, 'IWM': 0.15, 'HYG': 0.1, 'DBC': 0.1, 'GLD': 0.1}",0.0
1186617600000,2007-08-09,102657.15649378492,"{'SPY': 0.35, 'QQQ': 0.2, 'IWM': 0.15, 'HYG': 0.1, 'DBC': 0.1, 'GLD': 0.1}",0.0
1186704000000,2007-08-10,102566.9619928641,"{'SPY': 0.35, 'QQQ': 0.2, 'IWM': 0.15, 'HYG': 0.1, 'DBC': 0.1, 'GLD': 0.1}",0.0
1186963200000,2007-08-13,102707.03648648372,"{'SPY': 0.35, 'QQQ': 0.2, 'IWM': 0.15, 'HYG': 0.1, 'DBC': 0.1, 'GLD': 0.1}",0.0
1187049600000,2007-08-14,101501.28420232818,"{'SPY': 0.35, 'QQQ': 0.2, 'IWM': 0.15, 'HYG': 0.1, 'DBC': 0.1, 'GLD': 0.1}",0.0
1187136000000,2007-08-15,100512.46412391636,"{'SPY': 0.35, 'QQQ': 0.2, 'IWM': 0.15, 'HYG': 0.1, 'DBC': 0.1, 'GLD': 0.1}",0.0
1187222400000,2007-08-16,100508.3571683778,"{'SPY': 0.35, 'QQQ': 0.2, 'IWM': 0.15, 'HYG': 0.1, 'DBC': 0.1, 'GLD': 0.1}",0.0
1187308800000,2007-08-17,101982.02729021852,"{'SPY': 0.35, 'QQQ': 0.2, 'IWM': 0.15, 'HYG': 0.1, 'DBC': 0.1, 'GLD': 0.1}",0.0
1187568000000,2007-08-20,102021.80970852415,"{'SPY': 0.35, 'QQQ': 0.2, 'IWM': 0.15, 'HYG': 0.1, 'DBC': 0.1, 'GLD': 0.1}",0.0
1187654400000,2007-08-21,102274.48241377743,"{'SPY': 0.35, 'QQQ': 0.2, 'IWM': 0.15, 'HYG': 0.1, 'DBC': 0.1, 'GLD': 0.1}",0.0
1187740800000,2007-08-22,103316.32488451217,"{'SPY': 0.35, 'QQQ': 0.2, 'IWM': 0.15, 'HYG': 0.1, 'DBC': 0.1, 'GLD': 0.1}",0.0
1187827200000,2007-08-23,103110.5312857039,"{'SPY': 0.35, 'QQQ': 0.2, 'IWM': 0.15, 'HYG': 0.1, 'DBC': 0.1, 'GLD': 0.1}",0.0
1187913600000,2007-08-24,104322.04522066811,"{'SPY': 0.35, 'QQQ': 0.2, 'IWM': 0.15, 'HYG': 0.1, 'DBC': 0.1, 'GLD': 0.1}",0.0
1188172800000,2007-08-27,103687.25200006843,"{'SPY': 0.35, 'QQQ': 0.2, 'IWM': 0.15, 'HYG': 0.1, 'DBC': 0.1, 'GLD': 0.1}",0.0
1188259200000,2007-08-28,101797.20581687396,"{'SPY': 0.35, 'QQQ': 0.2, 'IWM': 0.15, 'HYG': 0.1, 'DBC': 0.1, 'GLD': 0.1}",0.0
1188345600000,2007-08-29,103692.28766392372,"{'SPY': 0.35, 'QQQ': 0.2, 'IWM': 0.15, 'HYG': 0.1, 'DBC': 0.1, 'GLD': 0.1}",0.0
1188432000000,2007-08-30,103598.11774448,"{'SPY': 0.35, 'QQQ': 0.2, 'IWM': 0.15, 'HYG': 0.1, 'DBC': 0.1, 'GLD': 0.1}",0.0
1188518400000,2007-08-31,104445.13410003502,"{'TLT': 0.45, 'IEF': 0.25, 'GLD': 0.10531784707389287, 'SHY': 0.19468215292610713}",0.0
1188864000000,2007-09-04,104569.9395276803,"{'TLT': 0.45, 'IEF': 0.25, 'GLD': 0.10531784707389287, 'SHY': 0.19468215292610713}",0.0
1188950400000,2007-09-05,105182.20538444884,"{'TLT': 0.45, 'IEF': 0.25, 'GLD': 0.10531784707389287, 'SHY': 0.19468215292610713}",0.0
1189036800000,2007-09-06,105191.90418444335,"{'TLT': 0.45, 'IEF': 0.25, 'GLD': 0.10531784707389287, 'SHY': 0.19468215292610713}",0.0
1189123200000,2007-09-07,106299.72110227395,"{'TLT': 0.45, 'IEF': 0.25, 'GLD': 0.10531784707389287, 'SHY': 0.19468215292610713}",0.0
1189382400000,2007-09-10,106774.74439312473,"{'TLT': 0.45, 'IEF': 0.25, 'GLD': 0.10531784707389287, 'SHY': 0.19468215292610713}",0.0
1189468800000,2007-09-11,106795.9522787692,"{'TLT': 0.45, 'IEF': 0.25, 'GLD': 0.10531784707389287, 'SHY': 0.19468215292610713}",0.0
1189555200000,2007-09-12,106558.62913215559,"{'TLT': 0.45, 'IEF': 0.25, 'GLD': 0.10531784707389287, 'SHY': 0.19468215292610713}",0.0
1189641600000,2007-09-13,105881.4437439018,"{'TLT': 0.45, 'IEF': 0.25, 'GLD': 0.10531784707389287, 'SHY': 0.19468215292610713}",0.0
1189728000000,2007-09-14,105968.12399037278,"{'TLT': 0.45, 'IEF': 0.25, 'GLD': 0.10531784707389287, 'SHY': 0.19468215292610713}",0.0
1189987200000,2007-09-17,106365.54789357174,"{'TLT': 0.45, 'IEF': 0.25, 'GLD': 0.10531784707389287, 'SHY': 0.19468215292610713}",0.0
1190073600000,2007-09-18,106120.31646452424,"{'TLT': 0.45, 'IEF': 0.25, 'GLD': 0.10531784707389287, 'SHY': 0.19468215292610713}",0.0
1190160000000,2007-09-19,105541.70048549674,"{'TLT': 0.45, 'IEF': 0.25, 'GLD': 0.10531784707389287, 'SHY': 0.19468215292610713}",0.0
1190246400000,2007-09-20,104502.64525541214,"{'TLT': 0.45, 'IEF': 0.25, 'GLD': 0.10531784707389287, 'SHY': 0.19468215292610713}",0.0
1190332800000,2007-09-21,105004.21207532613,"{'TLT': 0.45, 'IEF': 0.25, 'GLD': 0.10531784707389287, 'SHY': 0.19468215292610713}",0.0
1190592000000,2007-09-24,105186.74956232804,"{'TLT': 0.45, 'IEF': 0.25, 'GLD': 0.10531784707389287, 'SHY': 0.19468215292610713}",0.0
1190678400000,2007-09-25,105048.7074899052,"{'TLT': 0.45, 'IEF': 0.25, 'GLD': 0.10531784707389287, 'SHY': 0.19468215292610713}",0.0
1190764800000,2007-09-26,105038.20568107198,"{'TLT': 0.45, 'IEF': 0.25, 'GLD': 0.10531784707389287, 'SHY': 0.19468215292610713}",0.0
1190851200000,2007-09-27,105596.28642286005,"{'TLT': 0.45, 'IEF': 0.25, 'GLD': 0.10531784707389287, 'SHY': 0.19468215292610713}",0.0
1190937600000,2007-09-28,105787.82141402968,"{'SPY': 0.14677166992095125, 'QQQ': 0.07338583496047563, 'TLT': 0.25, 'IEF': 0.2, 'GLD': 0.11007875244071344, 'SHY': 0.2197637426778597}",0.0
1191196800000,2007-10-01,106295.0510236038,"{'SPY': 0.14677166992095125, 'QQQ': 0.07338583496047563, 'TLT': 0.25, 'IEF': 0.2, 'GLD': 0.11007875244071344, 'SHY': 0.2197637426778597}",0.0
1191283200000,2007-10-02,106173.76657592386,"{'SPY': 0.14677166992095125, 'QQQ': 0.07338583496047563, 'TLT': 0.25, 'IEF': 0.2, 'GLD': 0.11007875244071344, 'SHY': 0.2197637426778597}",0.0
1191369600000,2007-10-03,105920.29173676042,"{'SPY': 0.14677166992095125, 'QQQ': 0.07338583496047563, 'TLT': 0.25, 'IEF': 0.2, 'GLD': 0.11007875244071344, 'SHY': 0.2197637426778597}",0.0
1191456000000,2007-10-04,106270.6190044401,"{'SPY': 0.14677166992095125, 'QQQ': 0.07338583496047563, 'TLT': 0.25, 'IEF': 0.2, 'GLD': 0.11007875244071344, 'SHY': 0.2197637426778597}",0.0
1191542400000,2007-10-05,106200.07781351684,"{'SPY': 0.14677166992095125, 'QQQ': 0.07338583496047563, 'TLT': 0.25, 'IEF': 0.2, 'GLD': 0.11007875244071344, 'SHY': 0.2197637426778597}",0.0
1191801600000,2007-10-08,106105.81405024047,"{'SPY': 0.14677166992095125, 'QQQ': 0.07338583496047563, 'TLT': 0.25, 'IEF': 0.2, 'GLD': 0.11007875244071344, 'SHY': 0.2197637426778597}",0.0
1191888000000,2007-10-09,106225.3737869432,"{'SPY': 0.14677166992095125, 'QQQ': 0.07338583496047563, 'TLT': 0.25, 'IEF': 0.2, 'GLD': 0.11007875244071344, 'SHY': 0.2197637426778597}",0.0
1191974400000,2007-10-10,106302.97030439247,"{'SPY': 0.14677166992095125, 'QQQ': 0.07338583496047563, 'TLT': 0.25, 'IEF': 0.2, 'GLD': 0.11007875244071344, 'SHY': 0.2197637426778597}",0.0
1192060800000,2007-10-11,106173.08206799849,"{'SPY': 0.14677166992095125, 'QQQ': 0.07338583496047563, 'TLT': 0.25, 'IEF': 0.2, 'GLD': 0.11007875244071344, 'SHY': 0.2197637426778597}",0.0
1192147200000,2007-10-12,106268.5820593909,"{'SPY': 0.14677166992095125, 'QQQ': 0.07338583496047563, 'TLT': 0.25, 'IEF': 0.2, 'GLD': 0.11007875244071344, 'SHY': 0.2197637426778597}",0.0
1192406400000,2007-10-15,106189.94773379099,"{'SPY': 0.14677166992095125, 'QQQ': 0.07338583496047563, 'TLT': 0.25, 'IEF': 0.2, 'GLD': 0.11007875244071344, 'SHY': 0.2197637426778597}",0.0
1192492800000,2007-10-16,106123.23065983666,"{'SPY': 0.14677166992095125, 'QQQ': 0.07338583496047563, 'TLT': 0.25, 'IEF': 0.2, 'GLD': 0.11007875244071344, 'SHY': 0.2197637426778597}",0.0
1192579200000,2007-10-17,106649.6606998918,"{'SPY': 0.14677166992095125, 'QQQ': 0.07338583496047563, 'TLT': 0.25, 'IEF': 0.2, 'GLD': 0.11007875244071344, 'SHY': 0.2197637426778597}",0.0
1192665600000,2007-10-18,107123.40564658976,"{'SPY': 0.14677166992095125, 'QQQ': 0.07338583496047563, 'TLT': 0.25, 'IEF': 0.2, 'GLD': 0.11007875244071344, 'SHY': 0.2197637426778597}",0.0
1192752000000,2007-10-19,107113.43239168929,"{'SPY': 0.14677166992095125, 'QQQ': 0.07338583496047563, 'TLT': 0.25, 'IEF': 0.2, 'GLD': 0.11007875244071344, 'SHY': 0.2197637426778597}",0.0
1193011200000,2007-10-22,107070.2923378468,"{'SPY': 0.14677166992095125, 'QQQ': 0.07338583496047563, 'TLT': 0.25, 'IEF': 0.2, 'GLD': 0.11007875244071344, 'SHY': 0.2197637426778597}",0.0
1193097600000,2007-10-23,107423.84162192569,"{'SPY': 0.14677166992095125, 'QQQ': 0.07338583496047563, 'TLT': 0.25, 'IEF': 0.2, 'GLD': 0.11007875244071344, 'SHY': 0.2197637426778597}",0.0
1193184000000,2007-10-24,107735.28807017901,"{'SPY': 0.14677166992095125, 'QQQ': 0.07338583496047563, 'TLT': 0.25, 'IEF': 0.2, 'GLD': 0.11007875244071344, 'SHY': 0.2197637426778597}",0.0
1193270400000,2007-10-25,107623.09698784167,"{'SPY': 0.14677166992095125, 'QQQ': 0.07338583496047563, 'TLT': 0.25, 'IEF': 0.2, 'GLD': 0.11007875244071344, 'SHY': 0.2197637426778597}",0.0
1193356800000,2007-10-26,108085.46390104783,"{'SPY': 0.14677166992095125, 'QQQ': 0.07338583496047563, 'TLT': 0.25, 'IEF': 0.2, 'GLD': 0.11007875244071344, 'SHY': 0.2197637426778597}",0.0
1193616000000,2007-10-29,108358.67520788766,"{'SPY': 0.14677166992095125, 'QQQ': 0.07338583496047563, 'TLT': 0.25, 'IEF': 0.2, 'GLD': 0.11007875244071344, 'SHY': 0.2197637426778597}",0.0
1193702400000,2007-10-30,108151.95564431635,"{'SPY': 0.14677166992095125, 'QQQ': 0.07338583496047563, 'TLT': 0.25, 'IEF': 0.2, 'GLD': 0.11007875244071344, 'SHY': 0.2197637426778597}",0.0
1193788800000,2007-10-31,108184.94844919644,"{'SPY': 0.2, 'QQQ': 0.1, 'TLT': 0.25, 'IEF': 0.2, 'GLD': 0.15, 'SHY': 0.1}",0.0
1193875200000,2007-11-01,107896.6538528018,"{'SPY': 0.2, 'QQQ': 0.1, 'TLT': 0.25, 'IEF': 0.2, 'GLD': 0.15, 'SHY': 0.1}",0.0
1193961600000,2007-11-02,108557.42736778647,"{'SPY': 0.2, 'QQQ': 0.1, 'TLT': 0.25, 'IEF': 0.2, 'GLD': 0.15, 'SHY': 0.1}",0.0
1194220800000,2007-11-05,108267.36199058287,"{'SPY': 0.2, 'QQQ': 0.1, 'TLT': 0.25, 'IEF': 0.2, 'GLD': 0.15, 'SHY': 0.1}",0.0
1194307200000,2007-11-06,108847.4057758904,"{'SPY': 0.2, 'QQQ': 0.1, 'TLT': 0.25, 'IEF': 0.2, 'GLD': 0.15, 'SHY': 0.1}",0.0
1194393600000,2007-11-07,108307.93130564736,"{'SPY': 0.2, 'QQQ': 0.1, 'TLT': 0.25, 'IEF': 0.2, 'GLD': 0.15, 'SHY': 0.1}",0.0
1194480000000,2007-11-08,107885.08295571938,"{'SPY': 0.2, 'QQQ': 0.1, 'TLT': 0.25, 'IEF': 0.2, 'GLD': 0.15, 'SHY': 0.1}",0.0
1194566400000,2007-11-09,107580.50089366984,"{'SPY': 0.2, 'QQQ': 0.1, 'TLT': 0.25, 'IEF': 0.2, 'GLD': 0.15, 'SHY': 0.1}",0.0
1194825600000,2007-11-12,106491.70254124237,"{'SPY': 0.2, 'QQQ': 0.1, 'TLT': 0.25, 'IEF': 0.2, 'GLD': 0.15, 'SHY': 0.1}",0.0
1194912000000,2007-11-13,107507.1682043449,"{'SPY': 0.2, 'QQQ': 0.1, 'TLT': 0.25, 'IEF': 0.2, 'GLD': 0.15, 'SHY': 0.1}",0.0
1194998400000,2007-11-14,107596.11051184156,"{'SPY': 0.2, 'QQQ': 0.1, 'TLT': 0.25, 'IEF': 0.2, 'GLD': 0.15, 'SHY': 0.1}",0.0
1195084800000,2007-11-15,107168.50325456301,"{'SPY': 0.2, 'QQQ': 0.1, 'TLT': 0.25, 'IEF': 0.2, 'GLD': 0.15, 'SHY': 0.1}",0.0
1195171200000,2007-11-16,107300.78694472108,"{'SPY': 0.2, 'QQQ': 0.1, 'TLT': 0.25, 'IEF': 0.2, 'GLD': 0.15, 'SHY': 0.1}",0.0
1195430400000,2007-11-19,107136.68800412233,"{'SPY': 0.2, 'QQQ': 0.1, 'TLT': 0.25, 'IEF': 0.2, 'GLD': 0.15, 'SHY': 0.1}",0.0
1195516800000,2007-11-20,107685.3914392628,"{'SPY': 0.2, 'QQQ': 0.1, 'TLT': 0.25, 'IEF': 0.2, 'GLD': 0.15, 'SHY': 0.1}",0.0
1195603200000,2007-11-21,107454.81319074701,"{'SPY': 0.2, 'QQQ': 0.1, 'TLT': 0.25, 'IEF': 0.2, 'GLD': 0.15, 'SHY': 0.1}",0.0
1195776000000,2007-11-23,108330.45301083777,"{'SPY': 0.2, 'QQQ': 0.1, 'TLT': 0.25, 'IEF': 0.2, 'GLD': 0.15, 'SHY': 0.1}",0.0
1196035200000,2007-11-26,108536.93394173971,"{'SPY': 0.2, 'QQQ': 0.1, 'TLT': 0.25, 'IEF': 0.2, 'GLD': 0.15, 'SHY': 0.1}",0.0
1196121600000,2007-11-27,108270.06188226453,"{'SPY': 0.2, 'QQQ': 0.1, 'TLT': 0.25, 'IEF': 0.2, 'GLD': 0.15, 'SHY': 0.1}",0.0
1196208000000,2007-11-28,108915.49240466798,"{'SPY': 0.2, 'QQQ': 0.1, 'TLT': 0.25, 'IEF': 0.2, 'GLD': 0.15, 'SHY': 0.1}",0.0
1196294400000,2007-11-29,109081.72180095394,"{'SPY': 0.2, 'QQQ': 0.1, 'TLT': 0.25, 'IEF': 0.2, 'GLD': 0.15, 'SHY': 0.1}",0.0
1196380800000,2007-11-30,108888.4436063666,"{'TLT': 0.45, 'IEF': 0.25, 'GLD': 0.15, 'SHY': 0.15}",0.0
1196640000000,2007-12-03,109624.60436544033,"{'TLT': 0.45, 'IEF': 0.25, 'GLD': 0.15, 'SHY': 0.15}",0.0
1196726400000,2007-12-04,109877.73776244995,"{'TLT': 0.45, 'IEF': 0.25, 'GLD': 0.15, 'SHY': 0.15}",0.0
1196812800000,2007-12-05,109030.8050997361,"{'TLT': 0.45, 'IEF': 0.25, 'GLD': 0.15, 'SHY': 0.15}",0.0
1196899200000,2007-12-06,108577.68574961877,"{'TLT': 0.45, 'IEF': 0.25, 'GLD': 0.15, 'SHY': 0.15}",0.0
1196985600000,2007-12-07,107679.35065406385,"{'TLT': 0.45, 'IEF': 0.25, 'GLD': 0.15, 'SHY': 0.15}",0.0
1197244800000,2007-12-10,107602.42544682905,"{'TLT': 0.45, 'IEF': 0.25, 'GLD': 0.15, 'SHY': 0.15}",0.0
1197331200000,2007-12-11,108746.15550345606,"{'TLT': 0.45, 'IEF': 0.25, 'GLD': 0.15, 'SHY': 0.15}",0.0
1197417600000,2007-12-12,108313.53804344179,"{'TLT': 0.45, 'IEF': 0.25, 'GLD': 0.15, 'SHY': 0.15}",0.0
1197504000000,2007-12-13,107158.44424325397,"{'TLT': 0.45, 'IEF': 0.25, 'GLD': 0.15, 'SHY': 0.15}",0.0
1197590400000,2007-12-14,106822.96026204356,"{'TLT': 0.45, 'IEF': 0.25, 'GLD': 0.15, 'SHY': 0.15}",0.0
1197849600000,2007-12-17,107378.96714020113,"{'TLT': 0.45, 'IEF': 0.25, 'GLD': 0.15, 'SHY': 0.15}",0.0
1197936000000,2007-12-18,107964.7990996865,"{'TLT': 0.45, 'IEF': 0.25, 'GLD': 0.15, 'SHY': 0.15}",0.0
1198022400000,2007-12-19,108863.95517062934,"{'TLT': 0.45, 'IEF': 0.25, 'GLD': 0.15, 'SHY': 0.15}",0.0
1198108800000,2007-12-20,108609.5301636687,"{'TLT': 0.45, 'IEF': 0.25, 'GLD': 0.15, 'SHY': 0.15}",0.0
1198195200000,2007-12-21,107968.69557556663,"{'TLT': 0.45, 'IEF': 0.25, 'GLD': 0.15, 'SHY': 0.15}",0.0
1198454400000,2007-12-24,107656.93141868994,"{'TLT': 0.45, 'IEF': 0.25, 'GLD': 0.15, 'SHY': 0.15}",0.0
1198627200000,2007-12-26,107366.33782637194,"{'TLT': 0.45, 'IEF': 0.25, 'GLD': 0.15, 'SHY': 0.15}",0.0
1198713600000,2007-12-27,108116.42546713498,"{'TLT': 0.45, 'IEF': 0.25, 'GLD': 0.15, 'SHY': 0.15}",0.0
1198800000000,2007-12-28,109398.29521931062,"{'TLT': 0.45, 'IEF': 0.25, 'GLD': 0.15, 'SHY': 0.15}",0.0
1199059200000,2007-12-31,109741.89373590601,"{'TLT': 0.45, 'IEF': 0.25, 'GLD': 0.15, 'SHY': 0.15}",0.0
1199232000000,2008-01-02,111157.78932945218,"{'TLT': 0.45, 'IEF': 0.25, 'GLD': 0.15, 'SHY': 0.15}",0.0
1199318400000,2008-01-03,111311.84596873328,"{'TLT': 0.45, 'IEF': 0.25, 'GLD': 0.15, 'SHY': 0.15}",0.0
1199404800000,2008-01-04,111333.76271557115,"{'TLT': 0.45, 'IEF': 0.25, 'GLD': 0.15, 'SHY': 0.15}",0.0
1199664000000,2008-01-07,111521.50846130971,"{'TLT': 0.45, 'IEF': 0.25, 'GLD': 0.15, 'SHY': 0.15}",0.0
1199750400000,2008-01-08,111944.29486880796,"{'TLT': 0.45, 'IEF': 0.25, 'GLD': 0.15, 'SHY': 0.15}",0.0
1199836800000,2008-01-09,111943.19742339042,"{'TLT': 0.45, 'IEF': 0.25, 'GLD': 0.15, 'SHY': 0.15}",0.0
1199923200000,2008-01-10,111516.35901823425,"{'TLT': 0.45, 'IEF': 0.25, 'GLD': 0.15, 'SHY': 0.15}",0.0
1200009600000,2008-01-11,112194.78920209662,"{'TLT': 0.45, 'IEF': 0.25, 'GLD': 0.15, 'SHY': 0.15}",0.0
1200268800000,2008-01-14,112583.56406088122,"{'TLT': 0.45, 'IEF': 0.25, 'GLD': 0.15, 'SHY': 0.15}",0.0
1200355200000,2008-01-15,113057.63174405598,"{'TLT': 0.45, 'IEF': 0.25, 'GLD': 0.15, 'SHY': 0.15}",0.0
1200441600000,2008-01-16,112402.3342562555,"{'TLT': 0.45, 'IEF': 0.25, 'GLD': 0.15, 'SHY': 0.15}",0.0
1200528000000,2008-01-17,113274.60044394473,"{'TLT': 0.45, 'IEF': 0.25, 'GLD': 0.15, 'SHY': 0.15}",0.0
1200614400000,2008-01-18,113078.68711323525,"{'TLT': 0.45, 'IEF': 0.25, 'GLD': 0.15, 'SHY': 0.15}",0.0
1200960000000,2008-01-22,114154.50412151791,"{'TLT': 0.45, 'IEF': 0.25, 'GLD': 0.15, 'SHY': 0.15}",0.0
1201046400000,2008-01-23,113842.61995128197,"{'TLT': 0.45, 'IEF': 0.25, 'GLD': 0.15, 'SHY': 0.15}",0.0
1201132800000,2008-01-24,112929.32230394881,"{'TLT': 0.45, 'IEF': 0.25, 'GLD': 0.15, 'SHY': 0.15}",0.0
1201219200000,2008-01-25,114133.97919135816,"{'TLT': 0.45, 'IEF': 0.25, 'GLD': 0.15, 'SHY': 0.15}",0.0
1201478400000,2008-01-28,114103.54553847444,"{'TLT': 0.45, 'IEF': 0.25, 'GLD': 0.15, 'SHY': 0.15}",0.0
1201564800000,2008-01-29,113518.02001017169,"{'TLT': 0.45, 'IEF': 0.25, 'GLD': 0.15, 'SHY': 0.15}",0.0
1201651200000,2008-01-30,113353.98852647381,"{'TLT': 0.45, 'IEF': 0.25, 'GLD': 0.15, 'SHY': 0.15}",0.0
1201737600000,2008-01-31,113756.39426950918,"{'TLT': 0.45, 'IEF': 0.25, 'GLD': 0.15, 'SHY': 0.15}",0.0
1201824000000,2008-02-01,113792.30140734957,"{'TLT': 0.45, 'IEF': 0.25, 'GLD': 0.15, 'SHY': 0.15}",0.0
1202083200000,2008-02-04,113061.51211173265,"{'TLT': 0.45, 'IEF': 0.25, 'GLD': 0.15, 'SHY': 0.15}",0.0
1202169600000,2008-02-05,113417.6050619948,"{'TLT': 0.45, 'IEF': 0.25, 'GLD': 0.15, 'SHY': 0.15}",0.0
1202256000000,2008-02-06,113463.90130308644,"{'TLT': 0.45, 'IEF': 0.25, 'GLD': 0.15, 'SHY': 0.15}",0.0
1202342400000,2008-02-07,112194.96692748721,"{'TLT': 0.45, 'IEF': 0.25, 'GLD': 0.15, 'SHY': 0.15}",0.0
1202428800000,2008-02-08,113254.92138113492,"{'TLT': 0.45, 'IEF': 0.25, 'GLD': 0.15, 'SHY': 0.15}",0.0
1202688000000,2008-02-11,113597.86995984688,"{'TLT': 0.45, 'IEF': 0.25, 'GLD': 0.15, 'SHY': 0.15}",0.0
1202774400000,2008-02-12,112866.57543025509,"{'TLT': 0.45, 'IEF': 0.25, 'GLD': 0.15, 'SHY': 0.15}",0.0
1202860800000,2008-02-13,112236.28695861448,"{'TLT': 0.45, 'IEF': 0.25, 'GLD': 0.15, 'SHY': 0.15}",0.0
1202947200000,2008-02-14,111378.76600579475,"{'TLT': 0.45, 'IEF': 0.25, 'GLD': 0.15, 'SHY': 0.15}",0.0
1203033600000,2008-02-15,111700.88724819082,"{'TLT': 0.45, 'IEF': 0.25, 'GLD': 0.15, 'SHY': 0.15}",0.0
1203379200000,2008-02-19,111435.93512852424,"{'TLT': 0.45, 'IEF': 0.25, 'GLD': 0.15, 'SHY': 0.15}",0.0
1203465600000,2008-02-20,112041.08210118872,"{'TLT': 0.45, 'IEF': 0.25, 'GLD': 0.15, 'SHY': 0.15}",0.0
1203552000000,2008-02-21,112912.03201180104,"{'TLT': 0.45, 'IEF': 0.25, 'GLD': 0.15, 'SHY': 0.15}",0.0
1203638400000,2008-02-22,112549.10938724603,"{'TLT': 0.45, 'IEF': 0.25, 'GLD': 0.15, 'SHY': 0.15}",0.0
1203897600000,2008-02-25,111701.30844877343,"{'TLT': 0.45, 'IEF': 0.25, 'GLD': 0.15, 'SHY': 0.15}",0.0
1203984000000,2008-02-26,111986.73889169635,"{'TLT': 0.45, 'IEF': 0.25, 'GLD': 0.15, 'SHY': 0.15}",0.0
1204070400000,2008-02-27,112309.32522010844,"{'TLT': 0.45, 'IEF': 0.25, 'GLD': 0.15, 'SHY': 0.15}",0.0
1204156800000,2008-02-28,113791.37699675096,"{'TLT': 0.45, 'IEF': 0.25, 'GLD': 0.15, 'SHY': 0.15}",0.0
1204243200000,2008-02-29,114971.75297174806,"{'TLT': 0.45, 'IEF': 0.25, 'GLD': 0.15, 'SHY': 0.15}",0.0
1204502400000,2008-03-03,114956.01632495438,"{'TLT': 0.45, 'IEF': 0.25, 'GLD': 0.15, 'SHY': 0.15}",0.0
1204588800000,2008-03-04,113975.64581707046,"{'TLT': 0.45, 'IEF': 0.25, 'GLD': 0.15, 'SHY': 0.15}",0.0
1204675200000,2008-03-05,113684.18903959866,"{'TLT': 0.45, 'IEF': 0.25, 'GLD': 0.15, 'SHY': 0.15}",0.0
1204761600000,2008-03-06,114024.2297809536,"{'TLT': 0.45, 'IEF': 0.25, 'GLD': 0.15, 'SHY': 0.15}",0.0
1204848000000,2008-03-07,114108.25823243822,"{'TLT': 0.45, 'IEF': 0.25, 'GLD': 0.15, 'SHY': 0.15}",0.0
1205107200000,2008-03-10,115049.22452201016,"{'TLT': 0.45, 'IEF': 0.25, 'GLD': 0.15, 'SHY': 0.15}",0.0
1205193600000,2008-03-11,114230.08763798008,"{'TLT': 0.45, 'IEF': 0.25, 'GLD': 0.15, 'SHY': 0.15}",0.0
1205280000000,2008-03-12,115788.17872322815,"{'TLT': 0.45, 'IEF': 0.25, 'GLD': 0.15, 'SHY': 0.15}",0.0
1205366400000,2008-03-13,115458.09761995688,"{'TLT': 0.45, 'IEF': 0.25, 'GLD': 0.15, 'SHY': 0.15}",0.0
1205452800000,2008-03-14,116515.90242405211,"{'TLT': 0.45, 'IEF': 0.25, 'GLD': 0.15, 'SHY': 0.15}",0.0
1205712000000,2008-03-17,117185.76012921357,"{'TLT': 0.45, 'IEF': 0.25, 'GLD': 0.15, 'SHY': 0.15}",0.0
1205798400000,2008-03-18,116246.05339261233,"{'TLT': 0.45, 'IEF': 0.25, 'GLD': 0.15, 'SHY': 0.15}",0.0
1205884800000,2008-03-19,116757.01005434929,"{'TLT': 0.45, 'IEF': 0.25, 'GLD': 0.15, 'SHY': 0.15}",0.0
1205971200000,2008-03-20,116340.39590027799,"{'TLT': 0.45, 'IEF': 0.25, 'GLD': 0.15, 'SHY': 0.15}",0.0
1206316800000,2008-03-24,114779.55944898751,"{'TLT': 0.45, 'IEF': 0.25, 'GLD': 0.15, 'SHY': 0.15}",0.0
1206403200000,2008-03-25,115612.22809412847,"{'TLT': 0.45, 'IEF': 0.25, 'GLD': 0.15, 'SHY': 0.15}",0.0
1206489600000,2008-03-26,115654.29464296234,"{'TLT': 0.45, 'IEF': 0.25, 'GLD': 0.15, 'SHY': 0.15}",0.0
1206576000000,2008-03-27,115206.0237945079,"{'TLT': 0.45, 'IEF': 0.25, 'GLD': 0.15, 'SHY': 0.15}",0.0
1206662400000,2008-03-28,115539.83204543372,"{'TLT': 0.45, 'IEF': 0.25, 'GLD': 0.15, 'SHY': 0.15}",0.0
1206921600000,2008-03-31,115502.20549158702,"{'TLT': 0.45, 'IEF': 0.25, 'GLD': 0.15, 'SHY': 0.15}",0.0
1207008000000,2008-04-01,113660.84234635165,"{'TLT': 0.45, 'IEF': 0.25, 'GLD': 0.15, 'SHY': 0.15}",0.0
1207094400000,2008-04-02,114134.42561138117,"{'TLT': 0.45, 'IEF': 0.25, 'GLD': 0.15, 'SHY': 0.15}",0.0
1207180800000,2008-04-03,114265.50550136325,"{'TLT': 0.45, 'IEF': 0.25, 'GLD': 0.15, 'SHY': 0.15}",0.0
1207267200000,2008-04-04,115142.46024608541,"{'TLT': 0.45, 'IEF': 0.25, 'GLD': 0.15, 'SHY': 0.15}",0.0
1207526400000,2008-04-07,114823.5083280968,"{'TLT': 0.45, 'IEF': 0.25, 'GLD': 0.15, 'SHY': 0.15}",0.0
1207612800000,2008-04-08,114502.02039962268,"{'TLT': 0.45, 'IEF': 0.25, 'GLD': 0.15, 'SHY': 0.15}",0.0
1207699200000,2008-04-09,115609.7631540178,"{'TLT': 0.45, 'IEF': 0.25, 'GLD': 0.15, 'SHY': 0.15}",0.0
1207785600000,2008-04-10,115216.80372602186,"{'TLT': 0.45, 'IEF': 0.25, 'GLD': 0.15, 'SHY': 0.15}",0.0
1207872000000,2008-04-11,115630.4222637453,"{'TLT': 0.45, 'IEF': 0.25, 'GLD': 0.15, 'SHY': 0.15}",0.0
1208131200000,2008-04-14,115206.25642241772,"{'TLT': 0.45, 'IEF': 0.25, 'GLD': 0.15, 'SHY': 0.15}",0.0
1208217600000,2008-04-15,114514.57173160344,"{'TLT': 0.45, 'IEF': 0.25, 'GLD': 0.15, 'SHY': 0.15}",0.0
1208304000000,2008-04-16,114081.34543997714,"{'TLT': 0.45, 'IEF': 0.25, 'GLD': 0.15, 'SHY': 0.15}",0.0
1208390400000,2008-04-17,113765.22706638271,"{'TLT': 0.45, 'IEF': 0.25, 'GLD': 0.15, 'SHY': 0.15}",0.0
1208476800000,2008-04-18,113324.6271301731,"{'TLT': 0.45, 'IEF': 0.25, 'GLD': 0.15, 'SHY': 0.15}",0.0
1208736000000,2008-04-21,113445.50442414291,"{'TLT': 0.45, 'IEF': 0.25, 'GLD': 0.15, 'SHY': 0.15}",0.0
1208822400000,2008-04-22,113653.01916172427,"{'TLT': 0.45, 'IEF': 0.25, 'GLD': 0.15, 'SHY': 0.15}",0.0
1208908800000,2008-04-23,113256.4984338579,"{'TLT': 0.45, 'IEF': 0.25, 'GLD': 0.15, 'SHY': 0.15}",0.0
1208995200000,2008-04-24,112174.82115991865,"{'TLT': 0.45, 'IEF': 0.25, 'GLD': 0.15, 'SHY': 0.15}",0.0
1209081600000,2008-04-25,111853.3934086526,"{'TLT': 0.45, 'IEF': 0.25, 'GLD': 0.15, 'SHY': 0.15}",0.0
1209340800000,2008-04-28,112156.32493406978,"{'TLT': 0.45, 'IEF': 0.25, 'GLD': 0.15, 'SHY': 0.15}",0.0
1209427200000,2008-04-29,112033.97261759559,"{'TLT': 0.45, 'IEF': 0.25, 'GLD': 0.15, 'SHY': 0.15}",0.0
1209513600000,2008-04-30,112678.96458042553,"{'TLT': 0.45, 'IEF': 0.25, 'GLD': 0.15, 'SHY': 0.15}",0.0
1209600000000,2008-05-01,112130.10979704898,"{'TLT': 0.45, 'IEF': 0.25, 'GLD': 0.15, 'SHY': 0.15}",0.0
1209686400000,2008-05-02,111362.62580653784,"{'TLT': 0.45, 'IEF': 0.25, 'GLD': 0.15, 'SHY': 0.15}",0.0
1209945600000,2008-05-05,111755.56936968632,"{'TLT': 0.45, 'IEF': 0.25, 'GLD': 0.15, 'SHY': 0.15}",0.0
1210032000000,2008-05-06,111384.67615918105,"{'TLT': 0.45, 'IEF': 0.25, 'GLD': 0.15, 'SHY': 0.15}",0.0
1210118400000,2008-05-07,111574.25662121593,"{'TLT': 0.45, 'IEF': 0.25, 'GLD': 0.15, 'SHY': 0.15}",0.0
1210204800000,2008-05-08,112495.92188406785,"{'TLT': 0.45, 'IEF': 0.25, 'GLD': 0.15, 'SHY': 0.15}",0.0
1210291200000,2008-05-09,112755.21005272235,"{'TLT': 0.45, 'IEF': 0.25, 'GLD': 0.15, 'SHY': 0.15}",0.0
1210550400000,2008-05-12,112515.2518010995,"{'TLT': 0.45, 'IEF': 0.25, 'GLD': 0.15, 'SHY': 0.15}",0.0
1210636800000,2008-05-13,111388.498373647,"{'TLT': 0.45, 'IEF': 0.25, 'GLD': 0.15, 'SHY': 0.15}",0.0
1210723200000,2008-05-14,111351.69551655134,"{'TLT': 0.45, 'IEF': 0.25, 'GLD': 0.15, 'SHY': 0.15}",0.0
1210809600000,2008-05-15,112328.58533942742,"{'TLT': 0.45, 'IEF': 0.25, 'GLD': 0.15, 'SHY': 0.15}",0.0
1210896000000,2008-05-16,112483.51129720226,"{'TLT': 0.45, 'IEF': 0.25, 'GLD': 0.15, 'SHY': 0.15}",0.0
1211155200000,2008-05-19,112686.46886121518,"{'TLT': 0.45, 'IEF': 0.25, 'GLD': 0.15, 'SHY': 0.15}",0.0
1211241600000,2008-05-20,113346.84945422907,"{'TLT': 0.45, 'IEF': 0.25, 'GLD': 0.15, 'SHY': 0.15}",0.0
1211328000000,2008-05-21,113470.85586780922,"{'TLT': 0.45, 'IEF': 0.25, 'GLD': 0.15, 'SHY': 0.15}",0.0
1211414400000,2008-05-22,112455.00093374877,"{'TLT': 0.45, 'IEF': 0.25, 'GLD': 0.15, 'SHY': 0.15}",0.0
1211500800000,2008-05-23,112879.80289151163,"{'TLT': 0.45, 'IEF': 0.25, 'GLD': 0.15, 'SHY': 0.15}",0.0
1211846400000,2008-05-27,112034.14811193624,"{'TLT': 0.45, 'IEF': 0.25, 'GLD': 0.15, 'SHY': 0.15}",0.0
1211932800000,2008-05-28,111304.4977877504,"{'TLT': 0.45, 'IEF': 0.25, 'GLD': 0.15, 'SHY': 0.15}",0.0
1212019200000,2008-05-29,110315.01332729019,"{'TLT': 0.45, 'IEF': 0.25, 'GLD': 0.15, 'SHY': 0.15}",0.0
1212105600000,2008-05-30,110937.24371416966,"{'TLT': 0.45, 'IEF': 0.25, 'GLD': 0.15, 'SHY': 0.15}",0.0
1212364800000,2008-06-02,111424.48339230075,"{'TLT': 0.45, 'IEF': 0.25, 'GLD': 0.15, 'SHY': 0.15}",0.0
1212451200000,2008-06-03,111750.8458366025,"{'TLT': 0.45, 'IEF': 0.25, 'GLD': 0.15, 'SHY': 0.15}",0.0
1212537600000,2008-06-04,111150.9149701297,"{'TLT': 0.45, 'IEF': 0.25, 'GLD': 0.15, 'SHY': 0.15}",0.0
1212624000000,2008-06-05,110644.8616958461,"{'TLT': 0.45, 'IEF': 0.25, 'GLD': 0.15, 'SHY': 0.15}",0.0
1212710400000,2008-06-06,112053.6554231894,"{'TLT': 0.45, 'IEF': 0.25, 'GLD': 0.15, 'SHY': 0.15}",0.0
1212969600000,2008-06-09,111565.9457070995,"{'TLT': 0.45, 'IEF': 0.25, 'GLD': 0.15, 'SHY': 0.15}",0.0
1213056000000,2008-06-10,110570.87912524788,"{'TLT': 0.45, 'IEF': 0.25, 'GLD': 0.15, 'SHY': 0.15}",0.0
1213142400000,2008-06-11,110796.87026884635,"{'TLT': 0.45, 'IEF': 0.25, 'GLD': 0.15, 'SHY': 0.15}",0.0
1213228800000,2008-06-12,109704.04406646916,"{'TLT': 0.45, 'IEF': 0.25, 'GLD': 0.15, 'SHY': 0.15}",0.0
1213315200000,2008-06-13,109597.27056504955,"{'TLT': 0.45, 'IEF': 0.25, 'GLD': 0.15, 'SHY': 0.15}",0.0
1213574400000,2008-06-16,109847.58738811672,"{'TLT': 0.45, 'IEF': 0.25, 'GLD': 0.15, 'SHY': 0.15}",0.0
1213660800000,2008-06-17,110117.88352174273,"{'TLT': 0.45, 'IEF': 0.25, 'GLD': 0.15, 'SHY': 0.15}",0.0
1213747200000,2008-06-18,110896.19418966422,"{'TLT': 0.45, 'IEF': 0.25, 'GLD': 0.15, 'SHY': 0.15}",0.0
1213833600000,2008-06-19,110435.95617519142,"{'TLT': 0.45, 'IEF': 0.25, 'GLD': 0.15, 'SHY': 0.15}",0.0
1213920000000,2008-06-20,110982.96721796131,"{'TLT': 0.45, 'IEF': 0.25, 'GLD': 0.15, 'SHY': 0.15}",0.0
1214179200000,2008-06-23,110709.50853642446,"{'TLT': 0.45, 'IEF': 0.25, 'GLD': 0.15, 'SHY': 0.15}",0.0
1214265600000,2008-06-24,111291.39580318435,"{'TLT': 0.45, 'IEF': 0.25, 'GLD': 0.15, 'SHY': 0.15}",0.0
1214352000000,2008-06-25,111312.93917486545,"{'TLT': 0.45, 'IEF': 0.25, 'GLD': 0.15, 'SHY': 0.15}",0.0
1214438400000,2008-06-26,112464.56552097191,"{'TLT': 0.45, 'IEF': 0.25, 'GLD': 0.15, 'SHY': 0.15}",0.0
1214524800000,2008-06-27,113364.41844731777,"{'TLT': 0.45, 'IEF': 0.25, 'GLD': 0.15, 'SHY': 0.15}",0.0
1214784000000,2008-06-30,113392.0579773314,"{'TLT': 0.45, 'IEF': 0.25, 'GLD': 0.15, 'SHY': 0.15}",0.0
1214870400000,2008-07-01,113424.36433234808,"{'TLT': 0.45, 'IEF': 0.25, 'GLD': 0.15, 'SHY': 0.15}",0.0
1214956800000,2008-07-02,113855.06480383781,"{'TLT': 0.45, 'IEF': 0.25, 'GLD': 0.15, 'SHY': 0.15}",0.0
1215043200000,2008-07-03,113579.20255309761,"{'TLT': 0.45, 'IEF': 0.25, 'GLD': 0.15, 'SHY': 0.15}",0.0
1215388800000,2008-07-07,113801.79850680889,"{'TLT': 0.45, 'IEF': 0.25, 'GLD': 0.15, 'SHY': 0.15}",0.0
1215475200000,2008-07-08,114137.89994316136,"{'TLT': 0.45, 'IEF': 0.25, 'GLD': 0.15, 'SHY': 0.15}",0.0
1215561600000,2008-07-09,114649.28202410156,"{'TLT': 0.45, 'IEF': 0.25, 'GLD': 0.15, 'SHY': 0.15}",0.0
1215648000000,2008-07-10,115014.23884536161,"{'TLT': 0.45, 'IEF': 0.25, 'GLD': 0.15, 'SHY': 0.15}",0.0
1215734400000,2008-07-11,114274.47551968668,"{'TLT': 0.45, 'IEF': 0.25, 'GLD': 0.15, 'SHY': 0.15}",0.0
1215993600000,2008-07-14,115053.55418606411,"{'TLT': 0.45, 'IEF': 0.25, 'GLD': 0.15, 'SHY': 0.15}",0.0
1216080000000,2008-07-15,115212.70211448988,"{'TLT': 0.45, 'IEF': 0.25, 'GLD': 0.15, 'SHY': 0.15}",0.0
1216166400000,2008-07-16,113685.0982417266,"{'TLT': 0.45, 'IEF': 0.25, 'GLD': 0.15, 'SHY': 0.15}",0.0
1216252800000,2008-07-17,113221.47767589094,"{'TLT': 0.45, 'IEF': 0.25, 'GLD': 0.15, 'SHY': 0.15}",0.0
1216339200000,2008-07-18,112893.96152567196,"{'TLT': 0.45, 'IEF': 0.25, 'GLD': 0.15, 'SHY': 0.15}",0.0
1216598400000,2008-07-21,113334.23050480743,"{'TLT': 0.45, 'IEF': 0.25, 'GLD': 0.15, 'SHY': 0.15}",0.0
1216684800000,2008-07-22,112601.72399698287,"{'TLT': 0.45, 'IEF': 0.25, 'GLD': 0.15, 'SHY': 0.15}",0.0
1216771200000,2008-07-23,111995.36198505551,"{'TLT': 0.45, 'IEF': 0.25, 'GLD': 0.15, 'SHY': 0.15}",0.0
1216857600000,2008-07-24,112916.38674105912,"{'TLT': 0.45, 'IEF': 0.25, 'GLD': 0.15, 'SHY': 0.15}",0.0
1216944000000,2008-07-25,112288.74526874833,"{'TLT': 0.45, 'IEF': 0.25, 'GLD': 0.15, 'SHY': 0.15}",0.0
1217203200000,2008-07-28,113001.71787103148,"{'TLT': 0.45, 'IEF': 0.25, 'GLD': 0.15, 'SHY': 0.15}",0.0
1217289600000,2008-07-29,112489.61420122115,"{'TLT': 0.45, 'IEF': 0.25, 'GLD': 0.15, 'SHY': 0.15}",0.0
1217376000000,2008-07-30,112399.27063252378,"{'TLT': 0.45, 'IEF': 0.25, 'GLD': 0.15, 'SHY': 0.15}",0.0
1217462400000,2008-07-31,113265.26141597494,"{'TLT': 0.45, 'IEF': 0.25, 'GLD': 0.15, 'SHY': 0.15}",0.0
1217548800000,2008-08-01,113299.30166130325,"{'TLT': 0.45, 'IEF': 0.25, 'GLD': 0.15, 'SHY': 0.15}",0.0
1217808000000,2008-08-04,112889.63298117569,"{'TLT': 0.45, 'IEF': 0.25, 'GLD': 0.15, 'SHY': 0.15}",0.0
1217894400000,2008-08-05,111963.12204664777,"{'TLT': 0.45, 'IEF': 0.25, 'GLD': 0.15, 'SHY': 0.15}",0.0
1217980800000,2008-08-06,111878.38643285348,"{'TLT': 0.45, 'IEF': 0.25, 'GLD': 0.15, 'SHY': 0.15}",0.0
1218067200000,2008-08-07,112889.92512283492,"{'TLT': 0.45, 'IEF': 0.25, 'GLD': 0.15, 'SHY': 0.15}",0.0
1218153600000,2008-08-08,112674.76857004853,"{'TLT': 0.45, 'IEF': 0.25, 'GLD': 0.15, 'SHY': 0.15}",0.0
1218412800000,2008-08-11,111369.70387006474,"{'TLT': 0.45, 'IEF': 0.25, 'GLD': 0.15, 'SHY': 0.15}",0.0
1218499200000,2008-08-12,111934.95321330817,"{'TLT': 0.45, 'IEF': 0.25, 'GLD': 0.15, 'SHY': 0.15}",0.0
1218585600000,2008-08-13,111914.53741757614,"{'TLT': 0.45, 'IEF': 0.25, 'GLD': 0.15, 'SHY': 0.15}",0.0
1218672000000,2008-08-14,111875.4769916669,"{'TLT': 0.45, 'IEF': 0.25, 'GLD': 0.15, 'SHY': 0.15}",0.0
1218758400000,2008-08-15,112064.57399315438,"{'TLT': 0.45, 'IEF': 0.25, 'GLD': 0.15, 'SHY': 0.15}",0.0
1219017600000,2008-08-18,112601.90354781313,"{'TLT': 0.45, 'IEF': 0.25, 'GLD': 0.15, 'SHY': 0.15}",0.0
1219104000000,2008-08-19,112727.20897729305,"{'TLT': 0.45, 'IEF': 0.25, 'GLD': 0.15, 'SHY': 0.15}",0.0
1219190400000,2008-08-20,112895.81761693204,"{'TLT': 0.45, 'IEF': 0.25, 'GLD': 0.15, 'SHY': 0.15}",0.0
1219276800000,2008-08-21,113202.78225638934,"{'TLT': 0.45, 'IEF': 0.25, 'GLD': 0.15, 'SHY': 0.15}",0.0
1219363200000,2008-08-22,112805.05410287096,"{'TLT': 0.45, 'IEF': 0.25, 'GLD': 0.15, 'SHY': 0.15}",0.0
1219622400000,2008-08-25,113496.68975265215,"{'TLT': 0.45, 'IEF': 0.25, 'GLD': 0.15, 'SHY': 0.15}",0.0
1219708800000,2008-08-26,113606.63440325084,"{'TLT': 0.45, 'IEF': 0.25, 'GLD': 0.15, 'SHY': 0.15}",0.0
1219795200000,2008-08-27,113772.38356673408,"{'TLT': 0.45, 'IEF': 0.25, 'GLD': 0.15, 'SHY': 0.15}",0.0
1219881600000,2008-08-28,113900.33349923874,"{'TLT': 0.45, 'IEF': 0.25, 'GLD': 0.15, 'SHY': 0.15}",0.0
1219968000000,2008-08-29,113547.47852600072,"{'TLT': 0.45, 'IEF': 0.25, 'GLD': 0.15, 'SHY': 0.15}",0.0
1220313600000,2008-09-02,113675.81718958422,"{'TLT': 0.45, 'IEF': 0.25, 'GLD': 0.15, 'SHY': 0.15}",0.0
1220400000000,2008-09-03,113901.84616075971,"{'TLT': 0.45, 'IEF': 0.25, 'GLD': 0.15, 'SHY': 0.15}",0.0
1220486400000,2008-09-04,114357.59579375669,"{'TLT': 0.45, 'IEF': 0.25, 'GLD': 0.15, 'SHY': 0.15}",0.0
1220572800000,2008-09-05,114390.24722140067,"{'TLT': 0.45, 'IEF': 0.25, 'GLD': 0.15, 'SHY': 0.15}",0.0
1220832000000,2008-09-08,114574.71554552182,"{'TLT': 0.45, 'IEF': 0.25, 'GLD': 0.15, 'SHY': 0.15}",0.0
1220918400000,2008-09-09,114726.40089612387,"{'TLT': 0.45, 'IEF': 0.25, 'GLD': 0.15, 'SHY': 0.15}",0.0
1221004800000,2008-09-10,113827.03091815163,"{'TLT': 0.45, 'IEF': 0.25, 'GLD': 0.15, 'SHY': 0.15}",0.0
1221091200000,2008-09-11,113481.50164572442,"{'TLT': 0.45, 'IEF': 0.25, 'GLD': 0.15, 'SHY': 0.15}",0.0
1221177600000,2008-09-12,113258.7822278427,"{'TLT': 0.45, 'IEF': 0.25, 'GLD': 0.15, 'SHY': 0.15}",0.0
1221436800000,2008-09-15,116028.13736308947,"{'TLT': 0.45, 'IEF': 0.25, 'GLD': 0.15, 'SHY': 0.15}",0.0
1221523200000,2008-09-16,115730.9721311687,"{'TLT': 0.45, 'IEF': 0.25, 'GLD': 0.15, 'SHY': 0.15}",0.0
1221609600000,2008-09-17,118294.89903039606,"{'TLT': 0.45, 'IEF': 0.25, 'GLD': 0.15, 'SHY': 0.15}",0.0
1221696000000,2008-09-18,116559.68245020133,"{'TLT': 0.45, 'IEF': 0.25, 'GLD': 0.15, 'SHY': 0.15}",0.0
1221782400000,2008-09-19,114948.62655193436,"{'TLT': 0.45, 'IEF': 0.25, 'GLD': 0.15, 'SHY': 0.15}",0.0
1222041600000,2008-09-22,115536.14853204785,"{'TLT': 0.45, 'IEF': 0.25, 'GLD': 0.15, 'SHY': 0.15}",0.0
1222128000000,2008-09-23,115182.24355711292,"{'TLT': 0.45, 'IEF': 0.25, 'GLD': 0.15, 'SHY': 0.15}",0.0
1222214400000,2008-09-24,115206.01941311378,"{'TLT': 0.45, 'IEF': 0.25, 'GLD': 0.15, 'SHY': 0.15}",0.0
1222300800000,2008-09-25,114931.2728225098,"{'TLT': 0.45, 'IEF': 0.25, 'GLD': 0.15, 'SHY': 0.15}",0.0
1222387200000,2008-09-26,115324.66215025992,"{'TLT': 0.45, 'IEF': 0.25, 'GLD': 0.15, 'SHY': 0.15}",0.0
1222646400000,2008-09-29,117921.49142600976,"{'TLT': 0.45, 'IEF': 0.25, 'GLD': 0.15, 'SHY': 0.15}",0.0
1222732800000,2008-09-30,115277.35548836307,"{'TLT': 0.45, 'IEF': 0.25, 'GLD': 0.11897693118803175, 'SHY': 0.18102306881196822}",0.0
1222819200000,2008-10-01,116343.35025690125,"{'TLT': 0.45, 'IEF': 0.25, 'GLD': 0.11897693118803175, 'SHY': 0.18102306881196822}",0.0
1222905600000,2008-10-02,116386.48569786336,"{'TLT': 0.45, 'IEF': 0.25, 'GLD': 0.11897693118803175, 'SHY': 0.18102306881196822}",0.0
1222992000000,2008-10-03,117059.363021904,"{'TLT': 0.45, 'IEF': 0.25, 'GLD': 0.11897693118803175, 'SHY': 0.18102306881196822}",0.0
1223251200000,2008-10-06,118581.54515988744,"{'TLT': 0.45, 'IEF': 0.25, 'GLD': 0.11897693118803175, 'SHY': 0.18102306881196822}",0.0
1223337600000,2008-10-07,118902.98803819645,"{'TLT': 0.45, 'IEF': 0.25, 'GLD': 0.11897693118803175, 'SHY': 0.18102306881196822}",0.0
1223424000000,2008-10-08,118010.99220532583,"{'TLT': 0.45, 'IEF': 0.25, 'GLD': 0.11897693118803175, 'SHY': 0.18102306881196822}",0.0
1223510400000,2008-10-09,117356.02868018507,"{'TLT': 0.45, 'IEF': 0.25, 'GLD': 0.11897693118803175, 'SHY': 0.18102306881196822}",0.0
1223596800000,2008-10-10,115635.90633954435,"{'TLT': 0.45, 'IEF': 0.25, 'GLD': 0.11897693118803175, 'SHY': 0.18102306881196822}",0.0
1223856000000,2008-10-13,114475.42568540137,"{'TLT': 0.45, 'IEF': 0.25, 'GLD': 0.11897693118803175, 'SHY': 0.18102306881196822}",0.0
1223942400000,2008-10-14,114048.81042983038,"{'TLT': 0.45, 'IEF': 0.25, 'GLD': 0.11897693118803175, 'SHY': 0.18102306881196822}",0.0
1224028800000,2008-10-15,115025.5368981994,"{'TLT': 0.45, 'IEF': 0.25, 'GLD': 0.11897693118803175, 'SHY': 0.18102306881196822}",0.0
1224115200000,2008-10-16,114092.39655922714,"{'TLT': 0.45, 'IEF': 0.25, 'GLD': 0.11897693118803175, 'SHY': 0.18102306881196822}",0.0
1224201600000,2008-10-17,113577.46840536309,"{'TLT': 0.45, 'IEF': 0.25, 'GLD': 0.11897693118803175, 'SHY': 0.18102306881196822}",0.0
1224460800000,2008-10-20,114225.94972135244,"{'TLT': 0.45, 'IEF': 0.25, 'GLD': 0.11897693118803175, 'SHY': 0.18102306881196822}",0.0
1224547200000,2008-10-21,114413.55576411966,"{'TLT': 0.45, 'IEF': 0.25, 'GLD': 0.11897693118803175, 'SHY': 0.18102306881196822}",0.0
1224633600000,2008-10-22,114932.95926114538,"{'TLT': 0.45, 'IEF': 0.25, 'GLD': 0.11897693118803175, 'SHY': 0.18102306881196822}",0.0
1224720000000,2008-10-23,115140.63108823885,"{'TLT': 0.45, 'IEF': 0.25, 'GLD': 0.11897693118803175, 'SHY': 0.18102306881196822}",0.0
1224806400000,2008-10-24,114787.43706176117,"{'TLT': 0.45, 'IEF': 0.25, 'GLD': 0.11897693118803175, 'SHY': 0.18102306881196822}",0.0
1225065600000,2008-10-27,114751.30283845477,"{'TLT': 0.45, 'IEF': 0.25, 'GLD': 0.11897693118803175, 'SHY': 0.18102306881196822}",0.0
1225152000000,2008-10-28,114097.1739142484,"{'TLT': 0.45, 'IEF': 0.25, 'GLD': 0.11897693118803175, 'SHY': 0.18102306881196822}",0.0
1225238400000,2008-10-29,113931.56441006303,"{'TLT': 0.45, 'IEF': 0.25, 'GLD': 0.11897693118803175, 'SHY': 0.18102306881196822}",0.0
1225324800000,2008-10-30,113029.64037760648,"{'TLT': 0.45, 'IEF': 0.25, 'GLD': 0.11897693118803175, 'SHY': 0.18102306881196822}",0.0
1225411200000,2008-10-31,112067.93787116512,"{'TLT': 0.45, 'IEF': 0.25, 'GLD': 0.11423602337492429, 'SHY': 0.1857639766250757}",0.0
1225670400000,2008-11-03,112244.9697243287,"{'TLT': 0.45, 'IEF': 0.25, 'GLD': 0.11423602337492429, 'SHY': 0.1857639766250757}",0.0
1225756800000,2008-11-04,114311.37950722405,"{'TLT': 0.45, 'IEF': 0.25, 'GLD': 0.11423602337492429, 'SHY': 0.1857639766250757}",0.0
1225843200000,2008-11-05,114646.91320482807,"{'TLT': 0.45, 'IEF': 0.25, 'GLD': 0.11423602337492429, 'SHY': 0.1857639766250757}",0.0
1225929600000,2008-11-06,114090.9231155925,"{'TLT': 0.45, 'IEF': 0.25, 'GLD': 0.11423602337492429, 'SHY': 0.1857639766250757}",0.0
1226016000000,2008-11-07,113665.6366398676,"{'TLT': 0.45, 'IEF': 0.25, 'GLD': 0.11423602337492429, 'SHY': 0.1857639766250757}",0.0
1226275200000,2008-11-10,114202.90007123516,"{'TLT': 0.45, 'IEF': 0.25, 'GLD': 0.11423602337492429, 'SHY': 0.1857639766250757}",0.0
1226361600000,2008-11-11,114204.8102135971,"{'TLT': 0.45, 'IEF': 0.25, 'GLD': 0.11423602337492429, 'SHY': 0.1857639766250757}",0.0
1226448000000,2008-11-12,114372.60562724242,"{'TLT': 0.45, 'IEF': 0.25, 'GLD': 0.11423602337492429, 'SHY': 0.1857639766250757}",0.0
1226534400000,2008-11-13,113280.96814668152,"{'TLT': 0.45, 'IEF': 0.25, 'GLD': 0.11423602337492429, 'SHY': 0.1857639766250757}",0.0
1226620800000,2008-11-14,114772.95059537246,"{'TLT': 0.45, 'IEF': 0.25, 'GLD': 0.11423602337492429, 'SHY': 0.1857639766250757}",0.0
1226880000000,2008-11-17,115043.90402935844,"{'TLT': 0.45, 'IEF': 0.25, 'GLD': 0.11423602337492429, 'SHY': 0.1857639766250757}",0.0
1226966400000,2008-11-18,115930.67800016458,"{'TLT': 0.45, 'IEF': 0.25, 'GLD': 0.11423602337492429, 'SHY': 0.1857639766250757}",0.0
1227052800000,2008-11-19,117564.30800049087,"{'TLT': 0.45, 'IEF': 0.25, 'GLD': 0.11423602337492429, 'SHY': 0.1857639766250757}",0.0
1227139200000,2008-11-20,121151.49542988434,"{'TLT': 0.45, 'IEF': 0.25, 'GLD': 0.11423602337492429, 'SHY': 0.1857639766250757}",0.0
1227225600000,2008-11-21,121065.67702846037,"{'TLT': 0.45, 'IEF': 0.25, 'GLD': 0.11423602337492429, 'SHY': 0.1857639766250757}",0.0
1227484800000,2008-11-24,120235.53381028879,"{'TLT': 0.45, 'IEF': 0.25, 'GLD': 0.11423602337492429, 'SHY': 0.1857639766250757}",0.0
1227571200000,2008-11-25,122354.88837460775,"{'TLT': 0.45, 'IEF': 0.25, 'GLD': 0.11423602337492429, 'SHY': 0.1857639766250757}",0.0
1227657600000,2008-11-26,122600.31089963335,"{'TLT': 0.45, 'IEF': 0.25, 'GLD': 0.11423602337492429, 'SHY': 0.1857639766250757}",0.0
1227830400000,2008-11-28,123342.49055107978,"{'TLT': 0.45, 'IEF': 0.25, 'GLD': 0.0943418401565373, 'SHY': 0.2056581598434628}",0.0
1228089600000,2008-12-01,125251.89173419343,"{'TLT': 0.45, 'IEF': 0.25, 'GLD': 0.0943418401565373, 'SHY': 0.2056581598434628}",0.0
1228176000000,2008-12-02,125832.52796276806,"{'TLT': 0.45, 'IEF': 0.25, 'GLD': 0.0943418401565373, 'SHY': 0.2056581598434628}",0.0
1228262400000,2008-12-03,125944.27335280739,"{'TLT': 0.45, 'IEF': 0.25, 'GLD': 0.0943418401565373, 'SHY': 0.2056581598434628}",0.0
1228348800000,2008-12-04,127157.85821574132,"{'TLT': 0.45, 'IEF': 0.25, 'GLD': 0.0943418401565373, 'SHY': 0.2056581598434628}",0.0
1228435200000,2008-12-05,125708.171057039,"{'TLT': 0.45, 'IEF': 0.25, 'GLD': 0.0943418401565373, 'SHY': 0.2056581598434628}",0.0
1228694400000,2008-12-08,125697.60845852687,"{'TLT': 0.45, 'IEF': 0.25, 'GLD': 0.0943418401565373, 'SHY': 0.2056581598434628}",0.0
1228780800000,2008-12-09,127183.32096410998,"{'TLT': 0.45, 'IEF': 0.25, 'GLD': 0.0943418401565373, 'SHY': 0.2056581598434628}",0.0
1228867200000,2008-12-10,127519.68882126543,"{'TLT': 0.45, 'IEF': 0.25, 'GLD': 0.0943418401565373, 'SHY': 0.2056581598434628}",0.0
1228953600000,2008-12-11,128022.7794768601,"{'TLT': 0.45, 'IEF': 0.25, 'GLD': 0.0943418401565373, 'SHY': 0.2056581598434628}",0.0
1229040000000,2008-12-12,128148.7194125928,"{'TLT': 0.45, 'IEF': 0.25, 'GLD': 0.0943418401565373, 'SHY': 0.2056581598434628}",0.0
1229299200000,2008-12-15,129161.55992583878,"{'TLT': 0.45, 'IEF': 0.25, 'GLD': 0.0943418401565373, 'SHY': 0.2056581598434628}",0.0
1229385600000,2008-12-16,131398.3260609707,"{'TLT': 0.45, 'IEF': 0.25, 'GLD': 0.0943418401565373, 'SHY': 0.2056581598434628}",0.0
1229472000000,2008-12-17,133311.34113147363,"{'TLT': 0.45, 'IEF': 0.25, 'GLD': 0.0943418401565373, 'SHY': 0.2056581598434628}",0.0
1229558400000,2008-12-18,134578.4734840359,"{'TLT': 0.45, 'IEF': 0.25, 'GLD': 0.0943418401565373, 'SHY': 0.2056581598434628}",0.0
1229644800000,2008-12-19,134317.9938690633,"{'TLT': 0.45, 'IEF': 0.25, 'GLD': 0.0943418401565373, 'SHY': 0.2056581598434628}",0.0
1229904000000,2008-12-22,133840.65368471554,"{'TLT': 0.45, 'IEF': 0.25, 'GLD': 0.0943418401565373, 'SHY': 0.2056581598434628}",0.0
1229990400000,2008-12-23,133625.29254754505,"{'TLT': 0.45, 'IEF': 0.25, 'GLD': 0.0943418401565373, 'SHY': 0.2056581598434628}",0.0
1230076800000,2008-12-24,133595.73477919964,"{'TLT': 0.45, 'IEF': 0.25, 'GLD': 0.0943418401565373, 'SHY': 0.2056581598434628}",0.0
1230249600000,2008-12-26,134328.82030913874,"{'TLT': 0.45, 'IEF': 0.25, 'GLD': 0.0943418401565373, 'SHY': 0.2056581598434628}",0.0
1230508800000,2008-12-29,134502.34818859227,"{'TLT': 0.45, 'IEF': 0.25, 'GLD': 0.0943418401565373, 'SHY': 0.2056581598434628}",0.0
1230595200000,2008-12-30,135086.1089051463,"{'TLT': 0.45, 'IEF': 0.25, 'GLD': 0.0943418401565373, 'SHY': 0.2056581598434628}",0.0
1230681600000,2008-12-31,133518.40286753143,"{'TLT': 0.45, 'IEF': 0.25, 'GLD': 0.10986112164988811, 'SHY': 0.1901388783501119}",0.0
1230854400000,2009-01-02,131346.33005273138,"{'TLT': 0.45, 'IEF': 0.25, 'GLD': 0.10986112164988811, 'SHY': 0.1901388783501119}",0.0
1231113600000,2009-01-05,129522.44004429695,"{'TLT': 0.45, 'IEF': 0.25, 'GLD': 0.10986112164988811, 'SHY': 0.1901388783501119}",0.0
1231200000000,2009-01-06,129037.3479004058,"{'TLT': 0.45, 'IEF': 0.25, 'GLD': 0.10986112164988811, 'SHY': 0.1901388783501119}",0.0
1231286400000,2009-01-07,128857.99109834245,"{'TLT': 0.45, 'IEF': 0.25, 'GLD': 0.10986112164988811, 'SHY': 0.1901388783501119}",0.0
1231372800000,2009-01-08,129196.46509014656,"{'TLT': 0.45, 'IEF': 0.25, 'GLD': 0.10986112164988811, 'SHY': 0.1901388783501119}",0.0
1231459200000,2009-01-09,129360.50359963538,"{'TLT': 0.45, 'IEF': 0.25, 'GLD': 0.10986112164988811, 'SHY': 0.1901388783501119}",0.0
1231718400000,2009-01-12,129637.48247516855,"{'TLT': 0.45, 'IEF': 0.25, 'GLD': 0.10986112164988811, 'SHY': 0.1901388783501119}",0.0
1231804800000,2009-01-13,129746.10221227776,"{'TLT': 0.45, 'IEF': 0.25, 'GLD': 0.10986112164988811, 'SHY': 0.1901388783501119}",0.0
1231891200000,2009-01-14,130727.44629003949,"{'TLT': 0.45, 'IEF': 0.25, 'GLD': 0.10986112164988811, 'SHY': 0.1901388783501119}",0.0
1231977600000,2009-01-15,130878.8964580692,"{'TLT': 0.45, 'IEF': 0.25, 'GLD': 0.10986112164988811, 'SHY': 0.1901388783501119}",0.0
1232064000000,2009-01-16,130096.05218674138,"{'TLT': 0.45, 'IEF': 0.25, 'GLD': 0.10986112164988811, 'SHY': 0.1901388783501119}",0.0
1232409600000,2009-01-20,130360.4701509322,"{'TLT': 0.45, 'IEF': 0.25, 'GLD': 0.10986112164988811, 'SHY': 0.1901388783501119}",0.0
1232496000000,2009-01-21,128116.40435765765,"{'TLT': 0.45, 'IEF': 0.25, 'GLD': 0.10986112164988811, 'SHY': 0.1901388783501119}",0.0
1232582400000,2009-01-22,126878.58804438428,"{'TLT': 0.45, 'IEF': 0.25, 'GLD': 0.10986112164988811, 'SHY': 0.1901388783501119}",0.0
1232668800000,2009-01-23,127083.29310115692,"{'TLT': 0.45, 'IEF': 0.25, 'GLD': 0.10986112164988811, 'SHY': 0.1901388783501119}",0.0
1232928000000,2009-01-26,126539.63378038627,"{'TLT': 0.45, 'IEF': 0.25, 'GLD': 0.10986112164988811, 'SHY': 0.1901388783501119}",0.0
1233014400000,2009-01-27,128022.76405338933,"{'TLT': 0.45, 'IEF': 0.25, 'GLD': 0.10986112164988811, 'SHY': 0.1901388783501119}",0.0
1233100800000,2009-01-28,126216.49771650917,"{'TLT': 0.45, 'IEF': 0.25, 'GLD': 0.10986112164988811, 'SHY': 0.1901388783501119}",0.0
1233187200000,2009-01-29,124783.77818800347,"{'TLT': 0.45, 'IEF': 0.25, 'GLD': 0.10986112164988811, 'SHY': 0.1901388783501119}",0.0
1233273600000,2009-01-30,124882.89384091076,"{'TLT': 0.45, 'IEF': 0.25, 'GLD': 0.10216183583015905, 'SHY': 0.19783816416984096}",0.0
1233532800000,2009-02-02,125859.4873801444,"{'TLT': 0.45, 'IEF': 0.25, 'GLD': 0.10216183583015905, 'SHY': 0.19783816416984096}",0.0
1233619200000,2009-02-03,124159.43506937884,"{'TLT': 0.45, 'IEF': 0.25, 'GLD': 0.10216183583015905, 'SHY': 0.19783816416984096}",0.0
1233705600000,2009-02-04,123867.04558818672,"{'TLT': 0.45, 'IEF': 0.25, 'GLD': 0.10216183583015905, 'SHY': 0.19783816416984096}",0.0
1233792000000,2009-02-05,124127.71628206514,"{'TLT': 0.45, 'IEF': 0.25, 'GLD': 0.10216183583015905, 'SHY': 0.19783816416984096}",0.0
1233878400000,2009-02-06,123676.394269912,"{'TLT': 0.45, 'IEF': 0.25, 'GLD': 0.10216183583015905, 'SHY': 0.19783816416984096}",0.0
1234137600000,2009-02-09,123605.2736223743,"{'TLT': 0.45, 'IEF': 0.25, 'GLD': 0.10216183583015905, 'SHY': 0.19783816416984096}",0.0
1234224000000,2009-02-10,125553.33980835194,"{'TLT': 0.45, 'IEF': 0.25, 'GLD': 0.10216183583015905, 'SHY': 0.19783816416984096}",0.0
1234310400000,2009-02-11,126818.18724870608,"{'TLT': 0.45, 'IEF': 0.25, 'GLD': 0.10216183583015905, 'SHY': 0.19783816416984096}",0.0
1234396800000,2009-02-12,126424.27641324537,"{'TLT': 0.45, 'IEF': 0.25, 'GLD': 0.10216183583015905, 'SHY': 0.19783816416984096}",0.0
1234483200000,2009-02-13,124528.0680560677,"{'TLT': 0.45, 'IEF': 0.25, 'GLD': 0.10216183583015905, 'SHY': 0.19783816416984096}",0.0
1234828800000,2009-02-17,127260.11783173287,"{'TLT': 0.45, 'IEF': 0.25, 'GLD': 0.10216183583015905, 'SHY': 0.19783816416984096}",0.0
1234915200000,2009-02-18,126697.52947432364,"{'TLT': 0.45, 'IEF': 0.25, 'GLD': 0.10216183583015905, 'SHY': 0.19783816416984096}",0.0
1235001600000,2009-02-19,125391.14439253508,"{'TLT': 0.45, 'IEF': 0.25, 'GLD': 0.10216183583015905, 'SHY': 0.19783816416984096}",0.0
1235088000000,2009-02-20,126320.80948985902,"{'TLT': 0.45, 'IEF': 0.25, 'GLD': 0.10216183583015905, 'SHY': 0.19783816416984096}",0.0
1235347200000,2009-02-23,126863.53163982274,"{'TLT': 0.45, 'IEF': 0.25, 'GLD': 0.10216183583015905, 'SHY': 0.19783816416984096}",0.0
1235433600000,2009-02-24,126268.07142831272,"{'TLT': 0.45, 'IEF': 0.25, 'GLD': 0.10216183583015905, 'SHY': 0.19783816416984096}",0.0
1235520000000,2009-02-25,125063.16175345765,"{'TLT': 0.45, 'IEF': 0.25, 'GLD': 0.10216183583015905, 'SHY': 0.19783816416984096}",0.0
1235606400000,2009-02-26,124390.46151742856,"{'TLT': 0.45, 'IEF': 0.25, 'GLD': 0.10216183583015905, 'SHY': 0.19783816416984096}",0.0
1235692800000,2009-02-27,123996.72128190803,"{'TLT': 0.45, 'IEF': 0.25, 'GLD': 0.10914108773365723, 'SHY': 0.19085891226634277}",0.0
1235952000000,2009-03-02,125036.48751155319,"{'TLT': 0.45, 'IEF': 0.25, 'GLD': 0.10914108773365723, 'SHY': 0.19085891226634277}",0.0
1236038400000,2009-03-03,124467.37637117924,"{'TLT': 0.45, 'IEF': 0.25, 'GLD': 0.10914108773365723, 'SHY': 0.19085891226634277}",0.0
1236124800000,2009-03-04,123868.540575152,"{'TLT': 0.45, 'IEF': 0.25, 'GLD': 0.10914108773365723, 'SHY': 0.19085891226634277}",0.0
1236211200000,2009-03-05,126265.70457384626,"{'TLT': 0.45, 'IEF': 0.25, 'GLD': 0.10914108773365723, 'SHY': 0.19085891226634277}",0.0
1236297600000,2009-03-06,125764.80488846717,"{'TLT': 0.45, 'IEF': 0.25, 'GLD': 0.10914108773365723, 'SHY': 0.19085891226634277}",0.0
1236556800000,2009-03-09,125168.34158111719,"{'TLT': 0.45, 'IEF': 0.25, 'GLD': 0.10914108773365723, 'SHY': 0.19085891226634277}",0.0
1236643200000,2009-03-10,123477.76873990554,"{'TLT': 0.45, 'IEF': 0.25, 'GLD': 0.10914108773365723, 'SHY': 0.19085891226634277}",0.0
1236729600000,2009-03-11,124475.77829671935,"{'TLT': 0.45, 'IEF': 0.25, 'GLD': 0.10914108773365723, 'SHY': 0.19085891226634277}",0.0
1236816000000,2009-03-12,125126.56469730115,"{'TLT': 0.45, 'IEF': 0.25, 'GLD': 0.10914108773365723, 'SHY': 0.19085891226634277}",0.0
1236902400000,2009-03-13,124869.76701673133,"{'TLT': 0.45, 'IEF': 0.25, 'GLD': 0.10914108773365723, 'SHY': 0.19085891226634277}",0.0
1237161600000,2009-03-16,123699.8762758893,"{'TLT': 0.45, 'IEF': 0.25, 'GLD': 0.10914108773365723, 'SHY': 0.19085891226634277}",0.0
1237248000000,2009-03-17,123219.25201796743,"{'TLT': 0.45, 'IEF': 0.25, 'GLD': 0.10914108773365723, 'SHY': 0.19085891226634277}",0.0
1237334400000,2009-03-18,126920.82085673747,"{'TLT': 0.45, 'IEF': 0.25, 'GLD': 0.10914108773365723, 'SHY': 0.19085891226634277}",0.0
1237420800000,2009-03-19,127042.9852275982,"{'TLT': 0.45, 'IEF': 0.25, 'GLD': 0.10914108773365723, 'SHY': 0.19085891226634277}",0.0
1237507200000,2009-03-20,126642.8240520462,"{'TLT': 0.45, 'IEF': 0.25, 'GLD': 0.10914108773365723, 'SHY': 0.19085891226634277}",0.0
1237766400000,2009-03-23,125798.31721083571,"{'TLT': 0.45, 'IEF': 0.25, 'GLD': 0.10914108773365723, 'SHY': 0.19085891226634277}",0.0
1237852800000,2009-03-24,126091.28583440761,"{'TLT': 0.45, 'IEF': 0.25, 'GLD': 0.10914108773365723, 'SHY': 0.19085891226634277}",0.0
1237939200000,2009-03-25,125287.87426401908,"{'TLT': 0.45, 'IEF': 0.25, 'GLD': 0.10914108773365723, 'SHY': 0.19085891226634277}",0.0
1238025600000,2009-03-26,126047.45020698429,"{'TLT': 0.45, 'IEF': 0.25, 'GLD': 0.10914108773365723, 'SHY': 0.19085891226634277}",0.0
1238112000000,2009-03-27,126274.41796436215,"{'TLT': 0.45, 'IEF': 0.25, 'GLD': 0.10914108773365723, 'SHY': 0.19085891226634277}",0.0
1238371200000,2009-03-30,126541.71611596811,"{'TLT': 0.45, 'IEF': 0.25, 'GLD': 0.10914108773365723, 'SHY': 0.19085891226634277}",0.0
1238457600000,2009-03-31,127084.1655987731,"{'TLT': 0.45, 'IEF': 0.25, 'GLD': 0.10430484049391345, 'SHY': 0.19569515950608665}",0.0
1238544000000,2009-04-01,127788.51393796795,"{'TLT': 0.45, 'IEF': 0.25, 'GLD': 0.10430484049391345, 'SHY': 0.19569515950608665}",0.0
1238630400000,2009-04-02,126509.16307879896,"{'TLT': 0.45, 'IEF': 0.25, 'GLD': 0.10430484049391345, 'SHY': 0.19569515950608665}",0.0
1238716800000,2009-04-03,124745.71316947485,"{'TLT': 0.45, 'IEF': 0.25, 'GLD': 0.10430484049391345, 'SHY': 0.19569515950608665}",0.0
1238976000000,2009-04-06,124106.1457367287,"{'TLT': 0.45, 'IEF': 0.25, 'GLD': 0.10430484049391345, 'SHY': 0.19569515950608665}",0.0
1239062400000,2009-04-07,124558.44557305054,"{'TLT': 0.45, 'IEF': 0.25, 'GLD': 0.10430484049391345, 'SHY': 0.19569515950608665}",0.0
1239148800000,2009-04-08,125189.74485439279,"{'TLT': 0.45, 'IEF': 0.25, 'GLD': 0.10430484049391345, 'SHY': 0.19569515950608665}",0.0
1239235200000,2009-04-09,124224.88697272999,"{'TLT': 0.45, 'IEF': 0.25, 'GLD': 0.10430484049391345, 'SHY': 0.19569515950608665}",0.0
1239580800000,2009-04-13,125203.92401097949,"{'TLT': 0.45, 'IEF': 0.25, 'GLD': 0.10430484049391345, 'SHY': 0.19569515950608665}",0.0
1239667200000,2009-04-14,125604.06947421978,"{'TLT': 0.45, 'IEF': 0.25, 'GLD': 0.10430484049391345, 'SHY': 0.19569515950608665}",0.0
1239753600000,2009-04-15,125566.75116570956,"{'TLT': 0.45, 'IEF': 0.25, 'GLD': 0.10430484049391345, 'SHY': 0.19569515950608665}",0.0
1239840000000,2009-04-16,124707.28183322446,"{'TLT': 0.45, 'IEF': 0.25, 'GLD': 0.10430484049391345, 'SHY': 0.19569515950608665}",0.0
1239926400000,2009-04-17,123723.67212683966,"{'TLT': 0.45, 'IEF': 0.25, 'GLD': 0.10430484049391345, 'SHY': 0.19569515950608665}",0.0
1240185600000,2009-04-20,125067.2980660336,"{'TLT': 0.45, 'IEF': 0.25, 'GLD': 0.10430484049391345, 'SHY': 0.19569515950608665}",0.0
1240272000000,2009-04-21,124383.89793975963,"{'TLT': 0.45, 'IEF': 0.25, 'GLD': 0.10430484049391345, 'SHY': 0.19569515950608665}",0.0
1240358400000,2009-04-22,124042.28572520852,"{'TLT': 0.45, 'IEF': 0.25, 'GLD': 0.10430484049391345, 'SHY': 0.19569515950608665}",0.0
1240444800000,2009-04-23,124223.17025163816,"{'TLT': 0.45, 'IEF': 0.25, 'GLD': 0.10430484049391345, 'SHY': 0.19569515950608665}",0.0
1240531200000,2009-04-24,123674.92385758537,"{'TLT': 0.45, 'IEF': 0.25, 'GLD': 0.10430484049391345, 'SHY': 0.19569515950608665}",0.0
1240790400000,2009-04-27,123967.32662581545,"{'TLT': 0.45, 'IEF': 0.25, 'GLD': 0.10430484049391345, 'SHY': 0.19569515950608665}",0.0
1240876800000,2009-04-28,122699.4754897335,"{'TLT': 0.45, 'IEF': 0.25, 'GLD': 0.10430484049391345, 'SHY': 0.19569515950608665}",0.0
1240963200000,2009-04-29,122140.57740935971,"{'TLT': 0.45, 'IEF': 0.25, 'GLD': 0.10430484049391345, 'SHY': 0.19569515950608665}",0.0
1241049600000,2009-04-30,121737.23653292705,"{'TLT': 0.45, 'IEF': 0.25, 'GLD': 0.10990144661626035, 'SHY': 0.19009855338373965}",0.0
1241136000000,2009-05-01,121196.00924493912,"{'TLT': 0.45, 'IEF': 0.25, 'GLD': 0.10990144661626035, 'SHY': 0.19009855338373965}",0.0
1241395200000,2009-05-04,121658.40211442046,"{'TLT': 0.45, 'IEF': 0.25, 'GLD': 0.10990144661626035, 'SHY': 0.19009855338373965}",0.0
1241481600000,2009-05-05,121520.0954622476,"{'TLT': 0.45, 'IEF': 0.25, 'GLD': 0.10990144661626035, 'SHY': 0.19009855338373965}",0.0
1241568000000,2009-05-06,121612.90368394472,"{'TLT': 0.45, 'IEF': 0.25, 'GLD': 0.10990144661626035, 'SHY': 0.19009855338373965}",0.0
1241654400000,2009-05-07,119974.37060890667,"{'TLT': 0.45, 'IEF': 0.25, 'GLD': 0.10990144661626035, 'SHY': 0.19009855338373965}",0.0
1241740800000,2009-05-08,120237.16106011134,"{'TLT': 0.45, 'IEF': 0.25, 'GLD': 0.10990144661626035, 'SHY': 0.19009855338373965}",0.0
1242000000000,2009-05-11,121284.7813548748,"{'TLT': 0.45, 'IEF': 0.25, 'GLD': 0.10990144661626035, 'SHY': 0.19009855338373965}",0.0
1242086400000,2009-05-12,121611.04584549405,"{'TLT': 0.45, 'IEF': 0.25, 'GLD': 0.10990144661626035, 'SHY': 0.19009855338373965}",0.0
1242172800000,2009-05-13,122414.15909298867,"{'TLT': 0.45, 'IEF': 0.25, 'GLD': 0.10990144661626035, 'SHY': 0.19009855338373965}",0.0
1242259200000,2009-05-14,122631.16031852097,"{'TLT': 0.45, 'IEF': 0.25, 'GLD': 0.10990144661626035, 'SHY': 0.19009855338373965}",0.0
1242345600000,2009-05-15,122613.33611061088,"{'TLT': 0.45, 'IEF': 0.25, 'GLD': 0.10990144661626035, 'SHY': 0.19009855338373965}",0.0
1242604800000,2009-05-18,121380.31924194269,"{'TLT': 0.45, 'IEF': 0.25, 'GLD': 0.10990144661626035, 'SHY': 0.19009855338373965}",0.0
1242691200000,2009-05-19,121151.62606618533,"{'TLT': 0.45, 'IEF': 0.25, 'GLD': 0.10990144661626035, 'SHY': 0.19009855338373965}",0.0
1242777600000,2009-05-20,122038.70305140743,"{'TLT': 0.45, 'IEF': 0.25, 'GLD': 0.10990144661626035, 'SHY': 0.19009855338373965}",0.0
1242864000000,2009-05-21,120525.78582081683,"{'TLT': 0.45, 'IEF': 0.25, 'GLD': 0.10990144661626035, 'SHY': 0.19009855338373965}",0.0
1242950400000,2009-05-22,119794.8752307437,"{'TLT': 0.45, 'IEF': 0.25, 'GLD': 0.10990144661626035, 'SHY': 0.19009855338373965}",0.0
1243296000000,2009-05-26,118698.37247292468,"{'TLT': 0.45, 'IEF': 0.25, 'GLD': 0.10990144661626035, 'SHY': 0.19009855338373965}",0.0
1243382400000,2009-05-27,117368.81562802434,"{'TLT': 0.45, 'IEF': 0.25, 'GLD': 0.10990144661626035, 'SHY': 0.19009855338373965}",0.0
1243468800000,2009-05-28,118393.10596529041,"{'TLT': 0.45, 'IEF': 0.25, 'GLD': 0.10990144661626035, 'SHY': 0.19009855338373965}",0.0
1243555200000,2009-05-29,120398.88774281996,"{'TLT': 0.45, 'IEF': 0.25, 'GLD': 0.056844579403326344, 'SHY': 0.24315542059667375}",0.0
1243814400000,2009-06-01,118248.31641689692,"{'TLT': 0.45, 'IEF': 0.25, 'GLD': 0.056844579403326344, 'SHY': 0.24315542059667375}",0.0
1243900800000,2009-06-02,118667.41822394157,"{'TLT': 0.45, 'IEF': 0.25, 'GLD': 0.056844579403326344, 'SHY': 0.24315542059667375}",0.0
1243987200000,2009-06-03,119265.40203234249,"{'TLT': 0.45, 'IEF': 0.25, 'GLD': 0.056844579403326344, 'SHY': 0.24315542059667375}",0.0
1244073600000,2009-06-04,117913.73333065743,"{'TLT': 0.45, 'IEF': 0.25, 'GLD': 0.056844579403326344, 'SHY': 0.24315542059667375}",0.0
1244160000000,2009-06-05,116852.29677009028,"{'TLT': 0.45, 'IEF': 0.25, 'GLD': 0.056844579403326344, 'SHY': 0.24315542059667375}",0.0
1244419200000,2009-06-08,116483.5483681635,"{'TLT': 0.45, 'IEF': 0.25, 'GLD': 0.056844579403326344, 'SHY': 0.24315542059667375}",0.0
1244505600000,2009-06-09,116687.19886541262,"{'TLT': 0.45, 'IEF': 0.25, 'GLD': 0.056844579403326344, 'SHY': 0.24315542059667375}",0.0
1244592000000,2009-06-10,115684.97698594896,"{'TLT': 0.45, 'IEF': 0.25, 'GLD': 0.056844579403326344, 'SHY': 0.24315542059667375}",0.0
1244678400000,2009-06-11,116452.78877445731,"{'TLT': 0.45, 'IEF': 0.25, 'GLD': 0.056844579403326344, 'SHY': 0.24315542059667375}",0.0
1244764800000,2009-06-12,116999.94519189929,"{'TLT': 0.45, 'IEF': 0.25, 'GLD': 0.056844579403326344, 'SHY': 0.24315542059667375}",0.0
1245024000000,2009-06-15,117548.58525412504,"{'TLT': 0.45, 'IEF': 0.25, 'GLD': 0.056844579403326344, 'SHY': 0.24315542059667375}",0.0
1245110400000,2009-06-16,118725.21528394014,"{'TLT': 0.45, 'IEF': 0.25, 'GLD': 0.056844579403326344, 'SHY': 0.24315542059667375}",0.0
1245196800000,2009-06-17,118407.20278837816,"{'TLT': 0.45, 'IEF': 0.25, 'GLD': 0.056844579403326344, 'SHY': 0.24315542059667375}",0.0
1245283200000,2009-06-18,117139.01639238308,"{'TLT': 0.45, 'IEF': 0.25, 'GLD': 0.056844579403326344, 'SHY': 0.24315542059667375}",0.0
1245369600000,2009-06-19,118035.2242763168,"{'TLT': 0.45, 'IEF': 0.25, 'GLD': 0.056844579403326344, 'SHY': 0.24315542059667375}",0.0
1245628800000,2009-06-22,118648.45181310142,"{'TLT': 0.45, 'IEF': 0.25, 'GLD': 0.056844579403326344, 'SHY': 0.24315542059667375}",0.0
1245715200000,2009-06-23,119401.45428828664,"{'TLT': 0.45, 'IEF': 0.25, 'GLD': 0.056844579403326344, 'SHY': 0.24315542059667375}",0.0
1245801600000,2009-06-24,118785.38621349774,"{'TLT': 0.45, 'IEF': 0.25, 'GLD': 0.056844579403326344, 'SHY': 0.24315542059667375}",0.0
1245888000000,2009-06-25,120255.81378262574,"{'TLT': 0.45, 'IEF': 0.25, 'GLD': 0.056844579403326344, 'SHY': 0.24315542059667375}",0.0
1245974400000,2009-06-26,120399.84671792598,"{'TLT': 0.45, 'IEF': 0.25, 'GLD': 0.056844579403326344, 'SHY': 0.24315542059667375}",0.0
1246233600000,2009-06-29,120524.52990244217,"{'TLT': 0.45, 'IEF': 0.25, 'GLD': 0.056844579403326344, 'SHY': 0.24315542059667375}",0.0
1246320000000,2009-06-30,120218.90377865078,"{'SPY': 0.125, 'QQQ': 0.075, 'TLT': 0.15, 'LQD': 0.075, 'HYG': 0.1, 'GLD': 0.05, 'SHY': 0.425}",0.0
1246406400000,2009-07-01,120397.54920497198,"{'SPY': 0.125, 'QQQ': 0.075, 'TLT': 0.15, 'LQD': 0.075, 'HYG': 0.1, 'GLD': 0.05, 'SHY': 0.425}",0.0
1246492800000,2009-07-02,119602.42897377974,"{'SPY': 0.125, 'QQQ': 0.075, 'TLT': 0.15, 'LQD': 0.075, 'HYG': 0.1, 'GLD': 0.05, 'SHY': 0.425}",0.0
1246838400000,2009-07-06,119347.93762394835,"{'SPY': 0.125, 'QQQ': 0.075, 'TLT': 0.15, 'LQD': 0.075, 'HYG': 0.1, 'GLD': 0.05, 'SHY': 0.425}",0.0
1246924800000,2009-07-07,118744.51588392493,"{'SPY': 0.125, 'QQQ': 0.075, 'TLT': 0.15, 'LQD': 0.075, 'HYG': 0.1, 'GLD': 0.05, 'SHY': 0.425}",0.0
1247011200000,2009-07-08,119247.50706741343,"{'SPY': 0.125, 'QQQ': 0.075, 'TLT': 0.15, 'LQD': 0.075, 'HYG': 0.1, 'GLD': 0.05, 'SHY': 0.425}",0.0
1247097600000,2009-07-09,119245.00896705783,"{'SPY': 0.125, 'QQQ': 0.075, 'TLT': 0.15, 'LQD': 0.075, 'HYG': 0.1, 'GLD': 0.05, 'SHY': 0.425}",0.0
1247184000000,2009-07-10,119410.52293768902,"{'SPY': 0.125, 'QQQ': 0.075, 'TLT': 0.15, 'LQD': 0.075, 'HYG': 0.1, 'GLD': 0.05, 'SHY': 0.425}",0.0
1247443200000,2009-07-13,119876.59995321091,"{'SPY': 0.125, 'QQQ': 0.075, 'TLT': 0.15, 'LQD': 0.075, 'HYG': 0.1, 'GLD': 0.05, 'SHY': 0.425}",0.0
1247529600000,2009-07-14,119727.56781915092,"{'SPY': 0.125, 'QQQ': 0.075, 'TLT': 0.15, 'LQD': 0.075, 'HYG': 0.1, 'GLD': 0.05, 'SHY': 0.425}",0.0
1247616000000,2009-07-15,120159.29844703375,"{'SPY': 0.125, 'QQQ': 0.075, 'TLT': 0.15, 'LQD': 0.075, 'HYG': 0.1, 'GLD': 0.05, 'SHY': 0.425}",0.0
1247702400000,2009-07-16,120598.62022547491,"{'SPY': 0.125, 'QQQ': 0.075, 'TLT': 0.15, 'LQD': 0.075, 'HYG': 0.1, 'GLD': 0.05, 'SHY': 0.425}",0.0
1247788800000,2009-07-17,120494.16360577192,"{'SPY': 0.125, 'QQQ': 0.075, 'TLT': 0.15, 'LQD': 0.075, 'HYG': 0.1, 'GLD': 0.05, 'SHY': 0.425}",0.0
1248048000000,2009-07-20,121123.03916823269,"{'SPY': 0.125, 'QQQ': 0.075, 'TLT': 0.15, 'LQD': 0.075, 'HYG': 0.1, 'GLD': 0.05, 'SHY': 0.425}",0.0
1248134400000,2009-07-21,121856.91722723724,"{'SPY': 0.125, 'QQQ': 0.075, 'TLT': 0.15, 'LQD': 0.075, 'HYG': 0.1, 'GLD': 0.05, 'SHY': 0.425}",0.0
1248220800000,2009-07-22,121752.66283951387,"{'SPY': 0.125, 'QQQ': 0.075, 'TLT': 0.15, 'LQD': 0.075, 'HYG': 0.1, 'GLD': 0.05, 'SHY': 0.425}",0.0
1248307200000,2009-07-23,121959.72197037922,"{'SPY': 0.125, 'QQQ': 0.075, 'TLT': 0.15, 'LQD': 0.075, 'HYG': 0.1, 'GLD': 0.05, 'SHY': 0.425}",0.0
1248393600000,2009-07-24,122178.816958175,"{'SPY': 0.125, 'QQQ': 0.075, 'TLT': 0.15, 'LQD': 0.075, 'HYG': 0.1, 'GLD': 0.05, 'SHY': 0.425}",0.0
1248652800000,2009-07-27,122068.05415049045,"{'SPY': 0.125, 'QQQ': 0.075, 'TLT': 0.15, 'LQD': 0.075, 'HYG': 0.1, 'GLD': 0.05, 'SHY': 0.425}",0.0
1248739200000,2009-07-28,122009.2124309351,"{'SPY': 0.125, 'QQQ': 0.075, 'TLT': 0.15, 'LQD': 0.075, 'HYG': 0.1, 'GLD': 0.05, 'SHY': 0.425}",0.0
1248825600000,2009-07-29,122140.87004566948,"{'SPY': 0.125, 'QQQ': 0.075, 'TLT': 0.15, 'LQD': 0.075, 'HYG': 0.1, 'GLD': 0.05, 'SHY': 0.425}",0.0
1248912000000,2009-07-30,122798.67467795317,"{'SPY': 0.125, 'QQQ': 0.075, 'TLT': 0.15, 'LQD': 0.075, 'HYG': 0.1, 'GLD': 0.05, 'SHY': 0.425}",0.0
1248998400000,2009-07-31,123622.86888495674,"{'SPY': 0.24999999999999994, 'QQQ': 0.14999999999999997, 'TLT': 0.14999999999999997, 'LQD': 0.14999999999999997, 'HYG': 0.19999999999999996, 'GLD': 0.09999999999999998}",2.220446049250313e-16
1249257600000,2009-08-03,124072.15386775916,"{'SPY': 0.24999999999999994, 'QQQ': 0.14999999999999997, 'TLT': 0.14999999999999997, 'LQD': 0.14999999999999997, 'HYG': 0.19999999999999996, 'GLD': 0.09999999999999998}",2.220446049250313e-16
1249344000000,2009-08-04,123964.33246154366,"{'SPY': 0.24999999999999994, 'QQQ': 0.14999999999999997, 'TLT': 0.14999999999999997, 'LQD': 0.14999999999999997, 'HYG': 0.19999999999999996, 'GLD': 0.09999999999999998}",2.220446049250313e-16
1249430400000,2009-08-05,123389.92869180378,"{'SPY': 0.24999999999999994, 'QQQ': 0.14999999999999997, 'TLT': 0.14999999999999997, 'LQD': 0.14999999999999997, 'HYG': 0.19999999999999996, 'GLD': 0.09999999999999998}",2.220446049250313e-16
1249516800000,2009-08-06,122861.05955934025,"{'SPY': 0.24999999999999994, 'QQQ': 0.14999999999999997, 'TLT': 0.14999999999999997, 'LQD': 0.14999999999999997, 'HYG': 0.19999999999999996, 'GLD': 0.09999999999999998}",2.220446049250313e-16
1249603200000,2009-08-07,123402.51378827242,"{'SPY': 0.24999999999999994, 'QQQ': 0.14999999999999997, 'TLT': 0.14999999999999997, 'LQD': 0.14999999999999997, 'HYG': 0.19999999999999996, 'GLD': 0.09999999999999998}",2.220446049250313e-16
1249862400000,2009-08-10,123502.22299653417,"{'SPY': 0.24999999999999994, 'QQQ': 0.14999999999999997, 'TLT': 0.14999999999999997, 'LQD': 0.14999999999999997, 'HYG': 0.19999999999999996, 'GLD': 0.09999999999999998}",2.220446049250313e-16
1249948800000,2009-08-11,123190.447087603,"{'SPY': 0.24999999999999994, 'QQQ': 0.14999999999999997, 'TLT': 0.14999999999999997, 'LQD': 0.14999999999999997, 'HYG': 0.19999999999999996, 'GLD': 0.09999999999999998}",2.220446049250313e-16
1250035200000,2009-08-12,123408.5003808966,"{'SPY': 0.24999999999999994, 'QQQ': 0.14999999999999997, 'TLT': 0.14999999999999997, 'LQD': 0.14999999999999997, 'HYG': 0.19999999999999996, 'GLD': 0.09999999999999998}",2.220446049250313e-16
1250121600000,2009-08-13,123976.48057436367,"{'SPY': 0.24999999999999994, 'QQQ': 0.14999999999999997, 'TLT': 0.14999999999999997, 'LQD': 0.14999999999999997, 'HYG': 0.19999999999999996, 'GLD': 0.09999999999999998}",2.220446049250313e-16
1250208000000,2009-08-14,123374.68348027434,"{'SPY': 0.24999999999999994, 'QQQ': 0.14999999999999997, 'TLT': 0.14999999999999997, 'LQD': 0.14999999999999997, 'HYG': 0.19999999999999996, 'GLD': 0.09999999999999998}",2.220446049250313e-16
1250467200000,2009-08-17,121595.6261905375,"{'SPY': 0.24999999999999994, 'QQQ': 0.14999999999999997, 'TLT': 0.14999999999999997, 'LQD': 0.14999999999999997, 'HYG': 0.19999999999999996, 'GLD': 0.09999999999999998}",2.220446049250313e-16
1250553600000,2009-08-18,122425.63207521297,"{'SPY': 0.24999999999999994, 'QQQ': 0.14999999999999997, 'TLT': 0.14999999999999997, 'LQD': 0.14999999999999997, 'HYG': 0.19999999999999996, 'GLD': 0.09999999999999998}",2.220446049250313e-16
1250640000000,2009-08-19,123194.25522648405,"{'SPY': 0.24999999999999994, 'QQQ': 0.14999999999999997, 'TLT': 0.14999999999999997, 'LQD': 0.14999999999999997, 'HYG': 0.19999999999999996, 'GLD': 0.09999999999999998}",2.220446049250313e-16
1250726400000,2009-08-20,123857.19519423552,"{'SPY': 0.24999999999999994, 'QQQ': 0.14999999999999997, 'TLT': 0.14999999999999997, 'LQD': 0.14999999999999997, 'HYG': 0.19999999999999996, 'GLD': 0.09999999999999998}",2.220446049250313e-16
1250812800000,2009-08-21,124768.8181187796,"{'SPY': 0.24999999999999994, 'QQQ': 0.14999999999999997, 'TLT': 0.14999999999999997, 'LQD': 0.14999999999999997, 'HYG': 0.19999999999999996, 'GLD': 0.09999999999999998}",2.220446049250313e-16
1251072000000,2009-08-24,124877.84620598733,"{'SPY': 0.24999999999999994, 'QQQ': 0.14999999999999997, 'TLT': 0.14999999999999997, 'LQD': 0.14999999999999997, 'HYG': 0.19999999999999996, 'GLD': 0.09999999999999998}",2.220446049250313e-16
1251158400000,2009-08-25,125186.43901835528,"{'SPY': 0.24999999999999994, 'QQQ': 0.14999999999999997, 'TLT': 0.14999999999999997, 'LQD': 0.14999999999999997, 'HYG': 0.19999999999999996, 'GLD': 0.09999999999999998}",2.220446049250313e-16
1251244800000,2009-08-26,125469.23943515998,"{'SPY': 0.24999999999999994, 'QQQ': 0.14999999999999997, 'TLT': 0.14999999999999997, 'LQD': 0.14999999999999997, 'HYG': 0.19999999999999996, 'GLD': 0.09999999999999998}",2.220446049250313e-16
1251331200000,2009-08-27,125351.55530497814,"{'SPY': 0.24999999999999994, 'QQQ': 0.14999999999999997, 'TLT': 0.14999999999999997, 'LQD': 0.14999999999999997, 'HYG': 0.19999999999999996, 'GLD': 0.09999999999999998}",2.220446049250313e-16
1251417600000,2009-08-28,125760.88109896895,"{'SPY': 0.24999999999999994, 'QQQ': 0.14999999999999997, 'TLT': 0.14999999999999997, 'LQD': 0.14999999999999997, 'HYG': 0.19999999999999996, 'GLD': 0.09999999999999998}",2.220446049250313e-16
1251676800000,2009-08-31,125289.22298772376,"{'SPY': 0.35, 'QQQ': 0.2, 'IWM': 0.15, 'HYG': 0.1, 'DBC': 0.1, 'GLD': 0.1}",0.0
1251763200000,2009-09-01,123188.61345878402,"{'SPY': 0.35, 'QQQ': 0.2, 'IWM': 0.15, 'HYG': 0.1, 'DBC': 0.1, 'GLD': 0.1}",0.0
1251849600000,2009-09-02,123176.960475817,"{'SPY': 0.35, 'QQQ': 0.2, 'IWM': 0.15, 'HYG': 0.1, 'DBC': 0.1, 'GLD': 0.1}",0.0
1251936000000,2009-09-03,124084.70474718379,"{'SPY': 0.35, 'QQQ': 0.2, 'IWM': 0.15, 'HYG': 0.1, 'DBC': 0.1, 'GLD': 0.1}",0.0
1252022400000,2009-09-04,125540.88023324967,"{'SPY': 0.35, 'QQQ': 0.2, 'IWM': 0.15, 'HYG': 0.1, 'DBC': 0.1, 'GLD': 0.1}",0.0
1252368000000,2009-09-08,126762.06361389812,"{'SPY': 0.35, 'QQQ': 0.2, 'IWM': 0.15, 'HYG': 0.1, 'DBC': 0.1, 'GLD': 0.1}",0.0
1252454400000,2009-09-09,127533.41709938015,"{'SPY': 0.35, 'QQQ': 0.2, 'IWM': 0.15, 'HYG': 0.1, 'DBC': 0.1, 'GLD': 0.1}",0.0
1252540800000,2009-09-10,128818.01600337145,"{'SPY': 0.35, 'QQQ': 0.2, 'IWM': 0.15, 'HYG': 0.1, 'DBC': 0.1, 'GLD': 0.1}",0.0
1252627200000,2009-09-11,128937.39614916929,"{'SPY': 0.35, 'QQQ': 0.2, 'IWM': 0.15, 'HYG': 0.1, 'DBC': 0.1, 'GLD': 0.1}",0.0
1252886400000,2009-09-14,129299.3005284411,"{'SPY': 0.35, 'QQQ': 0.2, 'IWM': 0.15, 'HYG': 0.1, 'DBC': 0.1, 'GLD': 0.1}",0.0
1252972800000,2009-09-15,130245.86398097951,"{'SPY': 0.35, 'QQQ': 0.2, 'IWM': 0.15, 'HYG': 0.1, 'DBC': 0.1, 'GLD': 0.1}",0.0
1253059200000,2009-09-16,132189.01008536402,"{'SPY': 0.35, 'QQQ': 0.2, 'IWM': 0.15, 'HYG': 0.1, 'DBC': 0.1, 'GLD': 0.1}",0.0
1253145600000,2009-09-17,132025.62121436157,"{'SPY': 0.35, 'QQQ': 0.2, 'IWM': 0.15, 'HYG': 0.1, 'DBC': 0.1, 'GLD': 0.1}",0.0
1253232000000,2009-09-18,131937.0427588034,"{'SPY': 0.35, 'QQQ': 0.2, 'IWM': 0.15, 'HYG': 0.1, 'DBC': 0.1, 'GLD': 0.1}",0.0
1253491200000,2009-09-21,131524.69716064204,"{'SPY': 0.35, 'QQQ': 0.2, 'IWM': 0.15, 'HYG': 0.1, 'DBC': 0.1, 'GLD': 0.1}",0.0
1253577600000,2009-09-22,132354.0239577896,"{'SPY': 0.35, 'QQQ': 0.2, 'IWM': 0.15, 'HYG': 0.1, 'DBC': 0.1, 'GLD': 0.1}",0.0
1253664000000,2009-09-23,131287.85281428677,"{'SPY': 0.35, 'QQQ': 0.2, 'IWM': 0.15, 'HYG': 0.1, 'DBC': 0.1, 'GLD': 0.1}",0.0
1253750400000,2009-09-24,129837.96589124008,"{'SPY': 0.35, 'QQQ': 0.2, 'IWM': 0.15, 'HYG': 0.1, 'DBC': 0.1, 'GLD': 0.1}",0.0
1253836800000,2009-09-25,129029.52260636065,"{'SPY': 0.35, 'QQQ': 0.2, 'IWM': 0.15, 'HYG': 0.1, 'DBC': 0.1, 'GLD': 0.1}",0.0
1254096000000,2009-09-28,130963.75513944538,"{'SPY': 0.35, 'QQQ': 0.2, 'IWM': 0.15, 'HYG': 0.1, 'DBC': 0.1, 'GLD': 0.1}",0.0
1254182400000,2009-09-29,130609.35784157862,"{'SPY': 0.35, 'QQQ': 0.2, 'IWM': 0.15, 'HYG': 0.1, 'DBC': 0.1, 'GLD': 0.1}",0.0
1254268800000,2009-09-30,130762.68173485789,"{'SPY': 0.35, 'QQQ': 0.2, 'IWM': 0.15, 'HYG': 0.1, 'DBC': 0.1, 'GLD': 0.1}",0.0
1254355200000,2009-10-01,127712.98915356389,"{'SPY': 0.35, 'QQQ': 0.2, 'IWM': 0.15, 'HYG': 0.1, 'DBC': 0.1, 'GLD': 0.1}",0.0
1254441600000,2009-10-02,127224.66858294045,"{'SPY': 0.35, 'QQQ': 0.2, 'IWM': 0.15, 'HYG': 0.1, 'DBC': 0.1, 'GLD': 0.1}",0.0
1254700800000,2009-10-05,129205.71331071659,"{'SPY': 0.35, 'QQQ': 0.2, 'IWM': 0.15, 'HYG': 0.1, 'DBC': 0.1, 'GLD': 0.1}",0.0
1254787200000,2009-10-06,130790.69944224281,"{'SPY': 0.35, 'QQQ': 0.2, 'IWM': 0.15, 'HYG': 0.1, 'DBC': 0.1, 'GLD': 0.1}",0.0
1254873600000,2009-10-07,131128.01075747213,"{'SPY': 0.35, 'QQQ': 0.2, 'IWM': 0.15, 'HYG': 0.1, 'DBC': 0.1, 'GLD': 0.1}",0.0
1254960000000,2009-10-08,132279.10426038367,"{'SPY': 0.35, 'QQQ': 0.2, 'IWM': 0.15, 'HYG': 0.1, 'DBC': 0.1, 'GLD': 0.1}",0.0
1255046400000,2009-10-09,132945.4092471021,"{'SPY': 0.35, 'QQQ': 0.2, 'IWM': 0.15, 'HYG': 0.1, 'DBC': 0.1, 'GLD': 0.1}",0.0
1255305600000,2009-10-12,133546.5450237996,"{'SPY': 0.35, 'QQQ': 0.2, 'IWM': 0.15, 'HYG': 0.1, 'DBC': 0.1, 'GLD': 0.1}",0.0
1255392000000,2009-10-13,133609.62141624276,"{'SPY': 0.35, 'QQQ': 0.2, 'IWM': 0.15, 'HYG': 0.1, 'DBC': 0.1, 'GLD': 0.1}",0.0
1255478400000,2009-10-14,135307.447637035,"{'SPY': 0.35, 'QQQ': 0.2, 'IWM': 0.15, 'HYG': 0.1, 'DBC': 0.1, 'GLD': 0.1}",0.0
1255564800000,2009-10-15,135368.03013289513,"{'SPY': 0.35, 'QQQ': 0.2, 'IWM': 0.15, 'HYG': 0.1, 'DBC': 0.1, 'GLD': 0.1}",0.0
1255651200000,2009-10-16,134710.4145276403,"{'SPY': 0.35, 'QQQ': 0.2, 'IWM': 0.15, 'HYG': 0.1, 'DBC': 0.1, 'GLD': 0.1}",0.0
1255910400000,2009-10-19,135869.8261840493,"{'SPY': 0.35, 'QQQ': 0.2, 'IWM': 0.15, 'HYG': 0.1, 'DBC': 0.1, 'GLD': 0.1}",0.0
1255996800000,2009-10-20,135178.68926607142,"{'SPY': 0.35, 'QQQ': 0.2, 'IWM': 0.15, 'HYG': 0.1, 'DBC': 0.1, 'GLD': 0.1}",0.0
1256083200000,2009-10-21,134782.49674762777,"{'SPY': 0.35, 'QQQ': 0.2, 'IWM': 0.15, 'HYG': 0.1, 'DBC': 0.1, 'GLD': 0.1}",0.0
1256169600000,2009-10-22,135883.57059825165,"{'SPY': 0.35, 'QQQ': 0.2, 'IWM': 0.15, 'HYG': 0.1, 'DBC': 0.1, 'GLD': 0.1}",0.0
1256256000000,2009-10-23,134672.56930268963,"{'SPY': 0.35, 'QQQ': 0.2, 'IWM': 0.15, 'HYG': 0.1, 'DBC': 0.1, 'GLD': 0.1}",0.0
1256515200000,2009-10-26,133443.6495832628,"{'SPY': 0.35, 'QQQ': 0.2, 'IWM': 0.15, 'HYG': 0.1, 'DBC': 0.1, 'GLD': 0.1}",0.0
1256601600000,2009-10-27,132381.30085683338,"{'SPY': 0.35, 'QQQ': 0.2, 'IWM': 0.15, 'HYG': 0.1, 'DBC': 0.1, 'GLD': 0.1}",0.0
1256688000000,2009-10-28,129545.81368744739,"{'SPY': 0.35, 'QQQ': 0.2, 'IWM': 0.15, 'HYG': 0.1, 'DBC': 0.1, 'GLD': 0.1}",0.0
1256774400000,2009-10-29,132162.83538730926,"{'SPY': 0.35, 'QQQ': 0.2, 'IWM': 0.15, 'HYG': 0.1, 'DBC': 0.1, 'GLD': 0.1}",0.0
1256860800000,2009-10-30,129052.96527704438,"{'SPY': 0.2391188347686022, 'QQQ': 0.136639334153487, 'IWM': 0.10247950061511524, 'HYG': 0.0683196670767435, 'DBC': 0.0683196670767435, 'GLD': 0.0683196670767435, 'SHY': 0.31680332923256505}",0.0
1257120000000,2009-11-02,129676.17502748875,"{'SPY': 0.2391188347686022, 'QQQ': 0.136639334153487, 'IWM': 0.10247950061511524, 'HYG': 0.0683196670767435, 'DBC': 0.0683196670767435, 'GLD': 0.0683196670767435, 'SHY': 0.31680332923256505}",0.0
1257206400000,2009-11-03,130385.5480355034,"{'SPY': 0.2391188347686022, 'QQQ': 0.136639334153487, 'IWM': 0.10247950061511524, 'HYG': 0.0683196670767435, 'DBC': 0.0683196670767435, 'GLD': 0.0683196670767435, 'SHY': 0.31680332923256505}",0.0
1257292800000,2009-11-04,130359.05436577939,"{'SPY': 0.2391188347686022, 'QQQ': 0.136639334153487, 'IWM': 0.10247950061511524, 'HYG': 0.0683196670767435, 'DBC': 0.0683196670767435, 'GLD': 0.0683196670767435, 'SHY': 0.31680332923256505}",0.0
1257379200000,2009-11-05,131786.2965772493,"{'SPY': 0.2391188347686022, 'QQQ': 0.136639334153487, 'IWM': 0.10247950061511524, 'HYG': 0.0683196670767435, 'DBC': 0.0683196670767435, 'GLD': 0.0683196670767435, 'SHY': 0.31680332923256505}",0.0
1257465600000,2009-11-06,131900.58026220108,"{'SPY': 0.2391188347686022, 'QQQ': 0.136639334153487, 'IWM': 0.10247950061511524, 'HYG': 0.0683196670767435, 'DBC': 0.0683196670767435, 'GLD': 0.0683196670767435, 'SHY': 0.31680332923256505}",0.0
1257724800000,2009-11-09,133516.67547040986,"{'SPY': 0.2391188347686022, 'QQQ': 0.136639334153487, 'IWM': 0.10247950061511524, 'HYG': 0.0683196670767435, 'DBC': 0.0683196670767435, 'GLD': 0.0683196670767435, 'SHY': 0.31680332923256505}",0.0
1257811200000,2009-11-10,133441.44342019767,"{'SPY': 0.2391188347686022, 'QQQ': 0.136639334153487, 'IWM': 0.10247950061511524, 'HYG': 0.0683196670767435, 'DBC': 0.0683196670767435, 'GLD': 0.0683196670767435, 'SHY': 0.31680332923256505}",0.0
1257897600000,2009-11-11,134029.91501550807,"{'SPY': 0.2391188347686022, 'QQQ': 0.136639334153487, 'IWM': 0.10247950061511524, 'HYG': 0.0683196670767435, 'DBC': 0.0683196670767435, 'GLD': 0.0683196670767435, 'SHY': 0.31680332923256505}",0.0
1257984000000,2009-11-12,133100.2871408065,"{'SPY': 0.2391188347686022, 'QQQ': 0.136639334153487, 'IWM': 0.10247950061511524, 'HYG': 0.0683196670767435, 'DBC': 0.0683196670767435, 'GLD': 0.0683196670767435, 'SHY': 0.31680332923256505}",0.0
1258070400000,2009-11-13,133666.81527480946,"{'SPY': 0.2391188347686022, 'QQQ': 0.136639334153487, 'IWM': 0.10247950061511524, 'HYG': 0.0683196670767435, 'DBC': 0.0683196670767435, 'GLD': 0.0683196670767435, 'SHY': 0.31680332923256505}",0.0
1258329600000,2009-11-16,135168.35507575035,"{'SPY': 0.2391188347686022, 'QQQ': 0.136639334153487, 'IWM': 0.10247950061511524, 'HYG': 0.0683196670767435, 'DBC': 0.0683196670767435, 'GLD': 0.0683196670767435, 'SHY': 0.31680332923256505}",0.0
1258416000000,2009-11-17,135345.66608708032,"{'SPY': 0.2391188347686022, 'QQQ': 0.136639334153487, 'IWM': 0.10247950061511524, 'HYG': 0.0683196670767435, 'DBC': 0.0683196670767435, 'GLD': 0.0683196670767435, 'SHY': 0.31680332923256505}",0.0
1258502400000,2009-11-18,135201.08517892775,"{'SPY': 0.2391188347686022, 'QQQ': 0.136639334153487, 'IWM': 0.10247950061511524, 'HYG': 0.0683196670767435, 'DBC': 0.0683196670767435, 'GLD': 0.0683196670767435, 'SHY': 0.31680332923256505}",0.0
1258588800000,2009-11-19,134054.46007418414,"{'SPY': 0.2391188347686022, 'QQQ': 0.136639334153487, 'IWM': 0.10247950061511524, 'HYG': 0.0683196670767435, 'DBC': 0.0683196670767435, 'GLD': 0.0683196670767435, 'SHY': 0.31680332923256505}",0.0
1258675200000,2009-11-20,133880.78582241765,"{'SPY': 0.2391188347686022, 'QQQ': 0.136639334153487, 'IWM': 0.10247950061511524, 'HYG': 0.0683196670767435, 'DBC': 0.0683196670767435, 'GLD': 0.0683196670767435, 'SHY': 0.31680332923256505}",0.0
1258934400000,2009-11-23,134957.32013065214,"{'SPY': 0.2391188347686022, 'QQQ': 0.136639334153487, 'IWM': 0.10247950061511524, 'HYG': 0.0683196670767435, 'DBC': 0.0683196670767435, 'GLD': 0.0683196670767435, 'SHY': 0.31680332923256505}",0.0
1259020800000,2009-11-24,134851.9460974203,"{'SPY': 0.2391188347686022, 'QQQ': 0.136639334153487, 'IWM': 0.10247950061511524, 'HYG': 0.0683196670767435, 'DBC': 0.0683196670767435, 'GLD': 0.0683196670767435, 'SHY': 0.31680332923256505}",0.0
1259107200000,2009-11-25,135440.71026510495,"{'SPY': 0.2391188347686022, 'QQQ': 0.136639334153487, 'IWM': 0.10247950061511524, 'HYG': 0.0683196670767435, 'DBC': 0.0683196670767435, 'GLD': 0.0683196670767435, 'SHY': 0.31680332923256505}",0.0
1259280000000,2009-11-27,133961.68702754256,"{'SPY': 0.2391188347686022, 'QQQ': 0.136639334153487, 'IWM': 0.10247950061511524, 'HYG': 0.0683196670767435, 'DBC': 0.0683196670767435, 'GLD': 0.0683196670767435, 'SHY': 0.31680332923256505}",0.0
1259539200000,2009-11-30,134394.322187608,"{'SPY': 0.24063398979807707, 'QQQ': 0.13750513702747263, 'IWM': 0.10312885277060446, 'HYG': 0.06875256851373632, 'DBC': 0.06875256851373632, 'GLD': 0.06875256851373632, 'SHY': 0.3124743148626369}",0.0
1259625600000,2009-12-01,135462.72215521193,"{'SPY': 0.24063398979807707, 'QQQ': 0.13750513702747263, 'IWM': 0.10312885277060446, 'HYG': 0.06875256851373632, 'DBC': 0.06875256851373632, 'GLD': 0.06875256851373632, 'SHY': 0.3124743148626369}",0.0
1259712000000,2009-12-02,135692.72546846347,"{'SPY': 0.24063398979807707, 'QQQ': 0.13750513702747263, 'IWM': 0.10312885277060446, 'HYG': 0.06875256851373632, 'DBC': 0.06875256851373632, 'GLD': 0.06875256851373632, 'SHY': 0.3124743148626369}",0.0
1259798400000,2009-12-03,135131.558233652,"{'SPY': 0.24063398979807707, 'QQQ': 0.13750513702747263, 'IWM': 0.10312885277060446, 'HYG': 0.06875256851373632, 'DBC': 0.06875256851373632, 'GLD': 0.06875256851373632, 'SHY': 0.3124743148626369}",0.0
1259884800000,2009-12-04,135228.64951749492,"{'SPY': 0.24063398979807707, 'QQQ': 0.13750513702747263, 'IWM': 0.10312885277060446, 'HYG': 0.06875256851373632, 'DBC': 0.06875256851373632, 'GLD': 0.06875256851373632, 'SHY': 0.3124743148626369}",0.0
1260144000000,2009-12-07,135078.1219892591,"{'SPY': 0.24063398979807707, 'QQQ': 0.13750513702747263, 'IWM': 0.10312885277060446, 'HYG': 0.06875256851373632, 'DBC': 0.06875256851373632, 'GLD': 0.06875256851373632, 'SHY': 0.3124743148626369}",0.0
1260230400000,2009-12-08,134276.77725311395,"{'SPY': 0.24063398979807707, 'QQQ': 0.13750513702747263, 'IWM': 0.10312885277060446, 'HYG': 0.06875256851373632, 'DBC': 0.06875256851373632, 'GLD': 0.06875256851373632, 'SHY': 0.3124743148626369}",0.0
1260316800000,2009-12-09,134385.3416808535,"{'SPY': 0.24063398979807707, 'QQQ': 0.13750513702747263, 'IWM': 0.10312885277060446, 'HYG': 0.06875256851373632, 'DBC': 0.06875256851373632, 'GLD': 0.06875256851373632, 'SHY': 0.3124743148626369}",0.0
1260403200000,2009-12-10,134582.75685973617,"{'SPY': 0.24063398979807707, 'QQQ': 0.13750513702747263, 'IWM': 0.10312885277060446, 'HYG': 0.06875256851373632, 'DBC': 0.06875256851373632, 'GLD': 0.06875256851373632, 'SHY': 0.3124743148626369}",0.0
1260489600000,2009-12-11,134661.65288688047,"{'SPY': 0.24063398979807707, 'QQQ': 0.13750513702747263, 'IWM': 0.10312885277060446, 'HYG': 0.06875256851373632, 'DBC': 0.06875256851373632, 'GLD': 0.06875256851373632, 'SHY': 0.3124743148626369}",0.0
1260748800000,2009-12-14,135427.4612396457,"{'SPY': 0.24063398979807707, 'QQQ': 0.13750513702747263, 'IWM': 0.10312885277060446, 'HYG': 0.06875256851373632, 'DBC': 0.06875256851373632, 'GLD': 0.06875256851373632, 'SHY': 0.3124743148626369}",0.0
1260835200000,2009-12-15,135067.37041091715,"{'SPY': 0.24063398979807707, 'QQQ': 0.13750513702747263, 'IWM': 0.10312885277060446, 'HYG': 0.06875256851373632, 'DBC': 0.06875256851373632, 'GLD': 0.06875256851373632, 'SHY': 0.3124743148626369}",0.0
1260921600000,2009-12-16,135559.82372490838,"{'SPY': 0.24063398979807707, 'QQQ': 0.13750513702747263, 'IWM': 0.10312885277060446, 'HYG': 0.06875256851373632, 'DBC': 0.06875256851373632, 'GLD': 0.06875256851373632, 'SHY': 0.3124743148626369}",0.0
1261008000000,2009-12-17,134363.79962545677,"{'SPY': 0.24063398979807707, 'QQQ': 0.13750513702747263, 'IWM': 0.10312885277060446, 'HYG': 0.06875256851373632, 'DBC': 0.06875256851373632, 'GLD': 0.06875256851373632, 'SHY': 0.3124743148626369}",0.0
1261094400000,2009-12-18,135117.8827824285,"{'SPY': 0.24063398979807707, 'QQQ': 0.13750513702747263, 'IWM': 0.10312885277060446, 'HYG': 0.06875256851373632, 'DBC': 0.06875256851373632, 'GLD': 0.06875256851373632, 'SHY': 0.3124743148626369}",0.0
1261353600000,2009-12-21,135543.48948481606,"{'SPY': 0.24063398979807707, 'QQQ': 0.13750513702747263, 'IWM': 0.10312885277060446, 'HYG': 0.06875256851373632, 'DBC': 0.06875256851373632, 'GLD': 0.06875256851373632, 'SHY': 0.3124743148626369}",0.0
1261440000000,2009-12-22,135871.92011651292,"{'SPY': 0.24063398979807707, 'QQQ': 0.13750513702747263, 'IWM': 0.10312885277060446, 'HYG': 0.06875256851373632, 'DBC': 0.06875256851373632, 'GLD': 0.06875256851373632, 'SHY': 0.3124743148626369}",0.0
1261526400000,2009-12-23,136473.83524649107,"{'SPY': 0.24063398979807707, 'QQQ': 0.13750513702747263, 'IWM': 0.10312885277060446, 'HYG': 0.06875256851373632, 'DBC': 0.06875256851373632, 'GLD': 0.06875256851373632, 'SHY': 0.3124743148626369}",0.0
1261612800000,2009-12-24,137053.4069991401,"{'SPY': 0.24063398979807707, 'QQQ': 0.13750513702747263, 'IWM': 0.10312885277060446, 'HYG': 0.06875256851373632, 'DBC': 0.06875256851373632, 'GLD': 0.06875256851373632, 'SHY': 0.3124743148626369}",0.0
1261958400000,2009-12-28,137293.4251170902,"{'SPY': 0.24063398979807707, 'QQQ': 0.13750513702747263, 'IWM': 0.10312885277060446, 'HYG': 0.06875256851373632, 'DBC': 0.06875256851373632, 'GLD': 0.06875256851373632, 'SHY': 0.3124743148626369}",0.0
1262044800000,2009-12-29,137027.15142030793,"{'SPY': 0.24063398979807707, 'QQQ': 0.13750513702747263, 'IWM': 0.10312885277060446, 'HYG': 0.06875256851373632, 'DBC': 0.06875256851373632, 'GLD': 0.06875256851373632, 'SHY': 0.3124743148626369}",0.0
1262131200000,2009-12-30,137029.47244994424,"{'SPY': 0.24063398979807707, 'QQQ': 0.13750513702747263, 'IWM': 0.10312885277060446, 'HYG': 0.06875256851373632, 'DBC': 0.06875256851373632, 'GLD': 0.06875256851373632, 'SHY': 0.3124743148626369}",0.0
1262217600000,2009-12-31,136301.4774476701,"{'SPY': 0.35, 'QQQ': 0.2, 'IWM': 0.15, 'HYG': 0.1, 'DBC': 0.1, 'GLD': 0.1}",0.0
1262563200000,2010-01-04,138780.6046511669,"{'SPY': 0.35, 'QQQ': 0.2, 'IWM': 0.15, 'HYG': 0.1, 'DBC': 0.1, 'GLD': 0.1}",0.0
1262649600000,2010-01-05,138907.2983297267,"{'SPY': 0.35, 'QQQ': 0.2, 'IWM': 0.15, 'HYG': 0.1, 'DBC': 0.1, 'GLD': 0.1}",0.0
1262736000000,2010-01-06,139266.83781602824,"{'SPY': 0.35, 'QQQ': 0.2, 'IWM': 0.15, 'HYG': 0.1, 'DBC': 0.1, 'GLD': 0.1}",0.0
1262822400000,2010-01-07,139441.61849279437,"{'SPY': 0.35, 'QQQ': 0.2, 'IWM': 0.15, 'HYG': 0.1, 'DBC': 0.1, 'GLD': 0.1}",0.0
1262908800000,2010-01-08,140027.68692381802,"{'SPY': 0.35, 'QQQ': 0.2, 'IWM': 0.15, 'HYG': 0.1, 'DBC': 0.1, 'GLD': 0.1}",0.0
1263168000000,2010-01-11,140026.61021583725,"{'SPY': 0.35, 'QQQ': 0.2, 'IWM': 0.15, 'HYG': 0.1, 'DBC': 0.1, 'GLD': 0.1}",0.0
1263254400000,2010-01-12,138326.7805919111,"{'SPY': 0.35, 'QQQ': 0.2, 'IWM': 0.15, 'HYG': 0.1, 'DBC': 0.1, 'GLD': 0.1}",0.0
1263340800000,2010-01-13,139521.49537610624,"{'SPY': 0.35, 'QQQ': 0.2, 'IWM': 0.15, 'HYG': 0.1, 'DBC': 0.1, 'GLD': 0.1}",0.0
1263427200000,2010-01-14,139759.39399911408,"{'SPY': 0.35, 'QQQ': 0.2, 'IWM': 0.15, 'HYG': 0.1, 'DBC': 0.1, 'GLD': 0.1}",0.0
1263513600000,2010-01-15,138219.06032042854,"{'SPY': 0.35, 'QQQ': 0.2, 'IWM': 0.15, 'HYG': 0.1, 'DBC': 0.1, 'GLD': 0.1}",0.0
1263859200000,2010-01-19,139829.876234647,"{'SPY': 0.35, 'QQQ': 0.2, 'IWM': 0.15, 'HYG': 0.1, 'DBC': 0.1, 'GLD': 0.1}",0.0
1263945600000,2010-01-20,138019.93999940436,"{'SPY': 0.35, 'QQQ': 0.2, 'IWM': 0.15, 'HYG': 0.1, 'DBC': 0.1, 'GLD': 0.1}",0.0
1264032000000,2010-01-21,135905.88293599183,"{'SPY': 0.35, 'QQQ': 0.2, 'IWM': 0.15, 'HYG': 0.1, 'DBC': 0.1, 'GLD': 0.1}",0.0
1264118400000,2010-01-22,133387.3613258522,"{'SPY': 0.35, 'QQQ': 0.2, 'IWM': 0.15, 'HYG': 0.1, 'DBC': 0.1, 'GLD': 0.1}",0.0
1264377600000,2010-01-25,133860.98351035352,"{'SPY': 0.35, 'QQQ': 0.2, 'IWM': 0.15, 'HYG': 0.1, 'DBC': 0.1, 'GLD': 0.1}",0.0
1264464000000,2010-01-26,133370.23528556776,"{'SPY': 0.35, 'QQQ': 0.2, 'IWM': 0.15, 'HYG': 0.1, 'DBC': 0.1, 'GLD': 0.1}",0.0
1264550400000,2010-01-27,133698.17413765166,"{'SPY': 0.35, 'QQQ': 0.2, 'IWM': 0.15, 'HYG': 0.1, 'DBC': 0.1, 'GLD': 0.1}",0.0
1264636800000,2010-01-28,132020.1005706944,"{'SPY': 0.35, 'QQQ': 0.2, 'IWM': 0.15, 'HYG': 0.1, 'DBC': 0.1, 'GLD': 0.1}",0.0
1264723200000,2010-01-29,130557.77212953783,"{'SPY': 0.35, 'QQQ': 0.2, 'IWM': 0.15, 'HYG': 0.1, 'DBC': 0.1, 'GLD': 0.1}",0.0
1264982400000,2010-02-01,132460.44842050632,"{'SPY': 0.35, 'QQQ': 0.2, 'IWM': 0.15, 'HYG': 0.1, 'DBC': 0.1, 'GLD': 0.1}",0.0
1265068800000,2010-02-02,133899.68334228513,"{'SPY': 0.35, 'QQQ': 0.2, 'IWM': 0.15, 'HYG': 0.1, 'DBC': 0.1, 'GLD': 0.1}",0.0
1265155200000,2010-02-03,133531.4654709201,"{'SPY': 0.35, 'QQQ': 0.2, 'IWM': 0.15, 'HYG': 0.1, 'DBC': 0.1, 'GLD': 0.1}",0.0
1265241600000,2010-02-04,129481.62601063406,"{'SPY': 0.35, 'QQQ': 0.2, 'IWM': 0.15, 'HYG': 0.1, 'DBC': 0.1, 'GLD': 0.1}",0.0
1265328000000,2010-02-05,129666.74579740428,"{'SPY': 0.35, 'QQQ': 0.2, 'IWM': 0.15, 'HYG': 0.1, 'DBC': 0.1, 'GLD': 0.1}",0.0
1265587200000,2010-02-08,128828.4983391566,"{'SPY': 0.35, 'QQQ': 0.2, 'IWM': 0.15, 'HYG': 0.1, 'DBC': 0.1, 'GLD': 0.1}",0.0
1265673600000,2010-02-09,130352.94445198806,"{'SPY': 0.35, 'QQQ': 0.2, 'IWM': 0.15, 'HYG': 0.1, 'DBC': 0.1, 'GLD': 0.1}",0.0
1265760000000,2010-02-10,130095.47323221496,"{'SPY': 0.35, 'QQQ': 0.2, 'IWM': 0.15, 'HYG': 0.1, 'DBC': 0.1, 'GLD': 0.1}",0.0
1265846400000,2010-02-11,131731.2172568706,"{'SPY': 0.35, 'QQQ': 0.2, 'IWM': 0.15, 'HYG': 0.1, 'DBC': 0.1, 'GLD': 0.1}",0.0
1265932800000,2010-02-12,131797.78299560057,"{'SPY': 0.35, 'QQQ': 0.2, 'IWM': 0.15, 'HYG': 0.1, 'DBC': 0.1, 'GLD': 0.1}",0.0
1266278400000,2010-02-16,134043.4756818679,"{'SPY': 0.35, 'QQQ': 0.2, 'IWM': 0.15, 'HYG': 0.1, 'DBC': 0.1, 'GLD': 0.1}",0.0
1266364800000,2010-02-17,134542.89201541746,"{'SPY': 0.35, 'QQQ': 0.2, 'IWM': 0.15, 'HYG': 0.1, 'DBC': 0.1, 'GLD': 0.1}",0.0
1266451200000,2010-02-18,135491.56566116487,"{'SPY': 0.35, 'QQQ': 0.2, 'IWM': 0.15, 'HYG': 0.1, 'DBC': 0.1, 'GLD': 0.1}",0.0
1266537600000,2010-02-19,135711.65447648655,"{'SPY': 0.35, 'QQQ': 0.2, 'IWM': 0.15, 'HYG': 0.1, 'DBC': 0.1, 'GLD': 0.1}",0.0
1266796800000,2010-02-22,135620.98372400182,"{'SPY': 0.35, 'QQQ': 0.2, 'IWM': 0.15, 'HYG': 0.1, 'DBC': 0.1, 'GLD': 0.1}",0.0
1266883200000,2010-02-23,133987.7675621692,"{'SPY': 0.35, 'QQQ': 0.2, 'IWM': 0.15, 'HYG': 0.1, 'DBC': 0.1, 'GLD': 0.1}",0.0
1266969600000,2010-02-24,134956.66909075525,"{'SPY': 0.35, 'QQQ': 0.2, 'IWM': 0.15, 'HYG': 0.1, 'DBC': 0.1, 'GLD': 0.1}",0.0
1267056000000,2010-02-25,134785.53932783098,"{'SPY': 0.35, 'QQQ': 0.2, 'IWM': 0.15, 'HYG': 0.1, 'DBC': 0.1, 'GLD': 0.1}",0.0
1267142400000,2010-02-26,135259.29387057503,"{'SPY': 0.2541261906849583, 'QQQ': 0.14521496610569049, 'IWM': 0.10891122457926784, 'HYG': 0.07260748305284524, 'DBC': 0.07260748305284524, 'GLD': 0.07260748305284524, 'SHY': 0.27392516947154766}",0.0
1267401600000,2010-03-01,136145.0428447381,"{'SPY': 0.2541261906849583, 'QQQ': 0.14521496610569049, 'IWM': 0.10891122457926784, 'HYG': 0.07260748305284524, 'DBC': 0.07260748305284524, 'GLD': 0.07260748305284524, 'SHY': 0.27392516947154766}",0.0
1267488000000,2010-03-02,136728.14627183613,"{'SPY': 0.2541261906849583, 'QQQ': 0.14521496610569049, 'IWM': 0.10891122457926784, 'HYG': 0.07260748305284524, 'DBC': 0.07260748305284524, 'GLD': 0.07260748305284524, 'SHY': 0.27392516947154766}",0.0
1267574400000,2010-03-03,137022.94250502205,"{'SPY': 0.2541261906849583, 'QQQ': 0.14521496610569049, 'IWM': 0.10891122457926784, 'HYG': 0.07260748305284524, 'DBC': 0.07260748305284524, 'GLD': 0.07260748305284524, 'SHY': 0.27392516947154766}",0.0
1267660800000,2010-03-04,137068.4544858633,"{'SPY': 0.2541261906849583, 'QQQ': 0.14521496610569049, 'IWM': 0.10891122457926784, 'HYG': 0.07260748305284524, 'DBC': 0.07260748305284524, 'GLD': 0.07260748305284524, 'SHY': 0.27392516947154766}",0.0
1267747200000,2010-03-05,138314.43759402985,"{'SPY': 0.2541261906849583, 'QQQ': 0.14521496610569049, 'IWM': 0.10891122457926784, 'HYG': 0.07260748305284524, 'DBC': 0.07260748305284524, 'GLD': 0.07260748305284524, 'SHY': 0.27392516947154766}",0.0
1268006400000,2010-03-08,138273.8436619637,"{'SPY': 0.2541261906849583, 'QQQ': 0.14521496610569049, 'IWM': 0.10891122457926784, 'HYG': 0.07260748305284524, 'DBC': 0.07260748305284524, 'GLD': 0.07260748305284524, 'SHY': 0.27392516947154766}",0.0
1268092800000,2010-03-09,138445.5419097725,"{'SPY': 0.2541261906849583, 'QQQ': 0.14521496610569049, 'IWM': 0.10891122457926784, 'HYG': 0.07260748305284524, 'DBC': 0.07260748305284524, 'GLD': 0.07260748305284524, 'SHY': 0.27392516947154766}",0.0
1268179200000,2010-03-10,138803.46700829774,"{'SPY': 0.2541261906849583, 'QQQ': 0.14521496610569049, 'IWM': 0.10891122457926784, 'HYG': 0.07260748305284524, 'DBC': 0.07260748305284524, 'GLD': 0.07260748305284524, 'SHY': 0.27392516947154766}",0.0
1268265600000,2010-03-11,139004.294192436,"{'SPY': 0.2541261906849583, 'QQQ': 0.14521496610569049, 'IWM': 0.10891122457926784, 'HYG': 0.07260748305284524, 'DBC': 0.07260748305284524, 'GLD': 0.07260748305284524, 'SHY': 0.27392516947154766}",0.0
1268352000000,2010-03-12,138891.66653935824,"{'SPY': 0.2541261906849583, 'QQQ': 0.14521496610569049, 'IWM': 0.10891122457926784, 'HYG': 0.07260748305284524, 'DBC': 0.07260748305284524, 'GLD': 0.07260748305284524, 'SHY': 0.27392516947154766}",0.0
1268611200000,2010-03-15,138718.81343011436,"{'SPY': 0.2541261906849583, 'QQQ': 0.14521496610569049, 'IWM': 0.10891122457926784, 'HYG': 0.07260748305284524, 'DBC': 0.07260748305284524, 'GLD': 0.07260748305284524, 'SHY': 0.27392516947154766}",0.0
1268697600000,2010-03-16,139624.7842093642,"{'SPY': 0.2541261906849583, 'QQQ': 0.14521496610569049, 'IWM': 0.10891122457926784, 'HYG': 0.07260748305284524, 'DBC': 0.07260748305284524, 'GLD': 0.07260748305284524, 'SHY': 0.27392516947154766}",0.0
1268784000000,2010-03-17,140005.10936792902,"{'SPY': 0.2541261906849583, 'QQQ': 0.14521496610569049, 'IWM': 0.10891122457926784, 'HYG': 0.07260748305284524, 'DBC': 0.07260748305284524, 'GLD': 0.07260748305284524, 'SHY': 0.27392516947154766}",0.0
1268870400000,2010-03-18,140048.52545939348,"{'SPY': 0.2541261906849583, 'QQQ': 0.14521496610569049, 'IWM': 0.10891122457926784, 'HYG': 0.07260748305284524, 'DBC': 0.07260748305284524, 'GLD': 0.07260748305284524, 'SHY': 0.27392516947154766}",0.0
1268956800000,2010-03-19,139163.06356243967,"{'SPY': 0.2541261906849583, 'QQQ': 0.14521496610569049, 'IWM': 0.10891122457926784, 'HYG': 0.07260748305284524, 'DBC': 0.07260748305284524, 'GLD': 0.07260748305284524, 'SHY': 0.27392516947154766}",0.0
1269216000000,2010-03-22,139761.1263981489,"{'SPY': 0.2541261906849583, 'QQQ': 0.14521496610569049, 'IWM': 0.10891122457926784, 'HYG': 0.07260748305284524, 'DBC': 0.07260748305284524, 'GLD': 0.07260748305284524, 'SHY': 0.27392516947154766}",0.0
1269302400000,2010-03-23,140339.85686379496,"{'SPY': 0.2541261906849583, 'QQQ': 0.14521496610569049, 'IWM': 0.10891122457926784, 'HYG': 0.07260748305284524, 'DBC': 0.07260748305284524, 'GLD': 0.07260748305284524, 'SHY': 0.27392516947154766}",0.0
1269388800000,2010-03-24,139525.76391654724,"{'SPY': 0.2541261906849583, 'QQQ': 0.14521496610569049, 'IWM': 0.10891122457926784, 'HYG': 0.07260748305284524, 'DBC': 0.07260748305284524, 'GLD': 0.07260748305284524, 'SHY': 0.27392516947154766}",0.0
1269475200000,2010-03-25,139369.34815739398,"{'SPY': 0.2541261906849583, 'QQQ': 0.14521496610569049, 'IWM': 0.10891122457926784, 'HYG': 0.07260748305284524, 'DBC': 0.07260748305284524, 'GLD': 0.07260748305284524, 'SHY': 0.27392516947154766}",0.0
1269561600000,2010-03-26,139571.22045635295,"{'SPY': 0.2541261906849583, 'QQQ': 0.14521496610569049, 'IWM': 0.10891122457926784, 'HYG': 0.07260748305284524, 'DBC': 0.07260748305284524, 'GLD': 0.07260748305284524, 'SHY': 0.27392516947154766}",0.0
1269820800000,2010-03-29,140251.6938996336,"{'SPY': 0.2541261906849583, 'QQQ': 0.14521496610569049, 'IWM': 0.10891122457926784, 'HYG': 0.07260748305284524, 'DBC': 0.07260748305284524, 'GLD': 0.07260748305284524, 'SHY': 0.27392516947154766}",0.0
1269907200000,2010-03-30,140319.66147909197,"{'SPY': 0.2541261906849583, 'QQQ': 0.14521496610569049, 'IWM': 0.10891122457926784, 'HYG': 0.07260748305284524, 'DBC': 0.07260748305284524, 'GLD': 0.07260748305284524, 'SHY': 0.27392516947154766}",0.0
1269993600000,2010-03-31,140044.52612386746,"{'SPY': 0.2647894063792312, 'QQQ': 0.15130823221670356, 'IWM': 0.11348117416252766, 'HYG': 0.07565411610835178, 'DBC': 0.07565411610835178, 'GLD': 0.07565411610835178, 'SHY': 0.24345883891648223}",0.0
1270080000000,2010-04-01,140742.49176426255,"{'SPY': 0.2647894063792312, 'QQQ': 0.15130823221670356, 'IWM': 0.11348117416252766, 'HYG': 0.07565411610835178, 'DBC': 0.07565411610835178, 'GLD': 0.07565411610835178, 'SHY': 0.24345883891648223}",0.0
1270425600000,2010-04-05,141674.02035631525,"{'SPY': 0.2647894063792312, 'QQQ': 0.15130823221670356, 'IWM': 0.11348117416252766, 'HYG': 0.07565411610835178, 'DBC': 0.07565411610835178, 'GLD': 0.07565411610835178, 'SHY': 0.24345883891648223}",0.0
1270512000000,2010-04-06,142018.2362887056,"{'SPY': 0.2647894063792312, 'QQQ': 0.15130823221670356, 'IWM': 0.11348117416252766, 'HYG': 0.07565411610835178, 'DBC': 0.07565411610835178, 'GLD': 0.07565411610835178, 'SHY': 0.24345883891648223}",0.0
1270598400000,2010-04-07,141871.44980779052,"{'SPY': 0.2647894063792312, 'QQQ': 0.15130823221670356, 'IWM': 0.11348117416252766, 'HYG': 0.07565411610835178, 'DBC': 0.07565411610835178, 'GLD': 0.07565411610835178, 'SHY': 0.24345883891648223}",0.0
1270684800000,2010-04-08,142041.54938213553,"{'SPY': 0.2647894063792312, 'QQQ': 0.15130823221670356, 'IWM': 0.11348117416252766, 'HYG': 0.07565411610835178, 'DBC': 0.07565411610835178, 'GLD': 0.07565411610835178, 'SHY': 0.24345883891648223}",0.0
1270771200000,2010-04-09,142654.1546010693,"{'SPY': 0.2647894063792312, 'QQQ': 0.15130823221670356, 'IWM': 0.11348117416252766, 'HYG': 0.07565411610835178, 'DBC': 0.07565411610835178, 'GLD': 0.07565411610835178, 'SHY': 0.24345883891648223}",0.0
1271030400000,2010-04-12,142749.05186109908,"{'SPY': 0.2647894063792312, 'QQQ': 0.15130823221670356, 'IWM': 0.11348117416252766, 'HYG': 0.07565411610835178, 'DBC': 0.07565411610835178, 'GLD': 0.07565411610835178, 'SHY': 0.24345883891648223}",0.0
1271116800000,2010-04-13,142954.68540277454,"{'SPY': 0.2647894063792312, 'QQQ': 0.15130823221670356, 'IWM': 0.11348117416252766, 'HYG': 0.07565411610835178, 'DBC': 0.07565411610835178, 'GLD': 0.07565411610835178, 'SHY': 0.24345883891648223}",0.0
1271203200000,2010-04-14,144175.88695689393,"{'SPY': 0.2647894063792312, 'QQQ': 0.15130823221670356, 'IWM': 0.11348117416252766, 'HYG': 0.07565411610835178, 'DBC': 0.07565411610835178, 'GLD': 0.07565411610835178, 'SHY': 0.24345883891648223}",0.0
1271289600000,2010-04-15,144507.8487608202,"{'SPY': 0.2647894063792312, 'QQQ': 0.15130823221670356, 'IWM': 0.11348117416252766, 'HYG': 0.07565411610835178, 'DBC': 0.07565411610835178, 'GLD': 0.07565411610835178, 'SHY': 0.24345883891648223}",0.0
1271376000000,2010-04-16,142953.3072498196,"{'SPY': 0.2647894063792312, 'QQQ': 0.15130823221670356, 'IWM': 0.11348117416252766, 'HYG': 0.07565411610835178, 'DBC': 0.07565411610835178, 'GLD': 0.07565411610835178, 'SHY': 0.24345883891648223}",0.0
1271635200000,2010-04-19,142802.2818383208,"{'SPY': 0.2647894063792312, 'QQQ': 0.15130823221670356, 'IWM': 0.11348117416252766, 'HYG': 0.07565411610835178, 'DBC': 0.07565411610835178, 'GLD': 0.07565411610835178, 'SHY': 0.24345883891648223}",0.0
1271721600000,2010-04-20,143706.48424849144,"{'SPY': 0.2647894063792312, 'QQQ': 0.15130823221670356, 'IWM': 0.11348117416252766, 'HYG': 0.07565411610835178, 'DBC': 0.07565411610835178, 'GLD': 0.07565411610835178, 'SHY': 0.24345883891648223}",0.0
1271808000000,2010-04-21,144015.09241896405,"{'SPY': 0.2647894063792312, 'QQQ': 0.15130823221670356, 'IWM': 0.11348117416252766, 'HYG': 0.07565411610835178, 'DBC': 0.07565411610835178, 'GLD': 0.07565411610835178, 'SHY': 0.24345883891648223}",0.0
1271894400000,2010-04-22,144348.58681703956,"{'SPY': 0.2647894063792312, 'QQQ': 0.15130823221670356, 'IWM': 0.11348117416252766, 'HYG': 0.07565411610835178, 'DBC': 0.07565411610835178, 'GLD': 0.07565411610835178, 'SHY': 0.24345883891648223}",0.0
1271980800000,2010-04-23,145125.70293396636,"{'SPY': 0.2647894063792312, 'QQQ': 0.15130823221670356, 'IWM': 0.11348117416252766, 'HYG': 0.07565411610835178, 'DBC': 0.07565411610835178, 'GLD': 0.07565411610835178, 'SHY': 0.24345883891648223}",0.0
1272240000000,2010-04-26,144774.0383129424,"{'SPY': 0.2647894063792312, 'QQQ': 0.15130823221670356, 'IWM': 0.11348117416252766, 'HYG': 0.07565411610835178, 'DBC': 0.07565411610835178, 'GLD': 0.07565411610835178, 'SHY': 0.24345883891648223}",0.0
1272326400000,2010-04-27,142972.1843086779,"{'SPY': 0.2647894063792312, 'QQQ': 0.15130823221670356, 'IWM': 0.11348117416252766, 'HYG': 0.07565411610835178, 'DBC': 0.07565411610835178, 'GLD': 0.07565411610835178, 'SHY': 0.24345883891648223}",0.0
1272412800000,2010-04-28,143304.74547751425,"{'SPY': 0.2647894063792312, 'QQQ': 0.15130823221670356, 'IWM': 0.11348117416252766, 'HYG': 0.07565411610835178, 'DBC': 0.07565411610835178, 'GLD': 0.07565411610835178, 'SHY': 0.24345883891648223}",0.0
1272499200000,2010-04-29,144663.03984078584,"{'SPY': 0.2647894063792312, 'QQQ': 0.15130823221670356, 'IWM': 0.11348117416252766, 'HYG': 0.07565411610835178, 'DBC': 0.07565411610835178, 'GLD': 0.07565411610835178, 'SHY': 0.24345883891648223}",0.0
1272585600000,2010-04-30,143333.55202688123,"{'SPY': 0.35, 'QQQ': 0.2, 'IWM': 0.15, 'HYG': 0.1, 'DBC': 0.1, 'GLD': 0.1}",0.0
1272844800000,2010-05-03,144983.36736881264,"{'SPY': 0.35, 'QQQ': 0.2, 'IWM': 0.15, 'HYG': 0.1, 'DBC': 0.1, 'GLD': 0.1}",0.0
1272931200000,2010-05-04,141590.21371738633,"{'SPY': 0.35, 'QQQ': 0.2, 'IWM': 0.15, 'HYG': 0.1, 'DBC': 0.1, 'GLD': 0.1}",0.0
1273017600000,2010-05-05,140351.3820855812,"{'SPY': 0.35, 'QQQ': 0.2, 'IWM': 0.15, 'HYG': 0.1, 'DBC': 0.1, 'GLD': 0.1}",0.0
1273104000000,2010-05-06,136782.9044413617,"{'SPY': 0.35, 'QQQ': 0.2, 'IWM': 0.15, 'HYG': 0.1, 'DBC': 0.1, 'GLD': 0.1}",0.0
1273190400000,2010-05-07,134699.25179511844,"{'SPY': 0.35, 'QQQ': 0.2, 'IWM': 0.15, 'HYG': 0.1, 'DBC': 0.1, 'GLD': 0.1}",0.0
1273449600000,2010-05-10,139742.4878139293,"{'SPY': 0.35, 'QQQ': 0.2, 'IWM': 0.15, 'HYG': 0.1, 'DBC': 0.1, 'GLD': 0.1}",0.0
1273536000000,2010-05-11,140040.96723521067,"{'SPY': 0.35, 'QQQ': 0.2, 'IWM': 0.15, 'HYG': 0.1, 'DBC': 0.1, 'GLD': 0.1}",0.0
1273622400000,2010-05-12,142270.3054250647,"{'SPY': 0.35, 'QQQ': 0.2, 'IWM': 0.15, 'HYG': 0.1, 'DBC': 0.1, 'GLD': 0.1}",0.0
1273708800000,2010-05-13,140686.59285370784,"{'SPY': 0.35, 'QQQ': 0.2, 'IWM': 0.15, 'HYG': 0.1, 'DBC': 0.1, 'GLD': 0.1}",0.0
1273795200000,2010-05-14,138384.7603464868,"{'SPY': 0.35, 'QQQ': 0.2, 'IWM': 0.15, 'HYG': 0.1, 'DBC': 0.1, 'GLD': 0.1}",0.0
1274054400000,2010-05-17,138011.46313539508,"{'SPY': 0.35, 'QQQ': 0.2, 'IWM': 0.15, 'HYG': 0.1, 'DBC': 0.1, 'GLD': 0.1}",0.0
1274140800000,2010-05-18,136542.51686396444,"{'SPY': 0.35, 'QQQ': 0.2, 'IWM': 0.15, 'HYG': 0.1, 'DBC': 0.1, 'GLD': 0.1}",0.0
1274227200000,2010-05-19,135278.92609368998,"{'SPY': 0.35, 'QQQ': 0.2, 'IWM': 0.15, 'HYG': 0.1, 'DBC': 0.1, 'GLD': 0.1}",0.0
1274313600000,2010-05-20,130683.69645418132,"{'SPY': 0.35, 'QQQ': 0.2, 'IWM': 0.15, 'HYG': 0.1, 'DBC': 0.1, 'GLD': 0.1}",0.0
1274400000000,2010-05-21,132258.45167226836,"{'SPY': 0.35, 'QQQ': 0.2, 'IWM': 0.15, 'HYG': 0.1, 'DBC': 0.1, 'GLD': 0.1}",0.0
1274659200000,2010-05-24,131487.1102223091,"{'SPY': 0.35, 'QQQ': 0.2, 'IWM': 0.15, 'HYG': 0.1, 'DBC': 0.1, 'GLD': 0.1}",0.0
1274745600000,2010-05-25,131493.3807019221,"{'SPY': 0.35, 'QQQ': 0.2, 'IWM': 0.15, 'HYG': 0.1, 'DBC': 0.1, 'GLD': 0.1}",0.0
1274832000000,2010-05-26,131079.85207487762,"{'SPY': 0.35, 'QQQ': 0.2, 'IWM': 0.15, 'HYG': 0.1, 'DBC': 0.1, 'GLD': 0.1}",0.0
1274918400000,2010-05-27,135039.50604674983,"{'SPY': 0.35, 'QQQ': 0.2, 'IWM': 0.15, 'HYG': 0.1, 'DBC': 0.1, 'GLD': 0.1}",0.0
1275004800000,2010-05-28,133898.39565066408,"{'SPY': 0.19957282053527461, 'QQQ': 0.11404161173444266, 'IWM': 0.08553120880083198, 'HYG': 0.05702080586722133, 'DBC': 0.05702080586722133, 'GLD': 0.05702080586722133, 'SHY': 0.42979194132778675}",0.0
1275350400000,2010-06-01,132848.93513058263,"{'SPY': 0.19957282053527461, 'QQQ': 0.11404161173444266, 'IWM': 0.08553120880083198, 'HYG': 0.05702080586722133, 'DBC': 0.05702080586722133, 'GLD': 0.05702080586722133, 'SHY': 0.42979194132778675}",0.0
1275436800000,2010-06-02,134303.0749440551,"{'SPY': 0.19957282053527461, 'QQQ': 0.11404161173444266, 'IWM': 0.08553120880083198, 'HYG': 0.05702080586722133, 'DBC': 0.05702080586722133, 'GLD': 0.05702080586722133, 'SHY': 0.42979194132778675}",0.0
1275523200000,2010-06-03,134603.55353020979,"{'SPY': 0.19957282053527461, 'QQQ': 0.11404161173444266, 'IWM': 0.08553120880083198, 'HYG': 0.05702080586722133, 'DBC': 0.05702080586722133, 'GLD': 0.05702080586722133, 'SHY': 0.42979194132778675}",0.0
1275609600000,2010-06-04,132486.04302142578,"{'SPY': 0.19957282053527461, 'QQQ': 0.11404161173444266, 'IWM': 0.08553120880083198, 'HYG': 0.05702080586722133, 'DBC': 0.05702080586722133, 'GLD': 0.05702080586722133, 'SHY': 0.42979194132778675}",0.0
1275868800000,2010-06-07,131676.87614437682,"{'SPY': 0.19957282053527461, 'QQQ': 0.11404161173444266, 'IWM': 0.08553120880083198, 'HYG': 0.05702080586722133, 'DBC': 0.05702080586722133, 'GLD': 0.05702080586722133, 'SHY': 0.42979194132778675}",0.0
1275955200000,2010-06-08,131960.49710109606,"{'SPY': 0.19957282053527461, 'QQQ': 0.11404161173444266, 'IWM': 0.08553120880083198, 'HYG': 0.05702080586722133, 'DBC': 0.05702080586722133, 'GLD': 0.05702080586722133, 'SHY': 0.42979194132778675}",0.0
1276041600000,2010-06-09,131731.75699288407,"{'SPY': 0.19957282053527461, 'QQQ': 0.11404161173444266, 'IWM': 0.08553120880083198, 'HYG': 0.05702080586722133, 'DBC': 0.05702080586722133, 'GLD': 0.05702080586722133, 'SHY': 0.42979194132778675}",0.0
1276128000000,2010-06-10,133346.8265823308,"{'SPY': 0.19957282053527461, 'QQQ': 0.11404161173444266, 'IWM': 0.08553120880083198, 'HYG': 0.05702080586722133, 'DBC': 0.05702080586722133, 'GLD': 0.05702080586722133, 'SHY': 0.42979194132778675}",0.0
1276214400000,2010-06-11,133925.34369115814,"{'SPY': 0.19957282053527461, 'QQQ': 0.11404161173444266, 'IWM': 0.08553120880083198, 'HYG': 0.05702080586722133, 'DBC': 0.05702080586722133, 'GLD': 0.05702080586722133, 'SHY': 0.42979194132778675}",0.0
1276473600000,2010-06-14,133971.38944127326,"{'SPY': 0.19957282053527461, 'QQQ': 0.11404161173444266, 'IWM': 0.08553120880083198, 'HYG': 0.05702080586722133, 'DBC': 0.05702080586722133, 'GLD': 0.05702080586722133, 'SHY': 0.42979194132778675}",0.0
1276560000000,2010-06-15,135540.58665140555,"{'SPY': 0.19957282053527461, 'QQQ': 0.11404161173444266, 'IWM': 0.08553120880083198, 'HYG': 0.05702080586722133, 'DBC': 0.05702080586722133, 'GLD': 0.05702080586722133, 'SHY': 0.42979194132778675}",0.0
1276646400000,2010-06-16,135535.51882979576,"{'SPY': 0.19957282053527461, 'QQQ': 0.11404161173444266, 'IWM': 0.08553120880083198, 'HYG': 0.05702080586722133, 'DBC': 0.05702080586722133, 'GLD': 0.05702080586722133, 'SHY': 0.42979194132778675}",0.0
1276732800000,2010-06-17,135839.3787800286,"{'SPY': 0.19957282053527461, 'QQQ': 0.11404161173444266, 'IWM': 0.08553120880083198, 'HYG': 0.05702080586722133, 'DBC': 0.05702080586722133, 'GLD': 0.05702080586722133, 'SHY': 0.42979194132778675}",0.0
1276819200000,2010-06-18,135974.2251009332,"{'SPY': 0.19957282053527461, 'QQQ': 0.11404161173444266, 'IWM': 0.08553120880083198, 'HYG': 0.05702080586722133, 'DBC': 0.05702080586722133, 'GLD': 0.05702080586722133, 'SHY': 0.42979194132778675}",0.0
1277078400000,2010-06-21,135494.03424003618,"{'SPY': 0.19957282053527461, 'QQQ': 0.11404161173444266, 'IWM': 0.08553120880083198, 'HYG': 0.05702080586722133, 'DBC': 0.05702080586722133, 'GLD': 0.05702080586722133, 'SHY': 0.42979194132778675}",0.0
1277164800000,2010-06-22,134712.7919380211,"{'SPY': 0.19957282053527461, 'QQQ': 0.11404161173444266, 'IWM': 0.08553120880083198, 'HYG': 0.05702080586722133, 'DBC': 0.05702080586722133, 'GLD': 0.05702080586722133, 'SHY': 0.42979194132778675}",0.0
1277251200000,2010-06-23,134410.94378415376,"{'SPY': 0.19957282053527461, 'QQQ': 0.11404161173444266, 'IWM': 0.08553120880083198, 'HYG': 0.05702080586722133, 'DBC': 0.05702080586722133, 'GLD': 0.05702080586722133, 'SHY': 0.42979194132778675}",0.0
1277337600000,2010-06-24,133550.85326830624,"{'SPY': 0.19957282053527461, 'QQQ': 0.11404161173444266, 'IWM': 0.08553120880083198, 'HYG': 0.05702080586722133, 'DBC': 0.05702080586722133, 'GLD': 0.05702080586722133, 'SHY': 0.42979194132778675}",0.0
1277424000000,2010-06-25,134147.38251418312,"{'SPY': 0.19957282053527461, 'QQQ': 0.11404161173444266, 'IWM': 0.08553120880083198, 'HYG': 0.05702080586722133, 'DBC': 0.05702080586722133, 'GLD': 0.05702080586722133, 'SHY': 0.42979194132778675}",0.0
1277683200000,2010-06-28,133808.21443999885,"{'SPY': 0.19957282053527461, 'QQQ': 0.11404161173444266, 'IWM': 0.08553120880083198, 'HYG': 0.05702080586722133, 'DBC': 0.05702080586722133, 'GLD': 0.05702080586722133, 'SHY': 0.42979194132778675}",0.0
1277769600000,2010-06-29,131714.00776518212,"{'SPY': 0.19957282053527461, 'QQQ': 0.11404161173444266, 'IWM': 0.08553120880083198, 'HYG': 0.05702080586722133, 'DBC': 0.05702080586722133, 'GLD': 0.05702080586722133, 'SHY': 0.42979194132778675}",0.0
1277856000000,2010-06-30,131131.2691027382,"{'SPY': 0.19022176345759442, 'QQQ': 0.10869815054719684, 'IWM': 0.08152361291039761, 'HYG': 0.05434907527359842, 'DBC': 0.05434907527359842, 'GLD': 0.05434907527359842, 'SHY': 0.45650924726401587}",0.0
1277942400000,2010-07-01,130537.0849109285,"{'SPY': 0.19022176345759442, 'QQQ': 0.10869815054719684, 'IWM': 0.08152361291039761, 'HYG': 0.05434907527359842, 'DBC': 0.05434907527359842, 'GLD': 0.05434907527359842, 'SHY': 0.45650924726401587}",0.0
1278028800000,2010-07-02,130321.68830409361,"{'SPY': 0.19022176345759442, 'QQQ': 0.10869815054719684, 'IWM': 0.08152361291039761, 'HYG': 0.05434907527359842, 'DBC': 0.05434907527359842, 'GLD': 0.05434907527359842, 'SHY': 0.45650924726401587}",0.0
1278374400000,2010-07-06,130346.76264718371,"{'SPY': 0.19022176345759442, 'QQQ': 0.10869815054719684, 'IWM': 0.08152361291039761, 'HYG': 0.05434907527359842, 'DBC': 0.05434907527359842, 'GLD': 0.05434907527359842, 'SHY': 0.45650924726401587}",0.0
1278460800000,2010-07-07,132263.34495933633,"{'SPY': 0.19022176345759442, 'QQQ': 0.10869815054719684, 'IWM': 0.08152361291039761, 'HYG': 0.05434907527359842, 'DBC': 0.05434907527359842, 'GLD': 0.05434907527359842, 'SHY': 0.45650924726401587}",0.0
1278547200000,2010-07-08,132820.8970865018,"{'SPY': 0.19022176345759442, 'QQQ': 0.10869815054719684, 'IWM': 0.08152361291039761, 'HYG': 0.05434907527359842, 'DBC': 0.05434907527359842, 'GLD': 0.05434907527359842, 'SHY': 0.45650924726401587}",0.0
1278633600000,2010-07-09,133360.1424009996,"{'SPY': 0.19022176345759442, 'QQQ': 0.10869815054719684, 'IWM': 0.08152361291039761, 'HYG': 0.05434907527359842, 'DBC': 0.05434907527359842, 'GLD': 0.05434907527359842, 'SHY': 0.45650924726401587}",0.0
1278892800000,2010-07-12,133152.66479112182,"{'SPY': 0.19022176345759442, 'QQQ': 0.10869815054719684, 'IWM': 0.08152361291039761, 'HYG': 0.05434907527359842, 'DBC': 0.05434907527359842, 'GLD': 0.05434907527359842, 'SHY': 0.45650924726401587}",0.0
1278979200000,2010-07-13,134258.1084746309,"{'SPY': 0.19022176345759442, 'QQQ': 0.10869815054719684, 'IWM': 0.08152361291039761, 'HYG': 0.05434907527359842, 'DBC': 0.05434907527359842, 'GLD': 0.05434907527359842, 'SHY': 0.45650924726401587}",0.0
1279065600000,2010-07-14,134332.80239549963,"{'SPY': 0.19022176345759442, 'QQQ': 0.10869815054719684, 'IWM': 0.08152361291039761, 'HYG': 0.05434907527359842, 'DBC': 0.05434907527359842, 'GLD': 0.05434907527359842, 'SHY': 0.45650924726401587}",0.0
1279152000000,2010-07-15,134342.35628063118,"{'SPY': 0.19022176345759442, 'QQQ': 0.10869815054719684, 'IWM': 0.08152361291039761, 'HYG': 0.05434907527359842, 'DBC': 0.05434907527359842, 'GLD': 0.05434907527359842, 'SHY': 0.45650924726401587}",0.0
1279238400000,2010-07-16,132661.75947480506,"{'SPY': 0.19022176345759442, 'QQQ': 0.10869815054719684, 'IWM': 0.08152361291039761, 'HYG': 0.05434907527359842, 'DBC': 0.05434907527359842, 'GLD': 0.05434907527359842, 'SHY': 0.45650924726401587}",0.0
1279497600000,2010-07-19,132918.3532593556,"{'SPY': 0.19022176345759442, 'QQQ': 0.10869815054719684, 'IWM': 0.08152361291039761, 'HYG': 0.05434907527359842, 'DBC': 0.05434907527359842, 'GLD': 0.05434907527359842, 'SHY': 0.45650924726401587}",0.0
1279584000000,2010-07-20,133751.60389720707,"{'SPY': 0.19022176345759442, 'QQQ': 0.10869815054719684, 'IWM': 0.08152361291039761, 'HYG': 0.05434907527359842, 'DBC': 0.05434907527359842, 'GLD': 0.05434907527359842, 'SHY': 0.45650924726401587}",0.0
1279670400000,2010-07-21,132982.1251243158,"{'SPY': 0.19022176345759442, 'QQQ': 0.10869815054719684, 'IWM': 0.08152361291039761, 'HYG': 0.05434907527359842, 'DBC': 0.05434907527359842, 'GLD': 0.05434907527359842, 'SHY': 0.45650924726401587}",0.0
1279756800000,2010-07-22,134548.35019447343,"{'SPY': 0.19022176345759442, 'QQQ': 0.10869815054719684, 'IWM': 0.08152361291039761, 'HYG': 0.05434907527359842, 'DBC': 0.05434907527359842, 'GLD': 0.05434907527359842, 'SHY': 0.45650924726401587}",0.0
1279843200000,2010-07-23,135065.93493177395,"{'SPY': 0.19022176345759442, 'QQQ': 0.10869815054719684, 'IWM': 0.08152361291039761, 'HYG': 0.05434907527359842, 'DBC': 0.05434907527359842, 'GLD': 0.05434907527359842, 'SHY': 0.45650924726401587}",0.0
1280102400000,2010-07-26,135644.16173235964,"{'SPY': 0.19022176345759442, 'QQQ': 0.10869815054719684, 'IWM': 0.08152361291039761, 'HYG': 0.05434907527359842, 'DBC': 0.05434907527359842, 'GLD': 0.05434907527359842, 'SHY': 0.45650924726401587}",0.0
1280188800000,2010-07-27,135341.57039037978,"{'SPY': 0.19022176345759442, 'QQQ': 0.10869815054719684, 'IWM': 0.08152361291039761, 'HYG': 0.05434907527359842, 'DBC': 0.05434907527359842, 'GLD': 0.05434907527359842, 'SHY': 0.45650924726401587}",0.0
1280275200000,2010-07-28,134970.32939695896,"{'SPY': 0.19022176345759442, 'QQQ': 0.10869815054719684, 'IWM': 0.08152361291039761, 'HYG': 0.05434907527359842, 'DBC': 0.05434907527359842, 'GLD': 0.05434907527359842, 'SHY': 0.45650924726401587}",0.0
1280361600000,2010-07-29,134920.13671526214,"{'SPY': 0.19022176345759442, 'QQQ': 0.10869815054719684, 'IWM': 0.08152361291039761, 'HYG': 0.05434907527359842, 'DBC': 0.05434907527359842, 'GLD': 0.05434907527359842, 'SHY': 0.45650924726401587}",0.0
1280448000000,2010-07-30,135074.06790309952,"{'SPY': 0.11268226619912172, 'QQQ': 0.05634113309956086, 'TLT': 0.25, 'IEF': 0.2, 'GLD': 0.08451169964934128, 'SHY': 0.2964649010519762}",0.0
1280707200000,2010-08-02,134998.96731147871,"{'SPY': 0.11268226619912172, 'QQQ': 0.05634113309956086, 'TLT': 0.25, 'IEF': 0.2, 'GLD': 0.08451169964934128, 'SHY': 0.2964649010519762}",0.0
1280793600000,2010-08-03,135288.19873015975,"{'SPY': 0.11268226619912172, 'QQQ': 0.05634113309956086, 'TLT': 0.25, 'IEF': 0.2, 'GLD': 0.08451169964934128, 'SHY': 0.2964649010519762}",0.0
1280880000000,2010-08-04,135134.41574020515,"{'SPY': 0.11268226619912172, 'QQQ': 0.05634113309956086, 'TLT': 0.25, 'IEF': 0.2, 'GLD': 0.08451169964934128, 'SHY': 0.2964649010519762}",0.0
1280966400000,2010-08-05,135460.94350059095,"{'SPY': 0.11268226619912172, 'QQQ': 0.05634113309956086, 'TLT': 0.25, 'IEF': 0.2, 'GLD': 0.08451169964934128, 'SHY': 0.2964649010519762}",0.0
1281052800000,2010-08-06,136027.71751838867,"{'SPY': 0.11268226619912172, 'QQQ': 0.05634113309956086, 'TLT': 0.25, 'IEF': 0.2, 'GLD': 0.08451169964934128, 'SHY': 0.2964649010519762}",0.0
1281312000000,2010-08-09,135963.83654717664,"{'SPY': 0.11268226619912172, 'QQQ': 0.05634113309956086, 'TLT': 0.25, 'IEF': 0.2, 'GLD': 0.08451169964934128, 'SHY': 0.2964649010519762}",0.0
1281398400000,2010-08-10,136075.00049745847,"{'SPY': 0.11268226619912172, 'QQQ': 0.05634113309956086, 'TLT': 0.25, 'IEF': 0.2, 'GLD': 0.08451169964934128, 'SHY': 0.2964649010519762}",0.0
1281484800000,2010-08-11,136027.48952467873,"{'SPY': 0.11268226619912172, 'QQQ': 0.05634113309956086, 'TLT': 0.25, 'IEF': 0.2, 'GLD': 0.08451169964934128, 'SHY': 0.2964649010519762}",0.0
1281571200000,2010-08-12,135849.86336720406,"{'SPY': 0.11268226619912172, 'QQQ': 0.05634113309956086, 'TLT': 0.25, 'IEF': 0.2, 'GLD': 0.08451169964934128, 'SHY': 0.2964649010519762}",0.0
1281657600000,2010-08-13,136283.14218534293,"{'SPY': 0.11268226619912172, 'QQQ': 0.05634113309956086, 'TLT': 0.25, 'IEF': 0.2, 'GLD': 0.08451169964934128, 'SHY': 0.2964649010519762}",0.0
1281916800000,2010-08-16,137474.2466023013,"{'SPY': 0.11268226619912172, 'QQQ': 0.05634113309956086, 'TLT': 0.25, 'IEF': 0.2, 'GLD': 0.08451169964934128, 'SHY': 0.2964649010519762}",0.0
1282003200000,2010-08-17,137419.54585365276,"{'SPY': 0.11268226619912172, 'QQQ': 0.05634113309956086, 'TLT': 0.25, 'IEF': 0.2, 'GLD': 0.08451169964934128, 'SHY': 0.2964649010519762}",0.0
1282089600000,2010-08-18,137598.0238504378,"{'SPY': 0.11268226619912172, 'QQQ': 0.05634113309956086, 'TLT': 0.25, 'IEF': 0.2, 'GLD': 0.08451169964934128, 'SHY': 0.2964649010519762}",0.0
1282176000000,2010-08-19,137896.72129356477,"{'SPY': 0.11268226619912172, 'QQQ': 0.05634113309956086, 'TLT': 0.25, 'IEF': 0.2, 'GLD': 0.08451169964934128, 'SHY': 0.2964649010519762}",0.0
1282262400000,2010-08-20,137673.07910497062,"{'SPY': 0.11268226619912172, 'QQQ': 0.05634113309956086, 'TLT': 0.25, 'IEF': 0.2, 'GLD': 0.08451169964934128, 'SHY': 0.2964649010519762}",0.0
1282521600000,2010-08-23,137567.22583667986,"{'SPY': 0.11268226619912172, 'QQQ': 0.05634113309956086, 'TLT': 0.25, 'IEF': 0.2, 'GLD': 0.08451169964934128, 'SHY': 0.2964649010519762}",0.0
1282608000000,2010-08-24,138047.15349447748,"{'SPY': 0.11268226619912172, 'QQQ': 0.05634113309956086, 'TLT': 0.25, 'IEF': 0.2, 'GLD': 0.08451169964934128, 'SHY': 0.2964649010519762}",0.0
1282694400000,2010-08-25,138003.2041886052,"{'SPY': 0.11268226619912172, 'QQQ': 0.05634113309956086, 'TLT': 0.25, 'IEF': 0.2, 'GLD': 0.08451169964934128, 'SHY': 0.2964649010519762}",0.0
1282780800000,2010-08-26,138217.20883715717,"{'SPY': 0.11268226619912172, 'QQQ': 0.05634113309956086, 'TLT': 0.25, 'IEF': 0.2, 'GLD': 0.08451169964934128, 'SHY': 0.2964649010519762}",0.0
1282867200000,2010-08-27,137232.83917058894,"{'SPY': 0.11268226619912172, 'QQQ': 0.05634113309956086, 'TLT': 0.25, 'IEF': 0.2, 'GLD': 0.08451169964934128, 'SHY': 0.2964649010519762}",0.0
1283126400000,2010-08-30,137834.2975894454,"{'SPY': 0.11268226619912172, 'QQQ': 0.05634113309956086, 'TLT': 0.25, 'IEF': 0.2, 'GLD': 0.08451169964934128, 'SHY': 0.2964649010519762}",0.0
1283212800000,2010-08-31,138412.2740580018,"{'SPY': 0.2, 'QQQ': 0.1, 'TLT': 0.25, 'IEF': 0.2, 'GLD': 0.15, 'SHY': 0.1}",0.0
1283299200000,2010-09-01,138664.97569983534,"{'SPY': 0.2, 'QQQ': 0.1, 'TLT': 0.25, 'IEF': 0.2, 'GLD': 0.15, 'SHY': 0.1}",0.0
1283385600000,2010-09-02,138695.43894899962,"{'SPY': 0.2, 'QQQ': 0.1, 'TLT': 0.25, 'IEF': 0.2, 'GLD': 0.15, 'SHY': 0.1}",0.0
1283472000000,2010-09-03,138616.83001941646,"{'SPY': 0.2, 'QQQ': 0.1, 'TLT': 0.25, 'IEF': 0.2, 'GLD': 0.15, 'SHY': 0.1}",0.0
1283817600000,2010-09-07,139297.72265657206,"{'SPY': 0.2, 'QQQ': 0.1, 'TLT': 0.25, 'IEF': 0.2, 'GLD': 0.15, 'SHY': 0.1}",0.0
1283904000000,2010-09-08,139299.3725839869,"{'SPY': 0.2, 'QQQ': 0.1, 'TLT': 0.25, 'IEF': 0.2, 'GLD': 0.15, 'SHY': 0.1}",0.0
1283990400000,2010-09-09,138364.8238894618,"{'SPY': 0.2, 'QQQ': 0.1, 'TLT': 0.25, 'IEF': 0.2, 'GLD': 0.15, 'SHY': 0.1}",0.0
1284076800000,2010-09-10,138344.58089102112,"{'SPY': 0.2, 'QQQ': 0.1, 'TLT': 0.25, 'IEF': 0.2, 'GLD': 0.15, 'SHY': 0.1}",0.0
1284336000000,2010-09-13,139138.5811908346,"{'SPY': 0.2, 'QQQ': 0.1, 'TLT': 0.25, 'IEF': 0.2, 'GLD': 0.15, 'SHY': 0.1}",0.0
1284422400000,2010-09-14,140077.14685177547,"{'SPY': 0.2, 'QQQ': 0.1, 'TLT': 0.25, 'IEF': 0.2, 'GLD': 0.15, 'SHY': 0.1}",0.0
1284508800000,2010-09-15,139645.4168496184,"{'SPY': 0.2, 'QQQ': 0.1, 'TLT': 0.25, 'IEF': 0.2, 'GLD': 0.15, 'SHY': 0.1}",0.0
1284595200000,2010-09-16,139371.2244295205,"{'SPY': 0.2, 'QQQ': 0.1, 'TLT': 0.25, 'IEF': 0.2, 'GLD': 0.15, 'SHY': 0.1}",0.0
1284681600000,2010-09-17,139621.34049121896,"{'SPY': 0.2, 'QQQ': 0.1, 'TLT': 0.25, 'IEF': 0.2, 'GLD': 0.15, 'SHY': 0.1}",0.0
1284940800000,2010-09-20,140638.5226866426,"{'SPY': 0.2, 'QQQ': 0.1, 'TLT': 0.25, 'IEF': 0.2, 'GLD': 0.15, 'SHY': 0.1}",0.0
1285027200000,2010-09-21,141532.16556836222,"{'SPY': 0.2, 'QQQ': 0.1, 'TLT': 0.25, 'IEF': 0.2, 'GLD': 0.15, 'SHY': 0.1}",0.0
1285113600000,2010-09-22,141746.2797959063,"{'SPY': 0.2, 'QQQ': 0.1, 'TLT': 0.25, 'IEF': 0.2, 'GLD': 0.15, 'SHY': 0.1}",0.0
1285200000000,2010-09-23,141670.86675433602,"{'SPY': 0.2, 'QQQ': 0.1, 'TLT': 0.25, 'IEF': 0.2, 'GLD': 0.15, 'SHY': 0.1}",0.0
1285286400000,2010-09-24,141990.72118966153,"{'SPY': 0.2, 'QQQ': 0.1, 'TLT': 0.25, 'IEF': 0.2, 'GLD': 0.15, 'SHY': 0.1}",0.0
1285545600000,2010-09-27,142622.86312826877,"{'SPY': 0.2, 'QQQ': 0.1, 'TLT': 0.25, 'IEF': 0.2, 'GLD': 0.15, 'SHY': 0.1}",0.0
1285632000000,2010-09-28,143249.90861143006,"{'SPY': 0.2, 'QQQ': 0.1, 'TLT': 0.25, 'IEF': 0.2, 'GLD': 0.15, 'SHY': 0.1}",0.0
1285718400000,2010-09-29,142972.30784077523,"{'SPY': 0.2, 'QQQ': 0.1, 'TLT': 0.25, 'IEF': 0.2, 'GLD': 0.15, 'SHY': 0.1}",0.0
1285804800000,2010-09-30,142760.25566788358,"{'SPY': 0.2, 'QQQ': 0.1, 'TLT': 0.25, 'IEF': 0.2, 'GLD': 0.15, 'SHY': 0.1}",0.0
1285891200000,2010-10-01,142875.66938506268,"{'SPY': 0.2, 'QQQ': 0.1, 'TLT': 0.25, 'IEF': 0.2, 'GLD': 0.15, 'SHY': 0.1}",0.0
1286150400000,2010-10-04,142627.00378323684,"{'SPY': 0.2, 'QQQ': 0.1, 'TLT': 0.25, 'IEF': 0.2, 'GLD': 0.15, 'SHY': 0.1}",0.0
1286236800000,2010-10-05,143768.13970439177,"{'SPY': 0.2, 'QQQ': 0.1, 'TLT': 0.25, 'IEF': 0.2, 'GLD': 0.15, 'SHY': 0.1}",0.0
1286323200000,2010-10-06,144415.00521223547,"{'SPY': 0.2, 'QQQ': 0.1, 'TLT': 0.25, 'IEF': 0.2, 'GLD': 0.15, 'SHY': 0.1}",0.0
1286409600000,2010-10-07,143936.27367975554,"{'SPY': 0.2, 'QQQ': 0.1, 'TLT': 0.25, 'IEF': 0.2, 'GLD': 0.15, 'SHY': 0.1}",0.0
1286496000000,2010-10-08,144263.78904609135,"{'SPY': 0.2, 'QQQ': 0.1, 'TLT': 0.25, 'IEF': 0.2, 'GLD': 0.15, 'SHY': 0.1}",0.0
1286755200000,2010-10-11,144437.8749072746,"{'SPY': 0.2, 'QQQ': 0.1, 'TLT': 0.25, 'IEF': 0.2, 'GLD': 0.15, 'SHY': 0.1}",0.0
1286841600000,2010-10-12,144120.892285615,"{'SPY': 0.2, 'QQQ': 0.1, 'TLT': 0.25, 'IEF': 0.2, 'GLD': 0.15, 'SHY': 0.1}",0.0
1286928000000,2010-10-13,144754.49887567916,"{'SPY': 0.2, 'QQQ': 0.1, 'TLT': 0.25, 'IEF': 0.2, 'GLD': 0.15, 'SHY': 0.1}",0.0
1287014400000,2010-10-14,144010.0053762585,"{'SPY': 0.2, 'QQQ': 0.1, 'TLT': 0.25, 'IEF': 0.2, 'GLD': 0.15, 'SHY': 0.1}",0.0
1287100800000,2010-10-15,143643.41317847837,"{'SPY': 0.2, 'QQQ': 0.1, 'TLT': 0.25, 'IEF': 0.2, 'GLD': 0.15, 'SHY': 0.1}",0.0
1287360000000,2010-10-18,144258.90779876398,"{'SPY': 0.2, 'QQQ': 0.1, 'TLT': 0.25, 'IEF': 0.2, 'GLD': 0.15, 'SHY': 0.1}",0.0
1287446400000,2010-10-19,143397.14533004942,"{'SPY': 0.2, 'QQQ': 0.1, 'TLT': 0.25, 'IEF': 0.2, 'GLD': 0.15, 'SHY': 0.1}",0.0
1287532800000,2010-10-20,144043.65158914452,"{'SPY': 0.2, 'QQQ': 0.1, 'TLT': 0.25, 'IEF': 0.2, 'GLD': 0.15, 'SHY': 0.1}",0.0
1287619200000,2010-10-21,143245.91863489297,"{'SPY': 0.2, 'QQQ': 0.1, 'TLT': 0.25, 'IEF': 0.2, 'GLD': 0.15, 'SHY': 0.1}",0.0
1287705600000,2010-10-22,143687.28485201226,"{'SPY': 0.2, 'QQQ': 0.1, 'TLT': 0.25, 'IEF': 0.2, 'GLD': 0.15, 'SHY': 0.1}",0.0
1287964800000,2010-10-25,144125.34392853695,"{'SPY': 0.2, 'QQQ': 0.1, 'TLT': 0.25, 'IEF': 0.2, 'GLD': 0.15, 'SHY': 0.1}",0.0
1288051200000,2010-10-26,143411.7835989575,"{'SPY': 0.2, 'QQQ': 0.1, 'TLT': 0.25, 'IEF': 0.2, 'GLD': 0.15, 'SHY': 0.1}",0.0
1288137600000,2010-10-27,142661.99019837475,"{'SPY': 0.2, 'QQQ': 0.1, 'TLT': 0.25, 'IEF': 0.2, 'GLD': 0.15, 'SHY': 0.1}",0.0
1288224000000,2010-10-28,143263.03798436644,"{'SPY': 0.2, 'QQQ': 0.1, 'TLT': 0.25, 'IEF': 0.2, 'GLD': 0.15, 'SHY': 0.1}",0.0
1288310400000,2010-10-29,143944.34592232885,"{'SPY': 0.2, 'QQQ': 0.1, 'TLT': 0.25, 'IEF': 0.2, 'GLD': 0.15, 'SHY': 0.1}",0.0
1288569600000,2010-11-01,143654.30206449045,"{'SPY': 0.2, 'QQQ': 0.1, 'TLT': 0.25, 'IEF': 0.2, 'GLD': 0.15, 'SHY': 0.1}",0.0
1288656000000,2010-11-02,144689.1797508685,"{'SPY': 0.2, 'QQQ': 0.1, 'TLT': 0.25, 'IEF': 0.2, 'GLD': 0.15, 'SHY': 0.1}",0.0
1288742400000,2010-11-03,144081.58036523717,"{'SPY': 0.2, 'QQQ': 0.1, 'TLT': 0.25, 'IEF': 0.2, 'GLD': 0.15, 'SHY': 0.1}",0.0
1288828800000,2010-11-04,146062.39247075788,"{'SPY': 0.2, 'QQQ': 0.1, 'TLT': 0.25, 'IEF': 0.2, 'GLD': 0.15, 'SHY': 0.1}",0.0
1288915200000,2010-11-05,145467.29081439643,"{'SPY': 0.2, 'QQQ': 0.1, 'TLT': 0.25, 'IEF': 0.2, 'GLD': 0.15, 'SHY': 0.1}",0.0
1289174400000,2010-11-08,145820.91108933245,"{'SPY': 0.2, 'QQQ': 0.1, 'TLT': 0.25, 'IEF': 0.2, 'GLD': 0.15, 'SHY': 0.1}",0.0
1289260800000,2010-11-09,144115.84049093744,"{'SPY': 0.2, 'QQQ': 0.1, 'TLT': 0.25, 'IEF': 0.2, 'GLD': 0.15, 'SHY': 0.1}",0.0
1289347200000,2010-11-10,144733.26431758192,"{'SPY': 0.2, 'QQQ': 0.1, 'TLT': 0.25, 'IEF': 0.2, 'GLD': 0.15, 'SHY': 0.1}",0.0
1289433600000,2010-11-11,144525.7510193259,"{'SPY': 0.2, 'QQQ': 0.1, 'TLT': 0.25, 'IEF': 0.2, 'GLD': 0.15, 'SHY': 0.1}",0.0
1289520000000,2010-11-12,142888.01003756633,"{'SPY': 0.2, 'QQQ': 0.1, 'TLT': 0.25, 'IEF': 0.2, 'GLD': 0.15, 'SHY': 0.1}",0.0
1289779200000,2010-11-15,141468.07654885648,"{'SPY': 0.2, 'QQQ': 0.1, 'TLT': 0.25, 'IEF': 0.2, 'GLD': 0.15, 'SHY': 0.1}",0.0
1289865600000,2010-11-16,141658.01196902385,"{'SPY': 0.2, 'QQQ': 0.1, 'TLT': 0.25, 'IEF': 0.2, 'GLD': 0.15, 'SHY': 0.1}",0.0
1289952000000,2010-11-17,141349.7786088939,"{'SPY': 0.2, 'QQQ': 0.1, 'TLT': 0.25, 'IEF': 0.2, 'GLD': 0.15, 'SHY': 0.1}",0.0
1290038400000,2010-11-18,142350.24364066622,"{'SPY': 0.2, 'QQQ': 0.1, 'TLT': 0.25, 'IEF': 0.2, 'GLD': 0.15, 'SHY': 0.1}",0.0
1290124800000,2010-11-19,142726.1745307772,"{'SPY': 0.2, 'QQQ': 0.1, 'TLT': 0.25, 'IEF': 0.2, 'GLD': 0.15, 'SHY': 0.1}",0.0
1290384000000,2010-11-22,143347.19506585845,"{'SPY': 0.2, 'QQQ': 0.1, 'TLT': 0.25, 'IEF': 0.2, 'GLD': 0.15, 'SHY': 0.1}",0.0
1290470400000,2010-11-23,143098.92477188478,"{'SPY': 0.2, 'QQQ': 0.1, 'TLT': 0.25, 'IEF': 0.2, 'GLD': 0.15, 'SHY': 0.1}",0.0
1290556800000,2010-11-24,142802.58470810088,"{'SPY': 0.2, 'QQQ': 0.1, 'TLT': 0.25, 'IEF': 0.2, 'GLD': 0.15, 'SHY': 0.1}",0.0
1290729600000,2010-11-26,142835.0472088874,"{'SPY': 0.2, 'QQQ': 0.1, 'TLT': 0.25, 'IEF': 0.2, 'GLD': 0.15, 'SHY': 0.1}",0.0
1290988800000,2010-11-29,143340.445444372,"{'SPY': 0.2, 'QQQ': 0.1, 'TLT': 0.25, 'IEF': 0.2, 'GLD': 0.15, 'SHY': 0.1}",0.0
1291075200000,2010-11-30,143473.62712296957,"{'SPY': 0.35, 'QQQ': 0.2, 'IWM': 0.15, 'HYG': 0.1, 'DBC': 0.1, 'GLD': 0.1}",0.0
1291161600000,2010-12-01,146181.74931152002,"{'SPY': 0.35, 'QQQ': 0.2, 'IWM': 0.15, 'HYG': 0.1, 'DBC': 0.1, 'GLD': 0.1}",0.0
1291248000000,2010-12-02,147468.37909676912,"{'SPY': 0.35, 'QQQ': 0.2, 'IWM': 0.15, 'HYG': 0.1, 'DBC': 0.1, 'GLD': 0.1}",0.0
1291334400000,2010-12-03,148367.95145804732,"{'SPY': 0.35, 'QQQ': 0.2, 'IWM': 0.15, 'HYG': 0.1, 'DBC': 0.1, 'GLD': 0.1}",0.0
1291593600000,2010-12-06,148526.8398604029,"{'SPY': 0.35, 'QQQ': 0.2, 'IWM': 0.15, 'HYG': 0.1, 'DBC': 0.1, 'GLD': 0.1}",0.0
1291680000000,2010-12-07,148398.00136744633,"{'SPY': 0.35, 'QQQ': 0.2, 'IWM': 0.15, 'HYG': 0.1, 'DBC': 0.1, 'GLD': 0.1}",0.0
1291766400000,2010-12-08,148563.61166021982,"{'SPY': 0.35, 'QQQ': 0.2, 'IWM': 0.15, 'HYG': 0.1, 'DBC': 0.1, 'GLD': 0.1}",0.0
1291852800000,2010-12-09,148862.1643086712,"{'SPY': 0.35, 'QQQ': 0.2, 'IWM': 0.15, 'HYG': 0.1, 'DBC': 0.1, 'GLD': 0.1}",0.0
1291939200000,2010-12-10,149630.84944704972,"{'SPY': 0.35, 'QQQ': 0.2, 'IWM': 0.15, 'HYG': 0.1, 'DBC': 0.1, 'GLD': 0.1}",0.0
1292198400000,2010-12-13,149588.36121832568,"{'SPY': 0.35, 'QQQ': 0.2, 'IWM': 0.15, 'HYG': 0.1, 'DBC': 0.1, 'GLD': 0.1}",0.0
1292284800000,2010-12-14,149726.86703092395,"{'SPY': 0.35, 'QQQ': 0.2, 'IWM': 0.15, 'HYG': 0.1, 'DBC': 0.1, 'GLD': 0.1}",0.0
1292371200000,2010-12-15,149024.40891815326,"{'SPY': 0.35, 'QQQ': 0.2, 'IWM': 0.15, 'HYG': 0.1, 'DBC': 0.1, 'GLD': 0.1}",0.0
1292457600000,2010-12-16,149669.99289151334,"{'SPY': 0.35, 'QQQ': 0.2, 'IWM': 0.15, 'HYG': 0.1, 'DBC': 0.1, 'GLD': 0.1}",0.0
1292544000000,2010-12-17,150001.0684003908,"{'SPY': 0.35, 'QQQ': 0.2, 'IWM': 0.15, 'HYG': 0.1, 'DBC': 0.1, 'GLD': 0.1}",0.0
1292803200000,2010-12-20,150503.74999603885,"{'SPY': 0.35, 'QQQ': 0.2, 'IWM': 0.15, 'HYG': 0.1, 'DBC': 0.1, 'GLD': 0.1}",0.0
1292889600000,2010-12-21,151421.62373826714,"{'SPY': 0.35, 'QQQ': 0.2, 'IWM': 0.15, 'HYG': 0.1, 'DBC': 0.1, 'GLD': 0.1}",0.0
1292976000000,2010-12-22,151665.1092451294,"{'SPY': 0.35, 'QQQ': 0.2, 'IWM': 0.15, 'HYG': 0.1, 'DBC': 0.1, 'GLD': 0.1}",0.0
1293062400000,2010-12-23,151510.38131751504,"{'SPY': 0.35, 'QQQ': 0.2, 'IWM': 0.15, 'HYG': 0.1, 'DBC': 0.1, 'GLD': 0.1}",0.0
1293408000000,2010-12-27,151641.7135337144,"{'SPY': 0.35, 'QQQ': 0.2, 'IWM': 0.15, 'HYG': 0.1, 'DBC': 0.1, 'GLD': 0.1}",0.0
1293494400000,2010-12-28,152018.19459797206,"{'SPY': 0.35, 'QQQ': 0.2, 'IWM': 0.15, 'HYG': 0.1, 'DBC': 0.1, 'GLD': 0.1}",0.0
1293580800000,2010-12-29,152282.86186631932,"{'SPY': 0.35, 'QQQ': 0.2, 'IWM': 0.15, 'HYG': 0.1, 'DBC': 0.1, 'GLD': 0.1}",0.0
1293667200000,2010-12-30,151840.63213997704,"{'SPY': 0.35, 'QQQ': 0.2, 'IWM': 0.15, 'HYG': 0.1, 'DBC': 0.1, 'GLD': 0.1}",0.0
1293753600000,2010-12-31,152092.42770612505,"{'SPY': 0.35, 'QQQ': 0.2, 'IWM': 0.15, 'HYG': 0.1, 'DBC': 0.1, 'GLD': 0.1}",0.0
1294012800000,2011-01-03,153513.20249914264,"{'SPY': 0.35, 'QQQ': 0.2, 'IWM': 0.15, 'HYG': 0.1, 'DBC': 0.1, 'GLD': 0.1}",0.0
1294099200000,2011-01-04,152622.8524353938,"{'SPY': 0.35, 'QQQ': 0.2, 'IWM': 0.15, 'HYG': 0.1, 'DBC': 0.1, 'GLD': 0.1}",0.0
1294185600000,2011-01-05,153586.4438494119,"{'SPY': 0.35, 'QQQ': 0.2, 'IWM': 0.15, 'HYG': 0.1, 'DBC': 0.1, 'GLD': 0.1}",0.0
1294272000000,2011-01-06,153223.751251299,"{'SPY': 0.35, 'QQQ': 0.2, 'IWM': 0.15, 'HYG': 0.1, 'DBC': 0.1, 'GLD': 0.1}",0.0
1294358400000,2011-01-07,152816.341814125,"{'SPY': 0.35, 'QQQ': 0.2, 'IWM': 0.15, 'HYG': 0.1, 'DBC': 0.1, 'GLD': 0.1}",0.0
1294617600000,2011-01-10,153225.57673614693,"{'SPY': 0.35, 'QQQ': 0.2, 'IWM': 0.15, 'HYG': 0.1, 'DBC': 0.1, 'GLD': 0.1}",0.0
1294704000000,2011-01-11,153874.99692369186,"{'SPY': 0.35, 'QQQ': 0.2, 'IWM': 0.15, 'HYG': 0.1, 'DBC': 0.1, 'GLD': 0.1}",0.0
1294790400000,2011-01-12,154972.8683418648,"{'SPY': 0.35, 'QQQ': 0.2, 'IWM': 0.15, 'HYG': 0.1, 'DBC': 0.1, 'GLD': 0.1}",0.0
1294876800000,2011-01-13,154699.58264920252,"{'SPY': 0.35, 'QQQ': 0.2, 'IWM': 0.15, 'HYG': 0.1, 'DBC': 0.1, 'GLD': 0.1}",0.0
1294963200000,2011-01-14,155436.31647170128,"{'SPY': 0.35, 'QQQ': 0.2, 'IWM': 0.15, 'HYG': 0.1, 'DBC': 0.1, 'GLD': 0.1}",0.0
1295308800000,2011-01-18,155701.83712897834,"{'SPY': 0.35, 'QQQ': 0.2, 'IWM': 0.15, 'HYG': 0.1, 'DBC': 0.1, 'GLD': 0.1}",0.0
1295395200000,2011-01-19,154182.98756098616,"{'SPY': 0.35, 'QQQ': 0.2, 'IWM': 0.15, 'HYG': 0.1, 'DBC': 0.1, 'GLD': 0.1}",0.0
1295481600000,2011-01-20,153176.22294220686,"{'SPY': 0.35, 'QQQ': 0.2, 'IWM': 0.15, 'HYG': 0.1, 'DBC': 0.1, 'GLD': 0.1}",0.0
1295568000000,2011-01-21,153106.53476554755,"{'SPY': 0.35, 'QQQ': 0.2, 'IWM': 0.15, 'HYG': 0.1, 'DBC': 0.1, 'GLD': 0.1}",0.0
1295827200000,2011-01-24,153816.4403248088,"{'SPY': 0.35, 'QQQ': 0.2, 'IWM': 0.15, 'HYG': 0.1, 'DBC': 0.1, 'GLD': 0.1}",0.0
1295913600000,2011-01-25,153723.48080402642,"{'SPY': 0.35, 'QQQ': 0.2, 'IWM': 0.15, 'HYG': 0.1, 'DBC': 0.1, 'GLD': 0.1}",0.0
1296000000000,2011-01-26,154961.8125437254,"{'SPY': 0.35, 'QQQ': 0.2, 'IWM': 0.15, 'HYG': 0.1, 'DBC': 0.1, 'GLD': 0.1}",0.0
1296086400000,2011-01-27,154859.87346925115,"{'SPY': 0.35, 'QQQ': 0.2, 'IWM': 0.15, 'HYG': 0.1, 'DBC': 0.1, 'GLD': 0.1}",0.0
1296172800000,2011-01-28,152947.1173333885,"{'SPY': 0.35, 'QQQ': 0.2, 'IWM': 0.15, 'HYG': 0.1, 'DBC': 0.1, 'GLD': 0.1}",0.0
1296432000000,2011-01-31,153931.2961014631,"{'SPY': 0.35, 'QQQ': 0.2, 'IWM': 0.15, 'HYG': 0.1, 'DBC': 0.1, 'GLD': 0.1}",0.0
1296518400000,2011-02-01,156157.94016481828,"{'SPY': 0.35, 'QQQ': 0.2, 'IWM': 0.15, 'HYG': 0.1, 'DBC': 0.1, 'GLD': 0.1}",0.0
1296604800000,2011-02-02,156043.48317813687,"{'SPY': 0.35, 'QQQ': 0.2, 'IWM': 0.15, 'HYG': 0.1, 'DBC': 0.1, 'GLD': 0.1}",0.0
1296691200000,2011-02-03,156409.29445386725,"{'SPY': 0.35, 'QQQ': 0.2, 'IWM': 0.15, 'HYG': 0.1, 'DBC': 0.1, 'GLD': 0.1}",0.0
1296777600000,2011-02-04,156698.560760035,"{'SPY': 0.35, 'QQQ': 0.2, 'IWM': 0.15, 'HYG': 0.1, 'DBC': 0.1, 'GLD': 0.1}",0.0
1297036800000,2011-02-07,157409.04284114257,"{'SPY': 0.35, 'QQQ': 0.2, 'IWM': 0.15, 'HYG': 0.1, 'DBC': 0.1, 'GLD': 0.1}",0.0
1297123200000,2011-02-08,158330.15809019652,"{'SPY': 0.35, 'QQQ': 0.2, 'IWM': 0.15, 'HYG': 0.1, 'DBC': 0.1, 'GLD': 0.1}",0.0
1297209600000,2011-02-09,158024.25467446764,"{'SPY': 0.35, 'QQQ': 0.2, 'IWM': 0.15, 'HYG': 0.1, 'DBC': 0.1, 'GLD': 0.1}",0.0
1297296000000,2011-02-10,158086.30422768436,"{'SPY': 0.35, 'QQQ': 0.2, 'IWM': 0.15, 'HYG': 0.1, 'DBC': 0.1, 'GLD': 0.1}",0.0
1297382400000,2011-02-11,158824.1033898845,"{'SPY': 0.35, 'QQQ': 0.2, 'IWM': 0.15, 'HYG': 0.1, 'DBC': 0.1, 'GLD': 0.1}",0.0
1297641600000,2011-02-14,159321.07860675172,"{'SPY': 0.35, 'QQQ': 0.2, 'IWM': 0.15, 'HYG': 0.1, 'DBC': 0.1, 'GLD': 0.1}",0.0
1297728000000,2011-02-15,158852.16284996542,"{'SPY': 0.35, 'QQQ': 0.2, 'IWM': 0.15, 'HYG': 0.1, 'DBC': 0.1, 'GLD': 0.1}",0.0
1297814400000,2011-02-16,159739.421223396,"{'SPY': 0.35, 'QQQ': 0.2, 'IWM': 0.15, 'HYG': 0.1, 'DBC': 0.1, 'GLD': 0.1}",0.0
1297900800000,2011-02-17,160262.3981358878,"{'SPY': 0.35, 'QQQ': 0.2, 'IWM': 0.15, 'HYG': 0.1, 'DBC': 0.1, 'GLD': 0.1}",0.0
1297987200000,2011-02-18,160410.5022651196,"{'SPY': 0.35, 'QQQ': 0.2, 'IWM': 0.15, 'HYG': 0.1, 'DBC': 0.1, 'GLD': 0.1}",0.0
1298332800000,2011-02-22,157687.16836017702,"{'SPY': 0.35, 'QQQ': 0.2, 'IWM': 0.15, 'HYG': 0.1, 'DBC': 0.1, 'GLD': 0.1}",0.0
1298419200000,2011-02-23,157189.28877226094,"{'SPY': 0.35, 'QQQ': 0.2, 'IWM': 0.15, 'HYG': 0.1, 'DBC': 0.1, 'GLD': 0.1}",0.0
1298505600000,2011-02-24,157223.63933207322,"{'SPY': 0.35, 'QQQ': 0.2, 'IWM': 0.15, 'HYG': 0.1, 'DBC': 0.1, 'GLD': 0.1}",0.0
1298592000000,2011-02-25,159293.3249423446,"{'SPY': 0.35, 'QQQ': 0.2, 'IWM': 0.15, 'HYG': 0.1, 'DBC': 0.1, 'GLD': 0.1}",0.0
1298851200000,2011-02-28,159870.20131082454,"{'SPY': 0.35, 'QQQ': 0.2, 'IWM': 0.15, 'HYG': 0.1, 'DBC': 0.1, 'GLD': 0.1}",0.0
1298937600000,2011-03-01,158434.38201459852,"{'SPY': 0.35, 'QQQ': 0.2, 'IWM': 0.15, 'HYG': 0.1, 'DBC': 0.1, 'GLD': 0.1}",0.0
1299024000000,2011-03-02,158884.82782321828,"{'SPY': 0.35, 'QQQ': 0.2, 'IWM': 0.15, 'HYG': 0.1, 'DBC': 0.1, 'GLD': 0.1}",0.0
1299110400000,2011-03-03,160856.75909068558,"{'SPY': 0.35, 'QQQ': 0.2, 'IWM': 0.15, 'HYG': 0.1, 'DBC': 0.1, 'GLD': 0.1}",0.0
1299196800000,2011-03-04,160357.74484323058,"{'SPY': 0.35, 'QQQ': 0.2, 'IWM': 0.15, 'HYG': 0.1, 'DBC': 0.1, 'GLD': 0.1}",0.0
1299456000000,2011-03-07,159063.95634228407,"{'SPY': 0.35, 'QQQ': 0.2, 'IWM': 0.15, 'HYG': 0.1, 'DBC': 0.1, 'GLD': 0.1}",0.0
1299542400000,2011-03-08,159876.06280195797,"{'SPY': 0.35, 'QQQ': 0.2, 'IWM': 0.15, 'HYG': 0.1, 'DBC': 0.1, 'GLD': 0.1}",0.0
1299628800000,2011-03-09,159507.08008777435,"{'SPY': 0.35, 'QQQ': 0.2, 'IWM': 0.15, 'HYG': 0.1, 'DBC': 0.1, 'GLD': 0.1}",0.0
1299715200000,2011-03-10,156830.65965289384,"{'SPY': 0.35, 'QQQ': 0.2, 'IWM': 0.15, 'HYG': 0.1, 'DBC': 0.1, 'GLD': 0.1}",0.0
1299801600000,2011-03-11,157426.0378833793,"{'SPY': 0.35, 'QQQ': 0.2, 'IWM': 0.15, 'HYG': 0.1, 'DBC': 0.1, 'GLD': 0.1}",0.0
1300060800000,2011-03-14,156906.97332654535,"{'SPY': 0.35, 'QQQ': 0.2, 'IWM': 0.15, 'HYG': 0.1, 'DBC': 0.1, 'GLD': 0.1}",0.0
1300147200000,2011-03-15,154675.30646808294,"{'SPY': 0.35, 'QQQ': 0.2, 'IWM': 0.15, 'HYG': 0.1, 'DBC': 0.1, 'GLD': 0.1}",0.0
1300233600000,2011-03-16,152687.17438743537,"{'SPY': 0.35, 'QQQ': 0.2, 'IWM': 0.15, 'HYG': 0.1, 'DBC': 0.1, 'GLD': 0.1}",0.0
1300320000000,2011-03-17,154447.10124512817,"{'SPY': 0.35, 'QQQ': 0.2, 'IWM': 0.15, 'HYG': 0.1, 'DBC': 0.1, 'GLD': 0.1}",0.0
1300406400000,2011-03-18,155201.2088334754,"{'SPY': 0.35, 'QQQ': 0.2, 'IWM': 0.15, 'HYG': 0.1, 'DBC': 0.1, 'GLD': 0.1}",0.0
1300665600000,2011-03-21,157435.54557070116,"{'SPY': 0.35, 'QQQ': 0.2, 'IWM': 0.15, 'HYG': 0.1, 'DBC': 0.1, 'GLD': 0.1}",0.0
1300752000000,2011-03-22,157177.18074001302,"{'SPY': 0.35, 'QQQ': 0.2, 'IWM': 0.15, 'HYG': 0.1, 'DBC': 0.1, 'GLD': 0.1}",0.0
1300838400000,2011-03-23,157741.73904324294,"{'SPY': 0.35, 'QQQ': 0.2, 'IWM': 0.15, 'HYG': 0.1, 'DBC': 0.1, 'GLD': 0.1}",0.0
1300924800000,2011-03-24,158933.94884978817,"{'SPY': 0.35, 'QQQ': 0.2, 'IWM': 0.15, 'HYG': 0.1, 'DBC': 0.1, 'GLD': 0.1}",0.0
1301011200000,2011-03-25,159441.89379072134,"{'SPY': 0.35, 'QQQ': 0.2, 'IWM': 0.15, 'HYG': 0.1, 'DBC': 0.1, 'GLD': 0.1}",0.0
1301270400000,2011-03-28,158786.79134681396,"{'SPY': 0.35, 'QQQ': 0.2, 'IWM': 0.15, 'HYG': 0.1, 'DBC': 0.1, 'GLD': 0.1}",0.0
1301356800000,2011-03-29,159753.79948302213,"{'SPY': 0.35, 'QQQ': 0.2, 'IWM': 0.15, 'HYG': 0.1, 'DBC': 0.1, 'GLD': 0.1}",0.0
1301443200000,2011-03-30,160656.6826315998,"{'SPY': 0.35, 'QQQ': 0.2, 'IWM': 0.15, 'HYG': 0.1, 'DBC': 0.1, 'GLD': 0.1}",0.0
1301529600000,2011-03-31,161089.10134963985,"{'SPY': 0.35, 'QQQ': 0.2, 'IWM': 0.15, 'HYG': 0.1, 'DBC': 0.1, 'GLD': 0.1}",0.0
1301616000000,2011-04-01,161465.7161863683,"{'SPY': 0.35, 'QQQ': 0.2, 'IWM': 0.15, 'HYG': 0.1, 'DBC': 0.1, 'GLD': 0.1}",0.0
1301875200000,2011-04-04,161780.5373341248,"{'SPY': 0.35, 'QQQ': 0.2, 'IWM': 0.15, 'HYG': 0.1, 'DBC': 0.1, 'GLD': 0.1}",0.0
1301961600000,2011-04-05,162072.74714086246,"{'SPY': 0.35, 'QQQ': 0.2, 'IWM': 0.15, 'HYG': 0.1, 'DBC': 0.1, 'GLD': 0.1}",0.0
1302048000000,2011-04-06,162505.21645128948,"{'SPY': 0.35, 'QQQ': 0.2, 'IWM': 0.15, 'HYG': 0.1, 'DBC': 0.1, 'GLD': 0.1}",0.0
1302134400000,2011-04-07,162254.3191743646,"{'SPY': 0.35, 'QQQ': 0.2, 'IWM': 0.15, 'HYG': 0.1, 'DBC': 0.1, 'GLD': 0.1}",0.0
1302220800000,2011-04-08,162166.04176358585,"{'SPY': 0.35, 'QQQ': 0.2, 'IWM': 0.15, 'HYG': 0.1, 'DBC': 0.1, 'GLD': 0.1}",0.0
1302480000000,2011-04-11,161238.9677098723,"{'SPY': 0.35, 'QQQ': 0.2, 'IWM': 0.15, 'HYG': 0.1, 'DBC': 0.1, 'GLD': 0.1}",0.0
1302566400000,2011-04-12,159782.2045599237,"{'SPY': 0.35, 'QQQ': 0.2, 'IWM': 0.15, 'HYG': 0.1, 'DBC': 0.1, 'GLD': 0.1}",0.0
1302652800000,2011-04-13,160316.53642184343,"{'SPY': 0.35, 'QQQ': 0.2, 'IWM': 0.15, 'HYG': 0.1, 'DBC': 0.1, 'GLD': 0.1}",0.0
1302739200000,2011-04-14,160606.778470651,"{'SPY': 0.35, 'QQQ': 0.2, 'IWM': 0.15, 'HYG': 0.1, 'DBC': 0.1, 'GLD': 0.1}",0.0
1302825600000,2011-04-15,161254.2049450029,"{'SPY': 0.35, 'QQQ': 0.2, 'IWM': 0.15, 'HYG': 0.1, 'DBC': 0.1, 'GLD': 0.1}",0.0
1303084800000,2011-04-18,159937.49291035533,"{'SPY': 0.35, 'QQQ': 0.2, 'IWM': 0.15, 'HYG': 0.1, 'DBC': 0.1, 'GLD': 0.1}",0.0
1303171200000,2011-04-19,160525.0239684368,"{'SPY': 0.35, 'QQQ': 0.2, 'IWM': 0.15, 'HYG': 0.1, 'DBC': 0.1, 'GLD': 0.1}",0.0
1303257600000,2011-04-20,162887.0832673441,"{'SPY': 0.35, 'QQQ': 0.2, 'IWM': 0.15, 'HYG': 0.1, 'DBC': 0.1, 'GLD': 0.1}",0.0
1303344000000,2011-04-21,163802.52222373977,"{'SPY': 0.35, 'QQQ': 0.2, 'IWM': 0.15, 'HYG': 0.1, 'DBC': 0.1, 'GLD': 0.1}",0.0
1303689600000,2011-04-25,163745.04418112643,"{'SPY': 0.35, 'QQQ': 0.2, 'IWM': 0.15, 'HYG': 0.1, 'DBC': 0.1, 'GLD': 0.1}",0.0
1303776000000,2011-04-26,164645.0801918946,"{'SPY': 0.35, 'QQQ': 0.2, 'IWM': 0.15, 'HYG': 0.1, 'DBC': 0.1, 'GLD': 0.1}",0.0
1303862400000,2011-04-27,165819.91966243126,"{'SPY': 0.35, 'QQQ': 0.2, 'IWM': 0.15, 'HYG': 0.1, 'DBC': 0.1, 'GLD': 0.1}",0.0
1303948800000,2011-04-28,166028.8649844489,"{'SPY': 0.35, 'QQQ': 0.2, 'IWM': 0.15, 'HYG': 0.1, 'DBC': 0.1, 'GLD': 0.1}",0.0
1304035200000,2011-04-29,166722.67180982613,"{'SPY': 0.35, 'QQQ': 0.2, 'IWM': 0.15, 'HYG': 0.1, 'DBC': 0.1, 'GLD': 0.1}",0.0
1304294400000,2011-05-02,165888.16866492887,"{'SPY': 0.35, 'QQQ': 0.2, 'IWM': 0.15, 'HYG': 0.1, 'DBC': 0.1, 'GLD': 0.1}",0.0
1304380800000,2011-05-03,164978.8623639362,"{'SPY': 0.35, 'QQQ': 0.2, 'IWM': 0.15, 'HYG': 0.1, 'DBC': 0.1, 'GLD': 0.1}",0.0
1304467200000,2011-05-04,163719.3893095286,"{'SPY': 0.35, 'QQQ': 0.2, 'IWM': 0.15, 'HYG': 0.1, 'DBC': 0.1, 'GLD': 0.1}",0.0
1304553600000,2011-05-05,161273.5990037772,"{'SPY': 0.35, 'QQQ': 0.2, 'IWM': 0.15, 'HYG': 0.1, 'DBC': 0.1, 'GLD': 0.1}",0.0
1304640000000,2011-05-06,161994.15929059059,"{'SPY': 0.35, 'QQQ': 0.2, 'IWM': 0.15, 'HYG': 0.1, 'DBC': 0.1, 'GLD': 0.1}",0.0
1304899200000,2011-05-09,163466.52609425838,"{'SPY': 0.35, 'QQQ': 0.2, 'IWM': 0.15, 'HYG': 0.1, 'DBC': 0.1, 'GLD': 0.1}",0.0
1304985600000,2011-05-10,164850.79277509887,"{'SPY': 0.35, 'QQQ': 0.2, 'IWM': 0.15, 'HYG': 0.1, 'DBC': 0.1, 'GLD': 0.1}",0.0
1305072000000,2011-05-11,162841.7825338427,"{'SPY': 0.35, 'QQQ': 0.2, 'IWM': 0.15, 'HYG': 0.1, 'DBC': 0.1, 'GLD': 0.1}",0.0
1305158400000,2011-05-12,163560.6739382386,"{'SPY': 0.35, 'QQQ': 0.2, 'IWM': 0.15, 'HYG': 0.1, 'DBC': 0.1, 'GLD': 0.1}",0.0
1305244800000,2011-05-13,162244.67831619893,"{'SPY': 0.35, 'QQQ': 0.2, 'IWM': 0.15, 'HYG': 0.1, 'DBC': 0.1, 'GLD': 0.1}",0.0
1305504000000,2011-05-16,160758.36317527076,"{'SPY': 0.35, 'QQQ': 0.2, 'IWM': 0.15, 'HYG': 0.1, 'DBC': 0.1, 'GLD': 0.1}",0.0
1305590400000,2011-05-17,160760.77223726123,"{'SPY': 0.35, 'QQQ': 0.2, 'IWM': 0.15, 'HYG': 0.1, 'DBC': 0.1, 'GLD': 0.1}",0.0
1305676800000,2011-05-18,162341.24091412956,"{'SPY': 0.35, 'QQQ': 0.2, 'IWM': 0.15, 'HYG': 0.1, 'DBC': 0.1, 'GLD': 0.1}",0.0
1305763200000,2011-05-19,162495.47711834995,"{'SPY': 0.35, 'QQQ': 0.2, 'IWM': 0.15, 'HYG': 0.1, 'DBC': 0.1, 'GLD': 0.1}",0.0
1305849600000,2011-05-20,161963.7533564031,"{'SPY': 0.35, 'QQQ': 0.2, 'IWM': 0.15, 'HYG': 0.1, 'DBC': 0.1, 'GLD': 0.1}",0.0
1306108800000,2011-05-23,160093.5977769274,"{'SPY': 0.35, 'QQQ': 0.2, 'IWM': 0.15, 'HYG': 0.1, 'DBC': 0.1, 'GLD': 0.1}",0.0
1306195200000,2011-05-24,160007.34943303795,"{'SPY': 0.35, 'QQQ': 0.2, 'IWM': 0.15, 'HYG': 0.1, 'DBC': 0.1, 'GLD': 0.1}",0.0
1306281600000,2011-05-25,160909.51638740805,"{'SPY': 0.35, 'QQQ': 0.2, 'IWM': 0.15, 'HYG': 0.1, 'DBC': 0.1, 'GLD': 0.1}",0.0
1306368000000,2011-05-26,161691.6681799836,"{'SPY': 0.35, 'QQQ': 0.2, 'IWM': 0.15, 'HYG': 0.1, 'DBC': 0.1, 'GLD': 0.1}",0.0
1306454400000,2011-05-27,162541.8187955942,"{'SPY': 0.35, 'QQQ': 0.2, 'IWM': 0.15, 'HYG': 0.1, 'DBC': 0.1, 'GLD': 0.1}",0.0
1306800000000,2011-05-31,164038.34700005985,"{'SPY': 0.2, 'QQQ': 0.1, 'TLT': 0.25, 'IEF': 0.2, 'GLD': 0.15, 'SHY': 0.1}",0.0
1306886400000,2011-06-01,163824.38743879818,"{'SPY': 0.2, 'QQQ': 0.1, 'TLT': 0.25, 'IEF': 0.2, 'GLD': 0.15, 'SHY': 0.1}",0.0
1306972800000,2011-06-02,162771.2286106886,"{'SPY': 0.2, 'QQQ': 0.1, 'TLT': 0.25, 'IEF': 0.2, 'GLD': 0.15, 'SHY': 0.1}",0.0
1307059200000,2011-06-03,162688.00245907396,"{'SPY': 0.2, 'QQQ': 0.1, 'TLT': 0.25, 'IEF': 0.2, 'GLD': 0.15, 'SHY': 0.1}",0.0
1307318400000,2011-06-06,161926.7729499727,"{'SPY': 0.2, 'QQQ': 0.1, 'TLT': 0.25, 'IEF': 0.2, 'GLD': 0.15, 'SHY': 0.1}",0.0
1307404800000,2011-06-07,162126.0169467024,"{'SPY': 0.2, 'QQQ': 0.1, 'TLT': 0.25, 'IEF': 0.2, 'GLD': 0.15, 'SHY': 0.1}",0.0
1307491200000,2011-06-08,162163.94775110716,"{'SPY': 0.2, 'QQQ': 0.1, 'TLT': 0.25, 'IEF': 0.2, 'GLD': 0.15, 'SHY': 0.1}",0.0
1307577600000,2011-06-09,162251.8599766215,"{'SPY': 0.2, 'QQQ': 0.1, 'TLT': 0.25, 'IEF': 0.2, 'GLD': 0.15, 'SHY': 0.1}",0.0
1307664000000,2011-06-10,161767.24327326816,"{'SPY': 0.2, 'QQQ': 0.1, 'TLT': 0.25, 'IEF': 0.2, 'GLD': 0.15, 'SHY': 0.1}",0.0
1307923200000,2011-06-13,161273.91927074798,"{'SPY': 0.2, 'QQQ': 0.1, 'TLT': 0.25, 'IEF': 0.2, 'GLD': 0.15, 'SHY': 0.1}",0.0
1308009600000,2011-06-14,161158.52797429622,"{'SPY': 0.2, 'QQQ': 0.1, 'TLT': 0.25, 'IEF': 0.2, 'GLD': 0.15, 'SHY': 0.1}",0.0
1308096000000,2011-06-15,161456.25684144552,"{'SPY': 0.2, 'QQQ': 0.1, 'TLT': 0.25, 'IEF': 0.2, 'GLD': 0.15, 'SHY': 0.1}",0.0
1308182400000,2011-06-16,161715.43831082663,"{'SPY': 0.2, 'QQQ': 0.1, 'TLT': 0.25, 'IEF': 0.2, 'GLD': 0.15, 'SHY': 0.1}",0.0
1308268800000,2011-06-17,161708.81367031074,"{'SPY': 0.2, 'QQQ': 0.1, 'TLT': 0.25, 'IEF': 0.2, 'GLD': 0.15, 'SHY': 0.1}",0.0
1308528000000,2011-06-20,161973.24291333213,"{'SPY': 0.2, 'QQQ': 0.1, 'TLT': 0.25, 'IEF': 0.2, 'GLD': 0.15, 'SHY': 0.1}",0.0
1308614400000,2011-06-21,162662.06027334672,"{'SPY': 0.2, 'QQQ': 0.1, 'TLT': 0.25, 'IEF': 0.2, 'GLD': 0.15, 'SHY': 0.1}",0.0
1308700800000,2011-06-22,162393.56065590182,"{'SPY': 0.2, 'QQQ': 0.1, 'TLT': 0.25, 'IEF': 0.2, 'GLD': 0.15, 'SHY': 0.1}",0.0
1308787200000,2011-06-23,162514.64595733248,"{'SPY': 0.2, 'QQQ': 0.1, 'TLT': 0.25, 'IEF': 0.2, 'GLD': 0.15, 'SHY': 0.1}",0.0
1308873600000,2011-06-24,161488.50276138278,"{'SPY': 0.2, 'QQQ': 0.1, 'TLT': 0.25, 'IEF': 0.2, 'GLD': 0.15, 'SHY': 0.1}",0.0
1309132800000,2011-06-27,161252.76717308463,"{'SPY': 0.2, 'QQQ': 0.1, 'TLT': 0.25, 'IEF': 0.2, 'GLD': 0.15, 'SHY': 0.1}",0.0
1309219200000,2011-06-28,161347.36783078194,"{'SPY': 0.2, 'QQQ': 0.1, 'TLT': 0.25, 'IEF': 0.2, 'GLD': 0.15, 'SHY': 0.1}",0.0
1309305600000,2011-06-29,161384.20833633657,"{'SPY': 0.2, 'QQQ': 0.1, 'TLT': 0.25, 'IEF': 0.2, 'GLD': 0.15, 'SHY': 0.1}",0.0
1309392000000,2011-06-30,161536.92252241125,"{'SPY': 0.2, 'QQQ': 0.1, 'TLT': 0.25, 'IEF': 0.2, 'GLD': 0.15, 'SHY': 0.1}",0.0
1309478400000,2011-07-01,161929.31968079958,"{'SPY': 0.2, 'QQQ': 0.1, 'TLT': 0.25, 'IEF': 0.2, 'GLD': 0.15, 'SHY': 0.1}",0.0
1309824000000,2011-07-05,162750.06727952894,"{'SPY': 0.2, 'QQQ': 0.1, 'TLT': 0.25, 'IEF': 0.2, 'GLD': 0.15, 'SHY': 0.1}",0.0
1309910400000,2011-07-06,163325.29183437003,"{'SPY': 0.2, 'QQQ': 0.1, 'TLT': 0.25, 'IEF': 0.2, 'GLD': 0.15, 'SHY': 0.1}",0.0
1309996800000,2011-07-07,163665.1338765661,"{'SPY': 0.2, 'QQQ': 0.1, 'TLT': 0.25, 'IEF': 0.2, 'GLD': 0.15, 'SHY': 0.1}",0.0
1310083200000,2011-07-08,164520.29094989164,"{'SPY': 0.2, 'QQQ': 0.1, 'TLT': 0.25, 'IEF': 0.2, 'GLD': 0.15, 'SHY': 0.1}",0.0
1310342400000,2011-07-11,164727.1785038795,"{'SPY': 0.2, 'QQQ': 0.1, 'TLT': 0.25, 'IEF': 0.2, 'GLD': 0.15, 'SHY': 0.1}",0.0
1310428800000,2011-07-12,164837.89470346514,"{'SPY': 0.2, 'QQQ': 0.1, 'TLT': 0.25, 'IEF': 0.2, 'GLD': 0.15, 'SHY': 0.1}",0.0
1310515200000,2011-07-13,165411.2585971901,"{'SPY': 0.2, 'QQQ': 0.1, 'TLT': 0.25, 'IEF': 0.2, 'GLD': 0.15, 'SHY': 0.1}",0.0
1310601600000,2011-07-14,164270.0771388758,"{'SPY': 0.2, 'QQQ': 0.1, 'TLT': 0.25, 'IEF': 0.2, 'GLD': 0.15, 'SHY': 0.1}",0.0
1310688000000,2011-07-15,164992.1269258781,"{'SPY': 0.2, 'QQQ': 0.1, 'TLT': 0.25, 'IEF': 0.2, 'GLD': 0.15, 'SHY': 0.1}",0.0
1310947200000,2011-07-18,164432.35103813902,"{'SPY': 0.2, 'QQQ': 0.1, 'TLT': 0.25, 'IEF': 0.2, 'GLD': 0.15, 'SHY': 0.1}",0.0
1311033600000,2011-07-19,166018.89697224137,"{'SPY': 0.2, 'QQQ': 0.1, 'TLT': 0.25, 'IEF': 0.2, 'GLD': 0.15, 'SHY': 0.1}",0.0
1311120000000,2011-07-20,165487.8733516689,"{'SPY': 0.2, 'QQQ': 0.1, 'TLT': 0.25, 'IEF': 0.2, 'GLD': 0.15, 'SHY': 0.1}",0.0
1311206400000,2011-07-21,165357.9860692045,"{'SPY': 0.2, 'QQQ': 0.1, 'TLT': 0.25, 'IEF': 0.2, 'GLD': 0.15, 'SHY': 0.1}",0.0
1311292800000,2011-07-22,166198.11848168154,"{'SPY': 0.2, 'QQQ': 0.1, 'TLT': 0.25, 'IEF': 0.2, 'GLD': 0.15, 'SHY': 0.1}",0.0
1311552000000,2011-07-25,165606.28385926556,"{'SPY': 0.2, 'QQQ': 0.1, 'TLT': 0.25, 'IEF': 0.2, 'GLD': 0.15, 'SHY': 0.1}",0.0
1311638400000,2011-07-26,166025.29225186526,"{'SPY': 0.2, 'QQQ': 0.1, 'TLT': 0.25, 'IEF': 0.2, 'GLD': 0.15, 'SHY': 0.1}",0.0
1311724800000,2011-07-27,164764.98358906968,"{'SPY': 0.2, 'QQQ': 0.1, 'TLT': 0.25, 'IEF': 0.2, 'GLD': 0.15, 'SHY': 0.1}",0.0
1311811200000,2011-07-28,164947.0518076441,"{'SPY': 0.2, 'QQQ': 0.1, 'TLT': 0.25, 'IEF': 0.2, 'GLD': 0.15, 'SHY': 0.1}",0.0
1311897600000,2011-07-29,166003.38374862497,"{'TLT': 0.45, 'IEF': 0.25, 'GLD': 0.15, 'SHY': 0.15}",0.0
1312156800000,2011-08-01,166810.11860368497,"{'TLT': 0.45, 'IEF': 0.25, 'GLD': 0.15, 'SHY': 0.15}",0.0
1312243200000,2011-08-02,170083.67113239004,"{'TLT': 0.45, 'IEF': 0.25, 'GLD': 0.15, 'SHY': 0.15}",0.0
1312329600000,2011-08-03,170260.7746443851,"{'TLT': 0.45, 'IEF': 0.25, 'GLD': 0.15, 'SHY': 0.15}",0.0
1312416000000,2011-08-04,173439.79201493895,"{'TLT': 0.45, 'IEF': 0.25, 'GLD': 0.15, 'SHY': 0.15}",0.0
1312502400000,2011-08-05,170859.57413458964,"{'TLT': 0.45, 'IEF': 0.25, 'GLD': 0.15, 'SHY': 0.15}",0.0
1312761600000,2011-08-08,174826.43732102404,"{'TLT': 0.45, 'IEF': 0.25, 'GLD': 0.15, 'SHY': 0.15}",0.0
1312848000000,2011-08-09,175580.69271645363,"{'TLT': 0.45, 'IEF': 0.25, 'GLD': 0.15, 'SHY': 0.15}",0.0
1312934400000,2011-08-10,179463.13476413657,"{'TLT': 0.45, 'IEF': 0.25, 'GLD': 0.15, 'SHY': 0.15}",0.0
1313020800000,2011-08-11,174132.73223261256,"{'TLT': 0.45, 'IEF': 0.25, 'GLD': 0.15, 'SHY': 0.15}",0.0
1313107200000,2011-08-12,175871.4677934168,"{'TLT': 0.45, 'IEF': 0.25, 'GLD': 0.15, 'SHY': 0.15}",0.0
1313366400000,2011-08-15,175181.27563323942,"{'TLT': 0.45, 'IEF': 0.25, 'GLD': 0.15, 'SHY': 0.15}",0.0
1313452800000,2011-08-16,177011.91637514997,"{'TLT': 0.45, 'IEF': 0.25, 'GLD': 0.15, 'SHY': 0.15}",0.0
1313539200000,2011-08-17,178799.27162047362,"{'TLT': 0.45, 'IEF': 0.25, 'GLD': 0.15, 'SHY': 0.15}",0.0
1313625600000,2011-08-18,181189.36943428355,"{'TLT': 0.45, 'IEF': 0.25, 'GLD': 0.15, 'SHY': 0.15}",0.0
1313712000000,2011-08-19,182236.14548296458,"{'TLT': 0.45, 'IEF': 0.25, 'GLD': 0.15, 'SHY': 0.15}",0.0
1313971200000,2011-08-22,182648.1374313675,"{'TLT': 0.45, 'IEF': 0.25, 'GLD': 0.15, 'SHY': 0.15}",0.0
1314057600000,2011-08-23,180289.83520237647,"{'TLT': 0.45, 'IEF': 0.25, 'GLD': 0.15, 'SHY': 0.15}",0.0
1314144000000,2011-08-24,176583.58259861913,"{'TLT': 0.45, 'IEF': 0.25, 'GLD': 0.15, 'SHY': 0.15}",0.0
1314230400000,2011-08-25,177840.2484283828,"{'TLT': 0.45, 'IEF': 0.25, 'GLD': 0.15, 'SHY': 0.15}",0.0
1314316800000,2011-08-26,179566.32148636208,"{'TLT': 0.45, 'IEF': 0.25, 'GLD': 0.15, 'SHY': 0.15}",0.0
1314576000000,2011-08-29,177603.99131612686,"{'TLT': 0.45, 'IEF': 0.25, 'GLD': 0.15, 'SHY': 0.15}",0.0
1314662400000,2011-08-30,180000.3955517127,"{'TLT': 0.45, 'IEF': 0.25, 'GLD': 0.15, 'SHY': 0.15}",0.0
1314748800000,2011-08-31,178371.19562546402,"{'TLT': 0.45, 'IEF': 0.25, 'GLD': 0.1034668677248147, 'SHY': 0.1965331322751853}",0.0
1314835200000,2011-09-01,180453.59422549163,"{'TLT': 0.45, 'IEF': 0.25, 'GLD': 0.1034668677248147, 'SHY': 0.1965331322751853}",0.0
1314921600000,2011-09-02,184052.2244866926,"{'TLT': 0.45, 'IEF': 0.25, 'GLD': 0.1034668677248147, 'SHY': 0.1965331322751853}",0.0
1315267200000,2011-09-06,184944.11687063592,"{'TLT': 0.45, 'IEF': 0.25, 'GLD': 0.1034668677248147, 'SHY': 0.1965331322751853}",0.0
1315353600000,2011-09-07,182490.6443339944,"{'TLT': 0.45, 'IEF': 0.25, 'GLD': 0.1034668677248147, 'SHY': 0.1965331322751853}",0.0
1315440000000,2011-09-08,183967.5528679173,"{'TLT': 0.45, 'IEF': 0.25, 'GLD': 0.1034668677248147, 'SHY': 0.1965331322751853}",0.0
1315526400000,2011-09-09,184971.34028684453,"{'TLT': 0.45, 'IEF': 0.25, 'GLD': 0.1034668677248147, 'SHY': 0.1965331322751853}",0.0
1315785600000,2011-09-12,184465.82761009524,"{'TLT': 0.45, 'IEF': 0.25, 'GLD': 0.1034668677248147, 'SHY': 0.1965331322751853}",0.0
1315872000000,2011-09-13,183354.40712841958,"{'TLT': 0.45, 'IEF': 0.25, 'GLD': 0.1034668677248147, 'SHY': 0.1965331322751853}",0.0
1315958400000,2011-09-14,183937.9409329091,"{'TLT': 0.45, 'IEF': 0.25, 'GLD': 0.1034668677248147, 'SHY': 0.1965331322751853}",0.0
1316044800000,2011-09-15,182032.04644473598,"{'TLT': 0.45, 'IEF': 0.25, 'GLD': 0.1034668677248147, 'SHY': 0.1965331322751853}",0.0
1316131200000,2011-09-16,182899.61546879253,"{'TLT': 0.45, 'IEF': 0.25, 'GLD': 0.1034668677248147, 'SHY': 0.1965331322751853}",0.0
1316390400000,2011-09-19,184567.16477797707,"{'TLT': 0.45, 'IEF': 0.25, 'GLD': 0.1034668677248147, 'SHY': 0.1965331322751853}",0.0
1316476800000,2011-09-20,185232.41299500337,"{'TLT': 0.45, 'IEF': 0.25, 'GLD': 0.1034668677248147, 'SHY': 0.1965331322751853}",0.0
1316563200000,2011-09-21,187911.10372607404,"{'TLT': 0.45, 'IEF': 0.25, 'GLD': 0.1034668677248147, 'SHY': 0.1965331322751853}",0.0
1316649600000,2011-09-22,191021.94758665212,"{'TLT': 0.45, 'IEF': 0.25, 'GLD': 0.1034668677248147, 'SHY': 0.1965331322751853}",0.0
1316736000000,2011-09-23,187951.09540578543,"{'TLT': 0.45, 'IEF': 0.25, 'GLD': 0.1034668677248147, 'SHY': 0.1965331322751853}",0.0
1316995200000,2011-09-26,186114.0257137184,"{'TLT': 0.45, 'IEF': 0.25, 'GLD': 0.1034668677248147, 'SHY': 0.1965331322751853}",0.0
1317081600000,2011-09-27,184881.73834689223,"{'TLT': 0.45, 'IEF': 0.25, 'GLD': 0.1034668677248147, 'SHY': 0.1965331322751853}",0.0
1317168000000,2011-09-28,184324.15295067284,"{'TLT': 0.45, 'IEF': 0.25, 'GLD': 0.1034668677248147, 'SHY': 0.1965331322751853}",0.0
1317254400000,2011-09-29,185087.4711534588,"{'TLT': 0.45, 'IEF': 0.25, 'GLD': 0.1034668677248147, 'SHY': 0.1965331322751853}",0.0
1317340800000,2011-09-30,187530.10679275388,"{'TLT': 0.45, 'IEF': 0.25, 'GLD': 0.08798364050652006, 'SHY': 0.21201635949347994}",0.0
1317600000000,2011-10-03,190598.27710700376,"{'TLT': 0.45, 'IEF': 0.25, 'GLD': 0.08798364050652006, 'SHY': 0.21201635949347994}",0.0
1317686400000,2011-10-04,188897.73403294187,"{'TLT': 0.45, 'IEF': 0.25, 'GLD': 0.08798364050652006, 'SHY': 0.21201635949347994}",0.0
1317772800000,2011-10-05,188280.28545546552,"{'TLT': 0.45, 'IEF': 0.25, 'GLD': 0.08798364050652006, 'SHY': 0.21201635949347994}",0.0
1317859200000,2011-10-06,186486.37511673395,"{'TLT': 0.45, 'IEF': 0.25, 'GLD': 0.08798364050652006, 'SHY': 0.21201635949347994}",0.0
1317945600000,2011-10-07,185476.59686787537,"{'TLT': 0.45, 'IEF': 0.25, 'GLD': 0.08798364050652006, 'SHY': 0.21201635949347994}",0.0
1318204800000,2011-10-10,184196.5701200541,"{'TLT': 0.45, 'IEF': 0.25, 'GLD': 0.08798364050652006, 'SHY': 0.21201635949347994}",0.0
1318291200000,2011-10-11,183974.43850536167,"{'TLT': 0.45, 'IEF': 0.25, 'GLD': 0.08798364050652006, 'SHY': 0.21201635949347994}",0.0
1318377600000,2011-10-12,182729.35305755874,"{'TLT': 0.45, 'IEF': 0.25, 'GLD': 0.08798364050652006, 'SHY': 0.21201635949347994}",0.0
1318464000000,2011-10-13,183645.50897238162,"{'TLT': 0.45, 'IEF': 0.25, 'GLD': 0.08798364050652006, 'SHY': 0.21201635949347994}",0.0
1318550400000,2011-10-14,182345.24768892632,"{'TLT': 0.45, 'IEF': 0.25, 'GLD': 0.08798364050652006, 'SHY': 0.21201635949347994}",0.0
1318809600000,2011-10-17,183990.17909571182,"{'TLT': 0.45, 'IEF': 0.25, 'GLD': 0.08798364050652006, 'SHY': 0.21201635949347994}",0.0
1318896000000,2011-10-18,183349.11578095346,"{'TLT': 0.45, 'IEF': 0.25, 'GLD': 0.08798364050652006, 'SHY': 0.21201635949347994}",0.0
1318982400000,2011-10-19,183209.1900601743,"{'TLT': 0.45, 'IEF': 0.25, 'GLD': 0.08798364050652006, 'SHY': 0.21201635949347994}",0.0
1319068800000,2011-10-20,182321.7341654695,"{'TLT': 0.45, 'IEF': 0.25, 'GLD': 0.08798364050652006, 'SHY': 0.21201635949347994}",0.0
1319155200000,2011-10-21,181533.47931718256,"{'TLT': 0.45, 'IEF': 0.25, 'GLD': 0.08798364050652006, 'SHY': 0.21201635949347994}",0.0
1319414400000,2011-10-24,181798.8098360656,"{'TLT': 0.45, 'IEF': 0.25, 'GLD': 0.08798364050652006, 'SHY': 0.21201635949347994}",0.0
1319500800000,2011-10-25,184744.39524595332,"{'TLT': 0.45, 'IEF': 0.25, 'GLD': 0.08798364050652006, 'SHY': 0.21201635949347994}",0.0
1319587200000,2011-10-26,183107.4739150116,"{'TLT': 0.45, 'IEF': 0.25, 'GLD': 0.08798364050652006, 'SHY': 0.21201635949347994}",0.0
1319673600000,2011-10-27,179941.49543040417,"{'TLT': 0.45, 'IEF': 0.25, 'GLD': 0.08798364050652006, 'SHY': 0.21201635949347994}",0.0
1319760000000,2011-10-28,181087.88184388122,"{'TLT': 0.45, 'IEF': 0.25, 'GLD': 0.08798364050652006, 'SHY': 0.21201635949347994}",0.0
1320019200000,2011-10-31,184748.06878903558,"{'TLT': 0.45, 'IEF': 0.25, 'GLD': 0.08356714294874841, 'SHY': 0.2164328570512516}",0.0
1320105600000,2011-11-01,188092.43049489328,"{'TLT': 0.45, 'IEF': 0.25, 'GLD': 0.08356714294874841, 'SHY': 0.2164328570512516}",0.0
1320192000000,2011-11-02,187091.62244474248,"{'TLT': 0.45, 'IEF': 0.25, 'GLD': 0.08356714294874841, 'SHY': 0.2164328570512516}",0.0
1320278400000,2011-11-03,185966.31442208798,"{'TLT': 0.45, 'IEF': 0.25, 'GLD': 0.08356714294874841, 'SHY': 0.2164328570512516}",0.0
1320364800000,2011-11-04,186127.17147601806,"{'TLT': 0.45, 'IEF': 0.25, 'GLD': 0.08356714294874841, 'SHY': 0.2164328570512516}",0.0
1320624000000,2011-11-07,187079.49501864953,"{'TLT': 0.45, 'IEF': 0.25, 'GLD': 0.08356714294874841, 'SHY': 0.2164328570512516}",0.0
1320710400000,2011-11-08,185656.92749793877,"{'TLT': 0.45, 'IEF': 0.25, 'GLD': 0.08356714294874841, 'SHY': 0.2164328570512516}",0.0
1320796800000,2011-11-09,187680.09136523557,"{'TLT': 0.45, 'IEF': 0.25, 'GLD': 0.08356714294874841, 'SHY': 0.2164328570512516}",0.0
1320883200000,2011-11-10,186113.16792081873,"{'TLT': 0.45, 'IEF': 0.25, 'GLD': 0.08356714294874841, 'SHY': 0.2164328570512516}",0.0
1320969600000,2011-11-11,185625.01972781884,"{'TLT': 0.45, 'IEF': 0.25, 'GLD': 0.08356714294874841, 'SHY': 0.2164328570512516}",0.0
1321228800000,2011-11-14,187210.5607435566,"{'TLT': 0.45, 'IEF': 0.25, 'GLD': 0.08356714294874841, 'SHY': 0.2164328570512516}",0.0
1321315200000,2011-11-15,187042.68854762832,"{'TLT': 0.45, 'IEF': 0.25, 'GLD': 0.08356714294874841, 'SHY': 0.2164328570512516}",0.0
1321401600000,2011-11-16,187804.2615928817,"{'TLT': 0.45, 'IEF': 0.25, 'GLD': 0.08356714294874841, 'SHY': 0.2164328570512516}",0.0
1321488000000,2011-11-17,188177.885595415,"{'TLT': 0.45, 'IEF': 0.25, 'GLD': 0.08356714294874841, 'SHY': 0.2164328570512516}",0.0
1321574400000,2011-11-18,188015.92943130105,"{'TLT': 0.45, 'IEF': 0.25, 'GLD': 0.08356714294874841, 'SHY': 0.2164328570512516}",0.0
1321833600000,2011-11-21,188268.49064732058,"{'TLT': 0.45, 'IEF': 0.25, 'GLD': 0.08356714294874841, 'SHY': 0.2164328570512516}",0.0
1321920000000,2011-11-22,189536.986620249,"{'TLT': 0.45, 'IEF': 0.25, 'GLD': 0.08356714294874841, 'SHY': 0.2164328570512516}",0.0
1322006400000,2011-11-23,190494.4225395236,"{'TLT': 0.45, 'IEF': 0.25, 'GLD': 0.08356714294874841, 'SHY': 0.2164328570512516}",0.0
1322179200000,2011-11-25,188808.7320209182,"{'TLT': 0.45, 'IEF': 0.25, 'GLD': 0.08356714294874841, 'SHY': 0.2164328570512516}",0.0
1322438400000,2011-11-28,189087.76227194277,"{'TLT': 0.45, 'IEF': 0.25, 'GLD': 0.08356714294874841, 'SHY': 0.2164328570512516}",0.0
1322524800000,2011-11-29,188328.36248244668,"{'TLT': 0.45, 'IEF': 0.25, 'GLD': 0.08356714294874841, 'SHY': 0.2164328570512516}",0.0
1322611200000,2011-11-30,187032.01268663755,"{'TLT': 0.45, 'IEF': 0.25, 'GLD': 0.10831970390819028, 'SHY': 0.19168029609180984}",0.0
1322697600000,2011-12-01,186538.73625104022,"{'TLT': 0.45, 'IEF': 0.25, 'GLD': 0.10831970390819028, 'SHY': 0.19168029609180984}",0.0
1322784000000,2011-12-02,187936.4790020037,"{'TLT': 0.45, 'IEF': 0.25, 'GLD': 0.10831970390819028, 'SHY': 0.19168029609180984}",0.0
1323043200000,2011-12-05,187442.92327653762,"{'TLT': 0.45, 'IEF': 0.25, 'GLD': 0.10831970390819028, 'SHY': 0.19168029609180984}",0.0
1323129600000,2011-12-06,186620.6465501178,"{'TLT': 0.45, 'IEF': 0.25, 'GLD': 0.10831970390819028, 'SHY': 0.19168029609180984}",0.0
1323216000000,2011-12-07,187292.02750592944,"{'TLT': 0.45, 'IEF': 0.25, 'GLD': 0.10831970390819028, 'SHY': 0.19168029609180984}",0.0
1323302400000,2011-12-08,188177.37589230898,"{'TLT': 0.45, 'IEF': 0.25, 'GLD': 0.10831970390819028, 'SHY': 0.19168029609180984}",0.0
1323388800000,2011-12-09,186164.7442270469,"{'TLT': 0.45, 'IEF': 0.25, 'GLD': 0.10831970390819028, 'SHY': 0.19168029609180984}",0.0
1323648000000,2011-12-12,186724.4232581666,"{'TLT': 0.45, 'IEF': 0.25, 'GLD': 0.10831970390819028, 'SHY': 0.19168029609180984}",0.0
1323734400000,2011-12-13,187280.1235252314,"{'TLT': 0.45, 'IEF': 0.25, 'GLD': 0.10831970390819028, 'SHY': 0.19168029609180984}",0.0
1323820800000,2011-12-14,188348.17098279498,"{'TLT': 0.45, 'IEF': 0.25, 'GLD': 0.10831970390819028, 'SHY': 0.19168029609180984}",0.0
1323907200000,2011-12-15,187914.59923073358,"{'TLT': 0.45, 'IEF': 0.25, 'GLD': 0.10831970390819028, 'SHY': 0.19168029609180984}",0.0
1323993600000,2011-12-16,189532.96806766422,"{'TLT': 0.45, 'IEF': 0.25, 'GLD': 0.10831970390819028, 'SHY': 0.19168029609180984}",0.0
1324252800000,2011-12-19,190723.08704811044,"{'TLT': 0.45, 'IEF': 0.25, 'GLD': 0.10831970390819028, 'SHY': 0.19168029609180984}",0.0
1324339200000,2011-12-20,188423.5880772416,"{'TLT': 0.45, 'IEF': 0.25, 'GLD': 0.10831970390819028, 'SHY': 0.19168029609180984}",0.0
1324425600000,2011-12-21,187102.5723528913,"{'TLT': 0.45, 'IEF': 0.25, 'GLD': 0.10831970390819028, 'SHY': 0.19168029609180984}",0.0
1324512000000,2011-12-22,187365.30335141745,"{'TLT': 0.45, 'IEF': 0.25, 'GLD': 0.10831970390819028, 'SHY': 0.19168029609180984}",0.0
1324598400000,2011-12-23,186279.4597435842,"{'TLT': 0.45, 'IEF': 0.25, 'GLD': 0.10831970390819028, 'SHY': 0.19168029609180984}",0.0
1324944000000,2011-12-27,186510.2217574282,"{'TLT': 0.45, 'IEF': 0.25, 'GLD': 0.10831970390819028, 'SHY': 0.19168029609180984}",0.0
1325030400000,2011-12-28,187859.08053221574,"{'TLT': 0.45, 'IEF': 0.25, 'GLD': 0.10831970390819028, 'SHY': 0.19168029609180984}",0.0
1325116800000,2011-12-29,187982.65735831787,"{'TLT': 0.45, 'IEF': 0.25, 'GLD': 0.10831970390819028, 'SHY': 0.19168029609180984}",0.0
1325203200000,2011-12-30,188524.24914360722,"{'SPY': 0.24999999999999994, 'QQQ': 0.14999999999999997, 'TLT': 0.14999999999999997, 'LQD': 0.14999999999999997, 'HYG': 0.19999999999999996, 'GLD': 0.09999999999999998}",2.220446049250313e-16
1325548800000,2012-01-03,189980.2110668985,"{'SPY': 0.24999999999999994, 'QQQ': 0.14999999999999997, 'TLT': 0.14999999999999997, 'LQD': 0.14999999999999997, 'HYG': 0.19999999999999996, 'GLD': 0.09999999999999998}",2.220446049250313e-16
1325635200000,2012-01-04,189891.3823654802,"{'SPY': 0.24999999999999994, 'QQQ': 0.14999999999999997, 'TLT': 0.14999999999999997, 'LQD': 0.14999999999999997, 'HYG': 0.19999999999999996, 'GLD': 0.09999999999999998}",2.220446049250313e-16
1325721600000,2012-01-05,190042.98314458216,"{'SPY': 0.24999999999999994, 'QQQ': 0.14999999999999997, 'TLT': 0.14999999999999997, 'LQD': 0.14999999999999997, 'HYG': 0.19999999999999996, 'GLD': 0.09999999999999998}",2.220446049250313e-16
1325808000000,2012-01-06,190166.08160216277,"{'SPY': 0.24999999999999994, 'QQQ': 0.14999999999999997, 'TLT': 0.14999999999999997, 'LQD': 0.14999999999999997, 'HYG': 0.19999999999999996, 'GLD': 0.09999999999999998}",2.220446049250313e-16
1326067200000,2012-01-09,190061.31905700764,"{'SPY': 0.24999999999999994, 'QQQ': 0.14999999999999997, 'TLT': 0.14999999999999997, 'LQD': 0.14999999999999997, 'HYG': 0.19999999999999996, 'GLD': 0.09999999999999998}",2.220446049250313e-16
1326153600000,2012-01-10,191105.61620203126,"{'SPY': 0.24999999999999994, 'QQQ': 0.14999999999999997, 'TLT': 0.14999999999999997, 'LQD': 0.14999999999999997, 'HYG': 0.19999999999999996, 'GLD': 0.09999999999999998}",2.220446049250313e-16
1326240000000,2012-01-11,191644.39713171544,"{'SPY': 0.24999999999999994, 'QQQ': 0.14999999999999997, 'TLT': 0.14999999999999997, 'LQD': 0.14999999999999997, 'HYG': 0.19999999999999996, 'GLD': 0.09999999999999998}",2.220446049250313e-16
1326326400000,2012-01-12,191931.59324147663,"{'SPY': 0.24999999999999994, 'QQQ': 0.14999999999999997, 'TLT': 0.14999999999999997, 'LQD': 0.14999999999999997, 'HYG': 0.19999999999999996, 'GLD': 0.09999999999999998}",2.220446049250313e-16
1326412800000,2012-01-13,191792.41712442815,"{'SPY': 0.24999999999999994, 'QQQ': 0.14999999999999997, 'TLT': 0.14999999999999997, 'LQD': 0.14999999999999997, 'HYG': 0.19999999999999996, 'GLD': 0.09999999999999998}",2.220446049250313e-16
1326758400000,2012-01-17,192688.65217429303,"{'SPY': 0.24999999999999994, 'QQQ': 0.14999999999999997, 'TLT': 0.14999999999999997, 'LQD': 0.14999999999999997, 'HYG': 0.19999999999999996, 'GLD': 0.09999999999999998}",2.220446049250313e-16
1326844800000,2012-01-18,193437.6110305777,"{'SPY': 0.24999999999999994, 'QQQ': 0.14999999999999997, 'TLT': 0.14999999999999997, 'LQD': 0.14999999999999997, 'HYG': 0.19999999999999996, 'GLD': 0.09999999999999998}",2.220446049250313e-16
1326931200000,2012-01-19,193477.2891813996,"{'SPY': 0.24999999999999994, 'QQQ': 0.14999999999999997, 'TLT': 0.14999999999999997, 'LQD': 0.14999999999999997, 'HYG': 0.19999999999999996, 'GLD': 0.09999999999999998}",2.220446049250313e-16
1327017600000,2012-01-20,193313.82342362852,"{'SPY': 0.24999999999999994, 'QQQ': 0.14999999999999997, 'TLT': 0.14999999999999997, 'LQD': 0.14999999999999997, 'HYG': 0.19999999999999996, 'GLD': 0.09999999999999998}",2.220446049250313e-16
1327276800000,2012-01-23,193236.24907248796,"{'SPY': 0.24999999999999994, 'QQQ': 0.14999999999999997, 'TLT': 0.14999999999999997, 'LQD': 0.14999999999999997, 'HYG': 0.19999999999999996, 'GLD': 0.09999999999999998}",2.220446049250313e-16
1327363200000,2012-01-24,193247.03962511435,"{'SPY': 0.24999999999999994, 'QQQ': 0.14999999999999997, 'TLT': 0.14999999999999997, 'LQD': 0.14999999999999997, 'HYG': 0.19999999999999996, 'GLD': 0.09999999999999998}",2.220446049250313e-16
1327449600000,2012-01-25,194909.41469154597,"{'SPY': 0.24999999999999994, 'QQQ': 0.14999999999999997, 'TLT': 0.14999999999999997, 'LQD': 0.14999999999999997, 'HYG': 0.19999999999999996, 'GLD': 0.09999999999999998}",2.220446049250313e-16
1327536000000,2012-01-26,195368.23682906572,"{'SPY': 0.24999999999999994, 'QQQ': 0.14999999999999997, 'TLT': 0.14999999999999997, 'LQD': 0.14999999999999997, 'HYG': 0.19999999999999996, 'GLD': 0.09999999999999998}",2.220446049250313e-16
1327622400000,2012-01-27,195625.7536361702,"{'SPY': 0.24999999999999994, 'QQQ': 0.14999999999999997, 'TLT': 0.14999999999999997, 'LQD': 0.14999999999999997, 'HYG': 0.19999999999999996, 'GLD': 0.09999999999999998}",2.220446049250313e-16
1327881600000,2012-01-30,195556.84232243474,"{'SPY': 0.24999999999999994, 'QQQ': 0.14999999999999997, 'TLT': 0.14999999999999997, 'LQD': 0.14999999999999997, 'HYG': 0.19999999999999996, 'GLD': 0.09999999999999998}",2.220446049250313e-16
1327968000000,2012-01-31,196250.28781112935,"{'SPY': 0.24999999999999994, 'QQQ': 0.14999999999999997, 'TLT': 0.14999999999999997, 'LQD': 0.14999999999999997, 'HYG': 0.19999999999999996, 'GLD': 0.09999999999999998}",2.220446049250313e-16
1328054400000,2012-02-01,196799.8479180502,"{'SPY': 0.24999999999999994, 'QQQ': 0.14999999999999997, 'TLT': 0.14999999999999997, 'LQD': 0.14999999999999997, 'HYG': 0.19999999999999996, 'GLD': 0.09999999999999998}",2.220446049250313e-16
1328140800000,2012-02-02,197217.37709588397,"{'SPY': 0.24999999999999994, 'QQQ': 0.14999999999999997, 'TLT': 0.14999999999999997, 'LQD': 0.14999999999999997, 'HYG': 0.19999999999999996, 'GLD': 0.09999999999999998}",2.220446049250313e-16
1328227200000,2012-02-03,197355.83275205575,"{'SPY': 0.24999999999999994, 'QQQ': 0.14999999999999997, 'TLT': 0.14999999999999997, 'LQD': 0.14999999999999997, 'HYG': 0.19999999999999996, 'GLD': 0.09999999999999998}",2.220446049250313e-16
1328486400000,2012-02-06,197624.46238931446,"{'SPY': 0.24999999999999994, 'QQQ': 0.14999999999999997, 'TLT': 0.14999999999999997, 'LQD': 0.14999999999999997, 'HYG': 0.19999999999999996, 'GLD': 0.09999999999999998}",2.220446049250313e-16
1328572800000,2012-02-07,197764.3094281547,"{'SPY': 0.24999999999999994, 'QQQ': 0.14999999999999997, 'TLT': 0.14999999999999997, 'LQD': 0.14999999999999997, 'HYG': 0.19999999999999996, 'GLD': 0.09999999999999998}",2.220446049250313e-16
1328659200000,2012-02-08,198017.1085397072,"{'SPY': 0.24999999999999994, 'QQQ': 0.14999999999999997, 'TLT': 0.14999999999999997, 'LQD': 0.14999999999999997, 'HYG': 0.19999999999999996, 'GLD': 0.09999999999999998}",2.220446049250313e-16
1328745600000,2012-02-09,197937.9536238402,"{'SPY': 0.24999999999999994, 'QQQ': 0.14999999999999997, 'TLT': 0.14999999999999997, 'LQD': 0.14999999999999997, 'HYG': 0.19999999999999996, 'GLD': 0.09999999999999998}",2.220446049250313e-16
1328832000000,2012-02-10,197275.07408705488,"{'SPY': 0.24999999999999994, 'QQQ': 0.14999999999999997, 'TLT': 0.14999999999999997, 'LQD': 0.14999999999999997, 'HYG': 0.19999999999999996, 'GLD': 0.09999999999999998}",2.220446049250313e-16
1329091200000,2012-02-13,198214.12664806112,"{'SPY': 0.24999999999999994, 'QQQ': 0.14999999999999997, 'TLT': 0.14999999999999997, 'LQD': 0.14999999999999997, 'HYG': 0.19999999999999996, 'GLD': 0.09999999999999998}",2.220446049250313e-16
1329177600000,2012-02-14,198361.5637528955,"{'SPY': 0.24999999999999994, 'QQQ': 0.14999999999999997, 'TLT': 0.14999999999999997, 'LQD': 0.14999999999999997, 'HYG': 0.19999999999999996, 'GLD': 0.09999999999999998}",2.220446049250313e-16
1329264000000,2012-02-15,197819.82237670684,"{'SPY': 0.24999999999999994, 'QQQ': 0.14999999999999997, 'TLT': 0.14999999999999997, 'LQD': 0.14999999999999997, 'HYG': 0.19999999999999996, 'GLD': 0.09999999999999998}",2.220446049250313e-16
1329350400000,2012-02-16,198639.4013823875,"{'SPY': 0.24999999999999994, 'QQQ': 0.14999999999999997, 'TLT': 0.14999999999999997, 'LQD': 0.14999999999999997, 'HYG': 0.19999999999999996, 'GLD': 0.09999999999999998}",2.220446049250313e-16
1329436800000,2012-02-17,198533.34191776684,"{'SPY': 0.24999999999999994, 'QQQ': 0.14999999999999997, 'TLT': 0.14999999999999997, 'LQD': 0.14999999999999997, 'HYG': 0.19999999999999996, 'GLD': 0.09999999999999998}",2.220446049250313e-16
1329782400000,2012-02-21,198845.81606589182,"{'SPY': 0.24999999999999994, 'QQQ': 0.14999999999999997, 'TLT': 0.14999999999999997, 'LQD': 0.14999999999999997, 'HYG': 0.19999999999999996, 'GLD': 0.09999999999999998}",2.220446049250313e-16
1329868800000,2012-02-22,199460.19694562588,"{'SPY': 0.24999999999999994, 'QQQ': 0.14999999999999997, 'TLT': 0.14999999999999997, 'LQD': 0.14999999999999997, 'HYG': 0.19999999999999996, 'GLD': 0.09999999999999998}",2.220446049250313e-16
1329955200000,2012-02-23,200073.24454450197,"{'SPY': 0.24999999999999994, 'QQQ': 0.14999999999999997, 'TLT': 0.14999999999999997, 'LQD': 0.14999999999999997, 'HYG': 0.19999999999999996, 'GLD': 0.09999999999999998}",2.220446049250313e-16
1330041600000,2012-02-24,200536.27460917417,"{'SPY': 0.24999999999999994, 'QQQ': 0.14999999999999997, 'TLT': 0.14999999999999997, 'LQD': 0.14999999999999997, 'HYG': 0.19999999999999996, 'GLD': 0.09999999999999998}",2.220446049250313e-16
1330300800000,2012-02-27,200986.80956281692,"{'SPY': 0.24999999999999994, 'QQQ': 0.14999999999999997, 'TLT': 0.14999999999999997, 'LQD': 0.14999999999999997, 'HYG': 0.19999999999999996, 'GLD': 0.09999999999999998}",2.220446049250313e-16
1330387200000,2012-02-28,201723.58921017722,"{'SPY': 0.24999999999999994, 'QQQ': 0.14999999999999997, 'TLT': 0.14999999999999997, 'LQD': 0.14999999999999997, 'HYG': 0.19999999999999996, 'GLD': 0.09999999999999998}",2.220446049250313e-16
1330473600000,2012-02-29,200136.69303404985,"{'SPY': 0.35, 'QQQ': 0.2, 'IWM': 0.15, 'HYG': 0.1, 'DBC': 0.1, 'GLD': 0.1}",0.0
1330560000000,2012-03-01,201603.1044644087,"{'SPY': 0.35, 'QQQ': 0.2, 'IWM': 0.15, 'HYG': 0.1, 'DBC': 0.1, 'GLD': 0.1}",0.0
1330646400000,2012-03-02,200584.74202128247,"{'SPY': 0.35, 'QQQ': 0.2, 'IWM': 0.15, 'HYG': 0.1, 'DBC': 0.1, 'GLD': 0.1}",0.0
1330905600000,2012-03-05,199627.40602592975,"{'SPY': 0.35, 'QQQ': 0.2, 'IWM': 0.15, 'HYG': 0.1, 'DBC': 0.1, 'GLD': 0.1}",0.0
1330992000000,2012-03-06,196669.45940710328,"{'SPY': 0.35, 'QQQ': 0.2, 'IWM': 0.15, 'HYG': 0.1, 'DBC': 0.1, 'GLD': 0.1}",0.0
1331078400000,2012-03-07,197985.9402987748,"{'SPY': 0.35, 'QQQ': 0.2, 'IWM': 0.15, 'HYG': 0.1, 'DBC': 0.1, 'GLD': 0.1}",0.0
1331164800000,2012-03-08,200004.44887417599,"{'SPY': 0.35, 'QQQ': 0.2, 'IWM': 0.15, 'HYG': 0.1, 'DBC': 0.1, 'GLD': 0.1}",0.0
1331251200000,2012-03-09,201058.08082960526,"{'SPY': 0.35, 'QQQ': 0.2, 'IWM': 0.15, 'HYG': 0.1, 'DBC': 0.1, 'GLD': 0.1}",0.0
1331510400000,2012-03-12,200836.8563243891,"{'SPY': 0.35, 'QQQ': 0.2, 'IWM': 0.15, 'HYG': 0.1, 'DBC': 0.1, 'GLD': 0.1}",0.0
1331596800000,2012-03-13,203348.70552720138,"{'SPY': 0.35, 'QQQ': 0.2, 'IWM': 0.15, 'HYG': 0.1, 'DBC': 0.1, 'GLD': 0.1}",0.0
1331683200000,2012-03-14,202632.34210104198,"{'SPY': 0.35, 'QQQ': 0.2, 'IWM': 0.15, 'HYG': 0.1, 'DBC': 0.1, 'GLD': 0.1}",0.0
1331769600000,2012-03-15,203549.99862836787,"{'SPY': 0.35, 'QQQ': 0.2, 'IWM': 0.15, 'HYG': 0.1, 'DBC': 0.1, 'GLD': 0.1}",0.0
1331856000000,2012-03-16,203798.79012584,"{'SPY': 0.35, 'QQQ': 0.2, 'IWM': 0.15, 'HYG': 0.1, 'DBC': 0.1, 'GLD': 0.1}",0.0
1332115200000,2012-03-19,204703.06091678757,"{'SPY': 0.35, 'QQQ': 0.2, 'IWM': 0.15, 'HYG': 0.1, 'DBC': 0.1, 'GLD': 0.1}",0.0
1332201600000,2012-03-20,203842.4076446064,"{'SPY': 0.35, 'QQQ': 0.2, 'IWM': 0.15, 'HYG': 0.1, 'DBC': 0.1, 'GLD': 0.1}",0.0
1332288000000,2012-03-21,203620.36228971678,"{'SPY': 0.35, 'QQQ': 0.2, 'IWM': 0.15, 'HYG': 0.1, 'DBC': 0.1, 'GLD': 0.1}",0.0
1332374400000,2012-03-22,202534.67017832244,"{'SPY': 0.35, 'QQQ': 0.2, 'IWM': 0.15, 'HYG': 0.1, 'DBC': 0.1, 'GLD': 0.1}",0.0
1332460800000,2012-03-23,203439.62665074767,"{'SPY': 0.35, 'QQQ': 0.2, 'IWM': 0.15, 'HYG': 0.1, 'DBC': 0.1, 'GLD': 0.1}",0.0
1332720000000,2012-03-26,206360.76437101426,"{'SPY': 0.35, 'QQQ': 0.2, 'IWM': 0.15, 'HYG': 0.1, 'DBC': 0.1, 'GLD': 0.1}",0.0
1332806400000,2012-03-27,205786.62745754138,"{'SPY': 0.35, 'QQQ': 0.2, 'IWM': 0.15, 'HYG': 0.1, 'DBC': 0.1, 'GLD': 0.1}",0.0
1332892800000,2012-03-28,204602.7014340177,"{'SPY': 0.35, 'QQQ': 0.2, 'IWM': 0.15, 'HYG': 0.1, 'DBC': 0.1, 'GLD': 0.1}",0.0
1332979200000,2012-03-29,203920.58869246676,"{'SPY': 0.35, 'QQQ': 0.2, 'IWM': 0.15, 'HYG': 0.1, 'DBC': 0.1, 'GLD': 0.1}",0.0
1333065600000,2012-03-30,204333.03481606927,"{'SPY': 0.35, 'QQQ': 0.2, 'IWM': 0.15, 'HYG': 0.1, 'DBC': 0.1, 'GLD': 0.1}",0.0
1333324800000,2012-04-02,206058.1442733972,"{'SPY': 0.35, 'QQQ': 0.2, 'IWM': 0.15, 'HYG': 0.1, 'DBC': 0.1, 'GLD': 0.1}",0.0
1333411200000,2012-04-03,205048.9036124415,"{'SPY': 0.35, 'QQQ': 0.2, 'IWM': 0.15, 'HYG': 0.1, 'DBC': 0.1, 'GLD': 0.1}",0.0
1333497600000,2012-04-04,202550.97472093365,"{'SPY': 0.35, 'QQQ': 0.2, 'IWM': 0.15, 'HYG': 0.1, 'DBC': 0.1, 'GLD': 0.1}",0.0
1333584000000,2012-04-05,202804.93296157496,"{'SPY': 0.35, 'QQQ': 0.2, 'IWM': 0.15, 'HYG': 0.1, 'DBC': 0.1, 'GLD': 0.1}",0.0
1333929600000,2012-04-09,201142.49050542046,"{'SPY': 0.35, 'QQQ': 0.2, 'IWM': 0.15, 'HYG': 0.1, 'DBC': 0.1, 'GLD': 0.1}",0.0
1334016000000,2012-04-10,198455.38837749147,"{'SPY': 0.35, 'QQQ': 0.2, 'IWM': 0.15, 'HYG': 0.1, 'DBC': 0.1, 'GLD': 0.1}",0.0
1334102400000,2012-04-11,199797.66373403947,"{'SPY': 0.35, 'QQQ': 0.2, 'IWM': 0.15, 'HYG': 0.1, 'DBC': 0.1, 'GLD': 0.1}",0.0
1334188800000,2012-04-12,202240.98601846723,"{'SPY': 0.35, 'QQQ': 0.2, 'IWM': 0.15, 'HYG': 0.1, 'DBC': 0.1, 'GLD': 0.1}",0.0
1334275200000,2012-04-13,199886.80601734825,"{'SPY': 0.35, 'QQQ': 0.2, 'IWM': 0.15, 'HYG': 0.1, 'DBC': 0.1, 'GLD': 0.1}",0.0
1334534400000,2012-04-16,199228.15033728446,"{'SPY': 0.35, 'QQQ': 0.2, 'IWM': 0.15, 'HYG': 0.1, 'DBC': 0.1, 'GLD': 0.1}",0.0
1334620800000,2012-04-17,201654.615761277,"{'SPY': 0.35, 'QQQ': 0.2, 'IWM': 0.15, 'HYG': 0.1, 'DBC': 0.1, 'GLD': 0.1}",0.0
1334707200000,2012-04-18,200767.00624460116,"{'SPY': 0.35, 'QQQ': 0.2, 'IWM': 0.15, 'HYG': 0.1, 'DBC': 0.1, 'GLD': 0.1}",0.0
1334793600000,2012-04-19,199675.5471020412,"{'SPY': 0.35, 'QQQ': 0.2, 'IWM': 0.15, 'HYG': 0.1, 'DBC': 0.1, 'GLD': 0.1}",0.0
1334880000000,2012-04-20,199979.2956406411,"{'SPY': 0.35, 'QQQ': 0.2, 'IWM': 0.15, 'HYG': 0.1, 'DBC': 0.1, 'GLD': 0.1}",0.0
1335139200000,2012-04-23,198473.59151955947,"{'SPY': 0.35, 'QQQ': 0.2, 'IWM': 0.15, 'HYG': 0.1, 'DBC': 0.1, 'GLD': 0.1}",0.0
1335225600000,2012-04-24,198824.97711764753,"{'SPY': 0.35, 'QQQ': 0.2, 'IWM': 0.15, 'HYG': 0.1, 'DBC': 0.1, 'GLD': 0.1}",0.0
1335312000000,2012-04-25,201597.21215018688,"{'SPY': 0.35, 'QQQ': 0.2, 'IWM': 0.15, 'HYG': 0.1, 'DBC': 0.1, 'GLD': 0.1}",0.0
1335398400000,2012-04-26,202858.83307691832,"{'SPY': 0.35, 'QQQ': 0.2, 'IWM': 0.15, 'HYG': 0.1, 'DBC': 0.1, 'GLD': 0.1}",0.0
1335484800000,2012-04-27,203556.27811056658,"{'SPY': 0.35, 'QQQ': 0.2, 'IWM': 0.15, 'HYG': 0.1, 'DBC': 0.1, 'GLD': 0.1}",0.0
1335744000000,2012-04-30,202846.94043176578,"{'SPY': 0.35, 'QQQ': 0.2, 'IWM': 0.15, 'HYG': 0.1, 'DBC': 0.1, 'GLD': 0.1}",0.0
1335830400000,2012-05-01,203330.5379918858,"{'SPY': 0.35, 'QQQ': 0.2, 'IWM': 0.15, 'HYG': 0.1, 'DBC': 0.1, 'GLD': 0.1}",0.0
1335916800000,2012-05-02,203037.60789287367,"{'SPY': 0.35, 'QQQ': 0.2, 'IWM': 0.15, 'HYG': 0.1, 'DBC': 0.1, 'GLD': 0.1}",0.0
1336003200000,2012-05-03,201194.7413851421,"{'SPY': 0.35, 'QQQ': 0.2, 'IWM': 0.15, 'HYG': 0.1, 'DBC': 0.1, 'GLD': 0.1}",0.0
1336089600000,2012-05-04,198151.53627755796,"{'SPY': 0.35, 'QQQ': 0.2, 'IWM': 0.15, 'HYG': 0.1, 'DBC': 0.1, 'GLD': 0.1}",0.0
1336348800000,2012-05-07,198258.435174011,"{'SPY': 0.35, 'QQQ': 0.2, 'IWM': 0.15, 'HYG': 0.1, 'DBC': 0.1, 'GLD': 0.1}",0.0
1336435200000,2012-05-08,197353.22985417838,"{'SPY': 0.35, 'QQQ': 0.2, 'IWM': 0.15, 'HYG': 0.1, 'DBC': 0.1, 'GLD': 0.1}",0.0
1336521600000,2012-05-09,196237.00185104585,"{'SPY': 0.35, 'QQQ': 0.2, 'IWM': 0.15, 'HYG': 0.1, 'DBC': 0.1, 'GLD': 0.1}",0.0
1336608000000,2012-05-10,196435.2131508128,"{'SPY': 0.35, 'QQQ': 0.2, 'IWM': 0.15, 'HYG': 0.1, 'DBC': 0.1, 'GLD': 0.1}",0.0
1336694400000,2012-05-11,195897.49786019578,"{'SPY': 0.35, 'QQQ': 0.2, 'IWM': 0.15, 'HYG': 0.1, 'DBC': 0.1, 'GLD': 0.1}",0.0
1336953600000,2012-05-14,193695.77662393177,"{'SPY': 0.35, 'QQQ': 0.2, 'IWM': 0.15, 'HYG': 0.1, 'DBC': 0.1, 'GLD': 0.1}",0.0
1337040000000,2012-05-15,192865.03496366687,"{'SPY': 0.35, 'QQQ': 0.2, 'IWM': 0.15, 'HYG': 0.1, 'DBC': 0.1, 'GLD': 0.1}",0.0
1337126400000,2012-05-16,191889.46601878118,"{'SPY': 0.35, 'QQQ': 0.2, 'IWM': 0.15, 'HYG': 0.1, 'DBC': 0.1, 'GLD': 0.1}",0.0
1337212800000,2012-05-17,189548.89923291537,"{'SPY': 0.35, 'QQQ': 0.2, 'IWM': 0.15, 'HYG': 0.1, 'DBC': 0.1, 'GLD': 0.1}",0.0
1337299200000,2012-05-18,188423.80563129534,"{'SPY': 0.35, 'QQQ': 0.2, 'IWM': 0.15, 'HYG': 0.1, 'DBC': 0.1, 'GLD': 0.1}",0.0
1337558400000,2012-05-21,191735.81600371227,"{'SPY': 0.35, 'QQQ': 0.2, 'IWM': 0.15, 'HYG': 0.1, 'DBC': 0.1, 'GLD': 0.1}",0.0
1337644800000,2012-05-22,191042.2757094371,"{'SPY': 0.35, 'QQQ': 0.2, 'IWM': 0.15, 'HYG': 0.1, 'DBC': 0.1, 'GLD': 0.1}",0.0
1337731200000,2012-05-23,191047.55180251162,"{'SPY': 0.35, 'QQQ': 0.2, 'IWM': 0.15, 'HYG': 0.1, 'DBC': 0.1, 'GLD': 0.1}",0.0
1337817600000,2012-05-24,190973.71633453894,"{'SPY': 0.35, 'QQQ': 0.2, 'IWM': 0.15, 'HYG': 0.1, 'DBC': 0.1, 'GLD': 0.1}",0.0
1337904000000,2012-05-25,190854.93158887106,"{'SPY': 0.35, 'QQQ': 0.2, 'IWM': 0.15, 'HYG': 0.1, 'DBC': 0.1, 'GLD': 0.1}",0.0
1338249600000,2012-05-29,192486.70536111243,"{'SPY': 0.35, 'QQQ': 0.2, 'IWM': 0.15, 'HYG': 0.1, 'DBC': 0.1, 'GLD': 0.1}",0.0
1338336000000,2012-05-30,190301.70540552054,"{'SPY': 0.35, 'QQQ': 0.2, 'IWM': 0.15, 'HYG': 0.1, 'DBC': 0.1, 'GLD': 0.1}",0.0
1338422400000,2012-05-31,189550.38861529244,"{'SPY': 0.35, 'QQQ': 0.2, 'IWM': 0.15, 'HYG': 0.1, 'DBC': 0.1, 'GLD': 0.1}",0.0
1338508800000,2012-06-01,186196.53836346904,"{'SPY': 0.35, 'QQQ': 0.2, 'IWM': 0.15, 'HYG': 0.1, 'DBC': 0.1, 'GLD': 0.1}",0.0
1338768000000,2012-06-04,186484.545935379,"{'SPY': 0.35, 'QQQ': 0.2, 'IWM': 0.15, 'HYG': 0.1, 'DBC': 0.1, 'GLD': 0.1}",0.0
1338854400000,2012-06-05,187522.42119162146,"{'SPY': 0.35, 'QQQ': 0.2, 'IWM': 0.15, 'HYG': 0.1, 'DBC': 0.1, 'GLD': 0.1}",0.0
1338940800000,2012-06-06,191106.80981970247,"{'SPY': 0.35, 'QQQ': 0.2, 'IWM': 0.15, 'HYG': 0.1, 'DBC': 0.1, 'GLD': 0.1}",0.0
1339027200000,2012-06-07,190420.45221155434,"{'SPY': 0.35, 'QQQ': 0.2, 'IWM': 0.15, 'HYG': 0.1, 'DBC': 0.1, 'GLD': 0.1}",0.0
1339113600000,2012-06-08,191867.18111998975,"{'SPY': 0.35, 'QQQ': 0.2, 'IWM': 0.15, 'HYG': 0.1, 'DBC': 0.1, 'GLD': 0.1}",0.0
1339372800000,2012-06-11,189333.463548793,"{'SPY': 0.35, 'QQQ': 0.2, 'IWM': 0.15, 'HYG': 0.1, 'DBC': 0.1, 'GLD': 0.1}",0.0
1339459200000,2012-06-12,191272.18876402872,"{'SPY': 0.35, 'QQQ': 0.2, 'IWM': 0.15, 'HYG': 0.1, 'DBC': 0.1, 'GLD': 0.1}",0.0
1339545600000,2012-06-13,190127.9462785439,"{'SPY': 0.35, 'QQQ': 0.2, 'IWM': 0.15, 'HYG': 0.1, 'DBC': 0.1, 'GLD': 0.1}",0.0
1339632000000,2012-06-14,191741.79741078385,"{'SPY': 0.35, 'QQQ': 0.2, 'IWM': 0.15, 'HYG': 0.1, 'DBC': 0.1, 'GLD': 0.1}",0.0
1339718400000,2012-06-15,193304.15535880945,"{'SPY': 0.35, 'QQQ': 0.2, 'IWM': 0.15, 'HYG': 0.1, 'DBC': 0.1, 'GLD': 0.1}",0.0
1339977600000,2012-06-18,193864.2959904413,"{'SPY': 0.35, 'QQQ': 0.2, 'IWM': 0.15, 'HYG': 0.1, 'DBC': 0.1, 'GLD': 0.1}",0.0
1340064000000,2012-06-19,195632.942675807,"{'SPY': 0.35, 'QQQ': 0.2, 'IWM': 0.15, 'HYG': 0.1, 'DBC': 0.1, 'GLD': 0.1}",0.0
1340150400000,2012-06-20,195115.9238912229,"{'SPY': 0.35, 'QQQ': 0.2, 'IWM': 0.15, 'HYG': 0.1, 'DBC': 0.1, 'GLD': 0.1}",0.0
1340236800000,2012-06-21,190827.55009156067,"{'SPY': 0.35, 'QQQ': 0.2, 'IWM': 0.15, 'HYG': 0.1, 'DBC': 0.1, 'GLD': 0.1}",0.0
1340323200000,2012-06-22,192466.17578140265,"{'SPY': 0.35, 'QQQ': 0.2, 'IWM': 0.15, 'HYG': 0.1, 'DBC': 0.1, 'GLD': 0.1}",0.0
1340582400000,2012-06-25,190502.53773606542,"{'SPY': 0.35, 'QQQ': 0.2, 'IWM': 0.15, 'HYG': 0.1, 'DBC': 0.1, 'GLD': 0.1}",0.0
1340668800000,2012-06-26,191151.31167797322,"{'SPY': 0.35, 'QQQ': 0.2, 'IWM': 0.15, 'HYG': 0.1, 'DBC': 0.1, 'GLD': 0.1}",0.0
1340755200000,2012-06-27,192702.4836026112,"{'SPY': 0.35, 'QQQ': 0.2, 'IWM': 0.15, 'HYG': 0.1, 'DBC': 0.1, 'GLD': 0.1}",0.0
1340841600000,2012-06-28,191597.45077035038,"{'SPY': 0.35, 'QQQ': 0.2, 'IWM': 0.15, 'HYG': 0.1, 'DBC': 0.1, 'GLD': 0.1}",0.0
1340928000000,2012-06-29,196713.31217210702,"{'SPY': 0.13385110432972647, 'QQQ': 0.06692555216486323, 'TLT': 0.25, 'IEF': 0.2, 'GLD': 0.10038832824729485, 'SHY': 0.24883501525811552}",0.0
1341187200000,2012-07-02,197523.92911201145,"{'SPY': 0.13385110432972647, 'QQQ': 0.06692555216486323, 'TLT': 0.25, 'IEF': 0.2, 'GLD': 0.10038832824729485, 'SHY': 0.24883501525811552}",0.0
1341273600000,2012-07-03,197622.54627257359,"{'SPY': 0.13385110432972647, 'QQQ': 0.06692555216486323, 'TLT': 0.25, 'IEF': 0.2, 'GLD': 0.10038832824729485, 'SHY': 0.24883501525811552}",0.0
1341446400000,2012-07-05,197663.09508816287,"{'SPY': 0.13385110432972647, 'QQQ': 0.06692555216486323, 'TLT': 0.25, 'IEF': 0.2, 'GLD': 0.10038832824729485, 'SHY': 0.24883501525811552}",0.0
1341532800000,2012-07-06,197610.99397925983,"{'SPY': 0.13385110432972647, 'QQQ': 0.06692555216486323, 'TLT': 0.25, 'IEF': 0.2, 'GLD': 0.10038832824729485, 'SHY': 0.24883501525811552}",0.0
1341792000000,2012-07-09,198140.23988916373,"{'SPY': 0.13385110432972647, 'QQQ': 0.06692555216486323, 'TLT': 0.25, 'IEF': 0.2, 'GLD': 0.10038832824729485, 'SHY': 0.24883501525811552}",0.0
1341878400000,2012-07-10,197653.0642135447,"{'SPY': 0.13385110432972647, 'QQQ': 0.06692555216486323, 'TLT': 0.25, 'IEF': 0.2, 'GLD': 0.10038832824729485, 'SHY': 0.24883501525811552}",0.0
1341964800000,2012-07-11,197724.60630440124,"{'SPY': 0.13385110432972647, 'QQQ': 0.06692555216486323, 'TLT': 0.25, 'IEF': 0.2, 'GLD': 0.10038832824729485, 'SHY': 0.24883501525811552}",0.0
1342051200000,2012-07-12,197872.81511436007,"{'SPY': 0.13385110432972647, 'QQQ': 0.06692555216486323, 'TLT': 0.25, 'IEF': 0.2, 'GLD': 0.10038832824729485, 'SHY': 0.24883501525811552}",0.0
1342137600000,2012-07-13,198569.63043526636,"{'SPY': 0.13385110432972647, 'QQQ': 0.06692555216486323, 'TLT': 0.25, 'IEF': 0.2, 'GLD': 0.10038832824729485, 'SHY': 0.24883501525811552}",0.0
1342396800000,2012-07-16,198813.7966684581,"{'SPY': 0.13385110432972647, 'QQQ': 0.06692555216486323, 'TLT': 0.25, 'IEF': 0.2, 'GLD': 0.10038832824729485, 'SHY': 0.24883501525811552}",0.0
1342483200000,2012-07-17,198471.9010776259,"{'SPY': 0.13385110432972647, 'QQQ': 0.06692555216486323, 'TLT': 0.25, 'IEF': 0.2, 'GLD': 0.10038832824729485, 'SHY': 0.24883501525811552}",0.0
1342569600000,2012-07-18,198872.63071377375,"{'SPY': 0.13385110432972647, 'QQQ': 0.06692555216486323, 'TLT': 0.25, 'IEF': 0.2, 'GLD': 0.10038832824729485, 'SHY': 0.24883501525811552}",0.0
1342656000000,2012-07-19,198958.25312909074,"{'SPY': 0.13385110432972647, 'QQQ': 0.06692555216486323, 'TLT': 0.25, 'IEF': 0.2, 'GLD': 0.10038832824729485, 'SHY': 0.24883501525811552}",0.0
1342742400000,2012-07-20,199347.10870810703,"{'SPY': 0.13385110432972647, 'QQQ': 0.06692555216486323, 'TLT': 0.25, 'IEF': 0.2, 'GLD': 0.10038832824729485, 'SHY': 0.24883501525811552}",0.0
1343001600000,2012-07-23,199183.1042892157,"{'SPY': 0.13385110432972647, 'QQQ': 0.06692555216486323, 'TLT': 0.25, 'IEF': 0.2, 'GLD': 0.10038832824729485, 'SHY': 0.24883501525811552}",0.0
1343088000000,2012-07-24,199369.94637530722,"{'SPY': 0.13385110432972647, 'QQQ': 0.06692555216486323, 'TLT': 0.25, 'IEF': 0.2, 'GLD': 0.10038832824729485, 'SHY': 0.24883501525811552}",0.0
1343174400000,2012-07-25,199723.42028815264,"{'SPY': 0.13385110432972647, 'QQQ': 0.06692555216486323, 'TLT': 0.25, 'IEF': 0.2, 'GLD': 0.10038832824729485, 'SHY': 0.24883501525811552}",0.0
1343260800000,2012-07-26,199902.7486802469,"{'SPY': 0.13385110432972647, 'QQQ': 0.06692555216486323, 'TLT': 0.25, 'IEF': 0.2, 'GLD': 0.10038832824729485, 'SHY': 0.24883501525811552}",0.0
1343347200000,2012-07-27,199544.8884676195,"{'SPY': 0.13385110432972647, 'QQQ': 0.06692555216486323, 'TLT': 0.25, 'IEF': 0.2, 'GLD': 0.10038832824729485, 'SHY': 0.24883501525811552}",0.0
1343606400000,2012-07-30,200045.32372366783,"{'SPY': 0.13385110432972647, 'QQQ': 0.06692555216486323, 'TLT': 0.25, 'IEF': 0.2, 'GLD': 0.10038832824729485, 'SHY': 0.24883501525811552}",0.0
1343692800000,2012-07-31,199906.27012942906,"{'SPY': 0.15529925609657594, 'QQQ': 0.07764962804828797, 'TLT': 0.25, 'IEF': 0.2, 'GLD': 0.11647444207243195, 'SHY': 0.20057667378270416}",0.0
1343779200000,2012-08-01,199230.5365240091,"{'SPY': 0.15529925609657594, 'QQQ': 0.07764962804828797, 'TLT': 0.25, 'IEF': 0.2, 'GLD': 0.11647444207243195, 'SHY': 0.20057667378270416}",0.0
1343865600000,2012-08-02,199193.13023530188,"{'SPY': 0.15529925609657594, 'QQQ': 0.07764962804828797, 'TLT': 0.25, 'IEF': 0.2, 'GLD': 0.11647444207243195, 'SHY': 0.20057667378270416}",0.0
1343952000000,2012-08-03,199287.35386299054,"{'SPY': 0.15529925609657594, 'QQQ': 0.07764962804828797, 'TLT': 0.25, 'IEF': 0.2, 'GLD': 0.11647444207243195, 'SHY': 0.20057667378270416}",0.0
1344211200000,2012-08-06,199627.21427884698,"{'SPY': 0.15529925609657594, 'QQQ': 0.07764962804828797, 'TLT': 0.25, 'IEF': 0.2, 'GLD': 0.11647444207243195, 'SHY': 0.20057667378270416}",0.0
1344297600000,2012-08-07,199037.82386207712,"{'SPY': 0.15529925609657594, 'QQQ': 0.07764962804828797, 'TLT': 0.25, 'IEF': 0.2, 'GLD': 0.11647444207243195, 'SHY': 0.20057667378270416}",0.0
1344384000000,2012-08-08,198763.45235150645,"{'SPY': 0.15529925609657594, 'QQQ': 0.07764962804828797, 'TLT': 0.25, 'IEF': 0.2, 'GLD': 0.11647444207243195, 'SHY': 0.20057667378270416}",0.0
1344470400000,2012-08-09,198846.36757619935,"{'SPY': 0.15529925609657594, 'QQQ': 0.07764962804828797, 'TLT': 0.25, 'IEF': 0.2, 'GLD': 0.11647444207243195, 'SHY': 0.20057667378270416}",0.0
1344556800000,2012-08-10,199308.5481715622,"{'SPY': 0.15529925609657594, 'QQQ': 0.07764962804828797, 'TLT': 0.25, 'IEF': 0.2, 'GLD': 0.11647444207243195, 'SHY': 0.20057667378270416}",0.0
1344816000000,2012-08-13,199050.11645654647,"{'SPY': 0.15529925609657594, 'QQQ': 0.07764962804828797, 'TLT': 0.25, 'IEF': 0.2, 'GLD': 0.11647444207243195, 'SHY': 0.20057667378270416}",0.0
1344902400000,2012-08-14,198054.48828304335,"{'SPY': 0.15529925609657594, 'QQQ': 0.07764962804828797, 'TLT': 0.25, 'IEF': 0.2, 'GLD': 0.11647444207243195, 'SHY': 0.20057667378270416}",0.0
1344988800000,2012-08-15,197293.51867153522,"{'SPY': 0.15529925609657594, 'QQQ': 0.07764962804828797, 'TLT': 0.25, 'IEF': 0.2, 'GLD': 0.11647444207243195, 'SHY': 0.20057667378270416}",0.0
1345075200000,2012-08-16,197318.24283402448,"{'SPY': 0.15529925609657594, 'QQQ': 0.07764962804828797, 'TLT': 0.25, 'IEF': 0.2, 'GLD': 0.11647444207243195, 'SHY': 0.20057667378270416}",0.0
1345161600000,2012-08-17,197743.63065524303,"{'SPY': 0.15529925609657594, 'QQQ': 0.07764962804828797, 'TLT': 0.25, 'IEF': 0.2, 'GLD': 0.11647444207243195, 'SHY': 0.20057667378270416}",0.0
1345420800000,2012-08-20,197971.4582144691,"{'SPY': 0.15529925609657594, 'QQQ': 0.07764962804828797, 'TLT': 0.25, 'IEF': 0.2, 'GLD': 0.11647444207243195, 'SHY': 0.20057667378270416}",0.0
1345507200000,2012-08-21,198300.7635003203,"{'SPY': 0.15529925609657594, 'QQQ': 0.07764962804828797, 'TLT': 0.25, 'IEF': 0.2, 'GLD': 0.11647444207243195, 'SHY': 0.20057667378270416}",0.0
1345593600000,2012-08-22,199775.52205726606,"{'SPY': 0.15529925609657594, 'QQQ': 0.07764962804828797, 'TLT': 0.25, 'IEF': 0.2, 'GLD': 0.11647444207243195, 'SHY': 0.20057667378270416}",0.0
1345680000000,2012-08-23,199874.44083083206,"{'SPY': 0.15529925609657594, 'QQQ': 0.07764962804828797, 'TLT': 0.25, 'IEF': 0.2, 'GLD': 0.11647444207243195, 'SHY': 0.20057667378270416}",0.0
1345766400000,2012-08-24,200103.04045395026,"{'SPY': 0.15529925609657594, 'QQQ': 0.07764962804828797, 'TLT': 0.25, 'IEF': 0.2, 'GLD': 0.11647444207243195, 'SHY': 0.20057667378270416}",0.0
1346025600000,2012-08-27,200438.66912221158,"{'SPY': 0.15529925609657594, 'QQQ': 0.07764962804828797, 'TLT': 0.25, 'IEF': 0.2, 'GLD': 0.11647444207243195, 'SHY': 0.20057667378270416}",0.0
1346112000000,2012-08-28,200587.681246259,"{'SPY': 0.15529925609657594, 'QQQ': 0.07764962804828797, 'TLT': 0.25, 'IEF': 0.2, 'GLD': 0.11647444207243195, 'SHY': 0.20057667378270416}",0.0
1346198400000,2012-08-29,200215.06262281557,"{'SPY': 0.15529925609657594, 'QQQ': 0.07764962804828797, 'TLT': 0.25, 'IEF': 0.2, 'GLD': 0.11647444207243195, 'SHY': 0.20057667378270416}",0.0
1346284800000,2012-08-30,200162.5034687678,"{'SPY': 0.15529925609657594, 'QQQ': 0.07764962804828797, 'TLT': 0.25, 'IEF': 0.2, 'GLD': 0.11647444207243195, 'SHY': 0.20057667378270416}",0.0
1346371200000,2012-08-31,201920.89632865065,"{'SPY': 0.2, 'QQQ': 0.1, 'TLT': 0.25, 'IEF': 0.2, 'GLD': 0.15, 'SHY': 0.1}",0.0
1346716800000,2012-09-04,201766.38374895675,"{'SPY': 0.2, 'QQQ': 0.1, 'TLT': 0.25, 'IEF': 0.2, 'GLD': 0.15, 'SHY': 0.1}",0.0
1346803200000,2012-09-05,201427.44232846834,"{'SPY': 0.2, 'QQQ': 0.1, 'TLT': 0.25, 'IEF': 0.2, 'GLD': 0.15, 'SHY': 0.1}",0.0
1346889600000,2012-09-06,201676.27199741188,"{'SPY': 0.2, 'QQQ': 0.1, 'TLT': 0.25, 'IEF': 0.2, 'GLD': 0.15, 'SHY': 0.1}",0.0
1346976000000,2012-09-07,202278.16260286764,"{'SPY': 0.2, 'QQQ': 0.1, 'TLT': 0.25, 'IEF': 0.2, 'GLD': 0.15, 'SHY': 0.1}",0.0
1347235200000,2012-09-10,201718.11825092102,"{'SPY': 0.2, 'QQQ': 0.1, 'TLT': 0.25, 'IEF': 0.2, 'GLD': 0.15, 'SHY': 0.1}",0.0
1347321600000,2012-09-11,201522.25252801878,"{'SPY': 0.2, 'QQQ': 0.1, 'TLT': 0.25, 'IEF': 0.2, 'GLD': 0.15, 'SHY': 0.1}",0.0
1347408000000,2012-09-12,200890.64959148903,"{'SPY': 0.2, 'QQQ': 0.1, 'TLT': 0.25, 'IEF': 0.2, 'GLD': 0.15, 'SHY': 0.1}",0.0
1347494400000,2012-09-13,202309.04018258958,"{'SPY': 0.2, 'QQQ': 0.1, 'TLT': 0.25, 'IEF': 0.2, 'GLD': 0.15, 'SHY': 0.1}",0.0
1347580800000,2012-09-14,201021.86918011928,"{'SPY': 0.2, 'QQQ': 0.1, 'TLT': 0.25, 'IEF': 0.2, 'GLD': 0.15, 'SHY': 0.1}",0.0
1347840000000,2012-09-17,201334.4662978103,"{'SPY': 0.2, 'QQQ': 0.1, 'TLT': 0.25, 'IEF': 0.2, 'GLD': 0.15, 'SHY': 0.1}",0.0
1347926400000,2012-09-18,201909.14262386147,"{'SPY': 0.2, 'QQQ': 0.1, 'TLT': 0.25, 'IEF': 0.2, 'GLD': 0.15, 'SHY': 0.1}",0.0
1348012800000,2012-09-19,202397.7912811535,"{'SPY': 0.2, 'QQQ': 0.1, 'TLT': 0.25, 'IEF': 0.2, 'GLD': 0.15, 'SHY': 0.1}",0.0
1348099200000,2012-09-20,202475.83812530205,"{'SPY': 0.2, 'QQQ': 0.1, 'TLT': 0.25, 'IEF': 0.2, 'GLD': 0.15, 'SHY': 0.1}",0.0
1348185600000,2012-09-21,202698.99524889162,"{'SPY': 0.2, 'QQQ': 0.1, 'TLT': 0.25, 'IEF': 0.2, 'GLD': 0.15, 'SHY': 0.1}",0.0
1348444800000,2012-09-24,202847.37608650533,"{'SPY': 0.2, 'QQQ': 0.1, 'TLT': 0.25, 'IEF': 0.2, 'GLD': 0.15, 'SHY': 0.1}",0.0
1348531200000,2012-09-25,202727.37361797184,"{'SPY': 0.2, 'QQQ': 0.1, 'TLT': 0.25, 'IEF': 0.2, 'GLD': 0.15, 'SHY': 0.1}",0.0
1348617600000,2012-09-26,202881.6603185771,"{'SPY': 0.2, 'QQQ': 0.1, 'TLT': 0.25, 'IEF': 0.2, 'GLD': 0.15, 'SHY': 0.1}",0.0
1348704000000,2012-09-27,203552.52314659342,"{'SPY': 0.2, 'QQQ': 0.1, 'TLT': 0.25, 'IEF': 0.2, 'GLD': 0.15, 'SHY': 0.1}",0.0
1348790400000,2012-09-28,203093.7871387187,"{'TLT': 0.45, 'IEF': 0.25, 'GLD': 0.15, 'SHY': 0.15}",0.0
1349049600000,2012-10-01,203598.7346767091,"{'TLT': 0.45, 'IEF': 0.25, 'GLD': 0.15, 'SHY': 0.15}",0.0
1349136000000,2012-10-02,203399.83469782316,"{'TLT': 0.45, 'IEF': 0.25, 'GLD': 0.15, 'SHY': 0.15}",0.0
1349222400000,2012-10-03,203535.86754039244,"{'TLT': 0.45, 'IEF': 0.25, 'GLD': 0.15, 'SHY': 0.15}",0.0
1349308800000,2012-10-04,202404.59366710173,"{'TLT': 0.45, 'IEF': 0.25, 'GLD': 0.15, 'SHY': 0.15}",0.0
1349395200000,2012-10-05,200807.83445378364,"{'TLT': 0.45, 'IEF': 0.25, 'GLD': 0.15, 'SHY': 0.15}",0.0
1349654400000,2012-10-08,201636.04668360256,"{'TLT': 0.45, 'IEF': 0.25, 'GLD': 0.15, 'SHY': 0.15}",0.0
1349740800000,2012-10-09,201183.56410358893,"{'TLT': 0.45, 'IEF': 0.25, 'GLD': 0.15, 'SHY': 0.15}",0.0
1349827200000,2012-10-10,201913.33545271374,"{'TLT': 0.45, 'IEF': 0.25, 'GLD': 0.15, 'SHY': 0.15}",0.0
1349913600000,2012-10-11,202670.40260221178,"{'TLT': 0.45, 'IEF': 0.25, 'GLD': 0.15, 'SHY': 0.15}",0.0
1350000000000,2012-10-12,202690.91830385433,"{'TLT': 0.45, 'IEF': 0.25, 'GLD': 0.15, 'SHY': 0.15}",0.0
1350259200000,2012-10-15,202186.11480593655,"{'TLT': 0.45, 'IEF': 0.25, 'GLD': 0.15, 'SHY': 0.15}",0.0
1350345600000,2012-10-16,200882.6799613938,"{'TLT': 0.45, 'IEF': 0.25, 'GLD': 0.15, 'SHY': 0.15}",0.0
1350432000000,2012-10-17,199731.54332642956,"{'TLT': 0.45, 'IEF': 0.25, 'GLD': 0.15, 'SHY': 0.15}",0.0
1350518400000,2012-10-18,198963.5097243798,"{'TLT': 0.45, 'IEF': 0.25, 'GLD': 0.15, 'SHY': 0.15}",0.0
1350604800000,2012-10-19,200066.4467395181,"{'TLT': 0.45, 'IEF': 0.25, 'GLD': 0.15, 'SHY': 0.15}",0.0
1350864000000,2012-10-22,199420.6124562538,"{'TLT': 0.45, 'IEF': 0.25, 'GLD': 0.15, 'SHY': 0.15}",0.0
1350950400000,2012-10-23,200572.41470414825,"{'TLT': 0.45, 'IEF': 0.25, 'GLD': 0.15, 'SHY': 0.15}",0.0
1351036800000,2012-10-24,199467.67661841438,"{'TLT': 0.45, 'IEF': 0.25, 'GLD': 0.15, 'SHY': 0.15}",0.0
1351123200000,2012-10-25,199027.8854267716,"{'TLT': 0.45, 'IEF': 0.25, 'GLD': 0.15, 'SHY': 0.15}",0.0
1351209600000,2012-10-26,200654.746221209,"{'TLT': 0.45, 'IEF': 0.25, 'GLD': 0.15, 'SHY': 0.15}",0.0
1351641600000,2012-10-31,201571.40921006084,"{'TLT': 0.45, 'IEF': 0.25, 'GLD': 0.15, 'SHY': 0.15}",0.0
1351728000000,2012-11-01,200583.22630203195,"{'TLT': 0.45, 'IEF': 0.25, 'GLD': 0.15, 'SHY': 0.15}",0.0
1351814400000,2012-11-02,199926.6157744452,"{'TLT': 0.45, 'IEF': 0.25, 'GLD': 0.15, 'SHY': 0.15}",0.0
1352073600000,2012-11-05,200671.2978541061,"{'TLT': 0.45, 'IEF': 0.25, 'GLD': 0.15, 'SHY': 0.15}",0.0
1352160000000,2012-11-06,200146.9223475292,"{'TLT': 0.45, 'IEF': 0.25, 'GLD': 0.15, 'SHY': 0.15}",0.0
1352246400000,2012-11-07,202259.7657389788,"{'TLT': 0.45, 'IEF': 0.25, 'GLD': 0.15, 'SHY': 0.15}",0.0
1352332800000,2012-11-08,204107.79870121187,"{'TLT': 0.45, 'IEF': 0.25, 'GLD': 0.15, 'SHY': 0.15}",0.0
1352419200000,2012-11-09,204183.743233918,"{'TLT': 0.45, 'IEF': 0.25, 'GLD': 0.15, 'SHY': 0.15}",0.0
1352678400000,2012-11-12,204302.18200301935,"{'TLT': 0.45, 'IEF': 0.25, 'GLD': 0.15, 'SHY': 0.15}",0.0
1352764800000,2012-11-13,204608.73120691453,"{'TLT': 0.45, 'IEF': 0.25, 'GLD': 0.15, 'SHY': 0.15}",0.0
1352851200000,2012-11-14,204724.72418828253,"{'TLT': 0.45, 'IEF': 0.25, 'GLD': 0.15, 'SHY': 0.15}",0.0
1352937600000,2012-11-15,204326.55207190005,"{'TLT': 0.45, 'IEF': 0.25, 'GLD': 0.15, 'SHY': 0.15}",0.0
1353024000000,2012-11-16,204240.69086152664,"{'TLT': 0.45, 'IEF': 0.25, 'GLD': 0.15, 'SHY': 0.15}",0.0
1353283200000,2012-11-19,203985.17654384457,"{'TLT': 0.45, 'IEF': 0.25, 'GLD': 0.15, 'SHY': 0.15}",0.0
1353369600000,2012-11-20,202759.15317385882,"{'TLT': 0.45, 'IEF': 0.25, 'GLD': 0.15, 'SHY': 0.15}",0.0
1353456000000,2012-11-21,202660.22226012032,"{'TLT': 0.45, 'IEF': 0.25, 'GLD': 0.15, 'SHY': 0.15}",0.0
1353628800000,2012-11-23,202916.03006561342,"{'TLT': 0.45, 'IEF': 0.25, 'GLD': 0.15, 'SHY': 0.15}",0.0
1353888000000,2012-11-26,203398.29222699557,"{'TLT': 0.45, 'IEF': 0.25, 'GLD': 0.15, 'SHY': 0.15}",0.0
1353974400000,2012-11-27,203748.93801838937,"{'TLT': 0.45, 'IEF': 0.25, 'GLD': 0.15, 'SHY': 0.15}",0.0
1354060800000,2012-11-28,203295.25323293405,"{'TLT': 0.45, 'IEF': 0.25, 'GLD': 0.15, 'SHY': 0.15}",0.0
1354147200000,2012-11-29,203476.66635813544,"{'TLT': 0.45, 'IEF': 0.25, 'GLD': 0.15, 'SHY': 0.15}",0.0
1354233600000,2012-11-30,202863.56244438046,"{'SPY': 0.24999999999999994, 'QQQ': 0.14999999999999997, 'TLT': 0.14999999999999997, 'LQD': 0.14999999999999997, 'HYG': 0.19999999999999996, 'GLD': 0.09999999999999998}",2.220446049250313e-16
1354492800000,2012-12-03,202830.90864226673,"{'SPY': 0.24999999999999994, 'QQQ': 0.14999999999999997, 'TLT': 0.14999999999999997, 'LQD': 0.14999999999999997, 'HYG': 0.19999999999999996, 'GLD': 0.09999999999999998}",2.220446049250313e-16
1354579200000,2012-12-04,202735.06199359032,"{'SPY': 0.24999999999999994, 'QQQ': 0.14999999999999997, 'TLT': 0.14999999999999997, 'LQD': 0.14999999999999997, 'HYG': 0.19999999999999996, 'GLD': 0.09999999999999998}",2.220446049250313e-16
1354665600000,2012-12-05,202562.67711842328,"{'SPY': 0.24999999999999994, 'QQQ': 0.14999999999999997, 'TLT': 0.14999999999999997, 'LQD': 0.14999999999999997, 'HYG': 0.19999999999999996, 'GLD': 0.09999999999999998}",2.220446049250313e-16
1354752000000,2012-12-06,203112.43864048907,"{'SPY': 0.24999999999999994, 'QQQ': 0.14999999999999997, 'TLT': 0.14999999999999997, 'LQD': 0.14999999999999997, 'HYG': 0.19999999999999996, 'GLD': 0.09999999999999998}",2.220446049250313e-16
1354838400000,2012-12-07,202751.1592367454,"{'SPY': 0.24999999999999994, 'QQQ': 0.14999999999999997, 'TLT': 0.14999999999999997, 'LQD': 0.14999999999999997, 'HYG': 0.19999999999999996, 'GLD': 0.09999999999999998}",2.220446049250313e-16
1355097600000,2012-12-10,203136.7487763791,"{'SPY': 0.24999999999999994, 'QQQ': 0.14999999999999997, 'TLT': 0.14999999999999997, 'LQD': 0.14999999999999997, 'HYG': 0.19999999999999996, 'GLD': 0.09999999999999998}",2.220446049250313e-16
1355184000000,2012-12-11,203557.14006189886,"{'SPY': 0.24999999999999994, 'QQQ': 0.14999999999999997, 'TLT': 0.14999999999999997, 'LQD': 0.14999999999999997, 'HYG': 0.19999999999999996, 'GLD': 0.09999999999999998}",2.220446049250313e-16
1355270400000,2012-12-12,203206.54108627152,"{'SPY': 0.24999999999999994, 'QQQ': 0.14999999999999997, 'TLT': 0.14999999999999997, 'LQD': 0.14999999999999997, 'HYG': 0.19999999999999996, 'GLD': 0.09999999999999998}",2.220446049250313e-16
1355356800000,2012-12-13,202314.0339321985,"{'SPY': 0.24999999999999994, 'QQQ': 0.14999999999999997, 'TLT': 0.14999999999999997, 'LQD': 0.14999999999999997, 'HYG': 0.19999999999999996, 'GLD': 0.09999999999999998}",2.220446049250313e-16
1355443200000,2012-12-14,202028.2511810843,"{'SPY': 0.24999999999999994, 'QQQ': 0.14999999999999997, 'TLT': 0.14999999999999997, 'LQD': 0.14999999999999997, 'HYG': 0.19999999999999996, 'GLD': 0.09999999999999998}",2.220446049250313e-16
1355702400000,2012-12-17,202667.70233877588,"{'SPY': 0.24999999999999994, 'QQQ': 0.14999999999999997, 'TLT': 0.14999999999999997, 'LQD': 0.14999999999999997, 'HYG': 0.19999999999999996, 'GLD': 0.09999999999999998}",2.220446049250313e-16
1355788800000,2012-12-18,203040.99123925506,"{'SPY': 0.24999999999999994, 'QQQ': 0.14999999999999997, 'TLT': 0.14999999999999997, 'LQD': 0.14999999999999997, 'HYG': 0.19999999999999996, 'GLD': 0.09999999999999998}",2.220446049250313e-16
1355875200000,2012-12-19,202658.88945271718,"{'SPY': 0.24999999999999994, 'QQQ': 0.14999999999999997, 'TLT': 0.14999999999999997, 'LQD': 0.14999999999999997, 'HYG': 0.19999999999999996, 'GLD': 0.09999999999999998}",2.220446049250313e-16
1355961600000,2012-12-20,202882.8410221381,"{'SPY': 0.24999999999999994, 'QQQ': 0.14999999999999997, 'TLT': 0.14999999999999997, 'LQD': 0.14999999999999997, 'HYG': 0.19999999999999996, 'GLD': 0.09999999999999998}",2.220446049250313e-16
1356048000000,2012-12-21,202446.8370671649,"{'SPY': 0.24999999999999994, 'QQQ': 0.14999999999999997, 'TLT': 0.14999999999999997, 'LQD': 0.14999999999999997, 'HYG': 0.19999999999999996, 'GLD': 0.09999999999999998}",2.220446049250313e-16
1356307200000,2012-12-24,202045.2307884855,"{'SPY': 0.24999999999999994, 'QQQ': 0.14999999999999997, 'TLT': 0.14999999999999997, 'LQD': 0.14999999999999997, 'HYG': 0.19999999999999996, 'GLD': 0.09999999999999998}",2.220446049250313e-16
1356480000000,2012-12-26,201837.15050449717,"{'SPY': 0.24999999999999994, 'QQQ': 0.14999999999999997, 'TLT': 0.14999999999999997, 'LQD': 0.14999999999999997, 'HYG': 0.19999999999999996, 'GLD': 0.09999999999999998}",2.220446049250313e-16
1356566400000,2012-12-27,202051.9312204359,"{'SPY': 0.24999999999999994, 'QQQ': 0.14999999999999997, 'TLT': 0.14999999999999997, 'LQD': 0.14999999999999997, 'HYG': 0.19999999999999996, 'GLD': 0.09999999999999998}",2.220446049250313e-16
1356652800000,2012-12-28,201268.53889911133,"{'SPY': 0.24999999999999994, 'QQQ': 0.14999999999999997, 'TLT': 0.14999999999999997, 'LQD': 0.14999999999999997, 'HYG': 0.19999999999999996, 'GLD': 0.09999999999999998}",2.220446049250313e-16
1356912000000,2012-12-31,202360.18157247073,"{'SPY': 0.35, 'QQQ': 0.2, 'IWM': 0.15, 'HYG': 0.1, 'DBC': 0.1, 'GLD': 0.1}",0.0
1357084800000,2013-01-02,206761.78492973497,"{'SPY': 0.35, 'QQQ': 0.2, 'IWM': 0.15, 'HYG': 0.1, 'DBC': 0.1, 'GLD': 0.1}",0.0
1357171200000,2013-01-03,205827.6141728678,"{'SPY': 0.35, 'QQQ': 0.2, 'IWM': 0.15, 'HYG': 0.1, 'DBC': 0.1, 'GLD': 0.1}",0.0
1357257600000,2013-01-04,206063.43427053987,"{'SPY': 0.35, 'QQQ': 0.2, 'IWM': 0.15, 'HYG': 0.1, 'DBC': 0.1, 'GLD': 0.1}",0.0
1357516800000,2013-01-07,205687.0531359446,"{'SPY': 0.35, 'QQQ': 0.2, 'IWM': 0.15, 'HYG': 0.1, 'DBC': 0.1, 'GLD': 0.1}",0.0
1357603200000,2013-01-08,205561.02907249538,"{'SPY': 0.35, 'QQQ': 0.2, 'IWM': 0.15, 'HYG': 0.1, 'DBC': 0.1, 'GLD': 0.1}",0.0
1357689600000,2013-01-09,206048.2442773592,"{'SPY': 0.35, 'QQQ': 0.2, 'IWM': 0.15, 'HYG': 0.1, 'DBC': 0.1, 'GLD': 0.1}",0.0
1357776000000,2013-01-10,207240.15231088258,"{'SPY': 0.35, 'QQQ': 0.2, 'IWM': 0.15, 'HYG': 0.1, 'DBC': 0.1, 'GLD': 0.1}",0.0
1357862400000,2013-01-11,207074.4476102967,"{'SPY': 0.35, 'QQQ': 0.2, 'IWM': 0.15, 'HYG': 0.1, 'DBC': 0.1, 'GLD': 0.1}",0.0
1358121600000,2013-01-14,207026.57231319946,"{'SPY': 0.35, 'QQQ': 0.2, 'IWM': 0.15, 'HYG': 0.1, 'DBC': 0.1, 'GLD': 0.1}",0.0
1358208000000,2013-01-15,207052.45561398694,"{'SPY': 0.35, 'QQQ': 0.2, 'IWM': 0.15, 'HYG': 0.1, 'DBC': 0.1, 'GLD': 0.1}",0.0
1358294400000,2013-01-16,207117.30328754682,"{'SPY': 0.35, 'QQQ': 0.2, 'IWM': 0.15, 'HYG': 0.1, 'DBC': 0.1, 'GLD': 0.1}",0.0
1358380800000,2013-01-17,208324.93208971276,"{'SPY': 0.35, 'QQQ': 0.2, 'IWM': 0.15, 'HYG': 0.1, 'DBC': 0.1, 'GLD': 0.1}",0.0
1358467200000,2013-01-18,208613.36180830435,"{'SPY': 0.35, 'QQQ': 0.2, 'IWM': 0.15, 'HYG': 0.1, 'DBC': 0.1, 'GLD': 0.1}",0.0
1358812800000,2013-01-22,209448.7604738284,"{'SPY': 0.35, 'QQQ': 0.2, 'IWM': 0.15, 'HYG': 0.1, 'DBC': 0.1, 'GLD': 0.1}",0.0
1358899200000,2013-01-23,209687.63462839057,"{'SPY': 0.35, 'QQQ': 0.2, 'IWM': 0.15, 'HYG': 0.1, 'DBC': 0.1, 'GLD': 0.1}",0.0
1358985600000,2013-01-24,209034.34429473954,"{'SPY': 0.35, 'QQQ': 0.2, 'IWM': 0.15, 'HYG': 0.1, 'DBC': 0.1, 'GLD': 0.1}",0.0
1359072000000,2013-01-25,209736.17051580362,"{'SPY': 0.35, 'QQQ': 0.2, 'IWM': 0.15, 'HYG': 0.1, 'DBC': 0.1, 'GLD': 0.1}",0.0
1359331200000,2013-01-28,209697.59403827554,"{'SPY': 0.35, 'QQQ': 0.2, 'IWM': 0.15, 'HYG': 0.1, 'DBC': 0.1, 'GLD': 0.1}",0.0
1359417600000,2013-01-29,210185.87795674673,"{'SPY': 0.35, 'QQQ': 0.2, 'IWM': 0.15, 'HYG': 0.1, 'DBC': 0.1, 'GLD': 0.1}",0.0
1359504000000,2013-01-30,209676.546528742,"{'SPY': 0.35, 'QQQ': 0.2, 'IWM': 0.15, 'HYG': 0.1, 'DBC': 0.1, 'GLD': 0.1}",0.0
1359590400000,2013-01-31,209417.32537870095,"{'SPY': 0.35, 'QQQ': 0.2, 'IWM': 0.15, 'HYG': 0.1, 'DBC': 0.1, 'GLD': 0.1}",0.0
1359676800000,2013-02-01,211126.0117523813,"{'SPY': 0.35, 'QQQ': 0.2, 'IWM': 0.15, 'HYG': 0.1, 'DBC': 0.1, 'GLD': 0.1}",0.0
1359936000000,2013-02-04,209086.96609179882,"{'SPY': 0.35, 'QQQ': 0.2, 'IWM': 0.15, 'HYG': 0.1, 'DBC': 0.1, 'GLD': 0.1}",0.0
1360022400000,2013-02-05,210846.16773505174,"{'SPY': 0.35, 'QQQ': 0.2, 'IWM': 0.15, 'HYG': 0.1, 'DBC': 0.1, 'GLD': 0.1}",0.0
1360108800000,2013-02-06,210890.61247151153,"{'SPY': 0.35, 'QQQ': 0.2, 'IWM': 0.15, 'HYG': 0.1, 'DBC': 0.1, 'GLD': 0.1}",0.0
1360195200000,2013-02-07,210532.26816742684,"{'SPY': 0.35, 'QQQ': 0.2, 'IWM': 0.15, 'HYG': 0.1, 'DBC': 0.1, 'GLD': 0.1}",0.0
1360281600000,2013-02-08,211649.01417477735,"{'SPY': 0.35, 'QQQ': 0.2, 'IWM': 0.15, 'HYG': 0.1, 'DBC': 0.1, 'GLD': 0.1}",0.0
1360540800000,2013-02-11,211290.47518192668,"{'SPY': 0.35, 'QQQ': 0.2, 'IWM': 0.15, 'HYG': 0.1, 'DBC': 0.1, 'GLD': 0.1}",0.0
1360627200000,2013-02-12,211513.09234551544,"{'SPY': 0.35, 'QQQ': 0.2, 'IWM': 0.15, 'HYG': 0.1, 'DBC': 0.1, 'GLD': 0.1}",0.0
1360713600000,2013-02-13,211786.6445532847,"{'SPY': 0.35, 'QQQ': 0.2, 'IWM': 0.15, 'HYG': 0.1, 'DBC': 0.1, 'GLD': 0.1}",0.0
1360800000000,2013-02-14,211790.2524613145,"{'SPY': 0.35, 'QQQ': 0.2, 'IWM': 0.15, 'HYG': 0.1, 'DBC': 0.1, 'GLD': 0.1}",0.0
1360886400000,2013-02-15,211155.02716443536,"{'SPY': 0.35, 'QQQ': 0.2, 'IWM': 0.15, 'HYG': 0.1, 'DBC': 0.1, 'GLD': 0.1}",0.0
1361232000000,2013-02-19,212174.06492457748,"{'SPY': 0.35, 'QQQ': 0.2, 'IWM': 0.15, 'HYG': 0.1, 'DBC': 0.1, 'GLD': 0.1}",0.0
1361318400000,2013-02-20,209211.92678437775,"{'SPY': 0.35, 'QQQ': 0.2, 'IWM': 0.15, 'HYG': 0.1, 'DBC': 0.1, 'GLD': 0.1}",0.0
1361404800000,2013-02-21,207959.9750757087,"{'SPY': 0.35, 'QQQ': 0.2, 'IWM': 0.15, 'HYG': 0.1, 'DBC': 0.1, 'GLD': 0.1}",0.0
1361491200000,2013-02-22,209563.9055672205,"{'SPY': 0.35, 'QQQ': 0.2, 'IWM': 0.15, 'HYG': 0.1, 'DBC': 0.1, 'GLD': 0.1}",0.0
1361750400000,2013-02-25,206980.25642430523,"{'SPY': 0.35, 'QQQ': 0.2, 'IWM': 0.15, 'HYG': 0.1, 'DBC': 0.1, 'GLD': 0.1}",0.0
1361836800000,2013-02-26,208070.61442570246,"{'SPY': 0.35, 'QQQ': 0.2, 'IWM': 0.15, 'HYG': 0.1, 'DBC': 0.1, 'GLD': 0.1}",0.0
1361923200000,2013-02-27,209428.17907664322,"{'SPY': 0.35, 'QQQ': 0.2, 'IWM': 0.15, 'HYG': 0.1, 'DBC': 0.1, 'GLD': 0.1}",0.0
1362009600000,2013-02-28,208941.50894878007,"{'SPY': 0.35, 'QQQ': 0.2, 'IWM': 0.15, 'HYG': 0.1, 'DBC': 0.1, 'GLD': 0.1}",0.0
1362096000000,2013-03-01,209317.88022284725,"{'SPY': 0.35, 'QQQ': 0.2, 'IWM': 0.15, 'HYG': 0.1, 'DBC': 0.1, 'GLD': 0.1}",0.0
1362355200000,2013-03-04,209882.5693753853,"{'SPY': 0.35, 'QQQ': 0.2, 'IWM': 0.15, 'HYG': 0.1, 'DBC': 0.1, 'GLD': 0.1}",0.0
1362441600000,2013-03-05,211776.12872599455,"{'SPY': 0.35, 'QQQ': 0.2, 'IWM': 0.15, 'HYG': 0.1, 'DBC': 0.1, 'GLD': 0.1}",0.0
1362528000000,2013-03-06,211842.27170062286,"{'SPY': 0.35, 'QQQ': 0.2, 'IWM': 0.15, 'HYG': 0.1, 'DBC': 0.1, 'GLD': 0.1}",0.0
1362614400000,2013-03-07,212337.68335879804,"{'SPY': 0.35, 'QQQ': 0.2, 'IWM': 0.15, 'HYG': 0.1, 'DBC': 0.1, 'GLD': 0.1}",0.0
1362700800000,2013-03-08,213089.23598792916,"{'SPY': 0.35, 'QQQ': 0.2, 'IWM': 0.15, 'HYG': 0.1, 'DBC': 0.1, 'GLD': 0.1}",0.0
1362960000000,2013-03-11,213527.19496380872,"{'SPY': 0.35, 'QQQ': 0.2, 'IWM': 0.15, 'HYG': 0.1, 'DBC': 0.1, 'GLD': 0.1}",0.0
1363046400000,2013-03-12,213345.3169383234,"{'SPY': 0.35, 'QQQ': 0.2, 'IWM': 0.15, 'HYG': 0.1, 'DBC': 0.1, 'GLD': 0.1}",0.0
1363132800000,2013-03-13,213336.41927367373,"{'SPY': 0.35, 'QQQ': 0.2, 'IWM': 0.15, 'HYG': 0.1, 'DBC': 0.1, 'GLD': 0.1}",0.0
1363219200000,2013-03-14,214439.11270493944,"{'SPY': 0.35, 'QQQ': 0.2, 'IWM': 0.15, 'HYG': 0.1, 'DBC': 0.1, 'GLD': 0.1}",0.0
1363305600000,2013-03-15,214293.24262942022,"{'SPY': 0.35, 'QQQ': 0.2, 'IWM': 0.15, 'HYG': 0.1, 'DBC': 0.1, 'GLD': 0.1}",0.0
1363564800000,2013-03-18,213680.51315149525,"{'SPY': 0.35, 'QQQ': 0.2, 'IWM': 0.15, 'HYG': 0.1, 'DBC': 0.1, 'GLD': 0.1}",0.0
1363651200000,2013-03-19,213192.59943328038,"{'SPY': 0.35, 'QQQ': 0.2, 'IWM': 0.15, 'HYG': 0.1, 'DBC': 0.1, 'GLD': 0.1}",0.0
1363737600000,2013-03-20,214433.24349347732,"{'SPY': 0.35, 'QQQ': 0.2, 'IWM': 0.15, 'HYG': 0.1, 'DBC': 0.1, 'GLD': 0.1}",0.0
1363824000000,2013-03-21,213011.77273042293,"{'SPY': 0.35, 'QQQ': 0.2, 'IWM': 0.15, 'HYG': 0.1, 'DBC': 0.1, 'GLD': 0.1}",0.0
1363910400000,2013-03-22,214051.3915254842,"{'SPY': 0.35, 'QQQ': 0.2, 'IWM': 0.15, 'HYG': 0.1, 'DBC': 0.1, 'GLD': 0.1}",0.0
1364169600000,2013-03-25,213542.14245900704,"{'SPY': 0.35, 'QQQ': 0.2, 'IWM': 0.15, 'HYG': 0.1, 'DBC': 0.1, 'GLD': 0.1}",0.0
1364256000000,2013-03-26,214637.2331488742,"{'SPY': 0.35, 'QQQ': 0.2, 'IWM': 0.15, 'HYG': 0.1, 'DBC': 0.1, 'GLD': 0.1}",0.0
1364342400000,2013-03-27,214875.86694338222,"{'SPY': 0.35, 'QQQ': 0.2, 'IWM': 0.15, 'HYG': 0.1, 'DBC': 0.1, 'GLD': 0.1}",0.0
1364428800000,2013-03-28,214964.45440162727,"{'SPY': 0.35, 'QQQ': 0.2, 'IWM': 0.15, 'HYG': 0.1, 'DBC': 0.1, 'GLD': 0.1}",0.0
1364774400000,2013-04-01,214009.16935734122,"{'SPY': 0.35, 'QQQ': 0.2, 'IWM': 0.15, 'HYG': 0.1, 'DBC': 0.1, 'GLD': 0.1}",0.0
1364860800000,2013-04-02,214088.59000458618,"{'SPY': 0.35, 'QQQ': 0.2, 'IWM': 0.15, 'HYG': 0.1, 'DBC': 0.1, 'GLD': 0.1}",0.0
1364947200000,2013-04-03,211834.0977068779,"{'SPY': 0.35, 'QQQ': 0.2, 'IWM': 0.15, 'HYG': 0.1, 'DBC': 0.1, 'GLD': 0.1}",0.0
1365033600000,2013-04-04,212326.98112448954,"{'SPY': 0.35, 'QQQ': 0.2, 'IWM': 0.15, 'HYG': 0.1, 'DBC': 0.1, 'GLD': 0.1}",0.0
1365120000000,2013-04-05,211937.54049842668,"{'SPY': 0.35, 'QQQ': 0.2, 'IWM': 0.15, 'HYG': 0.1, 'DBC': 0.1, 'GLD': 0.1}",0.0
1365379200000,2013-04-08,212923.7650093477,"{'SPY': 0.35, 'QQQ': 0.2, 'IWM': 0.15, 'HYG': 0.1, 'DBC': 0.1, 'GLD': 0.1}",0.0
1365465600000,2013-04-09,213743.60224830502,"{'SPY': 0.35, 'QQQ': 0.2, 'IWM': 0.15, 'HYG': 0.1, 'DBC': 0.1, 'GLD': 0.1}",0.0
1365552000000,2013-04-10,215733.83763697476,"{'SPY': 0.35, 'QQQ': 0.2, 'IWM': 0.15, 'HYG': 0.1, 'DBC': 0.1, 'GLD': 0.1}",0.0
1365638400000,2013-04-11,215962.21946323215,"{'SPY': 0.35, 'QQQ': 0.2, 'IWM': 0.15, 'HYG': 0.1, 'DBC': 0.1, 'GLD': 0.1}",0.0
1365724800000,2013-04-12,214340.53155309308,"{'SPY': 0.35, 'QQQ': 0.2, 'IWM': 0.15, 'HYG': 0.1, 'DBC': 0.1, 'GLD': 0.1}",0.0
1365984000000,2013-04-15,207885.47281649557,"{'SPY': 0.35, 'QQQ': 0.2, 'IWM': 0.15, 'HYG': 0.1, 'DBC': 0.1, 'GLD': 0.1}",0.0
1366070400000,2013-04-16,210649.68948381796,"{'SPY': 0.35, 'QQQ': 0.2, 'IWM': 0.15, 'HYG': 0.1, 'DBC': 0.1, 'GLD': 0.1}",0.0
1366156800000,2013-04-17,207868.33286972996,"{'SPY': 0.35, 'QQQ': 0.2, 'IWM': 0.15, 'HYG': 0.1, 'DBC': 0.1, 'GLD': 0.1}",0.0
1366243200000,2013-04-18,207077.23219991967,"{'SPY': 0.35, 'QQQ': 0.2, 'IWM': 0.15, 'HYG': 0.1, 'DBC': 0.1, 'GLD': 0.1}",0.0
1366329600000,2013-04-19,208752.95710367357,"{'SPY': 0.35, 'QQQ': 0.2, 'IWM': 0.15, 'HYG': 0.1, 'DBC': 0.1, 'GLD': 0.1}",0.0
1366588800000,2013-04-22,210084.26816508686,"{'SPY': 0.35, 'QQQ': 0.2, 'IWM': 0.15, 'HYG': 0.1, 'DBC': 0.1, 'GLD': 0.1}",0.0
1366675200000,2013-04-23,211541.26130281598,"{'SPY': 0.35, 'QQQ': 0.2, 'IWM': 0.15, 'HYG': 0.1, 'DBC': 0.1, 'GLD': 0.1}",0.0
1366761600000,2013-04-24,212233.9469884156,"{'SPY': 0.35, 'QQQ': 0.2, 'IWM': 0.15, 'HYG': 0.1, 'DBC': 0.1, 'GLD': 0.1}",0.0
1366848000000,2013-04-25,213806.87070566363,"{'SPY': 0.35, 'QQQ': 0.2, 'IWM': 0.15, 'HYG': 0.1, 'DBC': 0.1, 'GLD': 0.1}",0.0
1366934400000,2013-04-26,213115.00671997332,"{'SPY': 0.35, 'QQQ': 0.2, 'IWM': 0.15, 'HYG': 0.1, 'DBC': 0.1, 'GLD': 0.1}",0.0
1367193600000,2013-04-29,214773.3662489352,"{'SPY': 0.35, 'QQQ': 0.2, 'IWM': 0.15, 'HYG': 0.1, 'DBC': 0.1, 'GLD': 0.1}",0.0
1367280000000,2013-04-30,215423.22538359047,"{'SPY': 0.35, 'QQQ': 0.2, 'IWM': 0.15, 'HYG': 0.1, 'DBC': 0.1, 'GLD': 0.1}",0.0
1367366400000,2013-05-01,213101.23067108003,"{'SPY': 0.35, 'QQQ': 0.2, 'IWM': 0.15, 'HYG': 0.1, 'DBC': 0.1, 'GLD': 0.1}",0.0
1367452800000,2013-05-02,215372.51216208312,"{'SPY': 0.35, 'QQQ': 0.2, 'IWM': 0.15, 'HYG': 0.1, 'DBC': 0.1, 'GLD': 0.1}",0.0
1367539200000,2013-05-03,217455.66759466662,"{'SPY': 0.35, 'QQQ': 0.2, 'IWM': 0.15, 'HYG': 0.1, 'DBC': 0.1, 'GLD': 0.1}",0.0
1367798400000,2013-05-06,218075.30269868133,"{'SPY': 0.35, 'QQQ': 0.2, 'IWM': 0.15, 'HYG': 0.1, 'DBC': 0.1, 'GLD': 0.1}",0.0
1367884800000,2013-05-07,218344.03716219604,"{'SPY': 0.35, 'QQQ': 0.2, 'IWM': 0.15, 'HYG': 0.1, 'DBC': 0.1, 'GLD': 0.1}",0.0
1367971200000,2013-05-08,219498.65723952634,"{'SPY': 0.35, 'QQQ': 0.2, 'IWM': 0.15, 'HYG': 0.1, 'DBC': 0.1, 'GLD': 0.1}",0.0
1368057600000,2013-05-09,218782.9526290591,"{'SPY': 0.35, 'QQQ': 0.2, 'IWM': 0.15, 'HYG': 0.1, 'DBC': 0.1, 'GLD': 0.1}",0.0
1368144000000,2013-05-10,219145.412941779,"{'SPY': 0.35, 'QQQ': 0.2, 'IWM': 0.15, 'HYG': 0.1, 'DBC': 0.1, 'GLD': 0.1}",0.0
1368403200000,2013-05-13,218863.778486493,"{'SPY': 0.35, 'QQQ': 0.2, 'IWM': 0.15, 'HYG': 0.1, 'DBC': 0.1, 'GLD': 0.1}",0.0
1368489600000,2013-05-14,220153.35332620973,"{'SPY': 0.35, 'QQQ': 0.2, 'IWM': 0.15, 'HYG': 0.1, 'DBC': 0.1, 'GLD': 0.1}",0.0
1368576000000,2013-05-15,220169.37333060984,"{'SPY': 0.35, 'QQQ': 0.2, 'IWM': 0.15, 'HYG': 0.1, 'DBC': 0.1, 'GLD': 0.1}",0.0
1368662400000,2013-05-16,219615.2314263763,"{'SPY': 0.35, 'QQQ': 0.2, 'IWM': 0.15, 'HYG': 0.1, 'DBC': 0.1, 'GLD': 0.1}",0.0
1368748800000,2013-05-17,220767.715918612,"{'SPY': 0.35, 'QQQ': 0.2, 'IWM': 0.15, 'HYG': 0.1, 'DBC': 0.1, 'GLD': 0.1}",0.0
1369008000000,2013-05-20,221599.83321426445,"{'SPY': 0.35, 'QQQ': 0.2, 'IWM': 0.15, 'HYG': 0.1, 'DBC': 0.1, 'GLD': 0.1}",0.0
1369094400000,2013-05-21,221314.08682932737,"{'SPY': 0.35, 'QQQ': 0.2, 'IWM': 0.15, 'HYG': 0.1, 'DBC': 0.1, 'GLD': 0.1}",0.0
1369180800000,2013-05-22,219472.72318963817,"{'SPY': 0.35, 'QQQ': 0.2, 'IWM': 0.15, 'HYG': 0.1, 'DBC': 0.1, 'GLD': 0.1}",0.0
1369267200000,2013-05-23,219674.71456150044,"{'SPY': 0.35, 'QQQ': 0.2, 'IWM': 0.15, 'HYG': 0.1, 'DBC': 0.1, 'GLD': 0.1}",0.0
1369353600000,2013-05-24,219314.7701161912,"{'SPY': 0.35, 'QQQ': 0.2, 'IWM': 0.15, 'HYG': 0.1, 'DBC': 0.1, 'GLD': 0.1}",0.0
1369699200000,2013-05-28,220564.4792838238,"{'SPY': 0.35, 'QQQ': 0.2, 'IWM': 0.15, 'HYG': 0.1, 'DBC': 0.1, 'GLD': 0.1}",0.0
1369785600000,2013-05-29,219537.4186060559,"{'SPY': 0.35, 'QQQ': 0.2, 'IWM': 0.15, 'HYG': 0.1, 'DBC': 0.1, 'GLD': 0.1}",0.0
1369872000000,2013-05-30,220624.11812153878,"{'SPY': 0.35, 'QQQ': 0.2, 'IWM': 0.15, 'HYG': 0.1, 'DBC': 0.1, 'GLD': 0.1}",0.0
1369958400000,2013-05-31,217742.3702972747,"{'SPY': 0.35, 'QQQ': 0.2, 'IWM': 0.15, 'HYG': 0.1, 'DBC': 0.1, 'GLD': 0.1}",0.0
1370217600000,2013-06-03,219221.37638504742,"{'SPY': 0.35, 'QQQ': 0.2, 'IWM': 0.15, 'HYG': 0.1, 'DBC': 0.1, 'GLD': 0.1}",0.0
1370304000000,2013-06-04,218153.9234770571,"{'SPY': 0.35, 'QQQ': 0.2, 'IWM': 0.15, 'HYG': 0.1, 'DBC': 0.1, 'GLD': 0.1}",0.0
1370390400000,2013-06-05,215856.55925874956,"{'SPY': 0.35, 'QQQ': 0.2, 'IWM': 0.15, 'HYG': 0.1, 'DBC': 0.1, 'GLD': 0.1}",0.0
1370476800000,2013-06-06,217505.8872000462,"{'SPY': 0.35, 'QQQ': 0.2, 'IWM': 0.15, 'HYG': 0.1, 'DBC': 0.1, 'GLD': 0.1}",0.0
1370563200000,2013-06-07,218866.30778269283,"{'SPY': 0.35, 'QQQ': 0.2, 'IWM': 0.15, 'HYG': 0.1, 'DBC': 0.1, 'GLD': 0.1}",0.0
1370822400000,2013-06-10,219064.94508518206,"{'SPY': 0.35, 'QQQ': 0.2, 'IWM': 0.15, 'HYG': 0.1, 'DBC': 0.1, 'GLD': 0.1}",0.0
1370908800000,2013-06-11,217042.00485517795,"{'SPY': 0.35, 'QQQ': 0.2, 'IWM': 0.15, 'HYG': 0.1, 'DBC': 0.1, 'GLD': 0.1}",0.0
1370995200000,2013-06-12,215793.00729679968,"{'SPY': 0.35, 'QQQ': 0.2, 'IWM': 0.15, 'HYG': 0.1, 'DBC': 0.1, 'GLD': 0.1}",0.0
1371081600000,2013-06-13,218366.56295718893,"{'SPY': 0.35, 'QQQ': 0.2, 'IWM': 0.15, 'HYG': 0.1, 'DBC': 0.1, 'GLD': 0.1}",0.0
1371168000000,2013-06-14,217576.5139884693,"{'SPY': 0.35, 'QQQ': 0.2, 'IWM': 0.15, 'HYG': 0.1, 'DBC': 0.1, 'GLD': 0.1}",0.0
1371427200000,2013-06-17,218740.2110077653,"{'SPY': 0.35, 'QQQ': 0.2, 'IWM': 0.15, 'HYG': 0.1, 'DBC': 0.1, 'GLD': 0.1}",0.0
1371513600000,2013-06-18,219919.6779396307,"{'SPY': 0.35, 'QQQ': 0.2, 'IWM': 0.15, 'HYG': 0.1, 'DBC': 0.1, 'GLD': 0.1}",0.0
1371600000000,2013-06-19,217409.93913551315,"{'SPY': 0.35, 'QQQ': 0.2, 'IWM': 0.15, 'HYG': 0.1, 'DBC': 0.1, 'GLD': 0.1}",0.0
1371686400000,2013-06-20,211543.82011247805,"{'SPY': 0.35, 'QQQ': 0.2, 'IWM': 0.15, 'HYG': 0.1, 'DBC': 0.1, 'GLD': 0.1}",0.0
1371772800000,2013-06-21,211628.12318364304,"{'SPY': 0.35, 'QQQ': 0.2, 'IWM': 0.15, 'HYG': 0.1, 'DBC': 0.1, 'GLD': 0.1}",0.0
1372032000000,2013-06-24,209312.98787831233,"{'SPY': 0.35, 'QQQ': 0.2, 'IWM': 0.15, 'HYG': 0.1, 'DBC': 0.1, 'GLD': 0.1}",0.0
1372118400000,2013-06-25,210862.59145517065,"{'SPY': 0.35, 'QQQ': 0.2, 'IWM': 0.15, 'HYG': 0.1, 'DBC': 0.1, 'GLD': 0.1}",0.0
1372204800000,2013-06-26,211350.87148643727,"{'SPY': 0.35, 'QQQ': 0.2, 'IWM': 0.15, 'HYG': 0.1, 'DBC': 0.1, 'GLD': 0.1}",0.0
1372291200000,2013-06-27,212131.38949366426,"{'SPY': 0.35, 'QQQ': 0.2, 'IWM': 0.15, 'HYG': 0.1, 'DBC': 0.1, 'GLD': 0.1}",0.0
1372377600000,2013-06-28,211977.46557661452,"{'SPY': 0.2612631659311696, 'QQQ': 0.1492932376749541, 'IWM': 0.11196992825621556, 'HYG': 0.07464661883747704, 'DBC': 0.07464661883747704, 'GLD': 0.07464661883747704, 'SHY': 0.2535338116252297}",0.0
1372636800000,2013-07-01,213362.4462131707,"{'SPY': 0.2612631659311696, 'QQQ': 0.1492932376749541, 'IWM': 0.11196992825621556, 'HYG': 0.07464661883747704, 'DBC': 0.07464661883747704, 'GLD': 0.07464661883747704, 'SHY': 0.2535338116252297}",0.0
1372723200000,2013-07-02,213185.28073177877,"{'SPY': 0.2612631659311696, 'QQQ': 0.1492932376749541, 'IWM': 0.11196992825621556, 'HYG': 0.07464661883747704, 'DBC': 0.07464661883747704, 'GLD': 0.07464661883747704, 'SHY': 0.2535338116252297}",0.0
1372809600000,2013-07-03,213652.85439090224,"{'SPY': 0.2612631659311696, 'QQQ': 0.1492932376749541, 'IWM': 0.11196992825621556, 'HYG': 0.07464661883747704, 'DBC': 0.07464661883747704, 'GLD': 0.07464661883747704, 'SHY': 0.2535338116252297}",0.0
1372982400000,2013-07-05,214221.37879864135,"{'SPY': 0.2612631659311696, 'QQQ': 0.1492932376749541, 'IWM': 0.11196992825621556, 'HYG': 0.07464661883747704, 'DBC': 0.07464661883747704, 'GLD': 0.07464661883747704, 'SHY': 0.2535338116252297}",0.0
1373241600000,2013-07-08,215200.84440887748,"{'SPY': 0.2612631659311696, 'QQQ': 0.1492932376749541, 'IWM': 0.11196992825621556, 'HYG': 0.07464661883747704, 'DBC': 0.07464661883747704, 'GLD': 0.07464661883747704, 'SHY': 0.2535338116252297}",0.0
1373328000000,2013-07-09,216275.6293087159,"{'SPY': 0.2612631659311696, 'QQQ': 0.1492932376749541, 'IWM': 0.11196992825621556, 'HYG': 0.07464661883747704, 'DBC': 0.07464661883747704, 'GLD': 0.07464661883747704, 'SHY': 0.2535338116252297}",0.0
1373414400000,2013-07-10,216706.7272585933,"{'SPY': 0.2612631659311696, 'QQQ': 0.1492932376749541, 'IWM': 0.11196992825621556, 'HYG': 0.07464661883747704, 'DBC': 0.07464661883747704, 'GLD': 0.07464661883747704, 'SHY': 0.2535338116252297}",0.0
1373500800000,2013-07-11,219175.59765669628,"{'SPY': 0.2612631659311696, 'QQQ': 0.1492932376749541, 'IWM': 0.11196992825621556, 'HYG': 0.07464661883747704, 'DBC': 0.07464661883747704, 'GLD': 0.07464661883747704, 'SHY': 0.2535338116252297}",0.0
1373587200000,2013-07-12,219393.3263348478,"{'SPY': 0.2612631659311696, 'QQQ': 0.1492932376749541, 'IWM': 0.11196992825621556, 'HYG': 0.07464661883747704, 'DBC': 0.07464661883747704, 'GLD': 0.07464661883747704, 'SHY': 0.2535338116252297}",0.0
1373846400000,2013-07-15,219959.83533863592,"{'SPY': 0.2612631659311696, 'QQQ': 0.1492932376749541, 'IWM': 0.11196992825621556, 'HYG': 0.07464661883747704, 'DBC': 0.07464661883747704, 'GLD': 0.07464661883747704, 'SHY': 0.2535338116252297}",0.0
1373932800000,2013-07-16,219656.05505625068,"{'SPY': 0.2612631659311696, 'QQQ': 0.1492932376749541, 'IWM': 0.11196992825621556, 'HYG': 0.07464661883747704, 'DBC': 0.07464661883747704, 'GLD': 0.07464661883747704, 'SHY': 0.2535338116252297}",0.0
1374019200000,2013-07-17,219902.8897543375,"{'SPY': 0.2612631659311696, 'QQQ': 0.1492932376749541, 'IWM': 0.11196992825621556, 'HYG': 0.07464661883747704, 'DBC': 0.07464661883747704, 'GLD': 0.07464661883747704, 'SHY': 0.2535338116252297}",0.0
1374105600000,2013-07-18,220552.11130325435,"{'SPY': 0.2612631659311696, 'QQQ': 0.1492932376749541, 'IWM': 0.11196992825621556, 'HYG': 0.07464661883747704, 'DBC': 0.07464661883747704, 'GLD': 0.07464661883747704, 'SHY': 0.2535338116252297}",0.0
1374192000000,2013-07-19,220526.24911002957,"{'SPY': 0.2612631659311696, 'QQQ': 0.1492932376749541, 'IWM': 0.11196992825621556, 'HYG': 0.07464661883747704, 'DBC': 0.07464661883747704, 'GLD': 0.07464661883747704, 'SHY': 0.2535338116252297}",0.0
1374451200000,2013-07-22,221278.34858721207,"{'SPY': 0.2612631659311696, 'QQQ': 0.1492932376749541, 'IWM': 0.11196992825621556, 'HYG': 0.07464661883747704, 'DBC': 0.07464661883747704, 'GLD': 0.07464661883747704, 'SHY': 0.2535338116252297}",0.0
1374537600000,2013-07-23,220985.7359767812,"{'SPY': 0.2612631659311696, 'QQQ': 0.1492932376749541, 'IWM': 0.11196992825621556, 'HYG': 0.07464661883747704, 'DBC': 0.07464661883747704, 'GLD': 0.07464661883747704, 'SHY': 0.2535338116252297}",0.0
1374624000000,2013-07-24,220093.56134228405,"{'SPY': 0.2612631659311696, 'QQQ': 0.1492932376749541, 'IWM': 0.11196992825621556, 'HYG': 0.07464661883747704, 'DBC': 0.07464661883747704, 'GLD': 0.07464661883747704, 'SHY': 0.2535338116252297}",0.0
1374710400000,2013-07-25,220797.10602454006,"{'SPY': 0.2612631659311696, 'QQQ': 0.1492932376749541, 'IWM': 0.11196992825621556, 'HYG': 0.07464661883747704, 'DBC': 0.07464661883747704, 'GLD': 0.07464661883747704, 'SHY': 0.2535338116252297}",0.0
1374796800000,2013-07-26,220861.56832465442,"{'SPY': 0.2612631659311696, 'QQQ': 0.1492932376749541, 'IWM': 0.11196992825621556, 'HYG': 0.07464661883747704, 'DBC': 0.07464661883747704, 'GLD': 0.07464661883747704, 'SHY': 0.2535338116252297}",0.0
1375056000000,2013-07-29,220361.2075539482,"{'SPY': 0.2612631659311696, 'QQQ': 0.1492932376749541, 'IWM': 0.11196992825621556, 'HYG': 0.07464661883747704, 'DBC': 0.07464661883747704, 'GLD': 0.07464661883747704, 'SHY': 0.2535338116252297}",0.0
1375142400000,2013-07-30,220485.2566607226,"{'SPY': 0.2612631659311696, 'QQQ': 0.1492932376749541, 'IWM': 0.11196992825621556, 'HYG': 0.07464661883747704, 'DBC': 0.07464661883747704, 'GLD': 0.07464661883747704, 'SHY': 0.2535338116252297}",0.0
1375228800000,2013-07-31,220716.59745812492,"{'SPY': 0.35, 'QQQ': 0.2, 'IWM': 0.15, 'HYG': 0.1, 'DBC': 0.1, 'GLD': 0.1}",0.0
1375315200000,2013-08-01,222117.41458370627,"{'SPY': 0.35, 'QQQ': 0.2, 'IWM': 0.15, 'HYG': 0.1, 'DBC': 0.1, 'GLD': 0.1}",0.0
1375401600000,2013-08-02,222534.06019064956,"{'SPY': 0.35, 'QQQ': 0.2, 'IWM': 0.15, 'HYG': 0.1, 'DBC': 0.1, 'GLD': 0.1}",0.0
1375660800000,2013-08-05,222221.89826514234,"{'SPY': 0.35, 'QQQ': 0.2, 'IWM': 0.15, 'HYG': 0.1, 'DBC': 0.1, 'GLD': 0.1}",0.0
1375747200000,2013-08-06,220670.82109129522,"{'SPY': 0.35, 'QQQ': 0.2, 'IWM': 0.15, 'HYG': 0.1, 'DBC': 0.1, 'GLD': 0.1}",0.0
1375833600000,2013-08-07,219920.77817227753,"{'SPY': 0.35, 'QQQ': 0.2, 'IWM': 0.15, 'HYG': 0.1, 'DBC': 0.1, 'GLD': 0.1}",0.0
1375920000000,2013-08-08,221199.16871982676,"{'SPY': 0.35, 'QQQ': 0.2, 'IWM': 0.15, 'HYG': 0.1, 'DBC': 0.1, 'GLD': 0.1}",0.0
1376006400000,2013-08-09,220920.63418366638,"{'SPY': 0.35, 'QQQ': 0.2, 'IWM': 0.15, 'HYG': 0.1, 'DBC': 0.1, 'GLD': 0.1}",0.0
1376265600000,2013-08-12,221751.07340535888,"{'SPY': 0.35, 'QQQ': 0.2, 'IWM': 0.15, 'HYG': 0.1, 'DBC': 0.1, 'GLD': 0.1}",0.0
1376352000000,2013-08-13,221937.5469624791,"{'SPY': 0.35, 'QQQ': 0.2, 'IWM': 0.15, 'HYG': 0.1, 'DBC': 0.1, 'GLD': 0.1}",0.0
1376438400000,2013-08-14,221596.04987204904,"{'SPY': 0.35, 'QQQ': 0.2, 'IWM': 0.15, 'HYG': 0.1, 'DBC': 0.1, 'GLD': 0.1}",0.0
1376524800000,2013-08-15,219704.0482188691,"{'SPY': 0.35, 'QQQ': 0.2, 'IWM': 0.15, 'HYG': 0.1, 'DBC': 0.1, 'GLD': 0.1}",0.0
1376611200000,2013-08-16,219375.41218183519,"{'SPY': 0.35, 'QQQ': 0.2, 'IWM': 0.15, 'HYG': 0.1, 'DBC': 0.1, 'GLD': 0.1}",0.0
1376870400000,2013-08-19,218211.14953858368,"{'SPY': 0.35, 'QQQ': 0.2, 'IWM': 0.15, 'HYG': 0.1, 'DBC': 0.1, 'GLD': 0.1}",0.0
1376956800000,2013-08-20,219482.13530418716,"{'SPY': 0.35, 'QQQ': 0.2, 'IWM': 0.15, 'HYG': 0.1, 'DBC': 0.1, 'GLD': 0.1}",0.0
1377043200000,2013-08-21,218490.44874406216,"{'SPY': 0.35, 'QQQ': 0.2, 'IWM': 0.15, 'HYG': 0.1, 'DBC': 0.1, 'GLD': 0.1}",0.0
1377129600000,2013-08-22,220327.22425439587,"{'SPY': 0.35, 'QQQ': 0.2, 'IWM': 0.15, 'HYG': 0.1, 'DBC': 0.1, 'GLD': 0.1}",0.0
1377216000000,2013-08-23,221580.1532012952,"{'SPY': 0.35, 'QQQ': 0.2, 'IWM': 0.15, 'HYG': 0.1, 'DBC': 0.1, 'GLD': 0.1}",0.0
1377475200000,2013-08-26,221535.7539472535,"{'SPY': 0.35, 'QQQ': 0.2, 'IWM': 0.15, 'HYG': 0.1, 'DBC': 0.1, 'GLD': 0.1}",0.0
1377561600000,2013-08-27,218887.47733520885,"{'SPY': 0.35, 'QQQ': 0.2, 'IWM': 0.15, 'HYG': 0.1, 'DBC': 0.1, 'GLD': 0.1}",0.0
1377648000000,2013-08-28,219501.70403528566,"{'SPY': 0.35, 'QQQ': 0.2, 'IWM': 0.15, 'HYG': 0.1, 'DBC': 0.1, 'GLD': 0.1}",0.0
1377734400000,2013-08-29,219988.28076362636,"{'SPY': 0.35, 'QQQ': 0.2, 'IWM': 0.15, 'HYG': 0.1, 'DBC': 0.1, 'GLD': 0.1}",0.0
1377820800000,2013-08-30,218658.58887005592,"{'SPY': 0.35, 'QQQ': 0.2, 'IWM': 0.15, 'HYG': 0.1, 'DBC': 0.1, 'GLD': 0.1}",0.0
1378166400000,2013-09-03,219767.68071132287,"{'SPY': 0.35, 'QQQ': 0.2, 'IWM': 0.15, 'HYG': 0.1, 'DBC': 0.1, 'GLD': 0.1}",0.0
1378252800000,2013-09-04,220773.99442383577,"{'SPY': 0.35, 'QQQ': 0.2, 'IWM': 0.15, 'HYG': 0.1, 'DBC': 0.1, 'GLD': 0.1}",0.0
1378339200000,2013-09-05,220433.59069342766,"{'SPY': 0.35, 'QQQ': 0.2, 'IWM': 0.15, 'HYG': 0.1, 'DBC': 0.1, 'GLD': 0.1}",0.0
1378425600000,2013-09-06,221136.16951277546,"{'SPY': 0.35, 'QQQ': 0.2, 'IWM': 0.15, 'HYG': 0.1, 'DBC': 0.1, 'GLD': 0.1}",0.0
1378684800000,2013-09-09,222772.51550728234,"{'SPY': 0.35, 'QQQ': 0.2, 'IWM': 0.15, 'HYG': 0.1, 'DBC': 0.1, 'GLD': 0.1}",0.0
1378771200000,2013-09-10,223410.3930768223,"{'SPY': 0.35, 'QQQ': 0.2, 'IWM': 0.15, 'HYG': 0.1, 'DBC': 0.1, 'GLD': 0.1}",0.0
1378857600000,2013-09-11,223642.7398008063,"{'SPY': 0.35, 'QQQ': 0.2, 'IWM': 0.15, 'HYG': 0.1, 'DBC': 0.1, 'GLD': 0.1}",0.0
1378944000000,2013-09-12,222559.4554777384,"{'SPY': 0.35, 'QQQ': 0.2, 'IWM': 0.15, 'HYG': 0.1, 'DBC': 0.1, 'GLD': 0.1}",0.0
1379030400000,2013-09-13,222887.36783102373,"{'SPY': 0.35, 'QQQ': 0.2, 'IWM': 0.15, 'HYG': 0.1, 'DBC': 0.1, 'GLD': 0.1}",0.0
1379289600000,2013-09-16,222896.56395953154,"{'SPY': 0.35, 'QQQ': 0.2, 'IWM': 0.15, 'HYG': 0.1, 'DBC': 0.1, 'GLD': 0.1}",0.0
1379376000000,2013-09-17,223724.00419592406,"{'SPY': 0.35, 'QQQ': 0.2, 'IWM': 0.15, 'HYG': 0.1, 'DBC': 0.1, 'GLD': 0.1}",0.0
1379462400000,2013-09-18,227162.01362780563,"{'SPY': 0.35, 'QQQ': 0.2, 'IWM': 0.15, 'HYG': 0.1, 'DBC': 0.1, 'GLD': 0.1}",0.0
1379548800000,2013-09-19,226905.36637662537,"{'SPY': 0.35, 'QQQ': 0.2, 'IWM': 0.15, 'HYG': 0.1, 'DBC': 0.1, 'GLD': 0.1}",0.0
1379635200000,2013-09-20,225182.74566137703,"{'SPY': 0.35, 'QQQ': 0.2, 'IWM': 0.15, 'HYG': 0.1, 'DBC': 0.1, 'GLD': 0.1}",0.0
1379894400000,2013-09-23,224490.58185298703,"{'SPY': 0.35, 'QQQ': 0.2, 'IWM': 0.15, 'HYG': 0.1, 'DBC': 0.1, 'GLD': 0.1}",0.0
1379980800000,2013-09-24,224379.45537895936,"{'SPY': 0.35, 'QQQ': 0.2, 'IWM': 0.15, 'HYG': 0.1, 'DBC': 0.1, 'GLD': 0.1}",0.0
1380067200000,2013-09-25,224130.15822918405,"{'SPY': 0.35, 'QQQ': 0.2, 'IWM': 0.15, 'HYG': 0.1, 'DBC': 0.1, 'GLD': 0.1}",0.0
1380153600000,2013-09-26,224953.72064228152,"{'SPY': 0.35, 'QQQ': 0.2, 'IWM': 0.15, 'HYG': 0.1, 'DBC': 0.1, 'GLD': 0.1}",0.0
1380240000000,2013-09-27,224454.49419897582,"{'SPY': 0.35, 'QQQ': 0.2, 'IWM': 0.15, 'HYG': 0.1, 'DBC': 0.1, 'GLD': 0.1}",0.0
1380499200000,2013-09-30,223641.02699112686,"{'SPY': 0.35, 'QQQ': 0.2, 'IWM': 0.15, 'HYG': 0.1, 'DBC': 0.1, 'GLD': 0.1}",0.0
1380585600000,2013-10-01,224427.4868348016,"{'SPY': 0.35, 'QQQ': 0.2, 'IWM': 0.15, 'HYG': 0.1, 'DBC': 0.1, 'GLD': 0.1}",0.0
1380672000000,2013-10-02,224872.9799257258,"{'SPY': 0.35, 'QQQ': 0.2, 'IWM': 0.15, 'HYG': 0.1, 'DBC': 0.1, 'GLD': 0.1}",0.0
1380758400000,2013-10-03,223277.83063658065,"{'SPY': 0.35, 'QQQ': 0.2, 'IWM': 0.15, 'HYG': 0.1, 'DBC': 0.1, 'GLD': 0.1}",0.0
1380844800000,2013-10-04,224473.4382018482,"{'SPY': 0.35, 'QQQ': 0.2, 'IWM': 0.15, 'HYG': 0.1, 'DBC': 0.1, 'GLD': 0.1}",0.0
1381104000000,2013-10-07,223322.20837563524,"{'SPY': 0.35, 'QQQ': 0.2, 'IWM': 0.15, 'HYG': 0.1, 'DBC': 0.1, 'GLD': 0.1}",0.0
1381190400000,2013-10-08,221033.47142681858,"{'SPY': 0.35, 'QQQ': 0.2, 'IWM': 0.15, 'HYG': 0.1, 'DBC': 0.1, 'GLD': 0.1}",0.0
1381276800000,2013-10-09,220453.25485805658,"{'SPY': 0.35, 'QQQ': 0.2, 'IWM': 0.15, 'HYG': 0.1, 'DBC': 0.1, 'GLD': 0.1}",0.0
1381363200000,2013-10-10,223907.5606955702,"{'SPY': 0.35, 'QQQ': 0.2, 'IWM': 0.15, 'HYG': 0.1, 'DBC': 0.1, 'GLD': 0.1}",0.0
1381449600000,2013-10-11,224874.2749046884,"{'SPY': 0.35, 'QQQ': 0.2, 'IWM': 0.15, 'HYG': 0.1, 'DBC': 0.1, 'GLD': 0.1}",0.0
1381708800000,2013-10-14,225743.3884826255,"{'SPY': 0.35, 'QQQ': 0.2, 'IWM': 0.15, 'HYG': 0.1, 'DBC': 0.1, 'GLD': 0.1}",0.0
1381795200000,2013-10-15,224743.49345298778,"{'SPY': 0.35, 'QQQ': 0.2, 'IWM': 0.15, 'HYG': 0.1, 'DBC': 0.1, 'GLD': 0.1}",0.0
1381881600000,2013-10-16,227026.78566696617,"{'SPY': 0.35, 'QQQ': 0.2, 'IWM': 0.15, 'HYG': 0.1, 'DBC': 0.1, 'GLD': 0.1}",0.0
1381968000000,2013-10-17,228817.98159625556,"{'SPY': 0.35, 'QQQ': 0.2, 'IWM': 0.15, 'HYG': 0.1, 'DBC': 0.1, 'GLD': 0.1}",0.0
1382054400000,2013-10-18,230568.25582649774,"{'SPY': 0.35, 'QQQ': 0.2, 'IWM': 0.15, 'HYG': 0.1, 'DBC': 0.1, 'GLD': 0.1}",0.0
1382313600000,2013-10-21,230524.2421368434,"{'SPY': 0.35, 'QQQ': 0.2, 'IWM': 0.15, 'HYG': 0.1, 'DBC': 0.1, 'GLD': 0.1}",0.0
1382400000000,2013-10-22,231620.7790229179,"{'SPY': 0.35, 'QQQ': 0.2, 'IWM': 0.15, 'HYG': 0.1, 'DBC': 0.1, 'GLD': 0.1}",0.0
1382486400000,2013-10-23,230384.99329616845,"{'SPY': 0.35, 'QQQ': 0.2, 'IWM': 0.15, 'HYG': 0.1, 'DBC': 0.1, 'GLD': 0.1}",0.0
1382572800000,2013-10-24,231272.94419033753,"{'SPY': 0.35, 'QQQ': 0.2, 'IWM': 0.15, 'HYG': 0.1, 'DBC': 0.1, 'GLD': 0.1}",0.0
1382659200000,2013-10-25,232184.36791280852,"{'SPY': 0.35, 'QQQ': 0.2, 'IWM': 0.15, 'HYG': 0.1, 'DBC': 0.1, 'GLD': 0.1}",0.0
1382918400000,2013-10-28,232411.84858862942,"{'SPY': 0.35, 'QQQ': 0.2, 'IWM': 0.15, 'HYG': 0.1, 'DBC': 0.1, 'GLD': 0.1}",0.0
1383004800000,2013-10-29,232858.6266869941,"{'SPY': 0.35, 'QQQ': 0.2, 'IWM': 0.15, 'HYG': 0.1, 'DBC': 0.1, 'GLD': 0.1}",0.0
1383091200000,2013-10-30,231879.24368652498,"{'SPY': 0.35, 'QQQ': 0.2, 'IWM': 0.15, 'HYG': 0.1, 'DBC': 0.1, 'GLD': 0.1}",0.0
1383177600000,2013-10-31,230823.36810713026,"{'SPY': 0.35, 'QQQ': 0.2, 'IWM': 0.15, 'HYG': 0.1, 'DBC': 0.1, 'GLD': 0.1}",0.0
1383264000000,2013-11-01,230409.19617367748,"{'SPY': 0.35, 'QQQ': 0.2, 'IWM': 0.15, 'HYG': 0.1, 'DBC': 0.1, 'GLD': 0.1}",0.0
1383523200000,2013-11-04,231071.73990356128,"{'SPY': 0.35, 'QQQ': 0.2, 'IWM': 0.15, 'HYG': 0.1, 'DBC': 0.1, 'GLD': 0.1}",0.0
1383609600000,2013-11-05,230574.44599018173,"{'SPY': 0.35, 'QQQ': 0.2, 'IWM': 0.15, 'HYG': 0.1, 'DBC': 0.1, 'GLD': 0.1}",0.0
1383696000000,2013-11-06,231029.0304615596,"{'SPY': 0.35, 'QQQ': 0.2, 'IWM': 0.15, 'HYG': 0.1, 'DBC': 0.1, 'GLD': 0.1}",0.0
1383782400000,2013-11-07,228215.3530595803,"{'SPY': 0.35, 'QQQ': 0.2, 'IWM': 0.15, 'HYG': 0.1, 'DBC': 0.1, 'GLD': 0.1}",0.0
1383868800000,2013-11-08,230279.70918718015,"{'SPY': 0.35, 'QQQ': 0.2, 'IWM': 0.15, 'HYG': 0.1, 'DBC': 0.1, 'GLD': 0.1}",0.0
1384128000000,2013-11-11,230205.94007380022,"{'SPY': 0.35, 'QQQ': 0.2, 'IWM': 0.15, 'HYG': 0.1, 'DBC': 0.1, 'GLD': 0.1}",0.0
1384214400000,2013-11-12,229692.70124635336,"{'SPY': 0.35, 'QQQ': 0.2, 'IWM': 0.15, 'HYG': 0.1, 'DBC': 0.1, 'GLD': 0.1}",0.0
1384300800000,2013-11-13,231487.25341343466,"{'SPY': 0.35, 'QQQ': 0.2, 'IWM': 0.15, 'HYG': 0.1, 'DBC': 0.1, 'GLD': 0.1}",0.0
1384387200000,2013-11-14,232436.72916911004,"{'SPY': 0.35, 'QQQ': 0.2, 'IWM': 0.15, 'HYG': 0.1, 'DBC': 0.1, 'GLD': 0.1}",0.0
1384473600000,2013-11-15,233019.7444544901,"{'SPY': 0.35, 'QQQ': 0.2, 'IWM': 0.15, 'HYG': 0.1, 'DBC': 0.1, 'GLD': 0.1}",0.0
1384732800000,2013-11-18,231543.29745877464,"{'SPY': 0.35, 'QQQ': 0.2, 'IWM': 0.15, 'HYG': 0.1, 'DBC': 0.1, 'GLD': 0.1}",0.0
1384819200000,2013-11-19,230981.49238530753,"{'SPY': 0.35, 'QQQ': 0.2, 'IWM': 0.15, 'HYG': 0.1, 'DBC': 0.1, 'GLD': 0.1}",0.0
1384905600000,2013-11-20,230068.8281080239,"{'SPY': 0.35, 'QQQ': 0.2, 'IWM': 0.15, 'HYG': 0.1, 'DBC': 0.1, 'GLD': 0.1}",0.0
1384992000000,2013-11-21,232145.22316807572,"{'SPY': 0.35, 'QQQ': 0.2, 'IWM': 0.15, 'HYG': 0.1, 'DBC': 0.1, 'GLD': 0.1}",0.0
1385078400000,2013-11-22,233060.35501290453,"{'SPY': 0.35, 'QQQ': 0.2, 'IWM': 0.15, 'HYG': 0.1, 'DBC': 0.1, 'GLD': 0.1}",0.0
1385337600000,2013-11-25,233246.54007400564,"{'SPY': 0.35, 'QQQ': 0.2, 'IWM': 0.15, 'HYG': 0.1, 'DBC': 0.1, 'GLD': 0.1}",0.0
1385424000000,2013-11-26,233656.5779690995,"{'SPY': 0.35, 'QQQ': 0.2, 'IWM': 0.15, 'HYG': 0.1, 'DBC': 0.1, 'GLD': 0.1}",0.0
1385510400000,2013-11-27,234292.08427391612,"{'SPY': 0.35, 'QQQ': 0.2, 'IWM': 0.15, 'HYG': 0.1, 'DBC': 0.1, 'GLD': 0.1}",0.0
1385683200000,2013-11-29,234795.8744562719,"{'SPY': 0.35, 'QQQ': 0.2, 'IWM': 0.15, 'HYG': 0.1, 'DBC': 0.1, 'GLD': 0.1}",0.0
1385942400000,2013-12-02,233464.87236123133,"{'SPY': 0.35, 'QQQ': 0.2, 'IWM': 0.15, 'HYG': 0.1, 'DBC': 0.1, 'GLD': 0.1}",0.0
1386028800000,2013-12-03,233095.63140181778,"{'SPY': 0.35, 'QQQ': 0.2, 'IWM': 0.15, 'HYG': 0.1, 'DBC': 0.1, 'GLD': 0.1}",0.0
1386115200000,2013-12-04,233416.8604747612,"{'SPY': 0.35, 'QQQ': 0.2, 'IWM': 0.15, 'HYG': 0.1, 'DBC': 0.1, 'GLD': 0.1}",0.0
1386201600000,2013-12-05,232654.93275926285,"{'SPY': 0.35, 'QQQ': 0.2, 'IWM': 0.15, 'HYG': 0.1, 'DBC': 0.1, 'GLD': 0.1}",0.0
1386288000000,2013-12-06,234371.09499217587,"{'SPY': 0.35, 'QQQ': 0.2, 'IWM': 0.15, 'HYG': 0.1, 'DBC': 0.1, 'GLD': 0.1}",0.0
1386547200000,2013-12-09,234996.2004870453,"{'SPY': 0.35, 'QQQ': 0.2, 'IWM': 0.15, 'HYG': 0.1, 'DBC': 0.1, 'GLD': 0.1}",0.0
1386633600000,2013-12-10,234834.60248268975,"{'SPY': 0.35, 'QQQ': 0.2, 'IWM': 0.15, 'HYG': 0.1, 'DBC': 0.1, 'GLD': 0.1}",0.0
1386720000000,2013-12-11,232473.20748949607,"{'SPY': 0.35, 'QQQ': 0.2, 'IWM': 0.15, 'HYG': 0.1, 'DBC': 0.1, 'GLD': 0.1}",0.0
1386806400000,2013-12-12,231407.17873982657,"{'SPY': 0.35, 'QQQ': 0.2, 'IWM': 0.15, 'HYG': 0.1, 'DBC': 0.1, 'GLD': 0.1}",0.0
1386892800000,2013-12-13,231611.7594496811,"{'SPY': 0.35, 'QQQ': 0.2, 'IWM': 0.15, 'HYG': 0.1, 'DBC': 0.1, 'GLD': 0.1}",0.0
1387152000000,2013-12-16,232939.64387702322,"{'SPY': 0.35, 'QQQ': 0.2, 'IWM': 0.15, 'HYG': 0.1, 'DBC': 0.1, 'GLD': 0.1}",0.0
1387238400000,2013-12-17,232227.7023119782,"{'SPY': 0.35, 'QQQ': 0.2, 'IWM': 0.15, 'HYG': 0.1, 'DBC': 0.1, 'GLD': 0.1}",0.0
1387324800000,2013-12-18,234516.23479373808,"{'SPY': 0.35, 'QQQ': 0.2, 'IWM': 0.15, 'HYG': 0.1, 'DBC': 0.1, 'GLD': 0.1}",0.0
1387411200000,2013-12-19,233502.82197728663,"{'SPY': 0.35, 'QQQ': 0.2, 'IWM': 0.15, 'HYG': 0.1, 'DBC': 0.1, 'GLD': 0.1}",0.0
1387497600000,2013-12-20,235470.87516235275,"{'SPY': 0.35, 'QQQ': 0.2, 'IWM': 0.15, 'HYG': 0.1, 'DBC': 0.1, 'GLD': 0.1}",0.0
1387756800000,2013-12-23,236749.7154292836,"{'SPY': 0.35, 'QQQ': 0.2, 'IWM': 0.15, 'HYG': 0.1, 'DBC': 0.1, 'GLD': 0.1}",0.0
1387843200000,2013-12-24,237258.766221602,"{'SPY': 0.35, 'QQQ': 0.2, 'IWM': 0.15, 'HYG': 0.1, 'DBC': 0.1, 'GLD': 0.1}",0.0
1388016000000,2013-12-26,238031.3025658456,"{'SPY': 0.35, 'QQQ': 0.2, 'IWM': 0.15, 'HYG': 0.1, 'DBC': 0.1, 'GLD': 0.1}",0.0
1388102400000,2013-12-27,238025.29061650852,"{'SPY': 0.35, 'QQQ': 0.2, 'IWM': 0.15, 'HYG': 0.1, 'DBC': 0.1, 'GLD': 0.1}",0.0
1388361600000,2013-12-30,237450.10941869585,"{'SPY': 0.35, 'QQQ': 0.2, 'IWM': 0.15, 'HYG': 0.1, 'DBC': 0.1, 'GLD': 0.1}",0.0
1388448000000,2013-12-31,238365.3774427744,"{'SPY': 0.35, 'QQQ': 0.2, 'IWM': 0.15, 'HYG': 0.1, 'DBC': 0.1, 'GLD': 0.1}",0.0
1388620800000,2014-01-02,236887.66706041072,"{'SPY': 0.35, 'QQQ': 0.2, 'IWM': 0.15, 'HYG': 0.1, 'DBC': 0.1, 'GLD': 0.1}",0.0
1388707200000,2014-01-03,236814.15676081704,"{'SPY': 0.35, 'QQQ': 0.2, 'IWM': 0.15, 'HYG': 0.1, 'DBC': 0.1, 'GLD': 0.1}",0.0
1388966400000,2014-01-06,236231.85352862923,"{'SPY': 0.35, 'QQQ': 0.2, 'IWM': 0.15, 'HYG': 0.1, 'DBC': 0.1, 'GLD': 0.1}",0.0
1389052800000,2014-01-07,237320.25522824156,"{'SPY': 0.35, 'QQQ': 0.2, 'IWM': 0.15, 'HYG': 0.1, 'DBC': 0.1, 'GLD': 0.1}",0.0
1389139200000,2014-01-08,237106.74576825622,"{'SPY': 0.35, 'QQQ': 0.2, 'IWM': 0.15, 'HYG': 0.1, 'DBC': 0.1, 'GLD': 0.1}",0.0
1389225600000,2014-01-09,236926.27831619774,"{'SPY': 0.35, 'QQQ': 0.2, 'IWM': 0.15, 'HYG': 0.1, 'DBC': 0.1, 'GLD': 0.1}",0.0
1389312000000,2014-01-10,238083.93560992996,"{'SPY': 0.35, 'QQQ': 0.2, 'IWM': 0.15, 'HYG': 0.1, 'DBC': 0.1, 'GLD': 0.1}",0.0
1389571200000,2014-01-13,235898.670237925,"{'SPY': 0.35, 'QQQ': 0.2, 'IWM': 0.15, 'HYG': 0.1, 'DBC': 0.1, 'GLD': 0.1}",0.0
1389657600000,2014-01-14,237947.84970199093,"{'SPY': 0.35, 'QQQ': 0.2, 'IWM': 0.15, 'HYG': 0.1, 'DBC': 0.1, 'GLD': 0.1}",0.0
1389744000000,2014-01-15,239123.47787411316,"{'SPY': 0.35, 'QQQ': 0.2, 'IWM': 0.15, 'HYG': 0.1, 'DBC': 0.1, 'GLD': 0.1}",0.0
1389830400000,2014-01-16,239040.7190127771,"{'SPY': 0.35, 'QQQ': 0.2, 'IWM': 0.15, 'HYG': 0.1, 'DBC': 0.1, 'GLD': 0.1}",0.0
1389916800000,2014-01-17,238551.47546620737,"{'SPY': 0.35, 'QQQ': 0.2, 'IWM': 0.15, 'HYG': 0.1, 'DBC': 0.1, 'GLD': 0.1}",0.0
1390262400000,2014-01-21,239219.0400720583,"{'SPY': 0.35, 'QQQ': 0.2, 'IWM': 0.15, 'HYG': 0.1, 'DBC': 0.1, 'GLD': 0.1}",0.0
1390348800000,2014-01-22,239556.74539634146,"{'SPY': 0.35, 'QQQ': 0.2, 'IWM': 0.15, 'HYG': 0.1, 'DBC': 0.1, 'GLD': 0.1}",0.0
1390435200000,2014-01-23,238938.4961619502,"{'SPY': 0.35, 'QQQ': 0.2, 'IWM': 0.15, 'HYG': 0.1, 'DBC': 0.1, 'GLD': 0.1}",0.0
1390521600000,2014-01-24,235249.51749084634,"{'SPY': 0.35, 'QQQ': 0.2, 'IWM': 0.15, 'HYG': 0.1, 'DBC': 0.1, 'GLD': 0.1}",0.0
1390780800000,2014-01-27,233449.63338383532,"{'SPY': 0.35, 'QQQ': 0.2, 'IWM': 0.15, 'HYG': 0.1, 'DBC': 0.1, 'GLD': 0.1}",0.0
1390867200000,2014-01-28,234492.09386323128,"{'SPY': 0.35, 'QQQ': 0.2, 'IWM': 0.15, 'HYG': 0.1, 'DBC': 0.1, 'GLD': 0.1}",0.0
1390953600000,2014-01-29,232899.33800963205,"{'SPY': 0.35, 'QQQ': 0.2, 'IWM': 0.15, 'HYG': 0.1, 'DBC': 0.1, 'GLD': 0.1}",0.0
1391040000000,2014-01-30,234578.79194476828,"{'SPY': 0.35, 'QQQ': 0.2, 'IWM': 0.15, 'HYG': 0.1, 'DBC': 0.1, 'GLD': 0.1}",0.0
1391126400000,2014-01-31,233738.363315048,"{'SPY': 0.35, 'QQQ': 0.2, 'IWM': 0.15, 'HYG': 0.1, 'DBC': 0.1, 'GLD': 0.1}",0.0
1391385600000,2014-02-03,229896.5176167956,"{'SPY': 0.35, 'QQQ': 0.2, 'IWM': 0.15, 'HYG': 0.1, 'DBC': 0.1, 'GLD': 0.1}",0.0
1391472000000,2014-02-04,231198.98813748406,"{'SPY': 0.35, 'QQQ': 0.2, 'IWM': 0.15, 'HYG': 0.1, 'DBC': 0.1, 'GLD': 0.1}",0.0
1391558400000,2014-02-05,230821.34408486166,"{'SPY': 0.35, 'QQQ': 0.2, 'IWM': 0.15, 'HYG': 0.1, 'DBC': 0.1, 'GLD': 0.1}",0.0
1391644800000,2014-02-06,232914.01862744894,"{'SPY': 0.35, 'QQQ': 0.2, 'IWM': 0.15, 'HYG': 0.1, 'DBC': 0.1, 'GLD': 0.1}",0.0
1391731200000,2014-02-07,235715.35335695557,"{'SPY': 0.35, 'QQQ': 0.2, 'IWM': 0.15, 'HYG': 0.1, 'DBC': 0.1, 'GLD': 0.1}",0.0
1391990400000,2014-02-10,236259.98395633133,"{'SPY': 0.35, 'QQQ': 0.2, 'IWM': 0.15, 'HYG': 0.1, 'DBC': 0.1, 'GLD': 0.1}",0.0
1392076800000,2014-02-11,238457.35027375934,"{'SPY': 0.35, 'QQQ': 0.2, 'IWM': 0.15, 'HYG': 0.1, 'DBC': 0.1, 'GLD': 0.1}",0.0
1392163200000,2014-02-12,238752.3082440854,"{'SPY': 0.35, 'QQQ': 0.2, 'IWM': 0.15, 'HYG': 0.1, 'DBC': 0.1, 'GLD': 0.1}",0.0
1392249600000,2014-02-13,240396.49582159892,"{'SPY': 0.35, 'QQQ': 0.2, 'IWM': 0.15, 'HYG': 0.1, 'DBC': 0.1, 'GLD': 0.1}",0.0
1392336000000,2014-02-14,241448.76743425152,"{'SPY': 0.35, 'QQQ': 0.2, 'IWM': 0.15, 'HYG': 0.1, 'DBC': 0.1, 'GLD': 0.1}",0.0
1392681600000,2014-02-18,242591.65438531557,"{'SPY': 0.35, 'QQQ': 0.2, 'IWM': 0.15, 'HYG': 0.1, 'DBC': 0.1, 'GLD': 0.1}",0.0
1392768000000,2014-02-19,241111.41377341238,"{'SPY': 0.35, 'QQQ': 0.2, 'IWM': 0.15, 'HYG': 0.1, 'DBC': 0.1, 'GLD': 0.1}",0.0
1392854400000,2014-02-20,242599.81978216275,"{'SPY': 0.35, 'QQQ': 0.2, 'IWM': 0.15, 'HYG': 0.1, 'DBC': 0.1, 'GLD': 0.1}",0.0
1392940800000,2014-02-21,242504.1252200751,"{'SPY': 0.35, 'QQQ': 0.2, 'IWM': 0.15, 'HYG': 0.1, 'DBC': 0.1, 'GLD': 0.1}",0.0
1393200000000,2014-02-24,243924.9770820859,"{'SPY': 0.35, 'QQQ': 0.2, 'IWM': 0.15, 'HYG': 0.1, 'DBC': 0.1, 'GLD': 0.1}",0.0
1393286400000,2014-02-25,243835.15716801104,"{'SPY': 0.35, 'QQQ': 0.2, 'IWM': 0.15, 'HYG': 0.1, 'DBC': 0.1, 'GLD': 0.1}",0.0
1393372800000,2014-02-26,243790.90440479436,"{'SPY': 0.35, 'QQQ': 0.2, 'IWM': 0.15, 'HYG': 0.1, 'DBC': 0.1, 'GLD': 0.1}",0.0
1393459200000,2014-02-27,244743.27470461896,"{'SPY': 0.35, 'QQQ': 0.2, 'IWM': 0.15, 'HYG': 0.1, 'DBC': 0.1, 'GLD': 0.1}",0.0
1393545600000,2014-02-28,244612.39874871087,"{'SPY': 0.2, 'QQQ': 0.1, 'TLT': 0.25, 'IEF': 0.2, 'GLD': 0.15, 'SHY': 0.1}",0.0
1393804800000,2014-03-03,245518.6895277119,"{'SPY': 0.2, 'QQQ': 0.1, 'TLT': 0.25, 'IEF': 0.2, 'GLD': 0.15, 'SHY': 0.1}",0.0
1393891200000,2014-03-04,244745.06459323093,"{'SPY': 0.2, 'QQQ': 0.1, 'TLT': 0.25, 'IEF': 0.2, 'GLD': 0.15, 'SHY': 0.1}",0.0
1393977600000,2014-03-05,245109.194775634,"{'SPY': 0.2, 'QQQ': 0.1, 'TLT': 0.25, 'IEF': 0.2, 'GLD': 0.15, 'SHY': 0.1}",0.0
1394064000000,2014-03-06,244735.8069614586,"{'SPY': 0.2, 'QQQ': 0.1, 'TLT': 0.25, 'IEF': 0.2, 'GLD': 0.15, 'SHY': 0.1}",0.0
1394150400000,2014-03-07,243717.1358966571,"{'SPY': 0.2, 'QQQ': 0.1, 'TLT': 0.25, 'IEF': 0.2, 'GLD': 0.15, 'SHY': 0.1}",0.0
1394409600000,2014-03-10,243866.31204473067,"{'SPY': 0.2, 'QQQ': 0.1, 'TLT': 0.25, 'IEF': 0.2, 'GLD': 0.15, 'SHY': 0.1}",0.0
1394496000000,2014-03-11,243936.14079568113,"{'SPY': 0.2, 'QQQ': 0.1, 'TLT': 0.25, 'IEF': 0.2, 'GLD': 0.15, 'SHY': 0.1}",0.0
1394582400000,2014-03-12,245201.87506118228,"{'SPY': 0.2, 'QQQ': 0.1, 'TLT': 0.25, 'IEF': 0.2, 'GLD': 0.15, 'SHY': 0.1}",0.0
1394668800000,2014-03-13,245558.98389322325,"{'SPY': 0.2, 'QQQ': 0.1, 'TLT': 0.25, 'IEF': 0.2, 'GLD': 0.15, 'SHY': 0.1}",0.0
1394755200000,2014-03-14,245511.53169622598,"{'SPY': 0.2, 'QQQ': 0.1, 'TLT': 0.25, 'IEF': 0.2, 'GLD': 0.15, 'SHY': 0.1}",0.0
1395014400000,2014-03-17,245104.3446324859,"{'SPY': 0.2, 'QQQ': 0.1, 'TLT': 0.25, 'IEF': 0.2, 'GLD': 0.15, 'SHY': 0.1}",0.0
1395100800000,2014-03-18,245813.0092943935,"{'SPY': 0.2, 'QQQ': 0.1, 'TLT': 0.25, 'IEF': 0.2, 'GLD': 0.15, 'SHY': 0.1}",0.0
1395187200000,2014-03-19,243729.06704265988,"{'SPY': 0.2, 'QQQ': 0.1, 'TLT': 0.25, 'IEF': 0.2, 'GLD': 0.15, 'SHY': 0.1}",0.0
1395273600000,2014-03-20,243920.3077265947,"{'SPY': 0.2, 'QQQ': 0.1, 'TLT': 0.25, 'IEF': 0.2, 'GLD': 0.15, 'SHY': 0.1}",0.0
1395360000000,2014-03-21,244367.10892639225,"{'SPY': 0.2, 'QQQ': 0.1, 'TLT': 0.25, 'IEF': 0.2, 'GLD': 0.15, 'SHY': 0.1}",0.0
1395619200000,2014-03-24,243739.73966351128,"{'SPY': 0.2, 'QQQ': 0.1, 'TLT': 0.25, 'IEF': 0.2, 'GLD': 0.15, 'SHY': 0.1}",0.0
1395705600000,2014-03-25,243862.76451895593,"{'SPY': 0.2, 'QQQ': 0.1, 'TLT': 0.25, 'IEF': 0.2, 'GLD': 0.15, 'SHY': 0.1}",0.0
1395792000000,2014-03-26,243609.60249815157,"{'SPY': 0.2, 'QQQ': 0.1, 'TLT': 0.25, 'IEF': 0.2, 'GLD': 0.15, 'SHY': 0.1}",0.0
1395878400000,2014-03-27,243482.2716978243,"{'SPY': 0.2, 'QQQ': 0.1, 'TLT': 0.25, 'IEF': 0.2, 'GLD': 0.15, 'SHY': 0.1}",0.0
1395964800000,2014-03-28,243246.39828127465,"{'SPY': 0.2, 'QQQ': 0.1, 'TLT': 0.25, 'IEF': 0.2, 'GLD': 0.15, 'SHY': 0.1}",0.0
1396224000000,2014-03-31,243409.05826495079,"{'SPY': 0.2, 'QQQ': 0.1, 'TLT': 0.25, 'IEF': 0.2, 'GLD': 0.15, 'SHY': 0.1}",0.0
1396310400000,2014-04-01,243459.55148769953,"{'SPY': 0.2, 'QQQ': 0.1, 'TLT': 0.25, 'IEF': 0.2, 'GLD': 0.15, 'SHY': 0.1}",0.0
1396396800000,2014-04-02,243390.6386212209,"{'SPY': 0.2, 'QQQ': 0.1, 'TLT': 0.25, 'IEF': 0.2, 'GLD': 0.15, 'SHY': 0.1}",0.0
1396483200000,2014-04-03,243321.73551340878,"{'SPY': 0.2, 'QQQ': 0.1, 'TLT': 0.25, 'IEF': 0.2, 'GLD': 0.15, 'SHY': 0.1}",0.0
1396569600000,2014-04-04,243310.7918758817,"{'SPY': 0.2, 'QQQ': 0.1, 'TLT': 0.25, 'IEF': 0.2, 'GLD': 0.15, 'SHY': 0.1}",0.0
1396828800000,2014-04-07,242832.5297567422,"{'SPY': 0.2, 'QQQ': 0.1, 'TLT': 0.25, 'IEF': 0.2, 'GLD': 0.15, 'SHY': 0.1}",0.0
1396915200000,2014-04-08,243815.4169246292,"{'SPY': 0.2, 'QQQ': 0.1, 'TLT': 0.25, 'IEF': 0.2, 'GLD': 0.15, 'SHY': 0.1}",0.0
1397001600000,2014-04-09,244520.5431590559,"{'SPY': 0.2, 'QQQ': 0.1, 'TLT': 0.25, 'IEF': 0.2, 'GLD': 0.15, 'SHY': 0.1}",0.0
1397088000000,2014-04-10,243724.3661861215,"{'SPY': 0.2, 'QQQ': 0.1, 'TLT': 0.25, 'IEF': 0.2, 'GLD': 0.15, 'SHY': 0.1}",0.0
1397174400000,2014-04-11,243569.53968173228,"{'SPY': 0.2, 'QQQ': 0.1, 'TLT': 0.25, 'IEF': 0.2, 'GLD': 0.15, 'SHY': 0.1}",0.0
1397433600000,2014-04-14,244170.9365169605,"{'SPY': 0.2, 'QQQ': 0.1, 'TLT': 0.25, 'IEF': 0.2, 'GLD': 0.15, 'SHY': 0.1}",0.0
1397520000000,2014-04-15,244350.42615631566,"{'SPY': 0.2, 'QQQ': 0.1, 'TLT': 0.25, 'IEF': 0.2, 'GLD': 0.15, 'SHY': 0.1}",0.0
1397606400000,2014-04-16,245193.72849660515,"{'SPY': 0.2, 'QQQ': 0.1, 'TLT': 0.25, 'IEF': 0.2, 'GLD': 0.15, 'SHY': 0.1}",0.0
1397692800000,2014-04-17,244080.80088171596,"{'SPY': 0.2, 'QQQ': 0.1, 'TLT': 0.25, 'IEF': 0.2, 'GLD': 0.15, 'SHY': 0.1}",0.0
1398038400000,2014-04-21,244223.0427276852,"{'SPY': 0.2, 'QQQ': 0.1, 'TLT': 0.25, 'IEF': 0.2, 'GLD': 0.15, 'SHY': 0.1}",0.0
1398124800000,2014-04-22,244678.13073342427,"{'SPY': 0.2, 'QQQ': 0.1, 'TLT': 0.25, 'IEF': 0.2, 'GLD': 0.15, 'SHY': 0.1}",0.0
1398211200000,2014-04-23,244828.29451614775,"{'SPY': 0.2, 'QQQ': 0.1, 'TLT': 0.25, 'IEF': 0.2, 'GLD': 0.15, 'SHY': 0.1}",0.0
1398297600000,2014-04-24,245494.80851086444,"{'SPY': 0.2, 'QQQ': 0.1, 'TLT': 0.25, 'IEF': 0.2, 'GLD': 0.15, 'SHY': 0.1}",0.0
1398384000000,2014-04-25,245115.71064832687,"{'SPY': 0.2, 'QQQ': 0.1, 'TLT': 0.25, 'IEF': 0.2, 'GLD': 0.15, 'SHY': 0.1}",0.0
1398643200000,2014-04-28,244820.1373005476,"{'SPY': 0.2, 'QQQ': 0.1, 'TLT': 0.25, 'IEF': 0.2, 'GLD': 0.15, 'SHY': 0.1}",0.0
1398729600000,2014-04-29,245195.05820331114,"{'SPY': 0.2, 'QQQ': 0.1, 'TLT': 0.25, 'IEF': 0.2, 'GLD': 0.15, 'SHY': 0.1}",0.0
1398816000000,2014-04-30,245472.1346375616,"{'SPY': 0.35, 'QQQ': 0.2, 'IWM': 0.15, 'HYG': 0.1, 'DBC': 0.1, 'GLD': 0.1}",0.0
1398902400000,2014-05-01,245319.92356014453,"{'SPY': 0.35, 'QQQ': 0.2, 'IWM': 0.15, 'HYG': 0.1, 'DBC': 0.1, 'GLD': 0.1}",0.0
1398988800000,2014-05-02,245509.58575141206,"{'SPY': 0.35, 'QQQ': 0.2, 'IWM': 0.15, 'HYG': 0.1, 'DBC': 0.1, 'GLD': 0.1}",0.0
1399248000000,2014-05-05,246047.4275955032,"{'SPY': 0.35, 'QQQ': 0.2, 'IWM': 0.15, 'HYG': 0.1, 'DBC': 0.1, 'GLD': 0.1}",0.0
1399334400000,2014-05-06,244036.95828397854,"{'SPY': 0.35, 'QQQ': 0.2, 'IWM': 0.15, 'HYG': 0.1, 'DBC': 0.1, 'GLD': 0.1}",0.0
1399420800000,2014-05-07,244173.53550458758,"{'SPY': 0.35, 'QQQ': 0.2, 'IWM': 0.15, 'HYG': 0.1, 'DBC': 0.1, 'GLD': 0.1}",0.0
1399507200000,2014-05-08,243588.8640343055,"{'SPY': 0.35, 'QQQ': 0.2, 'IWM': 0.15, 'HYG': 0.1, 'DBC': 0.1, 'GLD': 0.1}",0.0
1399593600000,2014-05-09,244120.2881577308,"{'SPY': 0.35, 'QQQ': 0.2, 'IWM': 0.15, 'HYG': 0.1, 'DBC': 0.1, 'GLD': 0.1}",0.0
1399852800000,2014-05-12,246835.7511167458,"{'SPY': 0.35, 'QQQ': 0.2, 'IWM': 0.15, 'HYG': 0.1, 'DBC': 0.1, 'GLD': 0.1}",0.0
1399939200000,2014-05-13,246670.10200436163,"{'SPY': 0.35, 'QQQ': 0.2, 'IWM': 0.15, 'HYG': 0.1, 'DBC': 0.1, 'GLD': 0.1}",0.0
1400025600000,2014-05-14,245768.23828191738,"{'SPY': 0.35, 'QQQ': 0.2, 'IWM': 0.15, 'HYG': 0.1, 'DBC': 0.1, 'GLD': 0.1}",0.0
1400112000000,2014-05-15,244002.40531409706,"{'SPY': 0.35, 'QQQ': 0.2, 'IWM': 0.15, 'HYG': 0.1, 'DBC': 0.1, 'GLD': 0.1}",0.0
1400198400000,2014-05-16,244873.98777925383,"{'SPY': 0.35, 'QQQ': 0.2, 'IWM': 0.15, 'HYG': 0.1, 'DBC': 0.1, 'GLD': 0.1}",0.0
1400457600000,2014-05-19,245957.97476307524,"{'SPY': 0.35, 'QQQ': 0.2, 'IWM': 0.15, 'HYG': 0.1, 'DBC': 0.1, 'GLD': 0.1}",0.0
1400544000000,2014-05-20,244711.415569064,"{'SPY': 0.35, 'QQQ': 0.2, 'IWM': 0.15, 'HYG': 0.1, 'DBC': 0.1, 'GLD': 0.1}",0.0
1400630400000,2014-05-21,246073.67835806584,"{'SPY': 0.35, 'QQQ': 0.2, 'IWM': 0.15, 'HYG': 0.1, 'DBC': 0.1, 'GLD': 0.1}",0.0
1400716800000,2014-05-22,246975.32869009546,"{'SPY': 0.35, 'QQQ': 0.2, 'IWM': 0.15, 'HYG': 0.1, 'DBC': 0.1, 'GLD': 0.1}",0.0
1400803200000,2014-05-23,248118.68871140303,"{'SPY': 0.35, 'QQQ': 0.2, 'IWM': 0.15, 'HYG': 0.1, 'DBC': 0.1, 'GLD': 0.1}",0.0
1401148800000,2014-05-27,249092.9356855172,"{'SPY': 0.35, 'QQQ': 0.2, 'IWM': 0.15, 'HYG': 0.1, 'DBC': 0.1, 'GLD': 0.1}",0.0
1401235200000,2014-05-28,248566.36383163478,"{'SPY': 0.35, 'QQQ': 0.2, 'IWM': 0.15, 'HYG': 0.1, 'DBC': 0.1, 'GLD': 0.1}",0.0
1401321600000,2014-05-29,249439.38783703558,"{'SPY': 0.35, 'QQQ': 0.2, 'IWM': 0.15, 'HYG': 0.1, 'DBC': 0.1, 'GLD': 0.1}",0.0
1401408000000,2014-05-30,249148.0565713632,"{'SPY': 0.35, 'QQQ': 0.2, 'IWM': 0.15, 'HYG': 0.1, 'DBC': 0.1, 'GLD': 0.1}",0.0
1401667200000,2014-06-02,248737.52726252264,"{'SPY': 0.35, 'QQQ': 0.2, 'IWM': 0.15, 'HYG': 0.1, 'DBC': 0.1, 'GLD': 0.1}",0.0
1401753600000,2014-06-03,248628.77291520798,"{'SPY': 0.35, 'QQQ': 0.2, 'IWM': 0.15, 'HYG': 0.1, 'DBC': 0.1, 'GLD': 0.1}",0.0
1401840000000,2014-06-04,249017.95267159303,"{'SPY': 0.35, 'QQQ': 0.2, 'IWM': 0.15, 'HYG': 0.1, 'DBC': 0.1, 'GLD': 0.1}",0.0
1401926400000,2014-06-05,251066.26585831848,"{'SPY': 0.35, 'QQQ': 0.2, 'IWM': 0.15, 'HYG': 0.1, 'DBC': 0.1, 'GLD': 0.1}",0.0
1402012800000,2014-06-06,252303.5394763321,"{'SPY': 0.35, 'QQQ': 0.2, 'IWM': 0.15, 'HYG': 0.1, 'DBC': 0.1, 'GLD': 0.1}",0.0
1402272000000,2014-06-09,252833.204124689,"{'SPY': 0.35, 'QQQ': 0.2, 'IWM': 0.15, 'HYG': 0.1, 'DBC': 0.1, 'GLD': 0.1}",0.0
1402358400000,2014-06-10,252928.97173918624,"{'SPY': 0.35, 'QQQ': 0.2, 'IWM': 0.15, 'HYG': 0.1, 'DBC': 0.1, 'GLD': 0.1}",0.0
1402444800000,2014-06-11,252363.91574650677,"{'SPY': 0.35, 'QQQ': 0.2, 'IWM': 0.15, 'HYG': 0.1, 'DBC': 0.1, 'GLD': 0.1}",0.0
1402531200000,2014-06-12,251649.24891096732,"{'SPY': 0.35, 'QQQ': 0.2, 'IWM': 0.15, 'HYG': 0.1, 'DBC': 0.1, 'GLD': 0.1}",0.0
1402617600000,2014-06-13,252225.65768691854,"{'SPY': 0.35, 'QQQ': 0.2, 'IWM': 0.15, 'HYG': 0.1, 'DBC': 0.1, 'GLD': 0.1}",0.0
1402876800000,2014-06-16,252477.80426210148,"{'SPY': 0.35, 'QQQ': 0.2, 'IWM': 0.15, 'HYG': 0.1, 'DBC': 0.1, 'GLD': 0.1}",0.0
1402963200000,2014-06-17,252999.2310802542,"{'SPY': 0.35, 'QQQ': 0.2, 'IWM': 0.15, 'HYG': 0.1, 'DBC': 0.1, 'GLD': 0.1}",0.0
1403049600000,2014-06-18,254490.52455529667,"{'SPY': 0.35, 'QQQ': 0.2, 'IWM': 0.15, 'HYG': 0.1, 'DBC': 0.1, 'GLD': 0.1}",0.0
1403136000000,2014-06-19,255719.11557336943,"{'SPY': 0.35, 'QQQ': 0.2, 'IWM': 0.15, 'HYG': 0.1, 'DBC': 0.1, 'GLD': 0.1}",0.0
1403222400000,2014-06-20,256071.00847624964,"{'SPY': 0.35, 'QQQ': 0.2, 'IWM': 0.15, 'HYG': 0.1, 'DBC': 0.1, 'GLD': 0.1}",0.0
1403481600000,2014-06-23,255952.93090734907,"{'SPY': 0.35, 'QQQ': 0.2, 'IWM': 0.15, 'HYG': 0.1, 'DBC': 0.1, 'GLD': 0.1}",0.0
1403568000000,2014-06-24,254996.64630887203,"{'SPY': 0.35, 'QQQ': 0.2, 'IWM': 0.15, 'HYG': 0.1, 'DBC': 0.1, 'GLD': 0.1}",0.0
1403654400000,2014-06-25,256126.4339137299,"{'SPY': 0.35, 'QQQ': 0.2, 'IWM': 0.15, 'HYG': 0.1, 'DBC': 0.1, 'GLD': 0.1}",0.0
1403740800000,2014-06-26,255840.41385989034,"{'SPY': 0.35, 'QQQ': 0.2, 'IWM': 0.15, 'HYG': 0.1, 'DBC': 0.1, 'GLD': 0.1}",0.0
1403827200000,2014-06-27,256435.31895095395,"{'SPY': 0.35, 'QQQ': 0.2, 'IWM': 0.15, 'HYG': 0.1, 'DBC': 0.1, 'GLD': 0.1}",0.0
1404086400000,2014-06-30,256734.1691172232,"{'SPY': 0.35, 'QQQ': 0.2, 'IWM': 0.15, 'HYG': 0.1, 'DBC': 0.1, 'GLD': 0.1}",0.0
1404172800000,2014-07-01,258152.3071802506,"{'SPY': 0.35, 'QQQ': 0.2, 'IWM': 0.15, 'HYG': 0.1, 'DBC': 0.1, 'GLD': 0.1}",0.0
1404259200000,2014-07-02,258149.37232067794,"{'SPY': 0.35, 'QQQ': 0.2, 'IWM': 0.15, 'HYG': 0.1, 'DBC': 0.1, 'GLD': 0.1}",0.0
1404345600000,2014-07-03,258957.49363880194,"{'SPY': 0.35, 'QQQ': 0.2, 'IWM': 0.15, 'HYG': 0.1, 'DBC': 0.1, 'GLD': 0.1}",0.0
1404691200000,2014-07-07,257566.81229587135,"{'SPY': 0.35, 'QQQ': 0.2, 'IWM': 0.15, 'HYG': 0.1, 'DBC': 0.1, 'GLD': 0.1}",0.0
1404777600000,2014-07-08,255843.87005982656,"{'SPY': 0.35, 'QQQ': 0.2, 'IWM': 0.15, 'HYG': 0.1, 'DBC': 0.1, 'GLD': 0.1}",0.0
1404864000000,2014-07-09,256634.70652216978,"{'SPY': 0.35, 'QQQ': 0.2, 'IWM': 0.15, 'HYG': 0.1, 'DBC': 0.1, 'GLD': 0.1}",0.0
1404950400000,2014-07-10,255808.78587143627,"{'SPY': 0.35, 'QQQ': 0.2, 'IWM': 0.15, 'HYG': 0.1, 'DBC': 0.1, 'GLD': 0.1}",0.0
1405036800000,2014-07-11,256076.3601956289,"{'SPY': 0.35, 'QQQ': 0.2, 'IWM': 0.15, 'HYG': 0.1, 'DBC': 0.1, 'GLD': 0.1}",0.0
1405296000000,2014-07-14,256513.81108977072,"{'SPY': 0.35, 'QQQ': 0.2, 'IWM': 0.15, 'HYG': 0.1, 'DBC': 0.1, 'GLD': 0.1}",0.0
1405382400000,2014-07-15,255268.20068465054,"{'SPY': 0.35, 'QQQ': 0.2, 'IWM': 0.15, 'HYG': 0.1, 'DBC': 0.1, 'GLD': 0.1}",0.0
1405468800000,2014-07-16,255787.85709879844,"{'SPY': 0.35, 'QQQ': 0.2, 'IWM': 0.15, 'HYG': 0.1, 'DBC': 0.1, 'GLD': 0.1}",0.0
1405555200000,2014-07-17,253816.11480029693,"{'SPY': 0.35, 'QQQ': 0.2, 'IWM': 0.15, 'HYG': 0.1, 'DBC': 0.1, 'GLD': 0.1}",0.0
1405641600000,2014-07-18,255867.3517274451,"{'SPY': 0.35, 'QQQ': 0.2, 'IWM': 0.15, 'HYG': 0.1, 'DBC': 0.1, 'GLD': 0.1}",0.0
1405900800000,2014-07-21,255600.50132721776,"{'SPY': 0.35, 'QQQ': 0.2, 'IWM': 0.15, 'HYG': 0.1, 'DBC': 0.1, 'GLD': 0.1}",0.0
1405987200000,2014-07-22,256443.23300239423,"{'SPY': 0.35, 'QQQ': 0.2, 'IWM': 0.15, 'HYG': 0.1, 'DBC': 0.1, 'GLD': 0.1}",0.0
1406073600000,2014-07-23,257113.53282241998,"{'SPY': 0.35, 'QQQ': 0.2, 'IWM': 0.15, 'HYG': 0.1, 'DBC': 0.1, 'GLD': 0.1}",0.0
1406160000000,2014-07-24,256739.10756956378,"{'SPY': 0.35, 'QQQ': 0.2, 'IWM': 0.15, 'HYG': 0.1, 'DBC': 0.1, 'GLD': 0.1}",0.0
1406246400000,2014-07-25,256122.15679665192,"{'SPY': 0.35, 'QQQ': 0.2, 'IWM': 0.15, 'HYG': 0.1, 'DBC': 0.1, 'GLD': 0.1}",0.0
1406505600000,2014-07-28,255812.6802617815,"{'SPY': 0.35, 'QQQ': 0.2, 'IWM': 0.15, 'HYG': 0.1, 'DBC': 0.1, 'GLD': 0.1}",0.0
1406592000000,2014-07-29,255250.6442774653,"{'SPY': 0.35, 'QQQ': 0.2, 'IWM': 0.15, 'HYG': 0.1, 'DBC': 0.1, 'GLD': 0.1}",0.0
1406678400000,2014-07-30,255325.45851454374,"{'SPY': 0.35, 'QQQ': 0.2, 'IWM': 0.15, 'HYG': 0.1, 'DBC': 0.1, 'GLD': 0.1}",0.0
1406764800000,2014-07-31,251020.44932489478,"{'SPY': 0.35, 'QQQ': 0.2, 'IWM': 0.15, 'HYG': 0.1, 'DBC': 0.1, 'GLD': 0.1}",0.0
1406851200000,2014-08-01,250395.0458131311,"{'SPY': 0.35, 'QQQ': 0.2, 'IWM': 0.15, 'HYG': 0.1, 'DBC': 0.1, 'GLD': 0.1}",0.0
1407110400000,2014-08-04,251967.52245976607,"{'SPY': 0.35, 'QQQ': 0.2, 'IWM': 0.15, 'HYG': 0.1, 'DBC': 0.1, 'GLD': 0.1}",0.0
1407196800000,2014-08-05,250438.86720813756,"{'SPY': 0.35, 'QQQ': 0.2, 'IWM': 0.15, 'HYG': 0.1, 'DBC': 0.1, 'GLD': 0.1}",0.0
1407283200000,2014-08-06,251129.8468282585,"{'SPY': 0.35, 'QQQ': 0.2, 'IWM': 0.15, 'HYG': 0.1, 'DBC': 0.1, 'GLD': 0.1}",0.0
1407369600000,2014-08-07,250480.13485359563,"{'SPY': 0.35, 'QQQ': 0.2, 'IWM': 0.15, 'HYG': 0.1, 'DBC': 0.1, 'GLD': 0.1}",0.0
1407456000000,2014-08-08,252182.8489637351,"{'SPY': 0.35, 'QQQ': 0.2, 'IWM': 0.15, 'HYG': 0.1, 'DBC': 0.1, 'GLD': 0.1}",0.0
1407715200000,2014-08-11,253210.1000519485,"{'SPY': 0.35, 'QQQ': 0.2, 'IWM': 0.15, 'HYG': 0.1, 'DBC': 0.1, 'GLD': 0.1}",0.0
1407801600000,2014-08-12,252644.58678554016,"{'SPY': 0.35, 'QQQ': 0.2, 'IWM': 0.15, 'HYG': 0.1, 'DBC': 0.1, 'GLD': 0.1}",0.0
1407888000000,2014-08-13,254169.34630461107,"{'SPY': 0.35, 'QQQ': 0.2, 'IWM': 0.15, 'HYG': 0.1, 'DBC': 0.1, 'GLD': 0.1}",0.0
1407974400000,2014-08-14,254677.76794085946,"{'SPY': 0.35, 'QQQ': 0.2, 'IWM': 0.15, 'HYG': 0.1, 'DBC': 0.1, 'GLD': 0.1}",0.0
1408060800000,2014-08-15,254819.27028949631,"{'SPY': 0.35, 'QQQ': 0.2, 'IWM': 0.15, 'HYG': 0.1, 'DBC': 0.1, 'GLD': 0.1}",0.0
1408320000000,2014-08-18,256268.24365032988,"{'SPY': 0.35, 'QQQ': 0.2, 'IWM': 0.15, 'HYG': 0.1, 'DBC': 0.1, 'GLD': 0.1}",0.0
1408406400000,2014-08-19,257143.44654752038,"{'SPY': 0.35, 'QQQ': 0.2, 'IWM': 0.15, 'HYG': 0.1, 'DBC': 0.1, 'GLD': 0.1}",0.0
1408492800000,2014-08-20,257216.97509671017,"{'SPY': 0.35, 'QQQ': 0.2, 'IWM': 0.15, 'HYG': 0.1, 'DBC': 0.1, 'GLD': 0.1}",0.0
1408579200000,2014-08-21,257452.29108787334,"{'SPY': 0.35, 'QQQ': 0.2, 'IWM': 0.15, 'HYG': 0.1, 'DBC': 0.1, 'GLD': 0.1}",0.0
1408665600000,2014-08-22,257354.61328337842,"{'SPY': 0.35, 'QQQ': 0.2, 'IWM': 0.15, 'HYG': 0.1, 'DBC': 0.1, 'GLD': 0.1}",0.0
1408924800000,2014-08-25,258176.19531306933,"{'SPY': 0.35, 'QQQ': 0.2, 'IWM': 0.15, 'HYG': 0.1, 'DBC': 0.1, 'GLD': 0.1}",0.0
1409011200000,2014-08-26,258795.92632287616,"{'SPY': 0.35, 'QQQ': 0.2, 'IWM': 0.15, 'HYG': 0.1, 'DBC': 0.1, 'GLD': 0.1}",0.0
1409097600000,2014-08-27,258684.37620573287,"{'SPY': 0.35, 'QQQ': 0.2, 'IWM': 0.15, 'HYG': 0.1, 'DBC': 0.1, 'GLD': 0.1}",0.0
1409184000000,2014-08-28,258502.57054122497,"{'SPY': 0.35, 'QQQ': 0.2, 'IWM': 0.15, 'HYG': 0.1, 'DBC': 0.1, 'GLD': 0.1}",0.0
1409270400000,2014-08-29,259211.90471318914,"{'SPY': 0.35, 'QQQ': 0.2, 'IWM': 0.15, 'HYG': 0.1, 'DBC': 0.1, 'GLD': 0.1}",0.0
1409616000000,2014-09-02,258725.9222372078,"{'SPY': 0.35, 'QQQ': 0.2, 'IWM': 0.15, 'HYG': 0.1, 'DBC': 0.1, 'GLD': 0.1}",0.0
1409702400000,2014-09-03,258271.2361775429,"{'SPY': 0.35, 'QQQ': 0.2, 'IWM': 0.15, 'HYG': 0.1, 'DBC': 0.1, 'GLD': 0.1}",0.0
1409788800000,2014-09-04,257612.70549932952,"{'SPY': 0.35, 'QQQ': 0.2, 'IWM': 0.15, 'HYG': 0.1, 'DBC': 0.1, 'GLD': 0.1}",0.0
1409875200000,2014-09-05,258451.29492615067,"{'SPY': 0.35, 'QQQ': 0.2, 'IWM': 0.15, 'HYG': 0.1, 'DBC': 0.1, 'GLD': 0.1}",0.0
1410134400000,2014-09-08,257943.22820833672,"{'SPY': 0.35, 'QQQ': 0.2, 'IWM': 0.15, 'HYG': 0.1, 'DBC': 0.1, 'GLD': 0.1}",0.0
1410220800000,2014-09-09,256186.1212782612,"{'SPY': 0.35, 'QQQ': 0.2, 'IWM': 0.15, 'HYG': 0.1, 'DBC': 0.1, 'GLD': 0.1}",0.0
1410307200000,2014-09-10,256876.2704835879,"{'SPY': 0.35, 'QQQ': 0.2, 'IWM': 0.15, 'HYG': 0.1, 'DBC': 0.1, 'GLD': 0.1}",0.0
1410393600000,2014-09-11,256891.56346999164,"{'SPY': 0.35, 'QQQ': 0.2, 'IWM': 0.15, 'HYG': 0.1, 'DBC': 0.1, 'GLD': 0.1}",0.0
1410480000000,2014-09-12,255226.51616173395,"{'SPY': 0.35, 'QQQ': 0.2, 'IWM': 0.15, 'HYG': 0.1, 'DBC': 0.1, 'GLD': 0.1}",0.0
1410739200000,2014-09-15,254289.88853965816,"{'SPY': 0.35, 'QQQ': 0.2, 'IWM': 0.15, 'HYG': 0.1, 'DBC': 0.1, 'GLD': 0.1}",0.0
1410825600000,2014-09-16,255839.11453584975,"{'SPY': 0.35, 'QQQ': 0.2, 'IWM': 0.15, 'HYG': 0.1, 'DBC': 0.1, 'GLD': 0.1}",0.0
1410912000000,2014-09-17,255836.39264366424,"{'SPY': 0.35, 'QQQ': 0.2, 'IWM': 0.15, 'HYG': 0.1, 'DBC': 0.1, 'GLD': 0.1}",0.0
1410998400000,2014-09-18,256748.50780348596,"{'SPY': 0.35, 'QQQ': 0.2, 'IWM': 0.15, 'HYG': 0.1, 'DBC': 0.1, 'GLD': 0.1}",0.0
1411084800000,2014-09-19,255961.13251114293,"{'SPY': 0.35, 'QQQ': 0.2, 'IWM': 0.15, 'HYG': 0.1, 'DBC': 0.1, 'GLD': 0.1}",0.0
1411344000000,2014-09-22,253938.74225447088,"{'SPY': 0.35, 'QQQ': 0.2, 'IWM': 0.15, 'HYG': 0.1, 'DBC': 0.1, 'GLD': 0.1}",0.0
1411430400000,2014-09-23,252970.21871802243,"{'SPY': 0.35, 'QQQ': 0.2, 'IWM': 0.15, 'HYG': 0.1, 'DBC': 0.1, 'GLD': 0.1}",0.0
1411516800000,2014-09-24,254462.60830044554,"{'SPY': 0.35, 'QQQ': 0.2, 'IWM': 0.15, 'HYG': 0.1, 'DBC': 0.1, 'GLD': 0.1}",0.0
1411603200000,2014-09-25,251157.25802486096,"{'SPY': 0.35, 'QQQ': 0.2, 'IWM': 0.15, 'HYG': 0.1, 'DBC': 0.1, 'GLD': 0.1}",0.0
1411689600000,2014-09-26,252599.10517551118,"{'SPY': 0.35, 'QQQ': 0.2, 'IWM': 0.15, 'HYG': 0.1, 'DBC': 0.1, 'GLD': 0.1}",0.0
1411948800000,2014-09-29,252432.7371264288,"{'SPY': 0.35, 'QQQ': 0.2, 'IWM': 0.15, 'HYG': 0.1, 'DBC': 0.1, 'GLD': 0.1}",0.0
1412035200000,2014-09-30,251247.03195647194,"{'SPY': 0.35, 'QQQ': 0.2, 'IWM': 0.15, 'HYG': 0.1, 'DBC': 0.1, 'GLD': 0.1}",0.0
1412121600000,2014-10-01,248779.68993840102,"{'SPY': 0.35, 'QQQ': 0.2, 'IWM': 0.15, 'HYG': 0.1, 'DBC': 0.1, 'GLD': 0.1}",0.0
1412208000000,2014-10-02,249095.38426816402,"{'SPY': 0.35, 'QQQ': 0.2, 'IWM': 0.15, 'HYG': 0.1, 'DBC': 0.1, 'GLD': 0.1}",0.0
1412294400000,2014-10-03,250220.56695322864,"{'SPY': 0.35, 'QQQ': 0.2, 'IWM': 0.15, 'HYG': 0.1, 'DBC': 0.1, 'GLD': 0.1}",0.0
1412553600000,2014-10-06,250344.30351989015,"{'SPY': 0.35, 'QQQ': 0.2, 'IWM': 0.15, 'HYG': 0.1, 'DBC': 0.1, 'GLD': 0.1}",0.0
1412640000000,2014-10-07,247541.72737216076,"{'SPY': 0.35, 'QQQ': 0.2, 'IWM': 0.15, 'HYG': 0.1, 'DBC': 0.1, 'GLD': 0.1}",0.0
1412726400000,2014-10-08,250990.68049951197,"{'SPY': 0.35, 'QQQ': 0.2, 'IWM': 0.15, 'HYG': 0.1, 'DBC': 0.1, 'GLD': 0.1}",0.0
1412812800000,2014-10-09,246896.47864989258,"{'SPY': 0.35, 'QQQ': 0.2, 'IWM': 0.15, 'HYG': 0.1, 'DBC': 0.1, 'GLD': 0.1}",0.0
1412899200000,2014-10-10,243928.21429735122,"{'SPY': 0.35, 'QQQ': 0.2, 'IWM': 0.15, 'HYG': 0.1, 'DBC': 0.1, 'GLD': 0.1}",0.0
1413158400000,2014-10-13,241686.31683604472,"{'SPY': 0.35, 'QQQ': 0.2, 'IWM': 0.15, 'HYG': 0.1, 'DBC': 0.1, 'GLD': 0.1}",0.0
1413244800000,2014-10-14,241977.2960654872,"{'SPY': 0.35, 'QQQ': 0.2, 'IWM': 0.15, 'HYG': 0.1, 'DBC': 0.1, 'GLD': 0.1}",0.0
1413331200000,2014-10-15,241238.93518610435,"{'SPY': 0.35, 'QQQ': 0.2, 'IWM': 0.15, 'HYG': 0.1, 'DBC': 0.1, 'GLD': 0.1}",0.0
1413417600000,2014-10-16,241695.02369871517,"{'SPY': 0.35, 'QQQ': 0.2, 'IWM': 0.15, 'HYG': 0.1, 'DBC': 0.1, 'GLD': 0.1}",0.0
1413504000000,2014-10-17,243468.74417538484,"{'SPY': 0.35, 'QQQ': 0.2, 'IWM': 0.15, 'HYG': 0.1, 'DBC': 0.1, 'GLD': 0.1}",0.0
1413763200000,2014-10-20,245617.96586965502,"{'SPY': 0.35, 'QQQ': 0.2, 'IWM': 0.15, 'HYG': 0.1, 'DBC': 0.1, 'GLD': 0.1}",0.0
1413849600000,2014-10-21,249662.58446600166,"{'SPY': 0.35, 'QQQ': 0.2, 'IWM': 0.15, 'HYG': 0.1, 'DBC': 0.1, 'GLD': 0.1}",0.0
1413936000000,2014-10-22,247663.2240871686,"{'SPY': 0.35, 'QQQ': 0.2, 'IWM': 0.15, 'HYG': 0.1, 'DBC': 0.1, 'GLD': 0.1}",0.0
1414022400000,2014-10-23,250185.5549046778,"{'SPY': 0.35, 'QQQ': 0.2, 'IWM': 0.15, 'HYG': 0.1, 'DBC': 0.1, 'GLD': 0.1}",0.0
1414108800000,2014-10-24,251210.26899053666,"{'SPY': 0.35, 'QQQ': 0.2, 'IWM': 0.15, 'HYG': 0.1, 'DBC': 0.1, 'GLD': 0.1}",0.0
1414368000000,2014-10-27,250872.2347467629,"{'SPY': 0.35, 'QQQ': 0.2, 'IWM': 0.15, 'HYG': 0.1, 'DBC': 0.1, 'GLD': 0.1}",0.0
1414454400000,2014-10-28,253961.69363894046,"{'SPY': 0.35, 'QQQ': 0.2, 'IWM': 0.15, 'HYG': 0.1, 'DBC': 0.1, 'GLD': 0.1}",0.0
1414540800000,2014-10-29,253463.3491657347,"{'SPY': 0.35, 'QQQ': 0.2, 'IWM': 0.15, 'HYG': 0.1, 'DBC': 0.1, 'GLD': 0.1}",0.0
1414627200000,2014-10-30,253972.1927965001,"{'SPY': 0.35, 'QQQ': 0.2, 'IWM': 0.15, 'HYG': 0.1, 'DBC': 0.1, 'GLD': 0.1}",0.0
1414713600000,2014-10-31,255680.10593680668,"{'SPY': 0.35, 'QQQ': 0.2, 'IWM': 0.15, 'HYG': 0.1, 'DBC': 0.1, 'GLD': 0.1}",0.0
1414972800000,2014-11-03,255523.36336918306,"{'SPY': 0.35, 'QQQ': 0.2, 'IWM': 0.15, 'HYG': 0.1, 'DBC': 0.1, 'GLD': 0.1}",0.0
1415059200000,2014-11-04,254430.42280983806,"{'SPY': 0.35, 'QQQ': 0.2, 'IWM': 0.15, 'HYG': 0.1, 'DBC': 0.1, 'GLD': 0.1}",0.0
1415145600000,2014-11-05,254580.62920436973,"{'SPY': 0.35, 'QQQ': 0.2, 'IWM': 0.15, 'HYG': 0.1, 'DBC': 0.1, 'GLD': 0.1}",0.0
1415232000000,2014-11-06,255373.22614690397,"{'SPY': 0.35, 'QQQ': 0.2, 'IWM': 0.15, 'HYG': 0.1, 'DBC': 0.1, 'GLD': 0.1}",0.0
1415318400000,2014-11-07,256330.52749457027,"{'SPY': 0.35, 'QQQ': 0.2, 'IWM': 0.15, 'HYG': 0.1, 'DBC': 0.1, 'GLD': 0.1}",0.0
1415577600000,2014-11-10,256182.3151112408,"{'SPY': 0.35, 'QQQ': 0.2, 'IWM': 0.15, 'HYG': 0.1, 'DBC': 0.1, 'GLD': 0.1}",0.0
1415664000000,2014-11-11,257011.39014052055,"{'SPY': 0.35, 'QQQ': 0.2, 'IWM': 0.15, 'HYG': 0.1, 'DBC': 0.1, 'GLD': 0.1}",0.0
1415750400000,2014-11-12,256889.62131770895,"{'SPY': 0.35, 'QQQ': 0.2, 'IWM': 0.15, 'HYG': 0.1, 'DBC': 0.1, 'GLD': 0.1}",0.0
1415836800000,2014-11-13,256347.07205047403,"{'SPY': 0.35, 'QQQ': 0.2, 'IWM': 0.15, 'HYG': 0.1, 'DBC': 0.1, 'GLD': 0.1}",0.0
1415923200000,2014-11-14,257249.26802877962,"{'SPY': 0.35, 'QQQ': 0.2, 'IWM': 0.15, 'HYG': 0.1, 'DBC': 0.1, 'GLD': 0.1}",0.0
1416182400000,2014-11-17,256627.0841789105,"{'SPY': 0.35, 'QQQ': 0.2, 'IWM': 0.15, 'HYG': 0.1, 'DBC': 0.1, 'GLD': 0.1}",0.0
1416268800000,2014-11-18,257796.08044305022,"{'SPY': 0.35, 'QQQ': 0.2, 'IWM': 0.15, 'HYG': 0.1, 'DBC': 0.1, 'GLD': 0.1}",0.0
1416355200000,2014-11-19,256560.62844875827,"{'SPY': 0.35, 'QQQ': 0.2, 'IWM': 0.15, 'HYG': 0.1, 'DBC': 0.1, 'GLD': 0.1}",0.0
1416441600000,2014-11-20,257863.6225333501,"{'SPY': 0.35, 'QQQ': 0.2, 'IWM': 0.15, 'HYG': 0.1, 'DBC': 0.1, 'GLD': 0.1}",0.0
1416528000000,2014-11-21,259028.47951260087,"{'SPY': 0.35, 'QQQ': 0.2, 'IWM': 0.15, 'HYG': 0.1, 'DBC': 0.1, 'GLD': 0.1}",0.0
1416787200000,2014-11-24,259858.12139786637,"{'SPY': 0.35, 'QQQ': 0.2, 'IWM': 0.15, 'HYG': 0.1, 'DBC': 0.1, 'GLD': 0.1}",0.0
1416873600000,2014-11-25,259884.34396204512,"{'SPY': 0.35, 'QQQ': 0.2, 'IWM': 0.15, 'HYG': 0.1, 'DBC': 0.1, 'GLD': 0.1}",0.0
1416960000000,2014-11-26,260506.82354941644,"{'SPY': 0.35, 'QQQ': 0.2, 'IWM': 0.15, 'HYG': 0.1, 'DBC': 0.1, 'GLD': 0.1}",0.0
1417132800000,2014-11-28,257688.1795976827,"{'SPY': 0.2, 'QQQ': 0.1, 'TLT': 0.25, 'IEF': 0.2, 'GLD': 0.15, 'SHY': 0.1}",0.0
1417392000000,2014-12-01,258076.8745938138,"{'SPY': 0.2, 'QQQ': 0.1, 'TLT': 0.25, 'IEF': 0.2, 'GLD': 0.15, 'SHY': 0.1}",0.0
1417478400000,2014-12-02,257164.55827280818,"{'SPY': 0.2, 'QQQ': 0.1, 'TLT': 0.25, 'IEF': 0.2, 'GLD': 0.15, 'SHY': 0.1}",0.0
1417564800000,2014-12-03,258066.87799724826,"{'SPY': 0.2, 'QQQ': 0.1, 'TLT': 0.25, 'IEF': 0.2, 'GLD': 0.15, 'SHY': 0.1}",0.0
1417651200000,2014-12-04,258583.82577135568,"{'SPY': 0.2, 'QQQ': 0.1, 'TLT': 0.25, 'IEF': 0.2, 'GLD': 0.15, 'SHY': 0.1}",0.0
1417737600000,2014-12-05,257471.20155944876,"{'SPY': 0.2, 'QQQ': 0.1, 'TLT': 0.25, 'IEF': 0.2, 'GLD': 0.15, 'SHY': 0.1}",0.0
1417996800000,2014-12-08,258354.63689621387,"{'SPY': 0.2, 'QQQ': 0.1, 'TLT': 0.25, 'IEF': 0.2, 'GLD': 0.15, 'SHY': 0.1}",0.0
1418083200000,2014-12-09,259740.04908481453,"{'SPY': 0.2, 'QQQ': 0.1, 'TLT': 0.25, 'IEF': 0.2, 'GLD': 0.15, 'SHY': 0.1}",0.0
1418169600000,2014-12-10,259154.5642400857,"{'SPY': 0.2, 'QQQ': 0.1, 'TLT': 0.25, 'IEF': 0.2, 'GLD': 0.15, 'SHY': 0.1}",0.0
1418256000000,2014-12-11,259617.53260584892,"{'SPY': 0.2, 'QQQ': 0.1, 'TLT': 0.25, 'IEF': 0.2, 'GLD': 0.15, 'SHY': 0.1}",0.0
1418342400000,2014-12-12,259733.50804651357,"{'SPY': 0.2, 'QQQ': 0.1, 'TLT': 0.25, 'IEF': 0.2, 'GLD': 0.15, 'SHY': 0.1}",0.0
1418601600000,2014-12-15,257764.99536996425,"{'SPY': 0.2, 'QQQ': 0.1, 'TLT': 0.25, 'IEF': 0.2, 'GLD': 0.15, 'SHY': 0.1}",0.0
1418688000000,2014-12-16,258201.2671772341,"{'SPY': 0.2, 'QQQ': 0.1, 'TLT': 0.25, 'IEF': 0.2, 'GLD': 0.15, 'SHY': 0.1}",0.0
1418774400000,2014-12-17,258491.82431702298,"{'SPY': 0.2, 'QQQ': 0.1, 'TLT': 0.25, 'IEF': 0.2, 'GLD': 0.15, 'SHY': 0.1}",0.0
1418860800000,2014-12-18,259234.28938253343,"{'SPY': 0.2, 'QQQ': 0.1, 'TLT': 0.25, 'IEF': 0.2, 'GLD': 0.15, 'SHY': 0.1}",0.0
1418947200000,2014-12-19,260484.74003275824,"{'SPY': 0.2, 'QQQ': 0.1, 'TLT': 0.25, 'IEF': 0.2, 'GLD': 0.15, 'SHY': 0.1}",0.0
1419206400000,2014-12-22,260127.68477353326,"{'SPY': 0.2, 'QQQ': 0.1, 'TLT': 0.25, 'IEF': 0.2, 'GLD': 0.15, 'SHY': 0.1}",0.0
1419292800000,2014-12-23,258423.05509764137,"{'SPY': 0.2, 'QQQ': 0.1, 'TLT': 0.25, 'IEF': 0.2, 'GLD': 0.15, 'SHY': 0.1}",0.0
1419379200000,2014-12-24,258862.82193382745,"{'SPY': 0.2, 'QQQ': 0.1, 'TLT': 0.25, 'IEF': 0.2, 'GLD': 0.15, 'SHY': 0.1}",0.0
1419552000000,2014-12-26,260222.5785168279,"{'SPY': 0.2, 'QQQ': 0.1, 'TLT': 0.25, 'IEF': 0.2, 'GLD': 0.15, 'SHY': 0.1}",0.0
1419811200000,2014-12-29,260581.99005648957,"{'SPY': 0.2, 'QQQ': 0.1, 'TLT': 0.25, 'IEF': 0.2, 'GLD': 0.15, 'SHY': 0.1}",0.0
1419897600000,2014-12-30,260899.86643478787,"{'SPY': 0.2, 'QQQ': 0.1, 'TLT': 0.25, 'IEF': 0.2, 'GLD': 0.15, 'SHY': 0.1}",0.0
1419984000000,2014-12-31,259738.6152003213,"{'SPY': 0.2, 'QQQ': 0.1, 'TLT': 0.25, 'IEF': 0.2, 'GLD': 0.15, 'SHY': 0.1}",0.0
1420156800000,2015-01-02,260818.56259807883,"{'SPY': 0.2, 'QQQ': 0.1, 'TLT': 0.25, 'IEF': 0.2, 'GLD': 0.15, 'SHY': 0.1}",0.0
1420416000000,2015-01-05,261426.32114927316,"{'SPY': 0.2, 'QQQ': 0.1, 'TLT': 0.25, 'IEF': 0.2, 'GLD': 0.15, 'SHY': 0.1}",0.0
1420502400000,2015-01-06,262571.4908929544,"{'SPY': 0.2, 'QQQ': 0.1, 'TLT': 0.25, 'IEF': 0.2, 'GLD': 0.15, 'SHY': 0.1}",0.0
1420588800000,2015-01-07,263205.38211006107,"{'SPY': 0.2, 'QQQ': 0.1, 'TLT': 0.25, 'IEF': 0.2, 'GLD': 0.15, 'SHY': 0.1}",0.0
1420675200000,2015-01-08,263387.8458907254,"{'SPY': 0.2, 'QQQ': 0.1, 'TLT': 0.25, 'IEF': 0.2, 'GLD': 0.15, 'SHY': 0.1}",0.0
1420761600000,2015-01-09,264245.00141763594,"{'SPY': 0.2, 'QQQ': 0.1, 'TLT': 0.25, 'IEF': 0.2, 'GLD': 0.15, 'SHY': 0.1}",0.0
1421020800000,2015-01-12,264574.5129034764,"{'SPY': 0.2, 'QQQ': 0.1, 'TLT': 0.25, 'IEF': 0.2, 'GLD': 0.15, 'SHY': 0.1}",0.0
1421107200000,2015-01-13,264348.44827643246,"{'SPY': 0.2, 'QQQ': 0.1, 'TLT': 0.25, 'IEF': 0.2, 'GLD': 0.15, 'SHY': 0.1}",0.0
1421193600000,2015-01-14,264580.3523885901,"{'SPY': 0.2, 'QQQ': 0.1, 'TLT': 0.25, 'IEF': 0.2, 'GLD': 0.15, 'SHY': 0.1}",0.0
1421280000000,2015-01-15,266284.54948456,"{'SPY': 0.2, 'QQQ': 0.1, 'TLT': 0.25, 'IEF': 0.2, 'GLD': 0.15, 'SHY': 0.1}",0.0
1421366400000,2015-01-16,266551.0654751218,"{'SPY': 0.2, 'QQQ': 0.1, 'TLT': 0.25, 'IEF': 0.2, 'GLD': 0.15, 'SHY': 0.1}",0.0
1421712000000,2015-01-20,268419.7135213166,"{'SPY': 0.2, 'QQQ': 0.1, 'TLT': 0.25, 'IEF': 0.2, 'GLD': 0.15, 'SHY': 0.1}",0.0
1421798400000,2015-01-21,267806.7377875875,"{'SPY': 0.2, 'QQQ': 0.1, 'TLT': 0.25, 'IEF': 0.2, 'GLD': 0.15, 'SHY': 0.1}",0.0
1421884800000,2015-01-22,269038.8652844431,"{'SPY': 0.2, 'QQQ': 0.1, 'TLT': 0.25, 'IEF': 0.2, 'GLD': 0.15, 'SHY': 0.1}",0.0
1421971200000,2015-01-23,269781.89391080843,"{'SPY': 0.2, 'QQQ': 0.1, 'TLT': 0.25, 'IEF': 0.2, 'GLD': 0.15, 'SHY': 0.1}",0.0
1422230400000,2015-01-26,269128.78836087056,"{'SPY': 0.2, 'QQQ': 0.1, 'TLT': 0.25, 'IEF': 0.2, 'GLD': 0.15, 'SHY': 0.1}",0.0
1422316800000,2015-01-27,268378.8632474986,"{'SPY': 0.2, 'QQQ': 0.1, 'TLT': 0.25, 'IEF': 0.2, 'GLD': 0.15, 'SHY': 0.1}",0.0
1422403200000,2015-01-28,268764.86800174776,"{'SPY': 0.2, 'QQQ': 0.1, 'TLT': 0.25, 'IEF': 0.2, 'GLD': 0.15, 'SHY': 0.1}",0.0
1422489600000,2015-01-29,268008.8428153586,"{'SPY': 0.2, 'QQQ': 0.1, 'TLT': 0.25, 'IEF': 0.2, 'GLD': 0.15, 'SHY': 0.1}",0.0
1422576000000,2015-01-30,269631.24118610716,"{'TLT': 0.45, 'IEF': 0.25, 'GLD': 0.15, 'SHY': 0.15}",0.0
1422835200000,2015-02-02,268738.5352518882,"{'TLT': 0.45, 'IEF': 0.25, 'GLD': 0.15, 'SHY': 0.15}",0.0
1422921600000,2015-02-03,265127.53850087564,"{'TLT': 0.45, 'IEF': 0.25, 'GLD': 0.15, 'SHY': 0.15}",0.0
1423008000000,2015-02-04,265619.478817592,"{'TLT': 0.45, 'IEF': 0.25, 'GLD': 0.15, 'SHY': 0.15}",0.0
1423094400000,2015-02-05,264119.27215211716,"{'TLT': 0.45, 'IEF': 0.25, 'GLD': 0.15, 'SHY': 0.15}",0.0
1423180800000,2015-02-06,260158.76607205922,"{'TLT': 0.45, 'IEF': 0.25, 'GLD': 0.15, 'SHY': 0.15}",0.0
1423440000000,2015-02-09,260110.64515087308,"{'TLT': 0.45, 'IEF': 0.25, 'GLD': 0.15, 'SHY': 0.15}",0.0
1423526400000,2015-02-10,258778.33093250784,"{'TLT': 0.45, 'IEF': 0.25, 'GLD': 0.15, 'SHY': 0.15}",0.0
1423612800000,2015-02-11,258515.5554616429,"{'TLT': 0.45, 'IEF': 0.25, 'GLD': 0.15, 'SHY': 0.15}",0.0
1423699200000,2015-02-12,258257.8890229358,"{'TLT': 0.45, 'IEF': 0.25, 'GLD': 0.15, 'SHY': 0.15}",0.0
1423785600000,2015-02-13,257059.66825731212,"{'TLT': 0.45, 'IEF': 0.25, 'GLD': 0.15, 'SHY': 0.15}",0.0
1424131200000,2015-02-17,254200.29661193807,"{'TLT': 0.45, 'IEF': 0.25, 'GLD': 0.15, 'SHY': 0.15}",0.0
1424217600000,2015-02-18,255337.82381618995,"{'TLT': 0.45, 'IEF': 0.25, 'GLD': 0.15, 'SHY': 0.15}",0.0
1424304000000,2015-02-19,254262.45936870322,"{'TLT': 0.45, 'IEF': 0.25, 'GLD': 0.15, 'SHY': 0.15}",0.0
1424390400000,2015-02-20,254340.6633555593,"{'TLT': 0.45, 'IEF': 0.25, 'GLD': 0.15, 'SHY': 0.15}",0.0
1424649600000,2015-02-23,256012.12930441322,"{'TLT': 0.45, 'IEF': 0.25, 'GLD': 0.15, 'SHY': 0.15}",0.0
1424736000000,2015-02-24,257923.82289431553,"{'TLT': 0.45, 'IEF': 0.25, 'GLD': 0.15, 'SHY': 0.15}",0.0
1424822400000,2015-02-25,258632.4922655282,"{'TLT': 0.45, 'IEF': 0.25, 'GLD': 0.15, 'SHY': 0.15}",0.0
1424908800000,2015-02-26,256745.7483770554,"{'TLT': 0.45, 'IEF': 0.25, 'GLD': 0.15, 'SHY': 0.15}",0.0
1424995200000,2015-02-27,257987.97612541332,"{'TLT': 0.45, 'IEF': 0.25, 'GLD': 0.15, 'SHY': 0.15}",0.0
1425254400000,2015-03-02,255154.0227478709,"{'TLT': 0.45, 'IEF': 0.25, 'GLD': 0.15, 'SHY': 0.15}",0.0
1425340800000,2015-03-03,254521.66199579148,"{'TLT': 0.45, 'IEF': 0.25, 'GLD': 0.15, 'SHY': 0.15}",0.0
1425427200000,2015-03-04,254495.7367197234,"{'TLT': 0.45, 'IEF': 0.25, 'GLD': 0.15, 'SHY': 0.15}",0.0
1425513600000,2015-03-05,254363.71076554002,"{'TLT': 0.45, 'IEF': 0.25, 'GLD': 0.15, 'SHY': 0.15}",0.0
1425600000000,2015-03-06,250102.32635532157,"{'TLT': 0.45, 'IEF': 0.25, 'GLD': 0.15, 'SHY': 0.15}",0.0
1425859200000,2015-03-09,251486.19545032657,"{'TLT': 0.45, 'IEF': 0.25, 'GLD': 0.15, 'SHY': 0.15}",0.0
1425945600000,2015-03-10,253065.8753374146,"{'TLT': 0.45, 'IEF': 0.25, 'GLD': 0.15, 'SHY': 0.15}",0.0
1426032000000,2015-03-11,253780.25166129388,"{'TLT': 0.45, 'IEF': 0.25, 'GLD': 0.15, 'SHY': 0.15}",0.0
1426118400000,2015-03-12,253757.61324979478,"{'TLT': 0.45, 'IEF': 0.25, 'GLD': 0.15, 'SHY': 0.15}",0.0
1426204800000,2015-03-13,253371.63877739318,"{'TLT': 0.45, 'IEF': 0.25, 'GLD': 0.15, 'SHY': 0.15}",0.0
1426464000000,2015-03-16,254669.8042786358,"{'TLT': 0.45, 'IEF': 0.25, 'GLD': 0.15, 'SHY': 0.15}",0.0
1426550400000,2015-03-17,255534.37324028503,"{'TLT': 0.45, 'IEF': 0.25, 'GLD': 0.15, 'SHY': 0.15}",0.0
1426636800000,2015-03-18,259329.1428462054,"{'TLT': 0.45, 'IEF': 0.25, 'GLD': 0.15, 'SHY': 0.15}",0.0
1426723200000,2015-03-19,258351.3092123185,"{'TLT': 0.45, 'IEF': 0.25, 'GLD': 0.15, 'SHY': 0.15}",0.0
1426809600000,2015-03-20,259697.13193988343,"{'TLT': 0.45, 'IEF': 0.25, 'GLD': 0.15, 'SHY': 0.15}",0.0
1427068800000,2015-03-23,259899.6452257059,"{'TLT': 0.45, 'IEF': 0.25, 'GLD': 0.15, 'SHY': 0.15}",0.0
1427155200000,2015-03-24,261337.41737358502,"{'TLT': 0.45, 'IEF': 0.25, 'GLD': 0.15, 'SHY': 0.15}",0.0
1427241600000,2015-03-25,260107.50351316406,"{'TLT': 0.45, 'IEF': 0.25, 'GLD': 0.15, 'SHY': 0.15}",0.0
1427328000000,2015-03-26,258153.13734958984,"{'TLT': 0.45, 'IEF': 0.25, 'GLD': 0.15, 'SHY': 0.15}",0.0
1427414400000,2015-03-27,259731.70847791623,"{'TLT': 0.45, 'IEF': 0.25, 'GLD': 0.15, 'SHY': 0.15}",0.0
1427673600000,2015-03-30,258697.90788952727,"{'TLT': 0.45, 'IEF': 0.25, 'GLD': 0.15, 'SHY': 0.15}",0.0
1427760000000,2015-03-31,259116.6283598693,"{'TLT': 0.45, 'IEF': 0.25, 'GLD': 0.15, 'SHY': 0.15}",0.0
1427846400000,2015-04-01,261636.82949501302,"{'TLT': 0.45, 'IEF': 0.25, 'GLD': 0.15, 'SHY': 0.15}",0.0
1427932800000,2015-04-02,260089.6065090451,"{'TLT': 0.45, 'IEF': 0.25, 'GLD': 0.15, 'SHY': 0.15}",0.0
1428278400000,2015-04-06,260029.31851877828,"{'TLT': 0.45, 'IEF': 0.25, 'GLD': 0.15, 'SHY': 0.15}",0.0
1428364800000,2015-04-07,260842.9324602928,"{'TLT': 0.45, 'IEF': 0.25, 'GLD': 0.15, 'SHY': 0.15}",0.0
1428451200000,2015-04-08,260603.1145635055,"{'TLT': 0.45, 'IEF': 0.25, 'GLD': 0.15, 'SHY': 0.15}",0.0
1428537600000,2015-04-09,258534.0239516331,"{'TLT': 0.45, 'IEF': 0.25, 'GLD': 0.15, 'SHY': 0.15}",0.0
1428624000000,2015-04-10,259117.33334923376,"{'TLT': 0.45, 'IEF': 0.25, 'GLD': 0.15, 'SHY': 0.15}",0.0
1428883200000,2015-04-13,259155.84756951898,"{'TLT': 0.45, 'IEF': 0.25, 'GLD': 0.15, 'SHY': 0.15}",0.0
1428969600000,2015-04-14,259955.90531234373,"{'TLT': 0.45, 'IEF': 0.25, 'GLD': 0.15, 'SHY': 0.15}",0.0
1429056000000,2015-04-15,260230.68877973277,"{'TLT': 0.45, 'IEF': 0.25, 'GLD': 0.15, 'SHY': 0.15}",0.0
1429142400000,2015-04-16,259578.89034387673,"{'TLT': 0.45, 'IEF': 0.25, 'GLD': 0.15, 'SHY': 0.15}",0.0
1429228800000,2015-04-17,261224.01356124875,"{'TLT': 0.45, 'IEF': 0.25, 'GLD': 0.15, 'SHY': 0.15}",0.0
1429488000000,2015-04-20,259763.9243527845,"{'TLT': 0.45, 'IEF': 0.25, 'GLD': 0.15, 'SHY': 0.15}",0.0
1429574400000,2015-04-21,259326.02956782552,"{'TLT': 0.45, 'IEF': 0.25, 'GLD': 0.15, 'SHY': 0.15}",0.0
1429660800000,2015-04-22,256613.61002669614,"{'TLT': 0.45, 'IEF': 0.25, 'GLD': 0.15, 'SHY': 0.15}",0.0
1429747200000,2015-04-23,257605.96970720854,"{'TLT': 0.45, 'IEF': 0.25, 'GLD': 0.15, 'SHY': 0.15}",0.0
1429833600000,2015-04-24,258026.0510135162,"{'TLT': 0.45, 'IEF': 0.25, 'GLD': 0.15, 'SHY': 0.15}",0.0
1430092800000,2015-04-27,258701.12498622396,"{'TLT': 0.45, 'IEF': 0.25, 'GLD': 0.15, 'SHY': 0.15}",0.0
1430179200000,2015-04-28,257115.60243672307,"{'TLT': 0.45, 'IEF': 0.25, 'GLD': 0.15, 'SHY': 0.15}",0.0
1430265600000,2015-04-29,255192.17090620624,"{'TLT': 0.45, 'IEF': 0.25, 'GLD': 0.15, 'SHY': 0.15}",0.0
1430352000000,2015-04-30,254694.75347388146,"{'TLT': 0.45, 'IEF': 0.25, 'GLD': 0.15, 'SHY': 0.15}",0.0
1430438400000,2015-05-01,252656.76200081446,"{'TLT': 0.45, 'IEF': 0.25, 'GLD': 0.15, 'SHY': 0.15}",0.0
1430697600000,2015-05-04,251795.71182233308,"{'TLT': 0.45, 'IEF': 0.25, 'GLD': 0.15, 'SHY': 0.15}",0.0
1430784000000,2015-05-05,251629.5335712144,"{'TLT': 0.45, 'IEF': 0.25, 'GLD': 0.15, 'SHY': 0.15}",0.0
1430870400000,2015-05-06,249350.34454079557,"{'TLT': 0.45, 'IEF': 0.25, 'GLD': 0.15, 'SHY': 0.15}",0.0
1430956800000,2015-05-07,250802.4041145064,"{'TLT': 0.45, 'IEF': 0.25, 'GLD': 0.15, 'SHY': 0.15}",0.0
1431043200000,2015-05-08,251584.7649731644,"{'TLT': 0.45, 'IEF': 0.25, 'GLD': 0.15, 'SHY': 0.15}",0.0
1431302400000,2015-05-11,248030.80471682834,"{'TLT': 0.45, 'IEF': 0.25, 'GLD': 0.15, 'SHY': 0.15}",0.0
1431388800000,2015-05-12,248689.4674169395,"{'TLT': 0.45, 'IEF': 0.25, 'GLD': 0.15, 'SHY': 0.15}",0.0
1431475200000,2015-05-13,248396.14734447244,"{'TLT': 0.45, 'IEF': 0.25, 'GLD': 0.15, 'SHY': 0.15}",0.0
1431561600000,2015-05-14,249145.31977381287,"{'TLT': 0.45, 'IEF': 0.25, 'GLD': 0.15, 'SHY': 0.15}",0.0
1431648000000,2015-05-15,251951.53400158224,"{'TLT': 0.45, 'IEF': 0.25, 'GLD': 0.15, 'SHY': 0.15}",0.0
1431907200000,2015-05-18,249598.99455636562,"{'TLT': 0.45, 'IEF': 0.25, 'GLD': 0.15, 'SHY': 0.15}",0.0
1431993600000,2015-05-19,247785.03531245474,"{'TLT': 0.45, 'IEF': 0.25, 'GLD': 0.15, 'SHY': 0.15}",0.0
1432080000000,2015-05-20,248182.3709996991,"{'TLT': 0.45, 'IEF': 0.25, 'GLD': 0.15, 'SHY': 0.15}",0.0
1432166400000,2015-05-21,250001.9620051907,"{'TLT': 0.45, 'IEF': 0.25, 'GLD': 0.15, 'SHY': 0.15}",0.0
1432252800000,2015-05-22,249852.0569669929,"{'TLT': 0.45, 'IEF': 0.25, 'GLD': 0.15, 'SHY': 0.15}",0.0
1432598400000,2015-05-26,251620.6404680368,"{'TLT': 0.45, 'IEF': 0.25, 'GLD': 0.15, 'SHY': 0.15}",0.0
1432684800000,2015-05-27,251841.94297199766,"{'TLT': 0.45, 'IEF': 0.25, 'GLD': 0.15, 'SHY': 0.15}",0.0
1432771200000,2015-05-28,251684.93520964263,"{'TLT': 0.45, 'IEF': 0.25, 'GLD': 0.15, 'SHY': 0.15}",0.0
1432857600000,2015-05-29,252005.33027802847,"{'TLT': 0.45, 'IEF': 0.25, 'GLD': 0.15, 'SHY': 0.15}",0.0
1433116800000,2015-06-01,250451.8197289501,"{'TLT': 0.45, 'IEF': 0.25, 'GLD': 0.15, 'SHY': 0.15}",0.0
1433203200000,2015-06-02,248590.5878816772,"{'TLT': 0.45, 'IEF': 0.25, 'GLD': 0.15, 'SHY': 0.15}",0.0
1433289600000,2015-06-03,245982.06442432816,"{'TLT': 0.45, 'IEF': 0.25, 'GLD': 0.15, 'SHY': 0.15}",0.0
1433376000000,2015-06-04,247467.5545926625,"{'TLT': 0.45, 'IEF': 0.25, 'GLD': 0.15, 'SHY': 0.15}",0.0
1433462400000,2015-06-05,245431.56777460015,"{'TLT': 0.45, 'IEF': 0.25, 'GLD': 0.15, 'SHY': 0.15}",0.0
1433721600000,2015-06-08,245527.66523630524,"{'TLT': 0.45, 'IEF': 0.25, 'GLD': 0.15, 'SHY': 0.15}",0.0
1433808000000,2015-06-09,244517.73667261362,"{'TLT': 0.45, 'IEF': 0.25, 'GLD': 0.15, 'SHY': 0.15}",0.0
1433894400000,2015-06-10,243623.43827210154,"{'TLT': 0.45, 'IEF': 0.25, 'GLD': 0.15, 'SHY': 0.15}",0.0
1433980800000,2015-06-11,246252.3542577708,"{'TLT': 0.45, 'IEF': 0.25, 'GLD': 0.15, 'SHY': 0.15}",0.0
1434067200000,2015-06-12,246198.54684827145,"{'TLT': 0.45, 'IEF': 0.25, 'GLD': 0.15, 'SHY': 0.15}",0.0
1434326400000,2015-06-15,246704.6409821067,"{'TLT': 0.45, 'IEF': 0.25, 'GLD': 0.15, 'SHY': 0.15}",0.0
1434412800000,2015-06-16,247693.62475251537,"{'TLT': 0.45, 'IEF': 0.25, 'GLD': 0.15, 'SHY': 0.15}",0.0
1434499200000,2015-06-17,247067.76286490503,"{'TLT': 0.45, 'IEF': 0.25, 'GLD': 0.15, 'SHY': 0.15}",0.0
1434585600000,2015-06-18,246962.3144113474,"{'TLT': 0.45, 'IEF': 0.25, 'GLD': 0.15, 'SHY': 0.15}",0.0
1434672000000,2015-06-19,248662.84187039736,"{'TLT': 0.45, 'IEF': 0.25, 'GLD': 0.15, 'SHY': 0.15}",0.0
1434931200000,2015-06-22,245350.2807947263,"{'TLT': 0.45, 'IEF': 0.25, 'GLD': 0.15, 'SHY': 0.15}",0.0
1435017600000,2015-06-23,244248.99180048826,"{'TLT': 0.45, 'IEF': 0.25, 'GLD': 0.15, 'SHY': 0.15}",0.0
1435104000000,2015-06-24,245297.87549575372,"{'TLT': 0.45, 'IEF': 0.25, 'GLD': 0.15, 'SHY': 0.15}",0.0
1435190400000,2015-06-25,244701.1523389043,"{'TLT': 0.45, 'IEF': 0.25, 'GLD': 0.15, 'SHY': 0.15}",0.0
1435276800000,2015-06-26,243188.46306874545,"{'TLT': 0.45, 'IEF': 0.25, 'GLD': 0.15, 'SHY': 0.15}",0.0
1435536000000,2015-06-29,247017.30237866536,"{'TLT': 0.45, 'IEF': 0.25, 'GLD': 0.15, 'SHY': 0.15}",0.0
1435622400000,2015-06-30,245847.2480749059,"{'TLT': 0.45, 'IEF': 0.25, 'GLD': 0.15, 'SHY': 0.15}",0.0
1435708800000,2015-07-01,243873.4534560384,"{'TLT': 0.45, 'IEF': 0.25, 'GLD': 0.15, 'SHY': 0.15}",0.0
1435795200000,2015-07-02,244434.65299157947,"{'TLT': 0.45, 'IEF': 0.25, 'GLD': 0.15, 'SHY': 0.15}",0.0
1436140800000,2015-07-06,247012.502383062,"{'TLT': 0.45, 'IEF': 0.25, 'GLD': 0.15, 'SHY': 0.15}",0.0
1436227200000,2015-07-07,247786.61650914693,"{'TLT': 0.45, 'IEF': 0.25, 'GLD': 0.15, 'SHY': 0.15}",0.0
1436313600000,2015-07-08,249145.86618214528,"{'TLT': 0.45, 'IEF': 0.25, 'GLD': 0.15, 'SHY': 0.15}",0.0
1436400000000,2015-07-09,246567.0307028896,"{'TLT': 0.45, 'IEF': 0.25, 'GLD': 0.15, 'SHY': 0.15}",0.0
1436486400000,2015-07-10,244388.77598673082,"{'TLT': 0.45, 'IEF': 0.25, 'GLD': 0.15, 'SHY': 0.15}",0.0
1436745600000,2015-07-13,243702.38365326554,"{'TLT': 0.45, 'IEF': 0.25, 'GLD': 0.15, 'SHY': 0.15}",0.0
1436832000000,2015-07-14,244190.18668153114,"{'TLT': 0.45, 'IEF': 0.25, 'GLD': 0.15, 'SHY': 0.15}",0.0
1436918400000,2015-07-15,245409.00267508722,"{'TLT': 0.45, 'IEF': 0.25, 'GLD': 0.15, 'SHY': 0.15}",0.0
1437004800000,2015-07-16,245997.2485657656,"{'TLT': 0.45, 'IEF': 0.25, 'GLD': 0.15, 'SHY': 0.15}",0.0
1437091200000,2015-07-17,246192.97457756853,"{'TLT': 0.45, 'IEF': 0.25, 'GLD': 0.15, 'SHY': 0.15}",0.0
1437350400000,2015-07-20,244578.8892353815,"{'TLT': 0.45, 'IEF': 0.25, 'GLD': 0.15, 'SHY': 0.15}",0.0
1437436800000,2015-07-21,245233.66245941794,"{'TLT': 0.45, 'IEF': 0.25, 'GLD': 0.15, 'SHY': 0.15}",0.0
1437523200000,2015-07-22,245793.19053944276,"{'TLT': 0.45, 'IEF': 0.25, 'GLD': 0.15, 'SHY': 0.15}",0.0
1437609600000,2015-07-23,247261.1240604679,"{'TLT': 0.45, 'IEF': 0.25, 'GLD': 0.15, 'SHY': 0.15}",0.0
1437696000000,2015-07-24,247966.624485809,"{'TLT': 0.45, 'IEF': 0.25, 'GLD': 0.15, 'SHY': 0.15}",0.0
1437955200000,2015-07-27,248622.5515470802,"{'TLT': 0.45, 'IEF': 0.25, 'GLD': 0.15, 'SHY': 0.15}",0.0
1438041600000,2015-07-28,247679.00429132712,"{'TLT': 0.45, 'IEF': 0.25, 'GLD': 0.15, 'SHY': 0.15}",0.0
1438128000000,2015-07-29,247221.69117696304,"{'TLT': 0.45, 'IEF': 0.25, 'GLD': 0.15, 'SHY': 0.15}",0.0
1438214400000,2015-07-30,247814.1395906984,"{'TLT': 0.45, 'IEF': 0.25, 'GLD': 0.15, 'SHY': 0.15}",0.0
1438300800000,2015-07-31,249277.09622659662,"{'TLT': 0.45, 'IEF': 0.25, 'GLD': 0.15, 'SHY': 0.15}",0.0
1438560000000,2015-08-03,250364.45337597682,"{'TLT': 0.45, 'IEF': 0.25, 'GLD': 0.15, 'SHY': 0.15}",0.0
1438646400000,2015-08-04,249166.05891508548,"{'TLT': 0.45, 'IEF': 0.25, 'GLD': 0.15, 'SHY': 0.15}",0.0
1438732800000,2015-08-05,247951.8900254101,"{'TLT': 0.45, 'IEF': 0.25, 'GLD': 0.15, 'SHY': 0.15}",0.0
1438819200000,2015-08-06,249333.02614102155,"{'TLT': 0.45, 'IEF': 0.25, 'GLD': 0.15, 'SHY': 0.15}",0.0
1438905600000,2015-08-07,251127.31713128032,"{'TLT': 0.45, 'IEF': 0.25, 'GLD': 0.15, 'SHY': 0.15}",0.0
1439164800000,2015-08-10,249853.21905473317,"{'TLT': 0.45, 'IEF': 0.25, 'GLD': 0.15, 'SHY': 0.15}",0.0
1439251200000,2015-08-11,252291.26357143544,"{'TLT': 0.45, 'IEF': 0.25, 'GLD': 0.15, 'SHY': 0.15}",0.0
1439337600000,2015-08-12,252179.50253967175,"{'TLT': 0.45, 'IEF': 0.25, 'GLD': 0.15, 'SHY': 0.15}",0.0
1439424000000,2015-08-13,251304.427098019,"{'TLT': 0.45, 'IEF': 0.25, 'GLD': 0.15, 'SHY': 0.15}",0.0
1439510400000,2015-08-14,251483.3528902448,"{'TLT': 0.45, 'IEF': 0.25, 'GLD': 0.15, 'SHY': 0.15}",0.0
1439769600000,2015-08-17,252228.08913027722,"{'TLT': 0.45, 'IEF': 0.25, 'GLD': 0.15, 'SHY': 0.15}",0.0
1439856000000,2015-08-18,251222.58108994755,"{'TLT': 0.45, 'IEF': 0.25, 'GLD': 0.15, 'SHY': 0.15}",0.0
1439942400000,2015-08-19,253265.26196805172,"{'TLT': 0.45, 'IEF': 0.25, 'GLD': 0.15, 'SHY': 0.15}",0.0
1440028800000,2015-08-20,255236.07723816705,"{'TLT': 0.45, 'IEF': 0.25, 'GLD': 0.15, 'SHY': 0.15}",0.0
1440115200000,2015-08-21,256118.16523179566,"{'TLT': 0.45, 'IEF': 0.25, 'GLD': 0.15, 'SHY': 0.15}",0.0
1440374400000,2015-08-24,255999.42604251855,"{'TLT': 0.45, 'IEF': 0.25, 'GLD': 0.15, 'SHY': 0.15}",0.0
1440460800000,2015-08-25,253304.4490925945,"{'TLT': 0.45, 'IEF': 0.25, 'GLD': 0.15, 'SHY': 0.15}",0.0
1440547200000,2015-08-26,250173.3107524845,"{'TLT': 0.45, 'IEF': 0.25, 'GLD': 0.15, 'SHY': 0.15}",0.0
1440633600000,2015-08-27,250228.1562778535,"{'TLT': 0.45, 'IEF': 0.25, 'GLD': 0.15, 'SHY': 0.15}",0.0
1440720000000,2015-08-28,250892.3917841211,"{'TLT': 0.45, 'IEF': 0.25, 'GLD': 0.15, 'SHY': 0.15}",0.0
1440979200000,2015-08-31,249947.31432875927,"{'TLT': 0.45, 'IEF': 0.25, 'GLD': 0.15, 'SHY': 0.15}",0.0
1441065600000,2015-09-01,251182.6630653829,"{'TLT': 0.45, 'IEF': 0.25, 'GLD': 0.15, 'SHY': 0.15}",0.0
1441152000000,2015-09-02,249848.13083362457,"{'TLT': 0.45, 'IEF': 0.25, 'GLD': 0.15, 'SHY': 0.15}",0.0
1441238400000,2015-09-03,250279.96465367972,"{'TLT': 0.45, 'IEF': 0.25, 'GLD': 0.15, 'SHY': 0.15}",0.0
1441324800000,2015-09-04,251384.49159131624,"{'TLT': 0.45, 'IEF': 0.25, 'GLD': 0.15, 'SHY': 0.15}",0.0
1441670400000,2015-09-08,249436.63529652316,"{'TLT': 0.45, 'IEF': 0.25, 'GLD': 0.15, 'SHY': 0.15}",0.0
1441756800000,2015-09-09,249506.07231384542,"{'TLT': 0.45, 'IEF': 0.25, 'GLD': 0.15, 'SHY': 0.15}",0.0
1441843200000,2015-09-10,248708.9101024356,"{'TLT': 0.45, 'IEF': 0.25, 'GLD': 0.15, 'SHY': 0.15}",0.0
1441929600000,2015-09-11,249513.8914602801,"{'TLT': 0.45, 'IEF': 0.25, 'GLD': 0.15, 'SHY': 0.15}",0.0
1442188800000,2015-09-14,249760.4558900382,"{'TLT': 0.45, 'IEF': 0.25, 'GLD': 0.15, 'SHY': 0.15}",0.0
1442275200000,2015-09-15,246949.01024583844,"{'TLT': 0.45, 'IEF': 0.25, 'GLD': 0.15, 'SHY': 0.15}",0.0
1442361600000,2015-09-16,247000.98113338678,"{'TLT': 0.45, 'IEF': 0.25, 'GLD': 0.15, 'SHY': 0.15}",0.0
1442448000000,2015-09-17,249334.09245064054,"{'TLT': 0.45, 'IEF': 0.25, 'GLD': 0.15, 'SHY': 0.15}",0.0
1442534400000,2015-09-18,251646.0077689866,"{'TLT': 0.45, 'IEF': 0.25, 'GLD': 0.15, 'SHY': 0.15}",0.0
1442793600000,2015-09-21,249185.1108255208,"{'TLT': 0.45, 'IEF': 0.25, 'GLD': 0.15, 'SHY': 0.15}",0.0
1442880000000,2015-09-22,250821.15182804118,"{'TLT': 0.45, 'IEF': 0.25, 'GLD': 0.15, 'SHY': 0.15}",0.0
1442966400000,2015-09-23,250878.46318854933,"{'TLT': 0.45, 'IEF': 0.25, 'GLD': 0.15, 'SHY': 0.15}",0.0
1443052800000,2015-09-24,252553.22879662382,"{'TLT': 0.45, 'IEF': 0.25, 'GLD': 0.15, 'SHY': 0.15}",0.0
1443139200000,2015-09-25,251154.7416214683,"{'TLT': 0.45, 'IEF': 0.25, 'GLD': 0.15, 'SHY': 0.15}",0.0
1443398400000,2015-09-28,252996.98750218248,"{'TLT': 0.45, 'IEF': 0.25, 'GLD': 0.15, 'SHY': 0.15}",0.0
1443484800000,2015-09-29,253400.9167165183,"{'TLT': 0.45, 'IEF': 0.25, 'GLD': 0.15, 'SHY': 0.15}",0.0
1443571200000,2015-09-30,252631.89808862816,"{'TLT': 0.45, 'IEF': 0.25, 'GLD': 0.15, 'SHY': 0.15}",0.0
1443657600000,2015-10-01,253120.01173755006,"{'TLT': 0.45, 'IEF': 0.25, 'GLD': 0.15, 'SHY': 0.15}",0.0
1443744000000,2015-10-02,254972.8863299082,"{'TLT': 0.45, 'IEF': 0.25, 'GLD': 0.15, 'SHY': 0.15}",0.0
1444003200000,2015-10-05,252958.91654052574,"{'TLT': 0.45, 'IEF': 0.25, 'GLD': 0.15, 'SHY': 0.15}",0.0
1444089600000,2015-10-06,253954.89662845462,"{'TLT': 0.45, 'IEF': 0.25, 'GLD': 0.15, 'SHY': 0.15}",0.0
1444176000000,2015-10-07,253351.89685524342,"{'TLT': 0.45, 'IEF': 0.25, 'GLD': 0.15, 'SHY': 0.15}",0.0
1444262400000,2015-10-08,252029.42769384835,"{'TLT': 0.45, 'IEF': 0.25, 'GLD': 0.15, 'SHY': 0.15}",0.0
1444348800000,2015-10-09,252961.467972885,"{'TLT': 0.45, 'IEF': 0.25, 'GLD': 0.15, 'SHY': 0.15}",0.0
1444608000000,2015-10-12,254180.80598336342,"{'TLT': 0.45, 'IEF': 0.25, 'GLD': 0.15, 'SHY': 0.15}",0.0
1444694400000,2015-10-13,254636.52715242,"{'TLT': 0.45, 'IEF': 0.25, 'GLD': 0.15, 'SHY': 0.15}",0.0
1444780800000,2015-10-14,256707.0851366129,"{'TLT': 0.45, 'IEF': 0.25, 'GLD': 0.15, 'SHY': 0.15}",0.0
1444867200000,2015-10-15,255723.7150872058,"{'TLT': 0.45, 'IEF': 0.25, 'GLD': 0.15, 'SHY': 0.15}",0.0
1444953600000,2015-10-16,255418.7165132781,"{'TLT': 0.45, 'IEF': 0.25, 'GLD': 0.15, 'SHY': 0.15}",0.0
1445212800000,2015-10-19,254927.2701303406,"{'TLT': 0.45, 'IEF': 0.25, 'GLD': 0.15, 'SHY': 0.15}",0.0
1445299200000,2015-10-20,254223.34068070198,"{'TLT': 0.45, 'IEF': 0.25, 'GLD': 0.15, 'SHY': 0.15}",0.0
1445385600000,2015-10-21,255253.34928550618,"{'TLT': 0.45, 'IEF': 0.25, 'GLD': 0.15, 'SHY': 0.15}",0.0
1445472000000,2015-10-22,255512.5698536379,"{'TLT': 0.45, 'IEF': 0.25, 'GLD': 0.15, 'SHY': 0.15}",0.0
1445558400000,2015-10-23,254074.47935635175,"{'TLT': 0.45, 'IEF': 0.25, 'GLD': 0.15, 'SHY': 0.15}",0.0
1445817600000,2015-10-26,254977.07180949653,"{'TLT': 0.45, 'IEF': 0.25, 'GLD': 0.15, 'SHY': 0.15}",0.0
1445904000000,2015-10-27,255522.88936012695,"{'TLT': 0.45, 'IEF': 0.25, 'GLD': 0.15, 'SHY': 0.15}",0.0
1445990400000,2015-10-28,254370.83219918996,"{'TLT': 0.45, 'IEF': 0.25, 'GLD': 0.15, 'SHY': 0.15}",0.0
1446076800000,2015-10-29,251767.12241883832,"{'TLT': 0.45, 'IEF': 0.25, 'GLD': 0.15, 'SHY': 0.15}",0.0
1446163200000,2015-10-30,252601.71707072432,"{'TLT': 0.45, 'IEF': 0.25, 'GLD': 0.15, 'SHY': 0.15}",0.0
1446422400000,2015-11-02,251629.92822086788,"{'TLT': 0.45, 'IEF': 0.25, 'GLD': 0.15, 'SHY': 0.15}",0.0
1446508800000,2015-11-03,249972.00276962947,"{'TLT': 0.45, 'IEF': 0.25, 'GLD': 0.15, 'SHY': 0.15}",0.0
1446595200000,2015-11-04,249643.66503957435,"{'TLT': 0.45, 'IEF': 0.25, 'GLD': 0.15, 'SHY': 0.15}",0.0
1446681600000,2015-11-05,249189.01734942064,"{'TLT': 0.45, 'IEF': 0.25, 'GLD': 0.15, 'SHY': 0.15}",0.0
1446768000000,2015-11-06,246542.56622306386,"{'TLT': 0.45, 'IEF': 0.25, 'GLD': 0.15, 'SHY': 0.15}",0.0
1447027200000,2015-11-09,245910.4614016662,"{'TLT': 0.45, 'IEF': 0.25, 'GLD': 0.15, 'SHY': 0.15}",0.0
1447113600000,2015-11-10,246294.42739515848,"{'TLT': 0.45, 'IEF': 0.25, 'GLD': 0.15, 'SHY': 0.15}",0.0
1447200000000,2015-11-11,245898.85026005082,"{'TLT': 0.45, 'IEF': 0.25, 'GLD': 0.15, 'SHY': 0.15}",0.0
1447286400000,2015-11-12,246486.58077627292,"{'TLT': 0.45, 'IEF': 0.25, 'GLD': 0.15, 'SHY': 0.15}",0.0
1447372800000,2015-11-13,247281.70882920147,"{'TLT': 0.45, 'IEF': 0.25, 'GLD': 0.15, 'SHY': 0.15}",0.0
1447632000000,2015-11-16,247314.95615561082,"{'TLT': 0.45, 'IEF': 0.25, 'GLD': 0.15, 'SHY': 0.15}",0.0
1447718400000,2015-11-17,246980.37001984857,"{'TLT': 0.45, 'IEF': 0.25, 'GLD': 0.15, 'SHY': 0.15}",0.0
1447804800000,2015-11-18,247202.62168018214,"{'TLT': 0.45, 'IEF': 0.25, 'GLD': 0.15, 'SHY': 0.15}",0.0
1447891200000,2015-11-19,248478.71611612162,"{'TLT': 0.45, 'IEF': 0.25, 'GLD': 0.15, 'SHY': 0.15}",0.0
1447977600000,2015-11-20,247885.12412711754,"{'TLT': 0.45, 'IEF': 0.25, 'GLD': 0.15, 'SHY': 0.15}",0.0
1448236800000,2015-11-23,248005.91697327996,"{'TLT': 0.45, 'IEF': 0.25, 'GLD': 0.15, 'SHY': 0.15}",0.0
1448323200000,2015-11-24,248302.51830708495,"{'TLT': 0.45, 'IEF': 0.25, 'GLD': 0.15, 'SHY': 0.15}",0.0
1448409600000,2015-11-25,248427.27623458972,"{'TLT': 0.45, 'IEF': 0.25, 'GLD': 0.15, 'SHY': 0.15}",0.0
1448582400000,2015-11-27,247949.4893900201,"{'TLT': 0.45, 'IEF': 0.25, 'GLD': 0.15, 'SHY': 0.15}",0.0
1448841600000,2015-11-30,248648.4572204394,"{'TLT': 0.45, 'IEF': 0.25, 'GLD': 0.15, 'SHY': 0.15}",0.0
1448928000000,2015-12-01,250644.7660860108,"{'TLT': 0.45, 'IEF': 0.25, 'GLD': 0.15, 'SHY': 0.15}",0.0
1449014400000,2015-12-02,249889.88390913006,"{'TLT': 0.45, 'IEF': 0.25, 'GLD': 0.15, 'SHY': 0.15}",0.0
1449100800000,2015-12-03,246574.47798690526,"{'TLT': 0.45, 'IEF': 0.25, 'GLD': 0.15, 'SHY': 0.15}",0.0
1449187200000,2015-12-04,248607.52533801552,"{'TLT': 0.45, 'IEF': 0.25, 'GLD': 0.15, 'SHY': 0.15}",0.0
1449446400000,2015-12-07,249404.36240379314,"{'TLT': 0.45, 'IEF': 0.25, 'GLD': 0.15, 'SHY': 0.15}",0.0
1449532800000,2015-12-08,249552.5055278198,"{'TLT': 0.45, 'IEF': 0.25, 'GLD': 0.15, 'SHY': 0.15}",0.0
1449619200000,2015-12-09,249467.1865048881,"{'TLT': 0.45, 'IEF': 0.25, 'GLD': 0.15, 'SHY': 0.15}",0.0
1449705600000,2015-12-10,249424.84284517285,"{'TLT': 0.45, 'IEF': 0.25, 'GLD': 0.15, 'SHY': 0.15}",0.0
1449792000000,2015-12-11,251941.7549935243,"{'TLT': 0.45, 'IEF': 0.25, 'GLD': 0.15, 'SHY': 0.15}",0.0
1450051200000,2015-12-14,249482.34422281024,"{'TLT': 0.45, 'IEF': 0.25, 'GLD': 0.15, 'SHY': 0.15}",0.0
1450137600000,2015-12-15,248558.34162770878,"{'TLT': 0.45, 'IEF': 0.25, 'GLD': 0.15, 'SHY': 0.15}",0.0
1450224000000,2015-12-16,248575.42001480277,"{'TLT': 0.45, 'IEF': 0.25, 'GLD': 0.15, 'SHY': 0.15}",0.0
1450310400000,2015-12-17,249282.41931344313,"{'TLT': 0.45, 'IEF': 0.25, 'GLD': 0.15, 'SHY': 0.15}",0.0
1450396800000,2015-12-18,250749.8204323033,"{'TLT': 0.45, 'IEF': 0.25, 'GLD': 0.15, 'SHY': 0.15}",0.0
1450656000000,2015-12-21,251156.50511703917,"{'TLT': 0.45, 'IEF': 0.25, 'GLD': 0.15, 'SHY': 0.15}",0.0
1450742400000,2015-12-22,249956.98155495405,"{'TLT': 0.45, 'IEF': 0.25, 'GLD': 0.15, 'SHY': 0.15}",0.0
1450828800000,2015-12-23,248846.79484173676,"{'TLT': 0.45, 'IEF': 0.25, 'GLD': 0.15, 'SHY': 0.15}",0.0
1450915200000,2015-12-24,249887.03938080466,"{'TLT': 0.45, 'IEF': 0.25, 'GLD': 0.15, 'SHY': 0.15}",0.0
1451260800000,2015-12-28,249925.20081955643,"{'TLT': 0.45, 'IEF': 0.25, 'GLD': 0.15, 'SHY': 0.15}",0.0
1451347200000,2015-12-29,247692.07022206817,"{'TLT': 0.45, 'IEF': 0.25, 'GLD': 0.15, 'SHY': 0.15}",0.0
1451433600000,2015-12-30,247329.49103495164,"{'TLT': 0.45, 'IEF': 0.25, 'GLD': 0.15, 'SHY': 0.15}",0.0
1451520000000,2015-12-31,247897.57401617328,"{'TLT': 0.45, 'IEF': 0.25, 'GLD': 0.15, 'SHY': 0.15}",0.0
1451865600000,2016-01-04,249539.10608089663,"{'TLT': 0.45, 'IEF': 0.25, 'GLD': 0.15, 'SHY': 0.15}",0.0
1451952000000,2016-01-05,249151.75122179856,"{'TLT': 0.45, 'IEF': 0.25, 'GLD': 0.15, 'SHY': 0.15}",0.0
1452038400000,2016-01-06,251600.44965303363,"{'TLT': 0.45, 'IEF': 0.25, 'GLD': 0.15, 'SHY': 0.15}",0.0
1452124800000,2016-01-07,252486.4069155926,"{'TLT': 0.45, 'IEF': 0.25, 'GLD': 0.15, 'SHY': 0.15}",0.0
1452211200000,2016-01-08,253013.84845742775,"{'TLT': 0.45, 'IEF': 0.25, 'GLD': 0.15, 'SHY': 0.15}",0.0
1452470400000,2016-01-11,251243.01668681222,"{'TLT': 0.45, 'IEF': 0.25, 'GLD': 0.15, 'SHY': 0.15}",0.0
1452556800000,2016-01-12,252969.96958755306,"{'TLT': 0.45, 'IEF': 0.25, 'GLD': 0.15, 'SHY': 0.15}",0.0
1452643200000,2016-01-13,254547.77121270282,"{'TLT': 0.45, 'IEF': 0.25, 'GLD': 0.15, 'SHY': 0.15}",0.0
1452729600000,2016-01-14,252734.69191687027,"{'TLT': 0.45, 'IEF': 0.25, 'GLD': 0.15, 'SHY': 0.15}",0.0
1452816000000,2016-01-15,255222.7876940619,"{'TLT': 0.45, 'IEF': 0.25, 'GLD': 0.15, 'SHY': 0.15}",0.0
1453161600000,2016-01-19,254742.54630697626,"{'TLT': 0.45, 'IEF': 0.25, 'GLD': 0.15, 'SHY': 0.15}",0.0
1453248000000,2016-01-20,256800.42080337292,"{'TLT': 0.45, 'IEF': 0.25, 'GLD': 0.15, 'SHY': 0.15}",0.0
1453334400000,2016-01-21,255895.30623115978,"{'TLT': 0.45, 'IEF': 0.25, 'GLD': 0.15, 'SHY': 0.15}",0.0
1453420800000,2016-01-22,255122.12885224714,"{'TLT': 0.45, 'IEF': 0.25, 'GLD': 0.15, 'SHY': 0.15}",0.0
1453680000000,2016-01-25,256351.44029914305,"{'TLT': 0.45, 'IEF': 0.25, 'GLD': 0.15, 'SHY': 0.15}",0.0
1453766400000,2016-01-26,256910.52615027374,"{'TLT': 0.45, 'IEF': 0.25, 'GLD': 0.15, 'SHY': 0.15}",0.0
1453852800000,2016-01-27,257083.14759463244,"{'TLT': 0.45, 'IEF': 0.25, 'GLD': 0.15, 'SHY': 0.15}",0.0
1453939200000,2016-01-28,256919.6113309851,"{'TLT': 0.45, 'IEF': 0.25, 'GLD': 0.15, 'SHY': 0.15}",0.0
1454025600000,2016-01-29,258436.5823072768,"{'TLT': 0.45, 'IEF': 0.25, 'GLD': 0.15, 'SHY': 0.15}",0.0
1454284800000,2016-02-01,258309.8513390861,"{'TLT': 0.45, 'IEF': 0.25, 'GLD': 0.15, 'SHY': 0.15}",0.0
1454371200000,2016-02-02,260988.42290055944,"{'TLT': 0.45, 'IEF': 0.25, 'GLD': 0.15, 'SHY': 0.15}",0.0
1454457600000,2016-02-03,260372.2462755022,"{'TLT': 0.45, 'IEF': 0.25, 'GLD': 0.15, 'SHY': 0.15}",0.0
1454544000000,2016-02-04,261575.81426007792,"{'TLT': 0.45, 'IEF': 0.25, 'GLD': 0.15, 'SHY': 0.15}",0.0
1454630400000,2016-02-05,262408.4661630109,"{'TLT': 0.45, 'IEF': 0.25, 'GLD': 0.15, 'SHY': 0.15}",0.0
1454889600000,2016-02-08,266015.1876619318,"{'TLT': 0.45, 'IEF': 0.25, 'GLD': 0.15, 'SHY': 0.15}",0.0
1454976000000,2016-02-09,266053.0063869535,"{'TLT': 0.45, 'IEF': 0.25, 'GLD': 0.15, 'SHY': 0.15}",0.0
1455062400000,2016-02-10,267615.7286357058,"{'TLT': 0.45, 'IEF': 0.25, 'GLD': 0.15, 'SHY': 0.15}",0.0
1455148800000,2016-02-11,270417.85381476977,"{'TLT': 0.45, 'IEF': 0.25, 'GLD': 0.15, 'SHY': 0.15}",0.0
1455235200000,2016-02-12,267595.7091319715,"{'TLT': 0.45, 'IEF': 0.25, 'GLD': 0.15, 'SHY': 0.15}",0.0
1455580800000,2016-02-16,264882.0753834694,"{'TLT': 0.45, 'IEF': 0.25, 'GLD': 0.15, 'SHY': 0.15}",0.0
1455667200000,2016-02-17,264242.28882894333,"{'TLT': 0.45, 'IEF': 0.25, 'GLD': 0.15, 'SHY': 0.15}",0.0
1455753600000,2016-02-18,267007.76469804504,"{'TLT': 0.45, 'IEF': 0.25, 'GLD': 0.15, 'SHY': 0.15}",0.0
1455840000000,2016-02-19,266830.6654601807,"{'TLT': 0.45, 'IEF': 0.25, 'GLD': 0.15, 'SHY': 0.15}",0.0
1456099200000,2016-02-22,265993.3701311236,"{'TLT': 0.45, 'IEF': 0.25, 'GLD': 0.15, 'SHY': 0.15}",0.0
1456185600000,2016-02-23,267212.7468642687,"{'TLT': 0.45, 'IEF': 0.25, 'GLD': 0.15, 'SHY': 0.15}",0.0
1456272000000,2016-02-24,267117.7077402,"{'TLT': 0.45, 'IEF': 0.25, 'GLD': 0.15, 'SHY': 0.15}",0.0
1456358400000,2016-02-25,267862.61548072624,"{'TLT': 0.45, 'IEF': 0.25, 'GLD': 0.15, 'SHY': 0.15}",0.0
1456444800000,2016-02-26,266046.112001571,"{'TLT': 0.45, 'IEF': 0.25, 'GLD': 0.15, 'SHY': 0.15}",0.0
1456704000000,2016-02-29,267222.76552264753,"{'TLT': 0.45, 'IEF': 0.25, 'GLD': 0.15, 'SHY': 0.15}",0.0
1456790400000,2016-03-01,264235.81930333923,"{'TLT': 0.45, 'IEF': 0.25, 'GLD': 0.15, 'SHY': 0.15}",0.0
1456876800000,2016-03-02,264913.5875223732,"{'TLT': 0.45, 'IEF': 0.25, 'GLD': 0.15, 'SHY': 0.15}",0.0
1456963200000,2016-03-03,266127.24999010615,"{'TLT': 0.45, 'IEF': 0.25, 'GLD': 0.15, 'SHY': 0.15}",0.0
1457049600000,2016-03-04,265043.4161701329,"{'TLT': 0.45, 'IEF': 0.25, 'GLD': 0.15, 'SHY': 0.15}",0.0
1457308800000,2016-03-07,265042.3886278173,"{'TLT': 0.45, 'IEF': 0.25, 'GLD': 0.15, 'SHY': 0.15}",0.0
1457395200000,2016-03-08,266587.51389135816,"{'TLT': 0.45, 'IEF': 0.25, 'GLD': 0.15, 'SHY': 0.15}",0.0
1457481600000,2016-03-09,265250.9406745441,"{'TLT': 0.45, 'IEF': 0.25, 'GLD': 0.15, 'SHY': 0.15}",0.0
1457568000000,2016-03-10,265158.39755696803,"{'TLT': 0.45, 'IEF': 0.25, 'GLD': 0.15, 'SHY': 0.15}",0.0
1457654400000,2016-03-11,263041.92347369593,"{'TLT': 0.45, 'IEF': 0.25, 'GLD': 0.15, 'SHY': 0.15}",0.0
1457913600000,2016-03-14,262953.391346927,"{'TLT': 0.45, 'IEF': 0.25, 'GLD': 0.15, 'SHY': 0.15}",0.0
1458000000000,2016-03-15,263096.45605576364,"{'TLT': 0.45, 'IEF': 0.25, 'GLD': 0.15, 'SHY': 0.15}",0.0
1458086400000,2016-03-16,264753.06126663205,"{'TLT': 0.45, 'IEF': 0.25, 'GLD': 0.15, 'SHY': 0.15}",0.0
1458172800000,2016-03-17,265162.0699116942,"{'TLT': 0.45, 'IEF': 0.25, 'GLD': 0.15, 'SHY': 0.15}",0.0
1458259200000,2016-03-18,265427.69204790815,"{'TLT': 0.45, 'IEF': 0.25, 'GLD': 0.15, 'SHY': 0.15}",0.0
1458518400000,2016-03-21,264039.5102074668,"{'TLT': 0.45, 'IEF': 0.25, 'GLD': 0.15, 'SHY': 0.15}",0.0
1458604800000,2016-03-22,263965.6324076281,"{'TLT': 0.45, 'IEF': 0.25, 'GLD': 0.15, 'SHY': 0.15}",0.0
1458691200000,2016-03-23,264741.4485455581,"{'TLT': 0.45, 'IEF': 0.25, 'GLD': 0.15, 'SHY': 0.15}",0.0
1458777600000,2016-03-24,264606.72548756865,"{'TLT': 0.45, 'IEF': 0.25, 'GLD': 0.15, 'SHY': 0.15}",0.0
1459123200000,2016-03-28,264961.40780313633,"{'TLT': 0.45, 'IEF': 0.25, 'GLD': 0.15, 'SHY': 0.15}",0.0
1459209600000,2016-03-29,267471.06692956743,"{'TLT': 0.45, 'IEF': 0.25, 'GLD': 0.15, 'SHY': 0.15}",0.0
1459296000000,2016-03-30,265556.5570824123,"{'TLT': 0.45, 'IEF': 0.25, 'GLD': 0.15, 'SHY': 0.15}",0.0
1459382400000,2016-03-31,266848.3502597716,"{'TLT': 0.45, 'IEF': 0.25, 'GLD': 0.15, 'SHY': 0.15}",0.0
1459468800000,2016-04-01,266877.46481766686,"{'TLT': 0.45, 'IEF': 0.25, 'GLD': 0.15, 'SHY': 0.15}",0.0
1459728000000,2016-04-04,266790.9702209989,"{'TLT': 0.45, 'IEF': 0.25, 'GLD': 0.15, 'SHY': 0.15}",0.0
1459814400000,2016-04-05,268904.48584857833,"{'TLT': 0.45, 'IEF': 0.25, 'GLD': 0.15, 'SHY': 0.15}",0.0
1459900800000,2016-04-06,267618.92085400084,"{'TLT': 0.45, 'IEF': 0.25, 'GLD': 0.15, 'SHY': 0.15}",0.0
1459987200000,2016-04-07,270047.6273039394,"{'TLT': 0.45, 'IEF': 0.25, 'GLD': 0.15, 'SHY': 0.15}",0.0
1460073600000,2016-04-08,269114.4767304173,"{'TLT': 0.45, 'IEF': 0.25, 'GLD': 0.15, 'SHY': 0.15}",0.0
1460332800000,2016-04-11,269486.98457895574,"{'TLT': 0.45, 'IEF': 0.25, 'GLD': 0.15, 'SHY': 0.15}",0.0
1460419200000,2016-04-12,268379.70167301944,"{'TLT': 0.45, 'IEF': 0.25, 'GLD': 0.15, 'SHY': 0.15}",0.0
1460505600000,2016-04-13,268404.4492412631,"{'TLT': 0.45, 'IEF': 0.25, 'GLD': 0.15, 'SHY': 0.15}",0.0
1460592000000,2016-04-14,267104.6860360907,"{'TLT': 0.45, 'IEF': 0.25, 'GLD': 0.15, 'SHY': 0.15}",0.0
1460678400000,2016-04-15,268639.63226900744,"{'TLT': 0.45, 'IEF': 0.25, 'GLD': 0.15, 'SHY': 0.15}",0.0
1460937600000,2016-04-18,267984.0701165934,"{'TLT': 0.45, 'IEF': 0.25, 'GLD': 0.15, 'SHY': 0.15}",0.0
1461024000000,2016-04-19,268112.3716668315,"{'TLT': 0.45, 'IEF': 0.25, 'GLD': 0.15, 'SHY': 0.15}",0.0
1461110400000,2016-04-20,266211.17481900816,"{'TLT': 0.45, 'IEF': 0.25, 'GLD': 0.15, 'SHY': 0.15}",0.0
1461196800000,2016-04-21,265530.9914566634,"{'TLT': 0.45, 'IEF': 0.25, 'GLD': 0.15, 'SHY': 0.15}",0.0
1461283200000,2016-04-22,264641.6212260217,"{'TLT': 0.45, 'IEF': 0.25, 'GLD': 0.15, 'SHY': 0.15}",0.0
1461542400000,2016-04-25,264182.5115942841,"{'TLT': 0.45, 'IEF': 0.25, 'GLD': 0.15, 'SHY': 0.15}",0.0
1461628800000,2016-04-26,263652.2826696409,"{'TLT': 0.45, 'IEF': 0.25, 'GLD': 0.15, 'SHY': 0.15}",0.0
1461715200000,2016-04-27,265340.24772261555,"{'TLT': 0.45, 'IEF': 0.25, 'GLD': 0.15, 'SHY': 0.15}",0.0
1461801600000,2016-04-28,266838.25515604136,"{'TLT': 0.45, 'IEF': 0.25, 'GLD': 0.15, 'SHY': 0.15}",0.0
1461888000000,2016-04-29,267914.00211376173,"{'TLT': 0.45, 'IEF': 0.25, 'GLD': 0.15, 'SHY': 0.15}",0.0
1462147200000,2016-05-02,266357.7154625203,"{'TLT': 0.45, 'IEF': 0.25, 'GLD': 0.15, 'SHY': 0.15}",0.0
1462233600000,2016-05-03,268214.27708525094,"{'TLT': 0.45, 'IEF': 0.25, 'GLD': 0.15, 'SHY': 0.15}",0.0
1462320000000,2016-05-04,268747.98223234445,"{'TLT': 0.45, 'IEF': 0.25, 'GLD': 0.15, 'SHY': 0.15}",0.0
1462406400000,2016-05-05,269707.07629562635,"{'TLT': 0.45, 'IEF': 0.25, 'GLD': 0.15, 'SHY': 0.15}",0.0
1462492800000,2016-05-06,269388.21908014565,"{'TLT': 0.45, 'IEF': 0.25, 'GLD': 0.15, 'SHY': 0.15}",0.0
1462752000000,2016-05-09,269086.35417711,"{'TLT': 0.45, 'IEF': 0.25, 'GLD': 0.15, 'SHY': 0.15}",0.0
1462838400000,2016-05-10,269203.3849749377,"{'TLT': 0.45, 'IEF': 0.25, 'GLD': 0.15, 'SHY': 0.15}",0.0
1462924800000,2016-05-11,270358.0756150959,"{'TLT': 0.45, 'IEF': 0.25, 'GLD': 0.15, 'SHY': 0.15}",0.0
1463011200000,2016-05-12,269277.75149786565,"{'TLT': 0.45, 'IEF': 0.25, 'GLD': 0.15, 'SHY': 0.15}",0.0
1463097600000,2016-05-13,270896.44398610346,"{'TLT': 0.45, 'IEF': 0.25, 'GLD': 0.15, 'SHY': 0.15}",0.0
1463356800000,2016-05-16,269612.5105444199,"{'TLT': 0.45, 'IEF': 0.25, 'GLD': 0.15, 'SHY': 0.15}",0.0
1463443200000,2016-05-17,269849.7688917784,"{'TLT': 0.45, 'IEF': 0.25, 'GLD': 0.15, 'SHY': 0.15}",0.0
1463529600000,2016-05-18,266803.3288360993,"{'TLT': 0.45, 'IEF': 0.25, 'GLD': 0.15, 'SHY': 0.15}",0.0
1463616000000,2016-05-19,267322.43888643215,"{'TLT': 0.45, 'IEF': 0.25, 'GLD': 0.15, 'SHY': 0.15}",0.0
1463702400000,2016-05-20,267418.267226025,"{'TLT': 0.45, 'IEF': 0.25, 'GLD': 0.15, 'SHY': 0.15}",0.0
1463961600000,2016-05-23,267610.41692963376,"{'TLT': 0.45, 'IEF': 0.25, 'GLD': 0.15, 'SHY': 0.15}",0.0
1464048000000,2016-05-24,266240.69030099356,"{'TLT': 0.45, 'IEF': 0.25, 'GLD': 0.15, 'SHY': 0.15}",0.0
1464134400000,2016-05-25,265672.79893679405,"{'TLT': 0.45, 'IEF': 0.25, 'GLD': 0.15, 'SHY': 0.15}",0.0
1464220800000,2016-05-26,266385.4982280877,"{'TLT': 0.45, 'IEF': 0.25, 'GLD': 0.15, 'SHY': 0.15}",0.0
1464307200000,2016-05-27,265730.3573337311,"{'TLT': 0.45, 'IEF': 0.25, 'GLD': 0.15, 'SHY': 0.15}",0.0
1464652800000,2016-05-31,266265.1493801109,"{'TLT': 0.45, 'IEF': 0.25, 'GLD': 0.15, 'SHY': 0.15}",0.0
1464739200000,2016-06-01,266659.7114055804,"{'TLT': 0.45, 'IEF': 0.25, 'GLD': 0.15, 'SHY': 0.15}",0.0
1464825600000,2016-06-02,267671.492272557,"{'TLT': 0.45, 'IEF': 0.25, 'GLD': 0.15, 'SHY': 0.15}",0.0
1464912000000,2016-06-03,271187.96101473575,"{'TLT': 0.45, 'IEF': 0.25, 'GLD': 0.15, 'SHY': 0.15}",0.0
1465171200000,2016-06-06,270107.8726671126,"{'TLT': 0.45, 'IEF': 0.25, 'GLD': 0.15, 'SHY': 0.15}",0.0
1465257600000,2016-06-07,270475.1583559284,"{'TLT': 0.45, 'IEF': 0.25, 'GLD': 0.15, 'SHY': 0.15}",0.0
1465344000000,2016-06-08,271816.98714567884,"{'TLT': 0.45, 'IEF': 0.25, 'GLD': 0.15, 'SHY': 0.15}",0.0
1465430400000,2016-06-09,272946.634367291,"{'TLT': 0.45, 'IEF': 0.25, 'GLD': 0.15, 'SHY': 0.15}",0.0
1465516800000,2016-06-10,273971.0269431646,"{'TLT': 0.45, 'IEF': 0.25, 'GLD': 0.15, 'SHY': 0.15}",0.0
1465776000000,2016-06-13,274968.5629239141,"{'TLT': 0.45, 'IEF': 0.25, 'GLD': 0.15, 'SHY': 0.15}",0.0
1465862400000,2016-06-14,274907.2260164007,"{'TLT': 0.45, 'IEF': 0.25, 'GLD': 0.15, 'SHY': 0.15}",0.0
1465948800000,2016-06-15,275946.1852128957,"{'TLT': 0.45, 'IEF': 0.25, 'GLD': 0.15, 'SHY': 0.15}",0.0
1466035200000,2016-06-16,276164.1734437195,"{'TLT': 0.45, 'IEF': 0.25, 'GLD': 0.15, 'SHY': 0.15}",0.0
1466121600000,2016-06-17,275692.3868798323,"{'TLT': 0.45, 'IEF': 0.25, 'GLD': 0.15, 'SHY': 0.15}",0.0
1466380800000,2016-06-20,273798.5862029826,"{'TLT': 0.45, 'IEF': 0.25, 'GLD': 0.15, 'SHY': 0.15}",0.0
1466467200000,2016-06-21,272256.3786482088,"{'TLT': 0.45, 'IEF': 0.25, 'GLD': 0.15, 'SHY': 0.15}",0.0
1466553600000,2016-06-22,272627.83230822824,"{'TLT': 0.45, 'IEF': 0.25, 'GLD': 0.15, 'SHY': 0.15}",0.0
1466640000000,2016-06-23,270618.0464097056,"{'TLT': 0.45, 'IEF': 0.25, 'GLD': 0.15, 'SHY': 0.15}",0.0
1466726400000,2016-06-24,276908.73221413145,"{'TLT': 0.45, 'IEF': 0.25, 'GLD': 0.15, 'SHY': 0.15}",0.0
1466985600000,2016-06-27,280866.87224307476,"{'TLT': 0.45, 'IEF': 0.25, 'GLD': 0.15, 'SHY': 0.15}",0.0
1467072000000,2016-06-28,280680.38190304,"{'TLT': 0.45, 'IEF': 0.25, 'GLD': 0.15, 'SHY': 0.15}",0.0
1467158400000,2016-06-29,279585.81184659794,"{'TLT': 0.45, 'IEF': 0.25, 'GLD': 0.15, 'SHY': 0.15}",0.0
1467244800000,2016-06-30,280434.18486148934,"{'TLT': 0.45, 'IEF': 0.25, 'GLD': 0.15, 'SHY': 0.15}",0.0
1467331200000,2016-07-01,283031.7003467544,"{'TLT': 0.45, 'IEF': 0.25, 'GLD': 0.15, 'SHY': 0.15}",0.0
1467676800000,2016-07-05,285384.6199906843,"{'TLT': 0.45, 'IEF': 0.25, 'GLD': 0.15, 'SHY': 0.15}",0.0
1467763200000,2016-07-06,285835.908221104,"{'TLT': 0.45, 'IEF': 0.25, 'GLD': 0.15, 'SHY': 0.15}",0.0
1467849600000,2016-07-07,285551.1709194554,"{'TLT': 0.45, 'IEF': 0.25, 'GLD': 0.15, 'SHY': 0.15}",0.0
1467936000000,2016-07-08,286893.5679703003,"{'TLT': 0.45, 'IEF': 0.25, 'GLD': 0.15, 'SHY': 0.15}",0.0
1468195200000,2016-07-11,284931.5165685395,"{'TLT': 0.45, 'IEF': 0.25, 'GLD': 0.15, 'SHY': 0.15}",0.0
1468281600000,2016-07-12,281679.5842370641,"{'TLT': 0.45, 'IEF': 0.25, 'GLD': 0.15, 'SHY': 0.15}",0.0
1468368000000,2016-07-13,283753.7677625563,"{'TLT': 0.45, 'IEF': 0.25, 'GLD': 0.15, 'SHY': 0.15}",0.0
1468454400000,2016-07-14,281247.89430435584,"{'TLT': 0.45, 'IEF': 0.25, 'GLD': 0.15, 'SHY': 0.15}",0.0
1468540800000,2016-07-15,279708.5411801235,"{'TLT': 0.45, 'IEF': 0.25, 'GLD': 0.15, 'SHY': 0.15}",0.0
1468800000000,2016-07-18,279662.40353064035,"{'TLT': 0.45, 'IEF': 0.25, 'GLD': 0.15, 'SHY': 0.15}",0.0
1468886400000,2016-07-19,280620.8495176895,"{'TLT': 0.45, 'IEF': 0.25, 'GLD': 0.15, 'SHY': 0.15}",0.0
1468972800000,2016-07-20,279164.8099422949,"{'TLT': 0.45, 'IEF': 0.25, 'GLD': 0.15, 'SHY': 0.15}",0.0
1469059200000,2016-07-21,280242.3732888547,"{'TLT': 0.45, 'IEF': 0.25, 'GLD': 0.15, 'SHY': 0.15}",0.0
1469145600000,2016-07-22,280076.1871859481,"{'TLT': 0.45, 'IEF': 0.25, 'GLD': 0.15, 'SHY': 0.15}",0.0
1469404800000,2016-07-25,279606.8967011083,"{'TLT': 0.45, 'IEF': 0.25, 'GLD': 0.15, 'SHY': 0.15}",0.0
1469491200000,2016-07-26,280032.30692013446,"{'TLT': 0.45, 'IEF': 0.25, 'GLD': 0.15, 'SHY': 0.15}",0.0
1469577600000,2016-07-27,282607.6866494733,"{'TLT': 0.45, 'IEF': 0.25, 'GLD': 0.15, 'SHY': 0.15}",0.0
1469664000000,2016-07-28,282282.824819073,"{'TLT': 0.45, 'IEF': 0.25, 'GLD': 0.15, 'SHY': 0.15}",0.0
1469750400000,2016-07-29,283890.3728352332,"{'SPY': 0.24999999999999994, 'QQQ': 0.14999999999999997, 'TLT': 0.14999999999999997, 'LQD': 0.14999999999999997, 'HYG': 0.19999999999999996, 'GLD': 0.09999999999999998}",2.220446049250313e-16
1470009600000,2016-08-01,283089.4605684109,"{'SPY': 0.24999999999999994, 'QQQ': 0.14999999999999997, 'TLT': 0.14999999999999997, 'LQD': 0.14999999999999997, 'HYG': 0.19999999999999996, 'GLD': 0.09999999999999998}",2.220446049250313e-16
1470096000000,2016-08-02,281787.3818970759,"{'SPY': 0.24999999999999994, 'QQQ': 0.14999999999999997, 'TLT': 0.14999999999999997, 'LQD': 0.14999999999999997, 'HYG': 0.19999999999999996, 'GLD': 0.09999999999999998}",2.220446049250313e-16
1470182400000,2016-08-03,282332.30629635823,"{'SPY': 0.24999999999999994, 'QQQ': 0.14999999999999997, 'TLT': 0.14999999999999997, 'LQD': 0.14999999999999997, 'HYG': 0.19999999999999996, 'GLD': 0.09999999999999998}",2.220446049250313e-16
1470268800000,2016-08-04,283434.0174664059,"{'SPY': 0.24999999999999994, 'QQQ': 0.14999999999999997, 'TLT': 0.14999999999999997, 'LQD': 0.14999999999999997, 'HYG': 0.19999999999999996, 'GLD': 0.09999999999999998}",2.220446049250313e-16
1470355200000,2016-08-05,283426.52044724044,"{'SPY': 0.24999999999999994, 'QQQ': 0.14999999999999997, 'TLT': 0.14999999999999997, 'LQD': 0.14999999999999997, 'HYG': 0.19999999999999996, 'GLD': 0.09999999999999998}",2.220446049250313e-16
1470614400000,2016-08-08,283652.3289616077,"{'SPY': 0.24999999999999994, 'QQQ': 0.14999999999999997, 'TLT': 0.14999999999999997, 'LQD': 0.14999999999999997, 'HYG': 0.19999999999999996, 'GLD': 0.09999999999999998}",2.220446049250313e-16
1470700800000,2016-08-09,284775.4915488968,"{'SPY': 0.24999999999999994, 'QQQ': 0.14999999999999997, 'TLT': 0.14999999999999997, 'LQD': 0.14999999999999997, 'HYG': 0.19999999999999996, 'GLD': 0.09999999999999998}",2.220446049250313e-16
1470787200000,2016-08-10,284803.9950866696,"{'SPY': 0.24999999999999994, 'QQQ': 0.14999999999999997, 'TLT': 0.14999999999999997, 'LQD': 0.14999999999999997, 'HYG': 0.19999999999999996, 'GLD': 0.09999999999999998}",2.220446049250313e-16
1470873600000,2016-08-11,284736.7455385165,"{'SPY': 0.24999999999999994, 'QQQ': 0.14999999999999997, 'TLT': 0.14999999999999997, 'LQD': 0.14999999999999997, 'HYG': 0.19999999999999996, 'GLD': 0.09999999999999998}",2.220446049250313e-16
1470960000000,2016-08-12,285243.9347081924,"{'SPY': 0.24999999999999994, 'QQQ': 0.14999999999999997, 'TLT': 0.14999999999999997, 'LQD': 0.14999999999999997, 'HYG': 0.19999999999999996, 'GLD': 0.09999999999999998}",2.220446049250313e-16
1471219200000,2016-08-15,285367.98236425716,"{'SPY': 0.24999999999999994, 'QQQ': 0.14999999999999997, 'TLT': 0.14999999999999997, 'LQD': 0.14999999999999997, 'HYG': 0.19999999999999996, 'GLD': 0.09999999999999998}",2.220446049250313e-16
1471305600000,2016-08-16,284595.1090321367,"{'SPY': 0.24999999999999994, 'QQQ': 0.14999999999999997, 'TLT': 0.14999999999999997, 'LQD': 0.14999999999999997, 'HYG': 0.19999999999999996, 'GLD': 0.09999999999999998}",2.220446049250313e-16
1471392000000,2016-08-17,285265.1162688101,"{'SPY': 0.24999999999999994, 'QQQ': 0.14999999999999997, 'TLT': 0.14999999999999997, 'LQD': 0.14999999999999997, 'HYG': 0.19999999999999996, 'GLD': 0.09999999999999998}",2.220446049250313e-16
1471478400000,2016-08-18,285967.2812106698,"{'SPY': 0.24999999999999994, 'QQQ': 0.14999999999999997, 'TLT': 0.14999999999999997, 'LQD': 0.14999999999999997, 'HYG': 0.19999999999999996, 'GLD': 0.09999999999999998}",2.220446049250313e-16
1471564800000,2016-08-19,285075.31821513426,"{'SPY': 0.24999999999999994, 'QQQ': 0.14999999999999997, 'TLT': 0.14999999999999997, 'LQD': 0.14999999999999997, 'HYG': 0.19999999999999996, 'GLD': 0.09999999999999998}",2.220446049250313e-16
1471824000000,2016-08-22,285476.55435339484,"{'SPY': 0.24999999999999994, 'QQQ': 0.14999999999999997, 'TLT': 0.14999999999999997, 'LQD': 0.14999999999999997, 'HYG': 0.19999999999999996, 'GLD': 0.09999999999999998}",2.220446049250313e-16
1471910400000,2016-08-23,285978.2930797932,"{'SPY': 0.24999999999999994, 'QQQ': 0.14999999999999997, 'TLT': 0.14999999999999997, 'LQD': 0.14999999999999997, 'HYG': 0.19999999999999996, 'GLD': 0.09999999999999998}",2.220446049250313e-16
1471996800000,2016-08-24,284730.3601824368,"{'SPY': 0.24999999999999994, 'QQQ': 0.14999999999999997, 'TLT': 0.14999999999999997, 'LQD': 0.14999999999999997, 'HYG': 0.19999999999999996, 'GLD': 0.09999999999999998}",2.220446049250313e-16
1472083200000,2016-08-25,284489.0925500768,"{'SPY': 0.24999999999999994, 'QQQ': 0.14999999999999997, 'TLT': 0.14999999999999997, 'LQD': 0.14999999999999997, 'HYG': 0.19999999999999996, 'GLD': 0.09999999999999998}",2.220446049250313e-16
1472169600000,2016-08-26,283928.2683966969,"{'SPY': 0.24999999999999994, 'QQQ': 0.14999999999999997, 'TLT': 0.14999999999999997, 'LQD': 0.14999999999999997, 'HYG': 0.19999999999999996, 'GLD': 0.09999999999999998}",2.220446049250313e-16
1472428800000,2016-08-29,285485.601432545,"{'SPY': 0.24999999999999994, 'QQQ': 0.14999999999999997, 'TLT': 0.14999999999999997, 'LQD': 0.14999999999999997, 'HYG': 0.19999999999999996, 'GLD': 0.09999999999999998}",2.220446049250313e-16
1472515200000,2016-08-30,284754.4125759749,"{'SPY': 0.24999999999999994, 'QQQ': 0.14999999999999997, 'TLT': 0.14999999999999997, 'LQD': 0.14999999999999997, 'HYG': 0.19999999999999996, 'GLD': 0.09999999999999998}",2.220446049250313e-16
1472601600000,2016-08-31,284272.47765879915,"{'SPY': 0.24999999999999994, 'QQQ': 0.14999999999999997, 'TLT': 0.14999999999999997, 'LQD': 0.14999999999999997, 'HYG': 0.19999999999999996, 'GLD': 0.09999999999999998}",2.220446049250313e-16
1472688000000,2016-09-01,284661.515332116,"{'SPY': 0.24999999999999994, 'QQQ': 0.14999999999999997, 'TLT': 0.14999999999999997, 'LQD': 0.14999999999999997, 'HYG': 0.19999999999999996, 'GLD': 0.09999999999999998}",2.220446049250313e-16
1472774400000,2016-09-02,285251.136784145,"{'SPY': 0.24999999999999994, 'QQQ': 0.14999999999999997, 'TLT': 0.14999999999999997, 'LQD': 0.14999999999999997, 'HYG': 0.19999999999999996, 'GLD': 0.09999999999999998}",2.220446049250313e-16
1473120000000,2016-09-06,286742.092085847,"{'SPY': 0.24999999999999994, 'QQQ': 0.14999999999999997, 'TLT': 0.14999999999999997, 'LQD': 0.14999999999999997, 'HYG': 0.19999999999999996, 'GLD': 0.09999999999999998}",2.220446049250313e-16
1473206400000,2016-09-07,286415.006035951,"{'SPY': 0.24999999999999994, 'QQQ': 0.14999999999999997, 'TLT': 0.14999999999999997, 'LQD': 0.14999999999999997, 'HYG': 0.19999999999999996, 'GLD': 0.09999999999999998}",2.220446049250313e-16
1473292800000,2016-09-08,284901.4996491356,"{'SPY': 0.24999999999999994, 'QQQ': 0.14999999999999997, 'TLT': 0.14999999999999997, 'LQD': 0.14999999999999997, 'HYG': 0.19999999999999996, 'GLD': 0.09999999999999998}",2.220446049250313e-16
1473379200000,2016-09-09,280363.32369002333,"{'SPY': 0.24999999999999994, 'QQQ': 0.14999999999999997, 'TLT': 0.14999999999999997, 'LQD': 0.14999999999999997, 'HYG': 0.19999999999999996, 'GLD': 0.09999999999999998}",2.220446049250313e-16
1473638400000,2016-09-12,282309.21578808106,"{'SPY': 0.24999999999999994, 'QQQ': 0.14999999999999997, 'TLT': 0.14999999999999997, 'LQD': 0.14999999999999997, 'HYG': 0.19999999999999996, 'GLD': 0.09999999999999998}",2.220446049250313e-16
1473724800000,2016-09-13,279675.7972014757,"{'SPY': 0.24999999999999994, 'QQQ': 0.14999999999999997, 'TLT': 0.14999999999999997, 'LQD': 0.14999999999999997, 'HYG': 0.19999999999999996, 'GLD': 0.09999999999999998}",2.220446049250313e-16
1473811200000,2016-09-14,280022.43575732707,"{'SPY': 0.24999999999999994, 'QQQ': 0.14999999999999997, 'TLT': 0.14999999999999997, 'LQD': 0.14999999999999997, 'HYG': 0.19999999999999996, 'GLD': 0.09999999999999998}",2.220446049250313e-16
1473897600000,2016-09-15,281369.02094908484,"{'SPY': 0.24999999999999994, 'QQQ': 0.14999999999999997, 'TLT': 0.14999999999999997, 'LQD': 0.14999999999999997, 'HYG': 0.19999999999999996, 'GLD': 0.09999999999999998}",2.220446049250313e-16
1473984000000,2016-09-16,281410.10616387374,"{'SPY': 0.24999999999999994, 'QQQ': 0.14999999999999997, 'TLT': 0.14999999999999997, 'LQD': 0.14999999999999997, 'HYG': 0.19999999999999996, 'GLD': 0.09999999999999998}",2.220446049250313e-16
1474243200000,2016-09-19,281179.3360618946,"{'SPY': 0.24999999999999994, 'QQQ': 0.14999999999999997, 'TLT': 0.14999999999999997, 'LQD': 0.14999999999999997, 'HYG': 0.19999999999999996, 'GLD': 0.09999999999999998}",2.220446049250313e-16
1474329600000,2016-09-20,281426.5948347987,"{'SPY': 0.24999999999999994, 'QQQ': 0.14999999999999997, 'TLT': 0.14999999999999997, 'LQD': 0.14999999999999997, 'HYG': 0.19999999999999996, 'GLD': 0.09999999999999998}",2.220446049250313e-16
1474416000000,2016-09-21,284064.90261561004,"{'SPY': 0.24999999999999994, 'QQQ': 0.14999999999999997, 'TLT': 0.14999999999999997, 'LQD': 0.14999999999999997, 'HYG': 0.19999999999999996, 'GLD': 0.09999999999999998}",2.220446049250313e-16
1474502400000,2016-09-22,285621.37664770934,"{'SPY': 0.24999999999999994, 'QQQ': 0.14999999999999997, 'TLT': 0.14999999999999997, 'LQD': 0.14999999999999997, 'HYG': 0.19999999999999996, 'GLD': 0.09999999999999998}",2.220446049250313e-16
1474588800000,2016-09-23,284836.8375387528,"{'SPY': 0.24999999999999994, 'QQQ': 0.14999999999999997, 'TLT': 0.14999999999999997, 'LQD': 0.14999999999999997, 'HYG': 0.19999999999999996, 'GLD': 0.09999999999999998}",2.220446049250313e-16
1474848000000,2016-09-26,283968.34485809354,"{'SPY': 0.24999999999999994, 'QQQ': 0.14999999999999997, 'TLT': 0.14999999999999997, 'LQD': 0.14999999999999997, 'HYG': 0.19999999999999996, 'GLD': 0.09999999999999998}",2.220446049250313e-16
1474934400000,2016-09-27,285203.712695722,"{'SPY': 0.24999999999999994, 'QQQ': 0.14999999999999997, 'TLT': 0.14999999999999997, 'LQD': 0.14999999999999997, 'HYG': 0.19999999999999996, 'GLD': 0.09999999999999998}",2.220446049250313e-16
1475020800000,2016-09-28,285856.85010453005,"{'SPY': 0.24999999999999994, 'QQQ': 0.14999999999999997, 'TLT': 0.14999999999999997, 'LQD': 0.14999999999999997, 'HYG': 0.19999999999999996, 'GLD': 0.09999999999999998}",2.220446049250313e-16
1475107200000,2016-09-29,284740.38760009775,"{'SPY': 0.24999999999999994, 'QQQ': 0.14999999999999997, 'TLT': 0.14999999999999997, 'LQD': 0.14999999999999997, 'HYG': 0.19999999999999996, 'GLD': 0.09999999999999998}",2.220446049250313e-16
1475193600000,2016-09-30,285290.61561451893,"{'SPY': 0.24999999999999994, 'QQQ': 0.14999999999999997, 'TLT': 0.14999999999999997, 'LQD': 0.14999999999999997, 'HYG': 0.19999999999999996, 'GLD': 0.09999999999999998}",2.220446049250313e-16
1475452800000,2016-10-03,284687.3109549311,"{'SPY': 0.24999999999999994, 'QQQ': 0.14999999999999997, 'TLT': 0.14999999999999997, 'LQD': 0.14999999999999997, 'HYG': 0.19999999999999996, 'GLD': 0.09999999999999998}",2.220446049250313e-16
1475539200000,2016-10-04,282475.04322624544,"{'SPY': 0.24999999999999994, 'QQQ': 0.14999999999999997, 'TLT': 0.14999999999999997, 'LQD': 0.14999999999999997, 'HYG': 0.19999999999999996, 'GLD': 0.09999999999999998}",2.220446049250313e-16
1475625600000,2016-10-05,282800.8414435252,"{'SPY': 0.24999999999999994, 'QQQ': 0.14999999999999997, 'TLT': 0.14999999999999997, 'LQD': 0.14999999999999997, 'HYG': 0.19999999999999996, 'GLD': 0.09999999999999998}",2.220446049250313e-16
1475712000000,2016-10-06,282365.9582064565,"{'SPY': 0.24999999999999994, 'QQQ': 0.14999999999999997, 'TLT': 0.14999999999999997, 'LQD': 0.14999999999999997, 'HYG': 0.19999999999999996, 'GLD': 0.09999999999999998}",2.220446049250313e-16
1475798400000,2016-10-07,282309.2034857426,"{'SPY': 0.24999999999999994, 'QQQ': 0.14999999999999997, 'TLT': 0.14999999999999997, 'LQD': 0.14999999999999997, 'HYG': 0.19999999999999996, 'GLD': 0.09999999999999998}",2.220446049250313e-16
1476057600000,2016-10-10,282956.1236996679,"{'SPY': 0.24999999999999994, 'QQQ': 0.14999999999999997, 'TLT': 0.14999999999999997, 'LQD': 0.14999999999999997, 'HYG': 0.19999999999999996, 'GLD': 0.09999999999999998}",2.220446049250313e-16
1476144000000,2016-10-11,280768.77005599067,"{'SPY': 0.24999999999999994, 'QQQ': 0.14999999999999997, 'TLT': 0.14999999999999997, 'LQD': 0.14999999999999997, 'HYG': 0.19999999999999996, 'GLD': 0.09999999999999998}",2.220446049250313e-16
1476230400000,2016-10-12,280946.8678928484,"{'SPY': 0.24999999999999994, 'QQQ': 0.14999999999999997, 'TLT': 0.14999999999999997, 'LQD': 0.14999999999999997, 'HYG': 0.19999999999999996, 'GLD': 0.09999999999999998}",2.220446049250313e-16
1476316800000,2016-10-13,280754.06605240784,"{'SPY': 0.24999999999999994, 'QQQ': 0.14999999999999997, 'TLT': 0.14999999999999997, 'LQD': 0.14999999999999997, 'HYG': 0.19999999999999996, 'GLD': 0.09999999999999998}",2.220446049250313e-16
1476403200000,2016-10-14,280027.06644585583,"{'SPY': 0.24999999999999994, 'QQQ': 0.14999999999999997, 'TLT': 0.14999999999999997, 'LQD': 0.14999999999999997, 'HYG': 0.19999999999999996, 'GLD': 0.09999999999999998}",2.220446049250313e-16
1476662400000,2016-10-17,280073.1808042388,"{'SPY': 0.24999999999999994, 'QQQ': 0.14999999999999997, 'TLT': 0.14999999999999997, 'LQD': 0.14999999999999997, 'HYG': 0.19999999999999996, 'GLD': 0.09999999999999998}",2.220446049250313e-16
1476748800000,2016-10-18,281524.5713102145,"{'SPY': 0.24999999999999994, 'QQQ': 0.14999999999999997, 'TLT': 0.14999999999999997, 'LQD': 0.14999999999999997, 'HYG': 0.19999999999999996, 'GLD': 0.09999999999999998}",2.220446049250313e-16
1476835200000,2016-10-19,282121.7837338072,"{'SPY': 0.24999999999999994, 'QQQ': 0.14999999999999997, 'TLT': 0.14999999999999997, 'LQD': 0.14999999999999997, 'HYG': 0.19999999999999996, 'GLD': 0.09999999999999998}",2.220446049250313e-16
1476921600000,2016-10-20,281890.8760949647,"{'SPY': 0.24999999999999994, 'QQQ': 0.14999999999999997, 'TLT': 0.14999999999999997, 'LQD': 0.14999999999999997, 'HYG': 0.19999999999999996, 'GLD': 0.09999999999999998}",2.220446049250313e-16
1477008000000,2016-10-21,282203.5440206342,"{'SPY': 0.24999999999999994, 'QQQ': 0.14999999999999997, 'TLT': 0.14999999999999997, 'LQD': 0.14999999999999997, 'HYG': 0.19999999999999996, 'GLD': 0.09999999999999998}",2.220446049250313e-16
1477267200000,2016-10-24,282676.45901126845,"{'SPY': 0.24999999999999994, 'QQQ': 0.14999999999999997, 'TLT': 0.14999999999999997, 'LQD': 0.14999999999999997, 'HYG': 0.19999999999999996, 'GLD': 0.09999999999999998}",2.220446049250313e-16
1477353600000,2016-10-25,282566.536990831,"{'SPY': 0.24999999999999994, 'QQQ': 0.14999999999999997, 'TLT': 0.14999999999999997, 'LQD': 0.14999999999999997, 'HYG': 0.19999999999999996, 'GLD': 0.09999999999999998}",2.220446049250313e-16
1477440000000,2016-10-26,281288.35401785455,"{'SPY': 0.24999999999999994, 'QQQ': 0.14999999999999997, 'TLT': 0.14999999999999997, 'LQD': 0.14999999999999997, 'HYG': 0.19999999999999996, 'GLD': 0.09999999999999998}",2.220446049250313e-16
1477526400000,2016-10-27,280102.14389508695,"{'SPY': 0.24999999999999994, 'QQQ': 0.14999999999999997, 'TLT': 0.14999999999999997, 'LQD': 0.14999999999999997, 'HYG': 0.19999999999999996, 'GLD': 0.09999999999999998}",2.220446049250313e-16
1477612800000,2016-10-28,279350.1017613052,"{'SPY': 0.24999999999999994, 'QQQ': 0.14999999999999997, 'TLT': 0.14999999999999997, 'LQD': 0.14999999999999997, 'HYG': 0.19999999999999996, 'GLD': 0.09999999999999998}",2.220446049250313e-16
1477872000000,2016-10-31,279411.65480500687,"{'SPY': 0.35, 'QQQ': 0.2, 'IWM': 0.15, 'HYG': 0.1, 'DBC': 0.1, 'GLD': 0.1}",0.0
1477958400000,2016-11-01,277972.6877272885,"{'SPY': 0.35, 'QQQ': 0.2, 'IWM': 0.15, 'HYG': 0.1, 'DBC': 0.1, 'GLD': 0.1}",0.0
1478044800000,2016-11-02,276160.45344739023,"{'SPY': 0.35, 'QQQ': 0.2, 'IWM': 0.15, 'HYG': 0.1, 'DBC': 0.1, 'GLD': 0.1}",0.0
1478131200000,2016-11-03,275036.36696288595,"{'SPY': 0.35, 'QQQ': 0.2, 'IWM': 0.15, 'HYG': 0.1, 'DBC': 0.1, 'GLD': 0.1}",0.0
1478217600000,2016-11-04,274849.92999968625,"{'SPY': 0.35, 'QQQ': 0.2, 'IWM': 0.15, 'HYG': 0.1, 'DBC': 0.1, 'GLD': 0.1}",0.0
1478476800000,2016-11-07,279287.86295401934,"{'SPY': 0.35, 'QQQ': 0.2, 'IWM': 0.15, 'HYG': 0.1, 'DBC': 0.1, 'GLD': 0.1}",0.0
1478563200000,2016-11-08,279986.47560652636,"{'SPY': 0.35, 'QQQ': 0.2, 'IWM': 0.15, 'HYG': 0.1, 'DBC': 0.1, 'GLD': 0.1}",0.0
1478649600000,2016-11-09,282495.7693329969,"{'SPY': 0.35, 'QQQ': 0.2, 'IWM': 0.15, 'HYG': 0.1, 'DBC': 0.1, 'GLD': 0.1}",0.0
1478736000000,2016-11-10,281487.80736581143,"{'SPY': 0.35, 'QQQ': 0.2, 'IWM': 0.15, 'HYG': 0.1, 'DBC': 0.1, 'GLD': 0.1}",0.0
1478822400000,2016-11-11,280831.59774621914,"{'SPY': 0.35, 'QQQ': 0.2, 'IWM': 0.15, 'HYG': 0.1, 'DBC': 0.1, 'GLD': 0.1}",0.0
1479081600000,2016-11-14,280846.0882268034,"{'SPY': 0.35, 'QQQ': 0.2, 'IWM': 0.15, 'HYG': 0.1, 'DBC': 0.1, 'GLD': 0.1}",0.0
1479168000000,2016-11-15,283762.6143157575,"{'SPY': 0.35, 'QQQ': 0.2, 'IWM': 0.15, 'HYG': 0.1, 'DBC': 0.1, 'GLD': 0.1}",0.0
1479254400000,2016-11-16,283364.2284785086,"{'SPY': 0.35, 'QQQ': 0.2, 'IWM': 0.15, 'HYG': 0.1, 'DBC': 0.1, 'GLD': 0.1}",0.0
1479340800000,2016-11-17,284371.6334721045,"{'SPY': 0.35, 'QQQ': 0.2, 'IWM': 0.15, 'HYG': 0.1, 'DBC': 0.1, 'GLD': 0.1}",0.0
1479427200000,2016-11-18,284147.15422121226,"{'SPY': 0.35, 'QQQ': 0.2, 'IWM': 0.15, 'HYG': 0.1, 'DBC': 0.1, 'GLD': 0.1}",0.0
1479686400000,2016-11-21,286816.13810050406,"{'SPY': 0.35, 'QQQ': 0.2, 'IWM': 0.15, 'HYG': 0.1, 'DBC': 0.1, 'GLD': 0.1}",0.0
1479772800000,2016-11-22,287742.5915028474,"{'SPY': 0.35, 'QQQ': 0.2, 'IWM': 0.15, 'HYG': 0.1, 'DBC': 0.1, 'GLD': 0.1}",0.0
1479859200000,2016-11-23,287271.9481876711,"{'SPY': 0.35, 'QQQ': 0.2, 'IWM': 0.15, 'HYG': 0.1, 'DBC': 0.1, 'GLD': 0.1}",0.0
1480032000000,2016-11-25,287637.4045866355,"{'SPY': 0.35, 'QQQ': 0.2, 'IWM': 0.15, 'HYG': 0.1, 'DBC': 0.1, 'GLD': 0.1}",0.0
1480291200000,2016-11-28,286870.45418375626,"{'SPY': 0.35, 'QQQ': 0.2, 'IWM': 0.15, 'HYG': 0.1, 'DBC': 0.1, 'GLD': 0.1}",0.0
1480377600000,2016-11-29,286500.09698200336,"{'SPY': 0.35, 'QQQ': 0.2, 'IWM': 0.15, 'HYG': 0.1, 'DBC': 0.1, 'GLD': 0.1}",0.0
1480464000000,2016-11-30,285857.0319191771,"{'SPY': 0.35, 'QQQ': 0.2, 'IWM': 0.15, 'HYG': 0.1, 'DBC': 0.1, 'GLD': 0.1}",0.0
1480550400000,2016-12-01,284631.76754388894,"{'SPY': 0.35, 'QQQ': 0.2, 'IWM': 0.15, 'HYG': 0.1, 'DBC': 0.1, 'GLD': 0.1}",0.0
1480636800000,2016-12-02,285298.5319901013,"{'SPY': 0.35, 'QQQ': 0.2, 'IWM': 0.15, 'HYG': 0.1, 'DBC': 0.1, 'GLD': 0.1}",0.0
1480896000000,2016-12-05,287145.16968886234,"{'SPY': 0.35, 'QQQ': 0.2, 'IWM': 0.15, 'HYG': 0.1, 'DBC': 0.1, 'GLD': 0.1}",0.0
1480982400000,2016-12-06,288054.95548614446,"{'SPY': 0.35, 'QQQ': 0.2, 'IWM': 0.15, 'HYG': 0.1, 'DBC': 0.1, 'GLD': 0.1}",0.0
1481068800000,2016-12-07,290549.73514321214,"{'SPY': 0.35, 'QQQ': 0.2, 'IWM': 0.15, 'HYG': 0.1, 'DBC': 0.1, 'GLD': 0.1}",0.0
1481155200000,2016-12-08,291573.5251048242,"{'SPY': 0.35, 'QQQ': 0.2, 'IWM': 0.15, 'HYG': 0.1, 'DBC': 0.1, 'GLD': 0.1}",0.0
1481241600000,2016-12-09,292590.92110737954,"{'SPY': 0.35, 'QQQ': 0.2, 'IWM': 0.15, 'HYG': 0.1, 'DBC': 0.1, 'GLD': 0.1}",0.0
1481500800000,2016-12-12,292003.9049202942,"{'SPY': 0.35, 'QQQ': 0.2, 'IWM': 0.15, 'HYG': 0.1, 'DBC': 0.1, 'GLD': 0.1}",0.0
1481587200000,2016-12-13,293473.45525788324,"{'SPY': 0.35, 'QQQ': 0.2, 'IWM': 0.15, 'HYG': 0.1, 'DBC': 0.1, 'GLD': 0.1}",0.0
1481673600000,2016-12-14,291023.37414108915,"{'SPY': 0.35, 'QQQ': 0.2, 'IWM': 0.15, 'HYG': 0.1, 'DBC': 0.1, 'GLD': 0.1}",0.0
1481760000000,2016-12-15,291438.7153890797,"{'SPY': 0.35, 'QQQ': 0.2, 'IWM': 0.15, 'HYG': 0.1, 'DBC': 0.1, 'GLD': 0.1}",0.0
1481846400000,2016-12-16,291293.83715528913,"{'SPY': 0.35, 'QQQ': 0.2, 'IWM': 0.15, 'HYG': 0.1, 'DBC': 0.1, 'GLD': 0.1}",0.0
1482105600000,2016-12-19,292093.03787567123,"{'SPY': 0.35, 'QQQ': 0.2, 'IWM': 0.15, 'HYG': 0.1, 'DBC': 0.1, 'GLD': 0.1}",0.0
1482192000000,2016-12-20,293039.64630241186,"{'SPY': 0.35, 'QQQ': 0.2, 'IWM': 0.15, 'HYG': 0.1, 'DBC': 0.1, 'GLD': 0.1}",0.0
1482278400000,2016-12-21,292322.0721535985,"{'SPY': 0.35, 'QQQ': 0.2, 'IWM': 0.15, 'HYG': 0.1, 'DBC': 0.1, 'GLD': 0.1}",0.0
1482364800000,2016-12-22,291557.136908111,"{'SPY': 0.35, 'QQQ': 0.2, 'IWM': 0.15, 'HYG': 0.1, 'DBC': 0.1, 'GLD': 0.1}",0.0
1482451200000,2016-12-23,292180.56287250156,"{'SPY': 0.35, 'QQQ': 0.2, 'IWM': 0.15, 'HYG': 0.1, 'DBC': 0.1, 'GLD': 0.1}",0.0
1482796800000,2016-12-27,293527.0615787523,"{'SPY': 0.35, 'QQQ': 0.2, 'IWM': 0.15, 'HYG': 0.1, 'DBC': 0.1, 'GLD': 0.1}",0.0
1482883200000,2016-12-28,291829.162451078,"{'SPY': 0.35, 'QQQ': 0.2, 'IWM': 0.15, 'HYG': 0.1, 'DBC': 0.1, 'GLD': 0.1}",0.0
1482969600000,2016-12-29,292223.3564836546,"{'SPY': 0.35, 'QQQ': 0.2, 'IWM': 0.15, 'HYG': 0.1, 'DBC': 0.1, 'GLD': 0.1}",0.0
1483056000000,2016-12-30,290966.0707113627,"{'SPY': 0.35, 'QQQ': 0.2, 'IWM': 0.15, 'HYG': 0.1, 'DBC': 0.1, 'GLD': 0.1}",0.0
1483401600000,2017-01-03,292482.893922073,"{'SPY': 0.35, 'QQQ': 0.2, 'IWM': 0.15, 'HYG': 0.1, 'DBC': 0.1, 'GLD': 0.1}",0.0
1483488000000,2017-01-04,294627.30486293475,"{'SPY': 0.35, 'QQQ': 0.2, 'IWM': 0.15, 'HYG': 0.1, 'DBC': 0.1, 'GLD': 0.1}",0.0
1483574400000,2017-01-05,294931.4967770673,"{'SPY': 0.35, 'QQQ': 0.2, 'IWM': 0.15, 'HYG': 0.1, 'DBC': 0.1, 'GLD': 0.1}",0.0
1483660800000,2017-01-06,295394.27876106754,"{'SPY': 0.35, 'QQQ': 0.2, 'IWM': 0.15, 'HYG': 0.1, 'DBC': 0.1, 'GLD': 0.1}",0.0
1483920000000,2017-01-09,294744.78464587405,"{'SPY': 0.35, 'QQQ': 0.2, 'IWM': 0.15, 'HYG': 0.1, 'DBC': 0.1, 'GLD': 0.1}",0.0
1484006400000,2017-01-10,295294.6007847941,"{'SPY': 0.35, 'QQQ': 0.2, 'IWM': 0.15, 'HYG': 0.1, 'DBC': 0.1, 'GLD': 0.1}",0.0
1484092800000,2017-01-11,296255.48812593985,"{'SPY': 0.35, 'QQQ': 0.2, 'IWM': 0.15, 'HYG': 0.1, 'DBC': 0.1, 'GLD': 0.1}",0.0
1484179200000,2017-01-12,296109.4851492393,"{'SPY': 0.35, 'QQQ': 0.2, 'IWM': 0.15, 'HYG': 0.1, 'DBC': 0.1, 'GLD': 0.1}",0.0
1484265600000,2017-01-13,296904.1433928012,"{'SPY': 0.35, 'QQQ': 0.2, 'IWM': 0.15, 'HYG': 0.1, 'DBC': 0.1, 'GLD': 0.1}",0.0
1484611200000,2017-01-17,296131.9972957589,"{'SPY': 0.35, 'QQQ': 0.2, 'IWM': 0.15, 'HYG': 0.1, 'DBC': 0.1, 'GLD': 0.1}",0.0
1484697600000,2017-01-18,296142.6130408514,"{'SPY': 0.35, 'QQQ': 0.2, 'IWM': 0.15, 'HYG': 0.1, 'DBC': 0.1, 'GLD': 0.1}",0.0
1484784000000,2017-01-19,295152.56307537766,"{'SPY': 0.35, 'QQQ': 0.2, 'IWM': 0.15, 'HYG': 0.1, 'DBC': 0.1, 'GLD': 0.1}",0.0
1484870400000,2017-01-20,296358.37133526726,"{'SPY': 0.35, 'QQQ': 0.2, 'IWM': 0.15, 'HYG': 0.1, 'DBC': 0.1, 'GLD': 0.1}",0.0
1485129600000,2017-01-23,296142.03393847035,"{'SPY': 0.35, 'QQQ': 0.2, 'IWM': 0.15, 'HYG': 0.1, 'DBC': 0.1, 'GLD': 0.1}",0.0
1485216000000,2017-01-24,297847.34775400074,"{'SPY': 0.35, 'QQQ': 0.2, 'IWM': 0.15, 'HYG': 0.1, 'DBC': 0.1, 'GLD': 0.1}",0.0
1485302400000,2017-01-25,299443.1093869567,"{'SPY': 0.35, 'QQQ': 0.2, 'IWM': 0.15, 'HYG': 0.1, 'DBC': 0.1, 'GLD': 0.1}",0.0
1485388800000,2017-01-26,299056.84281916026,"{'SPY': 0.35, 'QQQ': 0.2, 'IWM': 0.15, 'HYG': 0.1, 'DBC': 0.1, 'GLD': 0.1}",0.0
1485475200000,2017-01-27,298695.8330675766,"{'SPY': 0.35, 'QQQ': 0.2, 'IWM': 0.15, 'HYG': 0.1, 'DBC': 0.1, 'GLD': 0.1}",0.0
1485734400000,2017-01-30,296851.2885764608,"{'SPY': 0.35, 'QQQ': 0.2, 'IWM': 0.15, 'HYG': 0.1, 'DBC': 0.1, 'GLD': 0.1}",0.0
1485820800000,2017-01-31,297586.56395299855,"{'SPY': 0.35, 'QQQ': 0.2, 'IWM': 0.15, 'HYG': 0.1, 'DBC': 0.1, 'GLD': 0.1}",0.0
1485907200000,2017-02-01,298353.46611388365,"{'SPY': 0.35, 'QQQ': 0.2, 'IWM': 0.15, 'HYG': 0.1, 'DBC': 0.1, 'GLD': 0.1}",0.0
1485993600000,2017-02-02,298440.1820293843,"{'SPY': 0.35, 'QQQ': 0.2, 'IWM': 0.15, 'HYG': 0.1, 'DBC': 0.1, 'GLD': 0.1}",0.0
1486080000000,2017-02-03,300122.95157030737,"{'SPY': 0.35, 'QQQ': 0.2, 'IWM': 0.15, 'HYG': 0.1, 'DBC': 0.1, 'GLD': 0.1}",0.0
1486339200000,2017-02-06,299864.5288513086,"{'SPY': 0.35, 'QQQ': 0.2, 'IWM': 0.15, 'HYG': 0.1, 'DBC': 0.1, 'GLD': 0.1}",0.0
1486425600000,2017-02-07,299651.1995154574,"{'SPY': 0.35, 'QQQ': 0.2, 'IWM': 0.15, 'HYG': 0.1, 'DBC': 0.1, 'GLD': 0.1}",0.0
1486512000000,2017-02-08,300129.5665130213,"{'SPY': 0.35, 'QQQ': 0.2, 'IWM': 0.15, 'HYG': 0.1, 'DBC': 0.1, 'GLD': 0.1}",0.0
1486598400000,2017-02-09,301569.31712756725,"{'SPY': 0.35, 'QQQ': 0.2, 'IWM': 0.15, 'HYG': 0.1, 'DBC': 0.1, 'GLD': 0.1}",0.0
1486684800000,2017-02-10,302952.23698506097,"{'SPY': 0.35, 'QQQ': 0.2, 'IWM': 0.15, 'HYG': 0.1, 'DBC': 0.1, 'GLD': 0.1}",0.0
1486944000000,2017-02-13,303489.54893075814,"{'SPY': 0.35, 'QQQ': 0.2, 'IWM': 0.15, 'HYG': 0.1, 'DBC': 0.1, 'GLD': 0.1}",0.0
1487030400000,2017-02-14,304361.9055922473,"{'SPY': 0.35, 'QQQ': 0.2, 'IWM': 0.15, 'HYG': 0.1, 'DBC': 0.1, 'GLD': 0.1}",0.0
1487116800000,2017-02-15,305735.0993879726,"{'SPY': 0.35, 'QQQ': 0.2, 'IWM': 0.15, 'HYG': 0.1, 'DBC': 0.1, 'GLD': 0.1}",0.0
1487203200000,2017-02-16,305444.3888519181,"{'SPY': 0.35, 'QQQ': 0.2, 'IWM': 0.15, 'HYG': 0.1, 'DBC': 0.1, 'GLD': 0.1}",0.0
1487289600000,2017-02-17,305717.904733984,"{'SPY': 0.35, 'QQQ': 0.2, 'IWM': 0.15, 'HYG': 0.1, 'DBC': 0.1, 'GLD': 0.1}",0.0
1487635200000,2017-02-21,307096.34469416225,"{'SPY': 0.35, 'QQQ': 0.2, 'IWM': 0.15, 'HYG': 0.1, 'DBC': 0.1, 'GLD': 0.1}",0.0
1487721600000,2017-02-22,306720.4943122293,"{'SPY': 0.35, 'QQQ': 0.2, 'IWM': 0.15, 'HYG': 0.1, 'DBC': 0.1, 'GLD': 0.1}",0.0
1487808000000,2017-02-23,306682.8377090012,"{'SPY': 0.35, 'QQQ': 0.2, 'IWM': 0.15, 'HYG': 0.1, 'DBC': 0.1, 'GLD': 0.1}",0.0
1487894400000,2017-02-24,307065.6828744292,"{'SPY': 0.35, 'QQQ': 0.2, 'IWM': 0.15, 'HYG': 0.1, 'DBC': 0.1, 'GLD': 0.1}",0.0
1488153600000,2017-02-27,307568.80082163925,"{'SPY': 0.35, 'QQQ': 0.2, 'IWM': 0.15, 'HYG': 0.1, 'DBC': 0.1, 'GLD': 0.1}",0.0
1488240000000,2017-02-28,306499.64961629745,"{'SPY': 0.35, 'QQQ': 0.2, 'IWM': 0.15, 'HYG': 0.1, 'DBC': 0.1, 'GLD': 0.1}",0.0
1488326400000,2017-03-01,309717.0118059847,"{'SPY': 0.35, 'QQQ': 0.2, 'IWM': 0.15, 'HYG': 0.1, 'DBC': 0.1, 'GLD': 0.1}",0.0
1488412800000,2017-03-02,307216.7655662965,"{'SPY': 0.35, 'QQQ': 0.2, 'IWM': 0.15, 'HYG': 0.1, 'DBC': 0.1, 'GLD': 0.1}",0.0
1488499200000,2017-03-03,307517.82679313846,"{'SPY': 0.35, 'QQQ': 0.2, 'IWM': 0.15, 'HYG': 0.1, 'DBC': 0.1, 'GLD': 0.1}",0.0
1488758400000,2017-03-06,306401.2066819005,"{'SPY': 0.35, 'QQQ': 0.2, 'IWM': 0.15, 'HYG': 0.1, 'DBC': 0.1, 'GLD': 0.1}",0.0
1488844800000,2017-03-07,305093.9956199387,"{'SPY': 0.35, 'QQQ': 0.2, 'IWM': 0.15, 'HYG': 0.1, 'DBC': 0.1, 'GLD': 0.1}",0.0
1488931200000,2017-03-08,303621.79242918844,"{'SPY': 0.35, 'QQQ': 0.2, 'IWM': 0.15, 'HYG': 0.1, 'DBC': 0.1, 'GLD': 0.1}",0.0
1489017600000,2017-03-09,303125.6606350664,"{'SPY': 0.35, 'QQQ': 0.2, 'IWM': 0.15, 'HYG': 0.1, 'DBC': 0.1, 'GLD': 0.1}",0.0
1489104000000,2017-03-10,303727.50474343647,"{'SPY': 0.35, 'QQQ': 0.2, 'IWM': 0.15, 'HYG': 0.1, 'DBC': 0.1, 'GLD': 0.1}",0.0
1489363200000,2017-03-13,303979.26513731986,"{'SPY': 0.35, 'QQQ': 0.2, 'IWM': 0.15, 'HYG': 0.1, 'DBC': 0.1, 'GLD': 0.1}",0.0
1489449600000,2017-03-14,302828.6100530686,"{'SPY': 0.35, 'QQQ': 0.2, 'IWM': 0.15, 'HYG': 0.1, 'DBC': 0.1, 'GLD': 0.1}",0.0
1489536000000,2017-03-15,306071.95032342605,"{'SPY': 0.35, 'QQQ': 0.2, 'IWM': 0.15, 'HYG': 0.1, 'DBC': 0.1, 'GLD': 0.1}",0.0
1489622400000,2017-03-16,305877.3524546191,"{'SPY': 0.35, 'QQQ': 0.2, 'IWM': 0.15, 'HYG': 0.1, 'DBC': 0.1, 'GLD': 0.1}",0.0
1489708800000,2017-03-17,306032.013855126,"{'SPY': 0.35, 'QQQ': 0.2, 'IWM': 0.15, 'HYG': 0.1, 'DBC': 0.1, 'GLD': 0.1}",0.0
1489968000000,2017-03-20,305827.2189213652,"{'SPY': 0.35, 'QQQ': 0.2, 'IWM': 0.15, 'HYG': 0.1, 'DBC': 0.1, 'GLD': 0.1}",0.0
1490054400000,2017-03-21,302116.9306799356,"{'SPY': 0.35, 'QQQ': 0.2, 'IWM': 0.15, 'HYG': 0.1, 'DBC': 0.1, 'GLD': 0.1}",0.0
1490140800000,2017-03-22,302912.68235369615,"{'SPY': 0.35, 'QQQ': 0.2, 'IWM': 0.15, 'HYG': 0.1, 'DBC': 0.1, 'GLD': 0.1}",0.0
1490227200000,2017-03-23,302819.7737747175,"{'SPY': 0.35, 'QQQ': 0.2, 'IWM': 0.15, 'HYG': 0.1, 'DBC': 0.1, 'GLD': 0.1}",0.0
1490313600000,2017-03-24,303156.42550308723,"{'SPY': 0.35, 'QQQ': 0.2, 'IWM': 0.15, 'HYG': 0.1, 'DBC': 0.1, 'GLD': 0.1}",0.0
1490572800000,2017-03-27,303328.2835234894,"{'SPY': 0.35, 'QQQ': 0.2, 'IWM': 0.15, 'HYG': 0.1, 'DBC': 0.1, 'GLD': 0.1}",0.0
1490659200000,2017-03-28,305053.15683712275,"{'SPY': 0.35, 'QQQ': 0.2, 'IWM': 0.15, 'HYG': 0.1, 'DBC': 0.1, 'GLD': 0.1}",0.0
1490745600000,2017-03-29,306006.2799101966,"{'SPY': 0.35, 'QQQ': 0.2, 'IWM': 0.15, 'HYG': 0.1, 'DBC': 0.1, 'GLD': 0.1}",0.0
1490832000000,2017-03-30,306840.6198079941,"{'SPY': 0.35, 'QQQ': 0.2, 'IWM': 0.15, 'HYG': 0.1, 'DBC': 0.1, 'GLD': 0.1}",0.0
1490918400000,2017-03-31,306737.67679834715,"{'SPY': 0.35, 'QQQ': 0.2, 'IWM': 0.15, 'HYG': 0.1, 'DBC': 0.1, 'GLD': 0.1}",0.0
1491177600000,2017-04-03,306053.8448310709,"{'SPY': 0.35, 'QQQ': 0.2, 'IWM': 0.15, 'HYG': 0.1, 'DBC': 0.1, 'GLD': 0.1}",0.0
1491264000000,2017-04-04,306548.066214983,"{'SPY': 0.35, 'QQQ': 0.2, 'IWM': 0.15, 'HYG': 0.1, 'DBC': 0.1, 'GLD': 0.1}",0.0
1491350400000,2017-04-05,305493.6745354257,"{'SPY': 0.35, 'QQQ': 0.2, 'IWM': 0.15, 'HYG': 0.1, 'DBC': 0.1, 'GLD': 0.1}",0.0
1491436800000,2017-04-06,306258.85781596106,"{'SPY': 0.35, 'QQQ': 0.2, 'IWM': 0.15, 'HYG': 0.1, 'DBC': 0.1, 'GLD': 0.1}",0.0
1491523200000,2017-04-07,306234.45373980753,"{'SPY': 0.35, 'QQQ': 0.2, 'IWM': 0.15, 'HYG': 0.1, 'DBC': 0.1, 'GLD': 0.1}",0.0
1491782400000,2017-04-10,306703.6529743139,"{'SPY': 0.35, 'QQQ': 0.2, 'IWM': 0.15, 'HYG': 0.1, 'DBC': 0.1, 'GLD': 0.1}",0.0
1491868800000,2017-04-11,307120.75888353825,"{'SPY': 0.35, 'QQQ': 0.2, 'IWM': 0.15, 'HYG': 0.1, 'DBC': 0.1, 'GLD': 0.1}",0.0
1491955200000,2017-04-12,306007.6310338949,"{'SPY': 0.35, 'QQQ': 0.2, 'IWM': 0.15, 'HYG': 0.1, 'DBC': 0.1, 'GLD': 0.1}",0.0
1492041600000,2017-04-13,304800.98216119886,"{'SPY': 0.35, 'QQQ': 0.2, 'IWM': 0.15, 'HYG': 0.1, 'DBC': 0.1, 'GLD': 0.1}",0.0
1492387200000,2017-04-17,306613.4803214187,"{'SPY': 0.35, 'QQQ': 0.2, 'IWM': 0.15, 'HYG': 0.1, 'DBC': 0.1, 'GLD': 0.1}",0.0
1492473600000,2017-04-18,306230.06146670465,"{'SPY': 0.35, 'QQQ': 0.2, 'IWM': 0.15, 'HYG': 0.1, 'DBC': 0.1, 'GLD': 0.1}",0.0
1492560000000,2017-04-19,305455.9180122447,"{'SPY': 0.35, 'QQQ': 0.2, 'IWM': 0.15, 'HYG': 0.1, 'DBC': 0.1, 'GLD': 0.1}",0.0
1492646400000,2017-04-20,307459.31698557385,"{'SPY': 0.35, 'QQQ': 0.2, 'IWM': 0.15, 'HYG': 0.1, 'DBC': 0.1, 'GLD': 0.1}",0.0
1492732800000,2017-04-21,306757.3685019373,"{'SPY': 0.35, 'QQQ': 0.2, 'IWM': 0.15, 'HYG': 0.1, 'DBC': 0.1, 'GLD': 0.1}",0.0
1492992000000,2017-04-24,309085.114784231,"{'SPY': 0.35, 'QQQ': 0.2, 'IWM': 0.15, 'HYG': 0.1, 'DBC': 0.1, 'GLD': 0.1}",0.0
1493078400000,2017-04-25,310500.2587318332,"{'SPY': 0.35, 'QQQ': 0.2, 'IWM': 0.15, 'HYG': 0.1, 'DBC': 0.1, 'GLD': 0.1}",0.0
1493164800000,2017-04-26,310542.2064929612,"{'SPY': 0.35, 'QQQ': 0.2, 'IWM': 0.15, 'HYG': 0.1, 'DBC': 0.1, 'GLD': 0.1}",0.0
1493251200000,2017-04-27,310732.0495968135,"{'SPY': 0.35, 'QQQ': 0.2, 'IWM': 0.15, 'HYG': 0.1, 'DBC': 0.1, 'GLD': 0.1}",0.0
1493337600000,2017-04-28,309968.11802151945,"{'SPY': 0.35, 'QQQ': 0.2, 'IWM': 0.15, 'HYG': 0.05, 'DBC': 0.1, 'GLD': 0.1, 'SHY': 0.05}",0.0
1493596800000,2017-05-01,310838.43190680695,"{'SPY': 0.35, 'QQQ': 0.2, 'IWM': 0.15, 'HYG': 0.05, 'DBC': 0.1, 'GLD': 0.1, 'SHY': 0.05}",0.0
1493683200000,2017-05-02,310417.2274329221,"{'SPY': 0.35, 'QQQ': 0.2, 'IWM': 0.15, 'HYG': 0.05, 'DBC': 0.1, 'GLD': 0.1, 'SHY': 0.05}",0.0
1493769600000,2017-05-03,309241.6752951224,"{'SPY': 0.35, 'QQQ': 0.2, 'IWM': 0.15, 'HYG': 0.05, 'DBC': 0.1, 'GLD': 0.1, 'SHY': 0.05}",0.0
1493856000000,2017-05-04,308190.3370921182,"{'SPY': 0.35, 'QQQ': 0.2, 'IWM': 0.15, 'HYG': 0.05, 'DBC': 0.1, 'GLD': 0.1, 'SHY': 0.05}",0.0
1493942400000,2017-05-05,309660.0639235079,"{'SPY': 0.35, 'QQQ': 0.2, 'IWM': 0.15, 'HYG': 0.05, 'DBC': 0.1, 'GLD': 0.1, 'SHY': 0.05}",0.0
1494201600000,2017-05-08,309396.2620267132,"{'SPY': 0.35, 'QQQ': 0.2, 'IWM': 0.15, 'HYG': 0.05, 'DBC': 0.1, 'GLD': 0.1, 'SHY': 0.05}",0.0
1494288000000,2017-05-09,309138.3993576313,"{'SPY': 0.35, 'QQQ': 0.2, 'IWM': 0.15, 'HYG': 0.05, 'DBC': 0.1, 'GLD': 0.1, 'SHY': 0.05}",0.0
1494374400000,2017-05-10,310220.91796590236,"{'SPY': 0.35, 'QQQ': 0.2, 'IWM': 0.15, 'HYG': 0.05, 'DBC': 0.1, 'GLD': 0.1, 'SHY': 0.05}",0.0
1494460800000,2017-05-11,309879.97898410127,"{'SPY': 0.35, 'QQQ': 0.2, 'IWM': 0.15, 'HYG': 0.05, 'DBC': 0.1, 'GLD': 0.1, 'SHY': 0.05}",0.0
1494547200000,2017-05-12,309693.0731195183,"{'SPY': 0.35, 'QQQ': 0.2, 'IWM': 0.15, 'HYG': 0.05, 'DBC': 0.1, 'GLD': 0.1, 'SHY': 0.05}",0.0
1494806400000,2017-05-15,311134.91660614754,"{'SPY': 0.35, 'QQQ': 0.2, 'IWM': 0.15, 'HYG': 0.05, 'DBC': 0.1, 'GLD': 0.1, 'SHY': 0.05}",0.0
1494892800000,2017-05-16,311512.3350348487,"{'SPY': 0.35, 'QQQ': 0.2, 'IWM': 0.15, 'HYG': 0.05, 'DBC': 0.1, 'GLD': 0.1, 'SHY': 0.05}",0.0
1494979200000,2017-05-17,307459.0165318651,"{'SPY': 0.35, 'QQQ': 0.2, 'IWM': 0.15, 'HYG': 0.05, 'DBC': 0.1, 'GLD': 0.1, 'SHY': 0.05}",0.0
1495065600000,2017-05-18,308273.5809223199,"{'SPY': 0.35, 'QQQ': 0.2, 'IWM': 0.15, 'HYG': 0.05, 'DBC': 0.1, 'GLD': 0.1, 'SHY': 0.05}",0.0
1495152000000,2017-05-19,310247.4901344819,"{'SPY': 0.35, 'QQQ': 0.2, 'IWM': 0.15, 'HYG': 0.05, 'DBC': 0.1, 'GLD': 0.1, 'SHY': 0.05}",0.0
1495411200000,2017-05-22,312013.57877208194,"{'SPY': 0.35, 'QQQ': 0.2, 'IWM': 0.15, 'HYG': 0.05, 'DBC': 0.1, 'GLD': 0.1, 'SHY': 0.05}",0.0
1495497600000,2017-05-23,312163.8852694665,"{'SPY': 0.35, 'QQQ': 0.2, 'IWM': 0.15, 'HYG': 0.05, 'DBC': 0.1, 'GLD': 0.1, 'SHY': 0.05}",0.0
1495584000000,2017-05-24,312833.5475510883,"{'SPY': 0.35, 'QQQ': 0.2, 'IWM': 0.15, 'HYG': 0.05, 'DBC': 0.1, 'GLD': 0.1, 'SHY': 0.05}",0.0
1495670400000,2017-05-25,313189.7341887902,"{'SPY': 0.35, 'QQQ': 0.2, 'IWM': 0.15, 'HYG': 0.05, 'DBC': 0.1, 'GLD': 0.1, 'SHY': 0.05}",0.0
1495756800000,2017-05-26,313782.7789165639,"{'SPY': 0.35, 'QQQ': 0.2, 'IWM': 0.15, 'HYG': 0.05, 'DBC': 0.1, 'GLD': 0.1, 'SHY': 0.05}",0.0
1496102400000,2017-05-30,313035.2264578725,"{'SPY': 0.35, 'QQQ': 0.2, 'IWM': 0.15, 'HYG': 0.05, 'DBC': 0.1, 'GLD': 0.1, 'SHY': 0.05}",0.0
1496188800000,2017-05-31,312723.25324140984,"{'SPY': 0.35, 'QQQ': 0.2, 'IWM': 0.15, 'HYG': 0.05, 'DBC': 0.1, 'GLD': 0.1, 'SHY': 0.05}",0.0
1496275200000,2017-06-01,314596.33206229826,"{'SPY': 0.35, 'QQQ': 0.2, 'IWM': 0.15, 'HYG': 0.05, 'DBC': 0.1, 'GLD': 0.1, 'SHY': 0.05}",0.0
1496361600000,2017-06-02,316087.08227907243,"{'SPY': 0.35, 'QQQ': 0.2, 'IWM': 0.15, 'HYG': 0.05, 'DBC': 0.1, 'GLD': 0.1, 'SHY': 0.05}",0.0
1496620800000,2017-06-05,315525.7733414982,"{'SPY': 0.35, 'QQQ': 0.2, 'IWM': 0.15, 'HYG': 0.05, 'DBC': 0.1, 'GLD': 0.1, 'SHY': 0.05}",0.0
1496707200000,2017-06-06,315433.5091045277,"{'SPY': 0.35, 'QQQ': 0.2, 'IWM': 0.15, 'HYG': 0.05, 'DBC': 0.1, 'GLD': 0.1, 'SHY': 0.05}",0.0
1496793600000,2017-06-07,315288.2004862229,"{'SPY': 0.35, 'QQQ': 0.2, 'IWM': 0.15, 'HYG': 0.05, 'DBC': 0.1, 'GLD': 0.1, 'SHY': 0.05}",0.0
1496880000000,2017-06-08,315857.8741143465,"{'SPY': 0.35, 'QQQ': 0.2, 'IWM': 0.15, 'HYG': 0.05, 'DBC': 0.1, 'GLD': 0.1, 'SHY': 0.05}",0.0
1496966400000,2017-06-09,314252.06778841803,"{'SPY': 0.35, 'QQQ': 0.2, 'IWM': 0.15, 'HYG': 0.05, 'DBC': 0.1, 'GLD': 0.1, 'SHY': 0.05}",0.0
1497225600000,2017-06-12,313508.836581319,"{'SPY': 0.35, 'QQQ': 0.2, 'IWM': 0.15, 'HYG': 0.05, 'DBC': 0.1, 'GLD': 0.1, 'SHY': 0.05}",0.0
1497312000000,2017-06-13,314985.8845957943,"{'SPY': 0.35, 'QQQ': 0.2, 'IWM': 0.15, 'HYG': 0.05, 'DBC': 0.1, 'GLD': 0.1, 'SHY': 0.05}",0.0
1497398400000,2017-06-14,313577.1113400341,"{'SPY': 0.35, 'QQQ': 0.2, 'IWM': 0.15, 'HYG': 0.05, 'DBC': 0.1, 'GLD': 0.1, 'SHY': 0.05}",0.0
1497484800000,2017-06-15,312785.7693910771,"{'SPY': 0.35, 'QQQ': 0.2, 'IWM': 0.15, 'HYG': 0.05, 'DBC': 0.1, 'GLD': 0.1, 'SHY': 0.05}",0.0
1497571200000,2017-06-16,312541.0347227176,"{'SPY': 0.35, 'QQQ': 0.2, 'IWM': 0.15, 'HYG': 0.05, 'DBC': 0.1, 'GLD': 0.1, 'SHY': 0.05}",0.0
1497830400000,2017-06-19,314445.7776731714,"{'SPY': 0.35, 'QQQ': 0.2, 'IWM': 0.15, 'HYG': 0.05, 'DBC': 0.1, 'GLD': 0.1, 'SHY': 0.05}",0.0
1497916800000,2017-06-20,312300.03599947423,"{'SPY': 0.35, 'QQQ': 0.2, 'IWM': 0.15, 'HYG': 0.05, 'DBC': 0.1, 'GLD': 0.1, 'SHY': 0.05}",0.0
1498003200000,2017-06-21,312438.3151309207,"{'SPY': 0.35, 'QQQ': 0.2, 'IWM': 0.15, 'HYG': 0.05, 'DBC': 0.1, 'GLD': 0.1, 'SHY': 0.05}",0.0
1498089600000,2017-06-22,312744.76722816774,"{'SPY': 0.35, 'QQQ': 0.2, 'IWM': 0.15, 'HYG': 0.05, 'DBC': 0.1, 'GLD': 0.1, 'SHY': 0.05}",0.0
1498176000000,2017-06-23,313771.0169117501,"{'SPY': 0.35, 'QQQ': 0.2, 'IWM': 0.15, 'HYG': 0.05, 'DBC': 0.1, 'GLD': 0.1, 'SHY': 0.05}",0.0
1498435200000,2017-06-26,313415.1999790139,"{'SPY': 0.35, 'QQQ': 0.2, 'IWM': 0.15, 'HYG': 0.05, 'DBC': 0.1, 'GLD': 0.1, 'SHY': 0.05}",0.0
1498521600000,2017-06-27,311403.55725941283,"{'SPY': 0.35, 'QQQ': 0.2, 'IWM': 0.15, 'HYG': 0.05, 'DBC': 0.1, 'GLD': 0.1, 'SHY': 0.05}",0.0
1498608000000,2017-06-28,314286.4197720426,"{'SPY': 0.35, 'QQQ': 0.2, 'IWM': 0.15, 'HYG': 0.05, 'DBC': 0.1, 'GLD': 0.1, 'SHY': 0.05}",0.0
1498694400000,2017-06-29,311881.8603982394,"{'SPY': 0.35, 'QQQ': 0.2, 'IWM': 0.15, 'HYG': 0.05, 'DBC': 0.1, 'GLD': 0.1, 'SHY': 0.05}",0.0
1498780800000,2017-06-30,312616.36230877944,"{'SPY': 0.35, 'QQQ': 0.2, 'IWM': 0.15, 'HYG': 0.1, 'DBC': 0.1, 'GLD': 0.1}",0.0
1499040000000,2017-07-03,312333.9038697078,"{'SPY': 0.35, 'QQQ': 0.2, 'IWM': 0.15, 'HYG': 0.1, 'DBC': 0.1, 'GLD': 0.1}",0.0
1499212800000,2017-07-05,312653.29299349815,"{'SPY': 0.35, 'QQQ': 0.2, 'IWM': 0.15, 'HYG': 0.1, 'DBC': 0.1, 'GLD': 0.1}",0.0
1499299200000,2017-07-06,310406.50408199994,"{'SPY': 0.35, 'QQQ': 0.2, 'IWM': 0.15, 'HYG': 0.1, 'DBC': 0.1, 'GLD': 0.1}",0.0
1499385600000,2017-07-07,311584.94199154095,"{'SPY': 0.35, 'QQQ': 0.2, 'IWM': 0.15, 'HYG': 0.1, 'DBC': 0.1, 'GLD': 0.1}",0.0
1499644800000,2017-07-10,312124.3513514071,"{'SPY': 0.35, 'QQQ': 0.2, 'IWM': 0.15, 'HYG': 0.1, 'DBC': 0.1, 'GLD': 0.1}",0.0
1499731200000,2017-07-11,312680.58783859963,"{'SPY': 0.35, 'QQQ': 0.2, 'IWM': 0.15, 'HYG': 0.1, 'DBC': 0.1, 'GLD': 0.1}",0.0
1499817600000,2017-07-12,314768.93596725445,"{'SPY': 0.35, 'QQQ': 0.2, 'IWM': 0.15, 'HYG': 0.1, 'DBC': 0.1, 'GLD': 0.1}",0.0
1499904000000,2017-07-13,315078.9097674219,"{'SPY': 0.35, 'QQQ': 0.2, 'IWM': 0.15, 'HYG': 0.1, 'DBC': 0.1, 'GLD': 0.1}",0.0
1499990400000,2017-07-14,316867.9748104607,"{'SPY': 0.35, 'QQQ': 0.2, 'IWM': 0.15, 'HYG': 0.1, 'DBC': 0.1, 'GLD': 0.1}",0.0
1500249600000,2017-07-17,317039.10556231975,"{'SPY': 0.35, 'QQQ': 0.2, 'IWM': 0.15, 'HYG': 0.1, 'DBC': 0.1, 'GLD': 0.1}",0.0
1500336000000,2017-07-18,317764.9480015072,"{'SPY': 0.35, 'QQQ': 0.2, 'IWM': 0.15, 'HYG': 0.1, 'DBC': 0.1, 'GLD': 0.1}",0.0
1500422400000,2017-07-19,319544.21725577256,"{'SPY': 0.35, 'QQQ': 0.2, 'IWM': 0.15, 'HYG': 0.1, 'DBC': 0.1, 'GLD': 0.1}",0.0
1500508800000,2017-07-20,319729.60747054016,"{'SPY': 0.35, 'QQQ': 0.2, 'IWM': 0.15, 'HYG': 0.1, 'DBC': 0.1, 'GLD': 0.1}",0.0
1500595200000,2017-07-21,319199.808101394,"{'SPY': 0.35, 'QQQ': 0.2, 'IWM': 0.15, 'HYG': 0.1, 'DBC': 0.1, 'GLD': 0.1}",0.0
1500854400000,2017-07-24,319637.04070784175,"{'SPY': 0.35, 'QQQ': 0.2, 'IWM': 0.15, 'HYG': 0.1, 'DBC': 0.1, 'GLD': 0.1}",0.0
1500940800000,2017-07-25,320445.30776751385,"{'SPY': 0.35, 'QQQ': 0.2, 'IWM': 0.15, 'HYG': 0.1, 'DBC': 0.1, 'GLD': 0.1}",0.0
1501027200000,2017-07-26,321003.5615886288,"{'SPY': 0.35, 'QQQ': 0.2, 'IWM': 0.15, 'HYG': 0.1, 'DBC': 0.1, 'GLD': 0.1}",0.0
1501113600000,2017-07-27,320336.0314220581,"{'SPY': 0.35, 'QQQ': 0.2, 'IWM': 0.15, 'HYG': 0.1, 'DBC': 0.1, 'GLD': 0.1}",0.0
1501200000000,2017-07-28,320439.45124966913,"{'SPY': 0.35, 'QQQ': 0.2, 'IWM': 0.15, 'HYG': 0.1, 'DBC': 0.1, 'GLD': 0.1}",0.0
1501459200000,2017-07-31,320160.542332241,"{'SPY': 0.35, 'QQQ': 0.2, 'IWM': 0.15, 'HYG': 0.1, 'DBC': 0.1, 'GLD': 0.1}",0.0
1501545600000,2017-08-01,320292.88765319897,"{'SPY': 0.35, 'QQQ': 0.2, 'IWM': 0.15, 'HYG': 0.1, 'DBC': 0.1, 'GLD': 0.1}",0.0
1501632000000,2017-08-02,320001.5518882331,"{'SPY': 0.35, 'QQQ': 0.2, 'IWM': 0.15, 'HYG': 0.1, 'DBC': 0.1, 'GLD': 0.1}",0.0
1501718400000,2017-08-03,319048.58681536827,"{'SPY': 0.35, 'QQQ': 0.2, 'IWM': 0.15, 'HYG': 0.1, 'DBC': 0.1, 'GLD': 0.1}",0.0
1501804800000,2017-08-04,319424.2038938385,"{'SPY': 0.35, 'QQQ': 0.2, 'IWM': 0.15, 'HYG': 0.1, 'DBC': 0.1, 'GLD': 0.1}",0.0
1502064000000,2017-08-07,320128.227624309,"{'SPY': 0.35, 'QQQ': 0.2, 'IWM': 0.15, 'HYG': 0.1, 'DBC': 0.1, 'GLD': 0.1}",0.0
1502150400000,2017-08-08,319569.0743548503,"{'SPY': 0.35, 'QQQ': 0.2, 'IWM': 0.15, 'HYG': 0.1, 'DBC': 0.1, 'GLD': 0.1}",0.0
1502236800000,2017-08-09,319544.3979915874,"{'SPY': 0.35, 'QQQ': 0.2, 'IWM': 0.15, 'HYG': 0.1, 'DBC': 0.1, 'GLD': 0.1}",0.0
1502323200000,2017-08-10,315267.09854859055,"{'SPY': 0.35, 'QQQ': 0.2, 'IWM': 0.15, 'HYG': 0.1, 'DBC': 0.1, 'GLD': 0.1}",0.0
1502409600000,2017-08-11,316288.70244396233,"{'SPY': 0.35, 'QQQ': 0.2, 'IWM': 0.15, 'HYG': 0.1, 'DBC': 0.1, 'GLD': 0.1}",0.0
1502668800000,2017-08-14,318584.6559962017,"{'SPY': 0.35, 'QQQ': 0.2, 'IWM': 0.15, 'HYG': 0.1, 'DBC': 0.1, 'GLD': 0.1}",0.0
1502755200000,2017-08-15,317835.2015760539,"{'SPY': 0.35, 'QQQ': 0.2, 'IWM': 0.15, 'HYG': 0.1, 'DBC': 0.1, 'GLD': 0.1}",0.0
1502841600000,2017-08-16,318303.69663979544,"{'SPY': 0.35, 'QQQ': 0.2, 'IWM': 0.15, 'HYG': 0.1, 'DBC': 0.1, 'GLD': 0.1}",0.0
1502928000000,2017-08-17,314465.1454398941,"{'SPY': 0.35, 'QQQ': 0.2, 'IWM': 0.15, 'HYG': 0.1, 'DBC': 0.1, 'GLD': 0.1}",0.0
1503014400000,2017-08-18,314803.8657780472,"{'SPY': 0.35, 'QQQ': 0.2, 'IWM': 0.15, 'HYG': 0.1, 'DBC': 0.1, 'GLD': 0.1}",0.0
1503273600000,2017-08-21,314547.3228110048,"{'SPY': 0.35, 'QQQ': 0.2, 'IWM': 0.15, 'HYG': 0.1, 'DBC': 0.1, 'GLD': 0.1}",0.0
1503360000000,2017-08-22,317242.60178380355,"{'SPY': 0.35, 'QQQ': 0.2, 'IWM': 0.15, 'HYG': 0.1, 'DBC': 0.1, 'GLD': 0.1}",0.0
1503446400000,2017-08-23,316945.31917205255,"{'SPY': 0.35, 'QQQ': 0.2, 'IWM': 0.15, 'HYG': 0.1, 'DBC': 0.1, 'GLD': 0.1}",0.0
1503532800000,2017-08-24,316574.22892588226,"{'SPY': 0.35, 'QQQ': 0.2, 'IWM': 0.15, 'HYG': 0.1, 'DBC': 0.1, 'GLD': 0.1}",0.0
1503619200000,2017-08-25,316945.1646137676,"{'SPY': 0.35, 'QQQ': 0.2, 'IWM': 0.15, 'HYG': 0.1, 'DBC': 0.1, 'GLD': 0.1}",0.0
1503878400000,2017-08-28,317876.21474516724,"{'SPY': 0.35, 'QQQ': 0.2, 'IWM': 0.15, 'HYG': 0.1, 'DBC': 0.1, 'GLD': 0.1}",0.0
1503964800000,2017-08-29,318155.5213252683,"{'SPY': 0.35, 'QQQ': 0.2, 'IWM': 0.15, 'HYG': 0.1, 'DBC': 0.1, 'GLD': 0.1}",0.0
1504051200000,2017-08-30,319571.0989704906,"{'SPY': 0.35, 'QQQ': 0.2, 'IWM': 0.15, 'HYG': 0.1, 'DBC': 0.1, 'GLD': 0.1}",0.0
1504137600000,2017-08-31,322753.874680078,"{'SPY': 0.35, 'QQQ': 0.2, 'IWM': 0.15, 'HYG': 0.1, 'DBC': 0.1, 'GLD': 0.1}",0.0
1504224000000,2017-09-01,323236.26086740615,"{'SPY': 0.35, 'QQQ': 0.2, 'IWM': 0.15, 'HYG': 0.1, 'DBC': 0.1, 'GLD': 0.1}",0.0
1504569600000,2017-09-05,321727.8268339832,"{'SPY': 0.35, 'QQQ': 0.2, 'IWM': 0.15, 'HYG': 0.1, 'DBC': 0.1, 'GLD': 0.1}",0.0
1504656000000,2017-09-06,322541.0080056564,"{'SPY': 0.35, 'QQQ': 0.2, 'IWM': 0.15, 'HYG': 0.1, 'DBC': 0.1, 'GLD': 0.1}",0.0
1504742400000,2017-09-07,322875.32185667,"{'SPY': 0.35, 'QQQ': 0.2, 'IWM': 0.15, 'HYG': 0.1, 'DBC': 0.1, 'GLD': 0.1}",0.0
1504828800000,2017-09-08,321719.62779794505,"{'SPY': 0.35, 'QQQ': 0.2, 'IWM': 0.15, 'HYG': 0.1, 'DBC': 0.1, 'GLD': 0.1}",0.0
1505088000000,2017-09-11,323886.2900869943,"{'SPY': 0.35, 'QQQ': 0.2, 'IWM': 0.15, 'HYG': 0.1, 'DBC': 0.1, 'GLD': 0.1}",0.0
1505174400000,2017-09-12,324941.76207971177,"{'SPY': 0.35, 'QQQ': 0.2, 'IWM': 0.15, 'HYG': 0.1, 'DBC': 0.1, 'GLD': 0.1}",0.0
1505260800000,2017-09-13,325146.7545752555,"{'SPY': 0.35, 'QQQ': 0.2, 'IWM': 0.15, 'HYG': 0.1, 'DBC': 0.1, 'GLD': 0.1}",0.0
1505347200000,2017-09-14,324891.6472388098,"{'SPY': 0.35, 'QQQ': 0.2, 'IWM': 0.15, 'HYG': 0.1, 'DBC': 0.1, 'GLD': 0.1}",0.0
1505433600000,2017-09-15,325483.35234621895,"{'SPY': 0.35, 'QQQ': 0.2, 'IWM': 0.15, 'HYG': 0.1, 'DBC': 0.1, 'GLD': 0.1}",0.0
1505692800000,2017-09-18,325612.35902476334,"{'SPY': 0.35, 'QQQ': 0.2, 'IWM': 0.15, 'HYG': 0.1, 'DBC': 0.1, 'GLD': 0.1}",0.0
1505779200000,2017-09-19,325875.7858336262,"{'SPY': 0.35, 'QQQ': 0.2, 'IWM': 0.15, 'HYG': 0.1, 'DBC': 0.1, 'GLD': 0.1}",0.0
1505865600000,2017-09-20,325884.3825767835,"{'SPY': 0.35, 'QQQ': 0.2, 'IWM': 0.15, 'HYG': 0.1, 'DBC': 0.1, 'GLD': 0.1}",0.0
1505952000000,2017-09-21,324713.58381454914,"{'SPY': 0.35, 'QQQ': 0.2, 'IWM': 0.15, 'HYG': 0.1, 'DBC': 0.1, 'GLD': 0.1}",0.0
1506038400000,2017-09-22,325188.29929071903,"{'SPY': 0.35, 'QQQ': 0.2, 'IWM': 0.15, 'HYG': 0.1, 'DBC': 0.1, 'GLD': 0.1}",0.0
1506297600000,2017-09-25,325245.3367957148,"{'SPY': 0.35, 'QQQ': 0.2, 'IWM': 0.15, 'HYG': 0.1, 'DBC': 0.1, 'GLD': 0.1}",0.0
1506384000000,2017-09-26,325024.79853661713,"{'SPY': 0.35, 'QQQ': 0.2, 'IWM': 0.15, 'HYG': 0.1, 'DBC': 0.1, 'GLD': 0.1}",0.0
1506470400000,2017-09-27,326590.6698954538,"{'SPY': 0.35, 'QQQ': 0.2, 'IWM': 0.15, 'HYG': 0.1, 'DBC': 0.1, 'GLD': 0.1}",0.0
1506556800000,2017-09-28,326896.3607168544,"{'SPY': 0.35, 'QQQ': 0.2, 'IWM': 0.15, 'HYG': 0.1, 'DBC': 0.1, 'GLD': 0.1}",0.0
1506643200000,2017-09-29,327595.96792631823,"{'SPY': 0.35, 'QQQ': 0.2, 'IWM': 0.15, 'HYG': 0.1, 'DBC': 0.1, 'GLD': 0.1}",0.0
1506902400000,2017-10-02,328244.07608986046,"{'SPY': 0.35, 'QQQ': 0.2, 'IWM': 0.15, 'HYG': 0.1, 'DBC': 0.1, 'GLD': 0.1}",0.0
1506988800000,2017-10-03,328835.25079578435,"{'SPY': 0.35, 'QQQ': 0.2, 'IWM': 0.15, 'HYG': 0.1, 'DBC': 0.1, 'GLD': 0.1}",0.0
1507075200000,2017-10-04,328979.59917341004,"{'SPY': 0.35, 'QQQ': 0.2, 'IWM': 0.15, 'HYG': 0.1, 'DBC': 0.1, 'GLD': 0.1}",0.0
1507161600000,2017-10-05,330671.1386225269,"{'SPY': 0.35, 'QQQ': 0.2, 'IWM': 0.15, 'HYG': 0.1, 'DBC': 0.1, 'GLD': 0.1}",0.0
1507248000000,2017-10-06,330154.51809718006,"{'SPY': 0.35, 'QQQ': 0.2, 'IWM': 0.15, 'HYG': 0.1, 'DBC': 0.1, 'GLD': 0.1}",0.0
1507507200000,2017-10-09,329978.4704877983,"{'SPY': 0.35, 'QQQ': 0.2, 'IWM': 0.15, 'HYG': 0.1, 'DBC': 0.1, 'GLD': 0.1}",0.0
1507593600000,2017-10-10,330977.2377253891,"{'SPY': 0.35, 'QQQ': 0.2, 'IWM': 0.15, 'HYG': 0.1, 'DBC': 0.1, 'GLD': 0.1}",0.0
1507680000000,2017-10-11,331456.2082225304,"{'SPY': 0.35, 'QQQ': 0.2, 'IWM': 0.15, 'HYG': 0.1, 'DBC': 0.1, 'GLD': 0.1}",0.0
1507766400000,2017-10-12,331072.5208375282,"{'SPY': 0.35, 'QQQ': 0.2, 'IWM': 0.15, 'HYG': 0.1, 'DBC': 0.1, 'GLD': 0.1}",0.0
1507852800000,2017-10-13,331966.7705977345,"{'SPY': 0.35, 'QQQ': 0.2, 'IWM': 0.15, 'HYG': 0.1, 'DBC': 0.1, 'GLD': 0.1}",0.0
1508112000000,2017-10-16,332182.7929769296,"{'SPY': 0.35, 'QQQ': 0.2, 'IWM': 0.15, 'HYG': 0.1, 'DBC': 0.1, 'GLD': 0.1}",0.0
1508198400000,2017-10-17,331985.3999272034,"{'SPY': 0.35, 'QQQ': 0.2, 'IWM': 0.15, 'HYG': 0.1, 'DBC': 0.1, 'GLD': 0.1}",0.0
1508284800000,2017-10-18,332143.94362063165,"{'SPY': 0.35, 'QQQ': 0.2, 'IWM': 0.15, 'HYG': 0.1, 'DBC': 0.1, 'GLD': 0.1}",0.0
1508371200000,2017-10-19,331904.90310152,"{'SPY': 0.35, 'QQQ': 0.2, 'IWM': 0.15, 'HYG': 0.1, 'DBC': 0.1, 'GLD': 0.1}",0.0
1508457600000,2017-10-20,332903.0228632521,"{'SPY': 0.35, 'QQQ': 0.2, 'IWM': 0.15, 'HYG': 0.1, 'DBC': 0.1, 'GLD': 0.1}",0.0
1508716800000,2017-10-23,331657.0913798441,"{'SPY': 0.35, 'QQQ': 0.2, 'IWM': 0.15, 'HYG': 0.1, 'DBC': 0.1, 'GLD': 0.1}",0.0
1508803200000,2017-10-24,332289.0667268822,"{'SPY': 0.35, 'QQQ': 0.2, 'IWM': 0.15, 'HYG': 0.1, 'DBC': 0.1, 'GLD': 0.1}",0.0
1508889600000,2017-10-25,331175.2096528247,"{'SPY': 0.35, 'QQQ': 0.2, 'IWM': 0.15, 'HYG': 0.1, 'DBC': 0.1, 'GLD': 0.1}",0.0
1508976000000,2017-10-26,331044.9009877544,"{'SPY': 0.35, 'QQQ': 0.2, 'IWM': 0.15, 'HYG': 0.1, 'DBC': 0.1, 'GLD': 0.1}",0.0
1509062400000,2017-10-27,334678.2824272773,"{'SPY': 0.35, 'QQQ': 0.2, 'IWM': 0.15, 'HYG': 0.1, 'DBC': 0.1, 'GLD': 0.1}",0.0
1509321600000,2017-10-30,334003.0424745306,"{'SPY': 0.35, 'QQQ': 0.2, 'IWM': 0.15, 'HYG': 0.1, 'DBC': 0.1, 'GLD': 0.1}",0.0
1509408000000,2017-10-31,334755.6316381521,"{'SPY': 0.35, 'QQQ': 0.2, 'IWM': 0.15, 'HYG': 0.1, 'DBC': 0.1, 'GLD': 0.1}",0.0
1509494400000,2017-11-01,334666.54856862634,"{'SPY': 0.35, 'QQQ': 0.2, 'IWM': 0.15, 'HYG': 0.1, 'DBC': 0.1, 'GLD': 0.1}",0.0
1509580800000,2017-11-02,334945.41492466343,"{'SPY': 0.35, 'QQQ': 0.2, 'IWM': 0.15, 'HYG': 0.1, 'DBC': 0.1, 'GLD': 0.1}",0.0
1509667200000,2017-11-03,336001.3262482053,"{'SPY': 0.35, 'QQQ': 0.2, 'IWM': 0.15, 'HYG': 0.1, 'DBC': 0.1, 'GLD': 0.1}",0.0
1509926400000,2017-11-06,337401.93032598955,"{'SPY': 0.35, 'QQQ': 0.2, 'IWM': 0.15, 'HYG': 0.1, 'DBC': 0.1, 'GLD': 0.1}",0.0
1510012800000,2017-11-07,336331.75643692387,"{'SPY': 0.35, 'QQQ': 0.2, 'IWM': 0.15, 'HYG': 0.1, 'DBC': 0.1, 'GLD': 0.1}",0.0
1510099200000,2017-11-08,336777.25706445024,"{'SPY': 0.35, 'QQQ': 0.2, 'IWM': 0.15, 'HYG': 0.1, 'DBC': 0.1, 'GLD': 0.1}",0.0
1510185600000,2017-11-09,335852.3624280089,"{'SPY': 0.35, 'QQQ': 0.2, 'IWM': 0.15, 'HYG': 0.1, 'DBC': 0.1, 'GLD': 0.1}",0.0
1510272000000,2017-11-10,335510.8813864618,"{'SPY': 0.35, 'QQQ': 0.2, 'IWM': 0.15, 'HYG': 0.1, 'DBC': 0.1, 'GLD': 0.1}",0.0
1510531200000,2017-11-13,335641.2144063633,"{'SPY': 0.35, 'QQQ': 0.2, 'IWM': 0.15, 'HYG': 0.1, 'DBC': 0.1, 'GLD': 0.1}",0.0
1510617600000,2017-11-14,334461.5863388441,"{'SPY': 0.35, 'QQQ': 0.2, 'IWM': 0.15, 'HYG': 0.1, 'DBC': 0.1, 'GLD': 0.1}",0.0
1510704000000,2017-11-15,333279.74023511185,"{'SPY': 0.35, 'QQQ': 0.2, 'IWM': 0.15, 'HYG': 0.1, 'DBC': 0.1, 'GLD': 0.1}",0.0
1510790400000,2017-11-16,336078.4536172878,"{'SPY': 0.35, 'QQQ': 0.2, 'IWM': 0.15, 'HYG': 0.1, 'DBC': 0.1, 'GLD': 0.1}",0.0
1510876800000,2017-11-17,336633.36336351995,"{'SPY': 0.35, 'QQQ': 0.2, 'IWM': 0.15, 'HYG': 0.1, 'DBC': 0.1, 'GLD': 0.1}",0.0
1511136000000,2017-11-20,336464.16784441285,"{'SPY': 0.35, 'QQQ': 0.2, 'IWM': 0.15, 'HYG': 0.1, 'DBC': 0.1, 'GLD': 0.1}",0.0
1511222400000,2017-11-21,338845.0052464191,"{'SPY': 0.35, 'QQQ': 0.2, 'IWM': 0.15, 'HYG': 0.1, 'DBC': 0.1, 'GLD': 0.1}",0.0
1511308800000,2017-11-22,339309.13143748575,"{'SPY': 0.35, 'QQQ': 0.2, 'IWM': 0.15, 'HYG': 0.1, 'DBC': 0.1, 'GLD': 0.1}",0.0
1511481600000,2017-11-24,339893.0762668548,"{'SPY': 0.35, 'QQQ': 0.2, 'IWM': 0.15, 'HYG': 0.1, 'DBC': 0.1, 'GLD': 0.1}",0.0
1511740800000,2017-11-27,339623.14539434673,"{'SPY': 0.35, 'QQQ': 0.2, 'IWM': 0.15, 'HYG': 0.1, 'DBC': 0.1, 'GLD': 0.1}",0.0
1511827200000,2017-11-28,341759.5719250541,"{'SPY': 0.35, 'QQQ': 0.2, 'IWM': 0.15, 'HYG': 0.1, 'DBC': 0.1, 'GLD': 0.1}",0.0
1511913600000,2017-11-29,340178.9416834436,"{'SPY': 0.35, 'QQQ': 0.2, 'IWM': 0.15, 'HYG': 0.1, 'DBC': 0.1, 'GLD': 0.1}",0.0
1512000000000,2017-11-30,341483.96818060393,"{'SPY': 0.35, 'QQQ': 0.2, 'IWM': 0.15, 'HYG': 0.1, 'DBC': 0.1, 'GLD': 0.1}",0.0
1512086400000,2017-12-01,341158.4441470853,"{'SPY': 0.35, 'QQQ': 0.2, 'IWM': 0.15, 'HYG': 0.1, 'DBC': 0.1, 'GLD': 0.1}",0.0
1512345600000,2017-12-04,339491.8388279456,"{'SPY': 0.35, 'QQQ': 0.2, 'IWM': 0.15, 'HYG': 0.1, 'DBC': 0.1, 'GLD': 0.1}",0.0
1512432000000,2017-12-05,338340.84369581396,"{'SPY': 0.35, 'QQQ': 0.2, 'IWM': 0.15, 'HYG': 0.1, 'DBC': 0.1, 'GLD': 0.1}",0.0
1512518400000,2017-12-06,337761.4227143216,"{'SPY': 0.35, 'QQQ': 0.2, 'IWM': 0.15, 'HYG': 0.1, 'DBC': 0.1, 'GLD': 0.1}",0.0
1512604800000,2017-12-07,338394.8875830576,"{'SPY': 0.35, 'QQQ': 0.2, 'IWM': 0.15, 'HYG': 0.1, 'DBC': 0.1, 'GLD': 0.1}",0.0
1512691200000,2017-12-08,339589.03049165895,"{'SPY': 0.35, 'QQQ': 0.2, 'IWM': 0.15, 'HYG': 0.1, 'DBC': 0.1, 'GLD': 0.1}",0.0
1512950400000,2017-12-11,340411.9411569999,"{'SPY': 0.35, 'QQQ': 0.2, 'IWM': 0.15, 'HYG': 0.1, 'DBC': 0.1, 'GLD': 0.1}",0.0
1513036800000,2017-12-12,340098.8785768011,"{'SPY': 0.35, 'QQQ': 0.2, 'IWM': 0.15, 'HYG': 0.1, 'DBC': 0.1, 'GLD': 0.1}",0.0
1513123200000,2017-12-13,340683.8329664137,"{'SPY': 0.35, 'QQQ': 0.2, 'IWM': 0.15, 'HYG': 0.1, 'DBC': 0.1, 'GLD': 0.1}",0.0
1513209600000,2017-12-14,339551.9714228323,"{'SPY': 0.35, 'QQQ': 0.2, 'IWM': 0.15, 'HYG': 0.1, 'DBC': 0.1, 'GLD': 0.1}",0.0
1513296000000,2017-12-15,342114.2430774148,"{'SPY': 0.35, 'QQQ': 0.2, 'IWM': 0.15, 'HYG': 0.1, 'DBC': 0.1, 'GLD': 0.1}",0.0
1513555200000,2017-12-18,344485.9683398906,"{'SPY': 0.35, 'QQQ': 0.2, 'IWM': 0.15, 'HYG': 0.1, 'DBC': 0.1, 'GLD': 0.1}",0.0
1513641600000,2017-12-19,343420.8516081857,"{'SPY': 0.35, 'QQQ': 0.2, 'IWM': 0.15, 'HYG': 0.1, 'DBC': 0.1, 'GLD': 0.1}",0.0
1513728000000,2017-12-20,343696.87158538343,"{'SPY': 0.35, 'QQQ': 0.2, 'IWM': 0.15, 'HYG': 0.1, 'DBC': 0.1, 'GLD': 0.1}",0.0
1513814400000,2017-12-21,344285.0325262084,"{'SPY': 0.35, 'QQQ': 0.2, 'IWM': 0.15, 'HYG': 0.1, 'DBC': 0.1, 'GLD': 0.1}",0.0
1513900800000,2017-12-22,344442.0126440386,"{'SPY': 0.35, 'QQQ': 0.2, 'IWM': 0.15, 'HYG': 0.1, 'DBC': 0.1, 'GLD': 0.1}",0.0
1514246400000,2017-12-26,344754.23685352004,"{'SPY': 0.35, 'QQQ': 0.2, 'IWM': 0.15, 'HYG': 0.1, 'DBC': 0.1, 'GLD': 0.1}",0.0
1514332800000,2017-12-27,345001.07136771595,"{'SPY': 0.35, 'QQQ': 0.2, 'IWM': 0.15, 'HYG': 0.1, 'DBC': 0.1, 'GLD': 0.1}",0.0
1514419200000,2017-12-28,345862.67945015454,"{'SPY': 0.35, 'QQQ': 0.2, 'IWM': 0.15, 'HYG': 0.1, 'DBC': 0.1, 'GLD': 0.1}",0.0
1514505600000,2017-12-29,344930.7660398868,"{'SPY': 0.35, 'QQQ': 0.2, 'IWM': 0.15, 'HYG': 0.1, 'DBC': 0.1, 'GLD': 0.1}",0.0
1514851200000,2018-01-02,348108.83893127134,"{'SPY': 0.35, 'QQQ': 0.2, 'IWM': 0.15, 'HYG': 0.1, 'DBC': 0.1, 'GLD': 0.1}",0.0
1514937600000,2018-01-03,349894.4210449881,"{'SPY': 0.35, 'QQQ': 0.2, 'IWM': 0.15, 'HYG': 0.1, 'DBC': 0.1, 'GLD': 0.1}",0.0
1515024000000,2018-01-04,350870.2682025093,"{'SPY': 0.35, 'QQQ': 0.2, 'IWM': 0.15, 'HYG': 0.1, 'DBC': 0.1, 'GLD': 0.1}",0.0
1515110400000,2018-01-05,352364.47779566026,"{'SPY': 0.35, 'QQQ': 0.2, 'IWM': 0.15, 'HYG': 0.1, 'DBC': 0.1, 'GLD': 0.1}",0.0
1515369600000,2018-01-08,352891.38632867,"{'SPY': 0.35, 'QQQ': 0.2, 'IWM': 0.15, 'HYG': 0.1, 'DBC': 0.1, 'GLD': 0.1}",0.0
1515456000000,2018-01-09,353064.35885977995,"{'SPY': 0.35, 'QQQ': 0.2, 'IWM': 0.15, 'HYG': 0.1, 'DBC': 0.1, 'GLD': 0.1}",0.0
1515542400000,2018-01-10,352851.4299823235,"{'SPY': 0.35, 'QQQ': 0.2, 'IWM': 0.15, 'HYG': 0.1, 'DBC': 0.1, 'GLD': 0.1}",0.0
1515628800000,2018-01-11,355356.53749955754,"{'SPY': 0.35, 'QQQ': 0.2, 'IWM': 0.15, 'HYG': 0.1, 'DBC': 0.1, 'GLD': 0.1}",0.0
1515715200000,2018-01-12,357514.72728830006,"{'SPY': 0.35, 'QQQ': 0.2, 'IWM': 0.15, 'HYG': 0.1, 'DBC': 0.1, 'GLD': 0.1}",0.0
1516060800000,2018-01-16,356067.9506587737,"{'SPY': 0.35, 'QQQ': 0.2, 'IWM': 0.15, 'HYG': 0.1, 'DBC': 0.1, 'GLD': 0.1}",0.0
1516147200000,2018-01-17,358288.3844376436,"{'SPY': 0.35, 'QQQ': 0.2, 'IWM': 0.15, 'HYG': 0.1, 'DBC': 0.1, 'GLD': 0.1}",0.0
1516233600000,2018-01-18,357605.9422431871,"{'SPY': 0.35, 'QQQ': 0.2, 'IWM': 0.15, 'HYG': 0.1, 'DBC': 0.1, 'GLD': 0.1}",0.0
1516320000000,2018-01-19,359238.02287021105,"{'SPY': 0.35, 'QQQ': 0.2, 'IWM': 0.15, 'HYG': 0.1, 'DBC': 0.1, 'GLD': 0.1}",0.0
1516579200000,2018-01-22,361501.32755003567,"{'SPY': 0.35, 'QQQ': 0.2, 'IWM': 0.15, 'HYG': 0.1, 'DBC': 0.1, 'GLD': 0.1}",0.0
1516665600000,2018-01-23,363084.62033223145,"{'SPY': 0.35, 'QQQ': 0.2, 'IWM': 0.15, 'HYG': 0.1, 'DBC': 0.1, 'GLD': 0.1}",0.0
1516752000000,2018-01-24,362998.95662841137,"{'SPY': 0.35, 'QQQ': 0.2, 'IWM': 0.15, 'HYG': 0.1, 'DBC': 0.1, 'GLD': 0.1}",0.0
1516838400000,2018-01-25,362569.4803345393,"{'SPY': 0.35, 'QQQ': 0.2, 'IWM': 0.15, 'HYG': 0.1, 'DBC': 0.1, 'GLD': 0.1}",0.0
1516924800000,2018-01-26,365677.4729085738,"{'SPY': 0.35, 'QQQ': 0.2, 'IWM': 0.15, 'HYG': 0.1, 'DBC': 0.1, 'GLD': 0.1}",0.0
1517184000000,2018-01-29,363723.7369774878,"{'SPY': 0.35, 'QQQ': 0.2, 'IWM': 0.15, 'HYG': 0.1, 'DBC': 0.1, 'GLD': 0.1}",0.0
1517270400000,2018-01-30,360761.19332010974,"{'SPY': 0.35, 'QQQ': 0.2, 'IWM': 0.15, 'HYG': 0.1, 'DBC': 0.1, 'GLD': 0.1}",0.0
1517356800000,2018-01-31,361187.09270180983,"{'SPY': 0.35, 'QQQ': 0.2, 'IWM': 0.15, 'HYG': 0.1, 'DBC': 0.1, 'GLD': 0.1}",0.0
1517443200000,2018-02-01,361009.0953757843,"{'SPY': 0.35, 'QQQ': 0.2, 'IWM': 0.15, 'HYG': 0.1, 'DBC': 0.1, 'GLD': 0.1}",0.0
1517529600000,2018-02-02,354487.9468254908,"{'SPY': 0.35, 'QQQ': 0.2, 'IWM': 0.15, 'HYG': 0.1, 'DBC': 0.1, 'GLD': 0.1}",0.0
1517788800000,2018-02-05,344019.48755307903,"{'SPY': 0.35, 'QQQ': 0.2, 'IWM': 0.15, 'HYG': 0.1, 'DBC': 0.1, 'GLD': 0.1}",0.0
1517875200000,2018-02-06,348475.6118481351,"{'SPY': 0.35, 'QQQ': 0.2, 'IWM': 0.15, 'HYG': 0.1, 'DBC': 0.1, 'GLD': 0.1}",0.0
1517961600000,2018-02-07,346275.6200141873,"{'SPY': 0.35, 'QQQ': 0.2, 'IWM': 0.15, 'HYG': 0.1, 'DBC': 0.1, 'GLD': 0.1}",0.0
1518048000000,2018-02-08,336676.8431694505,"{'SPY': 0.35, 'QQQ': 0.2, 'IWM': 0.15, 'HYG': 0.1, 'DBC': 0.1, 'GLD': 0.1}",0.0
1518134400000,2018-02-09,339426.57009950373,"{'SPY': 0.35, 'QQQ': 0.2, 'IWM': 0.15, 'HYG': 0.1, 'DBC': 0.1, 'GLD': 0.1}",0.0
1518393600000,2018-02-12,343463.28663081897,"{'SPY': 0.35, 'QQQ': 0.2, 'IWM': 0.15, 'HYG': 0.1, 'DBC': 0.1, 'GLD': 0.1}",0.0
1518480000000,2018-02-13,344377.6859768536,"{'SPY': 0.35, 'QQQ': 0.2, 'IWM': 0.15, 'HYG': 0.1, 'DBC': 0.1, 'GLD': 0.1}",0.0
1518566400000,2018-02-14,349400.27651160856,"{'SPY': 0.35, 'QQQ': 0.2, 'IWM': 0.15, 'HYG': 0.1, 'DBC': 0.1, 'GLD': 0.1}",0.0
1518652800000,2018-02-15,353216.7353994392,"{'SPY': 0.35, 'QQQ': 0.2, 'IWM': 0.15, 'HYG': 0.1, 'DBC': 0.1, 'GLD': 0.1}",0.0
1518739200000,2018-02-16,353216.8631793461,"{'SPY': 0.35, 'QQQ': 0.2, 'IWM': 0.15, 'HYG': 0.1, 'DBC': 0.1, 'GLD': 0.1}",0.0
1519084800000,2018-02-20,351657.91727960645,"{'SPY': 0.35, 'QQQ': 0.2, 'IWM': 0.15, 'HYG': 0.1, 'DBC': 0.1, 'GLD': 0.1}",0.0
1519171200000,2018-02-21,350538.17185401596,"{'SPY': 0.35, 'QQQ': 0.2, 'IWM': 0.15, 'HYG': 0.1, 'DBC': 0.1, 'GLD': 0.1}",0.0
1519257600000,2018-02-22,351125.5398853627,"{'SPY': 0.35, 'QQQ': 0.2, 'IWM': 0.15, 'HYG': 0.1, 'DBC': 0.1, 'GLD': 0.1}",0.0
1519344000000,2018-02-23,355625.79128659354,"{'SPY': 0.35, 'QQQ': 0.2, 'IWM': 0.15, 'HYG': 0.1, 'DBC': 0.1, 'GLD': 0.1}",0.0
1519603200000,2018-02-26,358703.28171542444,"{'SPY': 0.35, 'QQQ': 0.2, 'IWM': 0.15, 'HYG': 0.1, 'DBC': 0.1, 'GLD': 0.1}",0.0
1519689600000,2018-02-27,354643.52622955054,"{'SPY': 0.35, 'QQQ': 0.2, 'IWM': 0.15, 'HYG': 0.1, 'DBC': 0.1, 'GLD': 0.1}",0.0
1519776000000,2018-02-28,351541.0112326194,"{'SPY': 0.2703488009791681, 'QQQ': 0.15448502913095322, 'IWM': 0.1158637718482149, 'HYG': 0.07724251456547661, 'DBC': 0.07724251456547661, 'GLD': 0.07724251456547661, 'SHY': 0.22757485434523395}",0.0
1519862400000,2018-03-01,349083.6655195573,"{'SPY': 0.2703488009791681, 'QQQ': 0.15448502913095322, 'IWM': 0.1158637718482149, 'HYG': 0.07724251456547661, 'DBC': 0.07724251456547661, 'GLD': 0.07724251456547661, 'SHY': 0.22757485434523395}",0.0
1519948800000,2018-03-02,350971.1339620446,"{'SPY': 0.2703488009791681, 'QQQ': 0.15448502913095322, 'IWM': 0.1158637718482149, 'HYG': 0.07724251456547661, 'DBC': 0.07724251456547661, 'GLD': 0.07724251456547661, 'SHY': 0.22757485434523395}",0.0
1520208000000,2018-03-05,353149.4579846795,"{'SPY': 0.2703488009791681, 'QQQ': 0.15448502913095322, 'IWM': 0.1158637718482149, 'HYG': 0.07724251456547661, 'DBC': 0.07724251456547661, 'GLD': 0.07724251456547661, 'SHY': 0.22757485434523395}",0.0
1520294400000,2018-03-06,354475.1081312368,"{'SPY': 0.2703488009791681, 'QQQ': 0.15448502913095322, 'IWM': 0.1158637718482149, 'HYG': 0.07724251456547661, 'DBC': 0.07724251456547661, 'GLD': 0.07724251456547661, 'SHY': 0.22757485434523395}",0.0
1520380800000,2018-03-07,354393.06099484017,"{'SPY': 0.2703488009791681, 'QQQ': 0.15448502913095322, 'IWM': 0.1158637718482149, 'HYG': 0.07724251456547661, 'DBC': 0.07724251456547661, 'GLD': 0.07724251456547661, 'SHY': 0.22757485434523395}",0.0
1520467200000,2018-03-08,354895.4287022525,"{'SPY': 0.2703488009791681, 'QQQ': 0.15448502913095322, 'IWM': 0.1158637718482149, 'HYG': 0.07724251456547661, 'DBC': 0.07724251456547661, 'GLD': 0.07724251456547661, 'SHY': 0.22757485434523395}",0.0
1520553600000,2018-03-09,358639.70158570714,"{'SPY': 0.2703488009791681, 'QQQ': 0.15448502913095322, 'IWM': 0.1158637718482149, 'HYG': 0.07724251456547661, 'DBC': 0.07724251456547661, 'GLD': 0.07724251456547661, 'SHY': 0.22757485434523395}",0.0
1520812800000,2018-03-12,358829.8536462246,"{'SPY': 0.2703488009791681, 'QQQ': 0.15448502913095322, 'IWM': 0.1158637718482149, 'HYG': 0.07724251456547661, 'DBC': 0.07724251456547661, 'GLD': 0.07724251456547661, 'SHY': 0.22757485434523395}",0.0
1520899200000,2018-03-13,357157.10312931216,"{'SPY': 0.2703488009791681, 'QQQ': 0.15448502913095322, 'IWM': 0.1158637718482149, 'HYG': 0.07724251456547661, 'DBC': 0.07724251456547661, 'GLD': 0.07724251456547661, 'SHY': 0.22757485434523395}",0.0
1520985600000,2018-03-14,356396.6342325449,"{'SPY': 0.2703488009791681, 'QQQ': 0.15448502913095322, 'IWM': 0.1158637718482149, 'HYG': 0.07724251456547661, 'DBC': 0.07724251456547661, 'GLD': 0.07724251456547661, 'SHY': 0.22757485434523395}",0.0
1521072000000,2018-03-15,355873.9026330067,"{'SPY': 0.2703488009791681, 'QQQ': 0.15448502913095322, 'IWM': 0.1158637718482149, 'HYG': 0.07724251456547661, 'DBC': 0.07724251456547661, 'GLD': 0.07724251456547661, 'SHY': 0.22757485434523395}",0.0
1521158400000,2018-03-16,356098.44947176456,"{'SPY': 0.2703488009791681, 'QQQ': 0.15448502913095322, 'IWM': 0.1158637718482149, 'HYG': 0.07724251456547661, 'DBC': 0.07724251456547661, 'GLD': 0.07724251456547661, 'SHY': 0.22757485434523395}",0.0
1521417600000,2018-03-19,352990.23977083294,"{'SPY': 0.2703488009791681, 'QQQ': 0.15448502913095322, 'IWM': 0.1158637718482149, 'HYG': 0.07724251456547661, 'DBC': 0.07724251456547661, 'GLD': 0.07724251456547661, 'SHY': 0.22757485434523395}",0.0
1521504000000,2018-03-20,353406.1324328479,"{'SPY': 0.2703488009791681, 'QQQ': 0.15448502913095322, 'IWM': 0.1158637718482149, 'HYG': 0.07724251456547661, 'DBC': 0.07724251456547661, 'GLD': 0.07724251456547661, 'SHY': 0.22757485434523395}",0.0
1521590400000,2018-03-21,354259.628574639,"{'SPY': 0.2703488009791681, 'QQQ': 0.15448502913095322, 'IWM': 0.1158637718482149, 'HYG': 0.07724251456547661, 'DBC': 0.07724251456547661, 'GLD': 0.07724251456547661, 'SHY': 0.22757485434523395}",0.0
1521676800000,2018-03-22,349172.1947808673,"{'SPY': 0.2703488009791681, 'QQQ': 0.15448502913095322, 'IWM': 0.1158637718482149, 'HYG': 0.07724251456547661, 'DBC': 0.07724251456547661, 'GLD': 0.07724251456547661, 'SHY': 0.22757485434523395}",0.0
1521763200000,2018-03-23,345407.1436263731,"{'SPY': 0.2703488009791681, 'QQQ': 0.15448502913095322, 'IWM': 0.1158637718482149, 'HYG': 0.07724251456547661, 'DBC': 0.07724251456547661, 'GLD': 0.07724251456547661, 'SHY': 0.22757485434523395}",0.0
1522022400000,2018-03-26,351110.4724361948,"{'SPY': 0.2703488009791681, 'QQQ': 0.15448502913095322, 'IWM': 0.1158637718482149, 'HYG': 0.07724251456547661, 'DBC': 0.07724251456547661, 'GLD': 0.07724251456547661, 'SHY': 0.22757485434523395}",0.0
1522108800000,2018-03-27,346705.5944129286,"{'SPY': 0.2703488009791681, 'QQQ': 0.15448502913095322, 'IWM': 0.1158637718482149, 'HYG': 0.07724251456547661, 'DBC': 0.07724251456547661, 'GLD': 0.07724251456547661, 'SHY': 0.22757485434523395}",0.0
1522195200000,2018-03-28,345315.4054866092,"{'SPY': 0.2703488009791681, 'QQQ': 0.15448502913095322, 'IWM': 0.1158637718482149, 'HYG': 0.07724251456547661, 'DBC': 0.07724251456547661, 'GLD': 0.07724251456547661, 'SHY': 0.22757485434523395}",0.0
1522281600000,2018-03-29,348232.3248077467,"{'SPY': 0.24332500413832875, 'QQQ': 0.13904285950761644, 'IWM': 0.10428214463071232, 'HYG': 0.06952142975380822, 'DBC': 0.06952142975380822, 'GLD': 0.06952142975380822, 'SHY': 0.30478570246191783}",0.0
1522627200000,2018-04-02,344012.9744600464,"{'SPY': 0.24332500413832875, 'QQQ': 0.13904285950761644, 'IWM': 0.10428214463071232, 'HYG': 0.06952142975380822, 'DBC': 0.06952142975380822, 'GLD': 0.06952142975380822, 'SHY': 0.30478570246191783}",0.0
1522713600000,2018-04-03,346102.9140428191,"{'SPY': 0.24332500413832875, 'QQQ': 0.13904285950761644, 'IWM': 0.10428214463071232, 'HYG': 0.06952142975380822, 'DBC': 0.06952142975380822, 'GLD': 0.06952142975380822, 'SHY': 0.30478570246191783}",0.0
1522800000000,2018-04-04,348140.7333876065,"{'SPY': 0.24332500413832875, 'QQQ': 0.13904285950761644, 'IWM': 0.10428214463071232, 'HYG': 0.06952142975380822, 'DBC': 0.06952142975380822, 'GLD': 0.06952142975380822, 'SHY': 0.30478570246191783}",0.0
1522886400000,2018-04-05,349422.06719029986,"{'SPY': 0.24332500413832875, 'QQQ': 0.13904285950761644, 'IWM': 0.10428214463071232, 'HYG': 0.06952142975380822, 'DBC': 0.06952142975380822, 'GLD': 0.06952142975380822, 'SHY': 0.30478570246191783}",0.0
1522972800000,2018-04-06,345560.9202396492,"{'SPY': 0.24332500413832875, 'QQQ': 0.13904285950761644, 'IWM': 0.10428214463071232, 'HYG': 0.06952142975380822, 'DBC': 0.06952142975380822, 'GLD': 0.06952142975380822, 'SHY': 0.30478570246191783}",0.0
1523232000000,2018-04-09,346816.74546081905,"{'SPY': 0.24332500413832875, 'QQQ': 0.13904285950761644, 'IWM': 0.10428214463071232, 'HYG': 0.06952142975380822, 'DBC': 0.06952142975380822, 'GLD': 0.06952142975380822, 'SHY': 0.30478570246191783}",0.0
1523318400000,2018-04-10,350411.320882856,"{'SPY': 0.24332500413832875, 'QQQ': 0.13904285950761644, 'IWM': 0.10428214463071232, 'HYG': 0.06952142975380822, 'DBC': 0.06952142975380822, 'GLD': 0.06952142975380822, 'SHY': 0.30478570246191783}",0.0
1523404800000,2018-04-11,350143.91769568605,"{'SPY': 0.24332500413832875, 'QQQ': 0.13904285950761644, 'IWM': 0.10428214463071232, 'HYG': 0.06952142975380822, 'DBC': 0.06952142975380822, 'GLD': 0.06952142975380822, 'SHY': 0.30478570246191783}",0.0
1523491200000,2018-04-12,351323.11870515306,"{'SPY': 0.24332500413832875, 'QQQ': 0.13904285950761644, 'IWM': 0.10428214463071232, 'HYG': 0.06952142975380822, 'DBC': 0.06952142975380822, 'GLD': 0.06952142975380822, 'SHY': 0.30478570246191783}",0.0
1523577600000,2018-04-13,350790.3520891941,"{'SPY': 0.24332500413832875, 'QQQ': 0.13904285950761644, 'IWM': 0.10428214463071232, 'HYG': 0.06952142975380822, 'DBC': 0.06952142975380822, 'GLD': 0.06952142975380822, 'SHY': 0.30478570246191783}",0.0
1523836800000,2018-04-16,352175.11751261045,"{'SPY': 0.24332500413832875, 'QQQ': 0.13904285950761644, 'IWM': 0.10428214463071232, 'HYG': 0.06952142975380822, 'DBC': 0.06952142975380822, 'GLD': 0.06952142975380822, 'SHY': 0.30478570246191783}",0.0
1523923200000,2018-04-17,354593.9570527733,"{'SPY': 0.24332500413832875, 'QQQ': 0.13904285950761644, 'IWM': 0.10428214463071232, 'HYG': 0.06952142975380822, 'DBC': 0.06952142975380822, 'GLD': 0.06952142975380822, 'SHY': 0.30478570246191783}",0.0
1524009600000,2018-04-18,355217.76947627956,"{'SPY': 0.24332500413832875, 'QQQ': 0.13904285950761644, 'IWM': 0.10428214463071232, 'HYG': 0.06952142975380822, 'DBC': 0.06952142975380822, 'GLD': 0.06952142975380822, 'SHY': 0.30478570246191783}",0.0
1524096000000,2018-04-19,353803.9960594508,"{'SPY': 0.24332500413832875, 'QQQ': 0.13904285950761644, 'IWM': 0.10428214463071232, 'HYG': 0.06952142975380822, 'DBC': 0.06952142975380822, 'GLD': 0.06952142975380822, 'SHY': 0.30478570246191783}",0.0
1524182400000,2018-04-20,351769.3871782761,"{'SPY': 0.24332500413832875, 'QQQ': 0.13904285950761644, 'IWM': 0.10428214463071232, 'HYG': 0.06952142975380822, 'DBC': 0.06952142975380822, 'GLD': 0.06952142975380822, 'SHY': 0.30478570246191783}",0.0
1524441600000,2018-04-23,351291.25967538997,"{'SPY': 0.24332500413832875, 'QQQ': 0.13904285950761644, 'IWM': 0.10428214463071232, 'HYG': 0.06952142975380822, 'DBC': 0.06952142975380822, 'GLD': 0.06952142975380822, 'SHY': 0.30478570246191783}",0.0
1524528000000,2018-04-24,348865.20916600554,"{'SPY': 0.24332500413832875, 'QQQ': 0.13904285950761644, 'IWM': 0.10428214463071232, 'HYG': 0.06952142975380822, 'DBC': 0.06952142975380822, 'GLD': 0.06952142975380822, 'SHY': 0.30478570246191783}",0.0
1524614400000,2018-04-25,348953.52150297747,"{'SPY': 0.24332500413832875, 'QQQ': 0.13904285950761644, 'IWM': 0.10428214463071232, 'HYG': 0.06952142975380822, 'DBC': 0.06952142975380822, 'GLD': 0.06952142975380822, 'SHY': 0.30478570246191783}",0.0
1524700800000,2018-04-26,351156.7034342132,"{'SPY': 0.24332500413832875, 'QQQ': 0.13904285950761644, 'IWM': 0.10428214463071232, 'HYG': 0.06952142975380822, 'DBC': 0.06952142975380822, 'GLD': 0.06952142975380822, 'SHY': 0.30478570246191783}",0.0
1524787200000,2018-04-27,351318.94356609,"{'SPY': 0.24332500413832875, 'QQQ': 0.13904285950761644, 'IWM': 0.10428214463071232, 'HYG': 0.06952142975380822, 'DBC': 0.06952142975380822, 'GLD': 0.06952142975380822, 'SHY': 0.30478570246191783}",0.0
1525046400000,2018-04-30,349863.5129567927,"{'SPY': 0.23740517020496354, 'QQQ': 0.13566009725997918, 'IWM': 0.10174507294498439, 'HYG': 0.06783004862998959, 'DBC': 0.06783004862998959, 'GLD': 0.06783004862998959, 'SHY': 0.3216995137001041}",0.0
1525132800000,2018-05-01,350392.6163969809,"{'SPY': 0.23740517020496354, 'QQQ': 0.13566009725997918, 'IWM': 0.10174507294498439, 'HYG': 0.06783004862998959, 'DBC': 0.06783004862998959, 'GLD': 0.06783004862998959, 'SHY': 0.3216995137001041}",0.0
1525219200000,2018-05-02,349708.49215120164,"{'SPY': 0.23740517020496354, 'QQQ': 0.13566009725997918, 'IWM': 0.10174507294498439, 'HYG': 0.06783004862998959, 'DBC': 0.06783004862998959, 'GLD': 0.06783004862998959, 'SHY': 0.3216995137001041}",0.0
1525305600000,2018-05-03,349675.08150410483,"{'SPY': 0.23740517020496354, 'QQQ': 0.13566009725997918, 'IWM': 0.10174507294498439, 'HYG': 0.06783004862998959, 'DBC': 0.06783004862998959, 'GLD': 0.06783004862998959, 'SHY': 0.3216995137001041}",0.0
1525392000000,2018-05-04,352281.6991341697,"{'SPY': 0.23740517020496354, 'QQQ': 0.13566009725997918, 'IWM': 0.10174507294498439, 'HYG': 0.06783004862998959, 'DBC': 0.06783004862998959, 'GLD': 0.06783004862998959, 'SHY': 0.3216995137001041}",0.0
1525651200000,2018-05-07,353280.1761197914,"{'SPY': 0.23740517020496354, 'QQQ': 0.13566009725997918, 'IWM': 0.10174507294498439, 'HYG': 0.06783004862998959, 'DBC': 0.06783004862998959, 'GLD': 0.06783004862998959, 'SHY': 0.3216995137001041}",0.0
1525737600000,2018-05-08,353458.62956566643,"{'SPY': 0.23740517020496354, 'QQQ': 0.13566009725997918, 'IWM': 0.10174507294498439, 'HYG': 0.06783004862998959, 'DBC': 0.06783004862998959, 'GLD': 0.06783004862998959, 'SHY': 0.3216995137001041}",0.0
1525824000000,2018-05-09,355136.9290637613,"{'SPY': 0.23740517020496354, 'QQQ': 0.13566009725997918, 'IWM': 0.10174507294498439, 'HYG': 0.06783004862998959, 'DBC': 0.06783004862998959, 'GLD': 0.06783004862998959, 'SHY': 0.3216995137001041}",0.0
1525910400000,2018-05-10,356974.51581385767,"{'SPY': 0.23740517020496354, 'QQQ': 0.13566009725997918, 'IWM': 0.10174507294498439, 'HYG': 0.06783004862998959, 'DBC': 0.06783004862998959, 'GLD': 0.06783004862998959, 'SHY': 0.3216995137001041}",0.0
1525996800000,2018-05-11,357066.6160891653,"{'SPY': 0.23740517020496354, 'QQQ': 0.13566009725997918, 'IWM': 0.10174507294498439, 'HYG': 0.06783004862998959, 'DBC': 0.06783004862998959, 'GLD': 0.06783004862998959, 'SHY': 0.3216995137001041}",0.0
1526256000000,2018-05-14,357134.2410875397,"{'SPY': 0.23740517020496354, 'QQQ': 0.13566009725997918, 'IWM': 0.10174507294498439, 'HYG': 0.06783004862998959, 'DBC': 0.06783004862998959, 'GLD': 0.06783004862998959, 'SHY': 0.3216995137001041}",0.0
1526342400000,2018-05-15,355468.6827131151,"{'SPY': 0.23740517020496354, 'QQQ': 0.13566009725997918, 'IWM': 0.10174507294498439, 'HYG': 0.06783004862998959, 'DBC': 0.06783004862998959, 'GLD': 0.06783004862998959, 'SHY': 0.3216995137001041}",0.0
1526428800000,2018-05-16,356646.8661822522,"{'SPY': 0.23740517020496354, 'QQQ': 0.13566009725997918, 'IWM': 0.10174507294498439, 'HYG': 0.06783004862998959, 'DBC': 0.06783004862998959, 'GLD': 0.06783004862998959, 'SHY': 0.3216995137001041}",0.0
1526515200000,2018-05-17,356638.40096851444,"{'SPY': 0.23740517020496354, 'QQQ': 0.13566009725997918, 'IWM': 0.10174507294498439, 'HYG': 0.06783004862998959, 'DBC': 0.06783004862998959, 'GLD': 0.06783004862998959, 'SHY': 0.3216995137001041}",0.0
1526601600000,2018-05-18,356276.70937303966,"{'SPY': 0.23740517020496354, 'QQQ': 0.13566009725997918, 'IWM': 0.10174507294498439, 'HYG': 0.06783004862998959, 'DBC': 0.06783004862998959, 'GLD': 0.06783004862998959, 'SHY': 0.3216995137001041}",0.0
1526860800000,2018-05-21,357657.757029082,"{'SPY': 0.23740517020496354, 'QQQ': 0.13566009725997918, 'IWM': 0.10174507294498439, 'HYG': 0.06783004862998959, 'DBC': 0.06783004862998959, 'GLD': 0.06783004862998959, 'SHY': 0.3216995137001041}",0.0
1526947200000,2018-05-22,357124.4648800144,"{'SPY': 0.23740517020496354, 'QQQ': 0.13566009725997918, 'IWM': 0.10174507294498439, 'HYG': 0.06783004862998959, 'DBC': 0.06783004862998959, 'GLD': 0.06783004862998959, 'SHY': 0.3216995137001041}",0.0
1527033600000,2018-05-23,358088.4582992408,"{'SPY': 0.23740517020496354, 'QQQ': 0.13566009725997918, 'IWM': 0.10174507294498439, 'HYG': 0.06783004862998959, 'DBC': 0.06783004862998959, 'GLD': 0.06783004862998959, 'SHY': 0.3216995137001041}",0.0
1527120000000,2018-05-24,358046.6962961842,"{'SPY': 0.23740517020496354, 'QQQ': 0.13566009725997918, 'IWM': 0.10174507294498439, 'HYG': 0.06783004862998959, 'DBC': 0.06783004862998959, 'GLD': 0.06783004862998959, 'SHY': 0.3216995137001041}",0.0
1527206400000,2018-05-25,357451.62044131197,"{'SPY': 0.23740517020496354, 'QQQ': 0.13566009725997918, 'IWM': 0.10174507294498439, 'HYG': 0.06783004862998959, 'DBC': 0.06783004862998959, 'GLD': 0.06783004862998959, 'SHY': 0.3216995137001041}",0.0
1527552000000,2018-05-29,356208.24097956734,"{'SPY': 0.23740517020496354, 'QQQ': 0.13566009725997918, 'IWM': 0.10174507294498439, 'HYG': 0.06783004862998959, 'DBC': 0.06783004862998959, 'GLD': 0.06783004862998959, 'SHY': 0.3216995137001041}",0.0
1527638400000,2018-05-30,358540.4871665339,"{'SPY': 0.23740517020496354, 'QQQ': 0.13566009725997918, 'IWM': 0.10174507294498439, 'HYG': 0.06783004862998959, 'DBC': 0.06783004862998959, 'GLD': 0.06783004862998959, 'SHY': 0.3216995137001041}",0.0
1527724800000,2018-05-31,357382.9630075845,"{'SPY': 0.35, 'QQQ': 0.2, 'IWM': 0.15, 'HYG': 0.1, 'DBC': 0.1, 'GLD': 0.1}",0.0
1527811200000,2018-06-01,359752.1494388853,"{'SPY': 0.35, 'QQQ': 0.2, 'IWM': 0.15, 'HYG': 0.1, 'DBC': 0.1, 'GLD': 0.1}",0.0
1528070400000,2018-06-04,360905.69404757285,"{'SPY': 0.35, 'QQQ': 0.2, 'IWM': 0.15, 'HYG': 0.1, 'DBC': 0.1, 'GLD': 0.1}",0.0
1528156800000,2018-06-05,361801.4613865176,"{'SPY': 0.35, 'QQQ': 0.2, 'IWM': 0.15, 'HYG': 0.1, 'DBC': 0.1, 'GLD': 0.1}",0.0
1528243200000,2018-06-06,363907.2360115678,"{'SPY': 0.35, 'QQQ': 0.2, 'IWM': 0.15, 'HYG': 0.1, 'DBC': 0.1, 'GLD': 0.1}",0.0
1528329600000,2018-06-07,363142.2440556198,"{'SPY': 0.35, 'QQQ': 0.2, 'IWM': 0.15, 'HYG': 0.1, 'DBC': 0.1, 'GLD': 0.1}",0.0
1528416000000,2018-06-08,363689.03764038975,"{'SPY': 0.35, 'QQQ': 0.2, 'IWM': 0.15, 'HYG': 0.1, 'DBC': 0.1, 'GLD': 0.1}",0.0
1528675200000,2018-06-11,364248.8116565023,"{'SPY': 0.35, 'QQQ': 0.2, 'IWM': 0.15, 'HYG': 0.1, 'DBC': 0.1, 'GLD': 0.1}",0.0
1528761600000,2018-06-12,364933.82050059363,"{'SPY': 0.35, 'QQQ': 0.2, 'IWM': 0.15, 'HYG': 0.1, 'DBC': 0.1, 'GLD': 0.1}",0.0
1528848000000,2018-06-13,364572.4617991235,"{'SPY': 0.35, 'QQQ': 0.2, 'IWM': 0.15, 'HYG': 0.1, 'DBC': 0.1, 'GLD': 0.1}",0.0
1528934400000,2018-06-14,365678.4957039315,"{'SPY': 0.35, 'QQQ': 0.2, 'IWM': 0.15, 'HYG': 0.1, 'DBC': 0.1, 'GLD': 0.1}",0.0
1529020800000,2018-06-15,363762.06363276404,"{'SPY': 0.35, 'QQQ': 0.2, 'IWM': 0.15, 'HYG': 0.1, 'DBC': 0.1, 'GLD': 0.1}",0.0
1529280000000,2018-06-18,363957.8096719974,"{'SPY': 0.35, 'QQQ': 0.2, 'IWM': 0.15, 'HYG': 0.1, 'DBC': 0.1, 'GLD': 0.1}",0.0
1529366400000,2018-06-19,362746.6444760255,"{'SPY': 0.35, 'QQQ': 0.2, 'IWM': 0.15, 'HYG': 0.1, 'DBC': 0.1, 'GLD': 0.1}",0.0
1529452800000,2018-06-20,363751.12101851054,"{'SPY': 0.35, 'QQQ': 0.2, 'IWM': 0.15, 'HYG': 0.1, 'DBC': 0.1, 'GLD': 0.1}",0.0
1529539200000,2018-06-21,361396.3598389327,"{'SPY': 0.35, 'QQQ': 0.2, 'IWM': 0.15, 'HYG': 0.1, 'DBC': 0.1, 'GLD': 0.1}",0.0
1529625600000,2018-06-22,362096.6996706729,"{'SPY': 0.35, 'QQQ': 0.2, 'IWM': 0.15, 'HYG': 0.1, 'DBC': 0.1, 'GLD': 0.1}",0.0
1529884800000,2018-06-25,357217.92552260275,"{'SPY': 0.35, 'QQQ': 0.2, 'IWM': 0.15, 'HYG': 0.1, 'DBC': 0.1, 'GLD': 0.1}",0.0
1529971200000,2018-06-26,358258.7427083071,"{'SPY': 0.35, 'QQQ': 0.2, 'IWM': 0.15, 'HYG': 0.1, 'DBC': 0.1, 'GLD': 0.1}",0.0
1530057600000,2018-06-27,355290.4401521822,"{'SPY': 0.35, 'QQQ': 0.2, 'IWM': 0.15, 'HYG': 0.1, 'DBC': 0.1, 'GLD': 0.1}",0.0
1530144000000,2018-06-28,356547.83725755673,"{'SPY': 0.35, 'QQQ': 0.2, 'IWM': 0.15, 'HYG': 0.1, 'DBC': 0.1, 'GLD': 0.1}",0.0
1530230400000,2018-06-29,357337.22524569964,"{'SPY': 0.35, 'QQQ': 0.2, 'IWM': 0.15, 'HYG': 0.1, 'DBC': 0.1, 'GLD': 0.1}",0.0
1530489600000,2018-07-02,357381.2571794008,"{'SPY': 0.35, 'QQQ': 0.2, 'IWM': 0.15, 'HYG': 0.1, 'DBC': 0.1, 'GLD': 0.1}",0.0
1530576000000,2018-07-03,356650.99514673784,"{'SPY': 0.35, 'QQQ': 0.2, 'IWM': 0.15, 'HYG': 0.1, 'DBC': 0.1, 'GLD': 0.1}",0.0
1530748800000,2018-07-05,359625.4715947434,"{'SPY': 0.35, 'QQQ': 0.2, 'IWM': 0.15, 'HYG': 0.1, 'DBC': 0.1, 'GLD': 0.1}",0.0
1530835200000,2018-07-06,362465.8946953858,"{'SPY': 0.35, 'QQQ': 0.2, 'IWM': 0.15, 'HYG': 0.1, 'DBC': 0.1, 'GLD': 0.1}",0.0
1531094400000,2018-07-09,364933.4211944435,"{'SPY': 0.35, 'QQQ': 0.2, 'IWM': 0.15, 'HYG': 0.1, 'DBC': 0.1, 'GLD': 0.1}",0.0
1531180800000,2018-07-10,365051.3796799462,"{'SPY': 0.35, 'QQQ': 0.2, 'IWM': 0.15, 'HYG': 0.1, 'DBC': 0.1, 'GLD': 0.1}",0.0
1531267200000,2018-07-11,361559.1200113946,"{'SPY': 0.35, 'QQQ': 0.2, 'IWM': 0.15, 'HYG': 0.1, 'DBC': 0.1, 'GLD': 0.1}",0.0
1531353600000,2018-07-12,364672.7960750564,"{'SPY': 0.35, 'QQQ': 0.2, 'IWM': 0.15, 'HYG': 0.1, 'DBC': 0.1, 'GLD': 0.1}",0.0
1531440000000,2018-07-13,364575.1357803856,"{'SPY': 0.35, 'QQQ': 0.2, 'IWM': 0.15, 'HYG': 0.1, 'DBC': 0.1, 'GLD': 0.1}",0.0
1531699200000,2018-07-16,363259.3771328489,"{'SPY': 0.35, 'QQQ': 0.2, 'IWM': 0.15, 'HYG': 0.1, 'DBC': 0.1, 'GLD': 0.1}",0.0
1531785600000,2018-07-17,364121.3338488951,"{'SPY': 0.35, 'QQQ': 0.2, 'IWM': 0.15, 'HYG': 0.1, 'DBC': 0.1, 'GLD': 0.1}",0.0
1531872000000,2018-07-18,364758.9569312776,"{'SPY': 0.35, 'QQQ': 0.2, 'IWM': 0.15, 'HYG': 0.1, 'DBC': 0.1, 'GLD': 0.1}",0.0
1531958400000,2018-07-19,364082.99165998807,"{'SPY': 0.35, 'QQQ': 0.2, 'IWM': 0.15, 'HYG': 0.1, 'DBC': 0.1, 'GLD': 0.1}",0.0
1532044800000,2018-07-20,364210.88176021585,"{'SPY': 0.35, 'QQQ': 0.2, 'IWM': 0.15, 'HYG': 0.1, 'DBC': 0.1, 'GLD': 0.1}",0.0
1532304000000,2018-07-23,364689.2211450534,"{'SPY': 0.35, 'QQQ': 0.2, 'IWM': 0.15, 'HYG': 0.1, 'DBC': 0.1, 'GLD': 0.1}",0.0
1532390400000,2018-07-24,365330.7370486981,"{'SPY': 0.35, 'QQQ': 0.2, 'IWM': 0.15, 'HYG': 0.1, 'DBC': 0.1, 'GLD': 0.1}",0.0
1532476800000,2018-07-25,368403.3346624617,"{'SPY': 0.35, 'QQQ': 0.2, 'IWM': 0.15, 'HYG': 0.1, 'DBC': 0.1, 'GLD': 0.1}",0.0
1532563200000,2018-07-26,366996.687217088,"{'SPY': 0.35, 'QQQ': 0.2, 'IWM': 0.15, 'HYG': 0.1, 'DBC': 0.1, 'GLD': 0.1}",0.0
1532649600000,2018-07-27,363967.03750177956,"{'SPY': 0.35, 'QQQ': 0.2, 'IWM': 0.15, 'HYG': 0.1, 'DBC': 0.1, 'GLD': 0.1}",0.0
1532908800000,2018-07-30,362089.97989094263,"{'SPY': 0.35, 'QQQ': 0.2, 'IWM': 0.15, 'HYG': 0.1, 'DBC': 0.1, 'GLD': 0.1}",0.0
1532995200000,2018-07-31,363576.5021911689,"{'SPY': 0.2, 'QQQ': 0.1, 'TLT': 0.25, 'IEF': 0.2, 'GLD': 0.15, 'SHY': 0.1}",0.0
1533081600000,2018-08-01,362284.5892818138,"{'SPY': 0.2, 'QQQ': 0.1, 'TLT': 0.25, 'IEF': 0.2, 'GLD': 0.15, 'SHY': 0.1}",0.0
1533168000000,2018-08-02,363117.1660904488,"{'SPY': 0.2, 'QQQ': 0.1, 'TLT': 0.25, 'IEF': 0.2, 'GLD': 0.15, 'SHY': 0.1}",0.0
1533254400000,2018-08-03,364371.82590707304,"{'SPY': 0.2, 'QQQ': 0.1, 'TLT': 0.25, 'IEF': 0.2, 'GLD': 0.15, 'SHY': 0.1}",0.0
1533513600000,2018-08-06,364671.0545313904,"{'SPY': 0.2, 'QQQ': 0.1, 'TLT': 0.25, 'IEF': 0.2, 'GLD': 0.15, 'SHY': 0.1}",0.0
1533600000000,2018-08-07,364531.6540049653,"{'SPY': 0.2, 'QQQ': 0.1, 'TLT': 0.25, 'IEF': 0.2, 'GLD': 0.15, 'SHY': 0.1}",0.0
1533686400000,2018-08-08,364858.89524251194,"{'SPY': 0.2, 'QQQ': 0.1, 'TLT': 0.25, 'IEF': 0.2, 'GLD': 0.15, 'SHY': 0.1}",0.0
1533772800000,2018-08-09,365647.0389452588,"{'SPY': 0.2, 'QQQ': 0.1, 'TLT': 0.25, 'IEF': 0.2, 'GLD': 0.15, 'SHY': 0.1}",0.0
1533859200000,2018-08-10,365868.6059040931,"{'SPY': 0.2, 'QQQ': 0.1, 'TLT': 0.25, 'IEF': 0.2, 'GLD': 0.15, 'SHY': 0.1}",0.0
1534118400000,2018-08-13,364506.52830331377,"{'SPY': 0.2, 'QQQ': 0.1, 'TLT': 0.25, 'IEF': 0.2, 'GLD': 0.15, 'SHY': 0.1}",0.0
1534204800000,2018-08-14,364977.76377288153,"{'SPY': 0.2, 'QQQ': 0.1, 'TLT': 0.25, 'IEF': 0.2, 'GLD': 0.15, 'SHY': 0.1}",0.0
1534291200000,2018-08-15,363803.51823798765,"{'SPY': 0.2, 'QQQ': 0.1, 'TLT': 0.25, 'IEF': 0.2, 'GLD': 0.15, 'SHY': 0.1}",0.0
1534377600000,2018-08-16,364430.3407564265,"{'SPY': 0.2, 'QQQ': 0.1, 'TLT': 0.25, 'IEF': 0.2, 'GLD': 0.15, 'SHY': 0.1}",0.0
1534464000000,2018-08-17,365356.52866186155,"{'SPY': 0.2, 'QQQ': 0.1, 'TLT': 0.25, 'IEF': 0.2, 'GLD': 0.15, 'SHY': 0.1}",0.0
1534723200000,2018-08-20,366615.6767465058,"{'SPY': 0.2, 'QQQ': 0.1, 'TLT': 0.25, 'IEF': 0.2, 'GLD': 0.15, 'SHY': 0.1}",0.0
1534809600000,2018-08-21,366666.1909554569,"{'SPY': 0.2, 'QQQ': 0.1, 'TLT': 0.25, 'IEF': 0.2, 'GLD': 0.15, 'SHY': 0.1}",0.0
1534896000000,2018-08-22,367393.55558495806,"{'SPY': 0.2, 'QQQ': 0.1, 'TLT': 0.25, 'IEF': 0.2, 'GLD': 0.15, 'SHY': 0.1}",0.0
1534982400000,2018-08-23,366854.30695972877,"{'SPY': 0.2, 'QQQ': 0.1, 'TLT': 0.25, 'IEF': 0.2, 'GLD': 0.15, 'SHY': 0.1}",0.0
1535068800000,2018-08-24,368804.1927726643,"{'SPY': 0.2, 'QQQ': 0.1, 'TLT': 0.25, 'IEF': 0.2, 'GLD': 0.15, 'SHY': 0.1}",0.0
1535328000000,2018-08-27,369264.91811786086,"{'SPY': 0.2, 'QQQ': 0.1, 'TLT': 0.25, 'IEF': 0.2, 'GLD': 0.15, 'SHY': 0.1}",0.0
1535414400000,2018-08-28,368181.83446215006,"{'SPY': 0.2, 'QQQ': 0.1, 'TLT': 0.25, 'IEF': 0.2, 'GLD': 0.15, 'SHY': 0.1}",0.0
1535500800000,2018-08-29,369351.35805234406,"{'SPY': 0.2, 'QQQ': 0.1, 'TLT': 0.25, 'IEF': 0.2, 'GLD': 0.15, 'SHY': 0.1}",0.0
1535587200000,2018-08-30,369077.3929194152,"{'SPY': 0.2, 'QQQ': 0.1, 'TLT': 0.25, 'IEF': 0.2, 'GLD': 0.15, 'SHY': 0.1}",0.0
1535673600000,2018-08-31,368874.3456936302,"{'SPY': 0.2, 'QQQ': 0.1, 'TLT': 0.25, 'IEF': 0.2, 'GLD': 0.15, 'SHY': 0.1}",0.0
1536019200000,2018-09-04,367596.2710017463,"{'SPY': 0.2, 'QQQ': 0.1, 'TLT': 0.25, 'IEF': 0.2, 'GLD': 0.15, 'SHY': 0.1}",0.0
1536105600000,2018-09-05,366861.95353035844,"{'SPY': 0.2, 'QQQ': 0.1, 'TLT': 0.25, 'IEF': 0.2, 'GLD': 0.15, 'SHY': 0.1}",0.0
1536192000000,2018-09-06,366921.142049362,"{'SPY': 0.2, 'QQQ': 0.1, 'TLT': 0.25, 'IEF': 0.2, 'GLD': 0.15, 'SHY': 0.1}",0.0
1536278400000,2018-09-07,365338.81022646016,"{'SPY': 0.2, 'QQQ': 0.1, 'TLT': 0.25, 'IEF': 0.2, 'GLD': 0.15, 'SHY': 0.1}",0.0
1536537600000,2018-09-10,365934.8700500938,"{'SPY': 0.2, 'QQQ': 0.1, 'TLT': 0.25, 'IEF': 0.2, 'GLD': 0.15, 'SHY': 0.1}",0.0
1536624000000,2018-09-11,365508.310039945,"{'SPY': 0.2, 'QQQ': 0.1, 'TLT': 0.25, 'IEF': 0.2, 'GLD': 0.15, 'SHY': 0.1}",0.0
1536710400000,2018-09-12,366180.2240646246,"{'SPY': 0.2, 'QQQ': 0.1, 'TLT': 0.25, 'IEF': 0.2, 'GLD': 0.15, 'SHY': 0.1}",0.0
1536796800000,2018-09-13,366942.97486387996,"{'SPY': 0.2, 'QQQ': 0.1, 'TLT': 0.25, 'IEF': 0.2, 'GLD': 0.15, 'SHY': 0.1}",0.0
1536883200000,2018-09-14,365900.8476617861,"{'SPY': 0.2, 'QQQ': 0.1, 'TLT': 0.25, 'IEF': 0.2, 'GLD': 0.15, 'SHY': 0.1}",0.0
1537142400000,2018-09-17,365278.50530567236,"{'SPY': 0.2, 'QQQ': 0.1, 'TLT': 0.25, 'IEF': 0.2, 'GLD': 0.15, 'SHY': 0.1}",0.0
1537228800000,2018-09-18,364633.37215265905,"{'SPY': 0.2, 'QQQ': 0.1, 'TLT': 0.25, 'IEF': 0.2, 'GLD': 0.15, 'SHY': 0.1}",0.0
1537315200000,2018-09-19,364219.90661084105,"{'SPY': 0.2, 'QQQ': 0.1, 'TLT': 0.25, 'IEF': 0.2, 'GLD': 0.15, 'SHY': 0.1}",0.0
1537401600000,2018-09-20,365842.0272145634,"{'SPY': 0.2, 'QQQ': 0.1, 'TLT': 0.25, 'IEF': 0.2, 'GLD': 0.15, 'SHY': 0.1}",0.0
1537488000000,2018-09-21,365181.7988235711,"{'SPY': 0.2, 'QQQ': 0.1, 'TLT': 0.25, 'IEF': 0.2, 'GLD': 0.15, 'SHY': 0.1}",0.0
1537747200000,2018-09-24,364717.61150721734,"{'SPY': 0.2, 'QQQ': 0.1, 'TLT': 0.25, 'IEF': 0.2, 'GLD': 0.15, 'SHY': 0.1}",0.0
1537833600000,2018-09-25,364624.7459668528,"{'SPY': 0.2, 'QQQ': 0.1, 'TLT': 0.25, 'IEF': 0.2, 'GLD': 0.15, 'SHY': 0.1}",0.0
1537920000000,2018-09-26,365027.25029322295,"{'SPY': 0.2, 'QQQ': 0.1, 'TLT': 0.25, 'IEF': 0.2, 'GLD': 0.15, 'SHY': 0.1}",0.0
1538006400000,2018-09-27,365118.06622303464,"{'SPY': 0.2, 'QQQ': 0.1, 'TLT': 0.25, 'IEF': 0.2, 'GLD': 0.15, 'SHY': 0.1}",0.0
1538092800000,2018-09-28,365168.3043577413,"{'TLT': 0.45, 'IEF': 0.25, 'GLD': 0.15, 'SHY': 0.15}",0.0
1538352000000,2018-10-01,363622.95316897647,"{'TLT': 0.45, 'IEF': 0.25, 'GLD': 0.15, 'SHY': 0.15}",0.0
1538438400000,2018-10-02,365507.4960330927,"{'TLT': 0.45, 'IEF': 0.25, 'GLD': 0.15, 'SHY': 0.15}",0.0
1538524800000,2018-10-03,361728.49669370364,"{'TLT': 0.45, 'IEF': 0.25, 'GLD': 0.15, 'SHY': 0.15}",0.0
1538611200000,2018-10-04,360361.26736827334,"{'TLT': 0.45, 'IEF': 0.25, 'GLD': 0.15, 'SHY': 0.15}",0.0
1538697600000,2018-10-05,358897.11804572033,"{'TLT': 0.45, 'IEF': 0.25, 'GLD': 0.15, 'SHY': 0.15}",0.0
1538956800000,2018-10-08,357781.1497850174,"{'TLT': 0.45, 'IEF': 0.25, 'GLD': 0.15, 'SHY': 0.15}",0.0
1539043200000,2018-10-09,359628.6925254499,"{'TLT': 0.45, 'IEF': 0.25, 'GLD': 0.15, 'SHY': 0.15}",0.0
1539129600000,2018-10-10,359379.99949363054,"{'TLT': 0.45, 'IEF': 0.25, 'GLD': 0.15, 'SHY': 0.15}",0.0
1539216000000,2018-10-11,363119.25682248815,"{'TLT': 0.45, 'IEF': 0.25, 'GLD': 0.15, 'SHY': 0.15}",0.0
1539302400000,2018-10-12,362182.9294795187,"{'TLT': 0.45, 'IEF': 0.25, 'GLD': 0.15, 'SHY': 0.15}",0.0
1539561600000,2018-10-15,362548.6913403649,"{'TLT': 0.45, 'IEF': 0.25, 'GLD': 0.15, 'SHY': 0.15}",0.0
1539648000000,2018-10-16,362796.9261820902,"{'TLT': 0.45, 'IEF': 0.25, 'GLD': 0.15, 'SHY': 0.15}",0.0
1539734400000,2018-10-17,361561.978750909,"{'TLT': 0.45, 'IEF': 0.25, 'GLD': 0.15, 'SHY': 0.15}",0.0
1539820800000,2018-10-18,361761.1552070769,"{'TLT': 0.45, 'IEF': 0.25, 'GLD': 0.15, 'SHY': 0.15}",0.0
1539907200000,2018-10-19,361305.1408249315,"{'TLT': 0.45, 'IEF': 0.25, 'GLD': 0.15, 'SHY': 0.15}",0.0
1540166400000,2018-10-22,360955.55928952864,"{'TLT': 0.45, 'IEF': 0.25, 'GLD': 0.15, 'SHY': 0.15}",0.0
1540252800000,2018-10-23,362055.5799214959,"{'TLT': 0.45, 'IEF': 0.25, 'GLD': 0.15, 'SHY': 0.15}",0.0
1540339200000,2018-10-24,363983.56999179156,"{'TLT': 0.45, 'IEF': 0.25, 'GLD': 0.15, 'SHY': 0.15}",0.0
1540425600000,2018-10-25,362940.730360946,"{'TLT': 0.45, 'IEF': 0.25, 'GLD': 0.15, 'SHY': 0.15}",0.0
1540512000000,2018-10-26,364537.9763831163,"{'TLT': 0.45, 'IEF': 0.25, 'GLD': 0.15, 'SHY': 0.15}",0.0
1540771200000,2018-10-29,363962.474830156,"{'TLT': 0.45, 'IEF': 0.25, 'GLD': 0.15, 'SHY': 0.15}",0.0
1540857600000,2018-10-30,362685.1654570381,"{'TLT': 0.45, 'IEF': 0.25, 'GLD': 0.15, 'SHY': 0.15}",0.0
1540944000000,2018-10-31,361299.77995347424,"{'TLT': 0.45, 'IEF': 0.25, 'GLD': 0.15, 'SHY': 0.15}",0.0
1541030400000,2018-11-01,362254.3091372402,"{'TLT': 0.45, 'IEF': 0.25, 'GLD': 0.15, 'SHY': 0.15}",0.0
1541116800000,2018-11-02,359666.9956079427,"{'TLT': 0.45, 'IEF': 0.25, 'GLD': 0.15, 'SHY': 0.15}",0.0
1541376000000,2018-11-05,360246.79517283617,"{'TLT': 0.45, 'IEF': 0.25, 'GLD': 0.15, 'SHY': 0.15}",0.0
1541462400000,2018-11-06,359880.5949657795,"{'TLT': 0.45, 'IEF': 0.25, 'GLD': 0.15, 'SHY': 0.15}",0.0
1541548800000,2018-11-07,360072.59121792763,"{'TLT': 0.45, 'IEF': 0.25, 'GLD': 0.15, 'SHY': 0.15}",0.0
1541635200000,2018-11-08,359809.21370735153,"{'TLT': 0.45, 'IEF': 0.25, 'GLD': 0.15, 'SHY': 0.15}",0.0
1541721600000,2018-11-09,360789.674619666,"{'TLT': 0.45, 'IEF': 0.25, 'GLD': 0.15, 'SHY': 0.15}",0.0
1541980800000,2018-11-12,361771.21360434475,"{'TLT': 0.45, 'IEF': 0.25, 'GLD': 0.15, 'SHY': 0.15}",0.0
1542067200000,2018-11-13,361769.0977177482,"{'TLT': 0.45, 'IEF': 0.25, 'GLD': 0.15, 'SHY': 0.15}",0.0
1542153600000,2018-11-14,362545.74089653883,"{'TLT': 0.45, 'IEF': 0.25, 'GLD': 0.15, 'SHY': 0.15}",0.0
1542240000000,2018-11-15,362625.1456168909,"{'TLT': 0.45, 'IEF': 0.25, 'GLD': 0.15, 'SHY': 0.15}",0.0
1542326400000,2018-11-16,364290.4126921737,"{'TLT': 0.45, 'IEF': 0.25, 'GLD': 0.15, 'SHY': 0.15}",0.0
1542585600000,2018-11-19,364952.3724727984,"{'TLT': 0.45, 'IEF': 0.25, 'GLD': 0.15, 'SHY': 0.15}",0.0
1542672000000,2018-11-20,364978.37118865416,"{'TLT': 0.45, 'IEF': 0.25, 'GLD': 0.15, 'SHY': 0.15}",0.0
1542758400000,2018-11-21,364993.10801937076,"{'TLT': 0.45, 'IEF': 0.25, 'GLD': 0.15, 'SHY': 0.15}",0.0
1542931200000,2018-11-23,365162.8557526932,"{'TLT': 0.45, 'IEF': 0.25, 'GLD': 0.15, 'SHY': 0.15}",0.0
1543190400000,2018-11-26,364664.8199281958,"{'TLT': 0.45, 'IEF': 0.25, 'GLD': 0.15, 'SHY': 0.15}",0.0
1543276800000,2018-11-27,364620.7932110589,"{'TLT': 0.45, 'IEF': 0.25, 'GLD': 0.15, 'SHY': 0.15}",0.0
1543363200000,2018-11-28,364037.1013839615,"{'TLT': 0.45, 'IEF': 0.25, 'GLD': 0.15, 'SHY': 0.15}",0.0
1543449600000,2018-11-29,365098.2909883284,"{'TLT': 0.45, 'IEF': 0.25, 'GLD': 0.15, 'SHY': 0.15}",0.0
1543536000000,2018-11-30,365817.93023795675,"{'TLT': 0.45, 'IEF': 0.25, 'GLD': 0.15, 'SHY': 0.15}",0.0
1543795200000,2018-12-03,367554.98845798656,"{'TLT': 0.45, 'IEF': 0.25, 'GLD': 0.15, 'SHY': 0.15}",0.0
1543881600000,2018-12-04,371124.4972208138,"{'TLT': 0.45, 'IEF': 0.25, 'GLD': 0.15, 'SHY': 0.15}",0.0
1544054400000,2018-12-06,371947.95076186216,"{'TLT': 0.45, 'IEF': 0.25, 'GLD': 0.15, 'SHY': 0.15}",0.0
1544140800000,2018-12-07,373044.42934586835,"{'TLT': 0.45, 'IEF': 0.25, 'GLD': 0.15, 'SHY': 0.15}",0.0
1544400000000,2018-12-10,373599.22025983804,"{'TLT': 0.45, 'IEF': 0.25, 'GLD': 0.15, 'SHY': 0.15}",0.0
1544486400000,2018-12-11,373214.4440048241,"{'TLT': 0.45, 'IEF': 0.25, 'GLD': 0.15, 'SHY': 0.15}",0.0
1544572800000,2018-12-12,372323.47578964906,"{'TLT': 0.45, 'IEF': 0.25, 'GLD': 0.15, 'SHY': 0.15}",0.0
1544659200000,2018-12-13,371912.00289870857,"{'TLT': 0.45, 'IEF': 0.25, 'GLD': 0.15, 'SHY': 0.15}",0.0
1544745600000,2018-12-14,372448.9193812254,"{'TLT': 0.45, 'IEF': 0.25, 'GLD': 0.15, 'SHY': 0.15}",0.0
1545004800000,2018-12-17,374137.5900259755,"{'TLT': 0.45, 'IEF': 0.25, 'GLD': 0.15, 'SHY': 0.15}",0.0
1545091200000,2018-12-18,375542.6925615746,"{'TLT': 0.45, 'IEF': 0.25, 'GLD': 0.15, 'SHY': 0.15}",0.0
1545177600000,2018-12-19,377773.9470366964,"{'TLT': 0.45, 'IEF': 0.25, 'GLD': 0.15, 'SHY': 0.15}",0.0
1545264000000,2018-12-20,377904.4404839244,"{'TLT': 0.45, 'IEF': 0.25, 'GLD': 0.15, 'SHY': 0.15}",0.0
1545350400000,2018-12-21,377752.3299996162,"{'TLT': 0.45, 'IEF': 0.25, 'GLD': 0.15, 'SHY': 0.15}",0.0
1545609600000,2018-12-24,379503.12542394025,"{'TLT': 0.45, 'IEF': 0.25, 'GLD': 0.15, 'SHY': 0.15}",0.0
1545782400000,2018-12-26,376998.5621565927,"{'TLT': 0.45, 'IEF': 0.25, 'GLD': 0.15, 'SHY': 0.15}",0.0
1545868800000,2018-12-27,377755.9792452605,"{'TLT': 0.45, 'IEF': 0.25, 'GLD': 0.15, 'SHY': 0.15}",0.0
1545955200000,2018-12-28,380010.12032655126,"{'TLT': 0.45, 'IEF': 0.25, 'GLD': 0.15, 'SHY': 0.15}",0.0
1546214400000,2018-12-31,381126.7899685876,"{'TLT': 0.45, 'IEF': 0.25, 'GLD': 0.15, 'SHY': 0.15}",0.0
1546387200000,2019-01-02,382275.83050249843,"{'TLT': 0.45, 'IEF': 0.25, 'GLD': 0.15, 'SHY': 0.15}",0.0
1546473600000,2019-01-03,385629.363327128,"{'TLT': 0.45, 'IEF': 0.25, 'GLD': 0.15, 'SHY': 0.15}",0.0
1546560000000,2019-01-04,382250.2136116586,"{'TLT': 0.45, 'IEF': 0.25, 'GLD': 0.15, 'SHY': 0.15}",0.0
1546819200000,2019-01-07,381634.81909309025,"{'TLT': 0.45, 'IEF': 0.25, 'GLD': 0.15, 'SHY': 0.15}",0.0
1546905600000,2019-01-08,380755.9111816202,"{'TLT': 0.45, 'IEF': 0.25, 'GLD': 0.15, 'SHY': 0.15}",0.0
1546992000000,2019-01-09,380936.67932473286,"{'TLT': 0.45, 'IEF': 0.25, 'GLD': 0.15, 'SHY': 0.15}",0.0
1547078400000,2019-01-10,379458.4507785285,"{'TLT': 0.45, 'IEF': 0.25, 'GLD': 0.15, 'SHY': 0.15}",0.0
1547164800000,2019-01-11,380540.1896385247,"{'TLT': 0.45, 'IEF': 0.25, 'GLD': 0.15, 'SHY': 0.15}",0.0
1547424000000,2019-01-14,379984.1002909208,"{'TLT': 0.45, 'IEF': 0.25, 'GLD': 0.15, 'SHY': 0.15}",0.0
1547510400000,2019-01-15,379190.92104851507,"{'TLT': 0.45, 'IEF': 0.25, 'GLD': 0.15, 'SHY': 0.15}",0.0
1547596800000,2019-01-16,379475.14044277376,"{'TLT': 0.45, 'IEF': 0.25, 'GLD': 0.15, 'SHY': 0.15}",0.0
1547683200000,2019-01-17,379263.08438072307,"{'TLT': 0.45, 'IEF': 0.25, 'GLD': 0.15, 'SHY': 0.15}",0.0
1547769600000,2019-01-18,377511.5310698521,"{'TLT': 0.45, 'IEF': 0.25, 'GLD': 0.15, 'SHY': 0.15}",0.0
1548115200000,2019-01-22,379239.5449104089,"{'TLT': 0.45, 'IEF': 0.25, 'GLD': 0.15, 'SHY': 0.15}",0.0
1548201600000,2019-01-23,379029.67757423717,"{'TLT': 0.45, 'IEF': 0.25, 'GLD': 0.15, 'SHY': 0.15}",0.0
1548288000000,2019-01-24,380409.554484557,"{'TLT': 0.45, 'IEF': 0.25, 'GLD': 0.15, 'SHY': 0.15}",0.0
1548374400000,2019-01-25,380163.61922340683,"{'TLT': 0.45, 'IEF': 0.25, 'GLD': 0.15, 'SHY': 0.15}",0.0
1548633600000,2019-01-28,380227.1823980706,"{'TLT': 0.45, 'IEF': 0.25, 'GLD': 0.15, 'SHY': 0.15}",0.0
1548720000000,2019-01-29,381715.03638703556,"{'TLT': 0.45, 'IEF': 0.25, 'GLD': 0.15, 'SHY': 0.15}",0.0
1548806400000,2019-01-30,382210.31386684335,"{'TLT': 0.45, 'IEF': 0.25, 'GLD': 0.15, 'SHY': 0.15}",0.0
1548892800000,2019-01-31,384204.28222999687,"{'TLT': 0.45, 'IEF': 0.25, 'GLD': 0.15, 'SHY': 0.15}",0.0
1548979200000,2019-02-01,382463.1156776925,"{'TLT': 0.45, 'IEF': 0.25, 'GLD': 0.15, 'SHY': 0.15}",0.0
1549238400000,2019-02-04,381234.76473990834,"{'TLT': 0.45, 'IEF': 0.25, 'GLD': 0.15, 'SHY': 0.15}",0.0
1549324800000,2019-02-05,382331.04385855864,"{'TLT': 0.45, 'IEF': 0.25, 'GLD': 0.15, 'SHY': 0.15}",0.0
1549411200000,2019-02-06,382129.72243897,"{'TLT': 0.45, 'IEF': 0.25, 'GLD': 0.15, 'SHY': 0.15}",0.0
1549497600000,2019-02-07,383758.7490867302,"{'TLT': 0.45, 'IEF': 0.25, 'GLD': 0.15, 'SHY': 0.15}",0.0
1549584000000,2019-02-08,384863.7103882771,"{'TLT': 0.45, 'IEF': 0.25, 'GLD': 0.15, 'SHY': 0.15}",0.0
1549843200000,2019-02-11,383732.9008209127,"{'TLT': 0.45, 'IEF': 0.25, 'GLD': 0.15, 'SHY': 0.15}",0.0
1549929600000,2019-02-12,383279.2928578014,"{'TLT': 0.45, 'IEF': 0.25, 'GLD': 0.15, 'SHY': 0.15}",0.0
1550016000000,2019-02-13,382118.9822787646,"{'TLT': 0.45, 'IEF': 0.25, 'GLD': 0.15, 'SHY': 0.15}",0.0
1550102400000,2019-02-14,383944.65438413084,"{'TLT': 0.45, 'IEF': 0.25, 'GLD': 0.15, 'SHY': 0.15}",0.0
1550188800000,2019-02-15,384438.4473972794,"{'TLT': 0.45, 'IEF': 0.25, 'GLD': 0.15, 'SHY': 0.15}",0.0
1550534400000,2019-02-19,385962.9640970996,"{'TLT': 0.45, 'IEF': 0.25, 'GLD': 0.15, 'SHY': 0.15}",0.0
1550620800000,2019-02-20,385340.09357139084,"{'TLT': 0.45, 'IEF': 0.25, 'GLD': 0.15, 'SHY': 0.15}",0.0
1550707200000,2019-02-21,382830.2120273244,"{'TLT': 0.45, 'IEF': 0.25, 'GLD': 0.15, 'SHY': 0.15}",0.0
1550793600000,2019-02-22,384388.98074047576,"{'TLT': 0.45, 'IEF': 0.25, 'GLD': 0.15, 'SHY': 0.15}",0.0
1551052800000,2019-02-25,383663.111540408,"{'TLT': 0.45, 'IEF': 0.25, 'GLD': 0.15, 'SHY': 0.15}",0.0
1551139200000,2019-02-26,384926.26373199176,"{'TLT': 0.45, 'IEF': 0.25, 'GLD': 0.15, 'SHY': 0.15}",0.0
1551225600000,2019-02-27,382201.0019824629,"{'TLT': 0.45, 'IEF': 0.25, 'GLD': 0.15, 'SHY': 0.15}",0.0
1551312000000,2019-02-28,381032.7129411447,"{'TLT': 0.45, 'IEF': 0.25, 'GLD': 0.15, 'SHY': 0.15}",0.0
1551398400000,2019-03-01,378124.38570557407,"{'TLT': 0.45, 'IEF': 0.25, 'GLD': 0.15, 'SHY': 0.15}",0.0
1551657600000,2019-03-04,379614.79041305755,"{'TLT': 0.45, 'IEF': 0.25, 'GLD': 0.15, 'SHY': 0.15}",0.0
1551744000000,2019-03-05,380108.3592036504,"{'TLT': 0.45, 'IEF': 0.25, 'GLD': 0.15, 'SHY': 0.15}",0.0
1551830400000,2019-03-06,380991.00543638394,"{'TLT': 0.45, 'IEF': 0.25, 'GLD': 0.15, 'SHY': 0.15}",0.0
1551916800000,2019-03-07,382423.39216818556,"{'TLT': 0.45, 'IEF': 0.25, 'GLD': 0.15, 'SHY': 0.15}",0.0
1552003200000,2019-03-08,383934.0052093686,"{'TLT': 0.45, 'IEF': 0.25, 'GLD': 0.15, 'SHY': 0.15}",0.0
1552262400000,2019-03-11,383054.0502666218,"{'TLT': 0.45, 'IEF': 0.25, 'GLD': 0.15, 'SHY': 0.15}",0.0
1552348800000,2019-03-12,384896.4746810028,"{'TLT': 0.45, 'IEF': 0.25, 'GLD': 0.15, 'SHY': 0.15}",0.0
1552435200000,2019-03-13,384944.08993760275,"{'TLT': 0.45, 'IEF': 0.25, 'GLD': 0.15, 'SHY': 0.15}",0.0
1552521600000,2019-03-14,382902.3520409005,"{'TLT': 0.45, 'IEF': 0.25, 'GLD': 0.15, 'SHY': 0.15}",0.0
1552608000000,2019-03-15,384626.90988724754,"{'TLT': 0.45, 'IEF': 0.25, 'GLD': 0.15, 'SHY': 0.15}",0.0
1552867200000,2019-03-18,384418.28738634125,"{'TLT': 0.45, 'IEF': 0.25, 'GLD': 0.15, 'SHY': 0.15}",0.0
1552953600000,2019-03-19,384122.9046434414,"{'TLT': 0.45, 'IEF': 0.25, 'GLD': 0.15, 'SHY': 0.15}",0.0
1553040000000,2019-03-20,387055.52022222435,"{'TLT': 0.45, 'IEF': 0.25, 'GLD': 0.15, 'SHY': 0.15}",0.0
1553126400000,2019-03-21,387159.30738879414,"{'TLT': 0.45, 'IEF': 0.25, 'GLD': 0.15, 'SHY': 0.15}",0.0
1553212800000,2019-03-22,390814.0249596131,"{'TLT': 0.45, 'IEF': 0.25, 'GLD': 0.15, 'SHY': 0.15}",0.0
1553472000000,2019-03-25,391855.9567552355,"{'TLT': 0.45, 'IEF': 0.25, 'GLD': 0.15, 'SHY': 0.15}",0.0
1553558400000,2019-03-26,391347.5580723629,"{'TLT': 0.45, 'IEF': 0.25, 'GLD': 0.15, 'SHY': 0.15}",0.0
1553644800000,2019-03-27,392994.70012347103,"{'TLT': 0.45, 'IEF': 0.25, 'GLD': 0.15, 'SHY': 0.15}",0.0
1553731200000,2019-03-28,392779.58081602014,"{'TLT': 0.45, 'IEF': 0.25, 'GLD': 0.15, 'SHY': 0.15}",0.0
1553817600000,2019-03-29,392473.9772651633,"{'TLT': 0.45, 'IEF': 0.25, 'GLD': 0.15, 'SHY': 0.15}",0.0
1554076800000,2019-04-01,388998.73573868856,"{'TLT': 0.45, 'IEF': 0.25, 'GLD': 0.15, 'SHY': 0.15}",0.0
1554163200000,2019-04-02,389731.96911251155,"{'TLT': 0.45, 'IEF': 0.25, 'GLD': 0.15, 'SHY': 0.15}",0.0
1554249600000,2019-04-03,387793.9773187155,"{'TLT': 0.45, 'IEF': 0.25, 'GLD': 0.15, 'SHY': 0.15}",0.0
1554336000000,2019-04-04,388551.4300279292,"{'TLT': 0.45, 'IEF': 0.25, 'GLD': 0.15, 'SHY': 0.15}",0.0
1554422400000,2019-04-05,388754.2582916206,"{'TLT': 0.45, 'IEF': 0.25, 'GLD': 0.15, 'SHY': 0.15}",0.0
1554681600000,2019-04-08,388216.8287326779,"{'TLT': 0.45, 'IEF': 0.25, 'GLD': 0.15, 'SHY': 0.15}",0.0
1554768000000,2019-04-09,389253.9239775707,"{'TLT': 0.45, 'IEF': 0.25, 'GLD': 0.15, 'SHY': 0.15}",0.0
1554854400000,2019-04-10,390136.7777016434,"{'TLT': 0.45, 'IEF': 0.25, 'GLD': 0.15, 'SHY': 0.15}",0.0
1554940800000,2019-04-11,388101.3282168066,"{'TLT': 0.45, 'IEF': 0.25, 'GLD': 0.15, 'SHY': 0.15}",0.0
1555027200000,2019-04-12,386315.8236125403,"{'TLT': 0.45, 'IEF': 0.25, 'GLD': 0.15, 'SHY': 0.15}",0.0
1555286400000,2019-04-15,386781.2546482058,"{'TLT': 0.45, 'IEF': 0.25, 'GLD': 0.15, 'SHY': 0.15}",0.0
1555372800000,2019-04-16,384834.14062099106,"{'TLT': 0.45, 'IEF': 0.25, 'GLD': 0.15, 'SHY': 0.15}",0.0
1555459200000,2019-04-17,384833.843781292,"{'TLT': 0.45, 'IEF': 0.25, 'GLD': 0.15, 'SHY': 0.15}",0.0
1555545600000,2019-04-18,386026.2300796753,"{'TLT': 0.45, 'IEF': 0.25, 'GLD': 0.15, 'SHY': 0.15}",0.0
1555891200000,2019-04-22,385061.75904944533,"{'TLT': 0.45, 'IEF': 0.25, 'GLD': 0.15, 'SHY': 0.15}",0.0
1555977600000,2019-04-23,385511.5402269964,"{'TLT': 0.45, 'IEF': 0.25, 'GLD': 0.15, 'SHY': 0.15}",0.0
1556064000000,2019-04-24,387495.80523198727,"{'TLT': 0.45, 'IEF': 0.25, 'GLD': 0.15, 'SHY': 0.15}",0.0
1556150400000,2019-04-25,387170.9786377504,"{'TLT': 0.45, 'IEF': 0.25, 'GLD': 0.15, 'SHY': 0.15}",0.0
1556236800000,2019-04-26,388468.0938009546,"{'TLT': 0.45, 'IEF': 0.25, 'GLD': 0.15, 'SHY': 0.15}",0.0
1556496000000,2019-04-29,386870.8875711137,"{'TLT': 0.45, 'IEF': 0.25, 'GLD': 0.15, 'SHY': 0.15}",0.0
1556582400000,2019-04-30,388173.8174192916,"{'TLT': 0.45, 'IEF': 0.25, 'GLD': 0.15, 'SHY': 0.15}",0.0
1556668800000,2019-05-01,388414.6373196545,"{'TLT': 0.45, 'IEF': 0.25, 'GLD': 0.15, 'SHY': 0.15}",0.0
1556755200000,2019-05-02,387056.1646031693,"{'TLT': 0.45, 'IEF': 0.25, 'GLD': 0.15, 'SHY': 0.15}",0.0
1556841600000,2019-05-03,388043.6452314378,"{'TLT': 0.45, 'IEF': 0.25, 'GLD': 0.15, 'SHY': 0.15}",0.0
1557100800000,2019-05-06,388883.99893628334,"{'TLT': 0.45, 'IEF': 0.25, 'GLD': 0.15, 'SHY': 0.15}",0.0
1557187200000,2019-05-07,390776.558639048,"{'TLT': 0.45, 'IEF': 0.25, 'GLD': 0.15, 'SHY': 0.15}",0.0
1557273600000,2019-05-08,389680.3644090668,"{'TLT': 0.45, 'IEF': 0.25, 'GLD': 0.15, 'SHY': 0.15}",0.0
1557360000000,2019-05-09,390831.8064584628,"{'TLT': 0.45, 'IEF': 0.25, 'GLD': 0.15, 'SHY': 0.15}",0.0
1557446400000,2019-05-10,390653.2177327928,"{'TLT': 0.45, 'IEF': 0.25, 'GLD': 0.15, 'SHY': 0.15}",0.0
1557705600000,2019-05-13,393190.1820891599,"{'TLT': 0.45, 'IEF': 0.25, 'GLD': 0.15, 'SHY': 0.15}",0.0
1557792000000,2019-05-14,392476.32469508745,"{'TLT': 0.45, 'IEF': 0.25, 'GLD': 0.15, 'SHY': 0.15}",0.0
1557878400000,2019-05-15,393882.5280838504,"{'TLT': 0.45, 'IEF': 0.25, 'GLD': 0.15, 'SHY': 0.15}",0.0
1557964800000,2019-05-16,392639.0157242199,"{'TLT': 0.45, 'IEF': 0.25, 'GLD': 0.15, 'SHY': 0.15}",0.0
1558051200000,2019-05-17,392675.68685258465,"{'TLT': 0.45, 'IEF': 0.25, 'GLD': 0.15, 'SHY': 0.15}",0.0
1558310400000,2019-05-20,392112.59080991126,"{'TLT': 0.45, 'IEF': 0.25, 'GLD': 0.15, 'SHY': 0.15}",0.0
1558396800000,2019-05-21,391556.98981495376,"{'TLT': 0.45, 'IEF': 0.25, 'GLD': 0.15, 'SHY': 0.15}",0.0
1558483200000,2019-05-22,392831.35436155053,"{'TLT': 0.45, 'IEF': 0.25, 'GLD': 0.15, 'SHY': 0.15}",0.0
1558569600000,2019-05-23,395978.4375790056,"{'TLT': 0.45, 'IEF': 0.25, 'GLD': 0.15, 'SHY': 0.15}",0.0
1558656000000,2019-05-24,396146.97464799916,"{'TLT': 0.45, 'IEF': 0.25, 'GLD': 0.15, 'SHY': 0.15}",0.0
1559001600000,2019-05-28,397683.09635851724,"{'TLT': 0.45, 'IEF': 0.25, 'GLD': 0.15, 'SHY': 0.15}",0.0
1559088000000,2019-05-29,398215.3397141839,"{'TLT': 0.45, 'IEF': 0.25, 'GLD': 0.15, 'SHY': 0.15}",0.0
1559174400000,2019-05-30,400571.1447694087,"{'TLT': 0.45, 'IEF': 0.25, 'GLD': 0.15, 'SHY': 0.15}",0.0
1559260800000,2019-05-31,404432.2336423204,"{'TLT': 0.45, 'IEF': 0.25, 'GLD': 0.15, 'SHY': 0.15}",0.0
1559520000000,2019-06-03,407125.895830445,"{'TLT': 0.45, 'IEF': 0.25, 'GLD': 0.15, 'SHY': 0.15}",0.0
1559606400000,2019-06-04,404640.58826969325,"{'TLT': 0.45, 'IEF': 0.25, 'GLD': 0.15, 'SHY': 0.15}",0.0
1559692800000,2019-06-05,403795.3568971308,"{'TLT': 0.45, 'IEF': 0.25, 'GLD': 0.15, 'SHY': 0.15}",0.0
1559779200000,2019-06-06,404525.0861215769,"{'TLT': 0.45, 'IEF': 0.25, 'GLD': 0.15, 'SHY': 0.15}",0.0
1559865600000,2019-06-07,406906.6244981708,"{'TLT': 0.45, 'IEF': 0.25, 'GLD': 0.15, 'SHY': 0.15}",0.0
1560124800000,2019-06-10,404014.97095590696,"{'TLT': 0.45, 'IEF': 0.25, 'GLD': 0.15, 'SHY': 0.15}",0.0
1560211200000,2019-06-11,404032.312998319,"{'TLT': 0.45, 'IEF': 0.25, 'GLD': 0.15, 'SHY': 0.15}",0.0
1560297600000,2019-06-12,404796.7132816163,"{'TLT': 0.45, 'IEF': 0.25, 'GLD': 0.15, 'SHY': 0.15}",0.0
1560384000000,2019-06-13,406110.9295990999,"{'TLT': 0.45, 'IEF': 0.25, 'GLD': 0.15, 'SHY': 0.15}",0.0
1560470400000,2019-06-14,406604.3223159396,"{'TLT': 0.45, 'IEF': 0.25, 'GLD': 0.15, 'SHY': 0.15}",0.0
1560729600000,2019-06-17,406838.4744282966,"{'TLT': 0.45, 'IEF': 0.25, 'GLD': 0.15, 'SHY': 0.15}",0.0
1560816000000,2019-06-18,408267.4316483751,"{'TLT': 0.45, 'IEF': 0.25, 'GLD': 0.15, 'SHY': 0.15}",0.0
1560902400000,2019-06-19,409312.1077124698,"{'TLT': 0.45, 'IEF': 0.25, 'GLD': 0.15, 'SHY': 0.15}",0.0
1560988800000,2019-06-20,411541.0566148711,"{'TLT': 0.45, 'IEF': 0.25, 'GLD': 0.15, 'SHY': 0.15}",0.0
1561075200000,2019-06-21,409465.99396281503,"{'TLT': 0.45, 'IEF': 0.25, 'GLD': 0.15, 'SHY': 0.15}",0.0
1561334400000,2019-06-24,412143.442328124,"{'TLT': 0.45, 'IEF': 0.25, 'GLD': 0.15, 'SHY': 0.15}",0.0
1561420800000,2019-06-25,413011.6640728582,"{'TLT': 0.45, 'IEF': 0.25, 'GLD': 0.15, 'SHY': 0.15}",0.0
1561507200000,2019-06-26,410759.2965045351,"{'TLT': 0.45, 'IEF': 0.25, 'GLD': 0.15, 'SHY': 0.15}",0.0
1561593600000,2019-06-27,412361.6017273564,"{'TLT': 0.45, 'IEF': 0.25, 'GLD': 0.15, 'SHY': 0.15}",0.0
1561680000000,2019-06-28,412450.4566964738,"{'TLT': 0.45, 'IEF': 0.25, 'GLD': 0.15, 'SHY': 0.15}",0.0
1561939200000,2019-07-01,410649.05480142846,"{'TLT': 0.45, 'IEF': 0.25, 'GLD': 0.15, 'SHY': 0.15}",0.0
1562025600000,2019-07-02,413791.6166394535,"{'TLT': 0.45, 'IEF': 0.25, 'GLD': 0.15, 'SHY': 0.15}",0.0
1562112000000,2019-07-03,415433.4193094235,"{'TLT': 0.45, 'IEF': 0.25, 'GLD': 0.15, 'SHY': 0.15}",0.0
1562284800000,2019-07-05,411474.7416159645,"{'TLT': 0.45, 'IEF': 0.25, 'GLD': 0.15, 'SHY': 0.15}",0.0
1562544000000,2019-07-08,411196.93107560417,"{'TLT': 0.45, 'IEF': 0.25, 'GLD': 0.15, 'SHY': 0.15}",0.0
1562630400000,2019-07-09,411255.60957652255,"{'TLT': 0.45, 'IEF': 0.25, 'GLD': 0.15, 'SHY': 0.15}",0.0
1562716800000,2019-07-10,411376.4140083586,"{'TLT': 0.45, 'IEF': 0.25, 'GLD': 0.15, 'SHY': 0.15}",0.0
1562803200000,2019-07-11,407847.3901719999,"{'TLT': 0.45, 'IEF': 0.25, 'GLD': 0.15, 'SHY': 0.15}",0.0
1562889600000,2019-07-12,408561.21651772043,"{'TLT': 0.45, 'IEF': 0.25, 'GLD': 0.15, 'SHY': 0.15}",0.0
1563148800000,2019-07-15,409850.15070923493,"{'TLT': 0.45, 'IEF': 0.25, 'GLD': 0.15, 'SHY': 0.15}",0.0
1563235200000,2019-07-16,408533.7551369605,"{'TLT': 0.45, 'IEF': 0.25, 'GLD': 0.15, 'SHY': 0.15}",0.0
1563321600000,2019-07-17,412063.5852300093,"{'TLT': 0.45, 'IEF': 0.25, 'GLD': 0.15, 'SHY': 0.15}",0.0
1563408000000,2019-07-18,413277.2008940526,"{'TLT': 0.45, 'IEF': 0.25, 'GLD': 0.15, 'SHY': 0.15}",0.0
1563494400000,2019-07-19,411673.46866171446,"{'TLT': 0.45, 'IEF': 0.25, 'GLD': 0.15, 'SHY': 0.15}",0.0
1563753600000,2019-07-22,412070.1989588175,"{'TLT': 0.45, 'IEF': 0.25, 'GLD': 0.15, 'SHY': 0.15}",0.0
1563840000000,2019-07-23,410525.23157378717,"{'TLT': 0.45, 'IEF': 0.25, 'GLD': 0.15, 'SHY': 0.15}",0.0
1563926400000,2019-07-24,411805.47202847013,"{'TLT': 0.45, 'IEF': 0.25, 'GLD': 0.15, 'SHY': 0.15}",0.0
1564012800000,2019-07-25,410268.02680587384,"{'TLT': 0.45, 'IEF': 0.25, 'GLD': 0.15, 'SHY': 0.15}",0.0
1564099200000,2019-07-26,410794.3231718424,"{'TLT': 0.45, 'IEF': 0.25, 'GLD': 0.15, 'SHY': 0.15}",0.0
1564358400000,2019-07-29,411354.70315761666,"{'TLT': 0.45, 'IEF': 0.25, 'GLD': 0.15, 'SHY': 0.15}",0.0
1564444800000,2019-07-30,412065.87878789037,"{'TLT': 0.45, 'IEF': 0.25, 'GLD': 0.15, 'SHY': 0.15}",0.0
1564531200000,2019-07-31,413002.25265233056,"{'TLT': 0.45, 'IEF': 0.25, 'GLD': 0.15, 'SHY': 0.15}",0.0
1564617600000,2019-08-01,419528.66855834,"{'TLT': 0.45, 'IEF': 0.25, 'GLD': 0.15, 'SHY': 0.15}",0.0
1564704000000,2019-08-02,421265.96049753914,"{'TLT': 0.45, 'IEF': 0.25, 'GLD': 0.15, 'SHY': 0.15}",0.0
1564963200000,2019-08-05,426463.172792229,"{'TLT': 0.45, 'IEF': 0.25, 'GLD': 0.15, 'SHY': 0.15}",0.0
1565049600000,2019-08-06,428718.31296297064,"{'TLT': 0.45, 'IEF': 0.25, 'GLD': 0.15, 'SHY': 0.15}",0.0
1565136000000,2019-08-07,429771.7099305591,"{'TLT': 0.45, 'IEF': 0.25, 'GLD': 0.15, 'SHY': 0.15}",0.0
1565222400000,2019-08-08,430497.3926292779,"{'TLT': 0.45, 'IEF': 0.25, 'GLD': 0.15, 'SHY': 0.15}",0.0
1565308800000,2019-08-09,429695.69284828246,"{'TLT': 0.45, 'IEF': 0.25, 'GLD': 0.15, 'SHY': 0.15}",0.0
1565568000000,2019-08-12,435101.0330959908,"{'TLT': 0.45, 'IEF': 0.25, 'GLD': 0.15, 'SHY': 0.15}",0.0
1565654400000,2019-08-13,433578.4026815043,"{'TLT': 0.45, 'IEF': 0.25, 'GLD': 0.15, 'SHY': 0.15}",0.0
1565740800000,2019-08-14,439226.57083975064,"{'TLT': 0.45, 'IEF': 0.25, 'GLD': 0.15, 'SHY': 0.15}",0.0
1565827200000,2019-08-15,442701.0170266325,"{'TLT': 0.45, 'IEF': 0.25, 'GLD': 0.15, 'SHY': 0.15}",0.0
1565913600000,2019-08-16,440380.69841277547,"{'TLT': 0.45, 'IEF': 0.25, 'GLD': 0.15, 'SHY': 0.15}",0.0
1566172800000,2019-08-19,436180.7180000074,"{'TLT': 0.45, 'IEF': 0.25, 'GLD': 0.15, 'SHY': 0.15}",0.0
1566259200000,2019-08-20,439249.5129932054,"{'TLT': 0.45, 'IEF': 0.25, 'GLD': 0.15, 'SHY': 0.15}",0.0
1566345600000,2019-08-21,437371.4118574878,"{'TLT': 0.45, 'IEF': 0.25, 'GLD': 0.15, 'SHY': 0.15}",0.0
1566432000000,2019-08-22,435625.56600730104,"{'TLT': 0.45, 'IEF': 0.25, 'GLD': 0.15, 'SHY': 0.15}",0.0
1566518400000,2019-08-23,440967.37408693344,"{'TLT': 0.45, 'IEF': 0.25, 'GLD': 0.15, 'SHY': 0.15}",0.0
1566777600000,2019-08-26,440036.71031592565,"{'TLT': 0.45, 'IEF': 0.25, 'GLD': 0.15, 'SHY': 0.15}",0.0
1566864000000,2019-08-27,444217.24266620795,"{'TLT': 0.45, 'IEF': 0.25, 'GLD': 0.15, 'SHY': 0.15}",0.0
1566950400000,2019-08-28,444341.43446534773,"{'TLT': 0.45, 'IEF': 0.25, 'GLD': 0.15, 'SHY': 0.15}",0.0
1567036800000,2019-08-29,442861.06955406035,"{'TLT': 0.45, 'IEF': 0.25, 'GLD': 0.15, 'SHY': 0.15}",0.0
1567123200000,2019-08-30,442797.1071022425,"{'TLT': 0.45, 'IEF': 0.25, 'GLD': 0.15, 'SHY': 0.15}",0.0
1567468800000,2019-09-03,444273.52628132247,"{'TLT': 0.45, 'IEF': 0.25, 'GLD': 0.15, 'SHY': 0.15}",0.0
1567555200000,2019-09-04,445218.59595819877,"{'TLT': 0.45, 'IEF': 0.25, 'GLD': 0.15, 'SHY': 0.15}",0.0
1567641600000,2019-09-05,438941.7665761688,"{'TLT': 0.45, 'IEF': 0.25, 'GLD': 0.15, 'SHY': 0.15}",0.0
1567728000000,2019-09-06,439861.6101002887,"{'TLT': 0.45, 'IEF': 0.25, 'GLD': 0.15, 'SHY': 0.15}",0.0
1567987200000,2019-09-09,435350.1031633212,"{'TLT': 0.45, 'IEF': 0.25, 'GLD': 0.15, 'SHY': 0.15}",0.0
1568073600000,2019-09-10,430457.6658055744,"{'TLT': 0.45, 'IEF': 0.25, 'GLD': 0.15, 'SHY': 0.15}",0.0
1568160000000,2019-09-11,430399.1733438474,"{'TLT': 0.45, 'IEF': 0.25, 'GLD': 0.15, 'SHY': 0.15}",0.0
1568246400000,2019-09-12,429007.1658438201,"{'TLT': 0.45, 'IEF': 0.25, 'GLD': 0.15, 'SHY': 0.15}",0.0
1568332800000,2019-09-13,423263.5935209694,"{'TLT': 0.45, 'IEF': 0.25, 'GLD': 0.15, 'SHY': 0.15}",0.0
1568592000000,2019-09-16,426733.1346572836,"{'TLT': 0.45, 'IEF': 0.25, 'GLD': 0.15, 'SHY': 0.15}",0.0
1568678400000,2019-09-17,428210.56624358776,"{'TLT': 0.45, 'IEF': 0.25, 'GLD': 0.15, 'SHY': 0.15}",0.0
1568764800000,2019-09-18,428625.0308152333,"{'TLT': 0.45, 'IEF': 0.25, 'GLD': 0.15, 'SHY': 0.15}",0.0
1568851200000,2019-09-19,429521.55281412357,"{'TLT': 0.45, 'IEF': 0.25, 'GLD': 0.15, 'SHY': 0.15}",0.0
1568937600000,2019-09-20,433522.2925239883,"{'TLT': 0.45, 'IEF': 0.25, 'GLD': 0.15, 'SHY': 0.15}",0.0
1569196800000,2019-09-23,434037.96813576,"{'TLT': 0.45, 'IEF': 0.25, 'GLD': 0.15, 'SHY': 0.15}",0.0
1569283200000,2019-09-24,437347.6752725131,"{'TLT': 0.45, 'IEF': 0.25, 'GLD': 0.15, 'SHY': 0.15}",0.0
1569369600000,2019-09-25,432449.52062923444,"{'TLT': 0.45, 'IEF': 0.25, 'GLD': 0.15, 'SHY': 0.15}",0.0
1569456000000,2019-09-26,433945.3382691138,"{'TLT': 0.45, 'IEF': 0.25, 'GLD': 0.15, 'SHY': 0.15}",0.0
1569542400000,2019-09-27,434283.3413961904,"{'TLT': 0.45, 'IEF': 0.25, 'GLD': 0.15, 'SHY': 0.15}",0.0
1569801600000,2019-09-30,433868.7983523519,"{'TLT': 0.45, 'IEF': 0.25, 'GLD': 0.15, 'SHY': 0.15}",0.0
1569888000000,2019-10-01,435186.19171014073,"{'TLT': 0.45, 'IEF': 0.25, 'GLD': 0.15, 'SHY': 0.15}",0.0
1569974400000,2019-10-02,436872.6939809377,"{'TLT': 0.45, 'IEF': 0.25, 'GLD': 0.15, 'SHY': 0.15}",0.0
1570060800000,2019-10-03,439672.1938460636,"{'TLT': 0.45, 'IEF': 0.25, 'GLD': 0.15, 'SHY': 0.15}",0.0
1570147200000,2019-10-04,441338.0799040586,"{'TLT': 0.45, 'IEF': 0.25, 'GLD': 0.15, 'SHY': 0.15}",0.0
1570406400000,2019-10-07,438689.1003738335,"{'TLT': 0.45, 'IEF': 0.25, 'GLD': 0.15, 'SHY': 0.15}",0.0
1570492800000,2019-10-08,440066.8593759917,"{'TLT': 0.45, 'IEF': 0.25, 'GLD': 0.15, 'SHY': 0.15}",0.0
1570579200000,2019-10-09,438689.2662457696,"{'TLT': 0.45, 'IEF': 0.25, 'GLD': 0.15, 'SHY': 0.15}",0.0
1570665600000,2019-10-10,434410.3101904607,"{'TLT': 0.45, 'IEF': 0.25, 'GLD': 0.15, 'SHY': 0.15}",0.0
1570752000000,2019-10-11,430826.2367089171,"{'TLT': 0.45, 'IEF': 0.25, 'GLD': 0.15, 'SHY': 0.15}",0.0
1571011200000,2019-10-14,432798.87700021965,"{'TLT': 0.45, 'IEF': 0.25, 'GLD': 0.15, 'SHY': 0.15}",0.0
1571097600000,2019-10-15,429455.91418948834,"{'TLT': 0.45, 'IEF': 0.25, 'GLD': 0.15, 'SHY': 0.15}",0.0
1571184000000,2019-10-16,430301.9627825873,"{'TLT': 0.45, 'IEF': 0.25, 'GLD': 0.15, 'SHY': 0.15}",0.0
1571270400000,2019-10-17,429885.00211997825,"{'TLT': 0.45, 'IEF': 0.25, 'GLD': 0.15, 'SHY': 0.15}",0.0
1571356800000,2019-10-18,429935.16816398274,"{'TLT': 0.45, 'IEF': 0.25, 'GLD': 0.15, 'SHY': 0.15}",0.0
1571616000000,2019-10-21,427748.0818605842,"{'TLT': 0.45, 'IEF': 0.25, 'GLD': 0.15, 'SHY': 0.15}",0.0
1571702400000,2019-10-22,429333.83566509804,"{'TLT': 0.45, 'IEF': 0.25, 'GLD': 0.15, 'SHY': 0.15}",0.0
1571788800000,2019-10-23,429710.26043200184,"{'TLT': 0.45, 'IEF': 0.25, 'GLD': 0.15, 'SHY': 0.15}",0.0
1571875200000,2019-10-24,429761.4094767096,"{'TLT': 0.45, 'IEF': 0.25, 'GLD': 0.15, 'SHY': 0.15}",0.0
1571961600000,2019-10-25,428698.45392765786,"{'TLT': 0.45, 'IEF': 0.25, 'GLD': 0.15, 'SHY': 0.15}",0.0
1572220800000,2019-10-28,425964.4660256866,"{'TLT': 0.45, 'IEF': 0.25, 'GLD': 0.15, 'SHY': 0.15}",0.0
1572307200000,2019-10-29,426023.8965602117,"{'TLT': 0.45, 'IEF': 0.25, 'GLD': 0.15, 'SHY': 0.15}",0.0
1572393600000,2019-10-30,429734.93100330146,"{'TLT': 0.45, 'IEF': 0.25, 'GLD': 0.15, 'SHY': 0.15}",0.0
1572480000000,2019-10-31,433784.33155668806,"{'TLT': 0.45, 'IEF': 0.25, 'GLD': 0.15, 'SHY': 0.15}",0.0
1572566400000,2019-11-01,432999.93701001356,"{'TLT': 0.45, 'IEF': 0.25, 'GLD': 0.15, 'SHY': 0.15}",0.0
1572825600000,2019-11-04,429652.3076076818,"{'TLT': 0.45, 'IEF': 0.25, 'GLD': 0.15, 'SHY': 0.15}",0.0
1572912000000,2019-11-05,425811.7740398697,"{'TLT': 0.45, 'IEF': 0.25, 'GLD': 0.15, 'SHY': 0.15}",0.0
1572998400000,2019-11-06,427590.15614056593,"{'TLT': 0.45, 'IEF': 0.25, 'GLD': 0.15, 'SHY': 0.15}",0.0
1573084800000,2019-11-07,422177.58103480603,"{'TLT': 0.45, 'IEF': 0.25, 'GLD': 0.15, 'SHY': 0.15}",0.0
1573171200000,2019-11-08,420839.28213098965,"{'TLT': 0.45, 'IEF': 0.25, 'GLD': 0.15, 'SHY': 0.15}",0.0
1573430400000,2019-11-11,420943.52818778506,"{'TLT': 0.45, 'IEF': 0.25, 'GLD': 0.15, 'SHY': 0.15}",0.0
1573516800000,2019-11-12,422039.0715443075,"{'TLT': 0.45, 'IEF': 0.25, 'GLD': 0.15, 'SHY': 0.15}",0.0
1573603200000,2019-11-13,423841.3726659325,"{'TLT': 0.45, 'IEF': 0.25, 'GLD': 0.15, 'SHY': 0.15}",0.0
1573689600000,2019-11-14,426674.8267437198,"{'TLT': 0.45, 'IEF': 0.25, 'GLD': 0.15, 'SHY': 0.15}",0.0
1573776000000,2019-11-15,426195.3143926248,"{'TLT': 0.45, 'IEF': 0.25, 'GLD': 0.15, 'SHY': 0.15}",0.0
1574035200000,2019-11-18,426945.37061260967,"{'TLT': 0.45, 'IEF': 0.25, 'GLD': 0.15, 'SHY': 0.15}",0.0
1574121600000,2019-11-19,428772.3826563732,"{'TLT': 0.45, 'IEF': 0.25, 'GLD': 0.15, 'SHY': 0.15}",0.0
1574208000000,2019-11-20,431225.5907722717,"{'TLT': 0.45, 'IEF': 0.25, 'GLD': 0.15, 'SHY': 0.15}",0.0
1574294400000,2019-11-21,429356.6824502614,"{'TLT': 0.45, 'IEF': 0.25, 'GLD': 0.15, 'SHY': 0.15}",0.0
1574380800000,2019-11-22,429457.563888905,"{'TLT': 0.45, 'IEF': 0.25, 'GLD': 0.15, 'SHY': 0.15}",0.0
1574640000000,2019-11-25,429770.7929024077,"{'TLT': 0.45, 'IEF': 0.25, 'GLD': 0.15, 'SHY': 0.15}",0.0
1574726400000,2019-11-26,431443.71638781653,"{'TLT': 0.45, 'IEF': 0.25, 'GLD': 0.15, 'SHY': 0.15}",0.0
1574812800000,2019-11-27,430219.3934256144,"{'TLT': 0.45, 'IEF': 0.25, 'GLD': 0.15, 'SHY': 0.15}",0.0
1574985600000,2019-11-29,429820.534476984,"{'SPY': 0.24999999999999994, 'QQQ': 0.14999999999999997, 'TLT': 0.14999999999999997, 'LQD': 0.14999999999999997, 'HYG': 0.19999999999999996, 'GLD': 0.09999999999999998}",2.220446049250313e-16
1575244800000,2019-12-02,427027.6985344073,"{'SPY': 0.24999999999999994, 'QQQ': 0.14999999999999997, 'TLT': 0.14999999999999997, 'LQD': 0.14999999999999997, 'HYG': 0.19999999999999996, 'GLD': 0.09999999999999998}",2.220446049250313e-16
1575331200000,2019-12-03,427937.77708623756,"{'SPY': 0.24999999999999994, 'QQQ': 0.14999999999999997, 'TLT': 0.14999999999999997, 'LQD': 0.14999999999999997, 'HYG': 0.19999999999999996, 'GLD': 0.09999999999999998}",2.220446049250313e-16
1575417600000,2019-12-04,428395.7898132286,"{'SPY': 0.24999999999999994, 'QQQ': 0.14999999999999997, 'TLT': 0.14999999999999997, 'LQD': 0.14999999999999997, 'HYG': 0.19999999999999996, 'GLD': 0.09999999999999998}",2.220446049250313e-16
1575504000000,2019-12-05,428485.5876224762,"{'SPY': 0.24999999999999994, 'QQQ': 0.14999999999999997, 'TLT': 0.14999999999999997, 'LQD': 0.14999999999999997, 'HYG': 0.19999999999999996, 'GLD': 0.09999999999999998}",2.220446049250313e-16
1575590400000,2019-12-06,429453.77071901836,"{'SPY': 0.24999999999999994, 'QQQ': 0.14999999999999997, 'TLT': 0.14999999999999997, 'LQD': 0.14999999999999997, 'HYG': 0.19999999999999996, 'GLD': 0.09999999999999998}",2.220446049250313e-16
1575849600000,2019-12-09,428941.06014082493,"{'SPY': 0.24999999999999994, 'QQQ': 0.14999999999999997, 'TLT': 0.14999999999999997, 'LQD': 0.14999999999999997, 'HYG': 0.19999999999999996, 'GLD': 0.09999999999999998}",2.220446049250313e-16
1575936000000,2019-12-10,429101.37498961843,"{'SPY': 0.24999999999999994, 'QQQ': 0.14999999999999997, 'TLT': 0.14999999999999997, 'LQD': 0.14999999999999997, 'HYG': 0.19999999999999996, 'GLD': 0.09999999999999998}",2.220446049250313e-16
1576022400000,2019-12-11,430977.66819425166,"{'SPY': 0.24999999999999994, 'QQQ': 0.14999999999999997, 'TLT': 0.14999999999999997, 'LQD': 0.14999999999999997, 'HYG': 0.19999999999999996, 'GLD': 0.09999999999999998}",2.220446049250313e-16
1576108800000,2019-12-12,431072.6499281497,"{'SPY': 0.24999999999999994, 'QQQ': 0.14999999999999997, 'TLT': 0.14999999999999997, 'LQD': 0.14999999999999997, 'HYG': 0.19999999999999996, 'GLD': 0.09999999999999998}",2.220446049250313e-16
1576195200000,2019-12-13,432800.56947907404,"{'SPY': 0.24999999999999994, 'QQQ': 0.14999999999999997, 'TLT': 0.14999999999999997, 'LQD': 0.14999999999999997, 'HYG': 0.19999999999999996, 'GLD': 0.09999999999999998}",2.220446049250313e-16
1576454400000,2019-12-16,433630.2054640684,"{'SPY': 0.24999999999999994, 'QQQ': 0.14999999999999997, 'TLT': 0.14999999999999997, 'LQD': 0.14999999999999997, 'HYG': 0.19999999999999996, 'GLD': 0.09999999999999998}",2.220446049250313e-16
1576540800000,2019-12-17,433808.2506675861,"{'SPY': 0.24999999999999994, 'QQQ': 0.14999999999999997, 'TLT': 0.14999999999999997, 'LQD': 0.14999999999999997, 'HYG': 0.19999999999999996, 'GLD': 0.09999999999999998}",2.220446049250313e-16
1576627200000,2019-12-18,433445.4408637559,"{'SPY': 0.24999999999999994, 'QQQ': 0.14999999999999997, 'TLT': 0.14999999999999997, 'LQD': 0.14999999999999997, 'HYG': 0.19999999999999996, 'GLD': 0.09999999999999998}",2.220446049250313e-16
1576713600000,2019-12-19,434531.14287356596,"{'SPY': 0.24999999999999994, 'QQQ': 0.14999999999999997, 'TLT': 0.14999999999999997, 'LQD': 0.14999999999999997, 'HYG': 0.19999999999999996, 'GLD': 0.09999999999999998}",2.220446049250313e-16
1576800000000,2019-12-20,435250.7412079288,"{'SPY': 0.24999999999999994, 'QQQ': 0.14999999999999997, 'TLT': 0.14999999999999997, 'LQD': 0.14999999999999997, 'HYG': 0.19999999999999996, 'GLD': 0.09999999999999998}",2.220446049250313e-16
1577059200000,2019-12-23,435698.38512802694,"{'SPY': 0.24999999999999994, 'QQQ': 0.14999999999999997, 'TLT': 0.14999999999999997, 'LQD': 0.14999999999999997, 'HYG': 0.19999999999999996, 'GLD': 0.09999999999999998}",2.220446049250313e-16
1577145600000,2019-12-24,436469.4887739703,"{'SPY': 0.24999999999999994, 'QQQ': 0.14999999999999997, 'TLT': 0.14999999999999997, 'LQD': 0.14999999999999997, 'HYG': 0.19999999999999996, 'GLD': 0.09999999999999998}",2.220446049250313e-16
1577318400000,2019-12-26,438375.9223806733,"{'SPY': 0.24999999999999994, 'QQQ': 0.14999999999999997, 'TLT': 0.14999999999999997, 'LQD': 0.14999999999999997, 'HYG': 0.19999999999999996, 'GLD': 0.09999999999999998}",2.220446049250313e-16
1577404800000,2019-12-27,438402.45676644583,"{'SPY': 0.24999999999999994, 'QQQ': 0.14999999999999997, 'TLT': 0.14999999999999997, 'LQD': 0.14999999999999997, 'HYG': 0.19999999999999996, 'GLD': 0.09999999999999998}",2.220446049250313e-16
1577664000000,2019-12-30,437278.26993766567,"{'SPY': 0.24999999999999994, 'QQQ': 0.14999999999999997, 'TLT': 0.14999999999999997, 'LQD': 0.14999999999999997, 'HYG': 0.19999999999999996, 'GLD': 0.09999999999999998}",2.220446049250313e-16
1577750400000,2019-12-31,436916.89823005284,"{'SPY': 0.24999999999999994, 'QQQ': 0.14999999999999997, 'TLT': 0.14999999999999997, 'LQD': 0.14999999999999997, 'HYG': 0.19999999999999996, 'GLD': 0.09999999999999998}",2.220446049250313e-16
1577923200000,2020-01-02,440599.7908117455,"{'SPY': 0.24999999999999994, 'QQQ': 0.14999999999999997, 'TLT': 0.14999999999999997, 'LQD': 0.14999999999999997, 'HYG': 0.19999999999999996, 'GLD': 0.09999999999999998}",2.220446049250313e-16
1578009600000,2020-01-03,440899.742156372,"{'SPY': 0.24999999999999994, 'QQQ': 0.14999999999999997, 'TLT': 0.14999999999999997, 'LQD': 0.14999999999999997, 'HYG': 0.19999999999999996, 'GLD': 0.09999999999999998}",2.220446049250313e-16
1578268800000,2020-01-06,441522.30828535795,"{'SPY': 0.24999999999999994, 'QQQ': 0.14999999999999997, 'TLT': 0.14999999999999997, 'LQD': 0.14999999999999997, 'HYG': 0.19999999999999996, 'GLD': 0.09999999999999998}",2.220446049250313e-16
1578355200000,2020-01-07,440800.3125296578,"{'SPY': 0.24999999999999994, 'QQQ': 0.14999999999999997, 'TLT': 0.14999999999999997, 'LQD': 0.14999999999999997, 'HYG': 0.19999999999999996, 'GLD': 0.09999999999999998}",2.220446049250313e-16
1578441600000,2020-01-08,441103.92774248496,"{'SPY': 0.24999999999999994, 'QQQ': 0.14999999999999997, 'TLT': 0.14999999999999997, 'LQD': 0.14999999999999997, 'HYG': 0.19999999999999996, 'GLD': 0.09999999999999998}",2.220446049250313e-16
1578528000000,2020-01-09,442941.50986434,"{'SPY': 0.24999999999999994, 'QQQ': 0.14999999999999997, 'TLT': 0.14999999999999997, 'LQD': 0.14999999999999997, 'HYG': 0.19999999999999996, 'GLD': 0.09999999999999998}",2.220446049250313e-16
1578614400000,2020-01-10,443526.9645042686,"{'SPY': 0.24999999999999994, 'QQQ': 0.14999999999999997, 'TLT': 0.14999999999999997, 'LQD': 0.14999999999999997, 'HYG': 0.19999999999999996, 'GLD': 0.09999999999999998}",2.220446049250313e-16
1578873600000,2020-01-13,444365.9346833963,"{'SPY': 0.24999999999999994, 'QQQ': 0.14999999999999997, 'TLT': 0.14999999999999997, 'LQD': 0.14999999999999997, 'HYG': 0.19999999999999996, 'GLD': 0.09999999999999998}",2.220446049250313e-16
1578960000000,2020-01-14,444310.4916367969,"{'SPY': 0.24999999999999994, 'QQQ': 0.14999999999999997, 'TLT': 0.14999999999999997, 'LQD': 0.14999999999999997, 'HYG': 0.19999999999999996, 'GLD': 0.09999999999999998}",2.220446049250313e-16
1579046400000,2020-01-15,445455.12705618894,"{'SPY': 0.24999999999999994, 'QQQ': 0.14999999999999997, 'TLT': 0.14999999999999997, 'LQD': 0.14999999999999997, 'HYG': 0.19999999999999996, 'GLD': 0.09999999999999998}",2.220446049250313e-16
1579132800000,2020-01-16,446865.04020429857,"{'SPY': 0.24999999999999994, 'QQQ': 0.14999999999999997, 'TLT': 0.14999999999999997, 'LQD': 0.14999999999999997, 'HYG': 0.19999999999999996, 'GLD': 0.09999999999999998}",2.220446049250313e-16
1579219200000,2020-01-17,446972.77524628566,"{'SPY': 0.24999999999999994, 'QQQ': 0.14999999999999997, 'TLT': 0.14999999999999997, 'LQD': 0.14999999999999997, 'HYG': 0.19999999999999996, 'GLD': 0.09999999999999998}",2.220446049250313e-16
1579564800000,2020-01-21,447607.1879848617,"{'SPY': 0.24999999999999994, 'QQQ': 0.14999999999999997, 'TLT': 0.14999999999999997, 'LQD': 0.14999999999999997, 'HYG': 0.19999999999999996, 'GLD': 0.09999999999999998}",2.220446049250313e-16
1579651200000,2020-01-22,448247.9265886143,"{'SPY': 0.24999999999999994, 'QQQ': 0.14999999999999997, 'TLT': 0.14999999999999997, 'LQD': 0.14999999999999997, 'HYG': 0.19999999999999996, 'GLD': 0.09999999999999998}",2.220446049250313e-16
1579737600000,2020-01-23,448978.3396241845,"{'SPY': 0.24999999999999994, 'QQQ': 0.14999999999999997, 'TLT': 0.14999999999999997, 'LQD': 0.14999999999999997, 'HYG': 0.19999999999999996, 'GLD': 0.09999999999999998}",2.220446049250313e-16
1579824000000,2020-01-24,447957.4783522246,"{'SPY': 0.24999999999999994, 'QQQ': 0.14999999999999997, 'TLT': 0.14999999999999997, 'LQD': 0.14999999999999997, 'HYG': 0.19999999999999996, 'GLD': 0.09999999999999998}",2.220446049250313e-16
1580083200000,2020-01-27,445651.6568222334,"{'SPY': 0.24999999999999994, 'QQQ': 0.14999999999999997, 'TLT': 0.14999999999999997, 'LQD': 0.14999999999999997, 'HYG': 0.19999999999999996, 'GLD': 0.09999999999999998}",2.220446049250313e-16
1580169600000,2020-01-28,447656.23343651515,"{'SPY': 0.24999999999999994, 'QQQ': 0.14999999999999997, 'TLT': 0.14999999999999997, 'LQD': 0.14999999999999997, 'HYG': 0.19999999999999996, 'GLD': 0.09999999999999998}",2.220446049250313e-16
1580256000000,2020-01-29,448737.70454512746,"{'SPY': 0.24999999999999994, 'QQQ': 0.14999999999999997, 'TLT': 0.14999999999999997, 'LQD': 0.14999999999999997, 'HYG': 0.19999999999999996, 'GLD': 0.09999999999999998}",2.220446049250313e-16
1580342400000,2020-01-30,449487.050995724,"{'SPY': 0.24999999999999994, 'QQQ': 0.14999999999999997, 'TLT': 0.14999999999999997, 'LQD': 0.14999999999999997, 'HYG': 0.19999999999999996, 'GLD': 0.09999999999999998}",2.220446049250313e-16
1580428800000,2020-01-31,447060.40272562805,"{'SPY': 0.24999999999999994, 'QQQ': 0.14999999999999997, 'TLT': 0.14999999999999997, 'LQD': 0.14999999999999997, 'HYG': 0.19999999999999996, 'GLD': 0.09999999999999998}",2.220446049250313e-16
1580688000000,2020-02-03,448491.9545934924,"{'SPY': 0.24999999999999994, 'QQQ': 0.14999999999999997, 'TLT': 0.14999999999999997, 'LQD': 0.14999999999999997, 'HYG': 0.19999999999999996, 'GLD': 0.09999999999999998}",2.220446049250313e-16
1580774400000,2020-02-04,450621.7427511775,"{'SPY': 0.24999999999999994, 'QQQ': 0.14999999999999997, 'TLT': 0.14999999999999997, 'LQD': 0.14999999999999997, 'HYG': 0.19999999999999996, 'GLD': 0.09999999999999998}",2.220446049250313e-16
1580860800000,2020-02-05,451790.3676031804,"{'SPY': 0.24999999999999994, 'QQQ': 0.14999999999999997, 'TLT': 0.14999999999999997, 'LQD': 0.14999999999999997, 'HYG': 0.19999999999999996, 'GLD': 0.09999999999999998}",2.220446049250313e-16
1580947200000,2020-02-06,453344.94385372795,"{'SPY': 0.24999999999999994, 'QQQ': 0.14999999999999997, 'TLT': 0.14999999999999997, 'LQD': 0.14999999999999997, 'HYG': 0.19999999999999996, 'GLD': 0.09999999999999998}",2.220446049250313e-16
1581033600000,2020-02-07,453544.25441649836,"{'SPY': 0.24999999999999994, 'QQQ': 0.14999999999999997, 'TLT': 0.14999999999999997, 'LQD': 0.14999999999999997, 'HYG': 0.19999999999999996, 'GLD': 0.09999999999999998}",2.220446049250313e-16
1581292800000,2020-02-10,455803.11948819767,"{'SPY': 0.24999999999999994, 'QQQ': 0.14999999999999997, 'TLT': 0.14999999999999997, 'LQD': 0.14999999999999997, 'HYG': 0.19999999999999996, 'GLD': 0.09999999999999998}",2.220446049250313e-16
1581379200000,2020-02-11,455473.7676229529,"{'SPY': 0.24999999999999994, 'QQQ': 0.14999999999999997, 'TLT': 0.14999999999999997, 'LQD': 0.14999999999999997, 'HYG': 0.19999999999999996, 'GLD': 0.09999999999999998}",2.220446049250313e-16
1581465600000,2020-02-12,456696.0882146026,"{'SPY': 0.24999999999999994, 'QQQ': 0.14999999999999997, 'TLT': 0.14999999999999997, 'LQD': 0.14999999999999997, 'HYG': 0.19999999999999996, 'GLD': 0.09999999999999998}",2.220446049250313e-16
1581552000000,2020-02-13,456993.2735669197,"{'SPY': 0.24999999999999994, 'QQQ': 0.14999999999999997, 'TLT': 0.14999999999999997, 'LQD': 0.14999999999999997, 'HYG': 0.19999999999999996, 'GLD': 0.09999999999999998}",2.220446049250313e-16
1581638400000,2020-02-14,458021.1204276883,"{'SPY': 0.24999999999999994, 'QQQ': 0.14999999999999997, 'TLT': 0.14999999999999997, 'LQD': 0.14999999999999997, 'HYG': 0.19999999999999996, 'GLD': 0.09999999999999998}",2.220446049250313e-16
1581984000000,2020-02-18,458754.6764338776,"{'SPY': 0.24999999999999994, 'QQQ': 0.14999999999999997, 'TLT': 0.14999999999999997, 'LQD': 0.14999999999999997, 'HYG': 0.19999999999999996, 'GLD': 0.09999999999999998}",2.220446049250313e-16
1582070400000,2020-02-19,460172.6145510204,"{'SPY': 0.24999999999999994, 'QQQ': 0.14999999999999997, 'TLT': 0.14999999999999997, 'LQD': 0.14999999999999997, 'HYG': 0.19999999999999996, 'GLD': 0.09999999999999998}",2.220446049250313e-16
1582156800000,2020-02-20,460176.0894307841,"{'SPY': 0.24999999999999994, 'QQQ': 0.14999999999999997, 'TLT': 0.14999999999999997, 'LQD': 0.14999999999999997, 'HYG': 0.19999999999999996, 'GLD': 0.09999999999999998}",2.220446049250313e-16
1582243200000,2020-02-21,459054.74958092516,"{'SPY': 0.24999999999999994, 'QQQ': 0.14999999999999997, 'TLT': 0.14999999999999997, 'LQD': 0.14999999999999997, 'HYG': 0.19999999999999996, 'GLD': 0.09999999999999998}",2.220446049250313e-16
1582502400000,2020-02-24,453056.5787308551,"{'SPY': 0.24999999999999994, 'QQQ': 0.14999999999999997, 'TLT': 0.14999999999999997, 'LQD': 0.14999999999999997, 'HYG': 0.19999999999999996, 'GLD': 0.09999999999999998}",2.220446049250313e-16
1582588800000,2020-02-25,446762.9622773569,"{'SPY': 0.24999999999999994, 'QQQ': 0.14999999999999997, 'TLT': 0.14999999999999997, 'LQD': 0.14999999999999997, 'HYG': 0.19999999999999996, 'GLD': 0.09999999999999998}",2.220446049250313e-16
1582675200000,2020-02-26,446381.56112988736,"{'SPY': 0.24999999999999994, 'QQQ': 0.14999999999999997, 'TLT': 0.14999999999999997, 'LQD': 0.14999999999999997, 'HYG': 0.19999999999999996, 'GLD': 0.09999999999999998}",2.220446049250313e-16
1582761600000,2020-02-27,437192.78097337374,"{'SPY': 0.24999999999999994, 'QQQ': 0.14999999999999997, 'TLT': 0.14999999999999997, 'LQD': 0.14999999999999997, 'HYG': 0.19999999999999996, 'GLD': 0.09999999999999998}",2.220446049250313e-16
1582848000000,2020-02-28,437589.62302742153,"{'SPY': 0.35, 'QQQ': 0.2, 'IWM': 0.15, 'HYG': 0.1, 'DBC': 0.1, 'GLD': 0.1}",0.0
1583107200000,2020-03-02,452417.35310229805,"{'SPY': 0.35, 'QQQ': 0.2, 'IWM': 0.15, 'HYG': 0.1, 'DBC': 0.1, 'GLD': 0.1}",0.0
1583193600000,2020-03-03,444923.76166964206,"{'SPY': 0.35, 'QQQ': 0.2, 'IWM': 0.15, 'HYG': 0.1, 'DBC': 0.1, 'GLD': 0.1}",0.0
1583280000000,2020-03-04,457801.8763274853,"{'SPY': 0.35, 'QQQ': 0.2, 'IWM': 0.15, 'HYG': 0.1, 'DBC': 0.1, 'GLD': 0.1}",0.0
1583366400000,2020-03-05,447428.38516143215,"{'SPY': 0.35, 'QQQ': 0.2, 'IWM': 0.15, 'HYG': 0.1, 'DBC': 0.1, 'GLD': 0.1}",0.0
1583452800000,2020-03-06,440054.05428904557,"{'SPY': 0.35, 'QQQ': 0.2, 'IWM': 0.15, 'HYG': 0.1, 'DBC': 0.1, 'GLD': 0.1}",0.0
1583712000000,2020-03-09,410247.81608470104,"{'SPY': 0.35, 'QQQ': 0.2, 'IWM': 0.15, 'HYG': 0.1, 'DBC': 0.1, 'GLD': 0.1}",0.0
1583798400000,2020-03-10,425129.61827052105,"{'SPY': 0.35, 'QQQ': 0.2, 'IWM': 0.15, 'HYG': 0.1, 'DBC': 0.1, 'GLD': 0.1}",0.0
1583884800000,2020-03-11,408270.29052472336,"{'SPY': 0.35, 'QQQ': 0.2, 'IWM': 0.15, 'HYG': 0.1, 'DBC': 0.1, 'GLD': 0.1}",0.0
1583971200000,2020-03-12,375448.9258146898,"{'SPY': 0.35, 'QQQ': 0.2, 'IWM': 0.15, 'HYG': 0.1, 'DBC': 0.1, 'GLD': 0.1}",0.0
1584057600000,2020-03-13,397257.2201920738,"{'SPY': 0.35, 'QQQ': 0.2, 'IWM': 0.15, 'HYG': 0.1, 'DBC': 0.1, 'GLD': 0.1}",0.0
1584316800000,2020-03-16,359587.11716153286,"{'SPY': 0.35, 'QQQ': 0.2, 'IWM': 0.15, 'HYG': 0.1, 'DBC': 0.1, 'GLD': 0.1}",0.0
1584403200000,2020-03-17,374565.33416482323,"{'SPY': 0.35, 'QQQ': 0.2, 'IWM': 0.15, 'HYG': 0.1, 'DBC': 0.1, 'GLD': 0.1}",0.0
1584489600000,2020-03-18,357657.2475625237,"{'SPY': 0.35, 'QQQ': 0.2, 'IWM': 0.15, 'HYG': 0.1, 'DBC': 0.1, 'GLD': 0.1}",0.0
1584576000000,2020-03-19,359725.27903213433,"{'SPY': 0.35, 'QQQ': 0.2, 'IWM': 0.15, 'HYG': 0.1, 'DBC': 0.1, 'GLD': 0.1}",0.0
1584662400000,2020-03-20,349540.38800624304,"{'SPY': 0.35, 'QQQ': 0.2, 'IWM': 0.15, 'HYG': 0.1, 'DBC': 0.1, 'GLD': 0.1}",0.0
1584921600000,2020-03-23,347085.61291501863,"{'SPY': 0.35, 'QQQ': 0.2, 'IWM': 0.15, 'HYG': 0.1, 'DBC': 0.1, 'GLD': 0.1}",0.0
1585008000000,2020-03-24,372099.0365674444,"{'SPY': 0.35, 'QQQ': 0.2, 'IWM': 0.15, 'HYG': 0.1, 'DBC': 0.1, 'GLD': 0.1}",0.0
1585094400000,2020-03-25,375353.65602770087,"{'SPY': 0.35, 'QQQ': 0.2, 'IWM': 0.15, 'HYG': 0.1, 'DBC': 0.1, 'GLD': 0.1}",0.0
1585180800000,2020-03-26,392547.08420007373,"{'SPY': 0.35, 'QQQ': 0.2, 'IWM': 0.15, 'HYG': 0.1, 'DBC': 0.1, 'GLD': 0.1}",0.0
1585267200000,2020-03-27,383323.84184961417,"{'SPY': 0.35, 'QQQ': 0.2, 'IWM': 0.15, 'HYG': 0.1, 'DBC': 0.1, 'GLD': 0.1}",0.0
1585526400000,2020-03-30,392132.73170107725,"{'SPY': 0.35, 'QQQ': 0.2, 'IWM': 0.15, 'HYG': 0.1, 'DBC': 0.1, 'GLD': 0.1}",0.0
1585612800000,2020-03-31,386734.81272108475,"{'SPY': 0.040614392278834094, 'QQQ': 0.023208224159333768, 'IWM': 0.017406168119500326, 'HYG': 0.011604112079666884, 'DBC': 0.011604112079666884, 'GLD': 0.011604112079666884, 'SHY': 0.8839588792033312}",0.0
1585699200000,2020-04-01,385200.55852519424,"{'SPY': 0.040614392278834094, 'QQQ': 0.023208224159333768, 'IWM': 0.017406168119500326, 'HYG': 0.011604112079666884, 'DBC': 0.011604112079666884, 'GLD': 0.011604112079666884, 'SHY': 0.8839588792033312}",0.0
1585785600000,2020-04-02,386079.0999269812,"{'SPY': 0.040614392278834094, 'QQQ': 0.023208224159333768, 'IWM': 0.017406168119500326, 'HYG': 0.011604112079666884, 'DBC': 0.011604112079666884, 'GLD': 0.011604112079666884, 'SHY': 0.8839588792033312}",0.0
1585872000000,2020-04-03,385494.8282026111,"{'SPY': 0.040614392278834094, 'QQQ': 0.023208224159333768, 'IWM': 0.017406168119500326, 'HYG': 0.011604112079666884, 'DBC': 0.011604112079666884, 'GLD': 0.011604112079666884, 'SHY': 0.8839588792033312}",0.0
1586131200000,2020-04-06,387719.9956726625,"{'SPY': 0.040614392278834094, 'QQQ': 0.023208224159333768, 'IWM': 0.017406168119500326, 'HYG': 0.011604112079666884, 'DBC': 0.011604112079666884, 'GLD': 0.011604112079666884, 'SHY': 0.8839588792033312}",0.0
1586217600000,2020-04-07,387677.9014769479,"{'SPY': 0.040614392278834094, 'QQQ': 0.023208224159333768, 'IWM': 0.017406168119500326, 'HYG': 0.011604112079666884, 'DBC': 0.011604112079666884, 'GLD': 0.011604112079666884, 'SHY': 0.8839588792033312}",0.0
1586304000000,2020-04-08,388968.50180632906,"{'SPY': 0.040614392278834094, 'QQQ': 0.023208224159333768, 'IWM': 0.017406168119500326, 'HYG': 0.011604112079666884, 'DBC': 0.011604112079666884, 'GLD': 0.011604112079666884, 'SHY': 0.8839588792033312}",0.0
1586390400000,2020-04-09,390090.227981158,"{'SPY': 0.040614392278834094, 'QQQ': 0.023208224159333768, 'IWM': 0.017406168119500326, 'HYG': 0.011604112079666884, 'DBC': 0.011604112079666884, 'GLD': 0.011604112079666884, 'SHY': 0.8839588792033312}",0.0
1586736000000,2020-04-13,389990.2990454997,"{'SPY': 0.040614392278834094, 'QQQ': 0.023208224159333768, 'IWM': 0.017406168119500326, 'HYG': 0.011604112079666884, 'DBC': 0.011604112079666884, 'GLD': 0.011604112079666884, 'SHY': 0.8839588792033312}",0.0
1586822400000,2020-04-14,391004.7585903997,"{'SPY': 0.040614392278834094, 'QQQ': 0.023208224159333768, 'IWM': 0.017406168119500326, 'HYG': 0.011604112079666884, 'DBC': 0.011604112079666884, 'GLD': 0.011604112079666884, 'SHY': 0.8839588792033312}",0.0
1586908800000,2020-04-15,390246.4705314795,"{'SPY': 0.040614392278834094, 'QQQ': 0.023208224159333768, 'IWM': 0.017406168119500326, 'HYG': 0.011604112079666884, 'DBC': 0.011604112079666884, 'GLD': 0.011604112079666884, 'SHY': 0.8839588792033312}",0.0
1586995200000,2020-04-16,390496.1532665615,"{'SPY': 0.040614392278834094, 'QQQ': 0.023208224159333768, 'IWM': 0.017406168119500326, 'HYG': 0.011604112079666884, 'DBC': 0.011604112079666884, 'GLD': 0.011604112079666884, 'SHY': 0.8839588792033312}",0.0
1587081600000,2020-04-17,391146.1073473067,"{'SPY': 0.040614392278834094, 'QQQ': 0.023208224159333768, 'IWM': 0.017406168119500326, 'HYG': 0.011604112079666884, 'DBC': 0.011604112079666884, 'GLD': 0.011604112079666884, 'SHY': 0.8839588792033312}",0.0
1587340800000,2020-04-20,390567.0531848233,"{'SPY': 0.040614392278834094, 'QQQ': 0.023208224159333768, 'IWM': 0.017406168119500326, 'HYG': 0.011604112079666884, 'DBC': 0.011604112079666884, 'GLD': 0.011604112079666884, 'SHY': 0.8839588792033312}",0.0
1587427200000,2020-04-21,389341.115821496,"{'SPY': 0.040614392278834094, 'QQQ': 0.023208224159333768, 'IWM': 0.017406168119500326, 'HYG': 0.011604112079666884, 'DBC': 0.011604112079666884, 'GLD': 0.011604112079666884, 'SHY': 0.8839588792033312}",0.0
1587513600000,2020-04-22,390115.32543757954,"{'SPY': 0.040614392278834094, 'QQQ': 0.023208224159333768, 'IWM': 0.017406168119500326, 'HYG': 0.011604112079666884, 'DBC': 0.011604112079666884, 'GLD': 0.011604112079666884, 'SHY': 0.8839588792033312}",0.0
1587600000000,2020-04-23,390151.87484814355,"{'SPY': 0.040614392278834094, 'QQQ': 0.023208224159333768, 'IWM': 0.017406168119500326, 'HYG': 0.011604112079666884, 'DBC': 0.011604112079666884, 'GLD': 0.011604112079666884, 'SHY': 0.8839588792033312}",0.0
1587686400000,2020-04-24,390512.1093726288,"{'SPY': 0.040614392278834094, 'QQQ': 0.023208224159333768, 'IWM': 0.017406168119500326, 'HYG': 0.011604112079666884, 'DBC': 0.011604112079666884, 'GLD': 0.011604112079666884, 'SHY': 0.8839588792033312}",0.0
1587945600000,2020-04-27,390986.7262951585,"{'SPY': 0.040614392278834094, 'QQQ': 0.023208224159333768, 'IWM': 0.017406168119500326, 'HYG': 0.011604112079666884, 'DBC': 0.011604112079666884, 'GLD': 0.011604112079666884, 'SHY': 0.8839588792033312}",0.0
1588032000000,2020-04-28,390959.37151213863,"{'SPY': 0.040614392278834094, 'QQQ': 0.023208224159333768, 'IWM': 0.017406168119500326, 'HYG': 0.011604112079666884, 'DBC': 0.011604112079666884, 'GLD': 0.011604112079666884, 'SHY': 0.8839588792033312}",0.0
1588118400000,2020-04-29,392178.6401188621,"{'SPY': 0.040614392278834094, 'QQQ': 0.023208224159333768, 'IWM': 0.017406168119500326, 'HYG': 0.011604112079666884, 'DBC': 0.011604112079666884, 'GLD': 0.011604112079666884, 'SHY': 0.8839588792033312}",0.0
1588204800000,2020-04-30,392101.96305417287,"{'TLT': 0.45, 'IEF': 0.25, 'GLD': 0.017422796966059896, 'SHY': 0.2825772030339401}",0.0
1588291200000,2020-05-01,393626.9862278431,"{'TLT': 0.45, 'IEF': 0.25, 'GLD': 0.017422796966059896, 'SHY': 0.2825772030339401}",0.0
1588550400000,2020-05-04,392833.95478102175,"{'TLT': 0.45, 'IEF': 0.25, 'GLD': 0.017422796966059896, 'SHY': 0.2825772030339401}",0.0
1588636800000,2020-05-05,391646.06551197544,"{'TLT': 0.45, 'IEF': 0.25, 'GLD': 0.017422796966059896, 'SHY': 0.2825772030339401}",0.0
1588723200000,2020-05-06,388390.64938180544,"{'TLT': 0.45, 'IEF': 0.25, 'GLD': 0.017422796966059896, 'SHY': 0.2825772030339401}",0.0
1588809600000,2020-05-07,392083.42150608124,"{'TLT': 0.45, 'IEF': 0.25, 'GLD': 0.017422796966059896, 'SHY': 0.2825772030339401}",0.0
1588896000000,2020-05-08,389401.2477007509,"{'TLT': 0.45, 'IEF': 0.25, 'GLD': 0.017422796966059896, 'SHY': 0.2825772030339401}",0.0
1589155200000,2020-05-11,387680.73855226696,"{'TLT': 0.45, 'IEF': 0.25, 'GLD': 0.017422796966059896, 'SHY': 0.2825772030339401}",0.0
1589241600000,2020-05-12,389842.77241933375,"{'TLT': 0.45, 'IEF': 0.25, 'GLD': 0.017422796966059896, 'SHY': 0.2825772030339401}",0.0
1589328000000,2020-05-13,391335.957672451,"{'TLT': 0.45, 'IEF': 0.25, 'GLD': 0.017422796966059896, 'SHY': 0.2825772030339401}",0.0
1589414400000,2020-05-14,393246.90193465643,"{'TLT': 0.45, 'IEF': 0.25, 'GLD': 0.017422796966059896, 'SHY': 0.2825772030339401}",0.0
1589500800000,2020-05-15,392830.04096909944,"{'TLT': 0.45, 'IEF': 0.25, 'GLD': 0.017422796966059896, 'SHY': 0.2825772030339401}",0.0
1589760000000,2020-05-18,388203.59719043085,"{'TLT': 0.45, 'IEF': 0.25, 'GLD': 0.017422796966059896, 'SHY': 0.2825772030339401}",0.0
1589846400000,2020-05-19,389258.18041840754,"{'TLT': 0.45, 'IEF': 0.25, 'GLD': 0.017422796966059896, 'SHY': 0.2825772030339401}",0.0
1589932800000,2020-05-20,389822.71937074454,"{'TLT': 0.45, 'IEF': 0.25, 'GLD': 0.017422796966059896, 'SHY': 0.2825772030339401}",0.0
1590019200000,2020-05-21,390200.529159206,"{'TLT': 0.45, 'IEF': 0.25, 'GLD': 0.017422796966059896, 'SHY': 0.2825772030339401}",0.0
1590105600000,2020-05-22,391481.56752842333,"{'TLT': 0.45, 'IEF': 0.25, 'GLD': 0.017422796966059896, 'SHY': 0.2825772030339401}",0.0
1590451200000,2020-05-26,388765.2623290011,"{'TLT': 0.45, 'IEF': 0.25, 'GLD': 0.017422796966059896, 'SHY': 0.2825772030339401}",0.0
1590537600000,2020-05-27,388510.8054779293,"{'TLT': 0.45, 'IEF': 0.25, 'GLD': 0.017422796966059896, 'SHY': 0.2825772030339401}",0.0
1590624000000,2020-05-28,387852.92095015437,"{'TLT': 0.45, 'IEF': 0.25, 'GLD': 0.017422796966059896, 'SHY': 0.2825772030339401}",0.0
1590710400000,2020-05-29,389459.8947135885,"{'TLT': 0.45, 'IEF': 0.25, 'GLD': 0.01798594920378837, 'SHY': 0.2820140507962116}",0.0
1590969600000,2020-06-01,388261.0852093627,"{'TLT': 0.45, 'IEF': 0.25, 'GLD': 0.01798594920378837, 'SHY': 0.2820140507962116}",0.0
1591056000000,2020-06-02,387421.24822330114,"{'TLT': 0.45, 'IEF': 0.25, 'GLD': 0.01798594920378837, 'SHY': 0.2820140507962116}",0.0
1591142400000,2020-06-03,384312.50338850456,"{'TLT': 0.45, 'IEF': 0.25, 'GLD': 0.01798594920378837, 'SHY': 0.2820140507962116}",0.0
1591228800000,2020-06-04,381524.6823512948,"{'TLT': 0.45, 'IEF': 0.25, 'GLD': 0.01798594920378837, 'SHY': 0.2820140507962116}",0.0
1591315200000,2020-06-05,379649.8900706303,"{'TLT': 0.45, 'IEF': 0.25, 'GLD': 0.01798594920378837, 'SHY': 0.2820140507962116}",0.0
1591574400000,2020-06-08,380458.65380297106,"{'TLT': 0.45, 'IEF': 0.25, 'GLD': 0.01798594920378837, 'SHY': 0.2820140507962116}",0.0
1591660800000,2020-06-09,382847.60067241034,"{'TLT': 0.45, 'IEF': 0.25, 'GLD': 0.01798594920378837, 'SHY': 0.2820140507962116}",0.0
1591747200000,2020-06-10,386279.0196365709,"{'TLT': 0.45, 'IEF': 0.25, 'GLD': 0.01798594920378837, 'SHY': 0.2820140507962116}",0.0
1591833600000,2020-06-11,389806.53783667216,"{'TLT': 0.45, 'IEF': 0.25, 'GLD': 0.01798594920378837, 'SHY': 0.2820140507962116}",0.0
1591920000000,2020-06-12,387946.9960894296,"{'TLT': 0.45, 'IEF': 0.25, 'GLD': 0.01798594920378837, 'SHY': 0.2820140507962116}",0.0
1592179200000,2020-06-15,387926.26994908357,"{'TLT': 0.45, 'IEF': 0.25, 'GLD': 0.01798594920378837, 'SHY': 0.2820140507962116}",0.0
1592265600000,2020-06-16,385033.56833477225,"{'TLT': 0.45, 'IEF': 0.25, 'GLD': 0.01798594920378837, 'SHY': 0.2820140507962116}",0.0
1592352000000,2020-06-17,385950.76988725987,"{'TLT': 0.45, 'IEF': 0.25, 'GLD': 0.01798594920378837, 'SHY': 0.2820140507962116}",0.0
1592438400000,2020-06-18,387978.29072529246,"{'TLT': 0.45, 'IEF': 0.25, 'GLD': 0.01798594920378837, 'SHY': 0.2820140507962116}",0.0
1592524800000,2020-06-19,388252.3553613594,"{'TLT': 0.45, 'IEF': 0.25, 'GLD': 0.01798594920378837, 'SHY': 0.2820140507962116}",0.0
1592784000000,2020-06-22,388205.8929762872,"{'TLT': 0.45, 'IEF': 0.25, 'GLD': 0.01798594920378837, 'SHY': 0.2820140507962116}",0.0
1592870400000,2020-06-23,387064.0496126347,"{'TLT': 0.45, 'IEF': 0.25, 'GLD': 0.01798594920378837, 'SHY': 0.2820140507962116}",0.0
1592956800000,2020-06-24,389103.9323813409,"{'TLT': 0.45, 'IEF': 0.25, 'GLD': 0.01798594920378837, 'SHY': 0.2820140507962116}",0.0
1593043200000,2020-06-25,389620.40046875435,"{'TLT': 0.45, 'IEF': 0.25, 'GLD': 0.01798594920378837, 'SHY': 0.2820140507962116}",0.0
1593129600000,2020-06-26,391830.6929951806,"{'TLT': 0.45, 'IEF': 0.25, 'GLD': 0.01798594920378837, 'SHY': 0.2820140507962116}",0.0
1593388800000,2020-06-29,391401.45664252754,"{'TLT': 0.45, 'IEF': 0.25, 'GLD': 0.01798594920378837, 'SHY': 0.2820140507962116}",0.0
1593475200000,2020-06-30,390366.1301801233,"{'TLT': 0.45, 'IEF': 0.25, 'GLD': 0.075, 'SHY': 0.2250000000000001}",0.0
1593561600000,2020-07-01,389712.05135464674,"{'TLT': 0.45, 'IEF': 0.25, 'GLD': 0.075, 'SHY': 0.2250000000000001}",0.0
1593648000000,2020-07-02,390118.38900084037,"{'TLT': 0.45, 'IEF': 0.25, 'GLD': 0.075, 'SHY': 0.2250000000000001}",0.0
1593993600000,2020-07-06,389399.9534692402,"{'TLT': 0.45, 'IEF': 0.25, 'GLD': 0.075, 'SHY': 0.2250000000000001}",0.0
1594080000000,2020-07-07,392379.89987048,"{'TLT': 0.45, 'IEF': 0.25, 'GLD': 0.075, 'SHY': 0.2250000000000001}",0.0
1594166400000,2020-07-08,391704.3658822794,"{'TLT': 0.45, 'IEF': 0.25, 'GLD': 0.075, 'SHY': 0.2250000000000001}",0.0
1594252800000,2020-07-09,394765.5827746223,"{'TLT': 0.45, 'IEF': 0.25, 'GLD': 0.075, 'SHY': 0.2250000000000001}",0.0
1594339200000,2020-07-10,393571.45914844365,"{'TLT': 0.45, 'IEF': 0.25, 'GLD': 0.075, 'SHY': 0.2250000000000001}",0.0
1594598400000,2020-07-13,394298.6946320573,"{'TLT': 0.45, 'IEF': 0.25, 'GLD': 0.075, 'SHY': 0.2250000000000001}",0.0
1594684800000,2020-07-14,394693.96374257194,"{'TLT': 0.45, 'IEF': 0.25, 'GLD': 0.075, 'SHY': 0.2250000000000001}",0.0
1594771200000,2020-07-15,393868.9530702705,"{'TLT': 0.45, 'IEF': 0.25, 'GLD': 0.075, 'SHY': 0.2250000000000001}",0.0
1594857600000,2020-07-16,394504.11792721925,"{'TLT': 0.45, 'IEF': 0.25, 'GLD': 0.075, 'SHY': 0.2250000000000001}",0.0
1594944000000,2020-07-17,394372.4644447491,"{'TLT': 0.45, 'IEF': 0.25, 'GLD': 0.075, 'SHY': 0.2250000000000001}",0.0
1595203200000,2020-07-20,394995.31565823464,"{'TLT': 0.45, 'IEF': 0.25, 'GLD': 0.075, 'SHY': 0.2250000000000001}",0.0
1595289600000,2020-07-21,395584.42428800307,"{'TLT': 0.45, 'IEF': 0.25, 'GLD': 0.075, 'SHY': 0.2250000000000001}",0.0
1595376000000,2020-07-22,396589.5098808739,"{'TLT': 0.45, 'IEF': 0.25, 'GLD': 0.075, 'SHY': 0.2250000000000001}",0.0
1595462400000,2020-07-23,399034.0650348545,"{'TLT': 0.45, 'IEF': 0.25, 'GLD': 0.075, 'SHY': 0.2250000000000001}",0.0
1595548800000,2020-07-24,399241.68427514547,"{'TLT': 0.45, 'IEF': 0.25, 'GLD': 0.075, 'SHY': 0.2250000000000001}",0.0
1595808000000,2020-07-27,398980.2827607327,"{'TLT': 0.45, 'IEF': 0.25, 'GLD': 0.075, 'SHY': 0.2250000000000001}",0.0
1595894400000,2020-07-28,400729.5546182894,"{'TLT': 0.45, 'IEF': 0.25, 'GLD': 0.075, 'SHY': 0.2250000000000001}",0.0
1595980800000,2020-07-29,400799.9603247477,"{'TLT': 0.45, 'IEF': 0.25, 'GLD': 0.075, 'SHY': 0.2250000000000001}",0.0
1596067200000,2020-07-30,401936.0283539551,"{'TLT': 0.45, 'IEF': 0.25, 'GLD': 0.075, 'SHY': 0.2250000000000001}",0.0
1596153600000,2020-07-31,402098.41741590406,"{'TLT': 0.45, 'IEF': 0.25, 'GLD': 0.15, 'SHY': 0.15}",0.0
1596412800000,2020-08-03,401206.5144804121,"{'TLT': 0.45, 'IEF': 0.25, 'GLD': 0.15, 'SHY': 0.15}",0.0
1596499200000,2020-08-04,404558.55072212976,"{'TLT': 0.45, 'IEF': 0.25, 'GLD': 0.15, 'SHY': 0.15}",0.0
1596585600000,2020-08-05,403179.27247324033,"{'TLT': 0.45, 'IEF': 0.25, 'GLD': 0.15, 'SHY': 0.15}",0.0
1596672000000,2020-08-06,405110.5498745021,"{'TLT': 0.45, 'IEF': 0.25, 'GLD': 0.15, 'SHY': 0.15}",0.0
1596758400000,2020-08-07,402708.6361862424,"{'TLT': 0.45, 'IEF': 0.25, 'GLD': 0.15, 'SHY': 0.15}",0.0
1597017600000,2020-08-10,401568.1250324865,"{'TLT': 0.45, 'IEF': 0.25, 'GLD': 0.15, 'SHY': 0.15}",0.0
1597104000000,2020-08-11,395827.79278580734,"{'TLT': 0.45, 'IEF': 0.25, 'GLD': 0.15, 'SHY': 0.15}",0.0
1597190400000,2020-08-12,393624.6170666151,"{'TLT': 0.45, 'IEF': 0.25, 'GLD': 0.15, 'SHY': 0.15}",0.0
1597276800000,2020-08-13,392916.72355299245,"{'TLT': 0.45, 'IEF': 0.25, 'GLD': 0.15, 'SHY': 0.15}",0.0
1597363200000,2020-08-14,392027.25364092016,"{'TLT': 0.45, 'IEF': 0.25, 'GLD': 0.15, 'SHY': 0.15}",0.0
1597622400000,2020-08-17,393914.44851268845,"{'TLT': 0.45, 'IEF': 0.25, 'GLD': 0.15, 'SHY': 0.15}",0.0
1597708800000,2020-08-18,395891.42183945107,"{'TLT': 0.45, 'IEF': 0.25, 'GLD': 0.15, 'SHY': 0.15}",0.0
1597795200000,2020-08-19,392773.1458293976,"{'TLT': 0.45, 'IEF': 0.25, 'GLD': 0.15, 'SHY': 0.15}",0.0
1597881600000,2020-08-20,395060.74973982794,"{'TLT': 0.45, 'IEF': 0.25, 'GLD': 0.15, 'SHY': 0.15}",0.0
1597968000000,2020-08-21,395717.20564720983,"{'TLT': 0.45, 'IEF': 0.25, 'GLD': 0.15, 'SHY': 0.15}",0.0
1598227200000,2020-08-24,394947.48186328355,"{'TLT': 0.45, 'IEF': 0.25, 'GLD': 0.15, 'SHY': 0.15}",0.0
1598313600000,2020-08-25,393431.25720503216,"{'TLT': 0.45, 'IEF': 0.25, 'GLD': 0.15, 'SHY': 0.15}",0.0
1598400000000,2020-08-26,393410.3732813065,"{'TLT': 0.45, 'IEF': 0.25, 'GLD': 0.15, 'SHY': 0.15}",0.0
1598486400000,2020-08-27,389362.27607783896,"{'TLT': 0.45, 'IEF': 0.25, 'GLD': 0.15, 'SHY': 0.15}",0.0
1598572800000,2020-08-28,390427.96146680176,"{'TLT': 0.45, 'IEF': 0.25, 'GLD': 0.15, 'SHY': 0.15}",0.0
1598832000000,2020-08-31,391545.739062056,"{'SPY': 0.175, 'QQQ': 0.1, 'IWM': 0.075, 'HYG': 0.05, 'DBC': 0.05, 'GLD': 0.05, 'SHY': 0.5}",0.0
1598918400000,2020-09-01,393307.95137170935,"{'SPY': 0.175, 'QQQ': 0.1, 'IWM': 0.075, 'HYG': 0.05, 'DBC': 0.05, 'GLD': 0.05, 'SHY': 0.5}",0.0
1599004800000,2020-09-02,394436.99788533436,"{'SPY': 0.175, 'QQQ': 0.1, 'IWM': 0.075, 'HYG': 0.05, 'DBC': 0.05, 'GLD': 0.05, 'SHY': 0.5}",0.0
1599091200000,2020-09-03,388705.85776147107,"{'SPY': 0.175, 'QQQ': 0.1, 'IWM': 0.075, 'HYG': 0.05, 'DBC': 0.05, 'GLD': 0.05, 'SHY': 0.5}",0.0
1599177600000,2020-09-04,387204.36018488766,"{'SPY': 0.175, 'QQQ': 0.1, 'IWM': 0.075, 'HYG': 0.05, 'DBC': 0.05, 'GLD': 0.05, 'SHY': 0.5}",0.0
1599523200000,2020-09-08,382339.0176388623,"{'SPY': 0.175, 'QQQ': 0.1, 'IWM': 0.075, 'HYG': 0.05, 'DBC': 0.05, 'GLD': 0.05, 'SHY': 0.5}",0.0
1599609600000,2020-09-09,385754.6720836072,"{'SPY': 0.175, 'QQQ': 0.1, 'IWM': 0.075, 'HYG': 0.05, 'DBC': 0.05, 'GLD': 0.05, 'SHY': 0.5}",0.0
1599696000000,2020-09-10,383067.50245075073,"{'SPY': 0.175, 'QQQ': 0.1, 'IWM': 0.075, 'HYG': 0.05, 'DBC': 0.05, 'GLD': 0.05, 'SHY': 0.5}",0.0
1599782400000,2020-09-11,382860.8193981445,"{'SPY': 0.175, 'QQQ': 0.1, 'IWM': 0.075, 'HYG': 0.05, 'DBC': 0.05, 'GLD': 0.05, 'SHY': 0.5}",0.0
1600041600000,2020-09-14,385290.17777526425,"{'SPY': 0.175, 'QQQ': 0.1, 'IWM': 0.075, 'HYG': 0.05, 'DBC': 0.05, 'GLD': 0.05, 'SHY': 0.5}",0.0
1600128000000,2020-09-15,386364.7049731139,"{'SPY': 0.175, 'QQQ': 0.1, 'IWM': 0.075, 'HYG': 0.05, 'DBC': 0.05, 'GLD': 0.05, 'SHY': 0.5}",0.0
1600214400000,2020-09-16,386188.5394964027,"{'SPY': 0.175, 'QQQ': 0.1, 'IWM': 0.075, 'HYG': 0.05, 'DBC': 0.05, 'GLD': 0.05, 'SHY': 0.5}",0.0
1600300800000,2020-09-17,384827.43010588584,"{'SPY': 0.175, 'QQQ': 0.1, 'IWM': 0.075, 'HYG': 0.05, 'DBC': 0.05, 'GLD': 0.05, 'SHY': 0.5}",0.0
1600387200000,2020-09-18,383571.7474708514,"{'SPY': 0.175, 'QQQ': 0.1, 'IWM': 0.075, 'HYG': 0.05, 'DBC': 0.05, 'GLD': 0.05, 'SHY': 0.5}",0.0
1600646400000,2020-09-21,380875.56933047104,"{'SPY': 0.175, 'QQQ': 0.1, 'IWM': 0.075, 'HYG': 0.05, 'DBC': 0.05, 'GLD': 0.05, 'SHY': 0.5}",0.0
1600732800000,2020-09-22,382412.6660893934,"{'SPY': 0.175, 'QQQ': 0.1, 'IWM': 0.075, 'HYG': 0.05, 'DBC': 0.05, 'GLD': 0.05, 'SHY': 0.5}",0.0
1600819200000,2020-09-23,378011.73837339476,"{'SPY': 0.175, 'QQQ': 0.1, 'IWM': 0.075, 'HYG': 0.05, 'DBC': 0.05, 'GLD': 0.05, 'SHY': 0.5}",0.0
1600905600000,2020-09-24,378511.8780728133,"{'SPY': 0.175, 'QQQ': 0.1, 'IWM': 0.075, 'HYG': 0.05, 'DBC': 0.05, 'GLD': 0.05, 'SHY': 0.5}",0.0
1600992000000,2020-09-25,380857.6348454036,"{'SPY': 0.175, 'QQQ': 0.1, 'IWM': 0.075, 'HYG': 0.05, 'DBC': 0.05, 'GLD': 0.05, 'SHY': 0.5}",0.0
1601251200000,2020-09-28,383959.3077722855,"{'SPY': 0.175, 'QQQ': 0.1, 'IWM': 0.075, 'HYG': 0.05, 'DBC': 0.05, 'GLD': 0.05, 'SHY': 0.5}",0.0
1601337600000,2020-09-29,383224.94424762425,"{'SPY': 0.175, 'QQQ': 0.1, 'IWM': 0.075, 'HYG': 0.05, 'DBC': 0.05, 'GLD': 0.05, 'SHY': 0.5}",0.0
1601424000000,2020-09-30,384290.22916220204,"{'SPY': 0.175, 'QQQ': 0.1, 'IWM': 0.075, 'HYG': 0.05, 'DBC': 0.05, 'GLD': 0.05, 'SHY': 0.5}",0.0
1601510400000,2020-10-01,385749.3655516502,"{'SPY': 0.175, 'QQQ': 0.1, 'IWM': 0.075, 'HYG': 0.05, 'DBC': 0.05, 'GLD': 0.05, 'SHY': 0.5}",0.0
1601596800000,2020-10-02,383916.45216979145,"{'SPY': 0.175, 'QQQ': 0.1, 'IWM': 0.075, 'HYG': 0.05, 'DBC': 0.05, 'GLD': 0.05, 'SHY': 0.5}",0.0
1601856000000,2020-10-05,387390.001207398,"{'SPY': 0.175, 'QQQ': 0.1, 'IWM': 0.075, 'HYG': 0.05, 'DBC': 0.05, 'GLD': 0.05, 'SHY': 0.5}",0.0
1601942400000,2020-10-06,385454.385659298,"{'SPY': 0.175, 'QQQ': 0.1, 'IWM': 0.075, 'HYG': 0.05, 'DBC': 0.05, 'GLD': 0.05, 'SHY': 0.5}",0.0
1602028800000,2020-10-07,388037.67302555084,"{'SPY': 0.175, 'QQQ': 0.1, 'IWM': 0.075, 'HYG': 0.05, 'DBC': 0.05, 'GLD': 0.05, 'SHY': 0.5}",0.0
1602115200000,2020-10-08,389481.0739423131,"{'SPY': 0.175, 'QQQ': 0.1, 'IWM': 0.075, 'HYG': 0.05, 'DBC': 0.05, 'GLD': 0.05, 'SHY': 0.5}",0.0
1602201600000,2020-10-09,391292.3779936013,"{'SPY': 0.175, 'QQQ': 0.1, 'IWM': 0.075, 'HYG': 0.05, 'DBC': 0.05, 'GLD': 0.05, 'SHY': 0.5}",0.0
1602460800000,2020-10-12,393681.3770440249,"{'SPY': 0.175, 'QQQ': 0.1, 'IWM': 0.075, 'HYG': 0.05, 'DBC': 0.05, 'GLD': 0.05, 'SHY': 0.5}",0.0
1602547200000,2020-10-13,392658.64663099684,"{'SPY': 0.175, 'QQQ': 0.1, 'IWM': 0.075, 'HYG': 0.05, 'DBC': 0.05, 'GLD': 0.05, 'SHY': 0.5}",0.0
1602633600000,2020-10-14,391753.3217501366,"{'SPY': 0.175, 'QQQ': 0.1, 'IWM': 0.075, 'HYG': 0.05, 'DBC': 0.05, 'GLD': 0.05, 'SHY': 0.5}",0.0
1602720000000,2020-10-15,391870.1336845832,"{'SPY': 0.175, 'QQQ': 0.1, 'IWM': 0.075, 'HYG': 0.05, 'DBC': 0.05, 'GLD': 0.05, 'SHY': 0.5}",0.0
1602806400000,2020-10-16,391296.0588966486,"{'SPY': 0.175, 'QQQ': 0.1, 'IWM': 0.075, 'HYG': 0.05, 'DBC': 0.05, 'GLD': 0.05, 'SHY': 0.5}",0.0
1603065600000,2020-10-19,389220.7791900255,"{'SPY': 0.175, 'QQQ': 0.1, 'IWM': 0.075, 'HYG': 0.05, 'DBC': 0.05, 'GLD': 0.05, 'SHY': 0.5}",0.0
1603152000000,2020-10-20,390001.2631941335,"{'SPY': 0.175, 'QQQ': 0.1, 'IWM': 0.075, 'HYG': 0.05, 'DBC': 0.05, 'GLD': 0.05, 'SHY': 0.5}",0.0
1603238400000,2020-10-21,389575.6697881361,"{'SPY': 0.175, 'QQQ': 0.1, 'IWM': 0.075, 'HYG': 0.05, 'DBC': 0.05, 'GLD': 0.05, 'SHY': 0.5}",0.0
1603324800000,2020-10-22,390286.90300555516,"{'SPY': 0.175, 'QQQ': 0.1, 'IWM': 0.075, 'HYG': 0.05, 'DBC': 0.05, 'GLD': 0.05, 'SHY': 0.5}",0.0
1603411200000,2020-10-23,390644.26335643616,"{'SPY': 0.175, 'QQQ': 0.1, 'IWM': 0.075, 'HYG': 0.05, 'DBC': 0.05, 'GLD': 0.05, 'SHY': 0.5}",0.0
1603670400000,2020-10-26,387722.93973865936,"{'SPY': 0.175, 'QQQ': 0.1, 'IWM': 0.075, 'HYG': 0.05, 'DBC': 0.05, 'GLD': 0.05, 'SHY': 0.5}",0.0
1603756800000,2020-10-27,387735.81120923103,"{'SPY': 0.175, 'QQQ': 0.1, 'IWM': 0.075, 'HYG': 0.05, 'DBC': 0.05, 'GLD': 0.05, 'SHY': 0.5}",0.0
1603843200000,2020-10-28,382019.85227272165,"{'SPY': 0.175, 'QQQ': 0.1, 'IWM': 0.075, 'HYG': 0.05, 'DBC': 0.05, 'GLD': 0.05, 'SHY': 0.5}",0.0
1603929600000,2020-10-29,383490.750805359,"{'SPY': 0.175, 'QQQ': 0.1, 'IWM': 0.075, 'HYG': 0.05, 'DBC': 0.05, 'GLD': 0.05, 'SHY': 0.5}",0.0
1604016000000,2020-10-30,381544.90117523307,"{'SPY': 0.175, 'QQQ': 0.1, 'IWM': 0.075, 'HYG': 0.05, 'DBC': 0.05, 'GLD': 0.05, 'SHY': 0.5}",0.0
1604275200000,2020-11-02,383463.8540471086,"{'SPY': 0.175, 'QQQ': 0.1, 'IWM': 0.075, 'HYG': 0.05, 'DBC': 0.05, 'GLD': 0.05, 'SHY': 0.5}",0.0
1604361600000,2020-11-03,386476.1475999646,"{'SPY': 0.175, 'QQQ': 0.1, 'IWM': 0.075, 'HYG': 0.05, 'DBC': 0.05, 'GLD': 0.05, 'SHY': 0.5}",0.0
1604448000000,2020-11-04,390168.99356161343,"{'SPY': 0.175, 'QQQ': 0.1, 'IWM': 0.075, 'HYG': 0.05, 'DBC': 0.05, 'GLD': 0.05, 'SHY': 0.5}",0.0
1604534400000,2020-11-05,393898.01986352605,"{'SPY': 0.175, 'QQQ': 0.1, 'IWM': 0.075, 'HYG': 0.05, 'DBC': 0.05, 'GLD': 0.05, 'SHY': 0.5}",0.0
1604620800000,2020-11-06,393587.50994468544,"{'SPY': 0.175, 'QQQ': 0.1, 'IWM': 0.075, 'HYG': 0.05, 'DBC': 0.05, 'GLD': 0.05, 'SHY': 0.5}",0.0
1604880000000,2020-11-09,394169.38793254585,"{'SPY': 0.175, 'QQQ': 0.1, 'IWM': 0.075, 'HYG': 0.05, 'DBC': 0.05, 'GLD': 0.05, 'SHY': 0.5}",0.0
1604966400000,2020-11-10,394312.42659287207,"{'SPY': 0.175, 'QQQ': 0.1, 'IWM': 0.075, 'HYG': 0.05, 'DBC': 0.05, 'GLD': 0.05, 'SHY': 0.5}",0.0
1605052800000,2020-11-11,395542.65576684446,"{'SPY': 0.175, 'QQQ': 0.1, 'IWM': 0.075, 'HYG': 0.05, 'DBC': 0.05, 'GLD': 0.05, 'SHY': 0.5}",0.0
1605139200000,2020-11-12,394078.10496115393,"{'SPY': 0.175, 'QQQ': 0.1, 'IWM': 0.075, 'HYG': 0.05, 'DBC': 0.05, 'GLD': 0.05, 'SHY': 0.5}",0.0
1605225600000,2020-11-13,396103.97346881113,"{'SPY': 0.175, 'QQQ': 0.1, 'IWM': 0.075, 'HYG': 0.05, 'DBC': 0.05, 'GLD': 0.05, 'SHY': 0.5}",0.0
1605484800000,2020-11-16,398319.55968042486,"{'SPY': 0.175, 'QQQ': 0.1, 'IWM': 0.075, 'HYG': 0.05, 'DBC': 0.05, 'GLD': 0.05, 'SHY': 0.5}",0.0
1605571200000,2020-11-17,397927.8423463194,"{'SPY': 0.175, 'QQQ': 0.1, 'IWM': 0.075, 'HYG': 0.05, 'DBC': 0.05, 'GLD': 0.05, 'SHY': 0.5}",0.0
1605657600000,2020-11-18,396256.1825422753,"{'SPY': 0.175, 'QQQ': 0.1, 'IWM': 0.075, 'HYG': 0.05, 'DBC': 0.05, 'GLD': 0.05, 'SHY': 0.5}",0.0
1605744000000,2020-11-19,397161.7598260519,"{'SPY': 0.175, 'QQQ': 0.1, 'IWM': 0.075, 'HYG': 0.05, 'DBC': 0.05, 'GLD': 0.05, 'SHY': 0.5}",0.0
1605830400000,2020-11-20,396594.9451056576,"{'SPY': 0.175, 'QQQ': 0.1, 'IWM': 0.075, 'HYG': 0.05, 'DBC': 0.05, 'GLD': 0.05, 'SHY': 0.5}",0.0
1606089600000,2020-11-23,397266.4870536959,"{'SPY': 0.175, 'QQQ': 0.1, 'IWM': 0.075, 'HYG': 0.05, 'DBC': 0.05, 'GLD': 0.05, 'SHY': 0.5}",0.0
1606176000000,2020-11-24,399705.9593965125,"{'SPY': 0.175, 'QQQ': 0.1, 'IWM': 0.075, 'HYG': 0.05, 'DBC': 0.05, 'GLD': 0.05, 'SHY': 0.5}",0.0
1606262400000,2020-11-25,399917.9910849773,"{'SPY': 0.175, 'QQQ': 0.1, 'IWM': 0.075, 'HYG': 0.05, 'DBC': 0.05, 'GLD': 0.05, 'SHY': 0.5}",0.0
1606435200000,2020-11-27,400395.6963549202,"{'SPY': 0.175, 'QQQ': 0.1, 'IWM': 0.075, 'HYG': 0.05, 'DBC': 0.05, 'GLD': 0.05, 'SHY': 0.5}",0.0
1606694400000,2020-11-30,399219.4059670933,"{'SPY': 0.35, 'QQQ': 0.2, 'IWM': 0.15, 'HYG': 0.05, 'DBC': 0.1, 'GLD': 0.1, 'SHY': 0.05}",0.0
1606780800000,2020-12-01,403093.33560661366,"{'SPY': 0.35, 'QQQ': 0.2, 'IWM': 0.15, 'HYG': 0.05, 'DBC': 0.1, 'GLD': 0.1, 'SHY': 0.05}",0.0
1606867200000,2020-12-02,404094.62703154626,"{'SPY': 0.35, 'QQQ': 0.2, 'IWM': 0.15, 'HYG': 0.05, 'DBC': 0.1, 'GLD': 0.1, 'SHY': 0.05}",0.0
1606953600000,2020-12-03,404904.23405021516,"{'SPY': 0.35, 'QQQ': 0.2, 'IWM': 0.15, 'HYG': 0.05, 'DBC': 0.1, 'GLD': 0.1, 'SHY': 0.05}",0.0
1607040000000,2020-12-04,408009.7774373695,"{'SPY': 0.35, 'QQQ': 0.2, 'IWM': 0.15, 'HYG': 0.05, 'DBC': 0.1, 'GLD': 0.1, 'SHY': 0.05}",0.0
1607299200000,2020-12-07,408840.7483461368,"{'SPY': 0.35, 'QQQ': 0.2, 'IWM': 0.15, 'HYG': 0.05, 'DBC': 0.1, 'GLD': 0.1, 'SHY': 0.05}",0.0
1607385600000,2020-12-08,410503.6729104982,"{'SPY': 0.35, 'QQQ': 0.2, 'IWM': 0.15, 'HYG': 0.05, 'DBC': 0.1, 'GLD': 0.1, 'SHY': 0.05}",0.0
1607472000000,2020-12-09,406202.0073437426,"{'SPY': 0.35, 'QQQ': 0.2, 'IWM': 0.15, 'HYG': 0.05, 'DBC': 0.1, 'GLD': 0.1, 'SHY': 0.05}",0.0
1607558400000,2020-12-10,407641.18742962246,"{'SPY': 0.35, 'QQQ': 0.2, 'IWM': 0.15, 'HYG': 0.05, 'DBC': 0.1, 'GLD': 0.1, 'SHY': 0.05}",0.0
1607644800000,2020-12-11,406945.0300629661,"{'SPY': 0.35, 'QQQ': 0.2, 'IWM': 0.15, 'HYG': 0.05, 'DBC': 0.1, 'GLD': 0.1, 'SHY': 0.05}",0.0
1607904000000,2020-12-14,406861.77336328436,"{'SPY': 0.35, 'QQQ': 0.2, 'IWM': 0.15, 'HYG': 0.05, 'DBC': 0.1, 'GLD': 0.1, 'SHY': 0.05}",0.0
1607990400000,2020-12-15,412129.09399193927,"{'SPY': 0.35, 'QQQ': 0.2, 'IWM': 0.15, 'HYG': 0.05, 'DBC': 0.1, 'GLD': 0.1, 'SHY': 0.05}",0.0
1608076800000,2020-12-16,413012.271175539,"{'SPY': 0.35, 'QQQ': 0.2, 'IWM': 0.15, 'HYG': 0.05, 'DBC': 0.1, 'GLD': 0.1, 'SHY': 0.05}",0.0
1608163200000,2020-12-17,416049.41150243045,"{'SPY': 0.35, 'QQQ': 0.2, 'IWM': 0.15, 'HYG': 0.05, 'DBC': 0.1, 'GLD': 0.1, 'SHY': 0.05}",0.0
1608249600000,2020-12-18,415000.3029684809,"{'SPY': 0.35, 'QQQ': 0.2, 'IWM': 0.15, 'HYG': 0.05, 'DBC': 0.1, 'GLD': 0.1, 'SHY': 0.05}",0.0
1608508800000,2020-12-21,413664.1819669178,"{'SPY': 0.35, 'QQQ': 0.2, 'IWM': 0.15, 'HYG': 0.05, 'DBC': 0.1, 'GLD': 0.1, 'SHY': 0.05}",0.0
1608595200000,2020-12-22,413594.880559824,"{'SPY': 0.35, 'QQQ': 0.2, 'IWM': 0.15, 'HYG': 0.05, 'DBC': 0.1, 'GLD': 0.1, 'SHY': 0.05}",0.0
1608681600000,2020-12-23,414726.8898944669,"{'SPY': 0.35, 'QQQ': 0.2, 'IWM': 0.15, 'HYG': 0.05, 'DBC': 0.1, 'GLD': 0.1, 'SHY': 0.05}",0.0
1608768000000,2020-12-24,415934.4087480352,"{'SPY': 0.35, 'QQQ': 0.2, 'IWM': 0.15, 'HYG': 0.05, 'DBC': 0.1, 'GLD': 0.1, 'SHY': 0.05}",0.0
1609113600000,2020-12-28,417412.74389904033,"{'SPY': 0.35, 'QQQ': 0.2, 'IWM': 0.15, 'HYG': 0.05, 'DBC': 0.1, 'GLD': 0.1, 'SHY': 0.05}",0.0
1609200000000,2020-12-29,416236.95032877976,"{'SPY': 0.35, 'QQQ': 0.2, 'IWM': 0.15, 'HYG': 0.05, 'DBC': 0.1, 'GLD': 0.1, 'SHY': 0.05}",0.0
1609286400000,2020-12-30,417704.8125620143,"{'SPY': 0.35, 'QQQ': 0.2, 'IWM': 0.15, 'HYG': 0.05, 'DBC': 0.1, 'GLD': 0.1, 'SHY': 0.05}",0.0
1609372800000,2020-12-31,418861.2130029375,"{'SPY': 0.35, 'QQQ': 0.2, 'IWM': 0.15, 'HYG': 0.1, 'DBC': 0.1, 'GLD': 0.1}",0.0
1609718400000,2021-01-04,415480.2434706808,"{'SPY': 0.35, 'QQQ': 0.2, 'IWM': 0.15, 'HYG': 0.1, 'DBC': 0.1, 'GLD': 0.1}",0.0
1609804800000,2021-01-05,419432.31875953096,"{'SPY': 0.35, 'QQQ': 0.2, 'IWM': 0.15, 'HYG': 0.1, 'DBC': 0.1, 'GLD': 0.1}",0.0
1609891200000,2021-01-06,421019.89647589735,"{'SPY': 0.35, 'QQQ': 0.2, 'IWM': 0.15, 'HYG': 0.1, 'DBC': 0.1, 'GLD': 0.1}",0.0
1609977600000,2021-01-07,426588.7573952275,"{'SPY': 0.35, 'QQQ': 0.2, 'IWM': 0.15, 'HYG': 0.1, 'DBC': 0.1, 'GLD': 0.1}",0.0
1610064000000,2021-01-08,427340.9438720464,"{'SPY': 0.35, 'QQQ': 0.2, 'IWM': 0.15, 'HYG': 0.1, 'DBC': 0.1, 'GLD': 0.1}",0.0
1610323200000,2021-01-11,424420.0164377879,"{'SPY': 0.35, 'QQQ': 0.2, 'IWM': 0.15, 'HYG': 0.1, 'DBC': 0.1, 'GLD': 0.1}",0.0
1610409600000,2021-01-12,426599.50292190665,"{'SPY': 0.35, 'QQQ': 0.2, 'IWM': 0.15, 'HYG': 0.1, 'DBC': 0.1, 'GLD': 0.1}",0.0
1610496000000,2021-01-13,426953.46670057945,"{'SPY': 0.35, 'QQQ': 0.2, 'IWM': 0.15, 'HYG': 0.1, 'DBC': 0.1, 'GLD': 0.1}",0.0
1610582400000,2021-01-14,427609.5545420846,"{'SPY': 0.35, 'QQQ': 0.2, 'IWM': 0.15, 'HYG': 0.1, 'DBC': 0.1, 'GLD': 0.1}",0.0
1610668800000,2021-01-15,423678.9150987196,"{'SPY': 0.35, 'QQQ': 0.2, 'IWM': 0.15, 'HYG': 0.1, 'DBC': 0.1, 'GLD': 0.1}",0.0
1611014400000,2021-01-19,427512.80507339333,"{'SPY': 0.35, 'QQQ': 0.2, 'IWM': 0.15, 'HYG': 0.1, 'DBC': 0.1, 'GLD': 0.1}",0.0
1611100800000,2021-01-20,432657.06516637077,"{'SPY': 0.35, 'QQQ': 0.2, 'IWM': 0.15, 'HYG': 0.1, 'DBC': 0.1, 'GLD': 0.1}",0.0
1611187200000,2021-01-21,432844.20752867014,"{'SPY': 0.35, 'QQQ': 0.2, 'IWM': 0.15, 'HYG': 0.1, 'DBC': 0.1, 'GLD': 0.1}",0.0
1611273600000,2021-01-22,431655.22903064307,"{'SPY': 0.35, 'QQQ': 0.2, 'IWM': 0.15, 'HYG': 0.1, 'DBC': 0.1, 'GLD': 0.1}",0.0
1611532800000,2021-01-25,433406.161407966,"{'SPY': 0.35, 'QQQ': 0.2, 'IWM': 0.15, 'HYG': 0.1, 'DBC': 0.1, 'GLD': 0.1}",0.0
1611619200000,2021-01-26,432758.898810495,"{'SPY': 0.35, 'QQQ': 0.2, 'IWM': 0.15, 'HYG': 0.1, 'DBC': 0.1, 'GLD': 0.1}",0.0
1611705600000,2021-01-27,424942.7329743704,"{'SPY': 0.35, 'QQQ': 0.2, 'IWM': 0.15, 'HYG': 0.1, 'DBC': 0.1, 'GLD': 0.1}",0.0
1611792000000,2021-01-28,426492.0650712144,"{'SPY': 0.35, 'QQQ': 0.2, 'IWM': 0.15, 'HYG': 0.1, 'DBC': 0.1, 'GLD': 0.1}",0.0
1611878400000,2021-01-29,420667.13184475736,"{'SPY': 0.35, 'QQQ': 0.2, 'IWM': 0.15, 'HYG': 0.1, 'DBC': 0.1, 'GLD': 0.1}",0.0
1612137600000,2021-02-01,428103.1648335436,"{'SPY': 0.35, 'QQQ': 0.2, 'IWM': 0.15, 'HYG': 0.1, 'DBC': 0.1, 'GLD': 0.1}",0.0
1612224000000,2021-02-02,432447.79026458424,"{'SPY': 0.35, 'QQQ': 0.2, 'IWM': 0.15, 'HYG': 0.1, 'DBC': 0.1, 'GLD': 0.1}",0.0
1612310400000,2021-02-03,432692.34047265904,"{'SPY': 0.35, 'QQQ': 0.2, 'IWM': 0.15, 'HYG': 0.1, 'DBC': 0.1, 'GLD': 0.1}",0.0
1612396800000,2021-02-04,436138.9353235879,"{'SPY': 0.35, 'QQQ': 0.2, 'IWM': 0.15, 'HYG': 0.1, 'DBC': 0.1, 'GLD': 0.1}",0.0
1612483200000,2021-02-05,438658.6877340791,"{'SPY': 0.35, 'QQQ': 0.2, 'IWM': 0.15, 'HYG': 0.1, 'DBC': 0.1, 'GLD': 0.1}",0.0
1612742400000,2021-02-08,443298.5852131444,"{'SPY': 0.35, 'QQQ': 0.2, 'IWM': 0.15, 'HYG': 0.1, 'DBC': 0.1, 'GLD': 0.1}",0.0
1612828800000,2021-02-09,443718.60669745534,"{'SPY': 0.35, 'QQQ': 0.2, 'IWM': 0.15, 'HYG': 0.1, 'DBC': 0.1, 'GLD': 0.1}",0.0
1612915200000,2021-02-10,443081.6028779842,"{'SPY': 0.35, 'QQQ': 0.2, 'IWM': 0.15, 'HYG': 0.1, 'DBC': 0.1, 'GLD': 0.1}",0.0
1613001600000,2021-02-11,443296.33450031094,"{'SPY': 0.35, 'QQQ': 0.2, 'IWM': 0.15, 'HYG': 0.1, 'DBC': 0.1, 'GLD': 0.1}",0.0
1613088000000,2021-02-12,445232.2540336614,"{'SPY': 0.35, 'QQQ': 0.2, 'IWM': 0.15, 'HYG': 0.1, 'DBC': 0.1, 'GLD': 0.1}",0.0
1613433600000,2021-02-16,444326.38605732686,"{'SPY': 0.35, 'QQQ': 0.2, 'IWM': 0.15, 'HYG': 0.1, 'DBC': 0.1, 'GLD': 0.1}",0.0
1613520000000,2021-02-17,443027.9684118613,"{'SPY': 0.35, 'QQQ': 0.2, 'IWM': 0.15, 'HYG': 0.1, 'DBC': 0.1, 'GLD': 0.1}",0.0
1613606400000,2021-02-18,440727.8707859528,"{'SPY': 0.35, 'QQQ': 0.2, 'IWM': 0.15, 'HYG': 0.1, 'DBC': 0.1, 'GLD': 0.1}",0.0
1613692800000,2021-02-19,441610.8052691281,"{'SPY': 0.35, 'QQQ': 0.2, 'IWM': 0.15, 'HYG': 0.1, 'DBC': 0.1, 'GLD': 0.1}",0.0
1613952000000,2021-02-22,439217.0320550224,"{'SPY': 0.35, 'QQQ': 0.2, 'IWM': 0.15, 'HYG': 0.1, 'DBC': 0.1, 'GLD': 0.1}",0.0
1614038400000,2021-02-23,438774.8297618851,"{'SPY': 0.35, 'QQQ': 0.2, 'IWM': 0.15, 'HYG': 0.1, 'DBC': 0.1, 'GLD': 0.1}",0.0
1614124800000,2021-02-24,443431.9231943321,"{'SPY': 0.35, 'QQQ': 0.2, 'IWM': 0.15, 'HYG': 0.1, 'DBC': 0.1, 'GLD': 0.1}",0.0
1614211200000,2021-02-25,432526.8249054578,"{'SPY': 0.35, 'QQQ': 0.2, 'IWM': 0.15, 'HYG': 0.1, 'DBC': 0.1, 'GLD': 0.1}",0.0
1614297600000,2021-02-26,429933.18950398586,"{'SPY': 0.35, 'QQQ': 0.2, 'IWM': 0.15, 'HYG': 0.1, 'DBC': 0.1, 'GLD': 0.1}",0.0
1614556800000,2021-03-01,438508.2416720228,"{'SPY': 0.35, 'QQQ': 0.2, 'IWM': 0.15, 'HYG': 0.1, 'DBC': 0.1, 'GLD': 0.1}",0.0
1614643200000,2021-03-02,434996.86697443476,"{'SPY': 0.35, 'QQQ': 0.2, 'IWM': 0.15, 'HYG': 0.1, 'DBC': 0.1, 'GLD': 0.1}",0.0
1614729600000,2021-03-03,429390.77253661054,"{'SPY': 0.35, 'QQQ': 0.2, 'IWM': 0.15, 'HYG': 0.1, 'DBC': 0.1, 'GLD': 0.1}",0.0
1614816000000,2021-03-04,424405.5416259406,"{'SPY': 0.35, 'QQQ': 0.2, 'IWM': 0.15, 'HYG': 0.1, 'DBC': 0.1, 'GLD': 0.1}",0.0
1614902400000,2021-03-05,430793.49428957765,"{'SPY': 0.35, 'QQQ': 0.2, 'IWM': 0.15, 'HYG': 0.1, 'DBC': 0.1, 'GLD': 0.1}",0.0
1615161600000,2021-03-08,426553.84183571907,"{'SPY': 0.35, 'QQQ': 0.2, 'IWM': 0.15, 'HYG': 0.1, 'DBC': 0.1, 'GLD': 0.1}",0.0
1615248000000,2021-03-09,434362.48265617585,"{'SPY': 0.35, 'QQQ': 0.2, 'IWM': 0.15, 'HYG': 0.1, 'DBC': 0.1, 'GLD': 0.1}",0.0
1615334400000,2021-03-10,436829.2797010176,"{'SPY': 0.35, 'QQQ': 0.2, 'IWM': 0.15, 'HYG': 0.1, 'DBC': 0.1, 'GLD': 0.1}",0.0
1615420800000,2021-03-11,442616.3074729948,"{'SPY': 0.35, 'QQQ': 0.2, 'IWM': 0.15, 'HYG': 0.1, 'DBC': 0.1, 'GLD': 0.1}",0.0
1615507200000,2021-03-12,442165.4177768325,"{'SPY': 0.35, 'QQQ': 0.2, 'IWM': 0.15, 'HYG': 0.1, 'DBC': 0.1, 'GLD': 0.1}",0.0
1615766400000,2021-03-15,444315.90420283016,"{'SPY': 0.35, 'QQQ': 0.2, 'IWM': 0.15, 'HYG': 0.1, 'DBC': 0.1, 'GLD': 0.1}",0.0
1615852800000,2021-03-16,443252.2396405185,"{'SPY': 0.35, 'QQQ': 0.2, 'IWM': 0.15, 'HYG': 0.1, 'DBC': 0.1, 'GLD': 0.1}",0.0
1615939200000,2021-03-17,445046.7011841369,"{'SPY': 0.35, 'QQQ': 0.2, 'IWM': 0.15, 'HYG': 0.1, 'DBC': 0.1, 'GLD': 0.1}",0.0
1616025600000,2021-03-18,435313.0005788555,"{'SPY': 0.35, 'QQQ': 0.2, 'IWM': 0.15, 'HYG': 0.1, 'DBC': 0.1, 'GLD': 0.1}",0.0
1616112000000,2021-03-19,437132.0300180861,"{'SPY': 0.35, 'QQQ': 0.2, 'IWM': 0.15, 'HYG': 0.1, 'DBC': 0.1, 'GLD': 0.1}",0.0
1616371200000,2021-03-22,439514.4066784799,"{'SPY': 0.35, 'QQQ': 0.2, 'IWM': 0.15, 'HYG': 0.1, 'DBC': 0.1, 'GLD': 0.1}",0.0
1616457600000,2021-03-23,434024.0168607866,"{'SPY': 0.35, 'QQQ': 0.2, 'IWM': 0.15, 'HYG': 0.1, 'DBC': 0.1, 'GLD': 0.1}",0.0
1616544000000,2021-03-24,431600.380307885,"{'SPY': 0.35, 'QQQ': 0.2, 'IWM': 0.15, 'HYG': 0.1, 'DBC': 0.1, 'GLD': 0.1}",0.0
1616630400000,2021-03-25,432775.109032384,"{'SPY': 0.35, 'QQQ': 0.2, 'IWM': 0.15, 'HYG': 0.1, 'DBC': 0.1, 'GLD': 0.1}",0.0
1616716800000,2021-03-26,438981.20287660824,"{'SPY': 0.35, 'QQQ': 0.2, 'IWM': 0.15, 'HYG': 0.1, 'DBC': 0.1, 'GLD': 0.1}",0.0
1616976000000,2021-03-29,436580.4320533821,"{'SPY': 0.35, 'QQQ': 0.2, 'IWM': 0.15, 'HYG': 0.1, 'DBC': 0.1, 'GLD': 0.1}",0.0
1617062400000,2021-03-30,435284.5765754987,"{'SPY': 0.35, 'QQQ': 0.2, 'IWM': 0.15, 'HYG': 0.1, 'DBC': 0.1, 'GLD': 0.1}",0.0
1617148800000,2021-03-31,439070.9307487488,"{'SPY': 0.23126742436103231, 'QQQ': 0.13215281392058992, 'IWM': 0.09911461044044242, 'HYG': 0.06607640696029496, 'DBC': 0.06607640696029496, 'GLD': 0.06607640696029496, 'SHY': 0.3392359303970506}",0.0
1617235200000,2021-04-01,442623.2576302675,"{'SPY': 0.23126742436103231, 'QQQ': 0.13215281392058992, 'IWM': 0.09911461044044242, 'HYG': 0.06607640696029496, 'DBC': 0.06607640696029496, 'GLD': 0.06607640696029496, 'SHY': 0.3392359303970506}",0.0
1617580800000,2021-04-05,445036.4294602268,"{'SPY': 0.23126742436103231, 'QQQ': 0.13215281392058992, 'IWM': 0.09911461044044242, 'HYG': 0.06607640696029496, 'DBC': 0.06607640696029496, 'GLD': 0.06607640696029496, 'SHY': 0.3392359303970506}",0.0
1617667200000,2021-04-06,445233.1330530741,"{'SPY': 0.23126742436103231, 'QQQ': 0.13215281392058992, 'IWM': 0.09911461044044242, 'HYG': 0.06607640696029496, 'DBC': 0.06607640696029496, 'GLD': 0.06607640696029496, 'SHY': 0.3392359303970506}",0.0
1617753600000,2021-04-07,444794.9233209658,"{'SPY': 0.23126742436103231, 'QQQ': 0.13215281392058992, 'IWM': 0.09911461044044242, 'HYG': 0.06607640696029496, 'DBC': 0.06607640696029496, 'GLD': 0.06607640696029496, 'SHY': 0.3392359303970506}",0.0
1617840000000,2021-04-08,446806.68853881117,"{'SPY': 0.23126742436103231, 'QQQ': 0.13215281392058992, 'IWM': 0.09911461044044242, 'HYG': 0.06607640696029496, 'DBC': 0.06607640696029496, 'GLD': 0.06607640696029496, 'SHY': 0.3392359303970506}",0.0
1617926400000,2021-04-09,447520.7633633329,"{'SPY': 0.23126742436103231, 'QQQ': 0.13215281392058992, 'IWM': 0.09911461044044242, 'HYG': 0.06607640696029496, 'DBC': 0.06607640696029496, 'GLD': 0.06607640696029496, 'SHY': 0.3392359303970506}",0.0
1618185600000,2021-04-12,447080.64637088135,"{'SPY': 0.23126742436103231, 'QQQ': 0.13215281392058992, 'IWM': 0.09911461044044242, 'HYG': 0.06607640696029496, 'DBC': 0.06607640696029496, 'GLD': 0.06607640696029496, 'SHY': 0.3392359303970506}",0.0
1618272000000,2021-04-13,448560.00593411364,"{'SPY': 0.23126742436103231, 'QQQ': 0.13215281392058992, 'IWM': 0.09911461044044242, 'HYG': 0.06607640696029496, 'DBC': 0.06607640696029496, 'GLD': 0.06607640696029496, 'SHY': 0.3392359303970506}",0.0
1618358400000,2021-04-14,448470.9846484328,"{'SPY': 0.23126742436103231, 'QQQ': 0.13215281392058992, 'IWM': 0.09911461044044242, 'HYG': 0.06607640696029496, 'DBC': 0.06607640696029496, 'GLD': 0.06607640696029496, 'SHY': 0.3392359303970506}",0.0
1618444800000,2021-04-15,451497.45233866526,"{'SPY': 0.23126742436103231, 'QQQ': 0.13215281392058992, 'IWM': 0.09911461044044242, 'HYG': 0.06607640696029496, 'DBC': 0.06607640696029496, 'GLD': 0.06607640696029496, 'SHY': 0.3392359303970506}",0.0
1618531200000,2021-04-16,452038.21637780423,"{'SPY': 0.23126742436103231, 'QQQ': 0.13215281392058992, 'IWM': 0.09911461044044242, 'HYG': 0.06607640696029496, 'DBC': 0.06607640696029496, 'GLD': 0.06607640696029496, 'SHY': 0.3392359303970506}",0.0
1618790400000,2021-04-19,450281.52156876464,"{'SPY': 0.23126742436103231, 'QQQ': 0.13215281392058992, 'IWM': 0.09911461044044242, 'HYG': 0.06607640696029496, 'DBC': 0.06607640696029496, 'GLD': 0.06607640696029496, 'SHY': 0.3392359303970506}",0.0
1618876800000,2021-04-20,448210.4177294605,"{'SPY': 0.23126742436103231, 'QQQ': 0.13215281392058992, 'IWM': 0.09911461044044242, 'HYG': 0.06607640696029496, 'DBC': 0.06607640696029496, 'GLD': 0.06607640696029496, 'SHY': 0.3392359303970506}",0.0
1618963200000,2021-04-21,451092.9735660197,"{'SPY': 0.23126742436103231, 'QQQ': 0.13215281392058992, 'IWM': 0.09911461044044242, 'HYG': 0.06607640696029496, 'DBC': 0.06607640696029496, 'GLD': 0.06607640696029496, 'SHY': 0.3392359303970506}",0.0
1619049600000,2021-04-22,449211.5136533718,"{'SPY': 0.23126742436103231, 'QQQ': 0.13215281392058992, 'IWM': 0.09911461044044242, 'HYG': 0.06607640696029496, 'DBC': 0.06607640696029496, 'GLD': 0.06607640696029496, 'SHY': 0.3392359303970506}",0.0
1619136000000,2021-04-23,452091.901688044,"{'SPY': 0.23126742436103231, 'QQQ': 0.13215281392058992, 'IWM': 0.09911461044044242, 'HYG': 0.06607640696029496, 'DBC': 0.06607640696029496, 'GLD': 0.06607640696029496, 'SHY': 0.3392359303970506}",0.0
1619395200000,2021-04-26,453398.5466162026,"{'SPY': 0.23126742436103231, 'QQQ': 0.13215281392058992, 'IWM': 0.09911461044044242, 'HYG': 0.06607640696029496, 'DBC': 0.06607640696029496, 'GLD': 0.06607640696029496, 'SHY': 0.3392359303970506}",0.0
1619481600000,2021-04-27,453302.02922995563,"{'SPY': 0.23126742436103231, 'QQQ': 0.13215281392058992, 'IWM': 0.09911461044044242, 'HYG': 0.06607640696029496, 'DBC': 0.06607640696029496, 'GLD': 0.06607640696029496, 'SHY': 0.3392359303970506}",0.0
1619568000000,2021-04-28,453378.50126596226,"{'SPY': 0.23126742436103231, 'QQQ': 0.13215281392058992, 'IWM': 0.09911461044044242, 'HYG': 0.06607640696029496, 'DBC': 0.06607640696029496, 'GLD': 0.06607640696029496, 'SHY': 0.3392359303970506}",0.0
1619654400000,2021-04-29,454241.88890490506,"{'SPY': 0.23126742436103231, 'QQQ': 0.13215281392058992, 'IWM': 0.09911461044044242, 'HYG': 0.06607640696029496, 'DBC': 0.06607640696029496, 'GLD': 0.06607640696029496, 'SHY': 0.3392359303970506}",0.0
1619740800000,2021-04-30,452156.50215828995,"{'SPY': 0.2647691618444349, 'QQQ': 0.15129666391110566, 'IWM': 0.11347249793332924, 'HYG': 0.07564833195555283, 'DBC': 0.07564833195555283, 'GLD': 0.07564833195555283, 'SHY': 0.24351668044447172}",0.0
1620000000000,2021-05-03,453130.3312719365,"{'SPY': 0.2647691618444349, 'QQQ': 0.15129666391110566, 'IWM': 0.11347249793332924, 'HYG': 0.07564833195555283, 'DBC': 0.07564833195555283, 'GLD': 0.07564833195555283, 'SHY': 0.24351668044447172}",0.0
1620086400000,2021-05-04,450801.15550781536,"{'SPY': 0.2647691618444349, 'QQQ': 0.15129666391110566, 'IWM': 0.11347249793332924, 'HYG': 0.07564833195555283, 'DBC': 0.07564833195555283, 'GLD': 0.07564833195555283, 'SHY': 0.24351668044447172}",0.0
1620172800000,2021-05-05,450768.3889974257,"{'SPY': 0.2647691618444349, 'QQQ': 0.15129666391110566, 'IWM': 0.11347249793332924, 'HYG': 0.07564833195555283, 'DBC': 0.07564833195555283, 'GLD': 0.07564833195555283, 'SHY': 0.24351668044447172}",0.0
1620259200000,2021-05-06,453002.4970560397,"{'SPY': 0.2647691618444349, 'QQQ': 0.15129666391110566, 'IWM': 0.11347249793332924, 'HYG': 0.07564833195555283, 'DBC': 0.07564833195555283, 'GLD': 0.07564833195555283, 'SHY': 0.24351668044447172}",0.0
1620345600000,2021-05-07,455780.90281355864,"{'SPY': 0.2647691618444349, 'QQQ': 0.15129666391110566, 'IWM': 0.11347249793332924, 'HYG': 0.07564833195555283, 'DBC': 0.07564833195555283, 'GLD': 0.07564833195555283, 'SHY': 0.24351668044447172}",0.0
1620604800000,2021-05-10,451277.27168633015,"{'SPY': 0.2647691618444349, 'QQQ': 0.15129666391110566, 'IWM': 0.11347249793332924, 'HYG': 0.07564833195555283, 'DBC': 0.07564833195555283, 'GLD': 0.07564833195555283, 'SHY': 0.24351668044447172}",0.0
1620691200000,2021-05-11,450278.354437183,"{'SPY': 0.2647691618444349, 'QQQ': 0.15129666391110566, 'IWM': 0.11347249793332924, 'HYG': 0.07564833195555283, 'DBC': 0.07564833195555283, 'GLD': 0.07564833195555283, 'SHY': 0.24351668044447172}",0.0
1620777600000,2021-05-12,443771.4844407496,"{'SPY': 0.2647691618444349, 'QQQ': 0.15129666391110566, 'IWM': 0.11347249793332924, 'HYG': 0.07564833195555283, 'DBC': 0.07564833195555283, 'GLD': 0.07564833195555283, 'SHY': 0.24351668044447172}",0.0
1620864000000,2021-05-13,445982.57394506485,"{'SPY': 0.2647691618444349, 'QQQ': 0.15129666391110566, 'IWM': 0.11347249793332924, 'HYG': 0.07564833195555283, 'DBC': 0.07564833195555283, 'GLD': 0.07564833195555283, 'SHY': 0.24351668044447172}",0.0
1620950400000,2021-05-14,451214.94015495526,"{'SPY': 0.2647691618444349, 'QQQ': 0.15129666391110566, 'IWM': 0.11347249793332924, 'HYG': 0.07564833195555283, 'DBC': 0.07564833195555283, 'GLD': 0.07564833195555283, 'SHY': 0.24351668044447172}",0.0
1621209600000,2021-05-17,451327.4005188653,"{'SPY': 0.2647691618444349, 'QQQ': 0.15129666391110566, 'IWM': 0.11347249793332924, 'HYG': 0.07564833195555283, 'DBC': 0.07564833195555283, 'GLD': 0.07564833195555283, 'SHY': 0.24351668044447172}",0.0
1621296000000,2021-05-18,449280.06576823344,"{'SPY': 0.2647691618444349, 'QQQ': 0.15129666391110566, 'IWM': 0.11347249793332924, 'HYG': 0.07564833195555283, 'DBC': 0.07564833195555283, 'GLD': 0.07564833195555283, 'SHY': 0.24351668044447172}",0.0
1621382400000,2021-05-19,447853.002522178,"{'SPY': 0.2647691618444349, 'QQQ': 0.15129666391110566, 'IWM': 0.11347249793332924, 'HYG': 0.07564833195555283, 'DBC': 0.07564833195555283, 'GLD': 0.07564833195555283, 'SHY': 0.24351668044447172}",0.0
1621468800000,2021-05-20,450773.23618853313,"{'SPY': 0.2647691618444349, 'QQQ': 0.15129666391110566, 'IWM': 0.11347249793332924, 'HYG': 0.07564833195555283, 'DBC': 0.07564833195555283, 'GLD': 0.07564833195555283, 'SHY': 0.24351668044447172}",0.0
1621555200000,2021-05-21,450794.3997128558,"{'SPY': 0.2647691618444349, 'QQQ': 0.15129666391110566, 'IWM': 0.11347249793332924, 'HYG': 0.07564833195555283, 'DBC': 0.07564833195555283, 'GLD': 0.07564833195555283, 'SHY': 0.24351668044447172}",0.0
1621814400000,2021-05-24,454085.1460430234,"{'SPY': 0.2647691618444349, 'QQQ': 0.15129666391110566, 'IWM': 0.11347249793332924, 'HYG': 0.07564833195555283, 'DBC': 0.07564833195555283, 'GLD': 0.07564833195555283, 'SHY': 0.24351668044447172}",0.0
1621900800000,2021-05-25,453619.0028512081,"{'SPY': 0.2647691618444349, 'QQQ': 0.15129666391110566, 'IWM': 0.11347249793332924, 'HYG': 0.07564833195555283, 'DBC': 0.07564833195555283, 'GLD': 0.07564833195555283, 'SHY': 0.24351668044447172}",0.0
1621987200000,2021-05-26,455090.3461776837,"{'SPY': 0.2647691618444349, 'QQQ': 0.15129666391110566, 'IWM': 0.11347249793332924, 'HYG': 0.07564833195555283, 'DBC': 0.07564833195555283, 'GLD': 0.07564833195555283, 'SHY': 0.24351668044447172}",0.0
1622073600000,2021-05-27,455969.054341671,"{'SPY': 0.2647691618444349, 'QQQ': 0.15129666391110566, 'IWM': 0.11347249793332924, 'HYG': 0.07564833195555283, 'DBC': 0.07564833195555283, 'GLD': 0.07564833195555283, 'SHY': 0.24351668044447172}",0.0
1622160000000,2021-05-28,456264.39786756615,"{'SPY': 0.35, 'QQQ': 0.2, 'IWM': 0.15, 'HYG': 0.1, 'DBC': 0.1, 'GLD': 0.1}",0.0
1622505600000,2021-06-01,457421.1106193384,"{'SPY': 0.35, 'QQQ': 0.2, 'IWM': 0.15, 'HYG': 0.1, 'DBC': 0.1, 'GLD': 0.1}",0.0
1622592000000,2021-06-02,458455.83631935983,"{'SPY': 0.35, 'QQQ': 0.2, 'IWM': 0.15, 'HYG': 0.1, 'DBC': 0.1, 'GLD': 0.1}",0.0
1622678400000,2021-06-03,454953.36258071556,"{'SPY': 0.35, 'QQQ': 0.2, 'IWM': 0.15, 'HYG': 0.1, 'DBC': 0.1, 'GLD': 0.1}",0.0
1622764800000,2021-06-04,459345.31431318534,"{'SPY': 0.35, 'QQQ': 0.2, 'IWM': 0.15, 'HYG': 0.1, 'DBC': 0.1, 'GLD': 0.1}",0.0
1623024000000,2021-06-07,460659.3450388176,"{'SPY': 0.35, 'QQQ': 0.2, 'IWM': 0.15, 'HYG': 0.1, 'DBC': 0.1, 'GLD': 0.1}",0.0
1623110400000,2021-06-08,461816.340568719,"{'SPY': 0.35, 'QQQ': 0.2, 'IWM': 0.15, 'HYG': 0.1, 'DBC': 0.1, 'GLD': 0.1}",0.0
1623196800000,2021-06-09,460869.17000699916,"{'SPY': 0.35, 'QQQ': 0.2, 'IWM': 0.15, 'HYG': 0.1, 'DBC': 0.1, 'GLD': 0.1}",0.0
1623283200000,2021-06-10,462516.96080614865,"{'SPY': 0.35, 'QQQ': 0.2, 'IWM': 0.15, 'HYG': 0.1, 'DBC': 0.1, 'GLD': 0.1}",0.0
1623369600000,2021-06-11,463110.085089479,"{'SPY': 0.35, 'QQQ': 0.2, 'IWM': 0.15, 'HYG': 0.1, 'DBC': 0.1, 'GLD': 0.1}",0.0
1623628800000,2021-06-14,463577.97726276383,"{'SPY': 0.35, 'QQQ': 0.2, 'IWM': 0.15, 'HYG': 0.1, 'DBC': 0.1, 'GLD': 0.1}",0.0
1623715200000,2021-06-15,462101.70834613976,"{'SPY': 0.35, 'QQQ': 0.2, 'IWM': 0.15, 'HYG': 0.1, 'DBC': 0.1, 'GLD': 0.1}",0.0
1623801600000,2021-06-16,459602.71558569395,"{'SPY': 0.35, 'QQQ': 0.2, 'IWM': 0.15, 'HYG': 0.1, 'DBC': 0.1, 'GLD': 0.1}",0.0
1623888000000,2021-06-17,457371.129002105,"{'SPY': 0.35, 'QQQ': 0.2, 'IWM': 0.15, 'HYG': 0.1, 'DBC': 0.1, 'GLD': 0.1}",0.0
1623974400000,2021-06-18,453133.11568107497,"{'SPY': 0.35, 'QQQ': 0.2, 'IWM': 0.15, 'HYG': 0.1, 'DBC': 0.1, 'GLD': 0.1}",0.0
1624233600000,2021-06-21,458623.1512887589,"{'SPY': 0.35, 'QQQ': 0.2, 'IWM': 0.15, 'HYG': 0.1, 'DBC': 0.1, 'GLD': 0.1}",0.0
1624320000000,2021-06-22,460560.7152940693,"{'SPY': 0.35, 'QQQ': 0.2, 'IWM': 0.15, 'HYG': 0.1, 'DBC': 0.1, 'GLD': 0.1}",0.0
1624406400000,2021-06-23,460853.80041829747,"{'SPY': 0.35, 'QQQ': 0.2, 'IWM': 0.15, 'HYG': 0.1, 'DBC': 0.1, 'GLD': 0.1}",0.0
1624492800000,2021-06-24,463638.5003070003,"{'SPY': 0.35, 'QQQ': 0.2, 'IWM': 0.15, 'HYG': 0.1, 'DBC': 0.1, 'GLD': 0.1}",0.0
1624579200000,2021-06-25,464224.4588216153,"{'SPY': 0.35, 'QQQ': 0.2, 'IWM': 0.15, 'HYG': 0.1, 'DBC': 0.1, 'GLD': 0.1}",0.0
1624838400000,2021-06-28,465097.05937427055,"{'SPY': 0.35, 'QQQ': 0.2, 'IWM': 0.15, 'HYG': 0.1, 'DBC': 0.1, 'GLD': 0.1}",0.0
1624924800000,2021-06-29,464978.3877802422,"{'SPY': 0.35, 'QQQ': 0.2, 'IWM': 0.15, 'HYG': 0.1, 'DBC': 0.1, 'GLD': 0.1}",0.0
1625011200000,2021-06-30,465647.64996410144,"{'SPY': 0.35, 'QQQ': 0.2, 'IWM': 0.15, 'HYG': 0.1, 'DBC': 0.1, 'GLD': 0.1}",0.0
1625097600000,2021-07-01,467622.70035782305,"{'SPY': 0.35, 'QQQ': 0.2, 'IWM': 0.15, 'HYG': 0.1, 'DBC': 0.1, 'GLD': 0.1}",0.0
1625184000000,2021-07-02,470097.1699602069,"{'SPY': 0.35, 'QQQ': 0.2, 'IWM': 0.15, 'HYG': 0.1, 'DBC': 0.1, 'GLD': 0.1}",0.0
1625529600000,2021-07-06,468108.12900017196,"{'SPY': 0.35, 'QQQ': 0.2, 'IWM': 0.15, 'HYG': 0.1, 'DBC': 0.1, 'GLD': 0.1}",0.0
1625616000000,2021-07-07,467858.45563832857,"{'SPY': 0.35, 'QQQ': 0.2, 'IWM': 0.15, 'HYG': 0.1, 'DBC': 0.1, 'GLD': 0.1}",0.0
1625702400000,2021-07-08,465580.9487038665,"{'SPY': 0.35, 'QQQ': 0.2, 'IWM': 0.15, 'HYG': 0.1, 'DBC': 0.1, 'GLD': 0.1}",0.0
1625788800000,2021-07-09,470152.0784346613,"{'SPY': 0.35, 'QQQ': 0.2, 'IWM': 0.15, 'HYG': 0.1, 'DBC': 0.1, 'GLD': 0.1}",0.0
1626048000000,2021-07-12,471167.36204979726,"{'SPY': 0.35, 'QQQ': 0.2, 'IWM': 0.15, 'HYG': 0.1, 'DBC': 0.1, 'GLD': 0.1}",0.0
1626134400000,2021-07-13,469588.9763794975,"{'SPY': 0.35, 'QQQ': 0.2, 'IWM': 0.15, 'HYG': 0.1, 'DBC': 0.1, 'GLD': 0.1}",0.0
1626220800000,2021-07-14,469033.80060610996,"{'SPY': 0.35, 'QQQ': 0.2, 'IWM': 0.15, 'HYG': 0.1, 'DBC': 0.1, 'GLD': 0.1}",0.0
1626307200000,2021-07-15,467146.54861758003,"{'SPY': 0.35, 'QQQ': 0.2, 'IWM': 0.15, 'HYG': 0.1, 'DBC': 0.1, 'GLD': 0.1}",0.0
1626393600000,2021-07-16,463727.2891504141,"{'SPY': 0.35, 'QQQ': 0.2, 'IWM': 0.15, 'HYG': 0.1, 'DBC': 0.1, 'GLD': 0.1}",0.0
1626652800000,2021-07-19,457418.25253338536,"{'SPY': 0.35, 'QQQ': 0.2, 'IWM': 0.15, 'HYG': 0.1, 'DBC': 0.1, 'GLD': 0.1}",0.0
1626739200000,2021-07-20,463752.4090163046,"{'SPY': 0.35, 'QQQ': 0.2, 'IWM': 0.15, 'HYG': 0.1, 'DBC': 0.1, 'GLD': 0.1}",0.0
1626825600000,2021-07-21,467845.5263751366,"{'SPY': 0.35, 'QQQ': 0.2, 'IWM': 0.15, 'HYG': 0.1, 'DBC': 0.1, 'GLD': 0.1}",0.0
1626912000000,2021-07-22,468180.79917681287,"{'SPY': 0.35, 'QQQ': 0.2, 'IWM': 0.15, 'HYG': 0.1, 'DBC': 0.1, 'GLD': 0.1}",0.0
1626998400000,2021-07-23,471477.56042955146,"{'SPY': 0.35, 'QQQ': 0.2, 'IWM': 0.15, 'HYG': 0.1, 'DBC': 0.1, 'GLD': 0.1}",0.0
1627257600000,2021-07-26,472326.19485157786,"{'SPY': 0.35, 'QQQ': 0.2, 'IWM': 0.15, 'HYG': 0.1, 'DBC': 0.1, 'GLD': 0.1}",0.0
1627344000000,2021-07-27,469449.76188768266,"{'SPY': 0.35, 'QQQ': 0.2, 'IWM': 0.15, 'HYG': 0.1, 'DBC': 0.1, 'GLD': 0.1}",0.0
1627430400000,2021-07-28,471273.1812912241,"{'SPY': 0.35, 'QQQ': 0.2, 'IWM': 0.15, 'HYG': 0.1, 'DBC': 0.1, 'GLD': 0.1}",0.0
1627516800000,2021-07-29,474125.8425755362,"{'SPY': 0.35, 'QQQ': 0.2, 'IWM': 0.15, 'HYG': 0.1, 'DBC': 0.1, 'GLD': 0.1}",0.0
1627603200000,2021-07-30,471651.3736744966,"{'SPY': 0.35, 'QQQ': 0.2, 'IWM': 0.15, 'HYG': 0.1, 'DBC': 0.1, 'GLD': 0.1}",0.0
1627862400000,2021-08-02,470277.59855387005,"{'SPY': 0.35, 'QQQ': 0.2, 'IWM': 0.15, 'HYG': 0.1, 'DBC': 0.1, 'GLD': 0.1}",0.0
1627948800000,2021-08-03,472279.7765057477,"{'SPY': 0.35, 'QQQ': 0.2, 'IWM': 0.15, 'HYG': 0.1, 'DBC': 0.1, 'GLD': 0.1}",0.0
1628035200000,2021-08-04,469883.34162363526,"{'SPY': 0.35, 'QQQ': 0.2, 'IWM': 0.15, 'HYG': 0.1, 'DBC': 0.1, 'GLD': 0.1}",0.0
1628121600000,2021-08-05,473406.085717923,"{'SPY': 0.35, 'QQQ': 0.2, 'IWM': 0.15, 'HYG': 0.1, 'DBC': 0.1, 'GLD': 0.1}",0.0
1628208000000,2021-08-06,472067.587583437,"{'SPY': 0.35, 'QQQ': 0.2, 'IWM': 0.15, 'HYG': 0.1, 'DBC': 0.1, 'GLD': 0.1}",0.0
1628467200000,2021-08-09,470101.9361419812,"{'SPY': 0.35, 'QQQ': 0.2, 'IWM': 0.15, 'HYG': 0.1, 'DBC': 0.1, 'GLD': 0.1}",0.0
1628553600000,2021-08-10,470723.98066714755,"{'SPY': 0.35, 'QQQ': 0.2, 'IWM': 0.15, 'HYG': 0.1, 'DBC': 0.1, 'GLD': 0.1}",0.0
1628640000000,2021-08-11,472461.4549851771,"{'SPY': 0.35, 'QQQ': 0.2, 'IWM': 0.15, 'HYG': 0.1, 'DBC': 0.1, 'GLD': 0.1}",0.0
1628726400000,2021-08-12,473050.8327109231,"{'SPY': 0.35, 'QQQ': 0.2, 'IWM': 0.15, 'HYG': 0.1, 'DBC': 0.1, 'GLD': 0.1}",0.0
1628812800000,2021-08-13,473548.1110852877,"{'SPY': 0.35, 'QQQ': 0.2, 'IWM': 0.15, 'HYG': 0.1, 'DBC': 0.1, 'GLD': 0.1}",0.0
1629072000000,2021-08-16,473446.03577074903,"{'SPY': 0.35, 'QQQ': 0.2, 'IWM': 0.15, 'HYG': 0.1, 'DBC': 0.1, 'GLD': 0.1}",0.0
1629158400000,2021-08-17,469958.513696007,"{'SPY': 0.35, 'QQQ': 0.2, 'IWM': 0.15, 'HYG': 0.1, 'DBC': 0.1, 'GLD': 0.1}",0.0
1629244800000,2021-08-18,466017.1073810063,"{'SPY': 0.35, 'QQQ': 0.2, 'IWM': 0.15, 'HYG': 0.1, 'DBC': 0.1, 'GLD': 0.1}",0.0
1629331200000,2021-08-19,465088.6935818771,"{'SPY': 0.35, 'QQQ': 0.2, 'IWM': 0.15, 'HYG': 0.1, 'DBC': 0.1, 'GLD': 0.1}",0.0
1629417600000,2021-08-20,467572.12034917733,"{'SPY': 0.35, 'QQQ': 0.2, 'IWM': 0.15, 'HYG': 0.1, 'DBC': 0.1, 'GLD': 0.1}",0.0
1629676800000,2021-08-23,474156.4495364925,"{'SPY': 0.35, 'QQQ': 0.2, 'IWM': 0.15, 'HYG': 0.1, 'DBC': 0.1, 'GLD': 0.1}",0.0
1629763200000,2021-08-24,476448.48910649127,"{'SPY': 0.35, 'QQQ': 0.2, 'IWM': 0.15, 'HYG': 0.1, 'DBC': 0.1, 'GLD': 0.1}",0.0
1629849600000,2021-08-25,477305.1883685923,"{'SPY': 0.35, 'QQQ': 0.2, 'IWM': 0.15, 'HYG': 0.1, 'DBC': 0.1, 'GLD': 0.1}",0.0
1629936000000,2021-08-26,474605.9752433959,"{'SPY': 0.35, 'QQQ': 0.2, 'IWM': 0.15, 'HYG': 0.1, 'DBC': 0.1, 'GLD': 0.1}",0.0
1630022400000,2021-08-27,480465.4642928348,"{'SPY': 0.35, 'QQQ': 0.2, 'IWM': 0.15, 'HYG': 0.1, 'DBC': 0.1, 'GLD': 0.1}",0.0
1630281600000,2021-08-30,481985.40237612894,"{'SPY': 0.35, 'QQQ': 0.2, 'IWM': 0.15, 'HYG': 0.1, 'DBC': 0.1, 'GLD': 0.1}",0.0
1630368000000,2021-08-31,481680.6172616419,"{'SPY': 0.35, 'QQQ': 0.2, 'IWM': 0.15, 'HYG': 0.1, 'DBC': 0.1, 'GLD': 0.1}",0.0
1630454400000,2021-09-01,482233.9615795938,"{'SPY': 0.35, 'QQQ': 0.2, 'IWM': 0.15, 'HYG': 0.1, 'DBC': 0.1, 'GLD': 0.1}",0.0
1630540800000,2021-09-02,483698.3436261793,"{'SPY': 0.35, 'QQQ': 0.2, 'IWM': 0.15, 'HYG': 0.1, 'DBC': 0.1, 'GLD': 0.1}",0.0
1630627200000,2021-09-03,484191.9160924652,"{'SPY': 0.35, 'QQQ': 0.2, 'IWM': 0.15, 'HYG': 0.1, 'DBC': 0.1, 'GLD': 0.1}",0.0
1630972800000,2021-09-07,481596.9386132597,"{'SPY': 0.35, 'QQQ': 0.2, 'IWM': 0.15, 'HYG': 0.1, 'DBC': 0.1, 'GLD': 0.1}",0.0
1631059200000,2021-09-08,480555.18814617075,"{'SPY': 0.35, 'QQQ': 0.2, 'IWM': 0.15, 'HYG': 0.1, 'DBC': 0.1, 'GLD': 0.1}",0.0
1631145600000,2021-09-09,479376.0937538107,"{'SPY': 0.35, 'QQQ': 0.2, 'IWM': 0.15, 'HYG': 0.1, 'DBC': 0.1, 'GLD': 0.1}",0.0
1631232000000,2021-09-10,476935.7366588781,"{'SPY': 0.35, 'QQQ': 0.2, 'IWM': 0.15, 'HYG': 0.1, 'DBC': 0.1, 'GLD': 0.1}",0.0
1631491200000,2021-09-13,478352.58314244566,"{'SPY': 0.35, 'QQQ': 0.2, 'IWM': 0.15, 'HYG': 0.1, 'DBC': 0.1, 'GLD': 0.1}",0.0
1631577600000,2021-09-14,476524.5264996511,"{'SPY': 0.35, 'QQQ': 0.2, 'IWM': 0.15, 'HYG': 0.1, 'DBC': 0.1, 'GLD': 0.1}",0.0
1631664000000,2021-09-15,479845.58024483867,"{'SPY': 0.35, 'QQQ': 0.2, 'IWM': 0.15, 'HYG': 0.1, 'DBC': 0.1, 'GLD': 0.1}",0.0
1631750400000,2021-09-16,478255.4431148058,"{'SPY': 0.35, 'QQQ': 0.2, 'IWM': 0.15, 'HYG': 0.1, 'DBC': 0.1, 'GLD': 0.1}",0.0
1631836800000,2021-09-17,475061.44920112897,"{'SPY': 0.35, 'QQQ': 0.2, 'IWM': 0.15, 'HYG': 0.1, 'DBC': 0.1, 'GLD': 0.1}",0.0
1632096000000,2021-09-20,468243.7025893411,"{'SPY': 0.35, 'QQQ': 0.2, 'IWM': 0.15, 'HYG': 0.1, 'DBC': 0.1, 'GLD': 0.1}",0.0
1632182400000,2021-09-21,468751.73232357897,"{'SPY': 0.35, 'QQQ': 0.2, 'IWM': 0.15, 'HYG': 0.1, 'DBC': 0.1, 'GLD': 0.1}",0.0
1632268800000,2021-09-22,472764.7996081376,"{'SPY': 0.35, 'QQQ': 0.2, 'IWM': 0.15, 'HYG': 0.1, 'DBC': 0.1, 'GLD': 0.1}",0.0
1632355200000,2021-09-23,477104.71151664964,"{'SPY': 0.35, 'QQQ': 0.2, 'IWM': 0.15, 'HYG': 0.1, 'DBC': 0.1, 'GLD': 0.1}",0.0
1632441600000,2021-09-24,477208.9694906168,"{'SPY': 0.35, 'QQQ': 0.2, 'IWM': 0.15, 'HYG': 0.1, 'DBC': 0.1, 'GLD': 0.1}",0.0
1632700800000,2021-09-27,477759.9476102472,"{'SPY': 0.35, 'QQQ': 0.2, 'IWM': 0.15, 'HYG': 0.1, 'DBC': 0.1, 'GLD': 0.1}",0.0
1632787200000,2021-09-28,468996.09473949805,"{'SPY': 0.35, 'QQQ': 0.2, 'IWM': 0.15, 'HYG': 0.1, 'DBC': 0.1, 'GLD': 0.1}",0.0
1632873600000,2021-09-29,468890.58268557274,"{'SPY': 0.35, 'QQQ': 0.2, 'IWM': 0.15, 'HYG': 0.1, 'DBC': 0.1, 'GLD': 0.1}",0.0
1632960000000,2021-09-30,466694.0465262055,"{'SPY': 0.2, 'QQQ': 0.1, 'TLT': 0.25, 'IEF': 0.2, 'GLD': 0.15, 'SHY': 0.1}",0.0
1633046400000,2021-10-01,469635.63525679416,"{'SPY': 0.2, 'QQQ': 0.1, 'TLT': 0.25, 'IEF': 0.2, 'GLD': 0.15, 'SHY': 0.1}",0.0
1633305600000,2021-10-04,467333.7309949349,"{'SPY': 0.2, 'QQQ': 0.1, 'TLT': 0.25, 'IEF': 0.2, 'GLD': 0.15, 'SHY': 0.1}",0.0
1633392000000,2021-10-05,467185.6254869965,"{'SPY': 0.2, 'QQQ': 0.1, 'TLT': 0.25, 'IEF': 0.2, 'GLD': 0.15, 'SHY': 0.1}",0.0
1633478400000,2021-10-06,468738.494073277,"{'SPY': 0.2, 'QQQ': 0.1, 'TLT': 0.25, 'IEF': 0.2, 'GLD': 0.15, 'SHY': 0.1}",0.0
1633564800000,2021-10-07,467992.0732138288,"{'SPY': 0.2, 'QQQ': 0.1, 'TLT': 0.25, 'IEF': 0.2, 'GLD': 0.15, 'SHY': 0.1}",0.0
1633651200000,2021-10-08,466578.6725321069,"{'SPY': 0.2, 'QQQ': 0.1, 'TLT': 0.25, 'IEF': 0.2, 'GLD': 0.15, 'SHY': 0.1}",0.0
1633910400000,2021-10-11,464850.9124435682,"{'SPY': 0.2, 'QQQ': 0.1, 'TLT': 0.25, 'IEF': 0.2, 'GLD': 0.15, 'SHY': 0.1}",0.0
1633996800000,2021-10-12,467207.0723811073,"{'SPY': 0.2, 'QQQ': 0.1, 'TLT': 0.25, 'IEF': 0.2, 'GLD': 0.15, 'SHY': 0.1}",0.0
1634083200000,2021-10-13,470463.43103375635,"{'SPY': 0.2, 'QQQ': 0.1, 'TLT': 0.25, 'IEF': 0.2, 'GLD': 0.15, 'SHY': 0.1}",0.0
1634169600000,2021-10-14,473743.33497865935,"{'SPY': 0.2, 'QQQ': 0.1, 'TLT': 0.25, 'IEF': 0.2, 'GLD': 0.15, 'SHY': 0.1}",0.0
1634256000000,2021-10-15,472447.51468682726,"{'SPY': 0.2, 'QQQ': 0.1, 'TLT': 0.25, 'IEF': 0.2, 'GLD': 0.15, 'SHY': 0.1}",0.0
1634515200000,2021-10-18,473415.3939027965,"{'SPY': 0.2, 'QQQ': 0.1, 'TLT': 0.25, 'IEF': 0.2, 'GLD': 0.15, 'SHY': 0.1}",0.0
1634601600000,2021-10-19,472776.990237622,"{'SPY': 0.2, 'QQQ': 0.1, 'TLT': 0.25, 'IEF': 0.2, 'GLD': 0.15, 'SHY': 0.1}",0.0
1634688000000,2021-10-20,472885.4597089529,"{'SPY': 0.2, 'QQQ': 0.1, 'TLT': 0.25, 'IEF': 0.2, 'GLD': 0.15, 'SHY': 0.1}",0.0
1634774400000,2021-10-21,472912.35674497485,"{'SPY': 0.2, 'QQQ': 0.1, 'TLT': 0.25, 'IEF': 0.2, 'GLD': 0.15, 'SHY': 0.1}",0.0
1634860800000,2021-10-22,474383.2420861262,"{'SPY': 0.2, 'QQQ': 0.1, 'TLT': 0.25, 'IEF': 0.2, 'GLD': 0.15, 'SHY': 0.1}",0.0
1635120000000,2021-10-25,475827.3481778367,"{'SPY': 0.2, 'QQQ': 0.1, 'TLT': 0.25, 'IEF': 0.2, 'GLD': 0.15, 'SHY': 0.1}",0.0
1635206400000,2021-10-26,476624.01489311,"{'SPY': 0.2, 'QQQ': 0.1, 'TLT': 0.25, 'IEF': 0.2, 'GLD': 0.15, 'SHY': 0.1}",0.0
1635292800000,2021-10-27,479190.84545562055,"{'SPY': 0.2, 'QQQ': 0.1, 'TLT': 0.25, 'IEF': 0.2, 'GLD': 0.15, 'SHY': 0.1}",0.0
1635379200000,2021-10-28,479980.5417343437,"{'SPY': 0.2, 'QQQ': 0.1, 'TLT': 0.25, 'IEF': 0.2, 'GLD': 0.15, 'SHY': 0.1}",0.0
1635465600000,2021-10-29,480213.03876389994,"{'SPY': 0.2, 'QQQ': 0.1, 'TLT': 0.25, 'IEF': 0.2, 'GLD': 0.15, 'SHY': 0.1}",0.0
1635724800000,2021-11-01,480024.76532298204,"{'SPY': 0.2, 'QQQ': 0.1, 'TLT': 0.25, 'IEF': 0.2, 'GLD': 0.15, 'SHY': 0.1}",0.0
1635811200000,2021-11-02,481276.63288908,"{'SPY': 0.2, 'QQQ': 0.1, 'TLT': 0.25, 'IEF': 0.2, 'GLD': 0.15, 'SHY': 0.1}",0.0
1635897600000,2021-11-03,480218.58453118114,"{'SPY': 0.2, 'QQQ': 0.1, 'TLT': 0.25, 'IEF': 0.2, 'GLD': 0.15, 'SHY': 0.1}",0.0
1635984000000,2021-11-04,483930.5138956244,"{'SPY': 0.2, 'QQQ': 0.1, 'TLT': 0.25, 'IEF': 0.2, 'GLD': 0.15, 'SHY': 0.1}",0.0
1636070400000,2021-11-05,487622.44082953845,"{'SPY': 0.2, 'QQQ': 0.1, 'TLT': 0.25, 'IEF': 0.2, 'GLD': 0.15, 'SHY': 0.1}",0.0
1636329600000,2021-11-08,487195.56660128216,"{'SPY': 0.2, 'QQQ': 0.1, 'TLT': 0.25, 'IEF': 0.2, 'GLD': 0.15, 'SHY': 0.1}",0.0
1636416000000,2021-11-09,488960.59425177827,"{'SPY': 0.2, 'QQQ': 0.1, 'TLT': 0.25, 'IEF': 0.2, 'GLD': 0.15, 'SHY': 0.1}",0.0
1636502400000,2021-11-10,485083.52726347296,"{'SPY': 0.2, 'QQQ': 0.1, 'TLT': 0.25, 'IEF': 0.2, 'GLD': 0.15, 'SHY': 0.1}",0.0
1636588800000,2021-11-11,485130.2321986865,"{'SPY': 0.2, 'QQQ': 0.1, 'TLT': 0.25, 'IEF': 0.2, 'GLD': 0.15, 'SHY': 0.1}",0.0
1636675200000,2021-11-12,486221.31092348706,"{'SPY': 0.2, 'QQQ': 0.1, 'TLT': 0.25, 'IEF': 0.2, 'GLD': 0.15, 'SHY': 0.1}",0.0
1636934400000,2021-11-15,484216.85962040286,"{'SPY': 0.2, 'QQQ': 0.1, 'TLT': 0.25, 'IEF': 0.2, 'GLD': 0.15, 'SHY': 0.1}",0.0
1637020800000,2021-11-16,484026.8543803004,"{'SPY': 0.2, 'QQQ': 0.1, 'TLT': 0.25, 'IEF': 0.2, 'GLD': 0.15, 'SHY': 0.1}",0.0
1637107200000,2021-11-17,485804.5410203987,"{'SPY': 0.2, 'QQQ': 0.1, 'TLT': 0.25, 'IEF': 0.2, 'GLD': 0.15, 'SHY': 0.1}",0.0
1637193600000,2021-11-18,486914.4956309583,"{'SPY': 0.2, 'QQQ': 0.1, 'TLT': 0.25, 'IEF': 0.2, 'GLD': 0.15, 'SHY': 0.1}",0.0
1637280000000,2021-11-19,487990.7627364409,"{'SPY': 0.2, 'QQQ': 0.1, 'TLT': 0.25, 'IEF': 0.2, 'GLD': 0.15, 'SHY': 0.1}",0.0
1637539200000,2021-11-22,483306.90238779905,"{'SPY': 0.2, 'QQQ': 0.1, 'TLT': 0.25, 'IEF': 0.2, 'GLD': 0.15, 'SHY': 0.1}",0.0
1637625600000,2021-11-23,480441.9390685358,"{'SPY': 0.2, 'QQQ': 0.1, 'TLT': 0.25, 'IEF': 0.2, 'GLD': 0.15, 'SHY': 0.1}",0.0
1637712000000,2021-11-24,482997.6274730849,"{'SPY': 0.2, 'QQQ': 0.1, 'TLT': 0.25, 'IEF': 0.2, 'GLD': 0.15, 'SHY': 0.1}",0.0
1637884800000,2021-11-26,484204.32827696565,"{'SPY': 0.2, 'QQQ': 0.1, 'TLT': 0.25, 'IEF': 0.2, 'GLD': 0.15, 'SHY': 0.1}",0.0
1638144000000,2021-11-29,485174.22143096576,"{'SPY': 0.2, 'QQQ': 0.1, 'TLT': 0.25, 'IEF': 0.2, 'GLD': 0.15, 'SHY': 0.1}",0.0
1638230400000,2021-11-30,484470.36962430674,"{'SPY': 0.2, 'QQQ': 0.1, 'TLT': 0.25, 'IEF': 0.2, 'GLD': 0.15, 'SHY': 0.1}",0.0
1638316800000,2021-12-01,483795.10157406214,"{'SPY': 0.2, 'QQQ': 0.1, 'TLT': 0.25, 'IEF': 0.2, 'GLD': 0.15, 'SHY': 0.1}",0.0
1638403200000,2021-12-02,485104.04339633946,"{'SPY': 0.2, 'QQQ': 0.1, 'TLT': 0.25, 'IEF': 0.2, 'GLD': 0.15, 'SHY': 0.1}",0.0
1638489600000,2021-12-03,486074.18222569267,"{'SPY': 0.2, 'QQQ': 0.1, 'TLT': 0.25, 'IEF': 0.2, 'GLD': 0.15, 'SHY': 0.1}",0.0
1638748800000,2021-12-06,485242.2625526265,"{'SPY': 0.2, 'QQQ': 0.1, 'TLT': 0.25, 'IEF': 0.2, 'GLD': 0.15, 'SHY': 0.1}",0.0
1638835200000,2021-12-07,487557.9593150128,"{'SPY': 0.2, 'QQQ': 0.1, 'TLT': 0.25, 'IEF': 0.2, 'GLD': 0.15, 'SHY': 0.1}",0.0
1638921600000,2021-12-08,485671.21606683044,"{'SPY': 0.2, 'QQQ': 0.1, 'TLT': 0.25, 'IEF': 0.2, 'GLD': 0.15, 'SHY': 0.1}",0.0
1639008000000,2021-12-09,484762.7638494343,"{'SPY': 0.2, 'QQQ': 0.1, 'TLT': 0.25, 'IEF': 0.2, 'GLD': 0.15, 'SHY': 0.1}",0.0
1639094400000,2021-12-10,486306.7597803272,"{'SPY': 0.2, 'QQQ': 0.1, 'TLT': 0.25, 'IEF': 0.2, 'GLD': 0.15, 'SHY': 0.1}",0.0
1639353600000,2021-12-13,487215.52367562294,"{'SPY': 0.2, 'QQQ': 0.1, 'TLT': 0.25, 'IEF': 0.2, 'GLD': 0.15, 'SHY': 0.1}",0.0
1639440000000,2021-12-14,484871.25775349693,"{'SPY': 0.2, 'QQQ': 0.1, 'TLT': 0.25, 'IEF': 0.2, 'GLD': 0.15, 'SHY': 0.1}",0.0
1639526400000,2021-12-15,486512.2021229767,"{'SPY': 0.2, 'QQQ': 0.1, 'TLT': 0.25, 'IEF': 0.2, 'GLD': 0.15, 'SHY': 0.1}",0.0
1639612800000,2021-12-16,485655.21154004143,"{'SPY': 0.2, 'QQQ': 0.1, 'TLT': 0.25, 'IEF': 0.2, 'GLD': 0.15, 'SHY': 0.1}",0.0
1639699200000,2021-12-17,485794.50732056075,"{'SPY': 0.2, 'QQQ': 0.1, 'TLT': 0.25, 'IEF': 0.2, 'GLD': 0.15, 'SHY': 0.1}",0.0
1639958400000,2021-12-20,482999.53904314403,"{'SPY': 0.2, 'QQQ': 0.1, 'TLT': 0.25, 'IEF': 0.2, 'GLD': 0.15, 'SHY': 0.1}",0.0
1640044800000,2021-12-21,484894.2340731493,"{'SPY': 0.2, 'QQQ': 0.1, 'TLT': 0.25, 'IEF': 0.2, 'GLD': 0.15, 'SHY': 0.1}",0.0
1640131200000,2021-12-22,487785.86753764434,"{'SPY': 0.2, 'QQQ': 0.1, 'TLT': 0.25, 'IEF': 0.2, 'GLD': 0.15, 'SHY': 0.1}",0.0
1640217600000,2021-12-23,487659.08827810053,"{'SPY': 0.2, 'QQQ': 0.1, 'TLT': 0.25, 'IEF': 0.2, 'GLD': 0.15, 'SHY': 0.1}",0.0
1640563200000,2021-12-27,490330.7156647705,"{'SPY': 0.2, 'QQQ': 0.1, 'TLT': 0.25, 'IEF': 0.2, 'GLD': 0.15, 'SHY': 0.1}",0.0
1640649600000,2021-12-28,489203.4540137752,"{'SPY': 0.2, 'QQQ': 0.1, 'TLT': 0.25, 'IEF': 0.2, 'GLD': 0.15, 'SHY': 0.1}",0.0
1640736000000,2021-12-29,487457.27576515963,"{'SPY': 0.2, 'QQQ': 0.1, 'TLT': 0.25, 'IEF': 0.2, 'GLD': 0.15, 'SHY': 0.1}",0.0
1640822400000,2021-12-30,488940.25361756963,"{'SPY': 0.2, 'QQQ': 0.1, 'TLT': 0.25, 'IEF': 0.2, 'GLD': 0.15, 'SHY': 0.1}",0.0
1640908800000,2021-12-31,489013.037732498,"{'SPY': 0.2, 'QQQ': 0.1, 'TLT': 0.25, 'IEF': 0.2, 'GLD': 0.15, 'SHY': 0.1}",0.0
1641168000000,2022-01-03,484745.32247241377,"{'SPY': 0.2, 'QQQ': 0.1, 'TLT': 0.25, 'IEF': 0.2, 'GLD': 0.15, 'SHY': 0.1}",0.0
1641254400000,2022-01-04,484093.126052057,"{'SPY': 0.2, 'QQQ': 0.1, 'TLT': 0.25, 'IEF': 0.2, 'GLD': 0.15, 'SHY': 0.1}",0.0
1641340800000,2022-01-05,479401.100387048,"{'SPY': 0.2, 'QQQ': 0.1, 'TLT': 0.25, 'IEF': 0.2, 'GLD': 0.15, 'SHY': 0.1}",0.0
1641427200000,2022-01-06,478431.1427166796,"{'SPY': 0.2, 'QQQ': 0.1, 'TLT': 0.25, 'IEF': 0.2, 'GLD': 0.15, 'SHY': 0.1}",0.0
1641513600000,2022-01-07,476677.12422598526,"{'SPY': 0.2, 'QQQ': 0.1, 'TLT': 0.25, 'IEF': 0.2, 'GLD': 0.15, 'SHY': 0.1}",0.0
1641772800000,2022-01-10,477047.20806841453,"{'SPY': 0.2, 'QQQ': 0.1, 'TLT': 0.25, 'IEF': 0.2, 'GLD': 0.15, 'SHY': 0.1}",0.0
1641859200000,2022-01-11,480535.91924368497,"{'SPY': 0.2, 'QQQ': 0.1, 'TLT': 0.25, 'IEF': 0.2, 'GLD': 0.15, 'SHY': 0.1}",0.0
1641945600000,2022-01-12,480716.711498962,"{'SPY': 0.2, 'QQQ': 0.1, 'TLT': 0.25, 'IEF': 0.2, 'GLD': 0.15, 'SHY': 0.1}",0.0
1642032000000,2022-01-13,479340.53865882097,"{'SPY': 0.2, 'QQQ': 0.1, 'TLT': 0.25, 'IEF': 0.2, 'GLD': 0.15, 'SHY': 0.1}",0.0
1642118400000,2022-01-14,476938.840280179,"{'SPY': 0.2, 'QQQ': 0.1, 'TLT': 0.25, 'IEF': 0.2, 'GLD': 0.15, 'SHY': 0.1}",0.0
1642464000000,2022-01-18,471473.05015046877,"{'SPY': 0.2, 'QQQ': 0.1, 'TLT': 0.25, 'IEF': 0.2, 'GLD': 0.15, 'SHY': 0.1}",0.0
1642550400000,2022-01-19,472165.2795348211,"{'SPY': 0.2, 'QQQ': 0.1, 'TLT': 0.25, 'IEF': 0.2, 'GLD': 0.15, 'SHY': 0.1}",0.0
1642636800000,2022-01-20,471249.0243821281,"{'SPY': 0.2, 'QQQ': 0.1, 'TLT': 0.25, 'IEF': 0.2, 'GLD': 0.15, 'SHY': 0.1}",0.0
1642723200000,2022-01-21,469848.91828555876,"{'SPY': 0.2, 'QQQ': 0.1, 'TLT': 0.25, 'IEF': 0.2, 'GLD': 0.15, 'SHY': 0.1}",0.0
1642982400000,2022-01-24,469829.5416229216,"{'SPY': 0.2, 'QQQ': 0.1, 'TLT': 0.25, 'IEF': 0.2, 'GLD': 0.15, 'SHY': 0.1}",0.0
1643068800000,2022-01-25,467481.7942291748,"{'SPY': 0.2, 'QQQ': 0.1, 'TLT': 0.25, 'IEF': 0.2, 'GLD': 0.15, 'SHY': 0.1}",0.0
1643155200000,2022-01-26,463880.7267093218,"{'SPY': 0.2, 'QQQ': 0.1, 'TLT': 0.25, 'IEF': 0.2, 'GLD': 0.15, 'SHY': 0.1}",0.0
1643241600000,2022-01-27,464539.19770216115,"{'SPY': 0.2, 'QQQ': 0.1, 'TLT': 0.25, 'IEF': 0.2, 'GLD': 0.15, 'SHY': 0.1}",0.0
1643328000000,2022-01-28,468367.96834924154,"{'SPY': 0.2, 'QQQ': 0.1, 'TLT': 0.25, 'IEF': 0.2, 'GLD': 0.15, 'SHY': 0.1}",0.0
1643587200000,2022-01-31,471222.3606035336,"{'TLT': 0.45, 'IEF': 0.25, 'GLD': 0.15, 'SHY': 0.15}",0.0
1643673600000,2022-02-01,470412.3357672485,"{'TLT': 0.45, 'IEF': 0.25, 'GLD': 0.15, 'SHY': 0.15}",0.0
1643760000000,2022-02-02,471642.639803522,"{'TLT': 0.45, 'IEF': 0.25, 'GLD': 0.15, 'SHY': 0.15}",0.0
1643846400000,2022-02-03,469324.09517610923,"{'TLT': 0.45, 'IEF': 0.25, 'GLD': 0.15, 'SHY': 0.15}",0.0
1643932800000,2022-02-04,465277.69713413017,"{'TLT': 0.45, 'IEF': 0.25, 'GLD': 0.15, 'SHY': 0.15}",0.0
1644192000000,2022-02-07,465977.72956253064,"{'TLT': 0.45, 'IEF': 0.25, 'GLD': 0.15, 'SHY': 0.15}",0.0
1644278400000,2022-02-08,464338.2146072541,"{'TLT': 0.45, 'IEF': 0.25, 'GLD': 0.15, 'SHY': 0.15}",0.0
1644364800000,2022-02-09,465116.9381528809,"{'TLT': 0.45, 'IEF': 0.25, 'GLD': 0.15, 'SHY': 0.15}",0.0
1644451200000,2022-02-10,460102.86573820433,"{'TLT': 0.45, 'IEF': 0.25, 'GLD': 0.15, 'SHY': 0.15}",0.0
1644537600000,2022-02-11,465893.2123839569,"{'TLT': 0.45, 'IEF': 0.25, 'GLD': 0.15, 'SHY': 0.15}",0.0
1644796800000,2022-02-14,462702.8985647295,"{'TLT': 0.45, 'IEF': 0.25, 'GLD': 0.15, 'SHY': 0.15}",0.0
1644883200000,2022-02-15,459358.53622180346,"{'TLT': 0.45, 'IEF': 0.25, 'GLD': 0.15, 'SHY': 0.15}",0.0
1644969600000,2022-02-16,461622.33188073564,"{'TLT': 0.45, 'IEF': 0.25, 'GLD': 0.15, 'SHY': 0.15}",0.0
1645056000000,2022-02-17,464772.3853693802,"{'TLT': 0.45, 'IEF': 0.25, 'GLD': 0.15, 'SHY': 0.15}",0.0
1645142400000,2022-02-18,467308.5918302669,"{'TLT': 0.45, 'IEF': 0.25, 'GLD': 0.15, 'SHY': 0.15}",0.0
1645488000000,2022-02-22,467925.75829114125,"{'TLT': 0.45, 'IEF': 0.25, 'GLD': 0.15, 'SHY': 0.15}",0.0
1645574400000,2022-02-23,464688.4638834783,"{'TLT': 0.45, 'IEF': 0.25, 'GLD': 0.15, 'SHY': 0.15}",0.0
1645660800000,2022-02-24,464707.5057538092,"{'TLT': 0.45, 'IEF': 0.25, 'GLD': 0.15, 'SHY': 0.15}",0.0
1645747200000,2022-02-25,464596.7709389699,"{'TLT': 0.45, 'IEF': 0.25, 'GLD': 0.15, 'SHY': 0.15}",0.0
1646006400000,2022-02-28,471345.5469261013,"{'TLT': 0.45, 'IEF': 0.25, 'GLD': 0.15, 'SHY': 0.15}",0.0
1646092800000,2022-03-01,476392.8018561411,"{'TLT': 0.45, 'IEF': 0.25, 'GLD': 0.15, 'SHY': 0.15}",0.0
1646179200000,2022-03-02,466295.00966731866,"{'TLT': 0.45, 'IEF': 0.25, 'GLD': 0.15, 'SHY': 0.15}",0.0
1646265600000,2022-03-03,469350.87876448623,"{'TLT': 0.45, 'IEF': 0.25, 'GLD': 0.15, 'SHY': 0.15}",0.0
1646352000000,2022-03-04,475357.82684776024,"{'TLT': 0.45, 'IEF': 0.25, 'GLD': 0.15, 'SHY': 0.15}",0.0
1646611200000,2022-03-07,474187.8455618784,"{'TLT': 0.45, 'IEF': 0.25, 'GLD': 0.15, 'SHY': 0.15}",0.0
1646697600000,2022-03-08,473125.4551718481,"{'TLT': 0.45, 'IEF': 0.25, 'GLD': 0.15, 'SHY': 0.15}",0.0
1646784000000,2022-03-09,468158.55540331895,"{'TLT': 0.45, 'IEF': 0.25, 'GLD': 0.15, 'SHY': 0.15}",0.0
1646870400000,2022-03-10,464755.2110556931,"{'TLT': 0.45, 'IEF': 0.25, 'GLD': 0.15, 'SHY': 0.15}",0.0
1646956800000,2022-03-11,464908.9385502818,"{'TLT': 0.45, 'IEF': 0.25, 'GLD': 0.15, 'SHY': 0.15}",0.0
1647216000000,2022-03-14,457318.9129476173,"{'TLT': 0.45, 'IEF': 0.25, 'GLD': 0.15, 'SHY': 0.15}",0.0
1647302400000,2022-03-15,455648.6560927598,"{'TLT': 0.45, 'IEF': 0.25, 'GLD': 0.15, 'SHY': 0.15}",0.0
1647388800000,2022-03-16,457865.8553045172,"{'TLT': 0.45, 'IEF': 0.25, 'GLD': 0.15, 'SHY': 0.15}",0.0
1647475200000,2022-03-17,456420.70086074056,"{'TLT': 0.45, 'IEF': 0.25, 'GLD': 0.15, 'SHY': 0.15}",0.0
1647561600000,2022-03-18,458646.6635241722,"{'TLT': 0.45, 'IEF': 0.25, 'GLD': 0.15, 'SHY': 0.15}",0.0
1647820800000,2022-03-21,452670.54520301626,"{'TLT': 0.45, 'IEF': 0.25, 'GLD': 0.15, 'SHY': 0.15}",0.0
1647907200000,2022-03-22,448899.4813298397,"{'TLT': 0.45, 'IEF': 0.25, 'GLD': 0.15, 'SHY': 0.15}",0.0
1647993600000,2022-03-23,455057.3055512141,"{'TLT': 0.45, 'IEF': 0.25, 'GLD': 0.15, 'SHY': 0.15}",0.0
1648080000000,2022-03-24,453299.2785951655,"{'TLT': 0.45, 'IEF': 0.25, 'GLD': 0.15, 'SHY': 0.15}",0.0
1648166400000,2022-03-25,448840.78685477487,"{'TLT': 0.45, 'IEF': 0.25, 'GLD': 0.15, 'SHY': 0.15}",0.0
1648425600000,2022-03-28,449531.2157281508,"{'TLT': 0.45, 'IEF': 0.25, 'GLD': 0.15, 'SHY': 0.15}",0.0
1648512000000,2022-03-29,451681.7049557009,"{'TLT': 0.45, 'IEF': 0.25, 'GLD': 0.15, 'SHY': 0.15}",0.0
1648598400000,2022-03-30,454304.84810189257,"{'TLT': 0.45, 'IEF': 0.25, 'GLD': 0.15, 'SHY': 0.15}",0.0
1648684800000,2022-03-31,455039.50573449733,"{'TLT': 0.45, 'IEF': 0.25, 'GLD': 0.15, 'SHY': 0.15}",0.0
1648771200000,2022-04-01,454501.18626291736,"{'TLT': 0.45, 'IEF': 0.25, 'GLD': 0.15, 'SHY': 0.15}",0.0
1649030400000,2022-04-04,453376.6241918438,"{'TLT': 0.45, 'IEF': 0.25, 'GLD': 0.15, 'SHY': 0.15}",0.0
1649116800000,2022-04-05,446868.027053639,"{'TLT': 0.45, 'IEF': 0.25, 'GLD': 0.15, 'SHY': 0.15}",0.0
1649203200000,2022-04-06,445053.41855049966,"{'TLT': 0.45, 'IEF': 0.25, 'GLD': 0.15, 'SHY': 0.15}",0.0
1649289600000,2022-04-07,443570.0755473376,"{'TLT': 0.45, 'IEF': 0.25, 'GLD': 0.15, 'SHY': 0.15}",0.0
1649376000000,2022-04-08,441183.560210524,"{'TLT': 0.45, 'IEF': 0.25, 'GLD': 0.15, 'SHY': 0.15}",0.0
1649635200000,2022-04-11,437856.4766168014,"{'TLT': 0.45, 'IEF': 0.25, 'GLD': 0.15, 'SHY': 0.15}",0.0
1649721600000,2022-04-12,438782.69481862517,"{'TLT': 0.45, 'IEF': 0.25, 'GLD': 0.15, 'SHY': 0.15}",0.0
1649808000000,2022-04-13,439773.0801003826,"{'TLT': 0.45, 'IEF': 0.25, 'GLD': 0.15, 'SHY': 0.15}",0.0
1649894400000,2022-04-14,434479.492124979,"{'TLT': 0.45, 'IEF': 0.25, 'GLD': 0.15, 'SHY': 0.15}",0.0
1650240000000,2022-04-18,433394.7718546908,"{'TLT': 0.45, 'IEF': 0.25, 'GLD': 0.15, 'SHY': 0.15}",0.0
1650326400000,2022-04-19,430088.55793908937,"{'TLT': 0.45, 'IEF': 0.25, 'GLD': 0.15, 'SHY': 0.15}",0.0
1650412800000,2022-04-20,435177.86541760055,"{'TLT': 0.45, 'IEF': 0.25, 'GLD': 0.15, 'SHY': 0.15}",0.0
1650499200000,2022-04-21,432786.25802293903,"{'TLT': 0.45, 'IEF': 0.25, 'GLD': 0.15, 'SHY': 0.15}",0.0
1650585600000,2022-04-22,430966.3666089131,"{'TLT': 0.45, 'IEF': 0.25, 'GLD': 0.15, 'SHY': 0.15}",0.0
1650844800000,2022-04-25,432537.64883006393,"{'TLT': 0.45, 'IEF': 0.25, 'GLD': 0.15, 'SHY': 0.15}",0.0
1650931200000,2022-04-26,435434.9151280993,"{'TLT': 0.45, 'IEF': 0.25, 'GLD': 0.15, 'SHY': 0.15}",0.0
1651017600000,2022-04-27,431790.14973447367,"{'TLT': 0.45, 'IEF': 0.25, 'GLD': 0.15, 'SHY': 0.15}",0.0
1651104000000,2022-04-28,432226.04864275566,"{'TLT': 0.45, 'IEF': 0.25, 'GLD': 0.15, 'SHY': 0.15}",0.0
1651190400000,2022-04-29,428957.5060658428,"{'TLT': 0.45, 'IEF': 0.25, 'GLD': 0.061264392596752, 'SHY': 0.2387356074032481}",0.0
1651449600000,2022-05-02,424317.9376005885,"{'TLT': 0.45, 'IEF': 0.25, 'GLD': 0.061264392596752, 'SHY': 0.2387356074032481}",0.0
1651536000000,2022-05-03,425750.08414604235,"{'TLT': 0.45, 'IEF': 0.25, 'GLD': 0.061264392596752, 'SHY': 0.2387356074032481}",0.0
1651622400000,2022-05-04,428020.37835830357,"{'TLT': 0.45, 'IEF': 0.25, 'GLD': 0.061264392596752, 'SHY': 0.2387356074032481}",0.0
1651708800000,2022-05-05,421397.8120740115,"{'TLT': 0.45, 'IEF': 0.25, 'GLD': 0.061264392596752, 'SHY': 0.2387356074032481}",0.0
1651795200000,2022-05-06,418033.21295952913,"{'TLT': 0.45, 'IEF': 0.25, 'GLD': 0.061264392596752, 'SHY': 0.2387356074032481}",0.0
1652054400000,2022-05-09,420345.4733597903,"{'TLT': 0.45, 'IEF': 0.25, 'GLD': 0.061264392596752, 'SHY': 0.2387356074032481}",0.0
1652140800000,2022-05-10,422134.0900476738,"{'TLT': 0.45, 'IEF': 0.25, 'GLD': 0.061264392596752, 'SHY': 0.2387356074032481}",0.0
1652227200000,2022-05-11,426669.0971863708,"{'TLT': 0.45, 'IEF': 0.25, 'GLD': 0.061264392596752, 'SHY': 0.2387356074032481}",0.0
1652313600000,2022-05-12,426410.00681325025,"{'TLT': 0.45, 'IEF': 0.25, 'GLD': 0.061264392596752, 'SHY': 0.2387356074032481}",0.0
1652400000000,2022-05-13,422767.0605696428,"{'TLT': 0.45, 'IEF': 0.25, 'GLD': 0.061264392596752, 'SHY': 0.2387356074032481}",0.0
1652659200000,2022-05-16,423321.01224186935,"{'TLT': 0.45, 'IEF': 0.25, 'GLD': 0.061264392596752, 'SHY': 0.2387356074032481}",0.0
1652745600000,2022-05-17,419836.5038331124,"{'TLT': 0.45, 'IEF': 0.25, 'GLD': 0.061264392596752, 'SHY': 0.2387356074032481}",0.0
1652832000000,2022-05-18,424675.2044607868,"{'TLT': 0.45, 'IEF': 0.25, 'GLD': 0.061264392596752, 'SHY': 0.2387356074032481}",0.0
1652918400000,2022-05-19,426043.18556907366,"{'TLT': 0.45, 'IEF': 0.25, 'GLD': 0.061264392596752, 'SHY': 0.2387356074032481}",0.0
1653004800000,2022-05-20,428805.42905022006,"{'TLT': 0.45, 'IEF': 0.25, 'GLD': 0.061264392596752, 'SHY': 0.2387356074032481}",0.0
1653264000000,2022-05-23,425052.9535313269,"{'TLT': 0.45, 'IEF': 0.25, 'GLD': 0.061264392596752, 'SHY': 0.2387356074032481}",0.0
1653350400000,2022-05-24,430171.1860150501,"{'TLT': 0.45, 'IEF': 0.25, 'GLD': 0.061264392596752, 'SHY': 0.2387356074032481}",0.0
1653436800000,2022-05-25,431068.6244019191,"{'TLT': 0.45, 'IEF': 0.25, 'GLD': 0.061264392596752, 'SHY': 0.2387356074032481}",0.0
1653523200000,2022-05-26,430114.98556947947,"{'TLT': 0.45, 'IEF': 0.25, 'GLD': 0.061264392596752, 'SHY': 0.2387356074032481}",0.0
1653609600000,2022-05-27,430780.46959626616,"{'TLT': 0.45, 'IEF': 0.25, 'GLD': 0.061264392596752, 'SHY': 0.2387356074032481}",0.0
1653955200000,2022-05-31,425126.8195911275,"{'TLT': 0.45, 'IEF': 0.25, 'GLD': 0.075, 'SHY': 0.2250000000000001}",0.0
1654041600000,2022-06-01,424334.7816228625,"{'TLT': 0.45, 'IEF': 0.25, 'GLD': 0.075, 'SHY': 0.2250000000000001}",0.0
1654128000000,2022-06-02,425003.10602040455,"{'TLT': 0.45, 'IEF': 0.25, 'GLD': 0.075, 'SHY': 0.2250000000000001}",0.0
1654214400000,2022-06-03,424027.0268981003,"{'TLT': 0.45, 'IEF': 0.25, 'GLD': 0.075, 'SHY': 0.2250000000000001}",0.0
1654473600000,2022-06-06,419445.6397111784,"{'TLT': 0.45, 'IEF': 0.25, 'GLD': 0.075, 'SHY': 0.2250000000000001}",0.0
1654560000000,2022-06-07,422122.8670950491,"{'TLT': 0.45, 'IEF': 0.25, 'GLD': 0.075, 'SHY': 0.2250000000000001}",0.0
1654646400000,2022-06-08,419949.527980611,"{'TLT': 0.45, 'IEF': 0.25, 'GLD': 0.075, 'SHY': 0.2250000000000001}",0.0
1654732800000,2022-06-09,420317.50386399264,"{'TLT': 0.45, 'IEF': 0.25, 'GLD': 0.075, 'SHY': 0.2250000000000001}",0.0
1654819200000,2022-06-10,418135.084795072,"{'TLT': 0.45, 'IEF': 0.25, 'GLD': 0.075, 'SHY': 0.2250000000000001}",0.0
1655078400000,2022-06-13,409066.1637955484,"{'TLT': 0.45, 'IEF': 0.25, 'GLD': 0.075, 'SHY': 0.2250000000000001}",0.0
1655164800000,2022-06-14,405502.9340304658,"{'TLT': 0.45, 'IEF': 0.25, 'GLD': 0.075, 'SHY': 0.2250000000000001}",0.0
1655251200000,2022-06-15,411075.3702770212,"{'TLT': 0.45, 'IEF': 0.25, 'GLD': 0.075, 'SHY': 0.2250000000000001}",0.0
1655337600000,2022-06-16,413685.57228119153,"{'TLT': 0.45, 'IEF': 0.25, 'GLD': 0.075, 'SHY': 0.2250000000000001}",0.0
1655424000000,2022-06-17,414038.67252222594,"{'TLT': 0.45, 'IEF': 0.25, 'GLD': 0.075, 'SHY': 0.2250000000000001}",0.0
1655769600000,2022-06-21,410192.9643813497,"{'TLT': 0.45, 'IEF': 0.25, 'GLD': 0.075, 'SHY': 0.2250000000000001}",0.0
1655856000000,2022-06-22,416957.0209262011,"{'TLT': 0.45, 'IEF': 0.25, 'GLD': 0.075, 'SHY': 0.2250000000000001}",0.0
1655942400000,2022-06-23,418974.8753116162,"{'TLT': 0.45, 'IEF': 0.25, 'GLD': 0.075, 'SHY': 0.2250000000000001}",0.0
1656028800000,2022-06-24,415939.2894755324,"{'TLT': 0.45, 'IEF': 0.25, 'GLD': 0.075, 'SHY': 0.2250000000000001}",0.0
1656288000000,2022-06-27,413620.3188025356,"{'TLT': 0.45, 'IEF': 0.25, 'GLD': 0.075, 'SHY': 0.2250000000000001}",0.0
1656374400000,2022-06-28,414547.4648778681,"{'TLT': 0.45, 'IEF': 0.25, 'GLD': 0.075, 'SHY': 0.2250000000000001}",0.0
1656460800000,2022-06-29,418381.905196613,"{'TLT': 0.45, 'IEF': 0.25, 'GLD': 0.075, 'SHY': 0.2250000000000001}",0.0
1656547200000,2022-06-30,420823.81616861135,"{'TLT': 0.45, 'IEF': 0.25, 'GLD': 0.05910158567058882, 'SHY': 0.24089841432941128}",0.0
1656633600000,2022-07-01,424180.37786037126,"{'TLT': 0.45, 'IEF': 0.25, 'GLD': 0.05910158567058882, 'SHY': 0.24089841432941128}",0.0
1656979200000,2022-07-05,425526.473347207,"{'TLT': 0.45, 'IEF': 0.25, 'GLD': 0.05910158567058882, 'SHY': 0.24089841432941128}",0.0
1657065600000,2022-07-06,420725.0972859342,"{'TLT': 0.45, 'IEF': 0.25, 'GLD': 0.05910158567058882, 'SHY': 0.24089841432941128}",0.0
1657152000000,2022-07-07,418354.21445786516,"{'TLT': 0.45, 'IEF': 0.25, 'GLD': 0.05910158567058882, 'SHY': 0.24089841432941128}",0.0
1657238400000,2022-07-08,415522.89001141564,"{'TLT': 0.45, 'IEF': 0.25, 'GLD': 0.05910158567058882, 'SHY': 0.24089841432941128}",0.0
1657497600000,2022-07-11,419470.8725286456,"{'TLT': 0.45, 'IEF': 0.25, 'GLD': 0.05910158567058882, 'SHY': 0.24089841432941128}",0.0
1657584000000,2022-07-12,420795.3152228119,"{'TLT': 0.45, 'IEF': 0.25, 'GLD': 0.05910158567058882, 'SHY': 0.24089841432941128}",0.0
1657670400000,2022-07-13,423426.7253561546,"{'TLT': 0.45, 'IEF': 0.25, 'GLD': 0.05910158567058882, 'SHY': 0.24089841432941128}",0.0
1657756800000,2022-07-14,420897.50416600966,"{'TLT': 0.45, 'IEF': 0.25, 'GLD': 0.05910158567058882, 'SHY': 0.24089841432941128}",0.0
1657843200000,2022-07-15,422347.04160224483,"{'TLT': 0.45, 'IEF': 0.25, 'GLD': 0.05910158567058882, 'SHY': 0.24089841432941128}",0.0
1658102400000,2022-07-18,420020.5326311517,"{'TLT': 0.45, 'IEF': 0.25, 'GLD': 0.05910158567058882, 'SHY': 0.24089841432941128}",0.0
1658188800000,2022-07-19,418468.095354347,"{'TLT': 0.45, 'IEF': 0.25, 'GLD': 0.05910158567058882, 'SHY': 0.24089841432941128}",0.0
1658275200000,2022-07-20,418614.8809804734,"{'TLT': 0.45, 'IEF': 0.25, 'GLD': 0.05910158567058882, 'SHY': 0.24089841432941128}",0.0
1658361600000,2022-07-21,423691.3369823057,"{'TLT': 0.45, 'IEF': 0.25, 'GLD': 0.05910158567058882, 'SHY': 0.24089841432941128}",0.0
1658448000000,2022-07-22,428431.4924644176,"{'TLT': 0.45, 'IEF': 0.25, 'GLD': 0.05910158567058882, 'SHY': 0.24089841432941128}",0.0
1658707200000,2022-07-25,426008.2916456225,"{'TLT': 0.45, 'IEF': 0.25, 'GLD': 0.05910158567058882, 'SHY': 0.24089841432941128}",0.0
1658793600000,2022-07-26,426116.8672560984,"{'TLT': 0.45, 'IEF': 0.25, 'GLD': 0.05910158567058882, 'SHY': 0.24089841432941128}",0.0
1658880000000,2022-07-27,425672.64095846744,"{'TLT': 0.45, 'IEF': 0.25, 'GLD': 0.05910158567058882, 'SHY': 0.24089841432941128}",0.0
1658966400000,2022-07-28,428779.79664737877,"{'TLT': 0.45, 'IEF': 0.25, 'GLD': 0.05910158567058882, 'SHY': 0.24089841432941128}",0.0
1659052800000,2022-07-29,428354.65592887404,"{'TLT': 0.45, 'IEF': 0.25, 'GLD': 0.059772274007448986, 'SHY': 0.240227725992551}",0.0
1659312000000,2022-08-01,433765.98048036115,"{'TLT': 0.45, 'IEF': 0.25, 'GLD': 0.059772274007448986, 'SHY': 0.240227725992551}",0.0
1659398400000,2022-08-02,427618.26850441896,"{'TLT': 0.45, 'IEF': 0.25, 'GLD': 0.059772274007448986, 'SHY': 0.240227725992551}",0.0
1659484800000,2022-08-03,431188.9283038919,"{'TLT': 0.45, 'IEF': 0.25, 'GLD': 0.059772274007448986, 'SHY': 0.240227725992551}",0.0
1659571200000,2022-08-04,432234.32780076924,"{'TLT': 0.45, 'IEF': 0.25, 'GLD': 0.059772274007448986, 'SHY': 0.240227725992551}",0.0
1659657600000,2022-08-05,425324.71625288355,"{'TLT': 0.45, 'IEF': 0.25, 'GLD': 0.059772274007448986, 'SHY': 0.240227725992551}",0.0
1659916800000,2022-08-08,429354.87092319434,"{'TLT': 0.45, 'IEF': 0.25, 'GLD': 0.059772274007448986, 'SHY': 0.240227725992551}",0.0
1660003200000,2022-08-09,428263.01188376424,"{'TLT': 0.45, 'IEF': 0.25, 'GLD': 0.059772274007448986, 'SHY': 0.240227725992551}",0.0
1660089600000,2022-08-10,427101.6479313317,"{'TLT': 0.45, 'IEF': 0.25, 'GLD': 0.059772274007448986, 'SHY': 0.240227725992551}",0.0
1660176000000,2022-08-11,421808.1240659522,"{'TLT': 0.45, 'IEF': 0.25, 'GLD': 0.059772274007448986, 'SHY': 0.240227725992551}",0.0
1660262400000,2022-08-12,424408.30498193327,"{'TLT': 0.45, 'IEF': 0.25, 'GLD': 0.059772274007448986, 'SHY': 0.240227725992551}",0.0
1660521600000,2022-08-15,424340.7711530791,"{'TLT': 0.45, 'IEF': 0.25, 'GLD': 0.059772274007448986, 'SHY': 0.240227725992551}",0.0
1660608000000,2022-08-16,424881.53559166036,"{'TLT': 0.45, 'IEF': 0.25, 'GLD': 0.059772274007448986, 'SHY': 0.240227725992551}",0.0
1660694400000,2022-08-17,421919.2391952579,"{'TLT': 0.45, 'IEF': 0.25, 'GLD': 0.059772274007448986, 'SHY': 0.240227725992551}",0.0
1660780800000,2022-08-18,422486.6249011226,"{'TLT': 0.45, 'IEF': 0.25, 'GLD': 0.059772274007448986, 'SHY': 0.240227725992551}",0.0
1660867200000,2022-08-19,418257.2675501575,"{'TLT': 0.45, 'IEF': 0.25, 'GLD': 0.059772274007448986, 'SHY': 0.240227725992551}",0.0
1661126400000,2022-08-22,416865.56825894065,"{'TLT': 0.45, 'IEF': 0.25, 'GLD': 0.059772274007448986, 'SHY': 0.240227725992551}",0.0
1661212800000,2022-08-23,415800.65591912996,"{'TLT': 0.45, 'IEF': 0.25, 'GLD': 0.059772274007448986, 'SHY': 0.240227725992551}",0.0
1661299200000,2022-08-24,414048.28037993476,"{'TLT': 0.45, 'IEF': 0.25, 'GLD': 0.059772274007448986, 'SHY': 0.240227725992551}",0.0
1661385600000,2022-08-25,417444.2834305066,"{'TLT': 0.45, 'IEF': 0.25, 'GLD': 0.059772274007448986, 'SHY': 0.240227725992551}",0.0
1661472000000,2022-08-26,418410.0277143423,"{'TLT': 0.45, 'IEF': 0.25, 'GLD': 0.059772274007448986, 'SHY': 0.240227725992551}",0.0
1661731200000,2022-08-29,416199.59442199516,"{'TLT': 0.45, 'IEF': 0.25, 'GLD': 0.059772274007448986, 'SHY': 0.240227725992551}",0.0
1661817600000,2022-08-30,416378.13560416974,"{'TLT': 0.45, 'IEF': 0.25, 'GLD': 0.059772274007448986, 'SHY': 0.240227725992551}",0.0
1661904000000,2022-08-31,413950.8054102486,"{'TLT': 0.45, 'IEF': 0.25, 'GLD': 0.060171596062136484, 'SHY': 0.2398284039378635}",0.0
1661990400000,2022-09-01,409426.23637718725,"{'TLT': 0.45, 'IEF': 0.25, 'GLD': 0.060171596062136484, 'SHY': 0.2398284039378635}",0.0
1662076800000,2022-09-02,411474.0455231936,"{'TLT': 0.45, 'IEF': 0.25, 'GLD': 0.060171596062136484, 'SHY': 0.2398284039378635}",0.0
1662422400000,2022-09-06,405381.20463530725,"{'TLT': 0.45, 'IEF': 0.25, 'GLD': 0.060171596062136484, 'SHY': 0.2398284039378635}",0.0
1662508800000,2022-09-07,409319.2115995875,"{'TLT': 0.45, 'IEF': 0.25, 'GLD': 0.060171596062136484, 'SHY': 0.2398284039378635}",0.0
1662595200000,2022-09-08,406784.1897900508,"{'TLT': 0.45, 'IEF': 0.25, 'GLD': 0.060171596062136484, 'SHY': 0.2398284039378635}",0.0
1662681600000,2022-09-09,407247.1350334362,"{'TLT': 0.45, 'IEF': 0.25, 'GLD': 0.060171596062136484, 'SHY': 0.2398284039378635}",0.0
1662940800000,2022-09-12,405608.45211225003,"{'TLT': 0.45, 'IEF': 0.25, 'GLD': 0.060171596062136484, 'SHY': 0.2398284039378635}",0.0
1663027200000,2022-09-13,404812.7904860884,"{'TLT': 0.45, 'IEF': 0.25, 'GLD': 0.060171596062136484, 'SHY': 0.2398284039378635}",0.0
1663113600000,2022-09-14,405313.1848597055,"{'TLT': 0.45, 'IEF': 0.25, 'GLD': 0.060171596062136484, 'SHY': 0.2398284039378635}",0.0
1663200000000,2022-09-15,404284.1646242328,"{'TLT': 0.45, 'IEF': 0.25, 'GLD': 0.060171596062136484, 'SHY': 0.2398284039378635}",0.0
1663286400000,2022-09-16,403032.1274809672,"{'TLT': 0.45, 'IEF': 0.25, 'GLD': 0.060171596062136484, 'SHY': 0.2398284039378635}",0.0
1663545600000,2022-09-19,403081.8865479347,"{'TLT': 0.45, 'IEF': 0.25, 'GLD': 0.060171596062136484, 'SHY': 0.2398284039378635}",0.0
1663632000000,2022-09-20,400462.9914828403,"{'TLT': 0.45, 'IEF': 0.25, 'GLD': 0.060171596062136484, 'SHY': 0.2398284039378635}",0.0
1663718400000,2022-09-21,403910.6792009943,"{'TLT': 0.45, 'IEF': 0.25, 'GLD': 0.060171596062136484, 'SHY': 0.2398284039378635}",0.0
1663804800000,2022-09-22,397552.42210815573,"{'TLT': 0.45, 'IEF': 0.25, 'GLD': 0.060171596062136484, 'SHY': 0.2398284039378635}",0.0
1663891200000,2022-09-23,397875.9163189154,"{'TLT': 0.45, 'IEF': 0.25, 'GLD': 0.060171596062136484, 'SHY': 0.2398284039378635}",0.0
1664150400000,2022-09-26,392310.31696987455,"{'TLT': 0.45, 'IEF': 0.25, 'GLD': 0.060171596062136484, 'SHY': 0.2398284039378635}",0.0
1664236800000,2022-09-27,387040.6356330843,"{'TLT': 0.45, 'IEF': 0.25, 'GLD': 0.060171596062136484, 'SHY': 0.2398284039378635}",0.0
1664323200000,2022-09-28,395936.6464603577,"{'TLT': 0.45, 'IEF': 0.25, 'GLD': 0.060171596062136484, 'SHY': 0.2398284039378635}",0.0
1664409600000,2022-09-29,394420.8514752687,"{'TLT': 0.45, 'IEF': 0.25, 'GLD': 0.060171596062136484, 'SHY': 0.2398284039378635}",0.0
1664496000000,2022-09-30,391792.90278580424,"{'TLT': 0.45, 'IEF': 0.25, 'GLD': 0.05932761655143075, 'SHY': 0.24067238344856934}",0.0
1664755200000,2022-10-03,396528.9091555894,"{'TLT': 0.45, 'IEF': 0.25, 'GLD': 0.05932761655143075, 'SHY': 0.24067238344856934}",0.0
1664841600000,2022-10-04,396607.31014858617,"{'TLT': 0.45, 'IEF': 0.25, 'GLD': 0.05932761655143075, 'SHY': 0.24067238344856934}",0.0
1664928000000,2022-10-05,393737.5238138813,"{'TLT': 0.45, 'IEF': 0.25, 'GLD': 0.05932761655143075, 'SHY': 0.24067238344856934}",0.0
1665014400000,2022-10-06,392067.5159479744,"{'TLT': 0.45, 'IEF': 0.25, 'GLD': 0.05932761655143075, 'SHY': 0.24067238344856934}",0.0
1665100800000,2022-10-07,389502.07510258636,"{'TLT': 0.45, 'IEF': 0.25, 'GLD': 0.05932761655143075, 'SHY': 0.24067238344856934}",0.0
1665360000000,2022-10-10,385818.438031649,"{'TLT': 0.45, 'IEF': 0.25, 'GLD': 0.05932761655143075, 'SHY': 0.24067238344856934}",0.0
1665446400000,2022-10-11,386830.2615328835,"{'TLT': 0.45, 'IEF': 0.25, 'GLD': 0.05932761655143075, 'SHY': 0.24067238344856934}",0.0
1665532800000,2022-10-12,388214.88658246945,"{'TLT': 0.45, 'IEF': 0.25, 'GLD': 0.05932761655143075, 'SHY': 0.24067238344856934}",0.0
1665619200000,2022-10-13,385700.024266083,"{'TLT': 0.45, 'IEF': 0.25, 'GLD': 0.05932761655143075, 'SHY': 0.24067238344856934}",0.0
1665705600000,2022-10-14,383398.03264254134,"{'TLT': 0.45, 'IEF': 0.25, 'GLD': 0.05932761655143075, 'SHY': 0.24067238344856934}",0.0
1665964800000,2022-10-17,382827.7624382191,"{'TLT': 0.45, 'IEF': 0.25, 'GLD': 0.05932761655143075, 'SHY': 0.24067238344856934}",0.0
1666051200000,2022-10-18,383569.39113272127,"{'TLT': 0.45, 'IEF': 0.25, 'GLD': 0.05932761655143075, 'SHY': 0.24067238344856934}",0.0
1666137600000,2022-10-19,378947.66292036587,"{'TLT': 0.45, 'IEF': 0.25, 'GLD': 0.05932761655143075, 'SHY': 0.24067238344856934}",0.0
1666224000000,2022-10-20,375187.5216817376,"{'TLT': 0.45, 'IEF': 0.25, 'GLD': 0.05932761655143075, 'SHY': 0.24067238344856934}",0.0
1666310400000,2022-10-21,372988.26667534735,"{'TLT': 0.45, 'IEF': 0.25, 'GLD': 0.05932761655143075, 'SHY': 0.24067238344856934}",0.0
1666569600000,2022-10-24,371387.0928075244,"{'TLT': 0.45, 'IEF': 0.25, 'GLD': 0.05932761655143075, 'SHY': 0.24067238344856934}",0.0
1666656000000,2022-10-25,377548.86241633265,"{'TLT': 0.45, 'IEF': 0.25, 'GLD': 0.05932761655143075, 'SHY': 0.24067238344856934}",0.0
1666742400000,2022-10-26,380698.7302817697,"{'TLT': 0.45, 'IEF': 0.25, 'GLD': 0.05932761655143075, 'SHY': 0.24067238344856934}",0.0
1666828800000,2022-10-27,383323.3752731834,"{'TLT': 0.45, 'IEF': 0.25, 'GLD': 0.05932761655143075, 'SHY': 0.24067238344856934}",0.0
1666915200000,2022-10-28,381276.6223627216,"{'TLT': 0.45, 'IEF': 0.25, 'GLD': 0.05932761655143075, 'SHY': 0.24067238344856934}",0.0
1667174400000,2022-10-31,379300.1211142584,"{'TLT': 0.45, 'IEF': 0.25, 'GLD': 0.061643682520463004, 'SHY': 0.238356317479537}",0.0
1667260800000,2022-11-01,381028.53173243516,"{'TLT': 0.45, 'IEF': 0.25, 'GLD': 0.061643682520463004, 'SHY': 0.238356317479537}",0.0
1667347200000,2022-11-02,379913.7523777086,"{'TLT': 0.45, 'IEF': 0.25, 'GLD': 0.061643682520463004, 'SHY': 0.238356317479537}",0.0
1667433600000,2022-11-03,378319.5292074919,"{'TLT': 0.45, 'IEF': 0.25, 'GLD': 0.061643682520463004, 'SHY': 0.238356317479537}",0.0
1667520000000,2022-11-04,376073.898434773,"{'TLT': 0.45, 'IEF': 0.25, 'GLD': 0.061643682520463004, 'SHY': 0.238356317479537}",0.0
1667779200000,2022-11-07,373883.7747016194,"{'TLT': 0.45, 'IEF': 0.25, 'GLD': 0.061643682520463004, 'SHY': 0.238356317479537}",0.0
1667865600000,2022-11-08,376966.89486642287,"{'TLT': 0.45, 'IEF': 0.25, 'GLD': 0.061643682520463004, 'SHY': 0.238356317479537}",0.0
1667952000000,2022-11-09,377874.52968243766,"{'TLT': 0.45, 'IEF': 0.25, 'GLD': 0.061643682520463004, 'SHY': 0.238356317479537}",0.0
1668038400000,2022-11-10,387736.0156963433,"{'TLT': 0.45, 'IEF': 0.25, 'GLD': 0.061643682520463004, 'SHY': 0.238356317479537}",0.0
1668124800000,2022-11-11,387030.24889998895,"{'TLT': 0.45, 'IEF': 0.25, 'GLD': 0.061643682520463004, 'SHY': 0.238356317479537}",0.0
1668384000000,2022-11-14,386344.0186711237,"{'TLT': 0.45, 'IEF': 0.25, 'GLD': 0.061643682520463004, 'SHY': 0.238356317479537}",0.0
1668470400000,2022-11-15,390048.0570228644,"{'TLT': 0.45, 'IEF': 0.25, 'GLD': 0.061643682520463004, 'SHY': 0.238356317479537}",0.0
1668556800000,2022-11-16,394560.638481721,"{'TLT': 0.45, 'IEF': 0.25, 'GLD': 0.061643682520463004, 'SHY': 0.238356317479537}",0.0
1668643200000,2022-11-17,391724.3250081703,"{'TLT': 0.45, 'IEF': 0.25, 'GLD': 0.061643682520463004, 'SHY': 0.238356317479537}",0.0
1668729600000,2022-11-18,389896.84658243554,"{'TLT': 0.45, 'IEF': 0.25, 'GLD': 0.061643682520463004, 'SHY': 0.238356317479537}",0.0
1668988800000,2022-11-21,390418.35709086695,"{'TLT': 0.45, 'IEF': 0.25, 'GLD': 0.061643682520463004, 'SHY': 0.238356317479537}",0.0
1669075200000,2022-11-22,393567.56153185165,"{'TLT': 0.45, 'IEF': 0.25, 'GLD': 0.061643682520463004, 'SHY': 0.238356317479537}",0.0
1669161600000,2022-11-23,397418.22319677944,"{'TLT': 0.45, 'IEF': 0.25, 'GLD': 0.061643682520463004, 'SHY': 0.238356317479537}",0.0
1669334400000,2022-11-25,396814.03341776994,"{'TLT': 0.45, 'IEF': 0.25, 'GLD': 0.061643682520463004, 'SHY': 0.238356317479537}",0.0
1669593600000,2022-11-28,397188.1298064844,"{'TLT': 0.45, 'IEF': 0.25, 'GLD': 0.061643682520463004, 'SHY': 0.238356317479537}",0.0
1669680000000,2022-11-29,394759.23651072563,"{'TLT': 0.45, 'IEF': 0.25, 'GLD': 0.061643682520463004, 'SHY': 0.238356317479537}",0.0
1669766400000,2022-11-30,397540.39044515346,"{'TLT': 0.45, 'IEF': 0.25, 'GLD': 0.05653446213994495, 'SHY': 0.24346553786005504}",0.0
1669852800000,2022-12-01,404962.4700967674,"{'TLT': 0.45, 'IEF': 0.25, 'GLD': 0.05653446213994495, 'SHY': 0.24346553786005504}",0.0
1669939200000,2022-12-02,407356.3755857818,"{'TLT': 0.45, 'IEF': 0.25, 'GLD': 0.05653446213994495, 'SHY': 0.24346553786005504}",0.0
1670198400000,2022-12-05,403081.3572310534,"{'TLT': 0.45, 'IEF': 0.25, 'GLD': 0.05653446213994495, 'SHY': 0.24346553786005504}",0.0
1670284800000,2022-12-06,406207.8104540716,"{'TLT': 0.45, 'IEF': 0.25, 'GLD': 0.05653446213994495, 'SHY': 0.24346553786005504}",0.0
1670371200000,2022-12-07,411818.00262619153,"{'TLT': 0.45, 'IEF': 0.25, 'GLD': 0.05653446213994495, 'SHY': 0.24346553786005504}",0.0
1670457600000,2022-12-08,410649.68018493924,"{'TLT': 0.45, 'IEF': 0.25, 'GLD': 0.05653446213994495, 'SHY': 0.24346553786005504}",0.0
1670544000000,2022-12-09,405115.3370295328,"{'TLT': 0.45, 'IEF': 0.25, 'GLD': 0.05653446213994495, 'SHY': 0.24346553786005504}",0.0
1670803200000,2022-12-12,405303.47393726336,"{'TLT': 0.45, 'IEF': 0.25, 'GLD': 0.05653446213994495, 'SHY': 0.24346553786005504}",0.0
1670889600000,2022-12-13,408659.99328349053,"{'TLT': 0.45, 'IEF': 0.25, 'GLD': 0.05653446213994495, 'SHY': 0.24346553786005504}",0.0
1670976000000,2022-12-14,409681.2143906593,"{'TLT': 0.45, 'IEF': 0.25, 'GLD': 0.05653446213994495, 'SHY': 0.24346553786005504}",0.0
1671062400000,2022-12-15,410234.44784880854,"{'TLT': 0.45, 'IEF': 0.25, 'GLD': 0.05653446213994495, 'SHY': 0.24346553786005504}",0.0
1671148800000,2022-12-16,408213.0924571429,"{'TLT': 0.45, 'IEF': 0.25, 'GLD': 0.05653446213994495, 'SHY': 0.24346553786005504}",0.0
1671408000000,2022-12-19,404111.08050164185,"{'TLT': 0.45, 'IEF': 0.25, 'GLD': 0.05653446213994495, 'SHY': 0.24346553786005504}",0.0
1671494400000,2022-12-20,400527.712641708,"{'TLT': 0.45, 'IEF': 0.25, 'GLD': 0.05653446213994495, 'SHY': 0.24346553786005504}",0.0
1671580800000,2022-12-21,401162.8735779652,"{'TLT': 0.45, 'IEF': 0.25, 'GLD': 0.05653446213994495, 'SHY': 0.24346553786005504}",0.0
1671667200000,2022-12-22,400763.0306641932,"{'TLT': 0.45, 'IEF': 0.25, 'GLD': 0.05653446213994495, 'SHY': 0.24346553786005504}",0.0
1671753600000,2022-12-23,397685.4963122565,"{'TLT': 0.45, 'IEF': 0.25, 'GLD': 0.05653446213994495, 'SHY': 0.24346553786005504}",0.0
1672099200000,2022-12-27,393373.1505686523,"{'TLT': 0.45, 'IEF': 0.25, 'GLD': 0.05653446213994495, 'SHY': 0.24346553786005504}",0.0
1672185600000,2022-12-28,391994.2324113824,"{'TLT': 0.45, 'IEF': 0.25, 'GLD': 0.05653446213994495, 'SHY': 0.24346553786005504}",0.0
1672272000000,2022-12-29,394672.3642403319,"{'TLT': 0.45, 'IEF': 0.25, 'GLD': 0.05653446213994495, 'SHY': 0.24346553786005504}",0.0
1672358400000,2022-12-30,392271.8587488761,"{'TLT': 0.45, 'IEF': 0.25, 'GLD': 0.05797603768444094, 'SHY': 0.24202396231555906}",0.0
1672704000000,2023-01-03,396680.7973925149,"{'TLT': 0.45, 'IEF': 0.25, 'GLD': 0.05797603768444094, 'SHY': 0.24202396231555906}",0.0
1672790400000,2023-01-04,400197.56881589675,"{'TLT': 0.45, 'IEF': 0.25, 'GLD': 0.05797603768444094, 'SHY': 0.24202396231555906}",0.0
1672876800000,2023-01-05,400386.5948823439,"{'TLT': 0.45, 'IEF': 0.25, 'GLD': 0.05797603768444094, 'SHY': 0.24202396231555906}",0.0
1672963200000,2023-01-06,405793.554015353,"{'TLT': 0.45, 'IEF': 0.25, 'GLD': 0.05797603768444094, 'SHY': 0.24202396231555906}",0.0
1673222400000,2023-01-09,407172.7964358479,"{'TLT': 0.45, 'IEF': 0.25, 'GLD': 0.05797603768444094, 'SHY': 0.24202396231555906}",0.0
1673308800000,2023-01-10,403502.6399181776,"{'TLT': 0.45, 'IEF': 0.25, 'GLD': 0.05797603768444094, 'SHY': 0.24202396231555906}",0.0
1673395200000,2023-01-11,407169.8042397623,"{'TLT': 0.45, 'IEF': 0.25, 'GLD': 0.05797603768444094, 'SHY': 0.24202396231555906}",0.0
1673481600000,2023-01-12,412174.6121156607,"{'TLT': 0.45, 'IEF': 0.25, 'GLD': 0.05797603768444094, 'SHY': 0.24202396231555906}",0.0
1673568000000,2023-01-13,410003.4699010129,"{'TLT': 0.45, 'IEF': 0.25, 'GLD': 0.05797603768444094, 'SHY': 0.24202396231555906}",0.0
1673913600000,2023-01-17,408395.08991054876,"{'TLT': 0.45, 'IEF': 0.25, 'GLD': 0.05797603768444094, 'SHY': 0.24202396231555906}",0.0
1674000000000,2023-01-18,414384.45457377605,"{'TLT': 0.45, 'IEF': 0.25, 'GLD': 0.05797603768444094, 'SHY': 0.24202396231555906}",0.0
1674086400000,2023-01-19,413377.1670391215,"{'TLT': 0.45, 'IEF': 0.25, 'GLD': 0.05797603768444094, 'SHY': 0.24202396231555906}",0.0
1674172800000,2023-01-20,409512.9143810994,"{'TLT': 0.45, 'IEF': 0.25, 'GLD': 0.05797603768444094, 'SHY': 0.24202396231555906}",0.0
1674432000000,2023-01-23,408262.88912564644,"{'TLT': 0.45, 'IEF': 0.25, 'GLD': 0.05797603768444094, 'SHY': 0.24202396231555906}",0.0
1674518400000,2023-01-24,411615.33703831007,"{'TLT': 0.45, 'IEF': 0.25, 'GLD': 0.05797603768444094, 'SHY': 0.24202396231555906}",0.0
1674604800000,2023-01-25,412349.2422039543,"{'TLT': 0.45, 'IEF': 0.25, 'GLD': 0.05797603768444094, 'SHY': 0.24202396231555906}",0.0
1674691200000,2023-01-26,410835.6450572012,"{'TLT': 0.45, 'IEF': 0.25, 'GLD': 0.05797603768444094, 'SHY': 0.24202396231555906}",0.0
1674777600000,2023-01-27,410180.46932199126,"{'TLT': 0.45, 'IEF': 0.25, 'GLD': 0.05797603768444094, 'SHY': 0.24202396231555906}",0.0
1675036800000,2023-01-30,409026.68366998853,"{'TLT': 0.45, 'IEF': 0.25, 'GLD': 0.05797603768444094, 'SHY': 0.24202396231555906}",0.0
1675123200000,2023-01-31,411260.7453201808,"{'TLT': 0.45, 'IEF': 0.25, 'GLD': 0.11503835401453183, 'SHY': 0.18496164598546816}",0.0
1675209600000,2023-02-01,414953.19946069893,"{'TLT': 0.45, 'IEF': 0.25, 'GLD': 0.11503835401453183, 'SHY': 0.18496164598546816}",0.0
1675296000000,2023-02-02,414171.9720721733,"{'TLT': 0.45, 'IEF': 0.25, 'GLD': 0.11503835401453183, 'SHY': 0.18496164598546816}",0.0
1675382400000,2023-02-03,408802.96287883294,"{'TLT': 0.45, 'IEF': 0.25, 'GLD': 0.11503835401453183, 'SHY': 0.18496164598546816}",0.0
1675641600000,2023-02-06,406444.07265758846,"{'TLT': 0.45, 'IEF': 0.25, 'GLD': 0.11503835401453183, 'SHY': 0.18496164598546816}",0.0
1675728000000,2023-02-07,404806.7579658462,"{'TLT': 0.45, 'IEF': 0.25, 'GLD': 0.11503835401453183, 'SHY': 0.18496164598546816}",0.0
1675814400000,2023-02-08,406190.03396205814,"{'TLT': 0.45, 'IEF': 0.25, 'GLD': 0.11503835401453183, 'SHY': 0.18496164598546816}",0.0
1675900800000,2023-02-09,403576.7804906137,"{'TLT': 0.45, 'IEF': 0.25, 'GLD': 0.11503835401453183, 'SHY': 0.18496164598546816}",0.0
1675987200000,2023-02-10,401109.70504814864,"{'TLT': 0.45, 'IEF': 0.25, 'GLD': 0.11503835401453183, 'SHY': 0.18496164598546816}",0.0
1676246400000,2023-02-13,402650.4884708587,"{'TLT': 0.45, 'IEF': 0.25, 'GLD': 0.11503835401453183, 'SHY': 0.18496164598546816}",0.0
1676332800000,2023-02-14,401656.8173508535,"{'TLT': 0.45, 'IEF': 0.25, 'GLD': 0.11503835401453183, 'SHY': 0.18496164598546816}",0.0
1676419200000,2023-02-15,399218.9907017418,"{'TLT': 0.45, 'IEF': 0.25, 'GLD': 0.11503835401453183, 'SHY': 0.18496164598546816}",0.0
1676505600000,2023-02-16,396314.2324919875,"{'TLT': 0.45, 'IEF': 0.25, 'GLD': 0.11503835401453183, 'SHY': 0.18496164598546816}",0.0
1676592000000,2023-02-17,398178.76294852496,"{'TLT': 0.45, 'IEF': 0.25, 'GLD': 0.11503835401453183, 'SHY': 0.18496164598546816}",0.0
1676937600000,2023-02-21,393295.4802095882,"{'TLT': 0.45, 'IEF': 0.25, 'GLD': 0.11503835401453183, 'SHY': 0.18496164598546816}",0.0
1677024000000,2023-02-22,394873.91395047057,"{'TLT': 0.45, 'IEF': 0.25, 'GLD': 0.11503835401453183, 'SHY': 0.18496164598546816}",0.0
1677110400000,2023-02-23,397013.72783639975,"{'TLT': 0.45, 'IEF': 0.25, 'GLD': 0.11503835401453183, 'SHY': 0.18496164598546816}",0.0
1677196800000,2023-02-24,393608.2650253673,"{'TLT': 0.45, 'IEF': 0.25, 'GLD': 0.11503835401453183, 'SHY': 0.18496164598546816}",0.0
1677456000000,2023-02-27,394639.2734356073,"{'TLT': 0.45, 'IEF': 0.25, 'GLD': 0.11503835401453183, 'SHY': 0.18496164598546816}",0.0
1677542400000,2023-02-28,395768.4695139697,"{'TLT': 0.45, 'IEF': 0.25, 'GLD': 0.061337453406477456, 'SHY': 0.23866254659352254}",0.0
1677628800000,2023-03-01,393031.31863180967,"{'TLT': 0.45, 'IEF': 0.25, 'GLD': 0.061337453406477456, 'SHY': 0.23866254659352254}",0.0
1677715200000,2023-03-02,391079.5484154766,"{'TLT': 0.45, 'IEF': 0.25, 'GLD': 0.061337453406477456, 'SHY': 0.23866254659352254}",0.0
1677801600000,2023-03-03,396445.04615496896,"{'TLT': 0.45, 'IEF': 0.25, 'GLD': 0.061337453406477456, 'SHY': 0.23866254659352254}",0.0
1678060800000,2023-03-06,394715.2681844049,"{'TLT': 0.45, 'IEF': 0.25, 'GLD': 0.061337453406477456, 'SHY': 0.23866254659352254}",0.0
1678147200000,2023-03-07,395193.3448745512,"{'TLT': 0.45, 'IEF': 0.25, 'GLD': 0.061337453406477456, 'SHY': 0.23866254659352254}",0.0
1678233600000,2023-03-08,395278.62149577145,"{'TLT': 0.45, 'IEF': 0.25, 'GLD': 0.061337453406477456, 'SHY': 0.23866254659352254}",0.0
1678320000000,2023-03-09,396872.64516634215,"{'TLT': 0.45, 'IEF': 0.25, 'GLD': 0.061337453406477456, 'SHY': 0.23866254659352254}",0.0
1678406400000,2023-03-10,405899.76492665114,"{'TLT': 0.45, 'IEF': 0.25, 'GLD': 0.061337453406477456, 'SHY': 0.23866254659352254}",0.0
1678665600000,2023-03-13,409082.7528055623,"{'TLT': 0.45, 'IEF': 0.25, 'GLD': 0.061337453406477456, 'SHY': 0.23866254659352254}",0.0
1678752000000,2023-03-14,404576.2832782565,"{'TLT': 0.45, 'IEF': 0.25, 'GLD': 0.061337453406477456, 'SHY': 0.23866254659352254}",0.0
1678838400000,2023-03-15,410314.16881427844,"{'TLT': 0.45, 'IEF': 0.25, 'GLD': 0.061337453406477456, 'SHY': 0.23866254659352254}",0.0
1678924800000,2023-03-16,407605.2305533987,"{'TLT': 0.45, 'IEF': 0.25, 'GLD': 0.061337453406477456, 'SHY': 0.23866254659352254}",0.0
1679011200000,2023-03-17,412778.4093802931,"{'TLT': 0.45, 'IEF': 0.25, 'GLD': 0.061337453406477456, 'SHY': 0.23866254659352254}",0.0
1679270400000,2023-03-20,410618.3413737242,"{'TLT': 0.45, 'IEF': 0.25, 'GLD': 0.061337453406477456, 'SHY': 0.23866254659352254}",0.0
1679356800000,2023-03-21,407292.6093802143,"{'TLT': 0.45, 'IEF': 0.25, 'GLD': 0.061337453406477456, 'SHY': 0.23866254659352254}",0.0
1679443200000,2023-03-22,411953.07905113185,"{'TLT': 0.45, 'IEF': 0.25, 'GLD': 0.061337453406477456, 'SHY': 0.23866254659352254}",0.0
1679529600000,2023-03-23,413148.0940966976,"{'TLT': 0.45, 'IEF': 0.25, 'GLD': 0.061337453406477456, 'SHY': 0.23866254659352254}",0.0
1679616000000,2023-03-24,413728.0796879497,"{'TLT': 0.45, 'IEF': 0.25, 'GLD': 0.061337453406477456, 'SHY': 0.23866254659352254}",0.0
1679875200000,2023-03-27,407427.26693864097,"{'TLT': 0.45, 'IEF': 0.25, 'GLD': 0.061337453406477456, 'SHY': 0.23866254659352254}",0.0
1679961600000,2023-03-28,407797.40327674913,"{'TLT': 0.45, 'IEF': 0.25, 'GLD': 0.061337453406477456, 'SHY': 0.23866254659352254}",0.0
1680048000000,2023-03-29,407093.26340228255,"{'TLT': 0.45, 'IEF': 0.25, 'GLD': 0.061337453406477456, 'SHY': 0.23866254659352254}",0.0
1680134400000,2023-03-30,408328.7153876825,"{'TLT': 0.45, 'IEF': 0.25, 'GLD': 0.061337453406477456, 'SHY': 0.23866254659352254}",0.0
1680220800000,2023-03-31,411605.289460697,"{'TLT': 0.45, 'IEF': 0.25, 'GLD': 0.1187187855714899, 'SHY': 0.18128121442851008}",0.0
1680480000000,2023-04-03,413404.2194420463,"{'TLT': 0.45, 'IEF': 0.25, 'GLD': 0.1187187855714899, 'SHY': 0.18128121442851008}",0.0
1680566400000,2023-04-04,416082.9990021384,"{'TLT': 0.45, 'IEF': 0.25, 'GLD': 0.1187187855714899, 'SHY': 0.18128121442851008}",0.0
1680652800000,2023-04-05,418538.619806757,"{'TLT': 0.45, 'IEF': 0.25, 'GLD': 0.1187187855714899, 'SHY': 0.18128121442851008}",0.0
1680739200000,2023-04-06,418674.9601959731,"{'TLT': 0.45, 'IEF': 0.25, 'GLD': 0.1187187855714899, 'SHY': 0.18128121442851008}",0.0
1681084800000,2023-04-10,413970.684174592,"{'TLT': 0.45, 'IEF': 0.25, 'GLD': 0.1187187855714899, 'SHY': 0.18128121442851008}",0.0
1681171200000,2023-04-11,414614.3869741496,"{'TLT': 0.45, 'IEF': 0.25, 'GLD': 0.1187187855714899, 'SHY': 0.18128121442851008}",0.0
1681257600000,2023-04-12,415047.70702223654,"{'TLT': 0.45, 'IEF': 0.25, 'GLD': 0.1187187855714899, 'SHY': 0.18128121442851008}",0.0
1681344000000,2023-04-13,413948.4384922764,"{'TLT': 0.45, 'IEF': 0.25, 'GLD': 0.1187187855714899, 'SHY': 0.18128121442851008}",0.0
1681430400000,2023-04-14,410690.66145400994,"{'TLT': 0.45, 'IEF': 0.25, 'GLD': 0.1187187855714899, 'SHY': 0.18128121442851008}",0.0
1681689600000,2023-04-17,407512.2191290643,"{'TLT': 0.45, 'IEF': 0.25, 'GLD': 0.1187187855714899, 'SHY': 0.18128121442851008}",0.0
1681776000000,2023-04-18,408501.2844679045,"{'TLT': 0.45, 'IEF': 0.25, 'GLD': 0.1187187855714899, 'SHY': 0.18128121442851008}",0.0
1681862400000,2023-04-19,407811.9330472416,"{'TLT': 0.45, 'IEF': 0.25, 'GLD': 0.1187187855714899, 'SHY': 0.18128121442851008}",0.0
1681948800000,2023-04-20,410343.8548826074,"{'TLT': 0.45, 'IEF': 0.25, 'GLD': 0.1187187855714899, 'SHY': 0.18128121442851008}",0.0
1682035200000,2023-04-21,408530.0228373047,"{'TLT': 0.45, 'IEF': 0.25, 'GLD': 0.1187187855714899, 'SHY': 0.18128121442851008}",0.0
1682294400000,2023-04-24,411034.5991200958,"{'TLT': 0.45, 'IEF': 0.25, 'GLD': 0.1187187855714899, 'SHY': 0.18128121442851008}",0.0
1682380800000,2023-04-25,415309.99884056486,"{'TLT': 0.45, 'IEF': 0.25, 'GLD': 0.1187187855714899, 'SHY': 0.18128121442851008}",0.0
1682467200000,2023-04-26,412553.7736649371,"{'TLT': 0.45, 'IEF': 0.25, 'GLD': 0.1187187855714899, 'SHY': 0.18128121442851008}",0.0
1682553600000,2023-04-27,409895.9503524426,"{'TLT': 0.45, 'IEF': 0.25, 'GLD': 0.1187187855714899, 'SHY': 0.18128121442851008}",0.0
1682640000000,2023-04-28,413475.0923807413,"{'SPY': 0.20692141838600966, 'QQQ': 0.1241528510316058, 'TLT': 0.15, 'LQD': 0.1241528510316058, 'HYG': 0.16553713470880774, 'GLD': 0.08276856735440387, 'SHY': 0.14646717748756724}",0.0
1682899200000,2023-05-01,410113.3441711057,"{'SPY': 0.20692141838600966, 'QQQ': 0.1241528510316058, 'TLT': 0.15, 'LQD': 0.1241528510316058, 'HYG': 0.16553713470880774, 'GLD': 0.08276856735440387, 'SHY': 0.14646717748756724}",0.0
1682985600000,2023-05-02,411652.24609125487,"{'SPY': 0.20692141838600966, 'QQQ': 0.1241528510316058, 'TLT': 0.15, 'LQD': 0.1241528510316058, 'HYG': 0.16553713470880774, 'GLD': 0.08276856735440387, 'SHY': 0.14646717748756724}",0.0
1683072000000,2023-05-03,411561.4232458559,"{'SPY': 0.20692141838600966, 'QQQ': 0.1241528510316058, 'TLT': 0.15, 'LQD': 0.1241528510316058, 'HYG': 0.16553713470880774, 'GLD': 0.08276856735440387, 'SHY': 0.14646717748756724}",0.0
1683158400000,2023-05-04,410161.5652000283,"{'SPY': 0.20692141838600966, 'QQQ': 0.1241528510316058, 'TLT': 0.15, 'LQD': 0.1241528510316058, 'HYG': 0.16553713470880774, 'GLD': 0.08276856735440387, 'SHY': 0.14646717748756724}",0.0
1683244800000,2023-05-05,412097.71601927176,"{'SPY': 0.20692141838600966, 'QQQ': 0.1241528510316058, 'TLT': 0.15, 'LQD': 0.1241528510316058, 'HYG': 0.16553713470880774, 'GLD': 0.08276856735440387, 'SHY': 0.14646717748756724}",0.0
1683504000000,2023-05-08,410768.09742999484,"{'SPY': 0.20692141838600966, 'QQQ': 0.1241528510316058, 'TLT': 0.15, 'LQD': 0.1241528510316058, 'HYG': 0.16553713470880774, 'GLD': 0.08276856735440387, 'SHY': 0.14646717748756724}",0.0
1683590400000,2023-05-09,409885.88804933685,"{'SPY': 0.20692141838600966, 'QQQ': 0.1241528510316058, 'TLT': 0.15, 'LQD': 0.1241528510316058, 'HYG': 0.16553713470880774, 'GLD': 0.08276856735440387, 'SHY': 0.14646717748756724}",0.0
1683676800000,2023-05-10,412342.6036577283,"{'SPY': 0.20692141838600966, 'QQQ': 0.1241528510316058, 'TLT': 0.15, 'LQD': 0.1241528510316058, 'HYG': 0.16553713470880774, 'GLD': 0.08276856735440387, 'SHY': 0.14646717748756724}",0.0
1683763200000,2023-05-11,412846.8832885028,"{'SPY': 0.20692141838600966, 'QQQ': 0.1241528510316058, 'TLT': 0.15, 'LQD': 0.1241528510316058, 'HYG': 0.16553713470880774, 'GLD': 0.08276856735440387, 'SHY': 0.14646717748756724}",0.0
1683849600000,2023-05-12,411309.4567114628,"{'SPY': 0.20692141838600966, 'QQQ': 0.1241528510316058, 'TLT': 0.15, 'LQD': 0.1241528510316058, 'HYG': 0.16553713470880774, 'GLD': 0.08276856735440387, 'SHY': 0.14646717748756724}",0.0
1684108800000,2023-05-15,411029.04183654574,"{'SPY': 0.20692141838600966, 'QQQ': 0.1241528510316058, 'TLT': 0.15, 'LQD': 0.1241528510316058, 'HYG': 0.16553713470880774, 'GLD': 0.08276856735440387, 'SHY': 0.14646717748756724}",0.0
1684195200000,2023-05-16,409103.47825983627,"{'SPY': 0.20692141838600966, 'QQQ': 0.1241528510316058, 'TLT': 0.15, 'LQD': 0.1241528510316058, 'HYG': 0.16553713470880774, 'GLD': 0.08276856735440387, 'SHY': 0.14646717748756724}",0.0
1684281600000,2023-05-17,410562.533023045,"{'SPY': 0.20692141838600966, 'QQQ': 0.1241528510316058, 'TLT': 0.15, 'LQD': 0.1241528510316058, 'HYG': 0.16553713470880774, 'GLD': 0.08276856735440387, 'SHY': 0.14646717748756724}",0.0
1684368000000,2023-05-18,411143.23109782266,"{'SPY': 0.20692141838600966, 'QQQ': 0.1241528510316058, 'TLT': 0.15, 'LQD': 0.1241528510316058, 'HYG': 0.16553713470880774, 'GLD': 0.08276856735440387, 'SHY': 0.14646717748756724}",0.0
1684454400000,2023-05-19,410772.31876538234,"{'SPY': 0.20692141838600966, 'QQQ': 0.1241528510316058, 'TLT': 0.15, 'LQD': 0.1241528510316058, 'HYG': 0.16553713470880774, 'GLD': 0.08276856735440387, 'SHY': 0.14646717748756724}",0.0
1684713600000,2023-05-22,410940.2972461465,"{'SPY': 0.20692141838600966, 'QQQ': 0.1241528510316058, 'TLT': 0.15, 'LQD': 0.1241528510316058, 'HYG': 0.16553713470880774, 'GLD': 0.08276856735440387, 'SHY': 0.14646717748756724}",0.0
1684800000000,2023-05-23,409299.5309029283,"{'SPY': 0.20692141838600966, 'QQQ': 0.1241528510316058, 'TLT': 0.15, 'LQD': 0.1241528510316058, 'HYG': 0.16553713470880774, 'GLD': 0.08276856735440387, 'SHY': 0.14646717748756724}",0.0
1684886400000,2023-05-24,407099.65189002437,"{'SPY': 0.20692141838600966, 'QQQ': 0.1241528510316058, 'TLT': 0.15, 'LQD': 0.1241528510316058, 'HYG': 0.16553713470880774, 'GLD': 0.08276856735440387, 'SHY': 0.14646717748756724}",0.0
1684972800000,2023-05-25,408239.5634282403,"{'SPY': 0.20692141838600966, 'QQQ': 0.1241528510316058, 'TLT': 0.15, 'LQD': 0.1241528510316058, 'HYG': 0.16553713470880774, 'GLD': 0.08276856735440387, 'SHY': 0.14646717748756724}",0.0
1685059200000,2023-05-26,411871.9825980113,"{'SPY': 0.20692141838600966, 'QQQ': 0.1241528510316058, 'TLT': 0.15, 'LQD': 0.1241528510316058, 'HYG': 0.16553713470880774, 'GLD': 0.08276856735440387, 'SHY': 0.14646717748756724}",0.0
1685404800000,2023-05-30,413762.1068955337,"{'SPY': 0.20692141838600966, 'QQQ': 0.1241528510316058, 'TLT': 0.15, 'LQD': 0.1241528510316058, 'HYG': 0.16553713470880774, 'GLD': 0.08276856735440387, 'SHY': 0.14646717748756724}",0.0
1685491200000,2023-05-31,413543.500458817,"{'SPY': 0.24999999999999994, 'QQQ': 0.14999999999999997, 'TLT': 0.14999999999999997, 'LQD': 0.14999999999999997, 'HYG': 0.19999999999999996, 'GLD': 0.09999999999999998}",2.220446049250313e-16
1685577600000,2023-06-01,416499.36337988474,"{'SPY': 0.24999999999999994, 'QQQ': 0.14999999999999997, 'TLT': 0.14999999999999997, 'LQD': 0.14999999999999997, 'HYG': 0.19999999999999996, 'GLD': 0.09999999999999998}",2.220446049250313e-16
1685664000000,2023-06-02,417433.04671356996,"{'SPY': 0.24999999999999994, 'QQQ': 0.14999999999999997, 'TLT': 0.14999999999999997, 'LQD': 0.14999999999999997, 'HYG': 0.19999999999999996, 'GLD': 0.09999999999999998}",2.220446049250313e-16
1685923200000,2023-06-05,417210.4963800544,"{'SPY': 0.24999999999999994, 'QQQ': 0.14999999999999997, 'TLT': 0.14999999999999997, 'LQD': 0.14999999999999997, 'HYG': 0.19999999999999996, 'GLD': 0.09999999999999998}",2.220446049250313e-16
1686009600000,2023-06-06,418098.81021882786,"{'SPY': 0.24999999999999994, 'QQQ': 0.14999999999999997, 'TLT': 0.14999999999999997, 'LQD': 0.14999999999999997, 'HYG': 0.19999999999999996, 'GLD': 0.09999999999999998}",2.220446049250313e-16
1686096000000,2023-06-07,414219.855050113,"{'SPY': 0.24999999999999994, 'QQQ': 0.14999999999999997, 'TLT': 0.14999999999999997, 'LQD': 0.14999999999999997, 'HYG': 0.19999999999999996, 'GLD': 0.09999999999999998}",2.220446049250313e-16
1686182400000,2023-06-08,417830.8929625217,"{'SPY': 0.24999999999999994, 'QQQ': 0.14999999999999997, 'TLT': 0.14999999999999997, 'LQD': 0.14999999999999997, 'HYG': 0.19999999999999996, 'GLD': 0.09999999999999998}",2.220446049250313e-16
1686268800000,2023-06-09,417918.2111188944,"{'SPY': 0.24999999999999994, 'QQQ': 0.14999999999999997, 'TLT': 0.14999999999999997, 'LQD': 0.14999999999999997, 'HYG': 0.19999999999999996, 'GLD': 0.09999999999999998}",2.220446049250313e-16
1686528000000,2023-06-12,420183.21392826573,"{'SPY': 0.24999999999999994, 'QQQ': 0.14999999999999997, 'TLT': 0.14999999999999997, 'LQD': 0.14999999999999997, 'HYG': 0.19999999999999996, 'GLD': 0.09999999999999998}",2.220446049250313e-16
1686614400000,2023-06-13,420246.6350722959,"{'SPY': 0.24999999999999994, 'QQQ': 0.14999999999999997, 'TLT': 0.14999999999999997, 'LQD': 0.14999999999999997, 'HYG': 0.19999999999999996, 'GLD': 0.09999999999999998}",2.220446049250313e-16
1686700800000,2023-06-14,421586.4486860611,"{'SPY': 0.24999999999999994, 'QQQ': 0.14999999999999997, 'TLT': 0.14999999999999997, 'LQD': 0.14999999999999997, 'HYG': 0.19999999999999996, 'GLD': 0.09999999999999998}",2.220446049250313e-16
1686787200000,2023-06-15,425506.4783723459,"{'SPY': 0.24999999999999994, 'QQQ': 0.14999999999999997, 'TLT': 0.14999999999999997, 'LQD': 0.14999999999999997, 'HYG': 0.19999999999999996, 'GLD': 0.09999999999999998}",2.220446049250313e-16
1686873600000,2023-06-16,424101.4321615074,"{'SPY': 0.24999999999999994, 'QQQ': 0.14999999999999997, 'TLT': 0.14999999999999997, 'LQD': 0.14999999999999997, 'HYG': 0.19999999999999996, 'GLD': 0.09999999999999998}",2.220446049250313e-16
1687219200000,2023-06-20,423465.51386763365,"{'SPY': 0.24999999999999994, 'QQQ': 0.14999999999999997, 'TLT': 0.14999999999999997, 'LQD': 0.14999999999999997, 'HYG': 0.19999999999999996, 'GLD': 0.09999999999999998}",2.220446049250313e-16
1687305600000,2023-06-21,421864.08348795323,"{'SPY': 0.24999999999999994, 'QQQ': 0.14999999999999997, 'TLT': 0.14999999999999997, 'LQD': 0.14999999999999997, 'HYG': 0.19999999999999996, 'GLD': 0.09999999999999998}",2.220446049250313e-16
1687392000000,2023-06-22,421231.99629458756,"{'SPY': 0.24999999999999994, 'QQQ': 0.14999999999999997, 'TLT': 0.14999999999999997, 'LQD': 0.14999999999999997, 'HYG': 0.19999999999999996, 'GLD': 0.09999999999999998}",2.220446049250313e-16
1687478400000,2023-06-23,420584.6372288386,"{'SPY': 0.24999999999999994, 'QQQ': 0.14999999999999997, 'TLT': 0.14999999999999997, 'LQD': 0.14999999999999997, 'HYG': 0.19999999999999996, 'GLD': 0.09999999999999998}",2.220446049250313e-16
1687737600000,2023-06-26,419565.307591276,"{'SPY': 0.24999999999999994, 'QQQ': 0.14999999999999997, 'TLT': 0.14999999999999997, 'LQD': 0.14999999999999997, 'HYG': 0.19999999999999996, 'GLD': 0.09999999999999998}",2.220446049250313e-16
1687824000000,2023-06-27,421652.93265267694,"{'SPY': 0.24999999999999994, 'QQQ': 0.14999999999999997, 'TLT': 0.14999999999999997, 'LQD': 0.14999999999999997, 'HYG': 0.19999999999999996, 'GLD': 0.09999999999999998}",2.220446049250313e-16
1687910400000,2023-06-28,422764.8743567681,"{'SPY': 0.24999999999999994, 'QQQ': 0.14999999999999997, 'TLT': 0.14999999999999997, 'LQD': 0.14999999999999997, 'HYG': 0.19999999999999996, 'GLD': 0.09999999999999998}",2.220446049250313e-16
1687996800000,2023-06-29,421158.14268966025,"{'SPY': 0.24999999999999994, 'QQQ': 0.14999999999999997, 'TLT': 0.14999999999999997, 'LQD': 0.14999999999999997, 'HYG': 0.19999999999999996, 'GLD': 0.09999999999999998}",2.220446049250313e-16
1688083200000,2023-06-30,425271.3090876046,"{'SPY': 0.24999999999999994, 'QQQ': 0.14999999999999997, 'TLT': 0.14999999999999997, 'LQD': 0.14999999999999997, 'HYG': 0.19999999999999996, 'GLD': 0.09999999999999998}",2.220446049250313e-16
1688342400000,2023-07-03,424917.9636482835,"{'SPY': 0.24999999999999994, 'QQQ': 0.14999999999999997, 'TLT': 0.14999999999999997, 'LQD': 0.14999999999999997, 'HYG': 0.19999999999999996, 'GLD': 0.09999999999999998}",2.220446049250313e-16
1688515200000,2023-07-05,423283.8429468578,"{'SPY': 0.24999999999999994, 'QQQ': 0.14999999999999997, 'TLT': 0.14999999999999997, 'LQD': 0.14999999999999997, 'HYG': 0.19999999999999996, 'GLD': 0.09999999999999998}",2.220446049250313e-16
1688601600000,2023-07-06,419689.8282640017,"{'SPY': 0.24999999999999994, 'QQQ': 0.14999999999999997, 'TLT': 0.14999999999999997, 'LQD': 0.14999999999999997, 'HYG': 0.19999999999999996, 'GLD': 0.09999999999999998}",2.220446049250313e-16
1688688000000,2023-07-07,419171.8386237224,"{'SPY': 0.24999999999999994, 'QQQ': 0.14999999999999997, 'TLT': 0.14999999999999997, 'LQD': 0.14999999999999997, 'HYG': 0.19999999999999996, 'GLD': 0.09999999999999998}",2.220446049250313e-16
1688947200000,2023-07-10,420320.7178360581,"{'SPY': 0.24999999999999994, 'QQQ': 0.14999999999999997, 'TLT': 0.14999999999999997, 'LQD': 0.14999999999999997, 'HYG': 0.19999999999999996, 'GLD': 0.09999999999999998}",2.220446049250313e-16
1689033600000,2023-07-11,422533.2343959922,"{'SPY': 0.24999999999999994, 'QQQ': 0.14999999999999997, 'TLT': 0.14999999999999997, 'LQD': 0.14999999999999997, 'HYG': 0.19999999999999996, 'GLD': 0.09999999999999998}",2.220446049250313e-16
1689120000000,2023-07-12,426677.0993287965,"{'SPY': 0.24999999999999994, 'QQQ': 0.14999999999999997, 'TLT': 0.14999999999999997, 'LQD': 0.14999999999999997, 'HYG': 0.19999999999999996, 'GLD': 0.09999999999999998}",2.220446049250313e-16
1689206400000,2023-07-13,430276.7155511111,"{'SPY': 0.24999999999999994, 'QQQ': 0.14999999999999997, 'TLT': 0.14999999999999997, 'LQD': 0.14999999999999997, 'HYG': 0.19999999999999996, 'GLD': 0.09999999999999998}",2.220446049250313e-16
1689292800000,2023-07-14,428552.6241682904,"{'SPY': 0.24999999999999994, 'QQQ': 0.14999999999999997, 'TLT': 0.14999999999999997, 'LQD': 0.14999999999999997, 'HYG': 0.19999999999999996, 'GLD': 0.09999999999999998}",2.220446049250313e-16
1689552000000,2023-07-17,429854.8278078472,"{'SPY': 0.24999999999999994, 'QQQ': 0.14999999999999997, 'TLT': 0.14999999999999997, 'LQD': 0.14999999999999997, 'HYG': 0.19999999999999996, 'GLD': 0.09999999999999998}",2.220446049250313e-16
1689638400000,2023-07-18,432367.7244303668,"{'SPY': 0.24999999999999994, 'QQQ': 0.14999999999999997, 'TLT': 0.14999999999999997, 'LQD': 0.14999999999999997, 'HYG': 0.19999999999999996, 'GLD': 0.09999999999999998}",2.220446049250313e-16
1689724800000,2023-07-19,433768.04476638365,"{'SPY': 0.24999999999999994, 'QQQ': 0.14999999999999997, 'TLT': 0.14999999999999997, 'LQD': 0.14999999999999997, 'HYG': 0.19999999999999996, 'GLD': 0.09999999999999998}",2.220446049250313e-16
1689811200000,2023-07-20,429722.1957215897,"{'SPY': 0.24999999999999994, 'QQQ': 0.14999999999999997, 'TLT': 0.14999999999999997, 'LQD': 0.14999999999999997, 'HYG': 0.19999999999999996, 'GLD': 0.09999999999999998}",2.220446049250313e-16
1689897600000,2023-07-21,429747.005494583,"{'SPY': 0.24999999999999994, 'QQQ': 0.14999999999999997, 'TLT': 0.14999999999999997, 'LQD': 0.14999999999999997, 'HYG': 0.19999999999999996, 'GLD': 0.09999999999999998}",2.220446049250313e-16
1690156800000,2023-07-24,429685.65688077384,"{'SPY': 0.24999999999999994, 'QQQ': 0.14999999999999997, 'TLT': 0.14999999999999997, 'LQD': 0.14999999999999997, 'HYG': 0.19999999999999996, 'GLD': 0.09999999999999998}",2.220446049250313e-16
1690243200000,2023-07-25,430375.47188190464,"{'SPY': 0.24999999999999994, 'QQQ': 0.14999999999999997, 'TLT': 0.14999999999999997, 'LQD': 0.14999999999999997, 'HYG': 0.19999999999999996, 'GLD': 0.09999999999999998}",2.220446049250313e-16
1690329600000,2023-07-26,431094.2698765525,"{'SPY': 0.24999999999999994, 'QQQ': 0.14999999999999997, 'TLT': 0.14999999999999997, 'LQD': 0.14999999999999997, 'HYG': 0.19999999999999996, 'GLD': 0.09999999999999998}",2.220446049250313e-16
1690416000000,2023-07-27,426815.92629891296,"{'SPY': 0.24999999999999994, 'QQQ': 0.14999999999999997, 'TLT': 0.14999999999999997, 'LQD': 0.14999999999999997, 'HYG': 0.19999999999999996, 'GLD': 0.09999999999999998}",2.220446049250313e-16
1690502400000,2023-07-28,430605.8324674407,"{'SPY': 0.24999999999999994, 'QQQ': 0.14999999999999997, 'TLT': 0.14999999999999997, 'LQD': 0.14999999999999997, 'HYG': 0.19999999999999996, 'GLD': 0.09999999999999998}",2.220446049250313e-16
1690761600000,2023-07-31,431329.1786793287,"{'SPY': 0.35, 'QQQ': 0.2, 'IWM': 0.15, 'HYG': 0.1, 'DBC': 0.1, 'GLD': 0.1}",0.0
1690848000000,2023-08-01,429512.9977651702,"{'SPY': 0.35, 'QQQ': 0.2, 'IWM': 0.15, 'HYG': 0.1, 'DBC': 0.1, 'GLD': 0.1}",0.0
1690934400000,2023-08-02,423624.70561578264,"{'SPY': 0.35, 'QQQ': 0.2, 'IWM': 0.15, 'HYG': 0.1, 'DBC': 0.1, 'GLD': 0.1}",0.0
1691020800000,2023-08-03,423137.1270993002,"{'SPY': 0.35, 'QQQ': 0.2, 'IWM': 0.15, 'HYG': 0.1, 'DBC': 0.1, 'GLD': 0.1}",0.0
1691107200000,2023-08-04,422417.2969173927,"{'SPY': 0.35, 'QQQ': 0.2, 'IWM': 0.15, 'HYG': 0.1, 'DBC': 0.1, 'GLD': 0.1}",0.0
1691366400000,2023-08-07,424465.87407599547,"{'SPY': 0.35, 'QQQ': 0.2, 'IWM': 0.15, 'HYG': 0.1, 'DBC': 0.1, 'GLD': 0.1}",0.0
1691452800000,2023-08-08,422467.83942228404,"{'SPY': 0.35, 'QQQ': 0.2, 'IWM': 0.15, 'HYG': 0.1, 'DBC': 0.1, 'GLD': 0.1}",0.0
1691539200000,2023-08-09,420153.3670945133,"{'SPY': 0.35, 'QQQ': 0.2, 'IWM': 0.15, 'HYG': 0.1, 'DBC': 0.1, 'GLD': 0.1}",0.0
1691625600000,2023-08-10,419803.6899347734,"{'SPY': 0.35, 'QQQ': 0.2, 'IWM': 0.15, 'HYG': 0.1, 'DBC': 0.1, 'GLD': 0.1}",0.0
1691712000000,2023-08-11,419141.6014266154,"{'SPY': 0.35, 'QQQ': 0.2, 'IWM': 0.15, 'HYG': 0.1, 'DBC': 0.1, 'GLD': 0.1}",0.0
1691971200000,2023-08-14,420444.54674808594,"{'SPY': 0.35, 'QQQ': 0.2, 'IWM': 0.15, 'HYG': 0.1, 'DBC': 0.1, 'GLD': 0.1}",0.0
1692057600000,2023-08-15,416256.45100745646,"{'SPY': 0.35, 'QQQ': 0.2, 'IWM': 0.15, 'HYG': 0.1, 'DBC': 0.1, 'GLD': 0.1}",0.0
1692144000000,2023-08-16,413000.413706523,"{'SPY': 0.35, 'QQQ': 0.2, 'IWM': 0.15, 'HYG': 0.1, 'DBC': 0.1, 'GLD': 0.1}",0.0
1692230400000,2023-08-17,410134.57501423295,"{'SPY': 0.35, 'QQQ': 0.2, 'IWM': 0.15, 'HYG': 0.1, 'DBC': 0.1, 'GLD': 0.1}",0.0
1692316800000,2023-08-18,410761.17881460616,"{'SPY': 0.35, 'QQQ': 0.2, 'IWM': 0.15, 'HYG': 0.1, 'DBC': 0.1, 'GLD': 0.1}",0.0
1692576000000,2023-08-21,412929.37838768016,"{'SPY': 0.35, 'QQQ': 0.2, 'IWM': 0.15, 'HYG': 0.1, 'DBC': 0.1, 'GLD': 0.1}",0.0
1692662400000,2023-08-22,412342.6813932061,"{'SPY': 0.35, 'QQQ': 0.2, 'IWM': 0.15, 'HYG': 0.1, 'DBC': 0.1, 'GLD': 0.1}",0.0
1692748800000,2023-08-23,416748.45869122416,"{'SPY': 0.35, 'QQQ': 0.2, 'IWM': 0.15, 'HYG': 0.1, 'DBC': 0.1, 'GLD': 0.1}",0.0
1692835200000,2023-08-24,411877.02431754174,"{'SPY': 0.35, 'QQQ': 0.2, 'IWM': 0.15, 'HYG': 0.1, 'DBC': 0.1, 'GLD': 0.1}",0.0
1692921600000,2023-08-25,414322.40769852634,"{'SPY': 0.35, 'QQQ': 0.2, 'IWM': 0.15, 'HYG': 0.1, 'DBC': 0.1, 'GLD': 0.1}",0.0
1693180800000,2023-08-28,416626.22443493834,"{'SPY': 0.35, 'QQQ': 0.2, 'IWM': 0.15, 'HYG': 0.1, 'DBC': 0.1, 'GLD': 0.1}",0.0
1693267200000,2023-08-29,422248.01990401605,"{'SPY': 0.35, 'QQQ': 0.2, 'IWM': 0.15, 'HYG': 0.1, 'DBC': 0.1, 'GLD': 0.1}",0.0
1693353600000,2023-08-30,423707.19643152674,"{'SPY': 0.35, 'QQQ': 0.2, 'IWM': 0.15, 'HYG': 0.1, 'DBC': 0.1, 'GLD': 0.1}",0.0
1693440000000,2023-08-31,423707.64502480434,"{'SPY': 0.35, 'QQQ': 0.2, 'IWM': 0.15, 'HYG': 0.1, 'DBC': 0.1, 'GLD': 0.1}",0.0
1693526400000,2023-09-01,425250.0134390001,"{'SPY': 0.35, 'QQQ': 0.2, 'IWM': 0.15, 'HYG': 0.1, 'DBC': 0.1, 'GLD': 0.1}",0.0
1693872000000,2023-09-05,422951.7099805234,"{'SPY': 0.35, 'QQQ': 0.2, 'IWM': 0.15, 'HYG': 0.1, 'DBC': 0.1, 'GLD': 0.1}",0.0
1693958400000,2023-09-06,420781.4698412504,"{'SPY': 0.35, 'QQQ': 0.2, 'IWM': 0.15, 'HYG': 0.1, 'DBC': 0.1, 'GLD': 0.1}",0.0
1694044800000,2023-09-07,419219.4754680293,"{'SPY': 0.35, 'QQQ': 0.2, 'IWM': 0.15, 'HYG': 0.1, 'DBC': 0.1, 'GLD': 0.1}",0.0
1694131200000,2023-09-08,419498.8213629804,"{'SPY': 0.35, 'QQQ': 0.2, 'IWM': 0.15, 'HYG': 0.1, 'DBC': 0.1, 'GLD': 0.1}",0.0
1694390400000,2023-09-11,422005.49041618465,"{'SPY': 0.35, 'QQQ': 0.2, 'IWM': 0.15, 'HYG': 0.1, 'DBC': 0.1, 'GLD': 0.1}",0.0
1694476800000,2023-09-12,420062.8845295573,"{'SPY': 0.35, 'QQQ': 0.2, 'IWM': 0.15, 'HYG': 0.1, 'DBC': 0.1, 'GLD': 0.1}",0.0
1694563200000,2023-09-13,420288.71944367397,"{'SPY': 0.35, 'QQQ': 0.2, 'IWM': 0.15, 'HYG': 0.1, 'DBC': 0.1, 'GLD': 0.1}",0.0
1694649600000,2023-09-14,423553.0573636145,"{'SPY': 0.35, 'QQQ': 0.2, 'IWM': 0.15, 'HYG': 0.1, 'DBC': 0.1, 'GLD': 0.1}",0.0
1694736000000,2023-09-15,419674.3116954317,"{'SPY': 0.35, 'QQQ': 0.2, 'IWM': 0.15, 'HYG': 0.1, 'DBC': 0.1, 'GLD': 0.1}",0.0
1694995200000,2023-09-18,419688.43555425806,"{'SPY': 0.35, 'QQQ': 0.2, 'IWM': 0.15, 'HYG': 0.1, 'DBC': 0.1, 'GLD': 0.1}",0.0
1695081600000,2023-09-19,418823.7364744465,"{'SPY': 0.35, 'QQQ': 0.2, 'IWM': 0.15, 'HYG': 0.1, 'DBC': 0.1, 'GLD': 0.1}",0.0
1695168000000,2023-09-20,415291.93146256334,"{'SPY': 0.35, 'QQQ': 0.2, 'IWM': 0.15, 'HYG': 0.1, 'DBC': 0.1, 'GLD': 0.1}",0.0
1695254400000,2023-09-21,409673.1513574778,"{'SPY': 0.35, 'QQQ': 0.2, 'IWM': 0.15, 'HYG': 0.1, 'DBC': 0.1, 'GLD': 0.1}",0.0
1695340800000,2023-09-22,409459.05474813806,"{'SPY': 0.35, 'QQQ': 0.2, 'IWM': 0.15, 'HYG': 0.1, 'DBC': 0.1, 'GLD': 0.1}",0.0
1695600000000,2023-09-25,410264.65570295474,"{'SPY': 0.35, 'QQQ': 0.2, 'IWM': 0.15, 'HYG': 0.1, 'DBC': 0.1, 'GLD': 0.1}",0.0
1695686400000,2023-09-26,405577.31084895635,"{'SPY': 0.35, 'QQQ': 0.2, 'IWM': 0.15, 'HYG': 0.1, 'DBC': 0.1, 'GLD': 0.1}",0.0
1695772800000,2023-09-27,406062.14483337733,"{'SPY': 0.35, 'QQQ': 0.2, 'IWM': 0.15, 'HYG': 0.1, 'DBC': 0.1, 'GLD': 0.1}",0.0
1695859200000,2023-09-28,408058.0028891201,"{'SPY': 0.35, 'QQQ': 0.2, 'IWM': 0.15, 'HYG': 0.1, 'DBC': 0.1, 'GLD': 0.1}",0.0
1695945600000,2023-09-29,406361.04534803407,"{'SPY': 0.175, 'QQQ': 0.1, 'IWM': 0.075, 'HYG': 0.05, 'DBC': 0.05, 'GLD': 0.05, 'SHY': 0.5}",0.0
1696204800000,2023-10-02,405516.44016040815,"{'SPY': 0.175, 'QQQ': 0.1, 'IWM': 0.075, 'HYG': 0.05, 'DBC': 0.05, 'GLD': 0.05, 'SHY': 0.5}",0.0
1696291200000,2023-10-03,402837.6692238701,"{'SPY': 0.175, 'QQQ': 0.1, 'IWM': 0.075, 'HYG': 0.05, 'DBC': 0.05, 'GLD': 0.05, 'SHY': 0.5}",0.0
1696377600000,2023-10-04,403900.48897965887,"{'SPY': 0.175, 'QQQ': 0.1, 'IWM': 0.075, 'HYG': 0.05, 'DBC': 0.05, 'GLD': 0.05, 'SHY': 0.5}",0.0
1696464000000,2023-10-05,403842.3053305873,"{'SPY': 0.175, 'QQQ': 0.1, 'IWM': 0.075, 'HYG': 0.05, 'DBC': 0.05, 'GLD': 0.05, 'SHY': 0.5}",0.0
1696550400000,2023-10-06,405682.96977064415,"{'SPY': 0.175, 'QQQ': 0.1, 'IWM': 0.075, 'HYG': 0.05, 'DBC': 0.05, 'GLD': 0.05, 'SHY': 0.5}",0.0
1696809600000,2023-10-09,408070.40030984837,"{'SPY': 0.175, 'QQQ': 0.1, 'IWM': 0.075, 'HYG': 0.05, 'DBC': 0.05, 'GLD': 0.05, 'SHY': 0.5}",0.0
1696896000000,2023-10-10,408798.7185955617,"{'SPY': 0.175, 'QQQ': 0.1, 'IWM': 0.075, 'HYG': 0.05, 'DBC': 0.05, 'GLD': 0.05, 'SHY': 0.5}",0.0
1696982400000,2023-10-11,409309.7157171051,"{'SPY': 0.175, 'QQQ': 0.1, 'IWM': 0.075, 'HYG': 0.05, 'DBC': 0.05, 'GLD': 0.05, 'SHY': 0.5}",0.0
1697068800000,2023-10-12,407604.49583794124,"{'SPY': 0.175, 'QQQ': 0.1, 'IWM': 0.075, 'HYG': 0.05, 'DBC': 0.05, 'GLD': 0.05, 'SHY': 0.5}",0.0
1697155200000,2023-10-13,407785.31054583075,"{'SPY': 0.175, 'QQQ': 0.1, 'IWM': 0.075, 'HYG': 0.05, 'DBC': 0.05, 'GLD': 0.05, 'SHY': 0.5}",0.0
1697414400000,2023-10-16,409194.82864761027,"{'SPY': 0.175, 'QQQ': 0.1, 'IWM': 0.075, 'HYG': 0.05, 'DBC': 0.05, 'GLD': 0.05, 'SHY': 0.5}",0.0
1697500800000,2023-10-17,408944.5978843554,"{'SPY': 0.175, 'QQQ': 0.1, 'IWM': 0.075, 'HYG': 0.05, 'DBC': 0.05, 'GLD': 0.05, 'SHY': 0.5}",0.0
1697587200000,2023-10-18,407201.51709410845,"{'SPY': 0.175, 'QQQ': 0.1, 'IWM': 0.075, 'HYG': 0.05, 'DBC': 0.05, 'GLD': 0.05, 'SHY': 0.5}",0.0
1697673600000,2023-10-19,406372.92769068416,"{'SPY': 0.175, 'QQQ': 0.1, 'IWM': 0.075, 'HYG': 0.05, 'DBC': 0.05, 'GLD': 0.05, 'SHY': 0.5}",0.0
1697760000000,2023-10-20,404771.2263155362,"{'SPY': 0.175, 'QQQ': 0.1, 'IWM': 0.075, 'HYG': 0.05, 'DBC': 0.05, 'GLD': 0.05, 'SHY': 0.5}",0.0
1698019200000,2023-10-23,404522.8240426152,"{'SPY': 0.175, 'QQQ': 0.1, 'IWM': 0.075, 'HYG': 0.05, 'DBC': 0.05, 'GLD': 0.05, 'SHY': 0.5}",0.0
1698105600000,2023-10-24,405547.5091855617,"{'SPY': 0.175, 'QQQ': 0.1, 'IWM': 0.075, 'HYG': 0.05, 'DBC': 0.05, 'GLD': 0.05, 'SHY': 0.5}",0.0
1698192000000,2023-10-25,402932.71897482756,"{'SPY': 0.175, 'QQQ': 0.1, 'IWM': 0.075, 'HYG': 0.05, 'DBC': 0.05, 'GLD': 0.05, 'SHY': 0.5}",0.0
1698278400000,2023-10-26,401727.5929563605,"{'SPY': 0.175, 'QQQ': 0.1, 'IWM': 0.075, 'HYG': 0.05, 'DBC': 0.05, 'GLD': 0.05, 'SHY': 0.5}",0.0
1698364800000,2023-10-27,401848.8112928364,"{'SPY': 0.175, 'QQQ': 0.1, 'IWM': 0.075, 'HYG': 0.05, 'DBC': 0.05, 'GLD': 0.05, 'SHY': 0.5}",0.0
1698624000000,2023-10-30,402805.88936911384,"{'SPY': 0.175, 'QQQ': 0.1, 'IWM': 0.075, 'HYG': 0.05, 'DBC': 0.05, 'GLD': 0.05, 'SHY': 0.5}",0.0
1698710400000,2023-10-31,403497.219254449,"{'SPY': 0.175, 'QQQ': 0.1, 'IWM': 0.075, 'HYG': 0.05, 'DBC': 0.05, 'GLD': 0.05, 'SHY': 0.5}",0.0
1698796800000,2023-11-01,405734.54693919135,"{'SPY': 0.175, 'QQQ': 0.1, 'IWM': 0.075, 'HYG': 0.05, 'DBC': 0.05, 'GLD': 0.05, 'SHY': 0.5}",0.0
1698883200000,2023-11-02,409178.55653454416,"{'SPY': 0.175, 'QQQ': 0.1, 'IWM': 0.075, 'HYG': 0.05, 'DBC': 0.05, 'GLD': 0.05, 'SHY': 0.5}",0.0
1698969600000,2023-11-03,411870.10412886087,"{'SPY': 0.175, 'QQQ': 0.1, 'IWM': 0.075, 'HYG': 0.05, 'DBC': 0.05, 'GLD': 0.05, 'SHY': 0.5}",0.0
1699228800000,2023-11-06,411277.4808918507,"{'SPY': 0.175, 'QQQ': 0.1, 'IWM': 0.075, 'HYG': 0.05, 'DBC': 0.05, 'GLD': 0.05, 'SHY': 0.5}",0.0
1699315200000,2023-11-07,411391.8937647581,"{'SPY': 0.175, 'QQQ': 0.1, 'IWM': 0.075, 'HYG': 0.05, 'DBC': 0.05, 'GLD': 0.05, 'SHY': 0.5}",0.0
1699401600000,2023-11-08,410668.5587749555,"{'SPY': 0.175, 'QQQ': 0.1, 'IWM': 0.075, 'HYG': 0.05, 'DBC': 0.05, 'GLD': 0.05, 'SHY': 0.5}",0.0
1699488000000,2023-11-09,408914.39576120576,"{'SPY': 0.175, 'QQQ': 0.1, 'IWM': 0.075, 'HYG': 0.05, 'DBC': 0.05, 'GLD': 0.05, 'SHY': 0.5}",0.0
1699574400000,2023-11-10,411323.19304368866,"{'SPY': 0.175, 'QQQ': 0.1, 'IWM': 0.075, 'HYG': 0.05, 'DBC': 0.05, 'GLD': 0.05, 'SHY': 0.5}",0.0
1699833600000,2023-11-13,411608.1195688576,"{'SPY': 0.175, 'QQQ': 0.1, 'IWM': 0.075, 'HYG': 0.05, 'DBC': 0.05, 'GLD': 0.05, 'SHY': 0.5}",0.0
1699920000000,2023-11-14,416757.9727698461,"{'SPY': 0.175, 'QQQ': 0.1, 'IWM': 0.075, 'HYG': 0.05, 'DBC': 0.05, 'GLD': 0.05, 'SHY': 0.5}",0.0
1700006400000,2023-11-15,416355.05114832387,"{'SPY': 0.175, 'QQQ': 0.1, 'IWM': 0.075, 'HYG': 0.05, 'DBC': 0.05, 'GLD': 0.05, 'SHY': 0.5}",0.0
1700092800000,2023-11-16,416097.61835720023,"{'SPY': 0.175, 'QQQ': 0.1, 'IWM': 0.075, 'HYG': 0.05, 'DBC': 0.05, 'GLD': 0.05, 'SHY': 0.5}",0.0
1700179200000,2023-11-17,416816.8571604148,"{'SPY': 0.175, 'QQQ': 0.1, 'IWM': 0.075, 'HYG': 0.05, 'DBC': 0.05, 'GLD': 0.05, 'SHY': 0.5}",0.0
1700438400000,2023-11-20,418343.07968382334,"{'SPY': 0.175, 'QQQ': 0.1, 'IWM': 0.075, 'HYG': 0.05, 'DBC': 0.05, 'GLD': 0.05, 'SHY': 0.5}",0.0
1700524800000,2023-11-21,418039.5370470889,"{'SPY': 0.175, 'QQQ': 0.1, 'IWM': 0.075, 'HYG': 0.05, 'DBC': 0.05, 'GLD': 0.05, 'SHY': 0.5}",0.0
1700611200000,2023-11-22,418482.6219660589,"{'SPY': 0.175, 'QQQ': 0.1, 'IWM': 0.075, 'HYG': 0.05, 'DBC': 0.05, 'GLD': 0.05, 'SHY': 0.5}",0.0
1700784000000,2023-11-24,418473.85598853836,"{'SPY': 0.175, 'QQQ': 0.1, 'IWM': 0.075, 'HYG': 0.05, 'DBC': 0.05, 'GLD': 0.05, 'SHY': 0.5}",0.0
1701043200000,2023-11-27,418490.11599003634,"{'SPY': 0.175, 'QQQ': 0.1, 'IWM': 0.075, 'HYG': 0.05, 'DBC': 0.05, 'GLD': 0.05, 'SHY': 0.5}",0.0
1701129600000,2023-11-28,419562.0069234537,"{'SPY': 0.175, 'QQQ': 0.1, 'IWM': 0.075, 'HYG': 0.05, 'DBC': 0.05, 'GLD': 0.05, 'SHY': 0.5}",0.0
1701216000000,2023-11-29,420339.96123680664,"{'SPY': 0.175, 'QQQ': 0.1, 'IWM': 0.075, 'HYG': 0.05, 'DBC': 0.05, 'GLD': 0.05, 'SHY': 0.5}",0.0
1701302400000,2023-11-30,419824.4382915702,"{'SPY': 0.35, 'QQQ': 0.2, 'IWM': 0.15, 'HYG': 0.1, 'DBC': 0.1, 'GLD': 0.1}",0.0
1701388800000,2023-12-01,423653.160944186,"{'SPY': 0.35, 'QQQ': 0.2, 'IWM': 0.15, 'HYG': 0.1, 'DBC': 0.1, 'GLD': 0.1}",0.0
1701648000000,2023-12-04,421462.25349732855,"{'SPY': 0.35, 'QQQ': 0.2, 'IWM': 0.15, 'HYG': 0.1, 'DBC': 0.1, 'GLD': 0.1}",0.0
1701734400000,2023-12-05,420304.38093238784,"{'SPY': 0.35, 'QQQ': 0.2, 'IWM': 0.15, 'HYG': 0.1, 'DBC': 0.1, 'GLD': 0.1}",0.0
1701820800000,2023-12-06,418250.53946669545,"{'SPY': 0.35, 'QQQ': 0.2, 'IWM': 0.15, 'HYG': 0.1, 'DBC': 0.1, 'GLD': 0.1}",0.0
1701907200000,2023-12-07,421203.5508967695,"{'SPY': 0.35, 'QQQ': 0.2, 'IWM': 0.15, 'HYG': 0.1, 'DBC': 0.1, 'GLD': 0.1}",0.0
1701993600000,2023-12-08,422232.17443609703,"{'SPY': 0.35, 'QQQ': 0.2, 'IWM': 0.15, 'HYG': 0.1, 'DBC': 0.1, 'GLD': 0.1}",0.0
1702252800000,2023-12-11,423019.6334308024,"{'SPY': 0.35, 'QQQ': 0.2, 'IWM': 0.15, 'HYG': 0.1, 'DBC': 0.1, 'GLD': 0.1}",0.0
1702339200000,2023-12-12,423731.0738272102,"{'SPY': 0.35, 'QQQ': 0.2, 'IWM': 0.15, 'HYG': 0.1, 'DBC': 0.1, 'GLD': 0.1}",0.0
1702425600000,2023-12-13,431096.56642371824,"{'SPY': 0.35, 'QQQ': 0.2, 'IWM': 0.15, 'HYG': 0.1, 'DBC': 0.1, 'GLD': 0.1}",0.0
1702512000000,2023-12-14,434466.201414466,"{'SPY': 0.35, 'QQQ': 0.2, 'IWM': 0.15, 'HYG': 0.1, 'DBC': 0.1, 'GLD': 0.1}",0.0
1702598400000,2023-12-15,433669.0005651944,"{'SPY': 0.35, 'QQQ': 0.2, 'IWM': 0.15, 'HYG': 0.1, 'DBC': 0.1, 'GLD': 0.1}",0.0
1702857600000,2023-12-18,435628.6777518285,"{'SPY': 0.35, 'QQQ': 0.2, 'IWM': 0.15, 'HYG': 0.1, 'DBC': 0.1, 'GLD': 0.1}",0.0
1702944000000,2023-12-19,439020.4973824062,"{'SPY': 0.35, 'QQQ': 0.2, 'IWM': 0.15, 'HYG': 0.1, 'DBC': 0.1, 'GLD': 0.1}",0.0
1703030400000,2023-12-20,433557.4081808423,"{'SPY': 0.35, 'QQQ': 0.2, 'IWM': 0.15, 'HYG': 0.1, 'DBC': 0.1, 'GLD': 0.1}",0.0
1703116800000,2023-12-21,437692.92469579674,"{'SPY': 0.35, 'QQQ': 0.2, 'IWM': 0.15, 'HYG': 0.1, 'DBC': 0.1, 'GLD': 0.1}",0.0
1703203200000,2023-12-22,438808.1658124419,"{'SPY': 0.35, 'QQQ': 0.2, 'IWM': 0.15, 'HYG': 0.1, 'DBC': 0.1, 'GLD': 0.1}",0.0
1703548800000,2023-12-26,441703.494952528,"{'SPY': 0.35, 'QQQ': 0.2, 'IWM': 0.15, 'HYG': 0.1, 'DBC': 0.1, 'GLD': 0.1}",0.0
1703635200000,2023-12-27,442582.3862576043,"{'SPY': 0.35, 'QQQ': 0.2, 'IWM': 0.15, 'HYG': 0.1, 'DBC': 0.1, 'GLD': 0.1}",0.0
1703721600000,2023-12-28,441569.4529454169,"{'SPY': 0.35, 'QQQ': 0.2, 'IWM': 0.15, 'HYG': 0.1, 'DBC': 0.1, 'GLD': 0.1}",0.0
1703808000000,2023-12-29,439180.0488577901,"{'SPY': 0.35, 'QQQ': 0.2, 'IWM': 0.15, 'HYG': 0.1, 'DBC': 0.1, 'GLD': 0.1}",0.0
1704153600000,2024-01-02,435833.2374619602,"{'SPY': 0.35, 'QQQ': 0.2, 'IWM': 0.15, 'HYG': 0.1, 'DBC': 0.1, 'GLD': 0.1}",0.0
1704240000000,2024-01-03,431998.1784558985,"{'SPY': 0.35, 'QQQ': 0.2, 'IWM': 0.15, 'HYG': 0.1, 'DBC': 0.1, 'GLD': 0.1}",0.0
1704326400000,2024-01-04,430580.49655241973,"{'SPY': 0.35, 'QQQ': 0.2, 'IWM': 0.15, 'HYG': 0.1, 'DBC': 0.1, 'GLD': 0.1}",0.0
1704412800000,2024-01-05,430954.7186857782,"{'SPY': 0.35, 'QQQ': 0.2, 'IWM': 0.15, 'HYG': 0.1, 'DBC': 0.1, 'GLD': 0.1}",0.0
1704672000000,2024-01-08,435335.2022086791,"{'SPY': 0.35, 'QQQ': 0.2, 'IWM': 0.15, 'HYG': 0.1, 'DBC': 0.1, 'GLD': 0.1}",0.0
1704758400000,2024-01-09,435092.8398675043,"{'SPY': 0.35, 'QQQ': 0.2, 'IWM': 0.15, 'HYG': 0.1, 'DBC': 0.1, 'GLD': 0.1}",0.0
1704844800000,2024-01-10,436262.91188081255,"{'SPY': 0.35, 'QQQ': 0.2, 'IWM': 0.15, 'HYG': 0.1, 'DBC': 0.1, 'GLD': 0.1}",0.0
1704931200000,2024-01-11,436410.9137916548,"{'SPY': 0.35, 'QQQ': 0.2, 'IWM': 0.15, 'HYG': 0.1, 'DBC': 0.1, 'GLD': 0.1}",0.0
1705017600000,2024-01-12,437084.51533684944,"{'SPY': 0.35, 'QQQ': 0.2, 'IWM': 0.15, 'HYG': 0.1, 'DBC': 0.1, 'GLD': 0.1}",0.0
1705363200000,2024-01-16,434636.6000519688,"{'SPY': 0.35, 'QQQ': 0.2, 'IWM': 0.15, 'HYG': 0.1, 'DBC': 0.1, 'GLD': 0.1}",0.0
1705449600000,2024-01-17,432111.8807380279,"{'SPY': 0.35, 'QQQ': 0.2, 'IWM': 0.15, 'HYG': 0.1, 'DBC': 0.1, 'GLD': 0.1}",0.0
1705536000000,2024-01-18,435789.3670120501,"{'SPY': 0.35, 'QQQ': 0.2, 'IWM': 0.15, 'HYG': 0.1, 'DBC': 0.1, 'GLD': 0.1}",0.0
1705622400000,2024-01-19,440171.2891966279,"{'SPY': 0.35, 'QQQ': 0.2, 'IWM': 0.15, 'HYG': 0.1, 'DBC': 0.1, 'GLD': 0.1}",0.0
1705881600000,2024-01-22,442070.66988195357,"{'SPY': 0.35, 'QQQ': 0.2, 'IWM': 0.15, 'HYG': 0.1, 'DBC': 0.1, 'GLD': 0.1}",0.0
1705968000000,2024-01-23,443058.1667211456,"{'SPY': 0.35, 'QQQ': 0.2, 'IWM': 0.15, 'HYG': 0.1, 'DBC': 0.1, 'GLD': 0.1}",0.0
1706054400000,2024-01-24,443165.0747418939,"{'SPY': 0.35, 'QQQ': 0.2, 'IWM': 0.15, 'HYG': 0.1, 'DBC': 0.1, 'GLD': 0.1}",0.0
1706140800000,2024-01-25,445519.8834004752,"{'SPY': 0.35, 'QQQ': 0.2, 'IWM': 0.15, 'HYG': 0.1, 'DBC': 0.1, 'GLD': 0.1}",0.0
1706227200000,2024-01-26,444926.9003581838,"{'SPY': 0.35, 'QQQ': 0.2, 'IWM': 0.15, 'HYG': 0.1, 'DBC': 0.1, 'GLD': 0.1}",0.0
1706486400000,2024-01-29,448277.04817668203,"{'SPY': 0.35, 'QQQ': 0.2, 'IWM': 0.15, 'HYG': 0.1, 'DBC': 0.1, 'GLD': 0.1}",0.0
1706572800000,2024-01-30,447289.8135807473,"{'SPY': 0.35, 'QQQ': 0.2, 'IWM': 0.15, 'HYG': 0.1, 'DBC': 0.1, 'GLD': 0.1}",0.0
1706659200000,2024-01-31,440708.6506912916,"{'SPY': 0.35, 'QQQ': 0.2, 'IWM': 0.15, 'HYG': 0.1, 'DBC': 0.1, 'GLD': 0.1}",0.0
1706745600000,2024-02-01,444822.08676372975,"{'SPY': 0.35, 'QQQ': 0.2, 'IWM': 0.15, 'HYG': 0.1, 'DBC': 0.1, 'GLD': 0.1}",0.0
1706832000000,2024-02-02,446487.5730008704,"{'SPY': 0.35, 'QQQ': 0.2, 'IWM': 0.15, 'HYG': 0.1, 'DBC': 0.1, 'GLD': 0.1}",0.0
1707091200000,2024-02-05,444680.8935476411,"{'SPY': 0.35, 'QQQ': 0.2, 'IWM': 0.15, 'HYG': 0.1, 'DBC': 0.1, 'GLD': 0.1}",0.0
1707177600000,2024-02-06,446112.30719987623,"{'SPY': 0.35, 'QQQ': 0.2, 'IWM': 0.15, 'HYG': 0.1, 'DBC': 0.1, 'GLD': 0.1}",0.0
1707264000000,2024-02-07,448443.53199466417,"{'SPY': 0.35, 'QQQ': 0.2, 'IWM': 0.15, 'HYG': 0.1, 'DBC': 0.1, 'GLD': 0.1}",0.0
1707350400000,2024-02-08,449879.05150241294,"{'SPY': 0.35, 'QQQ': 0.2, 'IWM': 0.15, 'HYG': 0.1, 'DBC': 0.1, 'GLD': 0.1}",0.0
1707436800000,2024-02-09,452812.5927900327,"{'SPY': 0.35, 'QQQ': 0.2, 'IWM': 0.15, 'HYG': 0.1, 'DBC': 0.1, 'GLD': 0.1}",0.0
1707696000000,2024-02-12,453424.75230662315,"{'SPY': 0.35, 'QQQ': 0.2, 'IWM': 0.15, 'HYG': 0.1, 'DBC': 0.1, 'GLD': 0.1}",0.0
1707782400000,2024-02-13,445772.2872542581,"{'SPY': 0.35, 'QQQ': 0.2, 'IWM': 0.15, 'HYG': 0.1, 'DBC': 0.1, 'GLD': 0.1}",0.0
1707868800000,2024-02-14,449439.9627943496,"{'SPY': 0.35, 'QQQ': 0.2, 'IWM': 0.15, 'HYG': 0.1, 'DBC': 0.1, 'GLD': 0.1}",0.0
1707955200000,2024-02-15,453153.2328844256,"{'SPY': 0.35, 'QQQ': 0.2, 'IWM': 0.15, 'HYG': 0.1, 'DBC': 0.1, 'GLD': 0.1}",0.0
1708041600000,2024-02-16,450751.1944736362,"{'SPY': 0.35, 'QQQ': 0.2, 'IWM': 0.15, 'HYG': 0.1, 'DBC': 0.1, 'GLD': 0.1}",0.0
1708387200000,2024-02-20,448391.71714542026,"{'SPY': 0.35, 'QQQ': 0.2, 'IWM': 0.15, 'HYG': 0.1, 'DBC': 0.1, 'GLD': 0.1}",0.0
1708473600000,2024-02-21,447962.23776635254,"{'SPY': 0.35, 'QQQ': 0.2, 'IWM': 0.15, 'HYG': 0.1, 'DBC': 0.1, 'GLD': 0.1}",0.0
1708560000000,2024-02-22,454695.8229279708,"{'SPY': 0.35, 'QQQ': 0.2, 'IWM': 0.15, 'HYG': 0.1, 'DBC': 0.1, 'GLD': 0.1}",0.0
1708646400000,2024-02-23,454318.47434387414,"{'SPY': 0.35, 'QQQ': 0.2, 'IWM': 0.15, 'HYG': 0.1, 'DBC': 0.1, 'GLD': 0.1}",0.0
1708905600000,2024-02-26,454287.774116423,"{'SPY': 0.35, 'QQQ': 0.2, 'IWM': 0.15, 'HYG': 0.1, 'DBC': 0.1, 'GLD': 0.1}",0.0
1708992000000,2024-02-27,456129.82068813546,"{'SPY': 0.35, 'QQQ': 0.2, 'IWM': 0.15, 'HYG': 0.1, 'DBC': 0.1, 'GLD': 0.1}",0.0
1709078400000,2024-02-28,454760.5682246963,"{'SPY': 0.35, 'QQQ': 0.2, 'IWM': 0.15, 'HYG': 0.1, 'DBC': 0.1, 'GLD': 0.1}",0.0
1709164800000,2024-02-29,456842.31007233483,"{'SPY': 0.35, 'QQQ': 0.2, 'IWM': 0.15, 'HYG': 0.1, 'DBC': 0.1, 'GLD': 0.1}",0.0
1709251200000,2024-03-01,461709.2442147866,"{'SPY': 0.35, 'QQQ': 0.2, 'IWM': 0.15, 'HYG': 0.1, 'DBC': 0.1, 'GLD': 0.1}",0.0
1709510400000,2024-03-04,462023.6257545352,"{'SPY': 0.35, 'QQQ': 0.2, 'IWM': 0.15, 'HYG': 0.1, 'DBC': 0.1, 'GLD': 0.1}",0.0
1709596800000,2024-03-05,457973.08678426576,"{'SPY': 0.35, 'QQQ': 0.2, 'IWM': 0.15, 'HYG': 0.1, 'DBC': 0.1, 'GLD': 0.1}",0.0
1709683200000,2024-03-06,460737.212505406,"{'SPY': 0.35, 'QQQ': 0.2, 'IWM': 0.15, 'HYG': 0.1, 'DBC': 0.1, 'GLD': 0.1}",0.0
1709769600000,2024-03-07,464752.483927206,"{'SPY': 0.35, 'QQQ': 0.2, 'IWM': 0.15, 'HYG': 0.1, 'DBC': 0.1, 'GLD': 0.1}",0.0
1709856000000,2024-03-08,462649.1965373433,"{'SPY': 0.35, 'QQQ': 0.2, 'IWM': 0.15, 'HYG': 0.1, 'DBC': 0.1, 'GLD': 0.1}",0.0
1710115200000,2024-03-11,462091.57401999575,"{'SPY': 0.35, 'QQQ': 0.2, 'IWM': 0.15, 'HYG': 0.1, 'DBC': 0.1, 'GLD': 0.1}",0.0
1710201600000,2024-03-12,464473.88682075334,"{'SPY': 0.35, 'QQQ': 0.2, 'IWM': 0.15, 'HYG': 0.1, 'DBC': 0.1, 'GLD': 0.1}",0.0
1710288000000,2024-03-13,464766.19293427205,"{'SPY': 0.35, 'QQQ': 0.2, 'IWM': 0.15, 'HYG': 0.1, 'DBC': 0.1, 'GLD': 0.1}",0.0
1710374400000,2024-03-14,462691.0392624977,"{'SPY': 0.35, 'QQQ': 0.2, 'IWM': 0.15, 'HYG': 0.1, 'DBC': 0.1, 'GLD': 0.1}",0.0
1710460800000,2024-03-15,460595.0367204588,"{'SPY': 0.35, 'QQQ': 0.2, 'IWM': 0.15, 'HYG': 0.1, 'DBC': 0.1, 'GLD': 0.1}",0.0
1710720000000,2024-03-18,462642.0818659378,"{'SPY': 0.35, 'QQQ': 0.2, 'IWM': 0.15, 'HYG': 0.1, 'DBC': 0.1, 'GLD': 0.1}",0.0
1710806400000,2024-03-19,464177.89413617714,"{'SPY': 0.35, 'QQQ': 0.2, 'IWM': 0.15, 'HYG': 0.1, 'DBC': 0.1, 'GLD': 0.1}",0.0
1710892800000,2024-03-20,468746.58230634255,"{'SPY': 0.35, 'QQQ': 0.2, 'IWM': 0.15, 'HYG': 0.1, 'DBC': 0.1, 'GLD': 0.1}",0.0
1710979200000,2024-03-21,470406.0530769385,"{'SPY': 0.35, 'QQQ': 0.2, 'IWM': 0.15, 'HYG': 0.1, 'DBC': 0.1, 'GLD': 0.1}",0.0
1711065600000,2024-03-22,468472.8176366371,"{'SPY': 0.35, 'QQQ': 0.2, 'IWM': 0.15, 'HYG': 0.1, 'DBC': 0.1, 'GLD': 0.1}",0.0
1711324800000,2024-03-25,468310.08259675786,"{'SPY': 0.35, 'QQQ': 0.2, 'IWM': 0.15, 'HYG': 0.1, 'DBC': 0.1, 'GLD': 0.1}",0.0
1711411200000,2024-03-26,467306.678771434,"{'SPY': 0.35, 'QQQ': 0.2, 'IWM': 0.15, 'HYG': 0.1, 'DBC': 0.1, 'GLD': 0.1}",0.0
1711497600000,2024-03-27,471071.18247627857,"{'SPY': 0.35, 'QQQ': 0.2, 'IWM': 0.15, 'HYG': 0.1, 'DBC': 0.1, 'GLD': 0.1}",0.0
1711584000000,2024-03-28,472153.6158845275,"{'SPY': 0.35, 'QQQ': 0.2, 'IWM': 0.15, 'HYG': 0.1, 'DBC': 0.1, 'GLD': 0.1}",0.0
1711929600000,2024-04-01,471914.991090526,"{'SPY': 0.35, 'QQQ': 0.2, 'IWM': 0.15, 'HYG': 0.1, 'DBC': 0.1, 'GLD': 0.1}",0.0
1712016000000,2024-04-02,469795.7137262525,"{'SPY': 0.35, 'QQQ': 0.2, 'IWM': 0.15, 'HYG': 0.1, 'DBC': 0.1, 'GLD': 0.1}",0.0
1712102400000,2024-04-03,471662.56067829754,"{'SPY': 0.35, 'QQQ': 0.2, 'IWM': 0.15, 'HYG': 0.1, 'DBC': 0.1, 'GLD': 0.1}",0.0
1712188800000,2024-04-04,467309.89622681704,"{'SPY': 0.35, 'QQQ': 0.2, 'IWM': 0.15, 'HYG': 0.1, 'DBC': 0.1, 'GLD': 0.1}",0.0
1712275200000,2024-04-05,471348.3589941552,"{'SPY': 0.35, 'QQQ': 0.2, 'IWM': 0.15, 'HYG': 0.1, 'DBC': 0.1, 'GLD': 0.1}",0.0
1712534400000,2024-04-08,472239.9674638939,"{'SPY': 0.35, 'QQQ': 0.2, 'IWM': 0.15, 'HYG': 0.1, 'DBC': 0.1, 'GLD': 0.1}",0.0
1712620800000,2024-04-09,473158.82824802684,"{'SPY': 0.35, 'QQQ': 0.2, 'IWM': 0.15, 'HYG': 0.1, 'DBC': 0.1, 'GLD': 0.1}",0.0
1712707200000,2024-04-10,468176.06807619345,"{'SPY': 0.35, 'QQQ': 0.2, 'IWM': 0.15, 'HYG': 0.1, 'DBC': 0.1, 'GLD': 0.1}",0.0
1712793600000,2024-04-11,472171.25900710543,"{'SPY': 0.35, 'QQQ': 0.2, 'IWM': 0.15, 'HYG': 0.1, 'DBC': 0.1, 'GLD': 0.1}",0.0
1712880000000,2024-04-12,466534.2250083543,"{'SPY': 0.35, 'QQQ': 0.2, 'IWM': 0.15, 'HYG': 0.1, 'DBC': 0.1, 'GLD': 0.1}",0.0
1713139200000,2024-04-15,462592.1525280206,"{'SPY': 0.35, 'QQQ': 0.2, 'IWM': 0.15, 'HYG': 0.1, 'DBC': 0.1, 'GLD': 0.1}",0.0
1713225600000,2024-04-16,461876.57737776043,"{'SPY': 0.35, 'QQQ': 0.2, 'IWM': 0.15, 'HYG': 0.1, 'DBC': 0.1, 'GLD': 0.1}",0.0
1713312000000,2024-04-17,458061.01523879403,"{'SPY': 0.35, 'QQQ': 0.2, 'IWM': 0.15, 'HYG': 0.1, 'DBC': 0.1, 'GLD': 0.1}",0.0
1713398400000,2024-04-18,457324.4656662899,"{'SPY': 0.35, 'QQQ': 0.2, 'IWM': 0.15, 'HYG': 0.1, 'DBC': 0.1, 'GLD': 0.1}",0.0
1713484800000,2024-04-19,454585.03251058696,"{'SPY': 0.35, 'QQQ': 0.2, 'IWM': 0.15, 'HYG': 0.1, 'DBC': 0.1, 'GLD': 0.1}",0.0
1713744000000,2024-04-22,456855.51432462386,"{'SPY': 0.35, 'QQQ': 0.2, 'IWM': 0.15, 'HYG': 0.1, 'DBC': 0.1, 'GLD': 0.1}",0.0
1713830400000,2024-04-23,461531.8674899461,"{'SPY': 0.35, 'QQQ': 0.2, 'IWM': 0.15, 'HYG': 0.1, 'DBC': 0.1, 'GLD': 0.1}",0.0
1713916800000,2024-04-24,461210.62759600824,"{'SPY': 0.35, 'QQQ': 0.2, 'IWM': 0.15, 'HYG': 0.1, 'DBC': 0.1, 'GLD': 0.1}",0.0
1714003200000,2024-04-25,460165.57304105384,"{'SPY': 0.35, 'QQQ': 0.2, 'IWM': 0.15, 'HYG': 0.1, 'DBC': 0.1, 'GLD': 0.1}",0.0
1714089600000,2024-04-26,464104.8532800567,"{'SPY': 0.35, 'QQQ': 0.2, 'IWM': 0.15, 'HYG': 0.1, 'DBC': 0.1, 'GLD': 0.1}",0.0
1714348800000,2024-04-29,465624.3249493183,"{'SPY': 0.35, 'QQQ': 0.2, 'IWM': 0.15, 'HYG': 0.1, 'DBC': 0.1, 'GLD': 0.1}",0.0
1714435200000,2024-04-30,458010.0929873041,"{'SPY': 0.35, 'QQQ': 0.2, 'IWM': 0.15, 'HYG': 0.1, 'DBC': 0.1, 'GLD': 0.1}",0.0
1714521600000,2024-05-01,456960.30259909364,"{'SPY': 0.35, 'QQQ': 0.2, 'IWM': 0.15, 'HYG': 0.1, 'DBC': 0.1, 'GLD': 0.1}",0.0
1714608000000,2024-05-02,461182.5654123741,"{'SPY': 0.35, 'QQQ': 0.2, 'IWM': 0.15, 'HYG': 0.1, 'DBC': 0.1, 'GLD': 0.1}",0.0
1714694400000,2024-05-03,465937.70881040994,"{'SPY': 0.35, 'QQQ': 0.2, 'IWM': 0.15, 'HYG': 0.1, 'DBC': 0.1, 'GLD': 0.1}",0.0
1714953600000,2024-05-06,470614.719817013,"{'SPY': 0.35, 'QQQ': 0.2, 'IWM': 0.15, 'HYG': 0.1, 'DBC': 0.1, 'GLD': 0.1}",0.0
1715040000000,2024-05-07,470719.536505395,"{'SPY': 0.35, 'QQQ': 0.2, 'IWM': 0.15, 'HYG': 0.1, 'DBC': 0.1, 'GLD': 0.1}",0.0
1715126400000,2024-05-08,469779.7855667611,"{'SPY': 0.35, 'QQQ': 0.2, 'IWM': 0.15, 'HYG': 0.1, 'DBC': 0.1, 'GLD': 0.1}",0.0
1715212800000,2024-05-09,472586.8944821384,"{'SPY': 0.35, 'QQQ': 0.2, 'IWM': 0.15, 'HYG': 0.1, 'DBC': 0.1, 'GLD': 0.1}",0.0
1715299200000,2024-05-10,472717.7914271924,"{'SPY': 0.35, 'QQQ': 0.2, 'IWM': 0.15, 'HYG': 0.1, 'DBC': 0.1, 'GLD': 0.1}",0.0
1715558400000,2024-05-13,472870.1381102337,"{'SPY': 0.35, 'QQQ': 0.2, 'IWM': 0.15, 'HYG': 0.1, 'DBC': 0.1, 'GLD': 0.1}",0.0
1715644800000,2024-05-14,475244.36154137837,"{'SPY': 0.35, 'QQQ': 0.2, 'IWM': 0.15, 'HYG': 0.1, 'DBC': 0.1, 'GLD': 0.1}",0.0
1715731200000,2024-05-15,480729.7690841911,"{'SPY': 0.35, 'QQQ': 0.2, 'IWM': 0.15, 'HYG': 0.1, 'DBC': 0.1, 'GLD': 0.1}",0.0
1715817600000,2024-05-16,479492.677717857,"{'SPY': 0.35, 'QQQ': 0.2, 'IWM': 0.15, 'HYG': 0.1, 'DBC': 0.1, 'GLD': 0.1}",0.0
1715904000000,2024-05-17,481026.72184224334,"{'SPY': 0.35, 'QQQ': 0.2, 'IWM': 0.15, 'HYG': 0.1, 'DBC': 0.1, 'GLD': 0.1}",0.0
1716163200000,2024-05-20,482695.52549164405,"{'SPY': 0.35, 'QQQ': 0.2, 'IWM': 0.15, 'HYG': 0.1, 'DBC': 0.1, 'GLD': 0.1}",0.0
1716249600000,2024-05-21,482919.11867448874,"{'SPY': 0.35, 'QQQ': 0.2, 'IWM': 0.15, 'HYG': 0.1, 'DBC': 0.1, 'GLD': 0.1}",0.0
1716336000000,2024-05-22,480118.543145166,"{'SPY': 0.35, 'QQQ': 0.2, 'IWM': 0.15, 'HYG': 0.1, 'DBC': 0.1, 'GLD': 0.1}",0.0
1716422400000,2024-05-23,475906.23494667164,"{'SPY': 0.35, 'QQQ': 0.2, 'IWM': 0.15, 'HYG': 0.1, 'DBC': 0.1, 'GLD': 0.1}",0.0
1716508800000,2024-05-24,479236.25975116837,"{'SPY': 0.35, 'QQQ': 0.2, 'IWM': 0.15, 'HYG': 0.1, 'DBC': 0.1, 'GLD': 0.1}",0.0
1716854400000,2024-05-28,480784.4421376358,"{'SPY': 0.35, 'QQQ': 0.2, 'IWM': 0.15, 'HYG': 0.1, 'DBC': 0.1, 'GLD': 0.1}",0.0
1716940800000,2024-05-29,476769.8255401061,"{'SPY': 0.35, 'QQQ': 0.2, 'IWM': 0.15, 'HYG': 0.1, 'DBC': 0.1, 'GLD': 0.1}",0.0
1717027200000,2024-05-30,474980.2730506598,"{'SPY': 0.35, 'QQQ': 0.2, 'IWM': 0.15, 'HYG': 0.1, 'DBC': 0.1, 'GLD': 0.1}",0.0
1717113600000,2024-05-31,476297.19727043016,"{'SPY': 0.2, 'QQQ': 0.1, 'TLT': 0.25, 'IEF': 0.2, 'GLD': 0.15, 'SHY': 0.1}",0.0
1717372800000,2024-06-03,479871.5548153694,"{'SPY': 0.2, 'QQQ': 0.1, 'TLT': 0.25, 'IEF': 0.2, 'GLD': 0.15, 'SHY': 0.1}",0.0
1717459200000,2024-06-04,481438.13015307963,"{'SPY': 0.2, 'QQQ': 0.1, 'TLT': 0.25, 'IEF': 0.2, 'GLD': 0.15, 'SHY': 0.1}",0.0
1717545600000,2024-06-05,485688.69417191454,"{'SPY': 0.2, 'QQQ': 0.1, 'TLT': 0.25, 'IEF': 0.2, 'GLD': 0.15, 'SHY': 0.1}",0.0
1717632000000,2024-06-06,485991.1131813681,"{'SPY': 0.2, 'QQQ': 0.1, 'TLT': 0.25, 'IEF': 0.2, 'GLD': 0.15, 'SHY': 0.1}",0.0
1717718400000,2024-06-07,479850.1193130839,"{'SPY': 0.2, 'QQQ': 0.1, 'TLT': 0.25, 'IEF': 0.2, 'GLD': 0.15, 'SHY': 0.1}",0.0
1717977600000,2024-06-10,480000.04416127165,"{'SPY': 0.2, 'QQQ': 0.1, 'TLT': 0.25, 'IEF': 0.2, 'GLD': 0.15, 'SHY': 0.1}",0.0
1718064000000,2024-06-11,482567.6854105755,"{'SPY': 0.2, 'QQQ': 0.1, 'TLT': 0.25, 'IEF': 0.2, 'GLD': 0.15, 'SHY': 0.1}",0.0
1718150400000,2024-06-12,485695.09773073107,"{'SPY': 0.2, 'QQQ': 0.1, 'TLT': 0.25, 'IEF': 0.2, 'GLD': 0.15, 'SHY': 0.1}",0.0
1718236800000,2024-06-13,488064.82113443763,"{'SPY': 0.2, 'QQQ': 0.1, 'TLT': 0.25, 'IEF': 0.2, 'GLD': 0.15, 'SHY': 0.1}",0.0
1718323200000,2024-06-14,490586.13732269517,"{'SPY': 0.2, 'QQQ': 0.1, 'TLT': 0.25, 'IEF': 0.2, 'GLD': 0.15, 'SHY': 0.1}",0.0
1718582400000,2024-06-17,489863.7824235011,"{'SPY': 0.2, 'QQQ': 0.1, 'TLT': 0.25, 'IEF': 0.2, 'GLD': 0.15, 'SHY': 0.1}",0.0
1718668800000,2024-06-18,492038.66567586066,"{'SPY': 0.2, 'QQQ': 0.1, 'TLT': 0.25, 'IEF': 0.2, 'GLD': 0.15, 'SHY': 0.1}",0.0
1718841600000,2024-06-20,491226.37265553663,"{'SPY': 0.2, 'QQQ': 0.1, 'TLT': 0.25, 'IEF': 0.2, 'GLD': 0.15, 'SHY': 0.1}",0.0
1718928000000,2024-06-21,489860.35517379385,"{'SPY': 0.2, 'QQQ': 0.1, 'TLT': 0.25, 'IEF': 0.2, 'GLD': 0.15, 'SHY': 0.1}",0.0
1719187200000,2024-06-24,489859.31696669996,"{'SPY': 0.2, 'QQQ': 0.1, 'TLT': 0.25, 'IEF': 0.2, 'GLD': 0.15, 'SHY': 0.1}",0.0
1719273600000,2024-06-25,490728.87375618663,"{'SPY': 0.2, 'QQQ': 0.1, 'TLT': 0.25, 'IEF': 0.2, 'GLD': 0.15, 'SHY': 0.1}",0.0
1719360000000,2024-06-26,487880.7909379793,"{'SPY': 0.2, 'QQQ': 0.1, 'TLT': 0.25, 'IEF': 0.2, 'GLD': 0.15, 'SHY': 0.1}",0.0
1719446400000,2024-06-27,489728.7501375505,"{'SPY': 0.2, 'QQQ': 0.1, 'TLT': 0.25, 'IEF': 0.2, 'GLD': 0.15, 'SHY': 0.1}",0.0
1719532800000,2024-06-28,486303.82182117447,"{'SPY': 0.2, 'QQQ': 0.1, 'TLT': 0.25, 'IEF': 0.2, 'GLD': 0.15, 'SHY': 0.1}",0.0
1719792000000,2024-07-01,484115.0886368875,"{'SPY': 0.2, 'QQQ': 0.1, 'TLT': 0.25, 'IEF': 0.2, 'GLD': 0.15, 'SHY': 0.1}",0.0
1719878400000,2024-07-02,486621.21601267124,"{'SPY': 0.2, 'QQQ': 0.1, 'TLT': 0.25, 'IEF': 0.2, 'GLD': 0.15, 'SHY': 0.1}",0.0
1719964800000,2024-07-03,490602.3121212618,"{'SPY': 0.2, 'QQQ': 0.1, 'TLT': 0.25, 'IEF': 0.2, 'GLD': 0.15, 'SHY': 0.1}",0.0
1720137600000,2024-07-05,494322.76581221126,"{'SPY': 0.2, 'QQQ': 0.1, 'TLT': 0.25, 'IEF': 0.2, 'GLD': 0.15, 'SHY': 0.1}",0.0
1720396800000,2024-07-08,493927.24335021275,"{'SPY': 0.2, 'QQQ': 0.1, 'TLT': 0.25, 'IEF': 0.2, 'GLD': 0.15, 'SHY': 0.1}",0.0
1720483200000,2024-07-09,493497.4205766305,"{'SPY': 0.2, 'QQQ': 0.1, 'TLT': 0.25, 'IEF': 0.2, 'GLD': 0.15, 'SHY': 0.1}",0.0
1720569600000,2024-07-10,495759.6079029619,"{'SPY': 0.2, 'QQQ': 0.1, 'TLT': 0.25, 'IEF': 0.2, 'GLD': 0.15, 'SHY': 0.1}",0.0
1720656000000,2024-07-11,497087.4501909728,"{'SPY': 0.2, 'QQQ': 0.1, 'TLT': 0.25, 'IEF': 0.2, 'GLD': 0.15, 'SHY': 0.1}",0.0
1720742400000,2024-07-12,498773.97967979196,"{'SPY': 0.2, 'QQQ': 0.1, 'TLT': 0.25, 'IEF': 0.2, 'GLD': 0.15, 'SHY': 0.1}",0.0
1721001600000,2024-07-15,497675.0414342034,"{'SPY': 0.2, 'QQQ': 0.1, 'TLT': 0.25, 'IEF': 0.2, 'GLD': 0.15, 'SHY': 0.1}",0.0
1721088000000,2024-07-16,501986.9868686736,"{'SPY': 0.2, 'QQQ': 0.1, 'TLT': 0.25, 'IEF': 0.2, 'GLD': 0.15, 'SHY': 0.1}",0.0
1721174400000,2024-07-17,498873.3502757645,"{'SPY': 0.2, 'QQQ': 0.1, 'TLT': 0.25, 'IEF': 0.2, 'GLD': 0.15, 'SHY': 0.1}",0.0
1721260800000,2024-07-18,496132.1382089001,"{'SPY': 0.2, 'QQQ': 0.1, 'TLT': 0.25, 'IEF': 0.2, 'GLD': 0.15, 'SHY': 0.1}",0.0
1721347200000,2024-07-19,492630.74417885824,"{'SPY': 0.2, 'QQQ': 0.1, 'TLT': 0.25, 'IEF': 0.2, 'GLD': 0.15, 'SHY': 0.1}",0.0
1721606400000,2024-07-22,493958.1648120889,"{'SPY': 0.2, 'QQQ': 0.1, 'TLT': 0.25, 'IEF': 0.2, 'GLD': 0.15, 'SHY': 0.1}",0.0
1721692800000,2024-07-23,493813.7263566779,"{'SPY': 0.2, 'QQQ': 0.1, 'TLT': 0.25, 'IEF': 0.2, 'GLD': 0.15, 'SHY': 0.1}",0.0
1721779200000,2024-07-24,488015.04169950465,"{'SPY': 0.2, 'QQQ': 0.1, 'TLT': 0.25, 'IEF': 0.2, 'GLD': 0.15, 'SHY': 0.1}",0.0
1721865600000,2024-07-25,487046.09250525106,"{'SPY': 0.2, 'QQQ': 0.1, 'TLT': 0.25, 'IEF': 0.2, 'GLD': 0.15, 'SHY': 0.1}",0.0
1721952000000,2024-07-26,490885.1928360835,"{'SPY': 0.2, 'QQQ': 0.1, 'TLT': 0.25, 'IEF': 0.2, 'GLD': 0.15, 'SHY': 0.1}",0.0
1722211200000,2024-07-29,491769.21073386935,"{'SPY': 0.2, 'QQQ': 0.1, 'TLT': 0.25, 'IEF': 0.2, 'GLD': 0.15, 'SHY': 0.1}",0.0
1722297600000,2024-07-30,492030.30411432206,"{'SPY': 0.2, 'QQQ': 0.1, 'TLT': 0.25, 'IEF': 0.2, 'GLD': 0.15, 'SHY': 0.1}",0.0
1722384000000,2024-07-31,498504.91118599655,"{'SPY': 0.2, 'QQQ': 0.1, 'TLT': 0.25, 'IEF': 0.2, 'GLD': 0.15, 'SHY': 0.1}",0.0
1722470400000,2024-08-01,497215.07035683864,"{'SPY': 0.2, 'QQQ': 0.1, 'TLT': 0.25, 'IEF': 0.2, 'GLD': 0.15, 'SHY': 0.1}",0.0
1722556800000,2024-08-02,499733.4759709001,"{'SPY': 0.2, 'QQQ': 0.1, 'TLT': 0.25, 'IEF': 0.2, 'GLD': 0.15, 'SHY': 0.1}",0.0
1722816000000,2024-08-05,495132.53481807257,"{'SPY': 0.2, 'QQQ': 0.1, 'TLT': 0.25, 'IEF': 0.2, 'GLD': 0.15, 'SHY': 0.1}",0.0
1722902400000,2024-08-06,492214.52172493865,"{'SPY': 0.2, 'QQQ': 0.1, 'TLT': 0.25, 'IEF': 0.2, 'GLD': 0.15, 'SHY': 0.1}",0.0
1722988800000,2024-08-07,489721.6996313041,"{'SPY': 0.2, 'QQQ': 0.1, 'TLT': 0.25, 'IEF': 0.2, 'GLD': 0.15, 'SHY': 0.1}",0.0
1723075200000,2024-08-08,493565.3138588861,"{'SPY': 0.2, 'QQQ': 0.1, 'TLT': 0.25, 'IEF': 0.2, 'GLD': 0.15, 'SHY': 0.1}",0.0
1723161600000,2024-08-09,496068.88009986124,"{'SPY': 0.2, 'QQQ': 0.1, 'TLT': 0.25, 'IEF': 0.2, 'GLD': 0.15, 'SHY': 0.1}",0.0
1723420800000,2024-08-12,498261.70512797474,"{'SPY': 0.2, 'QQQ': 0.1, 'TLT': 0.25, 'IEF': 0.2, 'GLD': 0.15, 'SHY': 0.1}",0.0
1723507200000,2024-08-13,502406.8039584952,"{'SPY': 0.2, 'QQQ': 0.1, 'TLT': 0.25, 'IEF': 0.2, 'GLD': 0.15, 'SHY': 0.1}",0.0
1723593600000,2024-08-14,503041.15539787075,"{'SPY': 0.2, 'QQQ': 0.1, 'TLT': 0.25, 'IEF': 0.2, 'GLD': 0.15, 'SHY': 0.1}",0.0
1723680000000,2024-08-15,504507.1088094598,"{'SPY': 0.2, 'QQQ': 0.1, 'TLT': 0.25, 'IEF': 0.2, 'GLD': 0.15, 'SHY': 0.1}",0.0
1723766400000,2024-08-16,507187.022030639,"{'SPY': 0.2, 'QQQ': 0.1, 'TLT': 0.25, 'IEF': 0.2, 'GLD': 0.15, 'SHY': 0.1}",0.0
1724025600000,2024-08-19,509407.6678946398,"{'SPY': 0.2, 'QQQ': 0.1, 'TLT': 0.25, 'IEF': 0.2, 'GLD': 0.15, 'SHY': 0.1}",0.0
1724112000000,2024-08-20,510913.1212101542,"{'SPY': 0.2, 'QQQ': 0.1, 'TLT': 0.25, 'IEF': 0.2, 'GLD': 0.15, 'SHY': 0.1}",0.0
1724198400000,2024-08-21,511743.1114660663,"{'SPY': 0.2, 'QQQ': 0.1, 'TLT': 0.25, 'IEF': 0.2, 'GLD': 0.15, 'SHY': 0.1}",0.0
1724284800000,2024-08-22,507400.3007708991,"{'SPY': 0.2, 'QQQ': 0.1, 'TLT': 0.25, 'IEF': 0.2, 'GLD': 0.15, 'SHY': 0.1}",0.0
1724371200000,2024-08-23,511324.52775560133,"{'SPY': 0.2, 'QQQ': 0.1, 'TLT': 0.25, 'IEF': 0.2, 'GLD': 0.15, 'SHY': 0.1}",0.0
1724630400000,2024-08-26,510353.9749885953,"{'SPY': 0.2, 'QQQ': 0.1, 'TLT': 0.25, 'IEF': 0.2, 'GLD': 0.15, 'SHY': 0.1}",0.0
1724716800000,2024-08-27,510621.8037229481,"{'SPY': 0.2, 'QQQ': 0.1, 'TLT': 0.25, 'IEF': 0.2, 'GLD': 0.15, 'SHY': 0.1}",0.0
1724803200000,2024-08-28,508696.46857702435,"{'SPY': 0.2, 'QQQ': 0.1, 'TLT': 0.25, 'IEF': 0.2, 'GLD': 0.15, 'SHY': 0.1}",0.0
1724889600000,2024-08-29,508426.95727732725,"{'SPY': 0.2, 'QQQ': 0.1, 'TLT': 0.25, 'IEF': 0.2, 'GLD': 0.15, 'SHY': 0.1}",0.0
1724976000000,2024-08-30,507749.8885991173,"{'SPY': 0.2, 'QQQ': 0.1, 'TLT': 0.25, 'IEF': 0.2, 'GLD': 0.15, 'SHY': 0.1}",0.0
1725321600000,2024-09-03,506588.93098086765,"{'SPY': 0.2, 'QQQ': 0.1, 'TLT': 0.25, 'IEF': 0.2, 'GLD': 0.15, 'SHY': 0.1}",0.0
1725408000000,2024-09-04,508631.74138070055,"{'SPY': 0.2, 'QQQ': 0.1, 'TLT': 0.25, 'IEF': 0.2, 'GLD': 0.15, 'SHY': 0.1}",0.0
1725494400000,2024-09-05,510043.9458660794,"{'SPY': 0.2, 'QQQ': 0.1, 'TLT': 0.25, 'IEF': 0.2, 'GLD': 0.15, 'SHY': 0.1}",0.0
1725580800000,2024-09-06,506619.5032547511,"{'SPY': 0.2, 'QQQ': 0.1, 'TLT': 0.25, 'IEF': 0.2, 'GLD': 0.15, 'SHY': 0.1}",0.0
1725840000000,2024-09-09,509422.42207564315,"{'SPY': 0.2, 'QQQ': 0.1, 'TLT': 0.25, 'IEF': 0.2, 'GLD': 0.15, 'SHY': 0.1}",0.0
1725926400000,2024-09-10,512073.2108326842,"{'SPY': 0.2, 'QQQ': 0.1, 'TLT': 0.25, 'IEF': 0.2, 'GLD': 0.15, 'SHY': 0.1}",0.0
1726012800000,2024-09-11,513896.35967607656,"{'SPY': 0.2, 'QQQ': 0.1, 'TLT': 0.25, 'IEF': 0.2, 'GLD': 0.15, 'SHY': 0.1}",0.0
1726099200000,2024-09-12,515860.372015447,"{'SPY': 0.2, 'QQQ': 0.1, 'TLT': 0.25, 'IEF': 0.2, 'GLD': 0.15, 'SHY': 0.1}",0.0
1726185600000,2024-09-13,518020.6401020698,"{'SPY': 0.2, 'QQQ': 0.1, 'TLT': 0.25, 'IEF': 0.2, 'GLD': 0.15, 'SHY': 0.1}",0.0
1726444800000,2024-09-16,519428.4170330536,"{'SPY': 0.2, 'QQQ': 0.1, 'TLT': 0.25, 'IEF': 0.2, 'GLD': 0.15, 'SHY': 0.1}",0.0
1726531200000,2024-09-17,518213.31543124316,"{'SPY': 0.2, 'QQQ': 0.1, 'TLT': 0.25, 'IEF': 0.2, 'GLD': 0.15, 'SHY': 0.1}",0.0
1726617600000,2024-09-18,515007.2956879709,"{'SPY': 0.2, 'QQQ': 0.1, 'TLT': 0.25, 'IEF': 0.2, 'GLD': 0.15, 'SHY': 0.1}",0.0
1726704000000,2024-09-19,518800.74637130345,"{'SPY': 0.2, 'QQQ': 0.1, 'TLT': 0.25, 'IEF': 0.2, 'GLD': 0.15, 'SHY': 0.1}",0.0
1726790400000,2024-09-20,519002.33747331746,"{'SPY': 0.2, 'QQQ': 0.1, 'TLT': 0.25, 'IEF': 0.2, 'GLD': 0.15, 'SHY': 0.1}",0.0
1727049600000,2024-09-23,519211.52947070077,"{'SPY': 0.2, 'QQQ': 0.1, 'TLT': 0.25, 'IEF': 0.2, 'GLD': 0.15, 'SHY': 0.1}",0.0
1727136000000,2024-09-24,520986.8083198477,"{'SPY': 0.2, 'QQQ': 0.1, 'TLT': 0.25, 'IEF': 0.2, 'GLD': 0.15, 'SHY': 0.1}",0.0
1727222400000,2024-09-25,519147.618132386,"{'SPY': 0.2, 'QQQ': 0.1, 'TLT': 0.25, 'IEF': 0.2, 'GLD': 0.15, 'SHY': 0.1}",0.0
1727308800000,2024-09-26,520526.5327238744,"{'SPY': 0.2, 'QQQ': 0.1, 'TLT': 0.25, 'IEF': 0.2, 'GLD': 0.15, 'SHY': 0.1}",0.0
1727395200000,2024-09-27,520639.1918101981,"{'SPY': 0.2, 'QQQ': 0.1, 'TLT': 0.25, 'IEF': 0.2, 'GLD': 0.15, 'SHY': 0.1}",0.0
1727654400000,2024-09-30,519591.4531874119,"{'SPY': 0.2, 'QQQ': 0.1, 'TLT': 0.25, 'IEF': 0.2, 'GLD': 0.15, 'SHY': 0.1}",0.0
1727740800000,2024-10-01,520103.54383435537,"{'SPY': 0.2, 'QQQ': 0.1, 'TLT': 0.25, 'IEF': 0.2, 'GLD': 0.15, 'SHY': 0.1}",0.0
1727827200000,2024-10-02,518831.83768028626,"{'SPY': 0.2, 'QQQ': 0.1, 'TLT': 0.25, 'IEF': 0.2, 'GLD': 0.15, 'SHY': 0.1}",0.0
1727913600000,2024-10-03,516728.90678473824,"{'SPY': 0.2, 'QQQ': 0.1, 'TLT': 0.25, 'IEF': 0.2, 'GLD': 0.15, 'SHY': 0.1}",0.0
1728000000000,2024-10-04,515367.0563850908,"{'SPY': 0.2, 'QQQ': 0.1, 'TLT': 0.25, 'IEF': 0.2, 'GLD': 0.15, 'SHY': 0.1}",0.0
1728259200000,2024-10-07,512207.7846495655,"{'SPY': 0.2, 'QQQ': 0.1, 'TLT': 0.25, 'IEF': 0.2, 'GLD': 0.15, 'SHY': 0.1}",0.0
1728345600000,2024-10-08,513720.03019004187,"{'SPY': 0.2, 'QQQ': 0.1, 'TLT': 0.25, 'IEF': 0.2, 'GLD': 0.15, 'SHY': 0.1}",0.0
1728432000000,2024-10-09,513251.76288252743,"{'SPY': 0.2, 'QQQ': 0.1, 'TLT': 0.25, 'IEF': 0.2, 'GLD': 0.15, 'SHY': 0.1}",0.0
1728518400000,2024-10-10,513109.4279768152,"{'SPY': 0.2, 'QQQ': 0.1, 'TLT': 0.25, 'IEF': 0.2, 'GLD': 0.15, 'SHY': 0.1}",0.0
1728604800000,2024-10-11,514201.69024654105,"{'SPY': 0.2, 'QQQ': 0.1, 'TLT': 0.25, 'IEF': 0.2, 'GLD': 0.15, 'SHY': 0.1}",0.0
1728864000000,2024-10-14,515237.2627901601,"{'SPY': 0.2, 'QQQ': 0.1, 'TLT': 0.25, 'IEF': 0.2, 'GLD': 0.15, 'SHY': 0.1}",0.0
1728950400000,2024-10-15,516134.61682794284,"{'SPY': 0.2, 'QQQ': 0.1, 'TLT': 0.25, 'IEF': 0.2, 'GLD': 0.15, 'SHY': 0.1}",0.0
1729036800000,2024-10-16,517712.86882851965,"{'SPY': 0.2, 'QQQ': 0.1, 'TLT': 0.25, 'IEF': 0.2, 'GLD': 0.15, 'SHY': 0.1}",0.0
1729123200000,2024-10-17,515590.8040090289,"{'SPY': 0.2, 'QQQ': 0.1, 'TLT': 0.25, 'IEF': 0.2, 'GLD': 0.15, 'SHY': 0.1}",0.0
1729209600000,2024-10-18,517404.89319875697,"{'SPY': 0.2, 'QQQ': 0.1, 'TLT': 0.25, 'IEF': 0.2, 'GLD': 0.15, 'SHY': 0.1}",0.0
1729468800000,2024-10-21,514185.7016788155,"{'SPY': 0.2, 'QQQ': 0.1, 'TLT': 0.25, 'IEF': 0.2, 'GLD': 0.15, 'SHY': 0.1}",0.0
1729555200000,2024-10-22,515041.11796717724,"{'SPY': 0.2, 'QQQ': 0.1, 'TLT': 0.25, 'IEF': 0.2, 'GLD': 0.15, 'SHY': 0.1}",0.0
1729641600000,2024-10-23,511761.48875540064,"{'SPY': 0.2, 'QQQ': 0.1, 'TLT': 0.25, 'IEF': 0.2, 'GLD': 0.15, 'SHY': 0.1}",0.0
1729728000000,2024-10-24,514059.56699663994,"{'SPY': 0.2, 'QQQ': 0.1, 'TLT': 0.25, 'IEF': 0.2, 'GLD': 0.15, 'SHY': 0.1}",0.0
1729814400000,2024-10-25,513529.03811564494,"{'SPY': 0.2, 'QQQ': 0.1, 'TLT': 0.25, 'IEF': 0.2, 'GLD': 0.15, 'SHY': 0.1}",0.0
1730073600000,2024-10-28,513246.4377485833,"{'SPY': 0.2, 'QQQ': 0.1, 'TLT': 0.25, 'IEF': 0.2, 'GLD': 0.15, 'SHY': 0.1}",0.0
1730160000000,2024-10-29,515002.0047391557,"{'SPY': 0.2, 'QQQ': 0.1, 'TLT': 0.25, 'IEF': 0.2, 'GLD': 0.15, 'SHY': 0.1}",0.0
1730246400000,2024-10-30,514908.3093280878,"{'SPY': 0.2, 'QQQ': 0.1, 'TLT': 0.25, 'IEF': 0.2, 'GLD': 0.15, 'SHY': 0.1}",0.0
1730332800000,2024-10-31,510560.22860740667,"{'SPY': 0.2, 'QQQ': 0.1, 'TLT': 0.25, 'IEF': 0.2, 'GLD': 0.15, 'SHY': 0.1}",0.0
1730419200000,2024-11-01,508633.86361555354,"{'SPY': 0.2, 'QQQ': 0.1, 'TLT': 0.25, 'IEF': 0.2, 'GLD': 0.15, 'SHY': 0.1}",0.0
1730678400000,2024-11-04,510929.2497269037,"{'SPY': 0.2, 'QQQ': 0.1, 'TLT': 0.25, 'IEF': 0.2, 'GLD': 0.15, 'SHY': 0.1}",0.0
1730764800000,2024-11-05,513709.7166863556,"{'SPY': 0.2, 'QQQ': 0.1, 'TLT': 0.25, 'IEF': 0.2, 'GLD': 0.15, 'SHY': 0.1}",0.0
1730851200000,2024-11-06,510680.6320343821,"{'SPY': 0.2, 'QQQ': 0.1, 'TLT': 0.25, 'IEF': 0.2, 'GLD': 0.15, 'SHY': 0.1}",0.0
1730937600000,2024-11-07,516013.9137315897,"{'SPY': 0.2, 'QQQ': 0.1, 'TLT': 0.25, 'IEF': 0.2, 'GLD': 0.15, 'SHY': 0.1}",0.0
1731024000000,2024-11-08,517817.7031451973,"{'SPY': 0.2, 'QQQ': 0.1, 'TLT': 0.25, 'IEF': 0.2, 'GLD': 0.15, 'SHY': 0.1}",0.0
1731283200000,2024-11-11,515109.53991642117,"{'SPY': 0.2, 'QQQ': 0.1, 'TLT': 0.25, 'IEF': 0.2, 'GLD': 0.15, 'SHY': 0.1}",0.0
1731369600000,2024-11-12,511401.23701217666,"{'SPY': 0.2, 'QQQ': 0.1, 'TLT': 0.25, 'IEF': 0.2, 'GLD': 0.15, 'SHY': 0.1}",0.0
1731456000000,2024-11-13,509408.18351325195,"{'SPY': 0.2, 'QQQ': 0.1, 'TLT': 0.25, 'IEF': 0.2, 'GLD': 0.15, 'SHY': 0.1}",0.0
1731542400000,2024-11-14,508851.7072714999,"{'SPY': 0.2, 'QQQ': 0.1, 'TLT': 0.25, 'IEF': 0.2, 'GLD': 0.15, 'SHY': 0.1}",0.0
1731628800000,2024-11-15,505961.9824532508,"{'SPY': 0.2, 'QQQ': 0.1, 'TLT': 0.25, 'IEF': 0.2, 'GLD': 0.15, 'SHY': 0.1}",0.0
1731888000000,2024-11-18,508661.07607223716,"{'SPY': 0.2, 'QQQ': 0.1, 'TLT': 0.25, 'IEF': 0.2, 'GLD': 0.15, 'SHY': 0.1}",0.0
1731974400000,2024-11-19,510932.2350372198,"{'SPY': 0.2, 'QQQ': 0.1, 'TLT': 0.25, 'IEF': 0.2, 'GLD': 0.15, 'SHY': 0.1}",0.0
1732060800000,2024-11-20,510783.1606595171,"{'SPY': 0.2, 'QQQ': 0.1, 'TLT': 0.25, 'IEF': 0.2, 'GLD': 0.15, 'SHY': 0.1}",0.0
1732147200000,2024-11-21,511988.3117894249,"{'SPY': 0.2, 'QQQ': 0.1, 'TLT': 0.25, 'IEF': 0.2, 'GLD': 0.15, 'SHY': 0.1}",0.0
1732233600000,2024-11-22,513508.21446146903,"{'SPY': 0.2, 'QQQ': 0.1, 'TLT': 0.25, 'IEF': 0.2, 'GLD': 0.15, 'SHY': 0.1}",0.0
1732492800000,2024-11-25,516200.5186730203,"{'SPY': 0.2, 'QQQ': 0.1, 'TLT': 0.25, 'IEF': 0.2, 'GLD': 0.15, 'SHY': 0.1}",0.0
1732579200000,2024-11-26,516447.54860970296,"{'SPY': 0.2, 'QQQ': 0.1, 'TLT': 0.25, 'IEF': 0.2, 'GLD': 0.15, 'SHY': 0.1}",0.0
1732665600000,2024-11-27,517241.9220489233,"{'SPY': 0.2, 'QQQ': 0.1, 'TLT': 0.25, 'IEF': 0.2, 'GLD': 0.15, 'SHY': 0.1}",0.0
1732838400000,2024-11-29,520842.3017827161,"{'SPY': 0.2, 'QQQ': 0.1, 'TLT': 0.25, 'IEF': 0.2, 'GLD': 0.15, 'SHY': 0.1}",0.0
1733097600000,2024-12-02,521213.056479925,"{'SPY': 0.2, 'QQQ': 0.1, 'TLT': 0.25, 'IEF': 0.2, 'GLD': 0.15, 'SHY': 0.1}",0.0
1733184000000,2024-12-03,520163.9516486999,"{'SPY': 0.2, 'QQQ': 0.1, 'TLT': 0.25, 'IEF': 0.2, 'GLD': 0.15, 'SHY': 0.1}",0.0
1733270400000,2024-12-04,523539.9650641121,"{'SPY': 0.2, 'QQQ': 0.1, 'TLT': 0.25, 'IEF': 0.2, 'GLD': 0.15, 'SHY': 0.1}",0.0
1733356800000,2024-12-05,522894.997630377,"{'SPY': 0.2, 'QQQ': 0.1, 'TLT': 0.25, 'IEF': 0.2, 'GLD': 0.15, 'SHY': 0.1}",0.0
1733443200000,2024-12-06,524165.7357311177,"{'SPY': 0.2, 'QQQ': 0.1, 'TLT': 0.25, 'IEF': 0.2, 'GLD': 0.15, 'SHY': 0.1}",0.0
1733702400000,2024-12-09,522407.5815879829,"{'SPY': 0.2, 'QQQ': 0.1, 'TLT': 0.25, 'IEF': 0.2, 'GLD': 0.15, 'SHY': 0.1}",0.0
1733788800000,2024-12-10,522128.3743054796,"{'SPY': 0.2, 'QQQ': 0.1, 'TLT': 0.25, 'IEF': 0.2, 'GLD': 0.15, 'SHY': 0.1}",0.0
1733875200000,2024-12-11,523061.73797427467,"{'SPY': 0.2, 'QQQ': 0.1, 'TLT': 0.25, 'IEF': 0.2, 'GLD': 0.15, 'SHY': 0.1}",0.0
1733961600000,2024-12-12,519022.1171422455,"{'SPY': 0.2, 'QQQ': 0.1, 'TLT': 0.25, 'IEF': 0.2, 'GLD': 0.15, 'SHY': 0.1}",0.0
1734048000000,2024-12-13,516621.9946194256,"{'SPY': 0.2, 'QQQ': 0.1, 'TLT': 0.25, 'IEF': 0.2, 'GLD': 0.15, 'SHY': 0.1}",0.0
1734307200000,2024-12-16,518420.52750271815,"{'SPY': 0.2, 'QQQ': 0.1, 'TLT': 0.25, 'IEF': 0.2, 'GLD': 0.15, 'SHY': 0.1}",0.0
1734393600000,2024-12-17,517788.19668917556,"{'SPY': 0.2, 'QQQ': 0.1, 'TLT': 0.25, 'IEF': 0.2, 'GLD': 0.15, 'SHY': 0.1}",0.0
1734480000000,2024-12-18,508829.7989035945,"{'SPY': 0.2, 'QQQ': 0.1, 'TLT': 0.25, 'IEF': 0.2, 'GLD': 0.15, 'SHY': 0.1}",0.0
1734566400000,2024-12-19,506349.27421668015,"{'SPY': 0.2, 'QQQ': 0.1, 'TLT': 0.25, 'IEF': 0.2, 'GLD': 0.15, 'SHY': 0.1}",0.0
1734652800000,2024-12-20,509900.3832199652,"{'SPY': 0.2, 'QQQ': 0.1, 'TLT': 0.25, 'IEF': 0.2, 'GLD': 0.15, 'SHY': 0.1}",0.0
1734912000000,2024-12-23,508995.85507040966,"{'SPY': 0.2, 'QQQ': 0.1, 'TLT': 0.25, 'IEF': 0.2, 'GLD': 0.15, 'SHY': 0.1}",0.0
1734998400000,2024-12-24,511587.78246421367,"{'SPY': 0.2, 'QQQ': 0.1, 'TLT': 0.25, 'IEF': 0.2, 'GLD': 0.15, 'SHY': 0.1}",0.0
1735171200000,2024-12-26,512095.2909913599,"{'SPY': 0.2, 'QQQ': 0.1, 'TLT': 0.25, 'IEF': 0.2, 'GLD': 0.15, 'SHY': 0.1}",0.0
1735257600000,2024-12-27,508505.3627791553,"{'SPY': 0.2, 'QQQ': 0.1, 'TLT': 0.25, 'IEF': 0.2, 'GLD': 0.15, 'SHY': 0.1}",0.0
1735516800000,2024-12-30,508117.87628284376,"{'SPY': 0.2, 'QQQ': 0.1, 'TLT': 0.25, 'IEF': 0.2, 'GLD': 0.15, 'SHY': 0.1}",0.0
1735603200000,2024-12-31,506956.1294112809,"{'SPY': 0.2, 'QQQ': 0.1, 'TLT': 0.25, 'IEF': 0.2, 'GLD': 0.15, 'SHY': 0.1}",0.0
1735776000000,2025-01-02,508031.8826521285,"{'SPY': 0.2, 'QQQ': 0.1, 'TLT': 0.25, 'IEF': 0.2, 'GLD': 0.15, 'SHY': 0.1}",0.0
1735862400000,2025-01-03,508963.58407264954,"{'SPY': 0.2, 'QQQ': 0.1, 'TLT': 0.25, 'IEF': 0.2, 'GLD': 0.15, 'SHY': 0.1}",0.0
1736121600000,2025-01-06,509385.58415708825,"{'SPY': 0.2, 'QQQ': 0.1, 'TLT': 0.25, 'IEF': 0.2, 'GLD': 0.15, 'SHY': 0.1}",0.0
1736208000000,2025-01-07,505824.4397373448,"{'SPY': 0.2, 'QQQ': 0.1, 'TLT': 0.25, 'IEF': 0.2, 'GLD': 0.15, 'SHY': 0.1}",0.0
1736294400000,2025-01-08,506753.3844222982,"{'SPY': 0.2, 'QQQ': 0.1, 'TLT': 0.25, 'IEF': 0.2, 'GLD': 0.15, 'SHY': 0.1}",0.0
1736467200000,2025-01-10,503467.7327129755,"{'SPY': 0.2, 'QQQ': 0.1, 'TLT': 0.25, 'IEF': 0.2, 'GLD': 0.15, 'SHY': 0.1}",0.0
1736726400000,2025-01-13,502502.2653754198,"{'SPY': 0.2, 'QQQ': 0.1, 'TLT': 0.25, 'IEF': 0.2, 'GLD': 0.15, 'SHY': 0.1}",0.0
1736812800000,2025-01-14,502828.0103904162,"{'SPY': 0.2, 'QQQ': 0.1, 'TLT': 0.25, 'IEF': 0.2, 'GLD': 0.15, 'SHY': 0.1}",0.0
1736899200000,2025-01-15,509714.6777435917,"{'SPY': 0.2, 'QQQ': 0.1, 'TLT': 0.25, 'IEF': 0.2, 'GLD': 0.15, 'SHY': 0.1}",0.0
1736985600000,2025-01-16,510375.58571327874,"{'SPY': 0.2, 'QQQ': 0.1, 'TLT': 0.25, 'IEF': 0.2, 'GLD': 0.15, 'SHY': 0.1}",0.0
1737072000000,2025-01-17,512140.3583154319,"{'SPY': 0.2, 'QQQ': 0.1, 'TLT': 0.25, 'IEF': 0.2, 'GLD': 0.15, 'SHY': 0.1}",0.0
1737417600000,2025-01-21,516075.43490017485,"{'SPY': 0.2, 'QQQ': 0.1, 'TLT': 0.25, 'IEF': 0.2, 'GLD': 0.15, 'SHY': 0.1}",0.0
1737504000000,2025-01-22,516758.82595750777,"{'SPY': 0.2, 'QQQ': 0.1, 'TLT': 0.25, 'IEF': 0.2, 'GLD': 0.15, 'SHY': 0.1}",0.0
1737590400000,2025-01-23,516051.13397203037,"{'SPY': 0.2, 'QQQ': 0.1, 'TLT': 0.25, 'IEF': 0.2, 'GLD': 0.15, 'SHY': 0.1}",0.0
1737676800000,2025-01-24,516762.9585075274,"{'SPY': 0.2, 'QQQ': 0.1, 'TLT': 0.25, 'IEF': 0.2, 'GLD': 0.15, 'SHY': 0.1}",0.0
1737936000000,2025-01-27,515261.71869375586,"{'SPY': 0.2, 'QQQ': 0.1, 'TLT': 0.25, 'IEF': 0.2, 'GLD': 0.15, 'SHY': 0.1}",0.0
1738022400000,2025-01-28,517513.8333223132,"{'SPY': 0.2, 'QQQ': 0.1, 'TLT': 0.25, 'IEF': 0.2, 'GLD': 0.15, 'SHY': 0.1}",0.0
1738108800000,2025-01-29,516236.64664810756,"{'SPY': 0.2, 'QQQ': 0.1, 'TLT': 0.25, 'IEF': 0.2, 'GLD': 0.15, 'SHY': 0.1}",0.0
1738195200000,2025-01-30,518921.01256716234,"{'SPY': 0.2, 'QQQ': 0.1, 'TLT': 0.25, 'IEF': 0.2, 'GLD': 0.15, 'SHY': 0.1}",0.0
1738281600000,2025-01-31,517434.58165422187,"{'SPY': 0.2, 'QQQ': 0.1, 'TLT': 0.25, 'IEF': 0.2, 'GLD': 0.15, 'SHY': 0.1}",0.0
1738540800000,2025-02-03,517829.2926988242,"{'SPY': 0.2, 'QQQ': 0.1, 'TLT': 0.25, 'IEF': 0.2, 'GLD': 0.15, 'SHY': 0.1}",0.0
1738627200000,2025-02-04,520628.36479431606,"{'SPY': 0.2, 'QQQ': 0.1, 'TLT': 0.25, 'IEF': 0.2, 'GLD': 0.15, 'SHY': 0.1}",0.0
1738713600000,2025-02-05,524556.8791571123,"{'SPY': 0.2, 'QQQ': 0.1, 'TLT': 0.25, 'IEF': 0.2, 'GLD': 0.15, 'SHY': 0.1}",0.0
1738800000000,2025-02-06,524785.9238344576,"{'SPY': 0.2, 'QQQ': 0.1, 'TLT': 0.25, 'IEF': 0.2, 'GLD': 0.15, 'SHY': 0.1}",0.0
1738886400000,2025-02-07,522051.0532375981,"{'SPY': 0.2, 'QQQ': 0.1, 'TLT': 0.25, 'IEF': 0.2, 'GLD': 0.15, 'SHY': 0.1}",0.0
1739145600000,2025-02-10,524326.7878230168,"{'SPY': 0.2, 'QQQ': 0.1, 'TLT': 0.25, 'IEF': 0.2, 'GLD': 0.15, 'SHY': 0.1}",0.0
1739232000000,2025-02-11,522871.95926817454,"{'SPY': 0.2, 'QQQ': 0.1, 'TLT': 0.25, 'IEF': 0.2, 'GLD': 0.15, 'SHY': 0.1}",0.0
1739318400000,2025-02-12,520083.34216674767,"{'SPY': 0.2, 'QQQ': 0.1, 'TLT': 0.25, 'IEF': 0.2, 'GLD': 0.15, 'SHY': 0.1}",0.0
1739404800000,2025-02-13,525708.3604425819,"{'SPY': 0.2, 'QQQ': 0.1, 'TLT': 0.25, 'IEF': 0.2, 'GLD': 0.15, 'SHY': 0.1}",0.0
1739491200000,2025-02-14,525959.5254527807,"{'SPY': 0.2, 'QQQ': 0.1, 'TLT': 0.25, 'IEF': 0.2, 'GLD': 0.15, 'SHY': 0.1}",0.0
1739836800000,2025-02-18,525537.0134066996,"{'SPY': 0.2, 'QQQ': 0.1, 'TLT': 0.25, 'IEF': 0.2, 'GLD': 0.15, 'SHY': 0.1}",0.0
1739923200000,2025-02-19,526215.1202951114,"{'SPY': 0.2, 'QQQ': 0.1, 'TLT': 0.25, 'IEF': 0.2, 'GLD': 0.15, 'SHY': 0.1}",0.0
1740009600000,2025-02-20,526308.4236722483,"{'SPY': 0.2, 'QQQ': 0.1, 'TLT': 0.25, 'IEF': 0.2, 'GLD': 0.15, 'SHY': 0.1}",0.0
1740096000000,2025-02-21,525644.0828944918,"{'SPY': 0.2, 'QQQ': 0.1, 'TLT': 0.25, 'IEF': 0.2, 'GLD': 0.15, 'SHY': 0.1}",0.0
1740355200000,2025-02-24,525617.3855253737,"{'SPY': 0.2, 'QQQ': 0.1, 'TLT': 0.25, 'IEF': 0.2, 'GLD': 0.15, 'SHY': 0.1}",0.0
1740441600000,2025-02-25,526557.4909085915,"{'SPY': 0.2, 'QQQ': 0.1, 'TLT': 0.25, 'IEF': 0.2, 'GLD': 0.15, 'SHY': 0.1}",0.0
1740528000000,2025-02-26,527944.3998451105,"{'SPY': 0.2, 'QQQ': 0.1, 'TLT': 0.25, 'IEF': 0.2, 'GLD': 0.15, 'SHY': 0.1}",0.0
1740614400000,2025-02-27,522549.91768182267,"{'SPY': 0.2, 'QQQ': 0.1, 'TLT': 0.25, 'IEF': 0.2, 'GLD': 0.15, 'SHY': 0.1}",0.0
1740700800000,2025-02-28,526785.595109787,"{'SPY': 0.2, 'QQQ': 0.1, 'TLT': 0.25, 'IEF': 0.2, 'GLD': 0.15, 'SHY': 0.1}",0.0
1740960000000,2025-03-03,525859.4249338069,"{'SPY': 0.2, 'QQQ': 0.1, 'TLT': 0.25, 'IEF': 0.2, 'GLD': 0.15, 'SHY': 0.1}",0.0
1741046400000,2025-03-04,523198.4775794421,"{'SPY': 0.2, 'QQQ': 0.1, 'TLT': 0.25, 'IEF': 0.2, 'GLD': 0.15, 'SHY': 0.1}",0.0
1741132800000,2025-03-05,523483.8406716301,"{'SPY': 0.2, 'QQQ': 0.1, 'TLT': 0.25, 'IEF': 0.2, 'GLD': 0.15, 'SHY': 0.1}",0.0
1741219200000,2025-03-06,519329.88972838066,"{'SPY': 0.2, 'QQQ': 0.1, 'TLT': 0.25, 'IEF': 0.2, 'GLD': 0.15, 'SHY': 0.1}",0.0
1741305600000,2025-03-07,519779.8777170816,"{'SPY': 0.2, 'QQQ': 0.1, 'TLT': 0.25, 'IEF': 0.2, 'GLD': 0.15, 'SHY': 0.1}",0.0
1741564800000,2025-03-10,516490.8813668011,"{'SPY': 0.2, 'QQQ': 0.1, 'TLT': 0.25, 'IEF': 0.2, 'GLD': 0.15, 'SHY': 0.1}",0.0
1741651200000,2025-03-11,515094.6928908661,"{'SPY': 0.2, 'QQQ': 0.1, 'TLT': 0.25, 'IEF': 0.2, 'GLD': 0.15, 'SHY': 0.1}",0.0
1741737600000,2025-03-12,515447.01943021856,"{'SPY': 0.2, 'QQQ': 0.1, 'TLT': 0.25, 'IEF': 0.2, 'GLD': 0.15, 'SHY': 0.1}",0.0
1741824000000,2025-03-13,516103.5696523148,"{'SPY': 0.2, 'QQQ': 0.1, 'TLT': 0.25, 'IEF': 0.2, 'GLD': 0.15, 'SHY': 0.1}",0.0
1741910400000,2025-03-14,518434.0311487428,"{'SPY': 0.2, 'QQQ': 0.1, 'TLT': 0.25, 'IEF': 0.2, 'GLD': 0.15, 'SHY': 0.1}",0.0
1742169600000,2025-03-17,520706.4810717679,"{'SPY': 0.2, 'QQQ': 0.1, 'TLT': 0.25, 'IEF': 0.2, 'GLD': 0.15, 'SHY': 0.1}",0.0
1742256000000,2025-03-18,519855.31544187607,"{'SPY': 0.2, 'QQQ': 0.1, 'TLT': 0.25, 'IEF': 0.2, 'GLD': 0.15, 'SHY': 0.1}",0.0
1742342400000,2025-03-19,523071.1752861957,"{'SPY': 0.2, 'QQQ': 0.1, 'TLT': 0.25, 'IEF': 0.2, 'GLD': 0.15, 'SHY': 0.1}",0.0
1742428800000,2025-03-20,522743.8261866342,"{'SPY': 0.2, 'QQQ': 0.1, 'TLT': 0.25, 'IEF': 0.2, 'GLD': 0.15, 'SHY': 0.1}",0.0
1742515200000,2025-03-21,521489.7196210899,"{'SPY': 0.2, 'QQQ': 0.1, 'TLT': 0.25, 'IEF': 0.2, 'GLD': 0.15, 'SHY': 0.1}",0.0
1742774400000,2025-03-24,522143.67114885984,"{'SPY': 0.2, 'QQQ': 0.1, 'TLT': 0.25, 'IEF': 0.2, 'GLD': 0.15, 'SHY': 0.1}",0.0
1742860800000,2025-03-25,523218.63164423546,"{'SPY': 0.2, 'QQQ': 0.1, 'TLT': 0.25, 'IEF': 0.2, 'GLD': 0.15, 'SHY': 0.1}",0.0
1742947200000,2025-03-26,519826.03794308833,"{'SPY': 0.2, 'QQQ': 0.1, 'TLT': 0.25, 'IEF': 0.2, 'GLD': 0.15, 'SHY': 0.1}",0.0
1743033600000,2025-03-27,519857.22644733876,"{'SPY': 0.2, 'QQQ': 0.1, 'TLT': 0.25, 'IEF': 0.2, 'GLD': 0.15, 'SHY': 0.1}",0.0
1743120000000,2025-03-28,519702.8496811787,"{'SPY': 0.2, 'QQQ': 0.1, 'TLT': 0.25, 'IEF': 0.2, 'GLD': 0.15, 'SHY': 0.1}",0.0
1743379200000,2025-03-31,523144.6859624588,"{'SPY': 0.2, 'QQQ': 0.1, 'TLT': 0.25, 'IEF': 0.2, 'GLD': 0.15, 'SHY': 0.1}",0.0
1743465600000,2025-04-01,525226.624827665,"{'SPY': 0.2, 'QQQ': 0.1, 'TLT': 0.25, 'IEF': 0.2, 'GLD': 0.15, 'SHY': 0.1}",0.0
1743552000000,2025-04-02,526212.9536078112,"{'SPY': 0.2, 'QQQ': 0.1, 'TLT': 0.25, 'IEF': 0.2, 'GLD': 0.15, 'SHY': 0.1}",0.0
1743638400000,2025-04-03,519617.2549779562,"{'SPY': 0.2, 'QQQ': 0.1, 'TLT': 0.25, 'IEF': 0.2, 'GLD': 0.15, 'SHY': 0.1}",0.0
1743724800000,2025-04-04,510157.0481690015,"{'SPY': 0.2, 'QQQ': 0.1, 'TLT': 0.25, 'IEF': 0.2, 'GLD': 0.15, 'SHY': 0.1}",0.0
1743984000000,2025-04-07,503399.1588713139,"{'SPY': 0.2, 'QQQ': 0.1, 'TLT': 0.25, 'IEF': 0.2, 'GLD': 0.15, 'SHY': 0.1}",0.0
1744070400000,2025-04-08,498413.96263178915,"{'SPY': 0.2, 'QQQ': 0.1, 'TLT': 0.25, 'IEF': 0.2, 'GLD': 0.15, 'SHY': 0.1}",0.0
1744156800000,2025-04-09,518018.8115840533,"{'SPY': 0.2, 'QQQ': 0.1, 'TLT': 0.25, 'IEF': 0.2, 'GLD': 0.15, 'SHY': 0.1}",0.0
1744243200000,2025-04-10,508951.0941786775,"{'SPY': 0.2, 'QQQ': 0.1, 'TLT': 0.25, 'IEF': 0.2, 'GLD': 0.15, 'SHY': 0.1}",0.0
1744329600000,2025-04-11,513187.94793944067,"{'SPY': 0.2, 'QQQ': 0.1, 'TLT': 0.25, 'IEF': 0.2, 'GLD': 0.15, 'SHY': 0.1}",0.0
1744588800000,2025-04-14,515942.9816991775,"{'SPY': 0.2, 'QQQ': 0.1, 'TLT': 0.25, 'IEF': 0.2, 'GLD': 0.15, 'SHY': 0.1}",0.0
1744675200000,2025-04-15,516879.911430185,"{'SPY': 0.2, 'QQQ': 0.1, 'TLT': 0.25, 'IEF': 0.2, 'GLD': 0.15, 'SHY': 0.1}",0.0
1744761600000,2025-04-16,516784.58253874775,"{'SPY': 0.2, 'QQQ': 0.1, 'TLT': 0.25, 'IEF': 0.2, 'GLD': 0.15, 'SHY': 0.1}",0.0
1744848000000,2025-04-17,515166.0923552374,"{'SPY': 0.2, 'QQQ': 0.1, 'TLT': 0.25, 'IEF': 0.2, 'GLD': 0.15, 'SHY': 0.1}",0.0
1745193600000,2025-04-21,510991.91045642627,"{'SPY': 0.2, 'QQQ': 0.1, 'TLT': 0.25, 'IEF': 0.2, 'GLD': 0.15, 'SHY': 0.1}",0.0
1745280000000,2025-04-22,514711.84934274177,"{'SPY': 0.2, 'QQQ': 0.1, 'TLT': 0.25, 'IEF': 0.2, 'GLD': 0.15, 'SHY': 0.1}",0.0
1745366400000,2025-04-23,516944.6762758244,"{'SPY': 0.2, 'QQQ': 0.1, 'TLT': 0.25, 'IEF': 0.2, 'GLD': 0.15, 'SHY': 0.1}",0.0
1745452800000,2025-04-24,523687.2114931733,"{'SPY': 0.2, 'QQQ': 0.1, 'TLT': 0.25, 'IEF': 0.2, 'GLD': 0.15, 'SHY': 0.1}",0.0
1745539200000,2025-04-25,525582.3762015102,"{'SPY': 0.2, 'QQQ': 0.1, 'TLT': 0.25, 'IEF': 0.2, 'GLD': 0.15, 'SHY': 0.1}",0.0
1745798400000,2025-04-28,528052.0336093247,"{'SPY': 0.2, 'QQQ': 0.1, 'TLT': 0.25, 'IEF': 0.2, 'GLD': 0.15, 'SHY': 0.1}",0.0
1745884800000,2025-04-29,529797.9499144917,"{'SPY': 0.2, 'QQQ': 0.1, 'TLT': 0.25, 'IEF': 0.2, 'GLD': 0.15, 'SHY': 0.1}",0.0
1745971200000,2025-04-30,528349.4067812345,"{'SPY': 0.15517049866188581, 'QQQ': 0.07758524933094291, 'TLT': 0.25, 'IEF': 0.2, 'GLD': 0.11637787399641433, 'SHY': 0.200866378010757}",0.0
1746057600000,2025-05-01,526839.6268820632,"{'SPY': 0.15517049866188581, 'QQQ': 0.07758524933094291, 'TLT': 0.25, 'IEF': 0.2, 'GLD': 0.11637787399641433, 'SHY': 0.200866378010757}",0.0
1746144000000,2025-05-02,526429.3038795305,"{'SPY': 0.15517049866188581, 'QQQ': 0.07758524933094291, 'TLT': 0.25, 'IEF': 0.2, 'GLD': 0.11637787399641433, 'SHY': 0.200866378010757}",0.0
1746403200000,2025-05-05,526611.5557289716,"{'SPY': 0.15517049866188581, 'QQQ': 0.07758524933094291, 'TLT': 0.25, 'IEF': 0.2, 'GLD': 0.11637787399641433, 'SHY': 0.200866378010757}",0.0
1746489600000,2025-05-06,528060.7514800681,"{'SPY': 0.15517049866188581, 'QQQ': 0.07758524933094291, 'TLT': 0.25, 'IEF': 0.2, 'GLD': 0.11637787399641433, 'SHY': 0.200866378010757}",0.0
1746576000000,2025-05-07,528519.9890090259,"{'SPY': 0.15517049866188581, 'QQQ': 0.07758524933094291, 'TLT': 0.25, 'IEF': 0.2, 'GLD': 0.11637787399641433, 'SHY': 0.200866378010757}",0.0
1746662400000,2025-05-08,525788.6792525313,"{'SPY': 0.15517049866188581, 'QQQ': 0.07758524933094291, 'TLT': 0.25, 'IEF': 0.2, 'GLD': 0.11637787399641433, 'SHY': 0.200866378010757}",0.0
1746748800000,2025-05-09,526427.7964455087,"{'SPY': 0.15517049866188581, 'QQQ': 0.07758524933094291, 'TLT': 0.25, 'IEF': 0.2, 'GLD': 0.11637787399641433, 'SHY': 0.200866378010757}",0.0
1747008000000,2025-05-12,526977.7246651889,"{'SPY': 0.15517049866188581, 'QQQ': 0.07758524933094291, 'TLT': 0.25, 'IEF': 0.2, 'GLD': 0.11637787399641433, 'SHY': 0.200866378010757}",0.0
1747094400000,2025-05-13,527763.0079882734,"{'SPY': 0.15517049866188581, 'QQQ': 0.07758524933094291, 'TLT': 0.25, 'IEF': 0.2, 'GLD': 0.11637787399641433, 'SHY': 0.200866378010757}",0.0
1747180800000,2025-05-14,525473.6862036154,"{'SPY': 0.15517049866188581, 'QQQ': 0.07758524933094291, 'TLT': 0.25, 'IEF': 0.2, 'GLD': 0.11637787399641433, 'SHY': 0.200866378010757}",0.0
1747267200000,2025-05-15,528939.9770384491,"{'SPY': 0.15517049866188581, 'QQQ': 0.07758524933094291, 'TLT': 0.25, 'IEF': 0.2, 'GLD': 0.11637787399641433, 'SHY': 0.200866378010757}",0.0
1747353600000,2025-05-16,529255.8197976092,"{'SPY': 0.15517049866188581, 'QQQ': 0.07758524933094291, 'TLT': 0.25, 'IEF': 0.2, 'GLD': 0.11637787399641433, 'SHY': 0.200866378010757}",0.0
1747612800000,2025-05-19,529777.4613342914,"{'SPY': 0.15517049866188581, 'QQQ': 0.07758524933094291, 'TLT': 0.25, 'IEF': 0.2, 'GLD': 0.11637787399641433, 'SHY': 0.200866378010757}",0.0
1747699200000,2025-05-20,529435.4544655284,"{'SPY': 0.15517049866188581, 'QQQ': 0.07758524933094291, 'TLT': 0.25, 'IEF': 0.2, 'GLD': 0.11637787399641433, 'SHY': 0.200866378010757}",0.0
1747785600000,2025-05-21,524874.6724846873,"{'SPY': 0.15517049866188581, 'QQQ': 0.07758524933094291, 'TLT': 0.25, 'IEF': 0.2, 'GLD': 0.11637787399641433, 'SHY': 0.200866378010757}",0.0
1747872000000,2025-05-22,525587.6829733464,"{'SPY': 0.15517049866188581, 'QQQ': 0.07758524933094291, 'TLT': 0.25, 'IEF': 0.2, 'GLD': 0.11637787399641433, 'SHY': 0.200866378010757}",0.0
1747958400000,2025-05-23,526578.8421875356,"{'SPY': 0.15517049866188581, 'QQQ': 0.07758524933094291, 'TLT': 0.25, 'IEF': 0.2, 'GLD': 0.11637787399641433, 'SHY': 0.200866378010757}",0.0
1748304000000,2025-05-27,530513.83145398,"{'SPY': 0.15517049866188581, 'QQQ': 0.07758524933094291, 'TLT': 0.25, 'IEF': 0.2, 'GLD': 0.11637787399641433, 'SHY': 0.200866378010757}",0.0
1748390400000,2025-05-28,528772.3716954777,"{'SPY': 0.15517049866188581, 'QQQ': 0.07758524933094291, 'TLT': 0.25, 'IEF': 0.2, 'GLD': 0.11637787399641433, 'SHY': 0.200866378010757}",0.0
1748476800000,2025-05-29,531320.0896298544,"{'SPY': 0.15517049866188581, 'QQQ': 0.07758524933094291, 'TLT': 0.25, 'IEF': 0.2, 'GLD': 0.11637787399641433, 'SHY': 0.200866378010757}",0.0
1748563200000,2025-05-30,531266.8260363282,"{'TLT': 0.45, 'IEF': 0.25, 'GLD': 0.1197078570483312, 'SHY': 0.1802921429516688}",0.0
1748822400000,2025-06-02,530202.4589655879,"{'TLT': 0.45, 'IEF': 0.25, 'GLD': 0.1197078570483312, 'SHY': 0.1802921429516688}",0.0
1748908800000,2025-06-03,529069.8190577226,"{'TLT': 0.45, 'IEF': 0.25, 'GLD': 0.1197078570483312, 'SHY': 0.1802921429516688}",0.0
1748995200000,2025-06-04,534489.0740009602,"{'TLT': 0.45, 'IEF': 0.25, 'GLD': 0.1197078570483312, 'SHY': 0.1802921429516688}",0.0
1749081600000,2025-06-05,533832.0425943439,"{'TLT': 0.45, 'IEF': 0.25, 'GLD': 0.1197078570483312, 'SHY': 0.1802921429516688}",0.0
1749168000000,2025-06-06,528692.5715156291,"{'TLT': 0.45, 'IEF': 0.25, 'GLD': 0.1197078570483312, 'SHY': 0.1802921429516688}",0.0
1749427200000,2025-06-09,529551.9411668814,"{'TLT': 0.45, 'IEF': 0.25, 'GLD': 0.1197078570483312, 'SHY': 0.1802921429516688}",0.0
1749513600000,2025-06-10,531023.84739248,"{'TLT': 0.45, 'IEF': 0.25, 'GLD': 0.1197078570483312, 'SHY': 0.1802921429516688}",0.0
1749600000000,2025-06-11,532794.363687067,"{'TLT': 0.45, 'IEF': 0.25, 'GLD': 0.1197078570483312, 'SHY': 0.1802921429516688}",0.0
1749686400000,2025-06-12,537114.5061722482,"{'TLT': 0.45, 'IEF': 0.25, 'GLD': 0.1197078570483312, 'SHY': 0.1802921429516688}",0.0
1749772800000,2025-06-13,535060.6985070771,"{'TLT': 0.45, 'IEF': 0.25, 'GLD': 0.1197078570483312, 'SHY': 0.1802921429516688}",0.0
1750032000000,2025-06-16,531326.1882119781,"{'TLT': 0.45, 'IEF': 0.25, 'GLD': 0.1197078570483312, 'SHY': 0.1802921429516688}",0.0
1750118400000,2025-06-17,534964.8847587019,"{'TLT': 0.45, 'IEF': 0.25, 'GLD': 0.1197078570483312, 'SHY': 0.1802921429516688}",0.0
1750204800000,2025-06-18,535169.152861965,"{'TLT': 0.45, 'IEF': 0.25, 'GLD': 0.1197078570483312, 'SHY': 0.1802921429516688}",0.0
1750377600000,2025-06-20,534852.6852559524,"{'TLT': 0.45, 'IEF': 0.25, 'GLD': 0.1197078570483312, 'SHY': 0.1802921429516688}",0.0
1750636800000,2025-06-23,536422.99645298,"{'TLT': 0.45, 'IEF': 0.25, 'GLD': 0.1197078570483312, 'SHY': 0.1802921429516688}",0.0
1750723200000,2025-06-24,537714.3350830876,"{'TLT': 0.45, 'IEF': 0.25, 'GLD': 0.1197078570483312, 'SHY': 0.1802921429516688}",0.0
1750809600000,2025-06-25,538282.5249796809,"{'TLT': 0.45, 'IEF': 0.25, 'GLD': 0.1197078570483312, 'SHY': 0.1802921429516688}",0.0
1750896000000,2025-06-26,540026.5103270008,"{'TLT': 0.45, 'IEF': 0.25, 'GLD': 0.1197078570483312, 'SHY': 0.1802921429516688}",0.0
1750982400000,2025-06-27,536919.4486896566,"{'TLT': 0.45, 'IEF': 0.25, 'GLD': 0.1197078570483312, 'SHY': 0.1802921429516688}",0.0
1751241600000,2025-06-30,540535.473559917,"{'SPY': 0.15557835856090832, 'QQQ': 0.07778917928045416, 'TLT': 0.25, 'IEF': 0.2, 'GLD': 0.11668376892068123, 'SHY': 0.19994869323795633}",0.0
1751328000000,2025-07-01,540738.7123758835,"{'SPY': 0.15557835856090832, 'QQQ': 0.07778917928045416, 'TLT': 0.25, 'IEF': 0.2, 'GLD': 0.11668376892068123, 'SHY': 0.19994869323795633}",0.0
1751414400000,2025-07-02,540662.8612114956,"{'SPY': 0.15557835856090832, 'QQQ': 0.07778917928045416, 'TLT': 0.25, 'IEF': 0.2, 'GLD': 0.11668376892068123, 'SHY': 0.19994869323795633}",0.0
1751500800000,2025-07-03,539874.6140987885,"{'SPY': 0.15557835856090832, 'QQQ': 0.07778917928045416, 'TLT': 0.25, 'IEF': 0.2, 'GLD': 0.11668376892068123, 'SHY': 0.19994869323795633}",0.0
1751846400000,2025-07-07,537323.3911718986,"{'SPY': 0.15557835856090832, 'QQQ': 0.07778917928045416, 'TLT': 0.25, 'IEF': 0.2, 'GLD': 0.11668376892068123, 'SHY': 0.19994869323795633}",0.0
1751932800000,2025-07-08,536328.55730067,"{'SPY': 0.15557835856090832, 'QQQ': 0.07778917928045416, 'TLT': 0.25, 'IEF': 0.2, 'GLD': 0.11668376892068123, 'SHY': 0.19994869323795633}",0.0
1752019200000,2025-07-09,539455.036856209,"{'SPY': 0.15557835856090832, 'QQQ': 0.07778917928045416, 'TLT': 0.25, 'IEF': 0.2, 'GLD': 0.11668376892068123, 'SHY': 0.19994869323795633}",0.0
1752105600000,2025-07-10,539807.7172218043,"{'SPY': 0.15557835856090832, 'QQQ': 0.07778917928045416, 'TLT': 0.25, 'IEF': 0.2, 'GLD': 0.11668376892068123, 'SHY': 0.19994869323795633}",0.0
1752192000000,2025-07-11,537633.6758170243,"{'SPY': 0.15557835856090832, 'QQQ': 0.07778917928045416, 'TLT': 0.25, 'IEF': 0.2, 'GLD': 0.11668376892068123, 'SHY': 0.19994869323795633}",0.0
1752451200000,2025-07-14,537401.0635694962,"{'SPY': 0.15557835856090832, 'QQQ': 0.07778917928045416, 'TLT': 0.25, 'IEF': 0.2, 'GLD': 0.11668376892068123, 'SHY': 0.19994869323795633}",0.0
1752537600000,2025-07-15,535353.8834806953,"{'SPY': 0.15557835856090832, 'QQQ': 0.07778917928045416, 'TLT': 0.25, 'IEF': 0.2, 'GLD': 0.11668376892068123, 'SHY': 0.19994869323795633}",0.0
1752624000000,2025-07-16,536614.8844146277,"{'SPY': 0.15557835856090832, 'QQQ': 0.07778917928045416, 'TLT': 0.25, 'IEF': 0.2, 'GLD': 0.11668376892068123, 'SHY': 0.19994869323795633}",0.0
1752710400000,2025-07-17,537222.7822521795,"{'SPY': 0.15557835856090832, 'QQQ': 0.07778917928045416, 'TLT': 0.25, 'IEF': 0.2, 'GLD': 0.11668376892068123, 'SHY': 0.19994869323795633}",0.0
1752796800000,2025-07-18,537877.5084367357,"{'SPY': 0.15557835856090832, 'QQQ': 0.07778917928045416, 'TLT': 0.25, 'IEF': 0.2, 'GLD': 0.11668376892068123, 'SHY': 0.19994869323795633}",0.0
1753056000000,2025-07-21,540857.939757574,"{'SPY': 0.15557835856090832, 'QQQ': 0.07778917928045416, 'TLT': 0.25, 'IEF': 0.2, 'GLD': 0.11668376892068123, 'SHY': 0.19994869323795633}",0.0
1753142400000,2025-07-22,542455.2664956833,"{'SPY': 0.15557835856090832, 'QQQ': 0.07778917928045416, 'TLT': 0.25, 'IEF': 0.2, 'GLD': 0.11668376892068123, 'SHY': 0.19994869323795633}",0.0
1753228800000,2025-07-23,541348.2467038457,"{'SPY': 0.15557835856090832, 'QQQ': 0.07778917928045416, 'TLT': 0.25, 'IEF': 0.2, 'GLD': 0.11668376892068123, 'SHY': 0.19994869323795633}",0.0
1753315200000,2025-07-24,540591.4385965843,"{'SPY': 0.15557835856090832, 'QQQ': 0.07778917928045416, 'TLT': 0.25, 'IEF': 0.2, 'GLD': 0.11668376892068123, 'SHY': 0.19994869323795633}",0.0
1753401600000,2025-07-25,541631.3637161165,"{'SPY': 0.15557835856090832, 'QQQ': 0.07778917928045416, 'TLT': 0.25, 'IEF': 0.2, 'GLD': 0.11668376892068123, 'SHY': 0.19994869323795633}",0.0
1753660800000,2025-07-28,540202.1223383384,"{'SPY': 0.15557835856090832, 'QQQ': 0.07778917928045416, 'TLT': 0.25, 'IEF': 0.2, 'GLD': 0.11668376892068123, 'SHY': 0.19994869323795633}",0.0
1753747200000,2025-07-29,543169.4121027963,"{'SPY': 0.15557835856090832, 'QQQ': 0.07778917928045416, 'TLT': 0.25, 'IEF': 0.2, 'GLD': 0.11668376892068123, 'SHY': 0.19994869323795633}",0.0
1753833600000,2025-07-30,540829.9360091995,"{'SPY': 0.15557835856090832, 'QQQ': 0.07778917928045416, 'TLT': 0.25, 'IEF': 0.2, 'GLD': 0.11668376892068123, 'SHY': 0.19994869323795633}",0.0
1753920000000,2025-07-31,540825.7388544213,"{'SPY': 0.2, 'QQQ': 0.1, 'TLT': 0.25, 'IEF': 0.2, 'GLD': 0.15, 'SHY': 0.1}",0.0
1754006400000,2025-08-01,543071.3550266884,"{'SPY': 0.2, 'QQQ': 0.1, 'TLT': 0.25, 'IEF': 0.2, 'GLD': 0.15, 'SHY': 0.1}",0.0
1754265600000,2025-08-04,546730.4171418742,"{'SPY': 0.2, 'QQQ': 0.1, 'TLT': 0.25, 'IEF': 0.2, 'GLD': 0.15, 'SHY': 0.1}",0.0
1754352000000,2025-08-05,546190.1485379294,"{'SPY': 0.2, 'QQQ': 0.1, 'TLT': 0.25, 'IEF': 0.2, 'GLD': 0.15, 'SHY': 0.1}",0.0
1754438400000,2025-08-06,546691.9192275738,"{'SPY': 0.2, 'QQQ': 0.1, 'TLT': 0.25, 'IEF': 0.2, 'GLD': 0.15, 'SHY': 0.1}",0.0
1754524800000,2025-08-07,547137.4421997896,"{'SPY': 0.2, 'QQQ': 0.1, 'TLT': 0.25, 'IEF': 0.2, 'GLD': 0.15, 'SHY': 0.1}",0.0
1754611200000,2025-08-08,547624.7875479168,"{'SPY': 0.2, 'QQQ': 0.1, 'TLT': 0.25, 'IEF': 0.2, 'GLD': 0.15, 'SHY': 0.1}",0.0
1754870400000,2025-08-11,546256.6401313166,"{'SPY': 0.2, 'QQQ': 0.1, 'TLT': 0.25, 'IEF': 0.2, 'GLD': 0.15, 'SHY': 0.1}",0.0
1754956800000,2025-08-12,547361.142877111,"{'SPY': 0.2, 'QQQ': 0.1, 'TLT': 0.25, 'IEF': 0.2, 'GLD': 0.15, 'SHY': 0.1}",0.0
1755043200000,2025-08-13,549609.7713554092,"{'SPY': 0.2, 'QQQ': 0.1, 'TLT': 0.25, 'IEF': 0.2, 'GLD': 0.15, 'SHY': 0.1}",0.0
1755129600000,2025-08-14,547620.3448108386,"{'SPY': 0.2, 'QQQ': 0.1, 'TLT': 0.25, 'IEF': 0.2, 'GLD': 0.15, 'SHY': 0.1}",0.0
1755216000000,2025-08-15,545957.89689363,"{'SPY': 0.2, 'QQQ': 0.1, 'TLT': 0.25, 'IEF': 0.2, 'GLD': 0.15, 'SHY': 0.1}",0.0
1755475200000,2025-08-18,545286.3861446356,"{'SPY': 0.2, 'QQQ': 0.1, 'TLT': 0.25, 'IEF': 0.2, 'GLD': 0.15, 'SHY': 0.1}",0.0
1755561600000,2025-08-19,544599.898590098,"{'SPY': 0.2, 'QQQ': 0.1, 'TLT': 0.25, 'IEF': 0.2, 'GLD': 0.15, 'SHY': 0.1}",0.0
1755648000000,2025-08-20,545292.186961419,"{'SPY': 0.2, 'QQQ': 0.1, 'TLT': 0.25, 'IEF': 0.2, 'GLD': 0.15, 'SHY': 0.1}",0.0
1755734400000,2025-08-21,543277.5748711195,"{'SPY': 0.2, 'QQQ': 0.1, 'TLT': 0.25, 'IEF': 0.2, 'GLD': 0.15, 'SHY': 0.1}",0.0
1755820800000,2025-08-22,548385.660086404,"{'SPY': 0.2, 'QQQ': 0.1, 'TLT': 0.25, 'IEF': 0.2, 'GLD': 0.15, 'SHY': 0.1}",0.0
1756080000000,2025-08-25,546908.334168718,"{'SPY': 0.2, 'QQQ': 0.1, 'TLT': 0.25, 'IEF': 0.2, 'GLD': 0.15, 'SHY': 0.1}",0.0
1756166400000,2025-08-26,548435.2505167301,"{'SPY': 0.2, 'QQQ': 0.1, 'TLT': 0.25, 'IEF': 0.2, 'GLD': 0.15, 'SHY': 0.1}",0.0
1756252800000,2025-08-27,549023.2096786746,"{'SPY': 0.2, 'QQQ': 0.1, 'TLT': 0.25, 'IEF': 0.2, 'GLD': 0.15, 'SHY': 0.1}",0.0
1756339200000,2025-08-28,551501.4142660768,"{'SPY': 0.2, 'QQQ': 0.1, 'TLT': 0.25, 'IEF': 0.2, 'GLD': 0.15, 'SHY': 0.1}",0.0
1756425600000,2025-08-29,549978.3165548006,"{'SPY': 0.2, 'QQQ': 0.1, 'TLT': 0.25, 'IEF': 0.2, 'GLD': 0.15, 'SHY': 0.1}",0.0
1756771200000,2025-09-02,549273.3586518164,"{'SPY': 0.2, 'QQQ': 0.1, 'TLT': 0.25, 'IEF': 0.2, 'GLD': 0.15, 'SHY': 0.1}",0.0
1756857600000,2025-09-03,552872.8230297877,"{'SPY': 0.2, 'QQQ': 0.1, 'TLT': 0.25, 'IEF': 0.2, 'GLD': 0.15, 'SHY': 0.1}",0.0
1756944000000,2025-09-04,555520.6884053582,"{'SPY': 0.2, 'QQQ': 0.1, 'TLT': 0.25, 'IEF': 0.2, 'GLD': 0.15, 'SHY': 0.1}",0.0
1757030400000,2025-09-05,559131.3314921964,"{'SPY': 0.2, 'QQQ': 0.1, 'TLT': 0.25, 'IEF': 0.2, 'GLD': 0.15, 'SHY': 0.1}",0.0
1757289600000,2025-09-08,562876.7733911719,"{'SPY': 0.2, 'QQQ': 0.1, 'TLT': 0.25, 'IEF': 0.2, 'GLD': 0.15, 'SHY': 0.1}",0.0
1757376000000,2025-09-09,561990.9417671642,"{'SPY': 0.2, 'QQQ': 0.1, 'TLT': 0.25, 'IEF': 0.2, 'GLD': 0.15, 'SHY': 0.1}",0.0
1757462400000,2025-09-10,563748.6344981042,"{'SPY': 0.2, 'QQQ': 0.1, 'TLT': 0.25, 'IEF': 0.2, 'GLD': 0.15, 'SHY': 0.1}",0.0
1757548800000,2025-09-11,566024.499927048,"{'SPY': 0.2, 'QQQ': 0.1, 'TLT': 0.25, 'IEF': 0.2, 'GLD': 0.15, 'SHY': 0.1}",0.0
1757635200000,2025-09-12,565460.382808384,"{'SPY': 0.2, 'QQQ': 0.1, 'TLT': 0.25, 'IEF': 0.2, 'GLD': 0.15, 'SHY': 0.1}",0.0
1757894400000,2025-09-15,567965.972011426,"{'SPY': 0.2, 'QQQ': 0.1, 'TLT': 0.25, 'IEF': 0.2, 'GLD': 0.15, 'SHY': 0.1}",0.0
1757980800000,2025-09-16,568329.2728234701,"{'SPY': 0.2, 'QQQ': 0.1, 'TLT': 0.25, 'IEF': 0.2, 'GLD': 0.15, 'SHY': 0.1}",0.0
1758067200000,2025-09-17,566782.2575191904,"{'SPY': 0.2, 'QQQ': 0.1, 'TLT': 0.25, 'IEF': 0.2, 'GLD': 0.15, 'SHY': 0.1}",0.0
1758153600000,2025-09-18,565625.6454484224,"{'SPY': 0.2, 'QQQ': 0.1, 'TLT': 0.25, 'IEF': 0.2, 'GLD': 0.15, 'SHY': 0.1}",0.0
1758240000000,2025-09-19,567172.8731206032,"{'SPY': 0.2, 'QQQ': 0.1, 'TLT': 0.25, 'IEF': 0.2, 'GLD': 0.15, 'SHY': 0.1}",0.0
1758499200000,2025-09-22,568792.761275711,"{'SPY': 0.2, 'QQQ': 0.1, 'TLT': 0.25, 'IEF': 0.2, 'GLD': 0.15, 'SHY': 0.1}",0.0
1758585600000,2025-09-23,569477.3088934646,"{'SPY': 0.2, 'QQQ': 0.1, 'TLT': 0.25, 'IEF': 0.2, 'GLD': 0.15, 'SHY': 0.1}",0.0
1758672000000,2025-09-24,567265.3772683388,"{'SPY': 0.2, 'QQQ': 0.1, 'TLT': 0.25, 'IEF': 0.2, 'GLD': 0.15, 'SHY': 0.1}",0.0
1758758400000,2025-09-25,566556.9548832526,"{'SPY': 0.2, 'QQQ': 0.1, 'TLT': 0.25, 'IEF': 0.2, 'GLD': 0.15, 'SHY': 0.1}",0.0
1758844800000,2025-09-26,567777.5547483206,"{'SPY': 0.2, 'QQQ': 0.1, 'TLT': 0.25, 'IEF': 0.2, 'GLD': 0.15, 'SHY': 0.1}",0.0
1759104000000,2025-09-29,571281.1585456351,"{'SPY': 0.2, 'QQQ': 0.1, 'TLT': 0.25, 'IEF': 0.2, 'GLD': 0.15, 'SHY': 0.1}",0.0
1759190400000,2025-09-30,572165.7637592772,"{'SPY': 0.2, 'QQQ': 0.1, 'TLT': 0.25, 'IEF': 0.2, 'GLD': 0.15, 'SHY': 0.1}",0.0
1759276800000,2025-10-01,573786.7431430921,"{'SPY': 0.2, 'QQQ': 0.1, 'TLT': 0.25, 'IEF': 0.2, 'GLD': 0.15, 'SHY': 0.1}",0.0
1759363200000,2025-10-02,574405.5154325969,"{'SPY': 0.2, 'QQQ': 0.1, 'TLT': 0.25, 'IEF': 0.2, 'GLD': 0.15, 'SHY': 0.1}",0.0
1759449600000,2025-10-03,574334.7506033136,"{'SPY': 0.2, 'QQQ': 0.1, 'TLT': 0.25, 'IEF': 0.2, 'GLD': 0.15, 'SHY': 0.1}",0.0
1759708800000,2025-10-06,575313.4884948038,"{'SPY': 0.2, 'QQQ': 0.1, 'TLT': 0.25, 'IEF': 0.2, 'GLD': 0.15, 'SHY': 0.1}",0.0
1759795200000,2025-10-07,576171.5712679814,"{'SPY': 0.2, 'QQQ': 0.1, 'TLT': 0.25, 'IEF': 0.2, 'GLD': 0.15, 'SHY': 0.1}",0.0
1759881600000,2025-10-08,579074.475094183,"{'SPY': 0.2, 'QQQ': 0.1, 'TLT': 0.25, 'IEF': 0.2, 'GLD': 0.15, 'SHY': 0.1}",0.0
1759968000000,2025-10-09,576861.4278090319,"{'SPY': 0.2, 'QQQ': 0.1, 'TLT': 0.25, 'IEF': 0.2, 'GLD': 0.15, 'SHY': 0.1}",0.0
1760054400000,2025-10-10,575759.32109549,"{'SPY': 0.2, 'QQQ': 0.1, 'TLT': 0.25, 'IEF': 0.2, 'GLD': 0.15, 'SHY': 0.1}",0.0
1760313600000,2025-10-13,580937.8833249,"{'SPY': 0.2, 'QQQ': 0.1, 'TLT': 0.25, 'IEF': 0.2, 'GLD': 0.15, 'SHY': 0.1}",0.0
1760400000000,2025-10-14,581753.9354622078,"{'SPY': 0.2, 'QQQ': 0.1, 'TLT': 0.25, 'IEF': 0.2, 'GLD': 0.15, 'SHY': 0.1}",0.0
1760486400000,2025-10-15,583713.6502370759,"{'SPY': 0.2, 'QQQ': 0.1, 'TLT': 0.25, 'IEF': 0.2, 'GLD': 0.15, 'SHY': 0.1}",0.0
1760572800000,2025-10-16,586463.1386860966,"{'SPY': 0.2, 'QQQ': 0.1, 'TLT': 0.25, 'IEF': 0.2, 'GLD': 0.15, 'SHY': 0.1}",0.0
1760659200000,2025-10-17,585434.5324315426,"{'SPY': 0.2, 'QQQ': 0.1, 'TLT': 0.25, 'IEF': 0.2, 'GLD': 0.15, 'SHY': 0.1}",0.0
1760918400000,2025-10-20,591311.6667256894,"{'SPY': 0.2, 'QQQ': 0.1, 'TLT': 0.25, 'IEF': 0.2, 'GLD': 0.15, 'SHY': 0.1}",0.0
1761004800000,2025-10-21,586553.1197712643,"{'SPY': 0.2, 'QQQ': 0.1, 'TLT': 0.25, 'IEF': 0.2, 'GLD': 0.15, 'SHY': 0.1}",0.0
1761091200000,2025-10-22,585507.1250764566,"{'SPY': 0.2, 'QQQ': 0.1, 'TLT': 0.25, 'IEF': 0.2, 'GLD': 0.15, 'SHY': 0.1}",0.0
1761177600000,2025-10-23,585617.823038767,"{'SPY': 0.2, 'QQQ': 0.1, 'TLT': 0.25, 'IEF': 0.2, 'GLD': 0.15, 'SHY': 0.1}",0.0
1761264000000,2025-10-24,587113.3603518544,"{'SPY': 0.2, 'QQQ': 0.1, 'TLT': 0.25, 'IEF': 0.2, 'GLD': 0.15, 'SHY': 0.1}",0.0
1761523200000,2025-10-27,587575.8432160468,"{'SPY': 0.2, 'QQQ': 0.1, 'TLT': 0.25, 'IEF': 0.2, 'GLD': 0.15, 'SHY': 0.1}",0.0
1761609600000,2025-10-28,588207.8904392677,"{'SPY': 0.2, 'QQQ': 0.1, 'TLT': 0.25, 'IEF': 0.2, 'GLD': 0.15, 'SHY': 0.1}",0.0
1761696000000,2025-10-29,585836.1819887778,"{'SPY': 0.2, 'QQQ': 0.1, 'TLT': 0.25, 'IEF': 0.2, 'GLD': 0.15, 'SHY': 0.1}",0.0
1761782400000,2025-10-30,584363.6077584017,"{'SPY': 0.2, 'QQQ': 0.1, 'TLT': 0.25, 'IEF': 0.2, 'GLD': 0.15, 'SHY': 0.1}",0.0
1761868800000,2025-10-31,584186.750158704,"{'SPY': 0.2, 'QQQ': 0.1, 'TLT': 0.25, 'IEF': 0.2, 'GLD': 0.15, 'SHY': 0.1}",0.0
1762128000000,2025-11-03,584423.8416850361,"{'SPY': 0.2, 'QQQ': 0.1, 'TLT': 0.25, 'IEF': 0.2, 'GLD': 0.15, 'SHY': 0.1}",0.0
1762214400000,2025-11-04,580808.6374776476,"{'SPY': 0.2, 'QQQ': 0.1, 'TLT': 0.25, 'IEF': 0.2, 'GLD': 0.15, 'SHY': 0.1}",0.0
1762300800000,2025-11-05,580419.3558328316,"{'SPY': 0.2, 'QQQ': 0.1, 'TLT': 0.25, 'IEF': 0.2, 'GLD': 0.15, 'SHY': 0.1}",0.0
1762387200000,2025-11-06,579954.804756459,"{'SPY': 0.2, 'QQQ': 0.1, 'TLT': 0.25, 'IEF': 0.2, 'GLD': 0.15, 'SHY': 0.1}",0.0
1762473600000,2025-11-07,580187.430785048,"{'SPY': 0.2, 'QQQ': 0.1, 'TLT': 0.25, 'IEF': 0.2, 'GLD': 0.15, 'SHY': 0.1}",0.0
1762732800000,2025-11-10,585458.7861627153,"{'SPY': 0.2, 'QQQ': 0.1, 'TLT': 0.25, 'IEF': 0.2, 'GLD': 0.15, 'SHY': 0.1}",0.0
1762819200000,2025-11-11,587000.0990712007,"{'SPY': 0.2, 'QQQ': 0.1, 'TLT': 0.25, 'IEF': 0.2, 'GLD': 0.15, 'SHY': 0.1}",0.0
1762905600000,2025-11-12,588701.6999460965,"{'SPY': 0.2, 'QQQ': 0.1, 'TLT': 0.25, 'IEF': 0.2, 'GLD': 0.15, 'SHY': 0.1}",0.0
1762992000000,2025-11-13,583247.9083968571,"{'SPY': 0.2, 'QQQ': 0.1, 'TLT': 0.25, 'IEF': 0.2, 'GLD': 0.15, 'SHY': 0.1}",0.0
1763078400000,2025-11-14,580689.9004194705,"{'SPY': 0.2, 'QQQ': 0.1, 'TLT': 0.25, 'IEF': 0.2, 'GLD': 0.15, 'SHY': 0.1}",0.0
1763337600000,2025-11-17,578598.2443724601,"{'SPY': 0.2, 'QQQ': 0.1, 'TLT': 0.25, 'IEF': 0.2, 'GLD': 0.15, 'SHY': 0.1}",0.0
1763424000000,2025-11-18,577730.5186459215,"{'SPY': 0.2, 'QQQ': 0.1, 'TLT': 0.25, 'IEF': 0.2, 'GLD': 0.15, 'SHY': 0.1}",0.0
1763510400000,2025-11-19,578280.4738222559,"{'SPY': 0.2, 'QQQ': 0.1, 'TLT': 0.25, 'IEF': 0.2, 'GLD': 0.15, 'SHY': 0.1}",0.0
1763596800000,2025-11-20,576016.6915338581,"{'SPY': 0.2, 'QQQ': 0.1, 'TLT': 0.25, 'IEF': 0.2, 'GLD': 0.15, 'SHY': 0.1}",0.0
1763683200000,2025-11-21,578349.0856022667,"{'SPY': 0.2, 'QQQ': 0.1, 'TLT': 0.25, 'IEF': 0.2, 'GLD': 0.15, 'SHY': 0.1}",0.0
1763942400000,2025-11-24,583914.4888911966,"{'SPY': 0.2, 'QQQ': 0.1, 'TLT': 0.25, 'IEF': 0.2, 'GLD': 0.15, 'SHY': 0.1}",0.0
1764028800000,2025-11-25,586053.3073737447,"{'SPY': 0.2, 'QQQ': 0.1, 'TLT': 0.25, 'IEF': 0.2, 'GLD': 0.15, 'SHY': 0.1}",0.0
1764115200000,2025-11-26,588821.906044107,"{'SPY': 0.2, 'QQQ': 0.1, 'TLT': 0.25, 'IEF': 0.2, 'GLD': 0.15, 'SHY': 0.1}",0.0
1764288000000,2025-11-28,590136.091715287,"{'SPY': 0.2, 'QQQ': 0.1, 'TLT': 0.25, 'IEF': 0.2, 'GLD': 0.15, 'SHY': 0.1}",0.0
1764547200000,2025-12-01,587304.8339060012,"{'SPY': 0.2, 'QQQ': 0.1, 'TLT': 0.25, 'IEF': 0.2, 'GLD': 0.15, 'SHY': 0.1}",0.0
1764633600000,2025-12-02,587613.5015996471,"{'SPY': 0.2, 'QQQ': 0.1, 'TLT': 0.25, 'IEF': 0.2, 'GLD': 0.15, 'SHY': 0.1}",0.0
1764720000000,2025-12-03,588774.0293148732,"{'SPY': 0.2, 'QQQ': 0.1, 'TLT': 0.25, 'IEF': 0.2, 'GLD': 0.15, 'SHY': 0.1}",0.0
1764806400000,2025-12-04,587662.172143273,"{'SPY': 0.2, 'QQQ': 0.1, 'TLT': 0.25, 'IEF': 0.2, 'GLD': 0.15, 'SHY': 0.1}",0.0
1764892800000,2025-12-05,587023.4456540722,"{'SPY': 0.2, 'QQQ': 0.1, 'TLT': 0.25, 'IEF': 0.2, 'GLD': 0.15, 'SHY': 0.1}",0.0
1765152000000,2025-12-08,585585.427574757,"{'SPY': 0.2, 'QQQ': 0.1, 'TLT': 0.25, 'IEF': 0.2, 'GLD': 0.15, 'SHY': 0.1}",0.0
1765238400000,2025-12-09,585959.096480764,"{'SPY': 0.2, 'QQQ': 0.1, 'TLT': 0.25, 'IEF': 0.2, 'GLD': 0.15, 'SHY': 0.1}",0.0
1765324800000,2025-12-10,588393.9689860191,"{'SPY': 0.2, 'QQQ': 0.1, 'TLT': 0.25, 'IEF': 0.2, 'GLD': 0.15, 'SHY': 0.1}",0.0
1765411200000,2025-12-11,589247.4356968,"{'SPY': 0.2, 'QQQ': 0.1, 'TLT': 0.25, 'IEF': 0.2, 'GLD': 0.15, 'SHY': 0.1}",0.0
1765497600000,2025-12-12,585617.8669461677,"{'SPY': 0.2, 'QQQ': 0.1, 'TLT': 0.25, 'IEF': 0.2, 'GLD': 0.15, 'SHY': 0.1}",0.0
1765756800000,2025-12-15,585460.2513142835,"{'SPY': 0.2, 'QQQ': 0.1, 'TLT': 0.25, 'IEF': 0.2, 'GLD': 0.15, 'SHY': 0.1}",0.0
1765843200000,2025-12-16,586436.8057422432,"{'SPY': 0.2, 'QQQ': 0.1, 'TLT': 0.25, 'IEF': 0.2, 'GLD': 0.15, 'SHY': 0.1}",0.0
1765929600000,2025-12-17,584663.9146371246,"{'SPY': 0.2, 'QQQ': 0.1, 'TLT': 0.25, 'IEF': 0.2, 'GLD': 0.15, 'SHY': 0.1}",0.0
1766016000000,2025-12-18,587280.3180902636,"{'SPY': 0.2, 'QQQ': 0.1, 'TLT': 0.25, 'IEF': 0.2, 'GLD': 0.15, 'SHY': 0.1}",0.0
1766102400000,2025-12-19,588387.0040745861,"{'SPY': 0.2, 'QQQ': 0.1, 'TLT': 0.25, 'IEF': 0.2, 'GLD': 0.15, 'SHY': 0.1}",0.0
1766361600000,2025-12-22,590969.3336356421,"{'SPY': 0.2, 'QQQ': 0.1, 'TLT': 0.25, 'IEF': 0.2, 'GLD': 0.15, 'SHY': 0.1}",0.0
1766448000000,2025-12-23,593120.0673848988,"{'SPY': 0.2, 'QQQ': 0.1, 'TLT': 0.25, 'IEF': 0.2, 'GLD': 0.15, 'SHY': 0.1}",0.0
1766534400000,2025-12-24,594585.6967251507,"{'SPY': 0.2, 'QQQ': 0.1, 'TLT': 0.25, 'IEF': 0.2, 'GLD': 0.15, 'SHY': 0.1}",0.0
1766707200000,2025-12-26,595275.7347175174,"{'SPY': 0.2, 'QQQ': 0.1, 'TLT': 0.25, 'IEF': 0.2, 'GLD': 0.15, 'SHY': 0.1}",0.0
1766966400000,2025-12-29,591437.9757622791,"{'SPY': 0.2, 'QQQ': 0.1, 'TLT': 0.25, 'IEF': 0.2, 'GLD': 0.15, 'SHY': 0.1}",0.0
1767052800000,2025-12-30,590760.1098496736,"{'SPY': 0.2, 'QQQ': 0.1, 'TLT': 0.25, 'IEF': 0.2, 'GLD': 0.15, 'SHY': 0.1}",0.0
1767139200000,2025-12-31,587233.3327377063,"{'SPY': 0.2, 'QQQ': 0.1, 'TLT': 0.25, 'IEF': 0.2, 'GLD': 0.15, 'SHY': 0.1}",0.0
1767312000000,2026-01-02,587484.4191828598,"{'SPY': 0.2, 'QQQ': 0.1, 'TLT': 0.25, 'IEF': 0.2, 'GLD': 0.15, 'SHY': 0.1}",0.0
1767571200000,2026-01-05,592153.954999778,"{'SPY': 0.2, 'QQQ': 0.1, 'TLT': 0.25, 'IEF': 0.2, 'GLD': 0.15, 'SHY': 0.1}",0.0
1767657600000,2026-01-06,593955.4949412923,"{'SPY': 0.2, 'QQQ': 0.1, 'TLT': 0.25, 'IEF': 0.2, 'GLD': 0.15, 'SHY': 0.1}",0.0
1767744000000,2026-01-07,593860.5396141561,"{'SPY': 0.2, 'QQQ': 0.1, 'TLT': 0.25, 'IEF': 0.2, 'GLD': 0.15, 'SHY': 0.1}",0.0
1767830400000,2026-01-08,592879.9694688906,"{'SPY': 0.2, 'QQQ': 0.1, 'TLT': 0.25, 'IEF': 0.2, 'GLD': 0.15, 'SHY': 0.1}",0.0
1767916800000,2026-01-09,595997.0466007895,"{'SPY': 0.2, 'QQQ': 0.1, 'TLT': 0.25, 'IEF': 0.2, 'GLD': 0.15, 'SHY': 0.1}",0.0
1768176000000,2026-01-12,597318.3964619958,"{'SPY': 0.2, 'QQQ': 0.1, 'TLT': 0.25, 'IEF': 0.2, 'GLD': 0.15, 'SHY': 0.1}",0.0
1768262400000,2026-01-13,597282.5989161604,"{'SPY': 0.2, 'QQQ': 0.1, 'TLT': 0.25, 'IEF': 0.2, 'GLD': 0.15, 'SHY': 0.1}",0.0
1768348800000,2026-01-14,598102.8836769627,"{'SPY': 0.2, 'QQQ': 0.1, 'TLT': 0.25, 'IEF': 0.2, 'GLD': 0.15, 'SHY': 0.1}",0.0
1768435200000,2026-01-15,597769.0910257858,"{'SPY': 0.2, 'QQQ': 0.1, 'TLT': 0.25, 'IEF': 0.2, 'GLD': 0.15, 'SHY': 0.1}",0.0
1768521600000,2026-01-16,595850.0281033701,"{'SPY': 0.2, 'QQQ': 0.1, 'TLT': 0.25, 'IEF': 0.2, 'GLD': 0.15, 'SHY': 0.1}",0.0
1768867200000,2026-01-20,593123.8374395617,"{'SPY': 0.2, 'QQQ': 0.1, 'TLT': 0.25, 'IEF': 0.2, 'GLD': 0.15, 'SHY': 0.1}",0.0
1768953600000,2026-01-21,598059.3264819366,"{'SPY': 0.2, 'QQQ': 0.1, 'TLT': 0.25, 'IEF': 0.2, 'GLD': 0.15, 'SHY': 0.1}",0.0
1769040000000,2026-01-22,601391.6915262014,"{'SPY': 0.2, 'QQQ': 0.1, 'TLT': 0.25, 'IEF': 0.2, 'GLD': 0.15, 'SHY': 0.1}",0.0
1769126400000,2026-01-23,603499.3192458467,"{'SPY': 0.2, 'QQQ': 0.1, 'TLT': 0.25, 'IEF': 0.2, 'GLD': 0.15, 'SHY': 0.1}",0.0
1769385600000,2026-01-26,606620.695960147,"{'SPY': 0.2, 'QQQ': 0.1, 'TLT': 0.25, 'IEF': 0.2, 'GLD': 0.15, 'SHY': 0.1}",0.0
1769472000000,2026-01-27,608817.9378791428,"{'SPY': 0.2, 'QQQ': 0.1, 'TLT': 0.25, 'IEF': 0.2, 'GLD': 0.15, 'SHY': 0.1}",0.0
1769558400000,2026-01-28,612099.9519197805,"{'SPY': 0.2, 'QQQ': 0.1, 'TLT': 0.25, 'IEF': 0.2, 'GLD': 0.15, 'SHY': 0.1}",0.0
1769644800000,2026-01-29,611924.1766672154,"{'SPY': 0.2, 'QQQ': 0.1, 'TLT': 0.25, 'IEF': 0.2, 'GLD': 0.15, 'SHY': 0.1}",0.0
1769731200000,2026-01-30,600513.2263358353,"{'SPY': 0.2, 'QQQ': 0.1, 'TLT': 0.25, 'IEF': 0.2, 'GLD': 0.15, 'SHY': 0.1}",0.0
1769990400000,2026-02-02,597221.029029187,"{'SPY': 0.2, 'QQQ': 0.1, 'TLT': 0.25, 'IEF': 0.2, 'GLD': 0.15, 'SHY': 0.1}",0.0
1770076800000,2026-02-03,601457.5298204707,"{'SPY': 0.2, 'QQQ': 0.1, 'TLT': 0.25, 'IEF': 0.2, 'GLD': 0.15, 'SHY': 0.1}",0.0
1770163200000,2026-02-04,599383.2446047949,"{'SPY': 0.2, 'QQQ': 0.1, 'TLT': 0.25, 'IEF': 0.2, 'GLD': 0.15, 'SHY': 0.1}",0.0
1770249600000,2026-02-05,597053.5357318462,"{'SPY': 0.2, 'QQQ': 0.1, 'TLT': 0.25, 'IEF': 0.2, 'GLD': 0.15, 'SHY': 0.1}",0.0
1770336000000,2026-02-06,603461.1289391682,"{'SPY': 0.2, 'QQQ': 0.1, 'TLT': 0.25, 'IEF': 0.2, 'GLD': 0.15, 'SHY': 0.1}",0.0
1770595200000,2026-02-09,606810.0370407389,"{'SPY': 0.2, 'QQQ': 0.1, 'TLT': 0.25, 'IEF': 0.2, 'GLD': 0.15, 'SHY': 0.1}",0.0
1770681600000,2026-02-10,607623.8479026174,"{'SPY': 0.2, 'QQQ': 0.1, 'TLT': 0.25, 'IEF': 0.2, 'GLD': 0.15, 'SHY': 0.1}",0.0
1770768000000,2026-02-11,607584.5529002039,"{'SPY': 0.2, 'QQQ': 0.1, 'TLT': 0.25, 'IEF': 0.2, 'GLD': 0.15, 'SHY': 0.1}",0.0
1770854400000,2026-02-12,604128.2327102653,"{'SPY': 0.2, 'QQQ': 0.1, 'TLT': 0.25, 'IEF': 0.2, 'GLD': 0.15, 'SHY': 0.1}",0.0
1770940800000,2026-02-13,607994.8492514121,"{'SPY': 0.2, 'QQQ': 0.1, 'TLT': 0.25, 'IEF': 0.2, 'GLD': 0.15, 'SHY': 0.1}",0.0
1771286400000,2026-02-17,605505.351073611,"{'SPY': 0.2, 'QQQ': 0.1, 'TLT': 0.25, 'IEF': 0.2, 'GLD': 0.15, 'SHY': 0.1}",0.0
1771372800000,2026-02-18,607751.9288385006,"{'SPY': 0.2, 'QQQ': 0.1, 'TLT': 0.25, 'IEF': 0.2, 'GLD': 0.15, 'SHY': 0.1}",0.0
1771459200000,2026-02-19,607718.7288321473,"{'SPY': 0.2, 'QQQ': 0.1, 'TLT': 0.25, 'IEF': 0.2, 'GLD': 0.15, 'SHY': 0.1}",0.0
1771545600000,2026-02-20,610583.9269483088,"{'SPY': 0.2, 'QQQ': 0.1, 'TLT': 0.25, 'IEF': 0.2, 'GLD': 0.15, 'SHY': 0.1}",0.0
1771804800000,2026-02-23,612124.157867054,"{'SPY': 0.2, 'QQQ': 0.1, 'TLT': 0.25, 'IEF': 0.2, 'GLD': 0.15, 'SHY': 0.1}",0.0
1771891200000,2026-02-24,612646.7356907657,"{'SPY': 0.2, 'QQQ': 0.1, 'TLT': 0.25, 'IEF': 0.2, 'GLD': 0.15, 'SHY': 0.1}",0.0
1771977600000,2026-02-25,614239.8618692674,"{'SPY': 0.2, 'QQQ': 0.1, 'TLT': 0.25, 'IEF': 0.2, 'GLD': 0.15, 'SHY': 0.1}",0.0
1772064000000,2026-02-26,614571.7632658832,"{'SPY': 0.2, 'QQQ': 0.1, 'TLT': 0.25, 'IEF': 0.2, 'GLD': 0.15, 'SHY': 0.1}",0.0
1772150400000,2026-02-27,616504.0174282431,"{'SPY': 0.2, 'QQQ': 0.1, 'TLT': 0.25, 'IEF': 0.2, 'GLD': 0.15, 'SHY': 0.1}",0.0
1772409600000,2026-03-02,615452.3702421032,"{'SPY': 0.2, 'QQQ': 0.1, 'TLT': 0.25, 'IEF': 0.2, 'GLD': 0.15, 'SHY': 0.1}",0.0
1772496000000,2026-03-03,609134.1273616207,"{'SPY': 0.2, 'QQQ': 0.1, 'TLT': 0.25, 'IEF': 0.2, 'GLD': 0.15, 'SHY': 0.1}",0.0
1772582400000,2026-03-04,610871.7559946987,"{'SPY': 0.2, 'QQQ': 0.1, 'TLT': 0.25, 'IEF': 0.2, 'GLD': 0.15, 'SHY': 0.1}",0.0
1772668800000,2026-03-05,607865.7301804965,"{'SPY': 0.2, 'QQQ': 0.1, 'TLT': 0.25, 'IEF': 0.2, 'GLD': 0.15, 'SHY': 0.1}",0.0
1772755200000,2026-03-06,606190.4581808742,"{'SPY': 0.2, 'QQQ': 0.1, 'TLT': 0.25, 'IEF': 0.2, 'GLD': 0.15, 'SHY': 0.1}",0.0
1773014400000,2026-03-09,609599.4692906929,"{'SPY': 0.2, 'QQQ': 0.1, 'TLT': 0.25, 'IEF': 0.2, 'GLD': 0.15, 'SHY': 0.1}",0.0
1773100800000,2026-03-10,608385.939433383,"{'SPY': 0.2, 'QQQ': 0.1, 'TLT': 0.25, 'IEF': 0.2, 'GLD': 0.15, 'SHY': 0.1}",0.0
1773187200000,2026-03-11,605337.7325244116,"{'SPY': 0.2, 'QQQ': 0.1, 'TLT': 0.25, 'IEF': 0.2, 'GLD': 0.15, 'SHY': 0.1}",0.0
1773273600000,2026-03-12,599887.059536035,"{'SPY': 0.2, 'QQQ': 0.1, 'TLT': 0.25, 'IEF': 0.2, 'GLD': 0.15, 'SHY': 0.1}",0.0
1773360000000,2026-03-13,596857.808714401,"{'SPY': 0.2, 'QQQ': 0.1, 'TLT': 0.25, 'IEF': 0.2, 'GLD': 0.15, 'SHY': 0.1}",0.0
1773619200000,2026-03-16,600427.011879404,"{'SPY': 0.2, 'QQQ': 0.1, 'TLT': 0.25, 'IEF': 0.2, 'GLD': 0.15, 'SHY': 0.1}",0.0
1773705600000,2026-03-17,601441.9803848127,"{'SPY': 0.2, 'QQQ': 0.1, 'TLT': 0.25, 'IEF': 0.2, 'GLD': 0.15, 'SHY': 0.1}",0.0
1773792000000,2026-03-18,594569.0477069463,"{'SPY': 0.2, 'QQQ': 0.1, 'TLT': 0.25, 'IEF': 0.2, 'GLD': 0.15, 'SHY': 0.1}",0.0
1773878400000,2026-03-19,591291.4125721306,"{'SPY': 0.2, 'QQQ': 0.1, 'TLT': 0.25, 'IEF': 0.2, 'GLD': 0.15, 'SHY': 0.1}",0.0
1773964800000,2026-03-20,581797.0144651262,"{'SPY': 0.2, 'QQQ': 0.1, 'TLT': 0.25, 'IEF': 0.2, 'GLD': 0.15, 'SHY': 0.1}",0.0
1774224000000,2026-03-23,583116.5716823745,"{'SPY': 0.2, 'QQQ': 0.1, 'TLT': 0.25, 'IEF': 0.2, 'GLD': 0.15, 'SHY': 0.1}",0.0
1774310400000,2026-03-24,581227.6926646401,"{'SPY': 0.2, 'QQQ': 0.1, 'TLT': 0.25, 'IEF': 0.2, 'GLD': 0.15, 'SHY': 0.1}",0.0
1774396800000,2026-03-25,586959.4962325506,"{'SPY': 0.2, 'QQQ': 0.1, 'TLT': 0.25, 'IEF': 0.2, 'GLD': 0.15, 'SHY': 0.1}",0.0
1774483200000,2026-03-26,577842.4978777554,"{'SPY': 0.2, 'QQQ': 0.1, 'TLT': 0.25, 'IEF': 0.2, 'GLD': 0.15, 'SHY': 0.1}",0.0
1774569600000,2026-03-27,577127.9474322413,"{'SPY': 0.2, 'QQQ': 0.1, 'TLT': 0.25, 'IEF': 0.2, 'GLD': 0.15, 'SHY': 0.1}",0.0
1774828800000,2026-03-30,579091.0089630765,"{'SPY': 0.2, 'QQQ': 0.1, 'TLT': 0.25, 'IEF': 0.2, 'GLD': 0.15, 'SHY': 0.1}",0.0
1774915200000,2026-03-31,587815.3086870284,"{'SPY': 0.2, 'QQQ': 0.1, 'TLT': 0.25, 'IEF': 0.2, 'GLD': 0.15, 'SHY': 0.1}",0.0
1775001600000,2026-04-01,590720.8414509444,"{'SPY': 0.2, 'QQQ': 0.1, 'TLT': 0.25, 'IEF': 0.2, 'GLD': 0.15, 'SHY': 0.1}",0.0
1775088000000,2026-04-02,590402.4693714629,"{'SPY': 0.2, 'QQQ': 0.1, 'TLT': 0.25, 'IEF': 0.2, 'GLD': 0.15, 'SHY': 0.1}",0.0
1775433600000,2026-04-06,590347.5590978264,"{'SPY': 0.2, 'QQQ': 0.1, 'TLT': 0.25, 'IEF': 0.2, 'GLD': 0.15, 'SHY': 0.1}",0.0
1775520000000,2026-04-07,591594.2120887998,"{'SPY': 0.2, 'QQQ': 0.1, 'TLT': 0.25, 'IEF': 0.2, 'GLD': 0.15, 'SHY': 0.1}",0.0
1775606400000,2026-04-08,597721.9614686414,"{'SPY': 0.2, 'QQQ': 0.1, 'TLT': 0.25, 'IEF': 0.2, 'GLD': 0.15, 'SHY': 0.1}",0.0
1775692800000,2026-04-09,599112.0971931654,"{'SPY': 0.2, 'QQQ': 0.1, 'TLT': 0.25, 'IEF': 0.2, 'GLD': 0.15, 'SHY': 0.1}",0.0
1775779200000,2026-04-10,598373.6402538137,"{'SPY': 0.2, 'QQQ': 0.1, 'TLT': 0.25, 'IEF': 0.2, 'GLD': 0.15, 'SHY': 0.1}",0.0
1776038400000,2026-04-13,600555.6519745393,"{'SPY': 0.2, 'QQQ': 0.1, 'TLT': 0.25, 'IEF': 0.2, 'GLD': 0.15, 'SHY': 0.1}",0.0
1776124800000,2026-04-14,606352.7138068579,"{'SPY': 0.2, 'QQQ': 0.1, 'TLT': 0.25, 'IEF': 0.2, 'GLD': 0.15, 'SHY': 0.1}",0.0
1776211200000,2026-04-15,606271.3202002719,"{'SPY': 0.2, 'QQQ': 0.1, 'TLT': 0.25, 'IEF': 0.2, 'GLD': 0.15, 'SHY': 0.1}",0.0
1776297600000,2026-04-16,605585.0477818717,"{'SPY': 0.2, 'QQQ': 0.1, 'TLT': 0.25, 'IEF': 0.2, 'GLD': 0.15, 'SHY': 0.1}",0.0
1776384000000,2026-04-17,611212.4743661482,"{'SPY': 0.2, 'QQQ': 0.1, 'TLT': 0.25, 'IEF': 0.2, 'GLD': 0.15, 'SHY': 0.1}",0.0
1776643200000,2026-04-20,609805.1431128898,"{'SPY': 0.2, 'QQQ': 0.1, 'TLT': 0.25, 'IEF': 0.2, 'GLD': 0.15, 'SHY': 0.1}",0.0
1776729600000,2026-04-21,604720.581421403,"{'SPY': 0.2, 'QQQ': 0.1, 'TLT': 0.25, 'IEF': 0.2, 'GLD': 0.15, 'SHY': 0.1}",0.0
1776816000000,2026-04-22,608611.5158122277,"{'SPY': 0.2, 'QQQ': 0.1, 'TLT': 0.25, 'IEF': 0.2, 'GLD': 0.15, 'SHY': 0.1}",0.0
1776902400000,2026-04-23,606357.3304518308,"{'SPY': 0.2, 'QQQ': 0.1, 'TLT': 0.25, 'IEF': 0.2, 'GLD': 0.15, 'SHY': 0.1}",0.0
1776988800000,2026-04-24,609511.2317642819,"{'SPY': 0.2, 'QQQ': 0.1, 'TLT': 0.25, 'IEF': 0.2, 'GLD': 0.15, 'SHY': 0.1}",0.0
1777248000000,2026-04-27,607993.274696056,"{'SPY': 0.2, 'QQQ': 0.1, 'TLT': 0.25, 'IEF': 0.2, 'GLD': 0.15, 'SHY': 0.1}",0.0
1777334400000,2026-04-28,605104.1549467755,"{'SPY': 0.2, 'QQQ': 0.1, 'TLT': 0.25, 'IEF': 0.2, 'GLD': 0.15, 'SHY': 0.1}",0.0
1777420800000,2026-04-29,602661.3636657326,"{'SPY': 0.2, 'QQQ': 0.1, 'TLT': 0.25, 'IEF': 0.2, 'GLD': 0.15, 'SHY': 0.1}",0.0
1777507200000,2026-04-30,605930.3055480585,"{'SPY': 0.2, 'QQQ': 0.1, 'TLT': 0.25, 'IEF': 0.2, 'GLD': 0.15, 'SHY': 0.1}",0.0
1777593600000,2026-05-01,607387.9457763626,"{'SPY': 0.2, 'QQQ': 0.1, 'TLT': 0.25, 'IEF': 0.2, 'GLD': 0.15, 'SHY': 0.1}",0.0
1777852800000,2026-05-04,603329.406988715,"{'SPY': 0.2, 'QQQ': 0.1, 'TLT': 0.25, 'IEF': 0.2, 'GLD': 0.15, 'SHY': 0.1}",0.0
1777939200000,2026-05-05,606899.8190970256,"{'SPY': 0.2, 'QQQ': 0.1, 'TLT': 0.25, 'IEF': 0.2, 'GLD': 0.15, 'SHY': 0.1}",0.0
1778025600000,2026-05-06,614448.7888286618,"{'SPY': 0.2, 'QQQ': 0.1, 'TLT': 0.25, 'IEF': 0.2, 'GLD': 0.15, 'SHY': 0.1}",0.0
1778112000000,2026-05-07,612957.9398044465,"{'SPY': 0.2, 'QQQ': 0.1, 'TLT': 0.25, 'IEF': 0.2, 'GLD': 0.15, 'SHY': 0.1}",0.0
1778198400000,2026-05-08,616997.1398160849,"{'SPY': 0.2, 'QQQ': 0.1, 'TLT': 0.25, 'IEF': 0.2, 'GLD': 0.15, 'SHY': 0.1}",0.0
1778457600000,2026-05-11,616237.0387560474,"{'SPY': 0.2, 'QQQ': 0.1, 'TLT': 0.25, 'IEF': 0.2, 'GLD': 0.15, 'SHY': 0.1}",0.0
1778544000000,2026-05-12,613673.8200958903,"{'SPY': 0.2, 'QQQ': 0.1, 'TLT': 0.25, 'IEF': 0.2, 'GLD': 0.15, 'SHY': 0.1}",0.0
1778630400000,2026-05-13,614171.4553657242,"{'SPY': 0.2, 'QQQ': 0.1, 'TLT': 0.25, 'IEF': 0.2, 'GLD': 0.15, 'SHY': 0.1}",0.0
1778716800000,2026-05-14,614990.3285068611,"{'SPY': 0.2, 'QQQ': 0.1, 'TLT': 0.25, 'IEF': 0.2, 'GLD': 0.15, 'SHY': 0.1}",0.0
1778803200000,2026-05-15,607106.0860955999,"{'SPY': 0.2, 'QQQ': 0.1, 'TLT': 0.25, 'IEF': 0.2, 'GLD': 0.15, 'SHY': 0.1}",0.0
1779062400000,2026-05-18,606804.4769999912,"{'SPY': 0.2, 'QQQ': 0.1, 'TLT': 0.25, 'IEF': 0.2, 'GLD': 0.15, 'SHY': 0.1}",0.0
1779148800000,2026-05-19,602622.5746719667,"{'SPY': 0.2, 'QQQ': 0.1, 'TLT': 0.25, 'IEF': 0.2, 'GLD': 0.15, 'SHY': 0.1}",0.0
1779235200000,2026-05-20,608663.4254877795,"{'SPY': 0.2, 'QQQ': 0.1, 'TLT': 0.25, 'IEF': 0.2, 'GLD': 0.15, 'SHY': 0.1}",0.0
1779321600000,2026-05-21,609563.8828647726,"{'SPY': 0.2, 'QQQ': 0.1, 'TLT': 0.25, 'IEF': 0.2, 'GLD': 0.15, 'SHY': 0.1}",0.0
1779408000000,2026-05-22,610528.0673222032,"{'SPY': 0.2, 'QQQ': 0.1, 'TLT': 0.25, 'IEF': 0.2, 'GLD': 0.15, 'SHY': 0.1}",0.0
1779753600000,2026-05-26,613806.7170589548,"{'SPY': 0.2, 'QQQ': 0.1, 'TLT': 0.25, 'IEF': 0.2, 'GLD': 0.15, 'SHY': 0.1}",0.0
1779840000000,2026-05-27,612910.5032987498,"{'SPY': 0.2, 'QQQ': 0.1, 'TLT': 0.25, 'IEF': 0.2, 'GLD': 0.15, 'SHY': 0.1}",0.0
1779926400000,2026-05-28,616172.8705301657,"{'SPY': 0.2, 'QQQ': 0.1, 'TLT': 0.25, 'IEF': 0.2, 'GLD': 0.15, 'SHY': 0.1}",0.0
1780012800000,2026-05-29,617890.2322551796,"{'SPY': 0.2, 'QQQ': 0.1, 'TLT': 0.25, 'IEF': 0.2, 'GLD': 0.15, 'SHY': 0.1}",0.0
1780272000000,2026-06-01,617129.6689944142,"{'SPY': 0.2, 'QQQ': 0.1, 'TLT': 0.25, 'IEF': 0.2, 'GLD': 0.15, 'SHY': 0.1}",0.0
1780358400000,2026-06-02,618153.4078581379,"{'SPY': 0.2, 'QQQ': 0.1, 'TLT': 0.25, 'IEF': 0.2, 'GLD': 0.15, 'SHY': 0.1}",0.0
1780444800000,2026-06-03,615247.5202906168,"{'SPY': 0.2, 'QQQ': 0.1, 'TLT': 0.25, 'IEF': 0.2, 'GLD': 0.15, 'SHY': 0.1}",0.0
1780531200000,2026-06-04,616728.860207108,"{'SPY': 0.2, 'QQQ': 0.1, 'TLT': 0.25, 'IEF': 0.2, 'GLD': 0.15, 'SHY': 0.1}",0.0
1780617600000,2026-06-05,605627.7130651418,"{'SPY': 0.2, 'QQQ': 0.1, 'TLT': 0.25, 'IEF': 0.2, 'GLD': 0.15, 'SHY': 0.1}",0.0
1780876800000,2026-06-08,606200.8574778837,"{'SPY': 0.2, 'QQQ': 0.1, 'TLT': 0.25, 'IEF': 0.2, 'GLD': 0.15, 'SHY': 0.1}",0.0
